
RevBayes version (1.1.0)
Build from dev_mrm (rapture-477-g991966) on Thu Feb 15 15:42:16 EST 2024

Visit the website www.RevBayes.com for more information about RevBayes.

RevBayes is free software released under the GPL license, version 3. Type 'license()' for details.

To quit RevBayes type 'quit()' or 'q()'.


> source("scripts/polyp/polyp_chromosse_modelspec_tb_1.rev")
   Processing file "scripts/polyp/polyp_chromosse_modelspec_tb_1.rev"
   Attempting to read the contents of file "polypodiineae_csomepruned.tree"
   Successfully read file
   Processing file "scripts/chromosse_tp_mrm_tb.rev"
Ana rates matrix
Clado rates matrix
   Warning: simulating tree under uniform model.
   Warning: simulating tree under uniform model.
GLHBDSP
clamp tree
clamp character data
   -5245.216
lnProbability calculated
my_model
monitoring stochastic character map
monitors set
initiating mcmc
Intializing from checkpoint
   Appending to previous MCMC simulation of 9000 iterations
   This simulation runs 1 independent replicate.
   The simulator uses 8 different moves in a random move schedule with 14 moves per iteration

Iter        |      Posterior   |     Likelihood   |          Prior   |    elapsed   |        ETA   |
----------------------------------------------------------------------------------------------------
9001        |        -5248.7   |       -5248.73   |      0.0307691   |   00:01:03   |   00:00:20   |
9002        |       -5248.62   |       -5248.24   |      -0.387333   |   00:02:05   |   00:00:41   |
9003        |       -5248.62   |       -5248.24   |      -0.387333   |   00:03:10   |   00:01:03   |
9004        |       -5248.62   |       -5248.24   |      -0.387333   |   00:04:26   |   00:01:28   |
9005        |       -5248.49   |        -5248.1   |      -0.394072   |   00:05:39   |   00:01:52   |
9006        |       -5249.02   |        -5250.3   |        1.27967   |   00:06:54   |   00:02:17   |
9007        |       -5244.73   |       -5246.05   |        1.31828   |   00:08:08   |   00:02:42   |
9008        |       -5242.37   |       -5244.62   |        2.24859   |   00:09:24   |   00:03:07   |
9009        |       -5244.58   |       -5246.73   |        2.15296   |   00:10:35   |   00:03:30   |
9010        |       -5245.08   |       -5248.04   |        2.96205   |   00:11:51   |   00:03:55   |
9011        |          -5246   |       -5249.15   |        3.15095   |   00:14:57   |   00:04:57   |
9012        |       -5246.41   |       -5249.56   |        3.14942   |   00:16:12   |   00:05:22   |
9013        |        -5247.8   |        -5248.5   |       0.694454   |   00:17:21   |   00:05:44   |
9014        |       -5250.89   |       -5251.56   |       0.664588   |   00:18:33   |   00:06:08   |
9015        |       -5251.64   |       -5251.86   |       0.220497   |   00:19:45   |   00:06:32   |
9016        |       -5249.69   |       -5251.23   |        1.53511   |   00:20:58   |   00:06:56   |
9017        |       -5249.69   |       -5251.23   |        1.53511   |   00:22:06   |   00:07:18   |
9018        |       -5249.22   |       -5251.46   |        2.23563   |   00:23:19   |   00:07:42   |
9019        |       -5246.58   |       -5248.45   |        1.87579   |   00:24:30   |   00:08:05   |


Iter        |      Posterior   |     Likelihood   |          Prior   |    elapsed   |        ETA   |
----------------------------------------------------------------------------------------------------
9020        |       -5246.47   |       -5249.29   |        2.82215   |   00:25:43   |   00:08:29   |
9021        |       -5245.34   |       -5247.68   |        2.33529   |   00:28:40   |   00:09:27   |
9022        |       -5245.34   |       -5247.68   |        2.33529   |   00:29:52   |   00:09:51   |
9023        |       -5244.78   |       -5247.11   |        2.33724   |   00:31:03   |   00:10:14   |
9024        |       -5245.62   |       -5247.97   |         2.3435   |   00:32:16   |   00:10:38   |
9025        |       -5249.69   |       -5252.06   |         2.3686   |   00:33:24   |   00:11:00   |
9026        |       -5245.41   |       -5247.62   |         2.2041   |   00:34:37   |   00:11:24   |
9027        |       -5247.76   |          -5248   |       0.241139   |   00:35:49   |   00:11:47   |
9028        |       -5246.61   |       -5246.84   |       0.233681   |   00:37:03   |   00:12:11   |
9029        |       -5246.61   |       -5246.84   |       0.233681   |   00:38:11   |   00:12:33   |
9030        |       -5246.61   |       -5246.84   |       0.233681   |   00:39:24   |   00:12:57   |
9031        |       -5247.64   |        -5247.9   |       0.255961   |   00:42:26   |   00:13:57   |
9032        |       -5246.58   |       -5246.83   |       0.253779   |   00:43:28   |   00:14:17   |
9033        |       -5246.53   |        -5246.8   |       0.273323   |   00:44:29   |   00:14:36   |
9034        |       -5245.54   |       -5245.82   |       0.278896   |   00:45:32   |   00:14:56   |
9035        |       -5244.79   |       -5247.17   |        2.38475   |   00:46:34   |   00:15:16   |
9036        |       -5244.79   |       -5247.17   |        2.38475   |   00:47:36   |   00:15:36   |
9037        |       -5244.23   |       -5246.72   |        2.49234   |   00:48:39   |   00:15:57   |
9038        |       -5245.85   |       -5248.35   |        2.50075   |   00:49:40   |   00:16:16   |
9039        |       -5249.62   |       -5251.89   |        2.27465   |   00:50:42   |   00:16:36   |


Iter        |      Posterior   |     Likelihood   |          Prior   |    elapsed   |        ETA   |
----------------------------------------------------------------------------------------------------
9040        |       -5248.27   |       -5250.54   |        2.26788   |   00:51:44   |   00:16:56   |
9041        |       -5244.36   |       -5246.77   |        2.41621   |   00:54:35   |   00:17:51   |
9042        |       -5244.36   |       -5246.77   |        2.41621   |   00:55:36   |   00:18:11   |
9043        |        -5243.5   |       -5245.92   |        2.41763   |   00:56:38   |   00:18:31   |
9044        |       -5244.08   |       -5246.44   |        2.35668   |   00:57:39   |   00:18:50   |
9045        |       -5246.44   |       -5249.54   |        3.09585   |   00:58:41   |   00:19:10   |
9046        |       -5244.82   |       -5247.92   |        3.09641   |   00:59:42   |   00:19:29   |
9047        |       -5246.85   |       -5249.94   |        3.08218   |   01:00:43   |   00:19:49   |
9048        |       -5244.68   |       -5247.62   |        2.93464   |   01:01:44   |   00:20:08   |
9049        |       -5244.68   |       -5247.62   |        2.93464   |   01:02:45   |   00:20:27   |
9050        |       -5244.93   |       -5247.94   |        3.01366   |   01:03:45   |   00:20:46   |
9051        |        -5247.3   |       -5250.28   |        2.97625   |   01:06:37   |   00:21:42   |
9052        |       -5246.07   |        -5248.6   |        2.53477   |   01:07:38   |   00:22:01   |
9053        |       -5245.36   |       -5247.29   |        1.93516   |   01:08:39   |   00:22:20   |
9054        |       -5243.39   |       -5245.33   |        1.94184   |   01:09:40   |   00:22:40   |
9055        |       -5243.34   |       -5245.28   |        1.94236   |   01:10:41   |   00:22:59   |
9056        |       -5243.23   |       -5245.89   |        2.66303   |   01:11:42   |   00:23:18   |
9057        |       -5243.23   |       -5245.89   |        2.66303   |   01:12:44   |   00:23:38   |
9058        |        -5242.7   |       -5245.31   |        2.61248   |   01:13:46   |   00:23:57   |
9059        |       -5244.25   |       -5246.86   |        2.61246   |   01:14:47   |   00:24:16   |


Iter        |      Posterior   |     Likelihood   |          Prior   |    elapsed   |        ETA   |
----------------------------------------------------------------------------------------------------
9060        |       -5244.25   |       -5246.86   |        2.61246   |   01:15:48   |   00:24:35   |
9061        |       -5242.99   |       -5245.62   |        2.62994   |   01:18:40   |   00:25:30   |
9062        |       -5244.25   |       -5246.96   |        2.70911   |   01:19:41   |   00:25:50   |
9063        |       -5242.14   |       -5244.96   |        2.82357   |   01:20:42   |   00:26:09   |
9064        |       -5242.01   |       -5244.61   |        2.59805   |   01:21:43   |   00:26:28   |
9065        |       -5242.74   |       -5245.33   |        2.59514   |   01:22:44   |   00:26:47   |
9066        |       -5242.99   |       -5245.59   |         2.5932   |   01:23:46   |   00:27:06   |
9067        |       -5243.23   |       -5244.29   |        1.06358   |   01:24:47   |   00:27:25   |
9068        |        -5244.7   |       -5245.76   |        1.06093   |   01:25:48   |   00:27:44   |
9069        |       -5245.72   |       -5246.77   |        1.05585   |   01:26:49   |   00:28:03   |
9070        |       -5246.11   |       -5248.16   |        2.04586   |   01:27:51   |   00:28:22   |
9071        |       -5246.58   |        -5248.8   |        2.22084   |   01:30:44   |   00:29:17   |
9072        |       -5245.31   |       -5247.54   |        2.22822   |   01:31:45   |   00:29:36   |
9073        |       -5246.68   |       -5248.82   |        2.13908   |   01:32:46   |   00:29:55   |
9074        |        -5247.7   |        -5249.1   |        1.40911   |   01:33:47   |   00:30:14   |
9075        |       -5248.03   |       -5249.44   |        1.40719   |   01:34:49   |   00:30:33   |
9076        |       -5245.74   |       -5247.15   |        1.41386   |   01:35:52   |   00:30:53   |
9077        |       -5246.69   |       -5248.27   |        1.57848   |   01:36:54   |   00:31:12   |
9078        |       -5250.14   |       -5250.84   |       0.700542   |   01:37:56   |   00:31:31   |
9079        |       -5249.57   |       -5250.25   |       0.681395   |   01:38:58   |   00:31:50   |


Iter        |      Posterior   |     Likelihood   |          Prior   |    elapsed   |        ETA   |
----------------------------------------------------------------------------------------------------
9080        |       -5248.71   |       -5249.39   |       0.683468   |   01:40:00   |   00:32:09   |
9081        |       -5245.25   |       -5246.82   |        1.57183   |   01:42:53   |   00:33:04   |
9082        |       -5245.25   |       -5246.82   |        1.57183   |   01:43:54   |   00:33:22   |
9083        |       -5245.58   |       -5248.74   |        3.16003   |   01:44:55   |   00:33:41   |
9084        |       -5245.58   |       -5248.74   |        3.16003   |   01:45:57   |   00:34:00   |
9085        |       -5245.44   |        -5248.2   |        2.75609   |   01:46:59   |   00:34:19   |
9086        |       -5243.83   |       -5246.57   |        2.73974   |   01:48:00   |   00:34:38   |
9087        |        -5243.5   |       -5246.27   |        2.76669   |   01:49:01   |   00:34:56   |
9088        |       -5243.81   |       -5246.58   |         2.7724   |   01:50:02   |   00:35:15   |
9089        |        -5243.8   |       -5246.57   |        2.77526   |   01:51:03   |   00:35:34   |
9090        |       -5243.97   |       -5246.75   |        2.77985   |   01:52:04   |   00:35:52   |
9091        |       -5245.38   |       -5248.08   |        2.69662   |   01:54:55   |   00:36:46   |
9092        |       -5245.83   |       -5248.52   |        2.69557   |   01:55:55   |   00:37:04   |
9093        |       -5247.65   |       -5250.35   |        2.69875   |   01:56:56   |   00:37:22   |
9094        |       -5247.64   |       -5250.34   |        2.70182   |   01:57:57   |   00:37:41   |
9095        |       -5247.19   |       -5250.08   |        2.88803   |   01:58:58   |   00:37:59   |
9096        |       -5247.14   |       -5250.02   |        2.87639   |   01:59:59   |   00:38:18   |
9097        |       -5246.89   |       -5249.71   |        2.81941   |   02:01:00   |   00:38:36   |
9098        |       -5246.93   |       -5249.56   |        2.62898   |   02:02:01   |   00:38:55   |
9099        |       -5247.07   |       -5249.71   |        2.63465   |   02:03:02   |   00:39:13   |


Iter        |      Posterior   |     Likelihood   |          Prior   |    elapsed   |        ETA   |
----------------------------------------------------------------------------------------------------
9100        |       -5248.49   |       -5251.42   |        2.93263   |   02:04:03   |   00:39:31   |
9101        |       -5249.41   |       -5252.34   |        2.92859   |   02:06:54   |   00:40:25   |
9102        |       -5247.78   |       -5250.71   |        2.92769   |   02:07:55   |   00:40:43   |
9103        |       -5246.53   |       -5250.08   |        3.55373   |   02:08:55   |   00:41:01   |
9104        |       -5245.45   |       -5249.01   |        3.55916   |   02:09:56   |   00:41:19   |
9105        |       -5245.45   |       -5249.01   |        3.55916   |   02:10:57   |   00:41:38   |
9106        |       -5245.45   |       -5249.01   |        3.55916   |   02:11:58   |   00:41:56   |
9107        |       -5243.78   |       -5247.24   |        3.46171   |   02:12:59   |   00:42:14   |
9108        |       -5243.76   |       -5247.63   |        3.86487   |   02:14:00   |   00:42:32   |
9109        |       -5245.03   |       -5247.08   |        2.04739   |   02:15:01   |   00:42:51   |
9110        |       -5245.58   |       -5248.37   |        2.78819   |   02:16:02   |   00:43:09   |
9111        |       -5243.72   |       -5246.53   |        2.81212   |   02:18:53   |   00:44:02   |
9112        |        -5246.6   |       -5248.05   |        1.44894   |   02:19:53   |   00:44:20   |
9113        |        -5246.4   |       -5248.89   |         2.4876   |   02:20:54   |   00:44:38   |
9114        |       -5244.48   |       -5247.11   |        2.63078   |   02:21:55   |   00:44:56   |
9115        |       -5244.26   |       -5246.88   |        2.61548   |   02:22:56   |   00:45:14   |
9116        |        -5246.2   |       -5250.31   |        4.10649   |   02:23:57   |   00:45:32   |
9117        |       -5244.86   |       -5246.92   |        2.05104   |   02:24:58   |   00:45:50   |
9118        |       -5248.01   |       -5250.31   |        2.29431   |   02:25:58   |   00:46:08   |
9119        |       -5246.28   |       -5248.59   |        2.30438   |   02:27:00   |   00:46:26   |


Iter        |      Posterior   |     Likelihood   |          Prior   |    elapsed   |        ETA   |
----------------------------------------------------------------------------------------------------
9120        |       -5246.28   |       -5248.53   |        2.24784   |   02:28:01   |   00:46:44   |
9121        |       -5247.68   |       -5249.97   |        2.28939   |   02:30:51   |   00:47:36   |
9122        |       -5246.55   |       -5248.84   |        2.29838   |   02:31:52   |   00:47:54   |
9123        |        -5245.7   |          -5248   |        2.30206   |   02:32:53   |   00:48:12   |
9124        |       -5246.41   |       -5248.71   |        2.29338   |   02:33:54   |   00:48:30   |
9125        |       -5247.07   |       -5250.93   |        3.85735   |   02:34:55   |   00:48:48   |
9126        |       -5246.14   |       -5249.62   |        3.47618   |   02:35:56   |   00:49:06   |
9127        |       -5246.59   |       -5250.05   |        3.45826   |   02:36:57   |   00:49:24   |
9128        |       -5248.98   |       -5251.78   |        2.79596   |   02:37:57   |   00:49:41   |
9129        |       -5246.62   |       -5249.41   |        2.79259   |   02:38:58   |   00:49:59   |
9130        |       -5246.58   |       -5249.37   |        2.79477   |   02:39:59   |   00:50:17   |
9131        |       -5246.32   |       -5249.11   |        2.79375   |   02:42:50   |   00:51:09   |
9132        |       -5245.17   |       -5247.98   |        2.80002   |   02:43:50   |   00:51:27   |
9133        |       -5247.03   |       -5249.82   |        2.79483   |   02:44:51   |   00:51:44   |
9134        |       -5245.14   |       -5247.94   |        2.79776   |   02:45:52   |   00:52:02   |
9135        |       -5244.66   |       -5247.36   |        2.70224   |   02:46:53   |   00:52:20   |
9136        |       -5245.97   |       -5248.62   |        2.65307   |   02:47:54   |   00:52:38   |
9137        |       -5247.58   |       -5250.22   |        2.64526   |   02:48:55   |   00:52:55   |
9138        |       -5247.29   |       -5249.93   |          2.636   |   02:49:56   |   00:53:13   |
9139        |       -5247.29   |       -5249.93   |          2.636   |   02:50:57   |   00:53:30   |


Iter        |      Posterior   |     Likelihood   |          Prior   |    elapsed   |        ETA   |
----------------------------------------------------------------------------------------------------
9140        |       -5246.71   |       -5248.54   |         1.8321   |   02:51:58   |   00:53:48   |
9141        |       -5246.65   |       -5248.49   |         1.8352   |   02:54:49   |   00:54:40   |
9142        |       -5246.57   |       -5248.41   |        1.84304   |   02:55:49   |   00:54:57   |
9143        |       -5248.37   |       -5250.13   |        1.75467   |   02:56:50   |   00:55:15   |
9144        |       -5249.66   |       -5251.44   |        1.77619   |   02:57:51   |   00:55:32   |
9145        |       -5247.46   |       -5249.25   |        1.78921   |   02:58:52   |   00:55:50   |
9146        |       -5247.17   |       -5248.96   |         1.7872   |   02:59:53   |   00:56:07   |
9147        |       -5246.91   |        -5248.7   |        1.78588   |   03:00:54   |   00:56:25   |
9148        |       -5252.18   |       -5254.03   |        1.84848   |   03:01:55   |   00:56:42   |
9149        |       -5248.16   |       -5250.03   |        1.86916   |   03:02:56   |   00:57:00   |
9150        |       -5246.16   |       -5249.48   |        3.31996   |   03:03:57   |   00:57:17   |
9151        |       -5245.49   |        -5248.8   |        3.31283   |   03:06:47   |   00:58:09   |
9152        |       -5246.29   |        -5249.6   |        3.30968   |   03:07:48   |   00:58:26   |
9153        |       -5247.09   |       -5250.41   |        3.31959   |   03:08:49   |   00:58:43   |
9154        |       -5247.26   |       -5250.58   |        3.31909   |   03:09:50   |   00:59:01   |
9155        |       -5248.36   |       -5251.65   |        3.29068   |   03:10:51   |   00:59:18   |
9156        |       -5247.44   |       -5250.73   |        3.29213   |   03:11:51   |   00:59:35   |
9157        |       -5249.39   |       -5252.56   |        3.17307   |   03:12:52   |   00:59:52   |
9158        |       -5248.66   |       -5251.83   |        3.16428   |   03:13:53   |   01:00:10   |
9159        |       -5250.68   |       -5253.83   |        3.14793   |   03:14:54   |   01:00:27   |


Iter        |      Posterior   |     Likelihood   |          Prior   |    elapsed   |        ETA   |
----------------------------------------------------------------------------------------------------
9160        |       -5253.18   |       -5256.32   |        3.14113   |   03:15:55   |   01:00:44   |
9161        |       -5251.91   |       -5255.07   |        3.16708   |   03:18:46   |   01:01:35   |
9162        |          -5249   |       -5252.19   |        3.19503   |   03:19:47   |   01:01:53   |
9163        |       -5246.29   |       -5248.26   |        1.96218   |   03:20:48   |   01:02:10   |
9164        |       -5248.31   |       -5250.54   |        2.23627   |   03:21:49   |   01:02:27   |
9165        |       -5249.78   |       -5250.87   |        1.09134   |   03:22:49   |   01:02:44   |
9166        |       -5248.67   |       -5249.74   |        1.07113   |   03:23:50   |   01:03:01   |
9167        |       -5245.05   |       -5246.49   |        1.43814   |   03:24:51   |   01:03:18   |
9168        |       -5248.77   |       -5250.22   |        1.45001   |   03:25:52   |   01:03:35   |
9169        |       -5245.61   |       -5247.11   |        1.50121   |   03:26:53   |   01:03:52   |
9170        |        -5244.8   |       -5245.87   |        1.07084   |   03:27:54   |   01:04:09   |
9171        |       -5243.97   |       -5244.75   |       0.777651   |   03:30:44   |   01:05:00   |
9172        |       -5244.53   |       -5245.31   |       0.774248   |   03:31:45   |   01:05:17   |
9173        |       -5245.64   |       -5246.41   |       0.771134   |   03:32:46   |   01:05:34   |
9174        |       -5245.12   |       -5245.88   |       0.757942   |   03:33:47   |   01:05:51   |
9175        |       -5244.12   |       -5242.53   |       -1.58705   |   03:34:48   |   01:06:08   |
9176        |       -5244.27   |       -5242.69   |        -1.5863   |   03:35:48   |   01:06:24   |
9177        |       -5244.51   |       -5243.45   |         -1.055   |   03:36:49   |   01:06:41   |
9178        |       -5244.06   |       -5243.01   |       -1.04408   |   03:37:50   |   01:06:58   |
9179        |        -5244.6   |       -5245.05   |       0.447926   |   03:38:51   |   01:07:15   |


Iter        |      Posterior   |     Likelihood   |          Prior   |    elapsed   |        ETA   |
----------------------------------------------------------------------------------------------------
9180        |       -5245.44   |       -5245.88   |       0.442888   |   03:39:52   |   01:07:32   |
9181        |       -5248.86   |       -5249.29   |       0.431098   |   03:42:43   |   01:08:23   |
9182        |       -5246.89   |       -5247.23   |       0.343176   |   03:43:44   |   01:08:39   |
9183        |       -5247.02   |       -5247.43   |       0.408084   |   03:44:45   |   01:08:56   |
9184        |       -5244.62   |       -5245.15   |       0.522194   |   03:45:46   |   01:09:13   |
9185        |       -5246.99   |       -5247.51   |        0.51194   |   03:46:47   |   01:09:30   |
9186        |       -5246.99   |       -5247.51   |        0.51194   |   03:47:48   |   01:09:46   |
9187        |       -5247.18   |       -5247.67   |       0.490971   |   03:48:49   |   01:10:03   |
9188        |       -5247.34   |       -5247.84   |       0.491234   |   03:49:50   |   01:10:20   |
9189        |       -5247.71   |        -5248.2   |       0.490144   |   03:50:51   |   01:10:37   |
9190        |       -5243.78   |       -5244.69   |       0.912676   |   03:51:52   |   01:10:53   |
9191        |       -5244.86   |       -5245.77   |       0.906963   |   03:54:42   |   01:11:43   |
9192        |       -5244.05   |       -5245.73   |        1.67836   |   03:55:43   |   01:12:00   |
9193        |       -5246.29   |       -5248.23   |        1.94182   |   03:56:44   |   01:12:17   |
9194        |       -5248.63   |       -5250.47   |        1.83989   |   03:57:45   |   01:12:33   |
9195        |       -5250.13   |       -5251.98   |        1.84769   |   03:58:46   |   01:12:50   |
9196        |       -5251.31   |       -5253.16   |        1.84769   |   03:59:46   |   01:13:06   |
9197        |       -5246.07   |       -5247.93   |        1.86131   |   04:00:47   |   01:13:23   |
9198        |       -5246.91   |       -5248.84   |        1.93128   |   04:01:48   |   01:13:39   |
9199        |       -5246.91   |       -5248.84   |        1.93128   |   04:02:49   |   01:13:56   |


Iter        |      Posterior   |     Likelihood   |          Prior   |    elapsed   |        ETA   |
----------------------------------------------------------------------------------------------------
9200        |       -5245.35   |       -5248.05   |        2.69798   |   04:03:50   |   01:14:12   |
9201        |        -5245.3   |          -5248   |        2.70015   |   04:06:40   |   01:15:02   |
9202        |       -5244.44   |       -5245.48   |        1.03397   |   04:07:41   |   01:15:18   |
9203        |       -5243.59   |       -5243.81   |       0.228879   |   04:08:42   |   01:15:35   |
9204        |       -5244.82   |       -5244.92   |      0.0987907   |   04:09:43   |   01:15:51   |
9205        |       -5245.38   |       -5245.48   |      0.0945505   |   04:10:44   |   01:16:07   |
9206        |       -5246.25   |       -5246.34   |      0.0836362   |   04:11:45   |   01:16:24   |
9207        |       -5247.06   |       -5246.51   |      -0.551903   |   04:12:46   |   01:16:40   |
9208        |       -5247.06   |       -5246.51   |      -0.551903   |   04:13:48   |   01:16:57   |
9209        |       -5244.02   |       -5243.48   |      -0.538475   |   04:14:49   |   01:17:13   |
9210        |       -5244.27   |       -5243.55   |      -0.725191   |   04:15:50   |   01:17:30   |
9211        |       -5244.23   |       -5245.72   |        1.48865   |   04:18:40   |   01:18:19   |
9212        |        -5244.9   |       -5246.66   |        1.75987   |   04:19:42   |   01:18:35   |
9213        |        -5246.1   |       -5248.88   |        2.77845   |   04:20:43   |   01:18:52   |
9214        |       -5245.56   |       -5248.34   |        2.78406   |   04:21:44   |   01:19:08   |
9215        |       -5245.77   |       -5248.54   |        2.76505   |   04:22:44   |   01:19:24   |
9216        |       -5246.04   |       -5248.67   |        2.62698   |   04:23:45   |   01:19:40   |
9217        |       -5244.72   |       -5247.37   |        2.65343   |   04:24:46   |   01:19:56   |
9218        |       -5248.61   |       -5251.24   |        2.63019   |   04:25:47   |   01:20:12   |
9219        |       -5249.93   |       -5251.52   |        1.58789   |   04:26:48   |   01:20:28   |


Iter        |      Posterior   |     Likelihood   |          Prior   |    elapsed   |        ETA   |
----------------------------------------------------------------------------------------------------
9220        |        -5250.8   |       -5252.12   |        1.32331   |   04:27:49   |   01:20:45   |
9221        |       -5250.53   |       -5251.86   |        1.32363   |   04:30:40   |   01:21:34   |
9222        |       -5246.48   |       -5247.27   |       0.785306   |   04:31:41   |   01:21:50   |
9223        |       -5249.21   |       -5248.17   |       -1.03557   |   04:32:42   |   01:22:06   |
9224        |       -5249.27   |       -5248.12   |       -1.14778   |   04:33:43   |   01:22:22   |
9225        |       -5247.61   |       -5247.31   |      -0.303399   |   04:34:44   |   01:22:38   |
9226        |       -5248.61   |       -5247.92   |      -0.685754   |   04:35:45   |   01:22:54   |
9227        |       -5249.45   |       -5248.76   |      -0.691184   |   04:36:46   |   01:23:10   |
9228        |       -5247.52   |       -5249.17   |         1.6485   |   04:37:47   |   01:23:26   |
9229        |       -5250.27   |       -5251.88   |        1.60993   |   04:38:48   |   01:23:42   |
9230        |       -5246.42   |       -5247.67   |        1.25395   |   04:39:49   |   01:23:58   |
9231        |       -5247.97   |       -5249.23   |        1.25426   |   04:42:39   |   01:24:47   |
9232        |          -5247   |       -5248.26   |         1.2544   |   04:43:40   |   01:25:03   |
9233        |       -5247.62   |       -5248.91   |        1.29572   |   04:44:41   |   01:25:18   |
9234        |       -5246.69   |       -5247.99   |        1.29719   |   04:45:43   |   01:25:35   |
9235        |       -5245.66   |       -5246.96   |        1.30103   |   04:46:44   |   01:25:50   |
9236        |       -5246.26   |       -5248.69   |        2.42949   |   04:47:45   |   01:26:06   |
9237        |       -5246.25   |       -5248.68   |        2.42953   |   04:48:46   |   01:26:22   |
9238        |       -5243.69   |       -5246.14   |        2.45704   |   04:49:47   |   01:26:38   |
9239        |       -5247.27   |       -5249.72   |        2.45117   |   04:50:48   |   01:26:54   |


Iter        |      Posterior   |     Likelihood   |          Prior   |    elapsed   |        ETA   |
----------------------------------------------------------------------------------------------------
9240        |       -5243.86   |       -5246.22   |         2.3662   |   04:51:49   |   01:27:09   |
9241        |       -5245.66   |       -5248.03   |        2.37388   |   04:54:42   |   01:27:59   |
9242        |       -5245.93   |       -5248.44   |        2.50375   |   04:55:45   |   01:28:15   |
9243        |       -5247.61   |       -5250.11   |         2.5059   |   04:56:47   |   01:28:31   |
9244        |       -5246.47   |       -5249.02   |        2.55083   |   04:57:48   |   01:28:47   |
9245        |       -5247.89   |       -5250.45   |        2.55597   |   04:58:49   |   01:29:02   |
9246        |       -5249.95   |       -5251.15   |        1.20782   |   04:59:50   |   01:29:18   |
9247        |       -5248.16   |        -5249.1   |       0.936918   |   05:00:51   |   01:29:34   |
9248        |       -5248.16   |       -5249.11   |       0.947501   |   05:01:52   |   01:29:49   |
9249        |       -5245.92   |       -5247.23   |        1.30851   |   05:02:53   |   01:30:05   |
9250        |       -5246.51   |       -5247.82   |        1.31528   |   05:03:54   |   01:30:20   |
9251        |       -5246.48   |        -5247.8   |         1.3164   |   05:06:44   |   01:31:08   |
9252        |       -5246.62   |       -5247.94   |        1.31625   |   05:07:45   |   01:31:24   |
9253        |       -5245.88   |       -5247.26   |        1.37615   |   05:08:46   |   01:31:39   |
9254        |       -5245.51   |       -5246.89   |        1.37961   |   05:09:47   |   01:31:55   |
9255        |       -5246.57   |       -5247.11   |        0.54649   |   05:10:48   |   01:32:10   |
9256        |       -5245.52   |       -5246.08   |        0.55345   |   05:11:49   |   01:32:26   |
9257        |       -5247.22   |       -5247.76   |       0.543744   |   05:12:50   |   01:32:41   |
9258        |       -5246.14   |       -5247.99   |        1.84971   |   05:13:51   |   01:32:57   |
9259        |       -5245.96   |       -5248.31   |        2.34968   |   05:14:52   |   01:33:12   |


Iter        |      Posterior   |     Likelihood   |          Prior   |    elapsed   |        ETA   |
----------------------------------------------------------------------------------------------------
9260        |       -5246.03   |       -5248.38   |         2.3496   |   05:15:53   |   01:33:28   |
9261        |       -5246.16   |       -5248.51   |        2.35004   |   05:18:43   |   01:34:15   |
9262        |        -5245.9   |       -5248.25   |         2.3497   |   05:19:44   |   01:34:31   |
9263        |        -5245.9   |       -5248.25   |         2.3497   |   05:20:45   |   01:34:46   |
9264        |       -5246.82   |       -5249.63   |        2.81093   |   05:21:46   |   01:35:01   |
9265        |       -5246.82   |       -5249.63   |        2.81093   |   05:22:47   |   01:35:17   |
9266        |       -5246.82   |       -5249.63   |        2.81093   |   05:23:48   |   01:35:32   |
9267        |       -5249.09   |       -5252.37   |        3.27948   |   05:24:48   |   01:35:47   |
9268        |       -5247.37   |       -5249.73   |        2.35502   |   05:25:49   |   01:36:02   |
9269        |       -5246.73   |       -5249.07   |        2.33758   |   05:26:50   |   01:36:17   |
9270        |        -5245.7   |        -5247.2   |         1.5013   |   05:27:51   |   01:36:33   |
9271        |       -5246.47   |       -5248.59   |        2.12083   |   05:30:42   |   01:37:20   |
9272        |       -5246.99   |       -5249.18   |        2.19073   |   05:31:42   |   01:37:35   |
9273        |       -5246.99   |       -5249.18   |        2.19073   |   05:32:43   |   01:37:50   |
9274        |       -5246.99   |       -5249.18   |        2.19073   |   05:33:44   |   01:38:05   |
9275        |       -5245.44   |       -5247.63   |        2.19475   |   05:34:45   |   01:38:20   |
9276        |       -5245.66   |       -5247.86   |        2.20305   |   05:35:46   |   01:38:36   |
9277        |       -5245.22   |       -5247.35   |        2.12177   |   05:36:47   |   01:38:51   |
9278        |       -5243.95   |       -5246.07   |        2.11889   |   05:37:48   |   01:39:06   |
9279        |       -5245.26   |       -5247.45   |        2.18742   |   05:38:49   |   01:39:21   |


Iter        |      Posterior   |     Likelihood   |          Prior   |    elapsed   |        ETA   |
----------------------------------------------------------------------------------------------------
9280        |       -5245.08   |       -5247.26   |        2.17923   |   05:39:49   |   01:39:36   |
9281        |       -5244.36   |       -5246.53   |        2.17659   |   05:42:40   |   01:40:23   |
9282        |       -5244.45   |       -5246.62   |        2.17659   |   05:43:41   |   01:40:38   |
9283        |       -5244.61   |       -5246.79   |        2.17656   |   05:44:42   |   01:40:53   |
9284        |       -5245.34   |       -5246.88   |        1.53526   |   05:45:43   |   01:41:08   |
9285        |        -5244.3   |       -5245.78   |        1.48051   |   05:46:43   |   01:41:22   |
9286        |       -5245.61   |       -5247.09   |        1.47774   |   05:47:44   |   01:41:37   |
9287        |        -5245.9   |       -5247.34   |        1.43137   |   05:48:45   |   01:41:52   |
9288        |       -5245.68   |       -5247.09   |        1.41733   |   05:49:46   |   01:42:07   |
9289        |       -5244.84   |       -5245.85   |        1.00631   |   05:50:47   |   01:42:22   |
9290        |       -5244.68   |       -5246.11   |        1.43925   |   05:51:48   |   01:42:37   |
9291        |       -5244.39   |       -5245.83   |        1.43938   |   05:54:50   |   01:43:27   |
9292        |       -5249.16   |       -5251.93   |        2.77372   |   05:55:52   |   01:43:42   |
9293        |       -5246.31   |       -5249.09   |        2.78015   |   05:56:53   |   01:43:57   |
9294        |       -5248.26   |       -5251.04   |         2.7791   |   05:57:54   |   01:44:12   |
9295        |       -5248.26   |       -5251.04   |         2.7791   |   05:58:54   |   01:44:26   |
9296        |       -5248.79   |       -5251.57   |        2.78606   |   05:59:55   |   01:44:41   |
9297        |       -5248.54   |       -5251.31   |         2.7688   |   06:00:56   |   01:44:56   |
9298        |        -5244.1   |          -5246   |        1.90055   |   06:01:57   |   01:45:10   |
9299        |       -5244.25   |        -5246.9   |        2.65676   |   06:02:58   |   01:45:25   |


Iter        |      Posterior   |     Likelihood   |          Prior   |    elapsed   |        ETA   |
----------------------------------------------------------------------------------------------------
9300        |       -5244.25   |        -5246.9   |        2.65676   |   06:03:59   |   01:45:40   |
9301        |       -5243.91   |       -5245.48   |        1.56377   |   06:06:48   |   01:46:26   |
9302        |       -5244.07   |       -5243.69   |      -0.374777   |   06:07:49   |   01:46:41   |
9303        |       -5249.11   |       -5251.53   |        2.41794   |   06:08:50   |   01:46:55   |
9304        |       -5247.82   |       -5250.47   |        2.65799   |   06:09:51   |   01:47:10   |
9305        |       -5247.82   |       -5250.47   |        2.65799   |   06:10:52   |   01:47:24   |
9306        |       -5247.82   |       -5250.47   |        2.65799   |   06:11:52   |   01:47:39   |
9307        |       -5245.21   |       -5247.82   |        2.61656   |   06:12:53   |   01:47:53   |
9308        |       -5246.59   |       -5249.28   |        2.68996   |   06:13:54   |   01:48:08   |
9309        |        -5246.3   |       -5248.56   |        2.25381   |   06:14:55   |   01:48:22   |
9310        |       -5246.95   |       -5250.61   |        3.65721   |   06:15:56   |   01:48:37   |
9311        |        -5245.8   |       -5249.99   |        4.19028   |   06:18:46   |   01:49:23   |
9312        |       -5245.44   |       -5249.62   |        4.18064   |   06:19:47   |   01:49:37   |
9313        |       -5243.73   |       -5245.86   |        2.13738   |   06:20:48   |   01:49:52   |
9314        |       -5244.88   |        -5247.1   |        2.22437   |   06:21:49   |   01:50:06   |
9315        |       -5244.79   |       -5246.92   |        2.12596   |   06:22:50   |   01:50:20   |
9316        |       -5244.63   |       -5246.75   |        2.12191   |   06:23:50   |   01:50:35   |
9317        |       -5246.45   |       -5248.47   |        2.01719   |   06:24:51   |   01:50:49   |
9318        |       -5246.43   |       -5248.44   |        2.01727   |   06:25:52   |   01:51:03   |
9319        |       -5246.78   |       -5248.81   |        2.03487   |   06:26:53   |   01:51:18   |


Iter        |      Posterior   |     Likelihood   |          Prior   |    elapsed   |        ETA   |
----------------------------------------------------------------------------------------------------
9320        |       -5250.38   |        -5251.3   |       0.915558   |   06:27:54   |   01:51:32   |
9321        |       -5250.09   |       -5251.01   |       0.925802   |   06:30:44   |   01:52:18   |
9322        |       -5250.39   |       -5253.31   |        2.91612   |   06:31:45   |   01:52:32   |
9323        |       -5248.75   |       -5251.66   |        2.90838   |   06:32:45   |   01:52:46   |
9324        |        -5247.1   |       -5248.58   |        1.47539   |   06:33:46   |   01:53:00   |
9325        |       -5243.44   |       -5245.03   |         1.5888   |   06:34:47   |   01:53:14   |
9326        |       -5248.52   |       -5249.15   |       0.624195   |   06:35:48   |   01:53:29   |
9327        |       -5249.47   |       -5252.37   |        2.90009   |   06:36:49   |   01:53:43   |
9328        |       -5246.51   |       -5247.76   |        1.24863   |   06:37:50   |   01:53:57   |
9329        |       -5243.96   |       -5245.19   |        1.22917   |   06:38:50   |   01:54:11   |
9330        |       -5243.55   |       -5242.43   |       -1.11645   |   06:39:51   |   01:54:25   |
9331        |       -5242.98   |       -5241.86   |       -1.11609   |   06:42:42   |   01:55:11   |
9332        |       -5243.46   |       -5242.34   |       -1.11732   |   06:43:43   |   01:55:25   |
9333        |       -5245.95   |       -5244.72   |       -1.23006   |   06:44:43   |   01:55:39   |
9334        |       -5248.27   |       -5246.95   |          -1.32   |   06:45:44   |   01:55:53   |
9335        |       -5248.27   |       -5246.95   |          -1.32   |   06:46:45   |   01:56:07   |
9336        |       -5248.79   |       -5247.48   |       -1.31705   |   06:47:46   |   01:56:21   |
9337        |       -5246.65   |       -5245.32   |       -1.32663   |   06:48:47   |   01:56:35   |
9338        |       -5246.79   |       -5245.45   |       -1.34051   |   06:49:48   |   01:56:49   |
9339        |       -5243.19   |       -5242.01   |       -1.17335   |   06:50:49   |   01:57:03   |


Iter        |      Posterior   |     Likelihood   |          Prior   |    elapsed   |        ETA   |
----------------------------------------------------------------------------------------------------
9340        |       -5243.19   |       -5242.71   |      -0.477635   |   06:51:50   |   01:57:17   |
9341        |        -5241.9   |        -5242.5   |       0.594439   |   06:54:40   |   01:58:02   |
9342        |       -5243.91   |       -5244.49   |        0.57922   |   06:55:41   |   01:58:16   |
9343        |       -5243.15   |       -5242.98   |      -0.168158   |   06:56:41   |   01:58:29   |
9344        |       -5243.15   |       -5242.98   |      -0.168158   |   06:57:42   |   01:58:43   |
9345        |       -5243.02   |       -5242.85   |      -0.167568   |   06:58:43   |   01:58:57   |
9346        |       -5243.97   |        -5243.8   |      -0.174088   |   06:59:44   |   01:59:11   |
9347        |       -5243.97   |        -5243.8   |      -0.174088   |   07:00:45   |   01:59:25   |
9348        |       -5243.63   |       -5243.46   |      -0.171915   |   07:01:46   |   01:59:39   |
9349        |        -5244.9   |       -5244.74   |      -0.166589   |   07:02:48   |   01:59:53   |
9350        |        -5246.3   |       -5246.11   |      -0.184717   |   07:03:49   |   02:00:07   |
9351        |       -5247.24   |       -5247.07   |       -0.17265   |   07:06:40   |   02:00:52   |
9352        |       -5243.75   |       -5243.53   |      -0.214041   |   07:07:41   |   02:01:05   |
9353        |       -5246.01   |       -5245.78   |      -0.231056   |   07:08:42   |   02:01:19   |
9354        |        -5245.9   |       -5245.68   |      -0.221616   |   07:09:44   |   02:01:33   |
9355        |       -5246.19   |       -5245.97   |      -0.220373   |   07:10:45   |   02:01:47   |
9356        |       -5244.07   |        -5243.9   |      -0.171925   |   07:11:47   |   02:02:01   |
9357        |       -5244.07   |        -5243.9   |      -0.171925   |   07:12:48   |   02:02:14   |
9358        |       -5244.75   |       -5244.59   |      -0.164041   |   07:13:49   |   02:02:28   |
9359        |       -5245.63   |       -5247.05   |        1.41535   |   07:14:51   |   02:02:42   |


Iter        |      Posterior   |     Likelihood   |          Prior   |    elapsed   |        ETA   |
----------------------------------------------------------------------------------------------------
9360        |       -5243.72   |       -5245.31   |        1.59023   |   07:15:52   |   02:02:56   |
9361        |       -5243.68   |       -5245.28   |        1.60327   |   07:18:43   |   02:03:40   |
9362        |       -5242.97   |       -5245.24   |          2.267   |   07:19:45   |   02:03:54   |
9363        |       -5242.49   |       -5244.76   |        2.26866   |   07:20:46   |   02:04:08   |
9364        |       -5242.49   |       -5244.85   |        2.36078   |   07:21:47   |   02:04:21   |
9365        |       -5242.33   |       -5245.38   |        3.05042   |   07:22:49   |   02:04:35   |
9366        |       -5243.85   |          -5247   |        3.14582   |   07:23:50   |   02:04:49   |
9367        |       -5244.93   |       -5249.27   |        4.34477   |   07:24:51   |   02:05:02   |
9368        |       -5245.35   |       -5249.69   |        4.34009   |   07:25:52   |   02:05:16   |
9369        |       -5245.99   |       -5250.33   |        4.33724   |   07:26:53   |   02:05:29   |
9370        |       -5247.03   |       -5250.29   |        3.25967   |   07:27:55   |   02:05:43   |
9371        |       -5244.47   |       -5247.75   |        3.27813   |   07:30:45   |   02:06:27   |
9372        |       -5244.57   |       -5247.84   |        3.27134   |   07:31:47   |   02:06:41   |
9373        |       -5245.54   |       -5248.81   |        3.27045   |   07:32:48   |   02:06:54   |
9374        |       -5246.05   |       -5249.35   |        3.29672   |   07:33:50   |   02:07:08   |
9375        |        -5246.6   |       -5249.89   |        3.29762   |   07:34:51   |   02:07:21   |
9376        |       -5246.57   |       -5249.88   |        3.30309   |   07:35:52   |   02:07:34   |
9377        |       -5244.72   |       -5247.98   |        3.25926   |   07:36:53   |   02:07:48   |
9378        |       -5244.87   |       -5247.17   |         2.3026   |   07:37:55   |   02:08:01   |
9379        |       -5248.81   |        -5250.1   |        1.28933   |   07:38:56   |   02:08:15   |


Iter        |      Posterior   |     Likelihood   |          Prior   |    elapsed   |        ETA   |
----------------------------------------------------------------------------------------------------
9380        |        -5248.3   |       -5250.42   |        2.11673   |   07:39:57   |   02:08:28   |
9381        |       -5243.82   |       -5245.95   |         2.1325   |   07:42:48   |   02:09:12   |
9382        |       -5242.72   |       -5245.25   |        2.52501   |   07:43:49   |   02:09:25   |
9383        |          -5243   |       -5245.52   |        2.51641   |   07:44:51   |   02:09:39   |
9384        |       -5243.95   |       -5246.47   |        2.51424   |   07:45:52   |   02:09:52   |
9385        |        -5244.6   |       -5247.32   |        2.72784   |   07:46:53   |   02:10:05   |
9386        |       -5248.67   |       -5249.91   |        1.24384   |   07:47:55   |   02:10:18   |
9387        |       -5244.82   |       -5246.06   |        1.23971   |   07:48:56   |   02:10:32   |
9388        |       -5246.56   |        -5247.8   |        1.24068   |   07:49:57   |   02:10:45   |
9389        |       -5247.57   |       -5248.81   |        1.24627   |   07:50:58   |   02:10:58   |
9390        |       -5245.79   |       -5247.86   |         2.0675   |   07:52:00   |   02:11:11   |
9391        |          -5247   |       -5249.35   |        2.35054   |   07:54:50   |   02:11:55   |
9392        |       -5246.82   |        -5250.2   |        3.38063   |   07:55:52   |   02:12:08   |
9393        |       -5247.19   |       -5250.57   |        3.37925   |   07:56:54   |   02:12:21   |
9394        |       -5248.88   |       -5252.16   |        3.27838   |   07:57:55   |   02:12:34   |
9395        |       -5243.68   |       -5245.28   |        1.60209   |   07:58:56   |   02:12:47   |
9396        |       -5243.64   |       -5245.72   |        2.07745   |   07:59:58   |   02:13:01   |
9397        |       -5246.01   |       -5248.01   |        2.00321   |   08:00:59   |   02:13:14   |
9398        |       -5244.44   |       -5246.47   |        2.03115   |   08:02:01   |   02:13:27   |
9399        |       -5243.75   |       -5245.72   |        1.96846   |   08:03:02   |   02:13:40   |


Iter        |      Posterior   |     Likelihood   |          Prior   |    elapsed   |        ETA   |
----------------------------------------------------------------------------------------------------
9400        |       -5243.75   |       -5245.72   |        1.96846   |   08:04:04   |   02:13:53   |
9401        |       -5243.91   |       -5244.26   |       0.349162   |   08:06:55   |   02:14:36   |
9402        |       -5244.33   |       -5244.13   |      -0.199719   |   08:07:56   |   02:14:49   |
9403        |       -5244.65   |       -5244.44   |      -0.209094   |   08:08:58   |   02:15:02   |
9404        |       -5244.89   |       -5244.44   |      -0.451349   |   08:10:00   |   02:15:15   |
9405        |       -5248.65   |       -5248.18   |       -0.46939   |   08:11:01   |   02:15:28   |
9406        |       -5249.96   |       -5249.51   |      -0.441251   |   08:12:03   |   02:15:41   |
9407        |       -5244.43   |       -5243.99   |      -0.448215   |   08:13:05   |   02:15:54   |
9408        |       -5242.66   |       -5242.07   |      -0.592936   |   08:14:07   |   02:16:08   |
9409        |       -5242.66   |       -5242.07   |      -0.592936   |   08:15:08   |   02:16:20   |
9410        |       -5244.45   |        -5244.4   |     -0.0555118   |   08:16:10   |   02:16:33   |
9411        |       -5246.75   |       -5246.69   |     -0.0565279   |   08:19:00   |   02:17:16   |
9412        |       -5244.72   |       -5244.68   |     -0.0422238   |   08:20:01   |   02:17:29   |
9413        |       -5244.33   |       -5244.61   |        0.28035   |   08:21:03   |   02:17:42   |
9414        |       -5243.56   |       -5243.88   |       0.316667   |   08:22:04   |   02:17:54   |
9415        |       -5241.78   |       -5244.56   |        2.78107   |   08:23:06   |   02:18:07   |
9416        |       -5242.66   |       -5245.42   |         2.7646   |   08:24:07   |   02:18:20   |
9417        |       -5243.85   |       -5245.34   |        1.48748   |   08:25:08   |   02:18:33   |
9418        |       -5242.78   |       -5245.09   |        2.30757   |   08:26:09   |   02:18:45   |
9419        |       -5246.06   |       -5248.96   |        2.89826   |   08:27:10   |   02:18:58   |


Iter        |      Posterior   |     Likelihood   |          Prior   |    elapsed   |        ETA   |
----------------------------------------------------------------------------------------------------
9420        |       -5244.34   |       -5247.25   |        2.91019   |   08:28:11   |   02:19:11   |
9421        |        -5243.3   |       -5246.24   |        2.93433   |   08:31:02   |   02:19:53   |
9422        |        -5243.6   |       -5246.54   |        2.93205   |   08:32:04   |   02:20:06   |
9423        |       -5244.29   |       -5247.31   |        3.01197   |   08:33:05   |   02:20:19   |
9424        |       -5246.84   |       -5249.84   |        3.00236   |   08:34:07   |   02:20:31   |
9425        |       -5248.91   |       -5251.38   |        2.47098   |   08:35:08   |   02:20:44   |
9426        |       -5251.34   |       -5253.81   |        2.46626   |   08:36:10   |   02:20:57   |
9427        |       -5250.97   |       -5253.24   |        2.27062   |   08:37:11   |   02:21:09   |
9428        |       -5249.17   |       -5251.54   |        2.37054   |   08:38:13   |   02:21:22   |
9429        |       -5248.23   |       -5250.61   |        2.37456   |   08:39:15   |   02:21:35   |
9430        |       -5248.84   |        -5251.2   |        2.36511   |   08:40:16   |   02:21:47   |
9431        |       -5244.91   |       -5247.26   |        2.34617   |   08:43:07   |   02:22:29   |
9432        |       -5245.58   |       -5246.45   |       0.867324   |   08:44:08   |   02:22:42   |
9433        |       -5250.15   |       -5250.99   |       0.834346   |   08:45:10   |   02:22:54   |
9434        |       -5248.47   |       -5249.33   |       0.864246   |   08:46:12   |   02:23:07   |
9435        |       -5246.29   |       -5247.06   |       0.764415   |   08:47:13   |   02:23:19   |
9436        |       -5243.03   |       -5243.83   |       0.803862   |   08:48:15   |   02:23:32   |
9437        |        -5243.7   |        -5244.5   |       0.805331   |   08:49:16   |   02:23:44   |
9438        |       -5243.84   |       -5244.73   |       0.889686   |   08:50:18   |   02:23:57   |
9439        |       -5246.14   |       -5246.47   |       0.325122   |   08:51:19   |   02:24:09   |


Iter        |      Posterior   |     Likelihood   |          Prior   |    elapsed   |        ETA   |
----------------------------------------------------------------------------------------------------
9440        |          -5249   |       -5251.56   |        2.56179   |   08:52:20   |   02:24:21   |
9441        |        -5250.1   |       -5252.69   |        2.59128   |   08:55:12   |   02:25:04   |
9442        |       -5248.31   |       -5250.95   |        2.63788   |   08:56:13   |   02:25:16   |
9443        |       -5248.12   |       -5250.76   |        2.63873   |   08:57:14   |   02:25:28   |
9444        |       -5248.92   |       -5251.98   |         3.0526   |   08:58:16   |   02:25:40   |
9445        |       -5249.59   |       -5252.64   |        3.05679   |   08:59:17   |   02:25:53   |
9446        |       -5249.45   |       -5252.51   |        3.06046   |   09:00:19   |   02:26:05   |
9447        |       -5249.45   |       -5252.51   |        3.06046   |   09:01:20   |   02:26:17   |
9448        |       -5249.45   |       -5252.51   |        3.06046   |   09:02:22   |   02:26:29   |
9449        |       -5249.45   |       -5252.51   |        3.06046   |   09:03:23   |   02:26:42   |
9450        |       -5249.45   |       -5252.51   |        3.06046   |   09:04:25   |   02:26:54   |
9451        |       -5249.45   |       -5252.51   |        3.06046   |   09:07:16   |   02:27:36   |
9452        |       -5247.96   |       -5251.26   |        3.29586   |   09:08:17   |   02:27:48   |
9453        |       -5247.45   |        -5250.3   |        2.84941   |   09:09:19   |   02:28:00   |
9454        |        -5248.7   |       -5251.93   |        3.23146   |   09:10:21   |   02:28:12   |
9455        |       -5249.65   |       -5252.87   |        3.22185   |   09:11:22   |   02:28:24   |
9456        |       -5249.52   |       -5252.74   |        3.21942   |   09:12:24   |   02:28:36   |
9457        |       -5247.33   |       -5250.56   |        3.23039   |   09:13:25   |   02:28:48   |
9458        |       -5248.34   |       -5250.36   |        2.02186   |   09:14:27   |   02:29:01   |
9459        |       -5247.71   |       -5249.75   |        2.04138   |   09:15:29   |   02:29:13   |


Iter        |      Posterior   |     Likelihood   |          Prior   |    elapsed   |        ETA   |
----------------------------------------------------------------------------------------------------
9460        |       -5248.97   |       -5252.96   |        3.98361   |   09:16:30   |   02:29:25   |
9461        |       -5248.68   |       -5252.66   |        3.97457   |   09:19:21   |   02:30:06   |
9462        |       -5252.75   |        -5256.8   |        4.04694   |   09:20:23   |   02:30:18   |
9463        |       -5250.23   |        -5254.3   |        4.06954   |   09:21:24   |   02:30:30   |
9464        |       -5248.67   |       -5251.83   |        3.16434   |   09:22:26   |   02:30:42   |
9465        |       -5249.05   |       -5252.83   |        3.78497   |   09:23:27   |   02:30:54   |
9466        |       -5248.91   |       -5252.64   |        3.72899   |   09:24:29   |   02:31:06   |
9467        |       -5248.93   |       -5252.96   |        4.02981   |   09:25:30   |   02:31:18   |
9468        |       -5252.16   |        -5255.8   |        3.64322   |   09:26:32   |   02:31:30   |
9469        |       -5247.49   |       -5251.12   |        3.62419   |   09:27:33   |   02:31:42   |
9470        |       -5244.61   |       -5247.29   |        2.68086   |   09:28:35   |   02:31:54   |
9471        |       -5245.07   |       -5247.76   |        2.69016   |   09:31:26   |   02:32:35   |
9472        |       -5245.96   |       -5249.59   |        3.62972   |   09:32:28   |   02:32:47   |
9473        |        -5243.8   |        -5246.4   |          2.603   |   09:33:29   |   02:32:58   |
9474        |       -5244.62   |       -5247.16   |        2.54238   |   09:34:30   |   02:33:10   |
9475        |       -5245.42   |       -5247.83   |        2.40243   |   09:35:32   |   02:33:22   |
9476        |       -5245.42   |       -5247.83   |        2.40243   |   09:36:33   |   02:33:34   |
9477        |        -5247.2   |       -5249.49   |        2.28795   |   09:37:35   |   02:33:45   |
9478        |       -5248.89   |        -5251.3   |        2.40909   |   09:38:36   |   02:33:57   |
9479        |       -5248.59   |       -5251.35   |        2.75483   |   09:39:38   |   02:34:09   |


Iter        |      Posterior   |     Likelihood   |          Prior   |    elapsed   |        ETA   |
----------------------------------------------------------------------------------------------------
9480        |       -5248.34   |       -5251.09   |         2.7501   |   09:40:40   |   02:34:21   |
9481        |       -5246.52   |       -5249.26   |        2.74571   |   09:43:31   |   02:35:02   |
9482        |       -5246.28   |       -5249.03   |        2.74287   |   09:44:32   |   02:35:13   |
9483        |       -5246.28   |       -5249.03   |        2.74287   |   09:45:34   |   02:35:25   |
9484        |       -5246.28   |       -5249.03   |        2.74287   |   09:46:35   |   02:35:36   |
9485        |       -5246.28   |       -5249.03   |        2.74287   |   09:47:37   |   02:35:48   |
9486        |       -5246.21   |       -5248.95   |        2.74514   |   09:48:38   |   02:36:00   |
9487        |       -5244.44   |       -5247.19   |         2.7514   |   09:49:40   |   02:36:11   |
9488        |        -5243.8   |       -5246.56   |        2.75557   |   09:50:41   |   02:36:23   |
9489        |        -5243.8   |       -5246.56   |        2.75557   |   09:51:43   |   02:36:34   |
9490        |       -5244.29   |       -5246.81   |        2.52759   |   09:52:44   |   02:36:46   |
9491        |       -5245.72   |       -5246.78   |        1.06294   |   09:55:35   |   02:37:26   |
9492        |       -5245.43   |       -5248.29   |        2.86098   |   09:56:37   |   02:37:38   |
9493        |       -5244.91   |       -5246.99   |        2.08624   |   09:57:38   |   02:37:49   |
9494        |       -5244.79   |       -5246.93   |        2.13626   |   09:58:40   |   02:38:01   |
9495        |       -5245.11   |       -5247.28   |        2.17759   |   09:59:41   |   02:38:12   |
9496        |       -5244.78   |       -5247.32   |        2.54153   |   10:00:43   |   02:38:24   |
9497        |        -5244.4   |       -5246.96   |        2.56126   |   10:01:44   |   02:38:35   |
9498        |       -5244.95   |       -5247.51   |        2.56126   |   10:02:46   |   02:38:46   |
9499        |       -5244.95   |       -5247.51   |        2.56126   |   10:03:47   |   02:38:58   |


Iter        |      Posterior   |     Likelihood   |          Prior   |    elapsed   |        ETA   |
----------------------------------------------------------------------------------------------------
9500        |       -5244.95   |       -5247.51   |        2.56126   |   10:04:49   |   02:39:09   |
9501        |       -5244.95   |       -5247.51   |        2.56126   |   10:07:40   |   02:39:49   |
9502        |        -5246.3   |       -5247.58   |        1.27843   |   10:08:41   |   02:40:01   |
9503        |        -5246.3   |       -5247.58   |        1.27843   |   10:09:43   |   02:40:12   |
9504        |       -5246.38   |       -5247.66   |        1.27993   |   10:10:45   |   02:40:23   |
9505        |       -5247.23   |        -5248.5   |         1.2711   |   10:11:47   |   02:40:35   |
9506        |       -5245.16   |       -5247.94   |        2.78214   |   10:12:48   |   02:40:46   |
9507        |        -5244.4   |       -5247.32   |        2.92016   |   10:13:50   |   02:40:57   |
9508        |       -5247.33   |       -5250.02   |        2.69393   |   10:14:51   |   02:41:08   |
9509        |       -5247.95   |       -5250.79   |        2.83531   |   10:15:53   |   02:41:20   |
9510        |       -5246.22   |       -5249.87   |        3.65163   |   10:16:54   |   02:41:31   |
9511        |       -5246.55   |       -5248.93   |         2.3804   |   10:19:46   |   02:42:11   |
9512        |       -5244.94   |       -5247.31   |        2.36826   |   10:20:47   |   02:42:22   |
9513        |       -5244.04   |       -5246.89   |        2.85119   |   10:21:49   |   02:42:33   |
9514        |       -5243.71   |       -5246.54   |        2.83552   |   10:22:50   |   02:42:44   |
9515        |       -5245.37   |       -5248.17   |        2.80428   |   10:23:52   |   02:42:55   |
9516        |       -5243.24   |       -5246.06   |        2.82378   |   10:24:53   |   02:43:06   |
9517        |        -5245.1   |       -5246.77   |        1.67257   |   10:25:55   |   02:43:18   |
9518        |       -5243.12   |       -5244.22   |        1.09996   |   10:26:57   |   02:43:29   |
9519        |       -5242.63   |        -5243.8   |         1.1721   |   10:27:59   |   02:43:40   |


Iter        |      Posterior   |     Likelihood   |          Prior   |    elapsed   |        ETA   |
----------------------------------------------------------------------------------------------------
9520        |       -5244.25   |       -5245.42   |        1.16697   |   10:29:00   |   02:43:51   |
9521        |       -5243.13   |       -5244.32   |        1.18348   |   10:31:51   |   02:44:30   |
9522        |       -5246.99   |       -5248.15   |         1.1546   |   10:32:53   |   02:44:42   |
9523        |       -5249.28   |       -5250.39   |        1.10982   |   10:33:54   |   02:44:52   |
9524        |       -5247.81   |       -5248.94   |        1.12906   |   10:34:56   |   02:45:04   |
9525        |       -5248.82   |          -5250   |        1.17712   |   10:35:58   |   02:45:15   |
9526        |       -5248.27   |       -5249.77   |        1.49778   |   10:36:59   |   02:45:25   |
9527        |       -5248.55   |       -5250.06   |        1.51247   |   10:38:01   |   02:45:36   |
9528        |       -5248.55   |       -5250.06   |        1.51247   |   10:39:02   |   02:45:47   |
9529        |       -5248.55   |       -5250.06   |        1.51247   |   10:40:04   |   02:45:58   |
9530        |       -5248.55   |       -5250.06   |        1.51247   |   10:41:05   |   02:46:09   |
9531        |       -5248.55   |       -5250.06   |        1.51247   |   10:43:57   |   02:46:48   |
9532        |       -5250.91   |        -5252.6   |        1.69074   |   10:44:58   |   02:46:59   |
9533        |       -5251.11   |       -5252.78   |        1.67178   |   10:46:00   |   02:47:10   |
9534        |       -5252.02   |       -5253.66   |        1.63896   |   10:47:01   |   02:47:21   |
9535        |       -5248.93   |       -5252.44   |        3.51209   |   10:48:02   |   02:47:31   |
9536        |       -5247.86   |       -5250.36   |        2.49452   |   10:49:04   |   02:47:42   |
9537        |       -5247.18   |       -5249.75   |        2.56276   |   10:50:05   |   02:47:53   |
9538        |       -5248.62   |       -5249.72   |        1.10524   |   10:51:07   |   02:48:04   |
9539        |       -5249.89   |       -5251.25   |        1.36387   |   10:52:08   |   02:48:14   |


Iter        |      Posterior   |     Likelihood   |          Prior   |    elapsed   |        ETA   |
----------------------------------------------------------------------------------------------------
9540        |       -5249.89   |       -5251.25   |        1.36387   |   10:53:10   |   02:48:25   |
9541        |       -5247.87   |       -5248.86   |       0.988087   |   10:56:01   |   02:49:04   |
9542        |       -5247.91   |       -5248.91   |       0.995894   |   10:57:02   |   02:49:15   |
9543        |       -5248.18   |       -5249.26   |         1.0774   |   10:58:04   |   02:49:25   |
9544        |       -5249.51   |       -5251.38   |        1.87751   |   10:59:05   |   02:49:36   |
9545        |       -5246.24   |       -5248.23   |        1.99385   |   11:00:07   |   02:49:47   |
9546        |       -5243.36   |       -5245.37   |        2.00389   |   11:01:08   |   02:49:57   |
9547        |       -5243.25   |       -5244.59   |        1.33605   |   11:02:10   |   02:50:08   |
9548        |          -5243   |       -5244.34   |        1.34183   |   11:03:12   |   02:50:18   |
9549        |       -5244.61   |       -5246.97   |        2.36564   |   11:04:14   |   02:50:29   |
9550        |       -5243.36   |        -5245.8   |        2.43561   |   11:05:15   |   02:50:39   |
9551        |        -5248.1   |       -5250.07   |         1.9717   |   11:08:06   |   02:51:18   |
9552        |       -5248.66   |       -5250.46   |        1.79835   |   11:09:08   |   02:51:29   |
9553        |       -5244.89   |       -5246.79   |        1.89253   |   11:10:09   |   02:51:39   |
9554        |       -5243.74   |       -5245.69   |        1.95251   |   11:11:11   |   02:51:50   |
9555        |       -5243.55   |       -5245.49   |        1.94511   |   11:12:12   |   02:52:00   |
9556        |       -5243.39   |       -5244.88   |        1.49082   |   11:13:14   |   02:52:10   |
9557        |       -5246.86   |       -5248.32   |        1.45971   |   11:14:15   |   02:52:21   |
9558        |       -5245.13   |        -5246.6   |        1.47027   |   11:15:16   |   02:52:31   |
9559        |       -5244.17   |       -5245.64   |        1.46961   |   11:16:18   |   02:52:42   |


Iter        |      Posterior   |     Likelihood   |          Prior   |    elapsed   |        ETA   |
----------------------------------------------------------------------------------------------------
9560        |       -5243.65   |       -5245.12   |        1.47507   |   11:17:20   |   02:52:52   |
9561        |       -5245.76   |       -5247.27   |        1.51877   |   11:20:10   |   02:53:30   |
9562        |       -5245.52   |       -5246.13   |       0.611838   |   11:21:11   |   02:53:40   |
9563        |        -5243.3   |       -5245.45   |        2.15329   |   11:22:13   |   02:53:51   |
9564        |       -5244.29   |       -5247.61   |        3.32975   |   11:23:14   |   02:54:01   |
9565        |        -5248.9   |       -5252.44   |        3.54679   |   11:24:14   |   02:54:11   |
9566        |       -5248.95   |       -5252.49   |        3.54004   |   11:25:15   |   02:54:21   |
9567        |       -5248.02   |       -5251.58   |        3.55897   |   11:26:16   |   02:54:31   |
9568        |       -5248.36   |       -5251.92   |        3.56283   |   11:27:17   |   02:54:41   |
9569        |       -5246.23   |          -5249   |        2.77698   |   11:28:18   |   02:54:51   |
9570        |       -5246.14   |       -5248.92   |        2.77793   |   11:29:19   |   02:55:01   |
9571        |       -5244.28   |       -5247.09   |        2.80752   |   11:32:11   |   02:55:40   |
9572        |       -5244.28   |       -5247.09   |        2.80752   |   11:33:12   |   02:55:50   |
9573        |       -5244.02   |       -5246.83   |        2.80493   |   11:34:14   |   02:56:00   |
9574        |       -5244.24   |       -5247.06   |         2.8235   |   11:35:15   |   02:56:10   |
9575        |       -5243.09   |       -5245.92   |         2.8315   |   11:36:16   |   02:56:20   |
9576        |       -5242.29   |       -5245.12   |        2.83216   |   11:37:18   |   02:56:30   |
9577        |       -5242.29   |       -5245.12   |        2.83216   |   11:38:19   |   02:56:40   |
9578        |       -5241.64   |       -5244.48   |        2.83602   |   11:39:20   |   02:56:50   |
9579        |       -5241.64   |       -5244.48   |        2.83602   |   11:40:22   |   02:57:00   |


Iter        |      Posterior   |     Likelihood   |          Prior   |    elapsed   |        ETA   |
----------------------------------------------------------------------------------------------------
9580        |       -5241.64   |       -5244.48   |        2.83602   |   11:41:23   |   02:57:10   |
9581        |       -5243.83   |          -5246   |        2.17825   |   11:44:14   |   02:57:48   |
9582        |       -5243.98   |       -5246.15   |        2.17202   |   11:45:15   |   02:57:58   |
9583        |       -5244.99   |        -5246.1   |        1.11206   |   11:46:16   |   02:58:07   |
9584        |       -5244.03   |       -5245.11   |        1.07599   |   11:47:17   |   02:58:17   |
9585        |       -5243.81   |       -5244.89   |        1.07392   |   11:48:19   |   02:58:27   |
9586        |       -5244.57   |       -5245.67   |        1.10766   |   11:49:20   |   02:58:37   |
9587        |       -5245.03   |       -5246.13   |        1.09176   |   11:50:21   |   02:58:47   |
9588        |       -5244.65   |       -5246.68   |        2.02904   |   11:51:23   |   02:58:57   |
9589        |       -5244.87   |        -5247.3   |        2.42552   |   11:52:24   |   02:59:07   |
9590        |       -5244.53   |       -5247.93   |         3.4058   |   11:53:25   |   02:59:17   |
9591        |       -5244.54   |        -5246.7   |        2.16418   |   11:56:16   |   02:59:54   |
9592        |       -5243.57   |       -5245.49   |        1.91272   |   11:57:17   |   03:00:04   |
9593        |       -5243.21   |       -5243.21   |    1.06295e-05   |   11:58:19   |   03:00:14   |
9594        |       -5245.15   |        -5247.4   |         2.2545   |   11:59:20   |   03:00:23   |
9595        |       -5245.41   |       -5246.86   |         1.4441   |   12:00:21   |   03:00:33   |
9596        |       -5245.23   |       -5246.69   |        1.45801   |   12:01:22   |   03:00:43   |
9597        |       -5244.79   |       -5246.25   |        1.45888   |   12:02:24   |   03:00:52   |
9598        |       -5244.72   |       -5246.18   |        1.45888   |   12:03:25   |   03:01:02   |
9599        |       -5245.39   |       -5246.77   |        1.38501   |   12:04:26   |   03:01:12   |


Iter        |      Posterior   |     Likelihood   |          Prior   |    elapsed   |        ETA   |
----------------------------------------------------------------------------------------------------
9600        |       -5246.59   |       -5248.05   |        1.46092   |   12:05:27   |   03:01:21   |
9601        |       -5246.11   |       -5247.71   |        1.59973   |   12:08:18   |   03:01:58   |
9602        |       -5243.55   |       -5244.39   |       0.836206   |   12:09:19   |   03:02:08   |
9603        |       -5243.35   |       -5244.19   |       0.840797   |   12:10:21   |   03:02:18   |
9604        |       -5243.35   |       -5244.19   |       0.840797   |   12:11:22   |   03:02:27   |
9605        |       -5245.94   |       -5246.96   |        1.01662   |   12:12:24   |   03:02:37   |
9606        |       -5245.53   |       -5246.57   |        1.04945   |   12:13:25   |   03:02:46   |
9607        |       -5243.73   |       -5244.29   |       0.557651   |   12:14:27   |   03:02:56   |
9608        |       -5244.22   |       -5244.78   |       0.557341   |   12:15:28   |   03:03:06   |
9609        |       -5244.44   |       -5244.99   |       0.551803   |   12:16:30   |   03:03:15   |
9610        |       -5243.94   |       -5244.49   |       0.549465   |   12:17:31   |   03:03:25   |
9611        |       -5245.31   |       -5245.86   |       0.553055   |   12:20:22   |   03:04:01   |
9612        |        -5246.2   |       -5246.79   |        0.59315   |   12:21:24   |   03:04:11   |
9613        |       -5247.78   |       -5248.69   |       0.907264   |   12:22:25   |   03:04:20   |
9614        |       -5247.73   |       -5248.63   |       0.902393   |   12:23:26   |   03:04:30   |
9615        |        -5247.8   |        -5248.7   |       0.902393   |   12:24:27   |   03:04:39   |
9616        |       -5247.64   |       -5248.48   |       0.843486   |   12:25:28   |   03:04:48   |
9617        |       -5247.64   |       -5248.48   |       0.843486   |   12:26:29   |   03:04:58   |
9618        |       -5248.03   |       -5248.86   |       0.830812   |   12:27:30   |   03:05:07   |
9619        |       -5246.02   |       -5246.54   |        0.51814   |   12:28:31   |   03:05:16   |


Iter        |      Posterior   |     Likelihood   |          Prior   |    elapsed   |        ETA   |
----------------------------------------------------------------------------------------------------
9620        |       -5244.78   |       -5245.17   |       0.384776   |   12:29:33   |   03:05:26   |
9621        |       -5244.04   |       -5244.43   |       0.384441   |   12:32:44   |   03:06:07   |
9622        |       -5245.33   |       -5245.72   |       0.393413   |   12:33:45   |   03:06:16   |
9623        |       -5249.42   |       -5249.82   |        0.39282   |   12:34:46   |   03:06:26   |
9624        |        -5245.3   |       -5247.43   |        2.13051   |   12:35:48   |   03:06:35   |
9625        |       -5244.78   |       -5246.97   |        2.18613   |   12:36:49   |   03:06:44   |
9626        |       -5245.81   |       -5247.98   |        2.17261   |   12:37:50   |   03:06:53   |
9627        |       -5245.81   |       -5247.98   |        2.17261   |   12:38:52   |   03:07:03   |
9628        |       -5245.14   |       -5246.67   |        1.52488   |   12:39:53   |   03:07:12   |
9629        |       -5246.57   |       -5248.09   |        1.52407   |   12:40:54   |   03:07:21   |
9630        |       -5244.54   |       -5246.08   |         1.5404   |   12:41:56   |   03:07:30   |
9631        |       -5244.34   |       -5245.87   |        1.53337   |   12:44:45   |   03:08:06   |
9632        |       -5244.05   |       -5245.59   |        1.53457   |   12:45:46   |   03:08:15   |
9633        |       -5244.05   |       -5245.59   |        1.53457   |   12:46:48   |   03:08:24   |
9634        |       -5244.05   |       -5245.59   |        1.53457   |   12:47:49   |   03:08:34   |
9635        |       -5245.64   |       -5247.36   |        1.72103   |   12:48:50   |   03:08:43   |
9636        |       -5244.51   |       -5245.79   |        1.28575   |   12:49:51   |   03:08:52   |
9637        |       -5244.88   |        -5244.8   |     -0.0804985   |   12:50:53   |   03:09:01   |
9638        |       -5243.84   |       -5245.78   |        1.93447   |   12:51:54   |   03:09:10   |
9639        |       -5243.84   |       -5245.77   |        1.93445   |   12:52:55   |   03:09:19   |


Iter        |      Posterior   |     Likelihood   |          Prior   |    elapsed   |        ETA   |
----------------------------------------------------------------------------------------------------
9640        |       -5243.84   |       -5245.77   |        1.93445   |   12:53:56   |   03:09:28   |
9641        |       -5248.37   |       -5248.65   |       0.277135   |   12:56:47   |   03:10:03   |
9642        |       -5247.47   |       -5247.75   |       0.278269   |   12:57:48   |   03:10:12   |
9643        |       -5247.19   |       -5248.09   |       0.899656   |   12:58:50   |   03:10:22   |
9644        |       -5246.99   |       -5248.71   |        1.72036   |   12:59:51   |   03:10:30   |
9645        |       -5246.57   |        -5248.3   |        1.73321   |   13:00:52   |   03:10:39   |
9646        |       -5248.32   |       -5249.36   |        1.04222   |   13:01:53   |   03:10:48   |
9647        |          -5250   |        -5249.9   |     -0.0979819   |   13:02:55   |   03:10:57   |
9648        |       -5249.41   |       -5249.48   |      0.0731505   |   13:03:56   |   03:11:06   |
9649        |       -5250.46   |       -5250.54   |       0.085469   |   13:04:57   |   03:11:15   |
9650        |       -5251.36   |       -5251.44   |       0.077552   |   13:05:58   |   03:11:24   |
9651        |       -5250.16   |       -5250.26   |      0.0928903   |   13:08:49   |   03:11:59   |
9652        |       -5248.43   |       -5249.63   |        1.20506   |   13:09:51   |   03:12:08   |
9653        |       -5247.18   |       -5246.78   |      -0.403636   |   13:10:52   |   03:12:17   |
9654        |       -5245.03   |       -5244.63   |      -0.399492   |   13:11:53   |   03:12:26   |
9655        |       -5252.02   |       -5251.62   |      -0.399227   |   13:12:55   |   03:12:34   |
9656        |        -5251.3   |       -5248.64   |       -2.65781   |   13:13:56   |   03:12:43   |
9657        |       -5247.93   |       -5244.95   |       -2.98747   |   13:14:57   |   03:12:52   |
9658        |       -5249.11   |       -5246.37   |       -2.74237   |   13:15:58   |   03:13:00   |
9659        |        -5246.8   |       -5245.74   |       -1.05777   |   13:17:00   |   03:13:09   |


Iter        |      Posterior   |     Likelihood   |          Prior   |    elapsed   |        ETA   |
----------------------------------------------------------------------------------------------------
9660        |        -5246.8   |       -5245.74   |       -1.05777   |   13:18:01   |   03:13:18   |
9661        |       -5246.94   |       -5245.88   |       -1.06086   |   13:20:52   |   03:13:53   |
9662        |       -5246.76   |       -5245.71   |       -1.04344   |   13:21:54   |   03:14:02   |
9663        |       -5248.11   |       -5247.18   |      -0.927186   |   13:22:55   |   03:14:11   |
9664        |       -5246.05   |        -5245.1   |      -0.951669   |   13:23:56   |   03:14:19   |
9665        |       -5246.36   |       -5245.41   |      -0.953169   |   13:24:58   |   03:14:28   |
9666        |       -5246.83   |       -5245.87   |      -0.956609   |   13:25:59   |   03:14:37   |
9667        |       -5246.83   |       -5245.87   |      -0.956609   |   13:27:00   |   03:14:45   |
9668        |       -5246.83   |       -5245.87   |      -0.956609   |   13:28:02   |   03:14:54   |
9669        |       -5248.29   |       -5247.33   |      -0.960944   |   13:29:03   |   03:15:02   |
9670        |       -5246.13   |       -5244.99   |        -1.1357   |   13:30:04   |   03:15:11   |
9671        |       -5246.91   |       -5245.44   |       -1.47361   |   13:32:55   |   03:15:46   |
9672        |       -5245.58   |       -5244.12   |       -1.46668   |   13:33:56   |   03:15:54   |
9673        |       -5250.46   |       -5247.41   |       -3.05537   |   13:34:58   |   03:16:03   |
9674        |       -5247.19   |       -5246.67   |      -0.518904   |   13:35:59   |   03:16:11   |
9675        |       -5249.48   |       -5249.21   |      -0.265665   |   13:37:00   |   03:16:20   |
9676        |        -5248.5   |       -5248.37   |      -0.136241   |   13:38:01   |   03:16:28   |
9677        |       -5246.65   |       -5246.52   |      -0.130526   |   13:39:02   |   03:16:36   |
9678        |       -5247.59   |       -5247.45   |      -0.143096   |   13:40:04   |   03:16:45   |
9679        |       -5245.07   |       -5244.95   |      -0.122921   |   13:41:05   |   03:16:53   |


Iter        |      Posterior   |     Likelihood   |          Prior   |    elapsed   |        ETA   |
----------------------------------------------------------------------------------------------------
9680        |       -5244.62   |        -5244.5   |      -0.120288   |   13:42:06   |   03:17:01   |
9681        |       -5244.03   |       -5243.91   |        -0.1233   |   13:45:04   |   03:17:38   |
9682        |       -5245.27   |       -5245.13   |      -0.140251   |   13:46:05   |   03:17:46   |
9683        |       -5246.29   |       -5246.06   |      -0.226757   |   13:47:07   |   03:17:55   |
9684        |        -5248.6   |       -5247.26   |       -1.34078   |   13:48:08   |   03:18:03   |
9685        |       -5246.03   |       -5246.63   |       0.604994   |   13:49:09   |   03:18:11   |
9686        |       -5245.69   |       -5246.19   |       0.497928   |   13:50:10   |   03:18:19   |
9687        |       -5245.88   |       -5246.38   |       0.496887   |   13:51:12   |   03:18:28   |
9688        |       -5246.32   |       -5246.78   |        0.45576   |   13:52:13   |   03:18:36   |
9689        |       -5244.55   |       -5245.15   |       0.598586   |   13:53:14   |   03:18:44   |
9690        |       -5244.55   |       -5245.15   |       0.598586   |   13:54:16   |   03:18:52   |
9691        |       -5244.58   |       -5245.18   |       0.591731   |   13:57:05   |   03:19:26   |
9692        |       -5243.73   |       -5244.45   |       0.715374   |   13:58:07   |   03:19:35   |
9693        |       -5243.94   |       -5244.65   |        0.71501   |   13:59:08   |   03:19:43   |
9694        |       -5244.99   |       -5245.27   |       0.274998   |   14:00:09   |   03:19:51   |
9695        |       -5246.91   |       -5247.17   |       0.256995   |   14:01:10   |   03:19:59   |
9696        |       -5243.97   |       -5244.19   |       0.219785   |   14:02:12   |   03:20:07   |
9697        |       -5245.41   |       -5245.63   |       0.219203   |   14:03:13   |   03:20:15   |
9698        |       -5243.29   |        -5243.5   |       0.214161   |   14:04:14   |   03:20:23   |
9699        |       -5242.23   |       -5242.46   |        0.22599   |   14:05:15   |   03:20:31   |


Iter        |      Posterior   |     Likelihood   |          Prior   |    elapsed   |        ETA   |
----------------------------------------------------------------------------------------------------
9700        |       -5243.51   |       -5243.72   |       0.210466   |   14:06:16   |   03:20:39   |
9701        |       -5243.51   |       -5243.72   |       0.210466   |   14:09:07   |   03:21:13   |
9702        |       -5243.51   |       -5243.72   |       0.210466   |   14:10:08   |   03:21:21   |
9703        |        -5242.1   |       -5242.38   |        0.27798   |   14:11:09   |   03:21:29   |
9704        |       -5242.68   |       -5242.94   |       0.268321   |   14:12:10   |   03:21:37   |
9705        |       -5242.96   |       -5243.22   |       0.263653   |   14:13:12   |   03:21:45   |
9706        |       -5244.28   |       -5244.53   |       0.256066   |   14:14:13   |   03:21:53   |
9707        |       -5243.74   |          -5244   |       0.261976   |   14:15:14   |   03:22:01   |
9708        |       -5243.46   |       -5245.29   |        1.83134   |   14:16:15   |   03:22:09   |
9709        |        -5243.5   |       -5245.48   |        1.97482   |   14:17:16   |   03:22:17   |
9710        |       -5244.97   |       -5246.73   |        1.76217   |   14:18:18   |   03:22:25   |
9711        |       -5246.94   |       -5248.67   |        1.72938   |   14:21:08   |   03:22:58   |
9712        |       -5247.55   |       -5249.89   |        2.33956   |   14:22:09   |   03:23:06   |
9713        |        -5248.1   |       -5249.12   |        1.02229   |   14:23:10   |   03:23:14   |
9714        |       -5245.55   |       -5247.12   |         1.5673   |   14:24:11   |   03:23:22   |
9715        |       -5245.41   |       -5247.15   |        1.73942   |   14:25:12   |   03:23:29   |
9716        |       -5245.41   |       -5247.15   |        1.73942   |   14:26:13   |   03:23:37   |
9717        |       -5244.18   |       -5245.41   |        1.22039   |   14:27:14   |   03:23:45   |
9718        |       -5244.16   |       -5244.03   |      -0.128326   |   14:28:15   |   03:23:53   |
9719        |       -5244.26   |       -5244.13   |      -0.129357   |   14:29:16   |   03:24:00   |


Iter        |      Posterior   |     Likelihood   |          Prior   |    elapsed   |        ETA   |
----------------------------------------------------------------------------------------------------
9720        |       -5243.74   |       -5244.05   |        0.31217   |   14:30:17   |   03:24:08   |
9721        |       -5242.85   |       -5243.16   |       0.311102   |   14:33:07   |   03:24:41   |
9722        |       -5244.57   |       -5243.79   |      -0.785869   |   14:34:09   |   03:24:49   |
9723        |       -5245.38   |       -5247.18   |        1.80395   |   14:35:10   |   03:24:57   |
9724        |       -5247.95   |       -5249.75   |         1.8028   |   14:36:11   |   03:25:04   |
9725        |       -5248.07   |       -5250.08   |        2.01828   |   14:37:12   |   03:25:12   |
9726        |       -5247.53   |       -5250.04   |        2.50817   |   14:38:14   |   03:25:20   |
9727        |       -5247.59   |       -5250.05   |        2.46432   |   14:39:15   |   03:25:27   |
9728        |       -5247.41   |       -5249.87   |         2.4598   |   14:40:16   |   03:25:35   |
9729        |       -5245.92   |       -5248.39   |        2.47684   |   14:41:17   |   03:25:42   |
9730        |        -5245.7   |        -5248.5   |        2.80397   |   14:42:18   |   03:25:50   |
9731        |       -5244.99   |       -5247.79   |        2.79325   |   14:45:09   |   03:26:23   |
9732        |       -5244.09   |       -5247.16   |        3.07779   |   14:46:10   |   03:26:31   |
9733        |       -5245.76   |       -5248.83   |        3.07404   |   14:47:11   |   03:26:38   |
9734        |       -5246.61   |       -5250.06   |        3.44777   |   14:48:13   |   03:26:46   |
9735        |        -5247.9   |       -5250.35   |        2.45416   |   14:49:14   |   03:26:53   |
9736        |       -5248.82   |       -5251.89   |        3.06691   |   14:50:15   |   03:27:01   |
9737        |       -5252.29   |       -5255.53   |        3.23995   |   14:51:16   |   03:27:08   |
9738        |       -5252.22   |       -5255.44   |        3.22459   |   14:52:18   |   03:27:16   |
9739        |       -5251.64   |       -5254.87   |        3.22486   |   14:53:19   |   03:27:23   |


Iter        |      Posterior   |     Likelihood   |          Prior   |    elapsed   |        ETA   |
----------------------------------------------------------------------------------------------------
9740        |       -5250.49   |       -5251.35   |       0.856332   |   14:54:20   |   03:27:30   |
9741        |       -5246.36   |       -5247.22   |       0.863498   |   14:57:10   |   03:28:03   |
9742        |        -5247.9   |       -5248.72   |       0.818655   |   14:58:11   |   03:28:10   |
9743        |       -5247.97   |       -5248.79   |       0.815283   |   14:59:13   |   03:28:18   |
9744        |       -5247.97   |       -5248.79   |       0.815283   |   15:00:14   |   03:28:25   |
9745        |       -5247.97   |       -5248.79   |       0.815283   |   15:01:15   |   03:28:32   |
9746        |       -5247.97   |       -5248.79   |       0.815283   |   15:02:16   |   03:28:40   |
9747        |       -5245.97   |       -5246.78   |       0.813488   |   15:03:17   |   03:28:47   |
9748        |       -5245.85   |       -5246.67   |       0.814634   |   15:04:18   |   03:28:54   |
9749        |       -5245.89   |        -5246.7   |       0.814572   |   15:05:20   |   03:29:02   |
9750        |       -5245.64   |        -5246.9   |        1.25381   |   15:06:21   |   03:29:09   |
9751        |       -5247.71   |       -5247.25   |      -0.457595   |   15:09:12   |   03:29:42   |
9752        |       -5251.68   |       -5251.09   |      -0.588366   |   15:10:13   |   03:29:49   |
9753        |       -5246.15   |       -5245.56   |      -0.590304   |   15:11:14   |   03:29:56   |
9754        |       -5246.44   |       -5246.53   |      0.0899617   |   15:12:15   |   03:30:03   |
9755        |       -5244.29   |       -5244.39   |       0.100156   |   15:13:17   |   03:30:10   |
9756        |       -5245.06   |       -5244.92   |      -0.143747   |   15:14:18   |   03:30:18   |
9757        |       -5243.76   |       -5243.61   |      -0.146207   |   15:15:20   |   03:30:25   |
9758        |       -5245.64   |       -5245.48   |      -0.153382   |   15:16:21   |   03:30:32   |
9759        |       -5244.53   |       -5244.31   |      -0.221132   |   15:17:22   |   03:30:39   |


Iter        |      Posterior   |     Likelihood   |          Prior   |    elapsed   |        ETA   |
----------------------------------------------------------------------------------------------------
9760        |       -5244.48   |       -5244.21   |      -0.269046   |   15:18:23   |   03:30:46   |
9761        |       -5244.48   |       -5244.21   |      -0.269046   |   15:21:14   |   03:31:18   |
9762        |       -5244.48   |       -5244.21   |      -0.269046   |   15:22:15   |   03:31:25   |
9763        |       -5244.46   |       -5245.14   |       0.684484   |   15:23:16   |   03:31:32   |
9764        |       -5244.99   |        -5244.6   |      -0.386015   |   15:24:17   |   03:31:39   |
9765        |       -5243.74   |       -5243.37   |      -0.376524   |   15:25:19   |   03:31:47   |
9766        |       -5244.13   |       -5243.74   |      -0.391036   |   15:26:20   |   03:31:54   |
9767        |       -5250.73   |        -5250.7   |     -0.0312219   |   15:27:21   |   03:32:01   |
9768        |       -5247.05   |       -5247.06   |      0.0140796   |   15:28:22   |   03:32:07   |
9769        |       -5246.13   |       -5246.16   |      0.0288919   |   15:29:23   |   03:32:14   |
9770        |       -5248.15   |       -5248.18   |      0.0352245   |   15:30:24   |   03:32:21   |
9771        |       -5248.84   |       -5247.46   |       -1.38099   |   15:33:15   |   03:32:53   |
9772        |       -5250.38   |       -5248.97   |       -1.41526   |   15:34:16   |   03:33:00   |
9773        |       -5251.13   |       -5249.13   |       -2.00793   |   15:35:17   |   03:33:07   |
9774        |       -5248.79   |       -5246.97   |       -1.81519   |   15:36:18   |   03:33:14   |
9775        |       -5247.33   |       -5245.53   |       -1.79726   |   15:37:20   |   03:33:21   |
9776        |       -5246.51   |       -5244.72   |       -1.79007   |   15:38:21   |   03:33:28   |
9777        |        -5248.6   |        -5248.3   |      -0.298074   |   15:39:22   |   03:33:35   |
9778        |       -5247.08   |       -5246.79   |      -0.292048   |   15:40:23   |   03:33:41   |
9779        |       -5245.43   |       -5244.67   |      -0.762927   |   15:41:24   |   03:33:48   |


Iter        |      Posterior   |     Likelihood   |          Prior   |    elapsed   |        ETA   |
----------------------------------------------------------------------------------------------------
9780        |       -5249.28   |       -5248.52   |      -0.757881   |   15:42:26   |   03:33:55   |
9781        |       -5245.77   |       -5245.01   |      -0.763315   |   15:45:16   |   03:34:27   |
9782        |        -5246.1   |       -5244.78   |       -1.31704   |   15:46:17   |   03:34:33   |
9783        |       -5248.17   |       -5246.54   |       -1.63937   |   15:47:18   |   03:34:40   |
9784        |       -5248.17   |       -5246.54   |       -1.63937   |   15:48:19   |   03:34:47   |
9785        |       -5248.17   |       -5246.54   |       -1.63937   |   15:49:21   |   03:34:54   |
9786        |       -5248.17   |       -5246.54   |       -1.63937   |   15:50:22   |   03:35:00   |
9787        |       -5246.92   |       -5246.17   |      -0.743808   |   15:51:23   |   03:35:07   |
9788        |        -5248.5   |        -5250.2   |        1.69662   |   15:52:24   |   03:35:14   |
9789        |       -5248.51   |        -5250.2   |        1.69666   |   15:53:26   |   03:35:20   |
9790        |       -5246.19   |       -5245.76   |       -0.42968   |   15:54:27   |   03:35:27   |
9791        |       -5248.49   |       -5248.05   |      -0.437531   |   15:57:17   |   03:35:58   |
9792        |       -5248.49   |       -5248.05   |      -0.437531   |   15:58:18   |   03:36:05   |
9793        |       -5246.06   |       -5244.48   |       -1.58055   |   15:59:20   |   03:36:12   |
9794        |       -5245.75   |        -5244.2   |       -1.54949   |   16:00:21   |   03:36:18   |
9795        |       -5245.75   |        -5244.2   |       -1.54949   |   16:01:23   |   03:36:25   |
9796        |       -5245.56   |        -5244.3   |       -1.25893   |   16:02:24   |   03:36:31   |
9797        |        -5246.2   |       -5244.94   |       -1.25525   |   16:03:26   |   03:36:38   |
9798        |       -5247.39   |        -5246.3   |       -1.09104   |   16:04:27   |   03:36:45   |
9799        |       -5244.71   |       -5243.33   |       -1.37931   |   16:05:28   |   03:36:51   |


Iter        |      Posterior   |     Likelihood   |          Prior   |    elapsed   |        ETA   |
----------------------------------------------------------------------------------------------------
9800        |       -5245.54   |       -5244.69   |      -0.855441   |   16:06:29   |   03:36:57   |
9801        |       -5244.64   |        -5243.5   |       -1.13465   |   16:09:19   |   03:37:28   |
9802        |       -5245.02   |       -5243.96   |       -1.05811   |   16:10:21   |   03:37:35   |
9803        |       -5243.92   |       -5242.87   |       -1.05791   |   16:11:22   |   03:37:41   |
9804        |       -5243.27   |       -5242.21   |       -1.05416   |   16:12:23   |   03:37:48   |
9805        |       -5243.27   |       -5242.22   |       -1.05293   |   16:13:24   |   03:37:54   |
9806        |       -5245.48   |       -5243.85   |       -1.63239   |   16:14:25   |   03:38:00   |
9807        |       -5244.74   |        -5243.1   |        -1.6404   |   16:15:27   |   03:38:07   |
9808        |       -5245.93   |       -5244.29   |       -1.63915   |   16:16:28   |   03:38:13   |
9809        |       -5245.93   |       -5244.29   |       -1.63915   |   16:17:29   |   03:38:20   |
9810        |       -5245.47   |       -5243.71   |       -1.75993   |   16:18:30   |   03:38:26   |
9811        |       -5245.78   |       -5245.39   |      -0.392175   |   16:21:21   |   03:38:57   |
9812        |       -5244.35   |       -5243.95   |      -0.399796   |   16:22:22   |   03:39:03   |
9813        |       -5247.42   |        -5247.4   |     -0.0202892   |   16:23:23   |   03:39:09   |
9814        |       -5247.42   |        -5247.4   |     -0.0202892   |   16:24:24   |   03:39:16   |
9815        |        -5246.8   |       -5246.76   |     -0.0434647   |   16:25:26   |   03:39:22   |
9816        |       -5244.83   |       -5246.07   |        1.24012   |   16:26:27   |   03:39:28   |
9817        |       -5243.55   |       -5245.65   |        2.09336   |   16:27:28   |   03:39:34   |
9818        |       -5242.79   |       -5244.89   |        2.09741   |   16:28:29   |   03:39:41   |
9819        |       -5243.04   |       -5245.14   |        2.09741   |   16:29:30   |   03:39:47   |


Iter        |      Posterior   |     Likelihood   |          Prior   |    elapsed   |        ETA   |
----------------------------------------------------------------------------------------------------
9820        |       -5247.05   |       -5249.12   |        2.07236   |   16:30:31   |   03:39:53   |
9821        |       -5247.65   |       -5250.64   |        2.99184   |   16:33:22   |   03:40:23   |
9822        |       -5244.09   |       -5247.15   |        3.06145   |   16:34:23   |   03:40:30   |
9823        |       -5243.63   |       -5246.48   |        2.85362   |   16:35:24   |   03:40:36   |
9824        |       -5245.11   |       -5245.81   |       0.698054   |   16:36:25   |   03:40:42   |
9825        |       -5246.12   |        -5246.7   |       0.580971   |   16:37:26   |   03:40:48   |
9826        |       -5242.97   |       -5243.55   |       0.579315   |   16:38:27   |   03:40:54   |
9827        |       -5242.42   |          -5243   |        0.58404   |   16:39:28   |   03:41:00   |
9828        |       -5246.16   |       -5245.55   |      -0.610053   |   16:40:29   |   03:41:06   |
9829        |       -5244.87   |        -5244.7   |      -0.169147   |   16:41:31   |   03:41:12   |
9830        |       -5246.83   |       -5247.06   |       0.236539   |   16:42:32   |   03:41:18   |
9831        |       -5245.98   |       -5246.45   |       0.467568   |   16:45:23   |   03:41:48   |
9832        |       -5245.53   |          -5246   |       0.477341   |   16:46:24   |   03:41:54   |
9833        |       -5245.53   |          -5246   |       0.477341   |   16:47:25   |   03:42:00   |
9834        |        -5244.7   |        -5246.7   |        2.00678   |   16:48:26   |   03:42:06   |
9835        |       -5243.51   |       -5245.54   |         2.0329   |   16:49:27   |   03:42:12   |
9836        |        -5242.2   |       -5244.26   |        2.05829   |   16:50:28   |   03:42:18   |
9837        |       -5241.94   |       -5243.35   |        1.40952   |   16:51:29   |   03:42:24   |
9838        |       -5243.06   |        -5244.4   |         1.3418   |   16:52:31   |   03:42:30   |
9839        |       -5242.28   |       -5244.06   |         1.7871   |   16:53:32   |   03:42:36   |


Iter        |      Posterior   |     Likelihood   |          Prior   |    elapsed   |        ETA   |
----------------------------------------------------------------------------------------------------
9840        |       -5242.53   |       -5244.51   |         1.9781   |   16:54:33   |   03:42:42   |
9841        |       -5242.05   |       -5244.07   |         2.0148   |   16:57:23   |   03:43:12   |
9842        |       -5242.44   |       -5244.54   |        2.09805   |   16:58:24   |   03:43:17   |
9843        |       -5242.65   |       -5244.75   |        2.10078   |   16:59:25   |   03:43:23   |
9844        |       -5245.93   |       -5246.15   |       0.219934   |   17:00:27   |   03:43:29   |
9845        |       -5245.93   |       -5246.15   |       0.219934   |   17:01:28   |   03:43:35   |
9846        |       -5246.57   |       -5246.78   |       0.210206   |   17:02:29   |   03:43:41   |
9847        |       -5247.42   |       -5247.58   |       0.162464   |   17:03:30   |   03:43:47   |
9848        |       -5247.38   |       -5247.55   |        0.16609   |   17:04:32   |   03:43:52   |
9849        |       -5247.84   |       -5247.83   |     -0.0077819   |   17:05:33   |   03:43:58   |
9850        |       -5246.04   |       -5246.03   |     -0.0161895   |   17:06:34   |   03:44:04   |
9851        |       -5245.76   |       -5243.26   |       -2.49644   |   17:09:25   |   03:44:34   |
9852        |       -5247.17   |       -5248.42   |        1.24649   |   17:10:26   |   03:44:39   |
9853        |       -5246.53   |       -5243.93   |        -2.5986   |   17:11:27   |   03:44:45   |
9854        |       -5246.53   |       -5243.93   |        -2.5986   |   17:12:29   |   03:44:51   |
9855        |       -5246.02   |       -5243.42   |       -2.59536   |   17:13:30   |   03:44:56   |
9856        |       -5247.29   |       -5244.68   |       -2.61162   |   17:14:31   |   03:45:02   |
9857        |       -5248.31   |       -5245.69   |       -2.61167   |   17:15:33   |   03:45:08   |
9858        |       -5245.66   |        -5244.4   |       -1.26082   |   17:16:34   |   03:45:13   |
9859        |       -5246.52   |       -5245.26   |       -1.26108   |   17:17:35   |   03:45:19   |


Iter        |      Posterior   |     Likelihood   |          Prior   |    elapsed   |        ETA   |
----------------------------------------------------------------------------------------------------
9860        |       -5245.69   |       -5244.44   |       -1.24796   |   17:18:36   |   03:45:24   |
9861        |       -5245.69   |       -5244.44   |       -1.24796   |   17:21:26   |   03:45:54   |
9862        |       -5245.75   |       -5244.48   |       -1.26644   |   17:22:27   |   03:45:59   |
9863        |       -5246.44   |       -5245.66   |      -0.772231   |   17:23:28   |   03:46:05   |
9864        |       -5246.54   |       -5245.67   |      -0.873332   |   17:24:30   |   03:46:10   |
9865        |       -5245.59   |       -5244.73   |      -0.862062   |   17:25:31   |   03:46:16   |
9866        |       -5245.59   |       -5244.73   |      -0.862062   |   17:26:32   |   03:46:21   |
9867        |       -5245.59   |       -5244.73   |      -0.862062   |   17:27:34   |   03:46:27   |
9868        |       -5246.81   |       -5245.88   |      -0.922781   |   17:28:35   |   03:46:32   |
9869        |       -5247.33   |       -5246.56   |      -0.776321   |   17:29:36   |   03:46:38   |
9870        |       -5245.42   |       -5244.66   |      -0.760169   |   17:30:38   |   03:46:43   |
9871        |       -5249.84   |       -5249.06   |      -0.779804   |   17:33:28   |   03:47:12   |
9872        |       -5243.88   |       -5242.97   |      -0.918286   |   17:34:30   |   03:47:18   |
9873        |        -5245.9   |       -5244.98   |      -0.922361   |   17:35:31   |   03:47:23   |
9874        |       -5247.99   |       -5248.87   |       0.881293   |   17:36:32   |   03:47:29   |
9875        |       -5243.86   |       -5244.75   |       0.887931   |   17:37:34   |   03:47:34   |
9876        |       -5244.81   |       -5244.51   |      -0.299994   |   17:38:35   |   03:47:39   |
9877        |       -5244.32   |       -5244.12   |      -0.203216   |   17:39:37   |   03:47:45   |
9878        |       -5245.83   |       -5245.62   |      -0.214609   |   17:40:38   |   03:47:50   |
9879        |       -5246.07   |       -5245.84   |      -0.224419   |   17:41:39   |   03:47:56   |


Iter        |      Posterior   |     Likelihood   |          Prior   |    elapsed   |        ETA   |
----------------------------------------------------------------------------------------------------
9880        |       -5246.07   |       -5245.84   |      -0.224419   |   17:42:41   |   03:48:01   |
9881        |       -5243.76   |       -5243.56   |      -0.199787   |   17:45:31   |   03:48:30   |
9882        |       -5243.88   |       -5243.68   |      -0.202637   |   17:46:32   |   03:48:35   |
9883        |       -5243.88   |       -5243.68   |      -0.203961   |   17:47:34   |   03:48:40   |
9884        |       -5245.54   |       -5245.48   |     -0.0577837   |   17:48:35   |   03:48:45   |
9885        |       -5252.81   |       -5252.38   |      -0.427514   |   17:49:37   |   03:48:51   |
9886        |       -5247.77   |       -5247.54   |      -0.226665   |   17:50:39   |   03:48:56   |
9887        |       -5246.71   |       -5246.49   |       -0.22584   |   17:51:40   |   03:49:01   |
9888        |       -5245.83   |       -5245.61   |      -0.219724   |   17:52:42   |   03:49:07   |
9889        |       -5243.22   |       -5244.18   |       0.954396   |   17:53:43   |   03:49:12   |
9890        |       -5243.39   |       -5244.35   |       0.954671   |   17:54:45   |   03:49:17   |
9891        |       -5244.16   |       -5245.11   |       0.953569   |   17:57:35   |   03:49:46   |
9892        |       -5243.44   |       -5244.39   |       0.952976   |   17:58:37   |   03:49:51   |
9893        |       -5244.73   |       -5244.33   |      -0.394312   |   17:59:38   |   03:49:56   |
9894        |       -5249.11   |       -5248.71   |      -0.392642   |   18:00:40   |   03:50:01   |
9895        |       -5245.68   |       -5247.61   |        1.92428   |   18:01:41   |   03:50:06   |
9896        |       -5244.63   |       -5245.16   |       0.532995   |   18:02:42   |   03:50:11   |
9897        |       -5243.88   |       -5244.42   |        0.54145   |   18:03:44   |   03:50:16   |
9898        |       -5244.36   |       -5244.92   |       0.569138   |   18:04:45   |   03:50:21   |
9899        |       -5247.28   |        -5247.6   |       0.321807   |   18:05:47   |   03:50:27   |


Iter        |      Posterior   |     Likelihood   |          Prior   |    elapsed   |        ETA   |
----------------------------------------------------------------------------------------------------
9900        |       -5245.67   |       -5246.25   |       0.577008   |   18:06:48   |   03:50:32   |
9901        |       -5246.26   |       -5246.82   |       0.562327   |   18:09:38   |   03:51:00   |
9902        |       -5244.42   |       -5244.59   |       0.161437   |   18:10:40   |   03:51:05   |
9903        |       -5245.49   |       -5245.65   |       0.161798   |   18:11:41   |   03:51:10   |
9904        |       -5250.45   |       -5250.59   |       0.143251   |   18:12:43   |   03:51:15   |
9905        |       -5250.18   |       -5250.32   |       0.137599   |   18:13:45   |   03:51:20   |
9906        |       -5245.59   |       -5245.75   |       0.156695   |   18:14:46   |   03:51:25   |
9907        |       -5246.02   |       -5246.21   |       0.185577   |   18:15:48   |   03:51:30   |
9908        |       -5246.05   |       -5247.73   |        1.68012   |   18:16:49   |   03:51:35   |
9909        |       -5246.56   |       -5249.82   |        3.25618   |   18:17:50   |   03:51:39   |
9910        |       -5247.06   |       -5248.83   |        1.76767   |   18:18:52   |   03:51:44   |
9911        |       -5247.23   |       -5249.01   |        1.78138   |   18:21:43   |   03:52:12   |
9912        |       -5243.76   |       -5245.33   |        1.57061   |   18:22:44   |   03:52:17   |
9913        |       -5244.74   |       -5246.32   |        1.57801   |   18:23:45   |   03:52:22   |
9914        |       -5245.97   |       -5246.79   |       0.821319   |   18:24:47   |   03:52:27   |
9915        |       -5245.34   |       -5246.15   |       0.813913   |   18:25:48   |   03:52:32   |
9916        |        -5247.5   |       -5246.64   |      -0.856148   |   18:26:49   |   03:52:36   |
9917        |       -5246.28   |       -5246.14   |      -0.142029   |   18:27:51   |   03:52:41   |
9918        |       -5246.25   |       -5246.11   |      -0.148356   |   18:28:52   |   03:52:46   |
9919        |       -5246.32   |       -5244.61   |       -1.71187   |   18:29:53   |   03:52:51   |


Iter        |      Posterior   |     Likelihood   |          Prior   |    elapsed   |        ETA   |
----------------------------------------------------------------------------------------------------
9920        |        -5245.2   |       -5243.49   |       -1.71408   |   18:30:55   |   03:52:56   |
9921        |       -5244.16   |       -5242.41   |       -1.74868   |   18:33:45   |   03:53:23   |
9922        |       -5247.78   |       -5244.72   |        -3.0608   |   18:34:47   |   03:53:28   |
9923        |       -5244.93   |        -5243.2   |       -1.73396   |   18:35:48   |   03:53:32   |
9924        |       -5245.23   |       -5244.28   |      -0.953343   |   18:36:50   |   03:53:37   |
9925        |       -5245.89   |       -5244.53   |       -1.35389   |   18:37:51   |   03:53:42   |
9926        |       -5246.05   |       -5244.69   |       -1.35611   |   18:38:53   |   03:53:47   |
9927        |       -5246.25   |       -5244.89   |       -1.36277   |   18:39:54   |   03:53:51   |
9928        |       -5250.94   |       -5249.94   |      -0.997864   |   18:40:55   |   03:53:56   |
9929        |       -5249.13   |       -5248.16   |      -0.968378   |   18:41:57   |   03:54:01   |
9930        |        -5245.8   |       -5245.52   |      -0.284372   |   18:42:58   |   03:54:05   |
9931        |       -5243.89   |        -5243.8   |     -0.0873059   |   18:45:49   |   03:54:32   |
9932        |       -5243.35   |       -5243.26   |     -0.0960981   |   18:46:50   |   03:54:37   |
9933        |       -5242.73   |       -5242.63   |     -0.0927314   |   18:47:52   |   03:54:42   |
9934        |       -5245.61   |       -5245.52   |     -0.0850394   |   18:48:53   |   03:54:46   |
9935        |       -5247.91   |       -5247.82   |      -0.095848   |   18:49:55   |   03:54:51   |
9936        |        -5246.6   |       -5246.65   |      0.0538606   |   18:50:56   |   03:54:55   |
9937        |       -5247.15   |        -5247.2   |      0.0534377   |   18:51:58   |   03:55:00   |
9938        |       -5246.03   |       -5248.16   |        2.12681   |   18:52:59   |   03:55:04   |
9939        |       -5244.06   |       -5245.86   |        1.80087   |   18:54:00   |   03:55:09   |


Iter        |      Posterior   |     Likelihood   |          Prior   |    elapsed   |        ETA   |
----------------------------------------------------------------------------------------------------
9940        |       -5243.92   |        -5245.9   |        1.98861   |   18:55:01   |   03:55:13   |
9941        |       -5243.24   |        -5245.2   |        1.95711   |   18:57:52   |   03:55:40   |
9942        |       -5244.97   |        -5246.8   |        1.82486   |   18:58:53   |   03:55:44   |
9943        |       -5244.68   |       -5246.51   |        1.82413   |   18:59:54   |   03:55:49   |
9944        |       -5245.52   |       -5247.34   |        1.81975   |   19:00:56   |   03:55:53   |
9945        |        -5245.3   |        -5246.6   |        1.30419   |   19:01:57   |   03:55:58   |
9946        |       -5244.91   |       -5246.24   |         1.3369   |   19:02:59   |   03:56:02   |
9947        |       -5243.99   |       -5245.74   |        1.75548   |   19:04:00   |   03:56:06   |
9948        |       -5245.81   |       -5245.52   |       -0.29062   |   19:05:01   |   03:56:11   |
9949        |       -5245.49   |        -5246.4   |       0.906738   |   19:06:03   |   03:56:15   |
9950        |        -5244.5   |       -5245.24   |       0.740037   |   19:07:04   |   03:56:19   |
9951        |       -5248.29   |       -5249.04   |       0.744255   |   19:09:55   |   03:56:46   |
9952        |       -5244.27   |       -5243.63   |      -0.639286   |   19:10:56   |   03:56:50   |
9953        |       -5246.52   |       -5245.86   |      -0.659042   |   19:11:58   |   03:56:55   |
9954        |       -5245.85   |       -5245.19   |      -0.655585   |   19:12:59   |   03:56:59   |
9955        |       -5245.51   |       -5244.86   |      -0.649796   |   19:14:00   |   03:57:03   |
9956        |       -5243.45   |        -5242.8   |       -0.64918   |   19:15:02   |   03:57:07   |
9957        |       -5245.54   |        -5244.9   |      -0.645713   |   19:16:03   |   03:57:12   |
9958        |       -5248.31   |       -5248.31   |     0.00100289   |   19:17:05   |   03:57:16   |
9959        |       -5250.35   |       -5248.39   |       -1.95824   |   19:18:06   |   03:57:20   |


Iter        |      Posterior   |     Likelihood   |          Prior   |    elapsed   |        ETA   |
----------------------------------------------------------------------------------------------------
9960        |       -5248.95   |       -5246.88   |       -2.06773   |   19:19:08   |   03:57:24   |
9961        |       -5245.34   |       -5246.53   |        1.19482   |   19:21:59   |   03:57:51   |
9962        |       -5245.34   |       -5246.53   |        1.19482   |   19:23:00   |   03:57:55   |
9963        |       -5244.54   |       -5245.06   |       0.526152   |   19:24:01   |   03:57:59   |
9964        |        -5243.4   |       -5245.28   |        1.88085   |   19:25:03   |   03:58:03   |
9965        |       -5243.77   |       -5245.55   |        1.78034   |   19:26:04   |   03:58:07   |
9966        |       -5242.73   |          -5244   |         1.2664   |   19:27:05   |   03:58:11   |
9967        |       -5245.47   |       -5246.75   |        1.27993   |   19:28:07   |   03:58:15   |
9968        |       -5245.96   |       -5247.24   |        1.27868   |   19:29:08   |   03:58:19   |
9969        |        -5244.8   |       -5246.08   |        1.27758   |   19:30:09   |   03:58:23   |
9970        |       -5248.48   |       -5249.96   |         1.4843   |   19:31:11   |   03:58:27   |
9971        |       -5246.34   |       -5247.82   |        1.47933   |   19:34:01   |   03:58:54   |
9972        |       -5244.77   |       -5246.26   |        1.48971   |   19:35:03   |   03:58:58   |
9973        |        -5247.1   |        -5248.5   |         1.3995   |   19:36:04   |   03:59:02   |
9974        |       -5246.53   |       -5248.19   |        1.65684   |   19:37:05   |   03:59:05   |
9975        |       -5245.84   |        -5247.5   |        1.66529   |   19:38:07   |   03:59:09   |
9976        |       -5245.85   |       -5247.23   |        1.38315   |   19:39:08   |   03:59:13   |
9977        |       -5245.79   |       -5248.15   |        2.35616   |   19:40:10   |   03:59:17   |
9978        |       -5245.53   |       -5247.88   |        2.35103   |   19:41:11   |   03:59:21   |
9979        |       -5245.89   |        -5248.3   |        2.41473   |   19:42:13   |   03:59:25   |


Iter        |      Posterior   |     Likelihood   |          Prior   |    elapsed   |        ETA   |
----------------------------------------------------------------------------------------------------
9980        |       -5247.65   |       -5249.84   |        2.18581   |   19:43:14   |   03:59:29   |
9981        |       -5249.51   |       -5250.19   |       0.681115   |   19:46:05   |   03:59:55   |
9982        |       -5251.38   |       -5252.05   |        0.67567   |   19:47:06   |   03:59:59   |
9983        |       -5248.31   |       -5249.26   |       0.952003   |   19:48:07   |   04:00:03   |
9984        |        -5247.6   |       -5248.36   |       0.753735   |   19:49:08   |   04:00:06   |
9985        |        -5247.6   |       -5248.36   |       0.753735   |   19:50:10   |   04:00:10   |
9986        |       -5247.61   |       -5248.37   |       0.753735   |   19:51:11   |   04:00:14   |
9987        |       -5248.96   |       -5251.12   |        2.15578   |   19:52:12   |   04:00:18   |
9988        |       -5250.24   |       -5251.86   |        1.62528   |   19:53:14   |   04:00:22   |
9989        |       -5249.31   |       -5250.93   |        1.62293   |   19:54:15   |   04:00:25   |
9990        |       -5249.21   |       -5250.84   |        1.62372   |   19:55:16   |   04:00:29   |
9991        |       -5249.21   |       -5250.84   |        1.62372   |   19:58:07   |   04:00:55   |
9992        |       -5250.07   |       -5250.27   |       0.202917   |   19:59:09   |   04:00:58   |
9993        |       -5250.07   |       -5250.27   |       0.202917   |   20:00:10   |   04:01:02   |
9994        |       -5246.84   |       -5247.05   |       0.202532   |   20:01:12   |   04:01:06   |
9995        |       -5246.48   |       -5246.76   |       0.285864   |   20:02:13   |   04:01:09   |
9996        |       -5246.48   |       -5246.76   |       0.285864   |   20:03:14   |   04:01:13   |
9997        |       -5250.18   |       -5250.23   |      0.0454386   |   20:04:15   |   04:01:17   |
9998        |       -5247.55   |       -5247.46   |     -0.0916685   |   20:05:17   |   04:01:20   |
9999        |       -5248.85   |       -5249.74   |       0.893829   |   20:06:18   |   04:01:24   |


Iter        |      Posterior   |     Likelihood   |          Prior   |    elapsed   |        ETA   |
----------------------------------------------------------------------------------------------------
10000       |       -5249.44   |       -5250.22   |       0.777405   |   20:07:19   |   04:01:27   |
10001       |       -5247.53   |       -5246.42   |       -1.10817   |   20:10:10   |   04:01:53   |
10002       |       -5246.24   |       -5245.04   |       -1.20055   |   20:11:11   |   04:01:56   |
10003       |       -5246.61   |       -5243.72   |       -2.89491   |   20:12:13   |   04:02:00   |
10004       |       -5246.72   |       -5243.76   |       -2.95877   |   20:13:14   |   04:02:03   |
10005       |       -5248.91   |       -5245.93   |       -2.98035   |   20:14:15   |   04:02:07   |
10006       |       -5246.63   |       -5243.67   |       -2.96251   |   20:15:17   |   04:02:10   |
10007       |       -5246.39   |       -5243.69   |       -2.69693   |   20:16:18   |   04:02:14   |
10008       |       -5246.43   |       -5243.74   |       -2.69693   |   20:17:20   |   04:02:17   |
10009       |       -5246.54   |       -5243.83   |       -2.70473   |   20:18:21   |   04:02:21   |
10010       |       -5246.09   |       -5243.48   |       -2.61095   |   20:19:22   |   04:02:24   |
10011       |       -5246.76   |       -5244.13   |       -2.62471   |   20:22:13   |   04:02:49   |
10012       |       -5245.81   |       -5243.96   |       -1.84479   |   20:23:15   |   04:02:53   |
10013       |       -5247.67   |       -5245.84   |       -1.82754   |   20:24:16   |   04:02:56   |
10014       |       -5248.81   |       -5249.75   |       0.939117   |   20:25:17   |   04:03:00   |
10015       |       -5248.63   |       -5249.57   |       0.940208   |   20:26:19   |   04:03:03   |
10016       |       -5247.33   |       -5248.22   |       0.892387   |   20:27:20   |   04:03:06   |
10017       |       -5249.01   |        -5249.9   |       0.886089   |   20:28:21   |   04:03:10   |
10018       |        -5246.4   |       -5247.47   |        1.06941   |   20:29:23   |   04:03:13   |
10019       |       -5250.02   |       -5250.39   |       0.370619   |   20:30:24   |   04:03:16   |


Iter        |      Posterior   |     Likelihood   |          Prior   |    elapsed   |        ETA   |
----------------------------------------------------------------------------------------------------
10020       |       -5249.15   |       -5249.52   |       0.375302   |   20:31:26   |   04:03:20   |
10021       |       -5247.69   |       -5247.84   |       0.148734   |   20:34:16   |   04:03:44   |
10022       |       -5250.37   |       -5250.48   |        0.11523   |   20:35:18   |   04:03:48   |
10023       |       -5248.11   |       -5248.24   |       0.128284   |   20:36:19   |   04:03:51   |
10024       |       -5247.35   |       -5247.74   |        0.39339   |   20:37:20   |   04:03:54   |
10025       |       -5247.25   |       -5247.64   |       0.393111   |   20:38:22   |   04:03:58   |
10026       |       -5247.25   |       -5247.64   |       0.393111   |   20:39:23   |   04:04:01   |
10027       |       -5248.09   |       -5249.25   |        1.15524   |   20:40:24   |   04:04:04   |
10028       |       -5244.42   |        -5245.6   |        1.17429   |   20:41:26   |   04:04:07   |
10029       |       -5246.32   |       -5247.68   |         1.3551   |   20:42:27   |   04:04:10   |
10030       |       -5245.33   |       -5246.42   |        1.08899   |   20:43:28   |   04:04:13   |
10031       |       -5245.07   |       -5245.93   |       0.865652   |   20:46:19   |   04:04:38   |
10032       |       -5243.85   |       -5244.88   |        1.02788   |   20:47:20   |   04:04:41   |
10033       |       -5247.04   |       -5248.11   |         1.0783   |   20:48:22   |   04:04:44   |
10034       |       -5245.23   |       -5246.33   |        1.09146   |   20:49:23   |   04:04:47   |
10035       |       -5249.24   |       -5250.22   |       0.984758   |   20:50:24   |   04:04:50   |
10036       |       -5245.15   |       -5246.19   |        1.04031   |   20:51:25   |   04:04:53   |
10037       |       -5246.18   |       -5247.14   |       0.957966   |   20:52:27   |   04:04:56   |
10038       |       -5246.15   |       -5247.32   |        1.16951   |   20:53:28   |   04:04:59   |
10039       |       -5243.15   |       -5245.47   |        2.31897   |   20:54:29   |   04:05:02   |


Iter        |      Posterior   |     Likelihood   |          Prior   |    elapsed   |        ETA   |
----------------------------------------------------------------------------------------------------
10040       |       -5243.04   |       -5245.36   |        2.31647   |   20:55:31   |   04:05:06   |
10041       |       -5243.58   |       -5246.37   |        2.79835   |   20:58:21   |   04:05:30   |
10042       |       -5243.39   |       -5246.18   |        2.79869   |   20:59:23   |   04:05:33   |
10043       |       -5244.62   |       -5247.41   |        2.79537   |   21:00:24   |   04:05:36   |
10044       |        -5243.7   |       -5245.82   |        2.12376   |   21:01:25   |   04:05:39   |
10045       |       -5246.93   |       -5247.08   |       0.155423   |   21:02:27   |   04:05:42   |
10046       |       -5247.02   |       -5247.17   |       0.154524   |   21:03:28   |   04:05:45   |
10047       |       -5246.63   |       -5246.75   |       0.123142   |   21:04:30   |   04:05:48   |
10048       |       -5246.06   |       -5246.18   |       0.115172   |   21:05:31   |   04:05:50   |
10049       |       -5246.45   |       -5246.57   |        0.12075   |   21:06:32   |   04:05:53   |
10050       |       -5245.68   |       -5245.46   |      -0.213129   |   21:07:34   |   04:05:56   |
10051       |       -5247.41   |        -5247.2   |      -0.215201   |   21:10:24   |   04:06:20   |
10052       |       -5249.96   |       -5249.74   |      -0.226651   |   21:11:25   |   04:06:23   |
10053       |       -5249.74   |       -5249.53   |      -0.214512   |   21:12:27   |   04:06:26   |
10054       |       -5250.01   |       -5248.84   |       -1.16677   |   21:13:28   |   04:06:29   |
10055       |       -5248.08   |       -5246.53   |       -1.54701   |   21:14:30   |   04:06:32   |
10056       |       -5246.77   |       -5245.79   |      -0.985021   |   21:15:31   |   04:06:34   |
10057       |       -5247.67   |       -5246.68   |      -0.989861   |   21:16:33   |   04:06:37   |
10058       |       -5248.79   |        -5247.8   |       -0.98768   |   21:17:34   |   04:06:40   |
10059       |       -5246.67   |        -5245.8   |      -0.875564   |   21:18:35   |   04:06:43   |


Iter        |      Posterior   |     Likelihood   |          Prior   |    elapsed   |        ETA   |
----------------------------------------------------------------------------------------------------
10060       |       -5246.67   |        -5245.8   |      -0.875564   |   21:19:37   |   04:06:45   |
10061       |       -5246.16   |       -5245.79   |      -0.367841   |   21:22:27   |   04:07:09   |
10062       |       -5244.28   |        -5243.9   |      -0.379446   |   21:23:28   |   04:07:12   |
10063       |       -5246.28   |       -5243.94   |       -2.34104   |   21:24:30   |   04:07:14   |
10064       |       -5247.16   |        -5244.8   |        -2.3605   |   21:25:31   |   04:07:17   |
10065       |       -5245.93   |       -5243.59   |       -2.34744   |   21:26:33   |   04:07:20   |
10066       |       -5245.92   |       -5243.52   |       -2.39829   |   21:27:34   |   04:07:22   |
10067       |        -5246.3   |        -5243.9   |       -2.39993   |   21:28:36   |   04:07:25   |
10068       |       -5249.84   |       -5247.68   |       -2.16003   |   21:29:37   |   04:07:28   |
10069       |       -5250.01   |       -5247.85   |       -2.16192   |   21:30:39   |   04:07:30   |
10070       |       -5247.39   |       -5245.22   |       -2.17218   |   21:31:40   |   04:07:33   |
10071       |       -5246.36   |       -5244.18   |        -2.1829   |   21:34:30   |   04:07:56   |
10072       |       -5245.78   |        -5243.9   |       -1.88064   |   21:35:31   |   04:07:59   |
10073       |       -5245.31   |       -5243.49   |       -1.81598   |   21:36:32   |   04:08:01   |
10074       |        -5246.2   |       -5244.38   |       -1.82397   |   21:37:33   |   04:08:04   |
10075       |       -5249.45   |       -5247.46   |        -1.9916   |   21:38:34   |   04:08:06   |
10076       |       -5245.19   |        -5244.2   |      -0.992335   |   21:39:35   |   04:08:09   |
10077       |       -5247.03   |       -5246.68   |      -0.355337   |   21:40:36   |   04:08:11   |
10078       |       -5248.13   |       -5248.24   |       0.102719   |   21:41:37   |   04:08:14   |
10079       |       -5245.54   |       -5245.65   |       0.106721   |   21:42:38   |   04:08:16   |


Iter        |      Posterior   |     Likelihood   |          Prior   |    elapsed   |        ETA   |
----------------------------------------------------------------------------------------------------
10080       |       -5245.71   |       -5245.94   |       0.226783   |   21:43:39   |   04:08:18   |
10081       |       -5247.57   |       -5247.81   |       0.237684   |   21:46:29   |   04:08:41   |
10082       |       -5245.98   |       -5246.22   |       0.237246   |   21:47:30   |   04:08:44   |
10083       |       -5248.97   |       -5248.24   |       -0.73021   |   21:48:31   |   04:08:46   |
10084       |       -5247.31   |       -5246.36   |      -0.945558   |   21:49:32   |   04:08:48   |
10085       |       -5247.33   |       -5246.36   |      -0.971767   |   21:50:33   |   04:08:51   |
10086       |       -5247.34   |       -5246.37   |      -0.971767   |   21:51:34   |   04:08:53   |
10087       |       -5247.48   |        -5246.5   |      -0.979649   |   21:52:36   |   04:08:56   |
10088       |       -5245.33   |       -5244.37   |      -0.957387   |   21:53:37   |   04:08:58   |
10089       |       -5246.14   |       -5245.78   |      -0.354624   |   21:54:38   |   04:09:00   |
10090       |       -5246.07   |       -5247.52   |         1.4536   |   21:55:39   |   04:09:02   |
10091       |       -5246.07   |       -5247.52   |         1.4536   |   21:58:29   |   04:09:25   |
10092       |       -5245.24   |       -5246.68   |        1.44624   |   21:59:30   |   04:09:27   |
10093       |       -5245.59   |       -5247.04   |        1.44627   |   22:00:31   |   04:09:30   |
10094       |       -5246.43   |       -5247.87   |        1.43529   |   22:01:32   |   04:09:32   |
10095       |       -5245.32   |       -5246.57   |        1.25406   |   22:02:33   |   04:09:34   |
10096       |        -5244.5   |       -5245.91   |        1.40706   |   22:03:34   |   04:09:36   |
10097       |       -5243.71   |       -5245.13   |        1.41816   |   22:04:35   |   04:09:38   |
10098       |       -5243.61   |       -5245.34   |        1.73137   |   22:05:36   |   04:09:40   |
10099       |        -5246.7   |       -5248.45   |        1.74411   |   22:06:37   |   04:09:43   |


Iter        |      Posterior   |     Likelihood   |          Prior   |    elapsed   |        ETA   |
----------------------------------------------------------------------------------------------------
10100       |       -5245.51   |       -5247.26   |        1.74589   |   22:07:38   |   04:09:45   |
10101       |       -5246.76   |       -5248.48   |        1.71998   |   22:10:28   |   04:10:07   |
10102       |       -5246.73   |       -5248.43   |        1.70635   |   22:11:29   |   04:10:09   |
10103       |       -5246.62   |       -5249.36   |        2.74161   |   22:12:30   |   04:10:11   |
10104       |        -5245.2   |        -5248.3   |        3.10149   |   22:13:31   |   04:10:13   |
10105       |        -5244.6   |       -5246.99   |          2.396   |   22:14:32   |   04:10:15   |
10106       |        -5244.6   |       -5246.99   |          2.396   |   22:15:34   |   04:10:18   |
10107       |       -5244.54   |        -5246.7   |        2.16696   |   22:16:35   |   04:10:20   |
10108       |        -5244.9   |       -5247.07   |        2.16697   |   22:17:36   |   04:10:22   |
10109       |       -5243.36   |       -5244.62   |        1.25812   |   22:18:37   |   04:10:24   |
10110       |       -5243.23   |       -5244.48   |        1.24677   |   22:19:38   |   04:10:26   |
10111       |       -5245.77   |       -5247.11   |         1.3357   |   22:22:28   |   04:10:48   |
10112       |       -5247.14   |       -5248.48   |        1.33526   |   22:23:29   |   04:10:50   |
10113       |       -5247.14   |       -5248.48   |        1.33526   |   22:24:30   |   04:10:52   |
10114       |       -5247.14   |       -5248.48   |        1.33526   |   22:25:31   |   04:10:54   |
10115       |       -5248.36   |       -5247.55   |      -0.814481   |   22:26:32   |   04:10:56   |
10116       |       -5248.02   |       -5247.19   |      -0.827341   |   22:27:33   |   04:10:58   |
10117       |       -5250.02   |       -5249.22   |      -0.796436   |   22:28:34   |   04:10:59   |
10118       |       -5244.91   |       -5244.81   |      -0.102203   |   22:29:35   |   04:11:01   |
10119       |        -5244.1   |       -5243.99   |      -0.110723   |   22:30:36   |   04:11:03   |


Iter        |      Posterior   |     Likelihood   |          Prior   |    elapsed   |        ETA   |
----------------------------------------------------------------------------------------------------
10120       |       -5246.18   |       -5246.07   |      -0.112924   |   22:31:38   |   04:11:05   |
10121       |       -5245.34   |       -5245.22   |      -0.120095   |   22:34:28   |   04:11:27   |
10122       |       -5242.68   |       -5242.58   |      -0.102838   |   22:35:29   |   04:11:29   |
10123       |       -5242.79   |       -5243.56   |       0.767822   |   22:36:30   |   04:11:31   |
10124       |       -5242.47   |       -5243.26   |       0.784442   |   22:37:31   |   04:11:33   |
10125       |          -5244   |       -5243.64   |      -0.365127   |   22:38:32   |   04:11:34   |
10126       |       -5242.98   |        -5242.6   |      -0.377609   |   22:39:33   |   04:11:36   |
10127       |       -5243.55   |       -5243.14   |       -0.41085   |   22:40:34   |   04:11:38   |
10128       |       -5244.47   |       -5243.95   |      -0.523885   |   22:41:36   |   04:11:40   |
10129       |       -5244.17   |       -5243.76   |      -0.412206   |   22:42:37   |   04:11:41   |
10130       |       -5245.29   |        -5244.8   |      -0.483717   |   22:43:38   |   04:11:43   |
10131       |       -5246.86   |       -5246.37   |      -0.493653   |   22:46:28   |   04:12:05   |
10132       |        -5247.3   |       -5246.91   |      -0.392187   |   22:47:29   |   04:12:07   |
10133       |       -5244.65   |       -5244.11   |      -0.540022   |   22:48:30   |   04:12:08   |
10134       |       -5245.79   |       -5245.25   |      -0.541013   |   22:49:32   |   04:12:10   |
10135       |       -5244.76   |       -5244.23   |       -0.53532   |   22:50:33   |   04:12:12   |
10136       |       -5245.51   |       -5244.96   |       -0.55221   |   22:51:34   |   04:12:13   |
10137       |        -5245.5   |       -5244.95   |      -0.555801   |   22:52:35   |   04:12:15   |
10138       |       -5247.18   |       -5244.54   |       -2.63699   |   22:53:36   |   04:12:16   |
10139       |       -5249.11   |       -5246.48   |        -2.6289   |   22:54:37   |   04:12:18   |


Iter        |      Posterior   |     Likelihood   |          Prior   |    elapsed   |        ETA   |
----------------------------------------------------------------------------------------------------
10140       |       -5249.11   |       -5246.48   |        -2.6289   |   22:55:38   |   04:12:20   |
10141       |       -5249.11   |       -5246.48   |        -2.6289   |   22:58:29   |   04:12:41   |
10142       |       -5249.11   |       -5246.48   |        -2.6289   |   22:59:30   |   04:12:43   |
10143       |       -5249.22   |       -5246.59   |       -2.62902   |   23:00:32   |   04:12:45   |
10144       |       -5250.21   |       -5250.37   |        0.16224   |   23:01:34   |   04:12:46   |
10145       |       -5248.85   |       -5248.53   |      -0.319669   |   23:02:35   |   04:12:48   |
10146       |       -5247.75   |        -5246.6   |       -1.14688   |   23:03:36   |   04:12:49   |
10147       |       -5245.64   |       -5244.49   |       -1.14684   |   23:04:37   |   04:12:51   |
10148       |        -5247.6   |       -5246.53   |       -1.06812   |   23:05:38   |   04:12:52   |
10149       |       -5245.11   |       -5244.06   |         -1.046   |   23:06:39   |   04:12:54   |
10150       |       -5245.92   |       -5246.46   |       0.540052   |   23:07:40   |   04:12:55   |
10151       |       -5245.89   |       -5246.64   |       0.742162   |   23:10:31   |   04:13:16   |
10152       |       -5245.81   |       -5246.21   |       0.400513   |   23:11:32   |   04:13:18   |
10153       |       -5246.12   |       -5246.31   |       0.188816   |   23:12:33   |   04:13:19   |
10154       |       -5246.12   |       -5246.31   |       0.188816   |   23:13:34   |   04:13:21   |
10155       |       -5245.88   |       -5245.87   |     -0.0121274   |   23:14:35   |   04:13:22   |
10156       |       -5244.81   |       -5247.26   |        2.45614   |   23:15:36   |   04:13:23   |
10157       |       -5242.33   |       -5243.39   |        1.05877   |   23:16:37   |   04:13:25   |
10158       |       -5242.69   |       -5243.88   |        1.18989   |   23:17:39   |   04:13:26   |
10159       |       -5241.93   |       -5244.64   |        2.71222   |   23:18:40   |   04:13:27   |


Iter        |      Posterior   |     Likelihood   |          Prior   |    elapsed   |        ETA   |
----------------------------------------------------------------------------------------------------
10160       |       -5243.53   |       -5246.39   |        2.86271   |   23:19:41   |   04:13:29   |
10161       |       -5244.31   |       -5246.97   |        2.66045   |   23:22:30   |   04:13:49   |
10162       |       -5242.84   |       -5244.32   |        1.47937   |   23:23:31   |   04:13:51   |
10163       |       -5244.02   |       -5245.39   |        1.37129   |   23:24:32   |   04:13:52   |
10164       |       -5246.13   |       -5247.33   |        1.19955   |   23:25:34   |   04:13:53   |
10165       |       -5246.21   |        -5248.5   |        2.29233   |   23:26:35   |   04:13:55   |
10166       |        -5247.3   |       -5249.57   |        2.27492   |   23:27:36   |   04:13:56   |
10167       |       -5248.61   |        -5250.9   |        2.28836   |   23:28:37   |   04:13:57   |
10168       |        -5250.7   |       -5252.99   |        2.28836   |   23:29:39   |   04:13:58   |
10169       |       -5250.85   |       -5253.15   |        2.30104   |   23:30:40   |   04:14:00   |
10170       |       -5246.06   |       -5248.44   |        2.38205   |   23:31:41   |   04:14:01   |
10171       |       -5246.32   |       -5248.76   |        2.44834   |   23:34:31   |   04:14:21   |
10172       |       -5246.42   |       -5248.87   |        2.45657   |   23:35:33   |   04:14:23   |
10173       |       -5246.37   |       -5248.84   |         2.4727   |   23:36:34   |   04:14:24   |
10174       |       -5249.73   |       -5249.96   |       0.234746   |   23:37:35   |   04:14:25   |
10175       |       -5248.46   |        -5248.7   |       0.248031   |   23:38:36   |   04:14:26   |
10176       |        -5250.6   |       -5250.84   |       0.234344   |   23:39:37   |   04:14:27   |
10177       |        -5250.6   |       -5250.84   |       0.234344   |   23:40:38   |   04:14:28   |
10178       |       -5246.65   |       -5248.82   |         2.1723   |   23:41:39   |   04:14:29   |
10179       |        -5247.2   |       -5250.39   |        3.18194   |   23:42:40   |   04:14:30   |


Iter        |      Posterior   |     Likelihood   |          Prior   |    elapsed   |        ETA   |
----------------------------------------------------------------------------------------------------
10180       |       -5247.39   |       -5250.72   |        3.32853   |   23:43:41   |   04:14:31   |
10181       |       -5246.52   |        -5250.2   |        3.68373   |   23:46:32   |   04:14:52   |
10182       |       -5245.52   |       -5249.39   |         3.8752   |   23:47:33   |   04:14:53   |
10183       |       -5245.52   |       -5249.39   |         3.8752   |   23:48:34   |   04:14:54   |
10184       |       -5245.52   |       -5249.39   |         3.8752   |   23:49:36   |   04:14:55   |
10185       |       -5245.69   |          -5249   |        3.31177   |   23:50:37   |   04:14:56   |
10186       |       -5244.89   |       -5248.91   |        4.01368   |   23:51:38   |   04:14:57   |
10187       |       -5244.77   |       -5248.76   |        3.99313   |   23:52:39   |   04:14:58   |
10188       |       -5245.02   |       -5249.37   |         4.3569   |   23:53:40   |   04:14:59   |
10189       |       -5244.13   |       -5246.75   |        2.62109   |   23:54:41   |   04:15:00   |
10190       |       -5243.25   |        -5246.7   |        3.44758   |   23:55:42   |   04:15:00   |
10191       |       -5245.09   |       -5249.33   |         4.2451   |   23:58:33   |   04:15:21   |
10192       |       -5245.31   |       -5249.57   |        4.25716   |   23:59:34   |   04:15:22   |
10193       |       -5246.26   |       -5250.49   |        4.23004   |   24:00:35   |   04:15:23   |
10194       |       -5249.83   |       -5254.05   |        4.21435   |   24:01:36   |   04:15:23   |
10195       |       -5246.21   |       -5250.45   |        4.24167   |   24:02:37   |   04:15:24   |
10196       |       -5246.21   |       -5250.45   |        4.24167   |   24:03:38   |   04:15:25   |
10197       |       -5246.31   |        -5249.7   |        3.39328   |   24:04:39   |   04:15:26   |
10198       |       -5245.56   |       -5249.21   |        3.65729   |   24:05:41   |   04:15:27   |
10199       |       -5245.91   |       -5249.38   |        3.47246   |   24:06:42   |   04:15:28   |


Iter        |      Posterior   |     Likelihood   |          Prior   |    elapsed   |        ETA   |
----------------------------------------------------------------------------------------------------
10200       |       -5244.66   |       -5248.45   |        3.78828   |   24:07:43   |   04:15:28   |
10201       |       -5244.88   |       -5247.54   |        2.65715   |   24:10:33   |   04:15:48   |
10202       |       -5245.26   |        -5247.9   |        2.64706   |   24:11:35   |   04:15:49   |
10203       |       -5245.51   |       -5249.47   |        3.96013   |   24:12:36   |   04:15:50   |
10204       |       -5244.49   |       -5248.43   |        3.93611   |   24:13:37   |   04:15:51   |
10205       |       -5244.52   |       -5248.46   |        3.93932   |   24:14:38   |   04:15:51   |
10206       |       -5245.55   |       -5248.27   |        2.72565   |   24:15:39   |   04:15:52   |
10207       |       -5244.02   |       -5247.26   |        3.24177   |   24:16:40   |   04:15:53   |
10208       |       -5244.75   |          -5248   |        3.24799   |   24:17:41   |   04:15:53   |
10209       |       -5244.52   |       -5247.75   |        3.22788   |   24:18:42   |   04:15:54   |
10210       |       -5242.75   |          -5246   |        3.24836   |   24:19:44   |   04:15:55   |
10211       |       -5243.82   |       -5247.09   |        3.27143   |   24:22:34   |   04:16:14   |
10212       |       -5243.99   |       -5247.05   |         3.0567   |   24:23:35   |   04:16:15   |
10213       |        -5243.7   |          -5245   |        1.30195   |   24:24:36   |   04:16:15   |
10214       |       -5245.92   |       -5247.38   |        1.45538   |   24:25:37   |   04:16:16   |
10215       |       -5243.25   |       -5244.54   |        1.29243   |   24:26:38   |   04:16:17   |
10216       |       -5243.91   |       -5245.19   |        1.28086   |   24:27:39   |   04:16:17   |
10217       |       -5243.05   |       -5244.53   |        1.47682   |   24:28:40   |   04:16:18   |
10218       |       -5242.02   |        -5243.5   |        1.47978   |   24:29:41   |   04:16:18   |
10219       |       -5242.02   |        -5243.5   |        1.47978   |   24:30:42   |   04:16:19   |


Iter        |      Posterior   |     Likelihood   |          Prior   |    elapsed   |        ETA   |
----------------------------------------------------------------------------------------------------
10220       |       -5242.22   |       -5243.09   |       0.868077   |   24:31:43   |   04:16:19   |
10221       |        -5245.4   |       -5246.38   |       0.980117   |   24:34:34   |   04:16:39   |
10222       |       -5244.39   |       -5245.32   |       0.921964   |   24:35:35   |   04:16:39   |
10223       |       -5242.61   |        -5244.6   |        1.98745   |   24:36:36   |   04:16:40   |
10224       |       -5242.54   |       -5244.52   |        1.98417   |   24:37:37   |   04:16:40   |
10225       |       -5243.87   |       -5245.95   |          2.079   |   24:38:38   |   04:16:40   |
10226       |       -5245.29   |       -5247.36   |        2.07175   |   24:39:39   |   04:16:41   |
10227       |       -5245.57   |       -5247.65   |        2.08212   |   24:40:40   |   04:16:41   |
10228       |       -5241.42   |       -5243.38   |        1.96473   |   24:41:41   |   04:16:42   |
10229       |       -5241.42   |       -5243.38   |        1.96473   |   24:42:42   |   04:16:42   |
10230       |       -5241.95   |       -5244.07   |        2.12475   |   24:43:44   |   04:16:42   |
10231       |       -5241.96   |       -5244.07   |        2.10981   |   24:46:34   |   04:17:02   |
10232       |       -5241.87   |       -5244.14   |        2.26273   |   24:47:35   |   04:17:02   |
10233       |       -5244.91   |       -5247.16   |        2.24573   |   24:48:36   |   04:17:02   |
10234       |        -5245.5   |       -5247.73   |         2.2258   |   24:49:37   |   04:17:03   |
10235       |       -5244.63   |       -5246.86   |        2.23086   |   24:50:38   |   04:17:03   |
10236       |       -5243.19   |       -5245.75   |        2.56324   |   24:51:39   |   04:17:03   |
10237       |       -5243.89   |       -5246.46   |        2.56858   |   24:52:40   |   04:17:03   |
10238       |       -5243.56   |       -5246.12   |        2.56131   |   24:53:41   |   04:17:04   |
10239       |       -5244.16   |       -5246.72   |        2.56414   |   24:54:42   |   04:17:04   |


Iter        |      Posterior   |     Likelihood   |          Prior   |    elapsed   |        ETA   |
----------------------------------------------------------------------------------------------------
10240       |       -5247.11   |       -5249.86   |        2.75147   |   24:55:43   |   04:17:04   |
10241       |       -5245.06   |       -5247.83   |        2.76962   |   24:58:34   |   04:17:23   |
10242       |       -5246.73   |       -5250.31   |        3.57843   |   24:59:35   |   04:17:23   |
10243       |       -5252.39   |       -5255.97   |        3.57862   |   25:00:36   |   04:17:24   |
10244       |       -5250.39   |       -5253.95   |        3.56461   |   25:01:37   |   04:17:24   |
10245       |       -5245.67   |       -5249.26   |        3.58306   |   25:02:39   |   04:17:24   |
10246       |       -5245.02   |        -5248.6   |        3.57507   |   25:03:39   |   04:17:24   |
10247       |       -5243.07   |       -5246.66   |        3.58613   |   25:04:40   |   04:17:24   |
10248       |        -5243.4   |       -5247.07   |        3.67681   |   25:05:41   |   04:17:24   |
10249       |       -5246.64   |       -5250.41   |        3.77024   |   25:06:42   |   04:17:24   |
10250       |       -5246.66   |       -5250.41   |         3.7591   |   25:07:44   |   04:17:25   |
10251       |       -5245.83   |       -5249.57   |        3.74226   |   25:10:34   |   04:17:43   |
10252       |       -5246.23   |       -5249.96   |         3.7336   |   25:11:35   |   04:17:43   |
10253       |       -5244.69   |       -5248.46   |        3.76959   |   25:12:36   |   04:17:43   |
10254       |       -5243.96   |       -5247.61   |        3.65414   |   25:13:37   |   04:17:43   |
10255       |       -5244.31   |       -5247.97   |         3.6628   |   25:14:38   |   04:17:43   |
10256       |       -5243.29   |       -5245.51   |        2.21585   |   25:15:39   |   04:17:43   |
10257       |       -5242.89   |       -5244.79   |         1.9003   |   25:16:40   |   04:17:43   |
10258       |       -5244.02   |        -5245.9   |        1.88169   |   25:17:41   |   04:17:43   |
10259       |       -5242.88   |       -5245.05   |        2.16607   |   25:18:43   |   04:17:43   |


Iter        |      Posterior   |     Likelihood   |          Prior   |    elapsed   |        ETA   |
----------------------------------------------------------------------------------------------------
10260       |       -5242.89   |       -5245.06   |        2.17506   |   25:19:44   |   04:17:43   |
10261       |       -5244.86   |       -5248.75   |        3.89126   |   25:22:34   |   04:18:02   |
10262       |       -5245.07   |       -5248.93   |        3.85881   |   25:23:35   |   04:18:02   |
10263       |       -5246.57   |       -5250.43   |        3.85837   |   25:24:36   |   04:18:02   |
10264       |       -5245.63   |       -5249.49   |        3.86009   |   25:25:37   |   04:18:02   |
10265       |       -5245.04   |        -5248.9   |        3.86182   |   25:26:38   |   04:18:01   |
10266       |       -5245.31   |       -5249.18   |         3.8645   |   25:27:39   |   04:18:01   |
10267       |       -5246.75   |       -5250.72   |        3.97291   |   25:28:40   |   04:18:01   |
10268       |        -5248.7   |       -5252.73   |        4.03016   |   25:29:42   |   04:18:01   |
10269       |       -5247.74   |       -5253.24   |        5.49588   |   25:30:43   |   04:18:01   |
10270       |       -5248.72   |       -5254.37   |        5.64949   |   25:31:44   |   04:18:01   |
10271       |       -5246.84   |       -5252.48   |        5.63596   |   25:34:34   |   04:18:19   |
10272       |       -5247.79   |       -5253.42   |        5.62915   |   25:35:35   |   04:18:19   |
10273       |       -5246.45   |       -5251.52   |        5.06362   |   25:36:37   |   04:18:19   |
10274       |       -5245.53   |       -5250.59   |        5.05758   |   25:37:37   |   04:18:18   |
10275       |       -5246.03   |       -5251.05   |        5.02138   |   25:38:38   |   04:18:18   |
10276       |       -5246.11   |       -5251.13   |        5.01817   |   25:39:39   |   04:18:18   |
10277       |       -5245.76   |       -5250.75   |        4.98853   |   25:40:41   |   04:18:18   |
10278       |       -5244.97   |       -5250.04   |         5.0696   |   25:41:42   |   04:18:18   |
10279       |       -5244.85   |       -5248.21   |         3.3563   |   25:42:43   |   04:18:17   |


Iter        |      Posterior   |     Likelihood   |          Prior   |    elapsed   |        ETA   |
----------------------------------------------------------------------------------------------------
10280       |       -5244.87   |       -5248.23   |        3.35618   |   25:43:43   |   04:18:17   |
10281       |       -5245.66   |        -5250.3   |        4.64193   |   25:46:34   |   04:18:35   |
10282       |       -5245.66   |        -5250.3   |        4.64193   |   25:47:35   |   04:18:34   |
10283       |       -5245.66   |        -5250.3   |        4.64193   |   25:48:36   |   04:18:34   |
10284       |       -5245.66   |        -5250.3   |        4.64193   |   25:49:38   |   04:18:34   |
10285       |        -5245.5   |       -5250.13   |         4.6272   |   25:50:39   |   04:18:34   |
10286       |       -5245.59   |       -5250.27   |        4.67649   |   25:51:41   |   04:18:33   |
10287       |       -5245.79   |        -5250.4   |        4.60229   |   25:52:42   |   04:18:33   |
10288       |       -5242.62   |        -5245.1   |        2.48461   |   25:53:43   |   04:18:33   |
10289       |       -5242.98   |       -5246.58   |        3.60334   |   25:54:45   |   04:18:32   |
10290       |        -5242.2   |       -5245.49   |        3.29131   |   25:55:46   |   04:18:32   |
10291       |       -5241.56   |       -5244.84   |        3.27502   |   25:58:36   |   04:18:49   |
10292       |       -5241.94   |       -5245.23   |        3.28959   |   25:59:37   |   04:18:49   |
10293       |       -5243.15   |       -5246.44   |        3.28825   |   26:00:38   |   04:18:49   |
10294       |       -5245.59   |       -5248.86   |        3.26236   |   26:01:39   |   04:18:48   |
10295       |       -5249.83   |       -5253.64   |        3.81447   |   26:02:40   |   04:18:48   |
10296       |       -5246.41   |       -5250.37   |        3.96851   |   26:03:41   |   04:18:47   |
10297       |       -5246.47   |       -5250.43   |        3.96605   |   26:04:42   |   04:18:46   |
10298       |       -5246.68   |       -5250.54   |        3.86422   |   26:05:43   |   04:18:46   |
10299       |       -5242.35   |       -5244.88   |        2.53637   |   26:06:44   |   04:18:45   |


Iter        |      Posterior   |     Likelihood   |          Prior   |    elapsed   |        ETA   |
----------------------------------------------------------------------------------------------------
10300       |       -5242.77   |       -5245.32   |        2.54808   |   26:07:45   |   04:18:45   |
10301       |        -5241.8   |       -5244.33   |        2.52838   |   26:10:36   |   04:19:02   |
10302       |       -5241.62   |       -5243.86   |        2.23342   |   26:11:37   |   04:19:02   |
10303       |       -5241.62   |       -5243.86   |        2.23342   |   26:12:39   |   04:19:01   |
10304       |        -5243.3   |       -5245.75   |        2.45542   |   26:13:41   |   04:19:01   |
10305       |       -5241.41   |       -5243.84   |        2.42369   |   26:14:42   |   04:19:00   |
10306       |       -5241.03   |       -5243.47   |        2.43545   |   26:15:44   |   04:19:00   |
10307       |       -5241.98   |       -5244.39   |        2.40792   |   26:16:46   |   04:18:59   |
10308       |       -5242.71   |       -5245.17   |        2.46494   |   26:17:48   |   04:18:59   |
10309       |        -5242.3   |       -5244.15   |        1.84564   |   26:18:50   |   04:18:58   |
10310       |       -5242.68   |       -5244.52   |         1.8474   |   26:19:52   |   04:18:58   |
10311       |       -5243.12   |       -5244.95   |        1.82498   |   26:22:45   |   04:19:15   |
10312       |       -5243.12   |       -5244.95   |        1.82498   |   26:23:46   |   04:19:15   |
10313       |       -5242.24   |          -5244   |        1.75851   |   26:24:48   |   04:19:14   |
10314       |       -5242.24   |          -5244   |        1.75851   |   26:25:49   |   04:19:13   |
10315       |       -5243.38   |       -5244.99   |        1.60289   |   26:26:51   |   04:19:13   |
10316       |       -5243.38   |       -5244.99   |        1.60289   |   26:27:53   |   04:19:12   |
10317       |       -5243.99   |       -5245.61   |        1.62141   |   26:28:55   |   04:19:11   |
10318       |       -5242.34   |          -5243   |       0.660225   |   26:29:57   |   04:19:11   |
10319       |       -5242.26   |       -5242.49   |       0.227483   |   26:30:58   |   04:19:10   |


Iter        |      Posterior   |     Likelihood   |          Prior   |    elapsed   |        ETA   |
----------------------------------------------------------------------------------------------------
10320       |       -5242.41   |       -5242.47   |      0.0584502   |   26:32:00   |   04:19:09   |
10321       |       -5244.62   |       -5244.65   |      0.0303901   |   26:34:52   |   04:19:26   |
10322       |       -5244.62   |       -5244.65   |      0.0303901   |   26:35:54   |   04:19:26   |
10323       |       -5243.65   |       -5244.35   |       0.706454   |   26:36:56   |   04:19:25   |
10324       |       -5241.92   |       -5242.65   |       0.728236   |   26:37:58   |   04:19:24   |
10325       |       -5243.56   |       -5244.17   |       0.612562   |   26:39:00   |   04:19:24   |
10326       |       -5242.12   |       -5242.88   |       0.753347   |   26:40:01   |   04:19:23   |
10327       |       -5242.43   |        -5243.2   |       0.767483   |   26:41:04   |   04:19:22   |
10328       |       -5242.15   |       -5242.86   |       0.713373   |   26:42:06   |   04:19:21   |
10329       |       -5242.27   |       -5242.98   |       0.712863   |   26:43:08   |   04:19:21   |
10330       |       -5242.27   |       -5242.98   |       0.712863   |   26:44:10   |   04:19:20   |
10331       |       -5242.95   |       -5243.66   |       0.709048   |   26:47:03   |   04:19:37   |
10332       |       -5242.81   |       -5243.52   |       0.707067   |   26:48:05   |   04:19:36   |
10333       |       -5248.23   |        -5248.9   |       0.667557   |   26:49:07   |   04:19:35   |
10334       |       -5247.05   |       -5247.89   |       0.844312   |   26:50:10   |   04:19:35   |
10335       |       -5245.91   |       -5246.77   |       0.854189   |   26:51:12   |   04:19:34   |
10336       |       -5247.32   |       -5250.04   |        2.72295   |   26:52:13   |   04:19:33   |
10337       |       -5248.38   |        -5251.1   |        2.72358   |   26:53:15   |   04:19:32   |
10338       |       -5248.55   |       -5251.28   |        2.72319   |   26:54:17   |   04:19:31   |
10339       |       -5247.13   |       -5247.96   |       0.835481   |   26:55:19   |   04:19:30   |


Iter        |      Posterior   |     Likelihood   |          Prior   |    elapsed   |        ETA   |
----------------------------------------------------------------------------------------------------
10340       |       -5249.17   |        -5249.8   |       0.629296   |   26:56:21   |   04:19:29   |
10341       |       -5248.37   |          -5249   |       0.630963   |   26:59:12   |   04:19:46   |
10342       |       -5248.53   |       -5249.79   |        1.25815   |   27:00:14   |   04:19:45   |
10343       |       -5247.76   |       -5249.98   |        2.22369   |   27:01:16   |   04:19:44   |
10344       |       -5247.37   |       -5249.53   |         2.1634   |   27:02:18   |   04:19:43   |
10345       |       -5250.13   |       -5252.32   |         2.1847   |   27:03:20   |   04:19:42   |
10346       |       -5250.13   |       -5252.32   |         2.1847   |   27:04:22   |   04:19:41   |
10347       |       -5250.25   |       -5252.44   |        2.18407   |   27:05:24   |   04:19:40   |
10348       |       -5250.99   |        -5253.6   |        2.60517   |   27:06:26   |   04:19:39   |
10349       |       -5249.55   |       -5252.16   |         2.6104   |   27:07:28   |   04:19:38   |
10350       |       -5247.71   |       -5250.32   |         2.6135   |   27:08:30   |   04:19:36   |
10351       |       -5249.72   |       -5252.32   |         2.5923   |   27:11:22   |   04:19:53   |
10352       |          -5251   |       -5254.36   |        3.35378   |   27:12:25   |   04:19:52   |
10353       |          -5251   |       -5254.36   |        3.35378   |   27:13:27   |   04:19:51   |
10354       |       -5252.09   |       -5255.64   |        3.55588   |   27:14:28   |   04:19:50   |
10355       |       -5250.71   |       -5254.29   |        3.58025   |   27:15:30   |   04:19:48   |
10356       |       -5249.84   |       -5253.32   |        3.48535   |   27:16:32   |   04:19:47   |
10357       |       -5248.23   |        -5251.7   |        3.47221   |   27:17:34   |   04:19:46   |
10358       |       -5247.21   |       -5250.67   |        3.46083   |   27:18:36   |   04:19:45   |
10359       |       -5247.95   |       -5251.48   |        3.53036   |   27:19:38   |   04:19:44   |


Iter        |      Posterior   |     Likelihood   |          Prior   |    elapsed   |        ETA   |
----------------------------------------------------------------------------------------------------
10360       |       -5247.59   |        -5249.9   |        2.30293   |   27:20:40   |   04:19:43   |
10361       |       -5247.59   |        -5249.9   |        2.30293   |   27:23:31   |   04:19:59   |
10362       |          -5245   |       -5247.18   |        2.18378   |   27:24:33   |   04:19:57   |
10363       |          -5245   |       -5247.18   |        2.18378   |   27:25:35   |   04:19:56   |
10364       |       -5245.49   |          -5248   |        2.50767   |   27:26:37   |   04:19:55   |
10365       |       -5245.08   |       -5247.59   |        2.51079   |   27:27:39   |   04:19:54   |
10366       |       -5244.55   |       -5247.05   |         2.4981   |   27:28:41   |   04:19:52   |
10367       |       -5245.17   |       -5247.66   |        2.49335   |   27:29:44   |   04:19:51   |
10368       |       -5246.57   |       -5248.62   |        2.04998   |   27:30:46   |   04:19:50   |
10369       |       -5247.17   |       -5248.91   |        1.74062   |   27:31:48   |   04:19:49   |
10370       |       -5245.76   |       -5248.43   |        2.67383   |   27:32:50   |   04:19:47   |
10371       |       -5243.78   |       -5246.43   |        2.65193   |   27:35:41   |   04:20:03   |
10372       |       -5243.34   |       -5245.58   |         2.2376   |   27:36:43   |   04:20:02   |
10373       |       -5243.82   |       -5245.93   |        2.11412   |   27:37:46   |   04:20:01   |
10374       |       -5243.63   |       -5245.46   |        1.82398   |   27:38:48   |   04:19:59   |
10375       |       -5245.66   |       -5247.47   |        1.80958   |   27:39:50   |   04:19:58   |
10376       |        -5242.9   |       -5244.06   |        1.15483   |   27:40:52   |   04:19:57   |
10377       |        -5242.9   |       -5244.06   |        1.15483   |   27:41:55   |   04:19:55   |
10378       |       -5245.58   |       -5248.15   |        2.57874   |   27:42:57   |   04:19:54   |
10379       |       -5246.65   |       -5249.22   |        2.56708   |   27:43:59   |   04:19:52   |


Iter        |      Posterior   |     Likelihood   |          Prior   |    elapsed   |        ETA   |
----------------------------------------------------------------------------------------------------
10380       |       -5244.79   |       -5247.59   |        2.79818   |   27:45:01   |   04:19:51   |
10381       |       -5246.79   |        -5249.6   |         2.8083   |   27:47:53   |   04:20:07   |
10382       |       -5246.79   |        -5249.6   |         2.8083   |   27:48:54   |   04:20:05   |
10383       |        -5246.1   |        -5248.8   |         2.6969   |   27:49:56   |   04:20:04   |
10384       |        -5246.1   |        -5248.8   |         2.6969   |   27:50:58   |   04:20:02   |
10385       |       -5245.97   |       -5248.57   |        2.60861   |   27:52:00   |   04:20:01   |
10386       |        -5246.7   |        -5250.2   |        3.50545   |   27:53:02   |   04:19:59   |
10387       |       -5247.48   |       -5250.88   |        3.40934   |   27:54:04   |   04:19:57   |
10388       |       -5247.53   |        -5251.2   |        3.67509   |   27:55:06   |   04:19:56   |
10389       |       -5246.32   |       -5249.55   |        3.22675   |   27:56:07   |   04:19:54   |
10390       |       -5247.43   |       -5250.67   |        3.24484   |   27:57:09   |   04:19:53   |
10391       |       -5244.18   |       -5246.83   |        2.64437   |   28:00:01   |   04:20:08   |
10392       |        -5242.7   |       -5245.35   |         2.6466   |   28:01:04   |   04:20:07   |
10393       |       -5242.48   |       -5245.13   |        2.64706   |   28:02:05   |   04:20:05   |
10394       |       -5242.85   |        -5245.5   |        2.64631   |   28:03:07   |   04:20:03   |
10395       |       -5242.85   |        -5245.5   |        2.64631   |   28:04:09   |   04:20:02   |
10396       |       -5242.87   |        -5245.3   |        2.42978   |   28:05:11   |   04:20:00   |
10397       |       -5244.63   |       -5247.05   |        2.41933   |   28:06:13   |   04:19:58   |
10398       |        -5245.1   |       -5247.53   |        2.42879   |   28:07:15   |   04:19:57   |
10399       |       -5244.17   |       -5246.61   |        2.43312   |   28:08:16   |   04:19:55   |


Iter        |      Posterior   |     Likelihood   |          Prior   |    elapsed   |        ETA   |
----------------------------------------------------------------------------------------------------
10400       |       -5244.38   |       -5246.39   |        2.01002   |   28:09:18   |   04:19:53   |
10401       |       -5244.38   |       -5246.39   |        2.01002   |   28:12:09   |   04:20:08   |
10402       |       -5244.73   |       -5246.73   |        2.00663   |   28:13:11   |   04:20:06   |
10403       |       -5245.98   |       -5248.02   |        2.03694   |   28:14:13   |   04:20:05   |
10404       |       -5247.13   |       -5248.09   |       0.961448   |   28:15:14   |   04:20:03   |
10405       |       -5244.62   |       -5245.41   |       0.782792   |   28:16:16   |   04:20:01   |
10406       |       -5246.41   |       -5247.16   |       0.753108   |   28:17:18   |   04:19:59   |
10407       |       -5246.98   |       -5246.64   |      -0.332817   |   28:18:20   |   04:19:57   |
10408       |       -5247.37   |        -5247.4   |      0.0297141   |   28:19:22   |   04:19:56   |
10409       |       -5247.36   |       -5247.44   |      0.0776614   |   28:20:23   |   04:19:54   |
10410       |       -5246.37   |        -5246.6   |       0.222769   |   28:21:25   |   04:19:52   |
10411       |       -5246.37   |        -5246.6   |       0.222769   |   28:24:16   |   04:20:07   |
10412       |       -5246.37   |        -5246.6   |       0.222769   |   28:25:18   |   04:20:05   |
10413       |       -5246.43   |       -5246.72   |       0.298519   |   28:26:20   |   04:20:03   |
10414       |       -5247.82   |       -5248.12   |       0.295104   |   28:27:21   |   04:20:01   |
10415       |       -5244.37   |       -5244.68   |       0.307658   |   28:28:23   |   04:19:59   |
10416       |       -5245.39   |       -5245.81   |       0.418544   |   28:29:25   |   04:19:57   |
10417       |       -5244.64   |       -5245.04   |       0.395822   |   28:30:27   |   04:19:55   |
10418       |       -5246.76   |       -5246.94   |       0.183869   |   28:31:29   |   04:19:53   |
10419       |       -5246.28   |       -5246.47   |       0.186367   |   28:32:30   |   04:19:51   |


Iter        |      Posterior   |     Likelihood   |          Prior   |    elapsed   |        ETA   |
----------------------------------------------------------------------------------------------------
10420       |       -5245.87   |          -5246   |        0.13028   |   28:33:32   |   04:19:49   |
10421       |       -5247.76   |       -5247.97   |       0.210978   |   28:36:23   |   04:20:04   |
10422       |       -5247.55   |       -5247.77   |        0.21901   |   28:37:26   |   04:20:02   |
10423       |       -5247.92   |       -5246.88   |       -1.04161   |   28:38:28   |   04:20:00   |
10424       |       -5250.08   |       -5249.04   |       -1.03848   |   28:39:30   |   04:19:58   |
10425       |       -5246.48   |       -5245.97   |      -0.513793   |   28:40:32   |   04:19:56   |
10426       |       -5247.87   |       -5247.41   |      -0.461876   |   28:41:34   |   04:19:54   |
10427       |       -5244.99   |       -5244.54   |       -0.45373   |   28:42:36   |   04:19:52   |
10428       |       -5244.89   |       -5244.44   |       -0.45373   |   28:43:38   |   04:19:50   |
10429       |       -5246.39   |       -5245.93   |      -0.463763   |   28:44:40   |   04:19:47   |
10430       |       -5246.91   |       -5246.69   |       -0.21199   |   28:45:43   |   04:19:46   |
10431       |       -5245.89   |       -5245.51   |      -0.385468   |   28:48:34   |   04:20:00   |
10432       |       -5245.89   |       -5245.51   |      -0.385468   |   28:49:36   |   04:19:58   |
10433       |       -5249.49   |       -5250.31   |        0.81857   |   28:50:38   |   04:19:56   |
10434       |       -5250.56   |       -5253.49   |        2.93211   |   28:51:40   |   04:19:53   |
10435       |       -5247.44   |       -5250.16   |        2.71862   |   28:52:41   |   04:19:51   |
10436       |       -5250.07   |       -5252.77   |        2.70039   |   28:53:44   |   04:19:49   |
10437       |       -5249.28   |          -5252   |        2.71338   |   28:54:46   |   04:19:47   |
10438       |       -5247.99   |       -5250.69   |        2.69814   |   28:55:47   |   04:19:45   |
10439       |       -5250.22   |       -5252.91   |        2.68209   |   28:56:49   |   04:19:42   |


Iter        |      Posterior   |     Likelihood   |          Prior   |    elapsed   |        ETA   |
----------------------------------------------------------------------------------------------------
10440       |       -5247.59   |       -5249.11   |        1.51806   |   28:57:50   |   04:19:40   |
10441       |       -5244.54   |       -5245.92   |        1.38249   |   29:00:41   |   04:19:54   |
10442       |       -5244.07   |       -5245.77   |        1.70058   |   29:01:42   |   04:19:52   |
10443       |       -5246.87   |       -5248.61   |        1.74278   |   29:02:43   |   04:19:49   |
10444       |       -5248.23   |       -5250.09   |        1.85886   |   29:03:45   |   04:19:47   |
10445       |       -5245.74   |       -5247.61   |        1.87596   |   29:04:47   |   04:19:45   |
10446       |       -5246.46   |       -5249.69   |        3.22436   |   29:05:48   |   04:19:42   |
10447       |       -5244.06   |        -5247.3   |         3.2477   |   29:06:50   |   04:19:40   |
10448       |        -5244.9   |       -5248.15   |        3.24246   |   29:07:51   |   04:19:38   |
10449       |       -5245.09   |       -5248.33   |        3.23713   |   29:08:53   |   04:19:35   |
10450       |       -5244.05   |       -5247.29   |        3.24227   |   29:09:55   |   04:19:33   |
10451       |       -5243.91   |       -5247.21   |        3.30659   |   29:12:46   |   04:19:47   |
10452       |       -5243.78   |       -5247.09   |        3.30766   |   29:13:48   |   04:19:44   |
10453       |       -5243.63   |       -5246.74   |        3.11509   |   29:14:49   |   04:19:42   |
10454       |       -5248.04   |       -5251.12   |        3.08219   |   29:15:51   |   04:19:39   |
10455       |       -5244.89   |       -5247.97   |        3.08911   |   29:16:52   |   04:19:37   |
10456       |       -5245.37   |       -5248.49   |        3.11811   |   29:17:54   |   04:19:34   |
10457       |       -5244.98   |       -5247.03   |        2.05431   |   29:18:56   |   04:19:32   |
10458       |       -5244.38   |       -5246.44   |        2.05489   |   29:19:57   |   04:19:29   |
10459       |       -5244.38   |       -5246.44   |        2.05489   |   29:20:59   |   04:19:27   |


Iter        |      Posterior   |     Likelihood   |          Prior   |    elapsed   |        ETA   |
----------------------------------------------------------------------------------------------------
10460       |       -5245.08   |       -5247.21   |        2.12874   |   29:22:00   |   04:19:24   |
10461       |       -5247.42   |       -5249.37   |        1.94817   |   29:24:52   |   04:19:38   |
10462       |       -5245.66   |       -5247.68   |        2.01994   |   29:25:54   |   04:19:36   |
10463       |       -5245.14   |       -5247.18   |        2.04032   |   29:26:56   |   04:19:33   |
10464       |       -5245.07   |       -5247.14   |        2.06664   |   29:27:58   |   04:19:31   |
10465       |       -5244.93   |       -5247.04   |        2.11394   |   29:29:00   |   04:19:28   |
10466       |       -5245.18   |       -5246.68   |        1.49964   |   29:30:02   |   04:19:26   |
10467       |       -5245.18   |       -5246.68   |        1.49964   |   29:31:04   |   04:19:23   |
10468       |       -5246.54   |       -5248.03   |        1.48725   |   29:32:05   |   04:19:20   |
10469       |       -5246.24   |       -5248.67   |        2.42134   |   29:33:07   |   04:19:18   |
10470       |       -5246.24   |       -5248.67   |        2.42134   |   29:34:09   |   04:19:15   |
10471       |       -5246.44   |       -5248.76   |        2.32221   |   29:36:59   |   04:19:28   |
10472       |       -5248.47   |       -5250.81   |        2.33383   |   29:38:01   |   04:19:26   |
10473       |       -5247.07   |       -5249.42   |        2.34901   |   29:39:02   |   04:19:23   |
10474       |       -5244.31   |       -5246.66   |        2.34812   |   29:40:04   |   04:19:20   |
10475       |       -5243.88   |       -5246.23   |         2.3476   |   29:41:05   |   04:19:17   |
10476       |       -5243.25   |       -5245.66   |        2.41727   |   29:42:07   |   04:19:15   |
10477       |          -5245   |       -5246.27   |         1.2737   |   29:43:09   |   04:19:12   |
10478       |       -5243.85   |       -5245.13   |         1.2802   |   29:44:11   |   04:19:09   |
10479       |       -5246.21   |       -5247.52   |        1.31127   |   29:45:12   |   04:19:07   |


Iter        |      Posterior   |     Likelihood   |          Prior   |    elapsed   |        ETA   |
----------------------------------------------------------------------------------------------------
10480       |       -5246.24   |       -5247.55   |        1.31127   |   29:46:14   |   04:19:04   |
10481       |       -5246.04   |        -5249.8   |         3.7597   |   29:49:05   |   04:19:17   |
10482       |       -5246.15   |       -5249.87   |        3.72735   |   29:50:07   |   04:19:14   |
10483       |       -5244.61   |       -5247.09   |        2.47927   |   29:51:08   |   04:19:11   |
10484       |       -5245.13   |       -5247.63   |        2.49695   |   29:52:10   |   04:19:08   |
10485       |       -5244.95   |       -5247.27   |        2.32046   |   29:53:11   |   04:19:06   |
10486       |       -5246.03   |       -5248.34   |        2.31025   |   29:54:13   |   04:19:03   |
10487       |       -5244.46   |       -5246.81   |        2.35245   |   29:55:15   |   04:19:00   |
10488       |       -5244.46   |       -5246.81   |        2.35245   |   29:56:17   |   04:18:57   |
10489       |       -5244.27   |       -5245.78   |        1.50452   |   29:57:18   |   04:18:54   |
10490       |       -5243.04   |       -5244.51   |        1.46709   |   29:58:20   |   04:18:51   |
10491       |       -5243.93   |        -5244.9   |       0.977625   |   30:01:11   |   04:19:04   |
10492       |        -5244.1   |       -5245.06   |       0.958169   |   30:02:12   |   04:19:01   |
10493       |        -5244.1   |       -5245.06   |       0.958169   |   30:03:14   |   04:18:58   |
10494       |       -5247.98   |       -5250.88   |        2.90122   |   30:04:16   |   04:18:55   |
10495       |       -5245.45   |       -5248.53   |        3.08245   |   30:05:17   |   04:18:52   |
10496       |       -5246.04   |       -5249.14   |        3.09541   |   30:06:19   |   04:18:49   |
10497       |       -5247.13   |       -5250.21   |         3.0808   |   30:07:21   |   04:18:46   |
10498       |       -5246.22   |       -5249.25   |        3.02863   |   30:08:22   |   04:18:43   |
10499       |       -5247.79   |       -5250.93   |        3.14593   |   30:09:24   |   04:18:40   |


Iter        |      Posterior   |     Likelihood   |          Prior   |    elapsed   |        ETA   |
----------------------------------------------------------------------------------------------------
10500       |       -5247.33   |       -5250.64   |        3.31845   |   30:10:26   |   04:18:38   |
10501       |        -5248.3   |       -5251.65   |        3.35167   |   30:13:17   |   04:18:50   |
10502       |       -5246.77   |       -5250.11   |        3.34659   |   30:14:19   |   04:18:47   |
10503       |        -5245.5   |       -5248.84   |        3.34087   |   30:15:21   |   04:18:44   |
10504       |        -5248.4   |       -5253.07   |        4.67694   |   30:16:23   |   04:18:41   |
10505       |       -5247.23   |       -5250.36   |         3.1321   |   30:17:25   |   04:18:38   |
10506       |       -5248.68   |       -5251.77   |        3.08893   |   30:18:27   |   04:18:35   |
10507       |       -5246.01   |       -5248.99   |        2.97758   |   30:19:29   |   04:18:32   |
10508       |       -5246.99   |       -5249.97   |        2.98407   |   30:20:30   |   04:18:29   |
10509       |       -5246.04   |       -5249.01   |        2.97301   |   30:21:32   |   04:18:26   |
10510       |       -5247.57   |       -5250.56   |         2.9866   |   30:22:34   |   04:18:23   |
10511       |       -5245.06   |       -5247.75   |        2.69261   |   30:25:24   |   04:18:35   |
10512       |       -5245.08   |       -5247.76   |        2.68138   |   30:26:25   |   04:18:32   |
10513       |       -5246.09   |       -5248.78   |         2.6861   |   30:27:27   |   04:18:28   |
10514       |        -5243.8   |       -5247.53   |        3.72993   |   30:28:28   |   04:18:25   |
10515       |       -5243.95   |       -5247.68   |        3.73022   |   30:29:30   |   04:18:22   |
10516       |       -5243.24   |       -5246.98   |        3.73821   |   30:30:31   |   04:18:19   |
10517       |       -5243.82   |       -5247.55   |        3.73505   |   30:31:33   |   04:18:15   |
10518       |       -5243.79   |       -5247.56   |        3.77162   |   30:32:35   |   04:18:12   |
10519       |       -5244.61   |       -5247.46   |        2.85323   |   30:33:36   |   04:18:09   |


Iter        |      Posterior   |     Likelihood   |          Prior   |    elapsed   |        ETA   |
----------------------------------------------------------------------------------------------------
10520       |       -5244.08   |       -5247.18   |        3.09846   |   30:34:37   |   04:18:06   |
10521       |       -5243.65   |       -5246.48   |        2.82904   |   30:37:28   |   04:18:18   |
10522       |       -5242.37   |       -5244.56   |        2.18324   |   30:38:29   |   04:18:14   |
10523       |       -5244.01   |       -5246.25   |        2.24204   |   30:39:30   |   04:18:11   |
10524       |       -5247.16   |       -5249.41   |        2.24978   |   30:40:32   |   04:18:08   |
10525       |       -5243.94   |       -5246.19   |        2.24842   |   30:41:33   |   04:18:04   |
10526       |       -5243.39   |       -5246.46   |        3.07104   |   30:42:35   |   04:18:01   |
10527       |       -5242.31   |       -5243.76   |        1.45034   |   30:43:36   |   04:17:58   |
10528       |       -5242.31   |       -5243.76   |        1.45034   |   30:44:38   |   04:17:54   |
10529       |       -5246.95   |       -5248.44   |        1.48889   |   30:45:39   |   04:17:51   |
10530       |       -5246.86   |       -5248.34   |        1.48665   |   30:46:41   |   04:17:47   |
10531       |       -5248.49   |       -5249.98   |        1.49015   |   30:49:31   |   04:17:59   |
10532       |       -5248.23   |       -5249.72   |        1.49169   |   30:50:32   |   04:17:56   |
10533       |       -5244.16   |       -5245.65   |        1.49514   |   30:51:33   |   04:17:52   |
10534       |       -5242.58   |       -5244.07   |        1.48786   |   30:52:34   |   04:17:49   |
10535       |       -5242.77   |       -5244.26   |         1.4869   |   30:53:35   |   04:17:45   |
10536       |       -5244.32   |       -5246.65   |        2.32546   |   30:54:36   |   04:17:42   |
10537       |       -5244.98   |       -5247.43   |        2.44201   |   30:55:38   |   04:17:38   |
10538       |        -5245.9   |       -5248.01   |        2.11394   |   30:56:38   |   04:17:34   |
10539       |       -5244.11   |       -5247.35   |        3.24951   |   30:57:39   |   04:17:31   |


Iter        |      Posterior   |     Likelihood   |          Prior   |    elapsed   |        ETA   |
----------------------------------------------------------------------------------------------------
10540       |       -5245.61   |       -5249.76   |        4.14786   |   30:58:40   |   04:17:27   |
10541       |       -5246.06   |       -5250.31   |        4.24894   |   31:01:31   |   04:17:39   |
10542       |       -5246.91   |       -5248.74   |        1.83301   |   31:02:32   |   04:17:35   |
10543       |       -5246.91   |       -5248.74   |        1.83301   |   31:03:34   |   04:17:32   |
10544       |       -5249.59   |        -5253.1   |        3.51485   |   31:04:35   |   04:17:28   |
10545       |       -5249.33   |       -5252.71   |        3.37826   |   31:05:37   |   04:17:25   |
10546       |       -5248.27   |       -5251.83   |        3.56006   |   31:06:38   |   04:17:21   |
10547       |       -5247.05   |        -5250.6   |        3.55374   |   31:07:40   |   04:17:17   |
10548       |       -5247.89   |        -5251.7   |        3.80832   |   31:08:41   |   04:17:14   |
10549       |       -5252.45   |       -5256.26   |        3.80847   |   31:09:42   |   04:17:10   |
10550       |       -5250.84   |       -5255.58   |        4.73815   |   31:10:44   |   04:17:06   |
10551       |       -5246.11   |       -5250.73   |        4.62193   |   31:13:34   |   04:17:18   |
10552       |       -5246.75   |       -5251.42   |        4.67752   |   31:14:35   |   04:17:14   |
10553       |        -5247.9   |       -5251.71   |        3.81209   |   31:15:37   |   04:17:10   |
10554       |       -5248.15   |       -5251.96   |        3.81088   |   31:16:39   |   04:17:07   |
10555       |       -5249.81   |       -5253.62   |        3.80847   |   31:17:40   |   04:17:03   |
10556       |       -5249.87   |       -5254.52   |        4.64526   |   31:18:42   |   04:16:59   |
10557       |       -5248.86   |       -5253.35   |        4.49009   |   31:19:44   |   04:16:56   |
10558       |        -5247.1   |        -5251.6   |        4.50486   |   31:20:45   |   04:16:52   |
10559       |       -5246.67   |       -5251.18   |        4.51731   |   31:21:46   |   04:16:48   |


Iter        |      Posterior   |     Likelihood   |          Prior   |    elapsed   |        ETA   |
----------------------------------------------------------------------------------------------------
10560       |       -5248.11   |       -5252.62   |        4.51594   |   31:22:48   |   04:16:44   |
10561       |       -5245.89   |       -5249.38   |        3.49056   |   31:25:39   |   04:16:55   |
10562       |       -5245.97   |       -5249.43   |          3.461   |   31:26:40   |   04:16:52   |
10563       |       -5246.02   |       -5249.49   |        3.47146   |   31:27:42   |   04:16:48   |
10564       |       -5245.16   |       -5247.04   |        1.87575   |   31:28:43   |   04:16:44   |
10565       |       -5244.43   |        -5246.3   |        1.86821   |   31:29:44   |   04:16:40   |
10566       |       -5245.19   |       -5247.06   |        1.86597   |   31:30:46   |   04:16:36   |
10567       |       -5249.83   |        -5251.7   |        1.86286   |   31:31:47   |   04:16:32   |
10568       |       -5247.42   |       -5249.25   |        1.82994   |   31:32:49   |   04:16:28   |
10569       |       -5249.66   |       -5251.47   |        1.81217   |   31:33:50   |   04:16:25   |
10570       |       -5250.55   |       -5252.36   |        1.81005   |   31:34:52   |   04:16:21   |
10571       |          -5252   |       -5253.81   |        1.80874   |   31:37:57   |   04:16:34   |
10572       |       -5247.87   |       -5250.04   |        2.17411   |   31:38:58   |   04:16:30   |
10573       |       -5249.11   |       -5251.43   |        2.32038   |   31:39:59   |   04:16:26   |
10574       |       -5247.43   |       -5251.38   |        3.95084   |   31:41:01   |   04:16:22   |
10575       |        -5251.2   |       -5255.14   |        3.94282   |   31:42:02   |   04:16:18   |
10576       |        -5251.2   |       -5255.14   |        3.94282   |   31:43:04   |   04:16:14   |
10577       |       -5250.81   |       -5254.09   |        3.27953   |   31:44:06   |   04:16:10   |
10578       |       -5248.08   |       -5251.37   |        3.28758   |   31:45:07   |   04:16:06   |
10579       |       -5246.61   |       -5249.91   |        3.30514   |   31:46:08   |   04:16:02   |


Iter        |      Posterior   |     Likelihood   |          Prior   |    elapsed   |        ETA   |
----------------------------------------------------------------------------------------------------
10580       |       -5247.62   |       -5250.93   |        3.31251   |   31:47:10   |   04:15:58   |
10581       |       -5246.36   |       -5250.27   |        3.90421   |   31:50:00   |   04:16:08   |
10582       |       -5247.53   |       -5251.91   |        4.38384   |   31:51:01   |   04:16:04   |
10583       |       -5247.46   |       -5251.87   |        4.40239   |   31:52:03   |   04:16:00   |
10584       |       -5244.99   |        -5247.3   |        2.31091   |   31:53:05   |   04:15:56   |
10585       |       -5244.75   |       -5247.05   |        2.29527   |   31:54:06   |   04:15:52   |
10586       |       -5247.07   |       -5249.46   |        2.38752   |   31:55:08   |   04:15:48   |
10587       |       -5247.57   |       -5250.15   |        2.58072   |   31:56:09   |   04:15:44   |
10588       |        -5247.9   |        -5250.5   |        2.59987   |   31:57:11   |   04:15:40   |
10589       |       -5247.71   |       -5251.27   |        3.56329   |   31:58:12   |   04:15:36   |
10590       |       -5247.27   |       -5250.84   |        3.56577   |   31:59:13   |   04:15:31   |
10591       |       -5247.53   |       -5250.84   |        3.30757   |   32:02:04   |   04:15:42   |
10592       |       -5247.65   |       -5250.94   |        3.29273   |   32:03:06   |   04:15:38   |
10593       |       -5250.37   |       -5253.75   |        3.38154   |   32:04:08   |   04:15:34   |
10594       |       -5249.63   |       -5253.63   |        4.00054   |   32:05:09   |   04:15:29   |
10595       |       -5246.16   |       -5250.16   |        4.00746   |   32:06:11   |   04:15:25   |
10596       |       -5246.16   |       -5250.16   |        4.00746   |   32:07:13   |   04:15:21   |
10597       |       -5246.16   |       -5250.16   |        4.00746   |   32:08:14   |   04:15:17   |
10598       |       -5247.24   |       -5251.42   |        4.18235   |   32:09:16   |   04:15:13   |
10599       |       -5246.19   |       -5251.31   |        5.11867   |   32:10:17   |   04:15:08   |


Iter        |      Posterior   |     Likelihood   |          Prior   |    elapsed   |        ETA   |
----------------------------------------------------------------------------------------------------
10600       |       -5246.32   |       -5251.23   |        4.91248   |   32:11:19   |   04:15:04   |
10601       |       -5248.82   |       -5253.12   |        4.30125   |   32:14:10   |   04:15:14   |
10602       |       -5246.48   |       -5248.38   |        1.90181   |   32:15:11   |   04:15:10   |
10603       |       -5247.54   |        -5249.7   |         2.1527   |   32:16:13   |   04:15:06   |
10604       |       -5247.34   |       -5250.21   |        2.86329   |   32:17:14   |   04:15:02   |
10605       |       -5248.37   |       -5251.28   |         2.9066   |   32:18:16   |   04:14:57   |
10606       |       -5246.48   |       -5249.33   |        2.84802   |   32:19:17   |   04:14:53   |
10607       |       -5246.48   |       -5249.33   |        2.84802   |   32:20:19   |   04:14:49   |
10608       |        -5245.7   |       -5249.34   |        3.63615   |   32:21:21   |   04:14:44   |
10609       |       -5245.61   |        -5247.6   |        1.99927   |   32:22:22   |   04:14:40   |
10610       |       -5246.81   |       -5248.78   |        1.97149   |   32:23:23   |   04:14:35   |
10611       |       -5244.96   |       -5247.97   |        3.01011   |   32:26:14   |   04:14:45   |
10612       |       -5245.51   |       -5248.61   |        3.10118   |   32:27:16   |   04:14:41   |
10613       |        -5245.5   |       -5248.64   |        3.14417   |   32:28:17   |   04:14:37   |
10614       |       -5244.62   |       -5247.76   |        3.14416   |   32:29:19   |   04:14:32   |
10615       |       -5246.54   |       -5248.65   |        2.11059   |   32:30:20   |   04:14:28   |
10616       |       -5246.54   |       -5248.65   |        2.11059   |   32:31:22   |   04:14:23   |
10617       |       -5246.31   |       -5248.42   |        2.11118   |   32:32:24   |   04:14:19   |
10618       |       -5244.62   |       -5246.73   |        2.11452   |   32:33:25   |   04:14:14   |
10619       |       -5244.62   |       -5246.73   |        2.11452   |   32:34:27   |   04:14:10   |


Iter        |      Posterior   |     Likelihood   |          Prior   |    elapsed   |        ETA   |
----------------------------------------------------------------------------------------------------
10620       |       -5244.46   |       -5246.59   |         2.1279   |   32:35:28   |   04:14:06   |
10621       |       -5246.37   |        -5250.5   |        4.13357   |   32:38:19   |   04:14:15   |
10622       |        -5245.2   |       -5249.32   |        4.11938   |   32:39:21   |   04:14:11   |
10623       |       -5245.21   |       -5248.58   |         3.3739   |   32:40:22   |   04:14:06   |
10624       |       -5246.96   |       -5250.35   |        3.38708   |   32:41:24   |   04:14:02   |
10625       |       -5245.61   |       -5249.11   |        3.50607   |   32:42:25   |   04:13:57   |
10626       |       -5246.44   |       -5249.77   |        3.32899   |   32:43:27   |   04:13:53   |
10627       |       -5246.67   |       -5248.29   |        1.62221   |   32:44:28   |   04:13:48   |
10628       |       -5248.88   |        -5250.5   |        1.62244   |   32:45:29   |   04:13:43   |
10629       |       -5245.28   |       -5246.91   |        1.62813   |   32:46:30   |   04:13:39   |
10630       |       -5243.06   |       -5244.48   |        1.42013   |   32:47:32   |   04:13:34   |
10631       |       -5243.94   |       -5245.77   |        1.82957   |   32:50:23   |   04:13:44   |
10632       |       -5246.05   |       -5248.05   |        1.99797   |   32:51:24   |   04:13:39   |
10633       |       -5245.93   |       -5248.81   |         2.8774   |   32:52:25   |   04:13:34   |
10634       |       -5246.33   |       -5249.19   |        2.85047   |   32:53:27   |   04:13:30   |
10635       |       -5248.33   |       -5251.18   |        2.84913   |   32:54:28   |   04:13:25   |
10636       |       -5246.97   |       -5249.82   |        2.85097   |   32:55:29   |   04:13:20   |
10637       |       -5247.93   |       -5251.61   |        3.67893   |   32:56:31   |   04:13:15   |
10638       |       -5245.54   |          -5249   |        3.46247   |   32:57:32   |   04:13:11   |
10639       |       -5247.87   |       -5251.47   |        3.60118   |   32:58:33   |   04:13:06   |


Iter        |      Posterior   |     Likelihood   |          Prior   |    elapsed   |        ETA   |
----------------------------------------------------------------------------------------------------
10640       |       -5247.87   |       -5251.47   |        3.60118   |   32:59:35   |   04:13:01   |
10641       |       -5247.49   |       -5251.09   |        3.60527   |   33:02:26   |   04:13:11   |
10642       |        -5248.6   |        -5252.2   |        3.59752   |   33:03:27   |   04:13:06   |
10643       |       -5249.33   |       -5253.98   |        4.64408   |   33:04:29   |   04:13:01   |
10644       |       -5248.86   |       -5253.51   |         4.6507   |   33:05:30   |   04:12:56   |
10645       |       -5248.86   |       -5252.64   |        3.77165   |   33:06:31   |   04:12:51   |
10646       |       -5251.86   |       -5255.41   |        3.54305   |   33:07:33   |   04:12:47   |
10647       |       -5251.86   |       -5255.41   |        3.54305   |   33:08:34   |   04:12:42   |
10648       |       -5247.66   |       -5251.13   |        3.47452   |   33:09:35   |   04:12:37   |
10649       |        -5247.1   |       -5250.58   |        3.47878   |   33:10:37   |   04:12:32   |
10650       |        -5244.3   |       -5247.78   |         3.4809   |   33:11:38   |   04:12:27   |
10651       |       -5246.05   |       -5249.53   |         3.4829   |   33:14:29   |   04:12:36   |
10652       |       -5244.53   |       -5247.97   |        3.43915   |   33:15:30   |   04:12:31   |
10653       |       -5244.74   |       -5248.18   |        3.43756   |   33:16:32   |   04:12:26   |
10654       |       -5243.21   |        -5245.8   |        2.58458   |   33:17:34   |   04:12:22   |
10655       |       -5244.29   |        -5246.9   |          2.607   |   33:18:35   |   04:12:17   |
10656       |       -5245.46   |       -5248.07   |        2.61791   |   33:19:37   |   04:12:12   |
10657       |       -5246.22   |       -5248.83   |        2.60609   |   33:20:39   |   04:12:07   |
10658       |       -5245.16   |        -5247.1   |        1.94102   |   33:21:40   |   04:12:02   |
10659       |       -5244.97   |       -5246.86   |        1.88612   |   33:22:41   |   04:11:57   |


Iter        |      Posterior   |     Likelihood   |          Prior   |    elapsed   |        ETA   |
----------------------------------------------------------------------------------------------------
10660       |       -5245.84   |       -5247.85   |        2.01467   |   33:23:43   |   04:11:52   |
10661       |       -5246.48   |        -5248.5   |         2.0157   |   33:26:34   |   04:12:01   |
10662       |       -5248.24   |       -5250.19   |        1.95009   |   33:27:35   |   04:11:56   |
10663       |       -5250.18   |       -5253.37   |         3.1932   |   33:28:36   |   04:11:51   |
10664       |        -5247.6   |        -5250.9   |         3.3067   |   33:29:38   |   04:11:46   |
10665       |       -5248.96   |       -5252.28   |        3.32321   |   33:30:39   |   04:11:41   |
10666       |       -5253.43   |       -5255.25   |         1.8265   |   33:31:41   |   04:11:36   |
10667       |       -5252.97   |       -5254.81   |        1.83958   |   33:32:42   |   04:11:31   |
10668       |       -5249.17   |       -5251.29   |        2.11914   |   33:33:43   |   04:11:25   |
10669       |       -5248.37   |       -5250.49   |        2.11529   |   33:34:44   |   04:11:20   |
10670       |       -5249.11   |       -5251.66   |        2.54576   |   33:35:46   |   04:11:15   |
10671       |       -5247.84   |       -5250.33   |        2.48771   |   33:38:38   |   04:11:24   |
10672       |        -5246.1   |        -5248.6   |        2.49621   |   33:39:40   |   04:11:19   |
10673       |       -5246.36   |       -5248.86   |        2.49524   |   33:40:41   |   04:11:14   |
10674       |       -5246.25   |       -5248.75   |        2.49999   |   33:41:43   |   04:11:09   |
10675       |       -5246.59   |       -5249.08   |        2.49269   |   33:42:45   |   04:11:04   |
10676       |       -5249.63   |        -5250.5   |       0.869854   |   33:43:47   |   04:10:58   |
10677       |       -5247.81   |       -5250.54   |        2.73425   |   33:44:48   |   04:10:53   |
10678       |       -5246.31   |       -5249.07   |        2.76361   |   33:45:50   |   04:10:48   |
10679       |       -5245.97   |       -5248.74   |        2.76617   |   33:46:51   |   04:10:43   |


Iter        |      Posterior   |     Likelihood   |          Prior   |    elapsed   |        ETA   |
----------------------------------------------------------------------------------------------------
10680       |       -5245.96   |       -5249.25   |        3.28725   |   33:47:52   |   04:10:38   |
10681       |       -5245.99   |       -5249.07   |        3.07757   |   33:50:43   |   04:10:46   |
10682       |       -5246.82   |       -5249.89   |        3.07401   |   33:51:45   |   04:10:41   |
10683       |       -5252.09   |       -5255.15   |        3.05575   |   33:52:46   |   04:10:35   |
10684       |       -5250.44   |       -5253.53   |         3.0827   |   33:53:47   |   04:10:30   |
10685       |       -5251.24   |       -5254.75   |        3.51062   |   33:54:48   |   04:10:25   |
10686       |       -5243.28   |        -5246.1   |        2.81703   |   33:55:50   |   04:10:20   |
10687       |       -5243.33   |       -5246.05   |        2.71898   |   33:56:51   |   04:10:14   |
10688       |       -5247.76   |       -5250.52   |         2.7545   |   33:57:52   |   04:10:09   |
10689       |       -5248.17   |       -5250.93   |        2.75103   |   33:58:54   |   04:10:04   |
10690       |       -5245.75   |        -5248.5   |        2.75638   |   33:59:55   |   04:09:58   |
10691       |       -5244.96   |       -5247.72   |        2.76132   |   34:02:46   |   04:10:06   |
10692       |       -5243.91   |       -5246.68   |        2.77007   |   34:03:47   |   04:10:01   |
10693       |       -5245.06   |        -5247.8   |         2.7433   |   34:04:48   |   04:09:56   |
10694       |       -5245.06   |        -5247.8   |         2.7433   |   34:05:49   |   04:09:50   |
10695       |       -5246.33   |       -5248.29   |        1.95702   |   34:06:50   |   04:09:45   |
10696       |       -5246.28   |       -5248.23   |        1.94558   |   34:07:52   |   04:09:39   |
10697       |       -5244.93   |       -5247.48   |        2.54705   |   34:08:53   |   04:09:34   |
10698       |       -5244.03   |       -5245.73   |        1.70189   |   34:09:54   |   04:09:28   |
10699       |       -5246.18   |       -5247.87   |        1.68842   |   34:10:55   |   04:09:23   |


Iter        |      Posterior   |     Likelihood   |          Prior   |    elapsed   |        ETA   |
----------------------------------------------------------------------------------------------------
10700       |       -5247.11   |       -5249.47   |        2.36133   |   34:11:56   |   04:09:18   |
10701       |       -5248.08   |       -5251.04   |         2.9565   |   34:14:47   |   04:09:25   |
10702       |       -5248.91   |       -5251.87   |        2.95981   |   34:15:49   |   04:09:20   |
10703       |       -5247.99   |       -5251.14   |        3.15137   |   34:16:50   |   04:09:14   |
10704       |       -5247.99   |       -5251.14   |        3.15137   |   34:17:52   |   04:09:09   |
10705       |       -5245.34   |        -5248.6   |        3.26143   |   34:18:53   |   04:09:03   |
10706       |       -5244.79   |       -5248.05   |        3.25959   |   34:19:54   |   04:08:58   |
10707       |       -5243.24   |       -5246.39   |        3.14806   |   34:20:56   |   04:08:52   |
10708       |       -5242.76   |       -5244.94   |        2.18643   |   34:21:57   |   04:08:47   |
10709       |       -5243.07   |       -5245.25   |        2.18227   |   34:22:58   |   04:08:41   |
10710       |       -5243.55   |       -5245.73   |        2.17989   |   34:24:00   |   04:08:36   |
10711       |       -5243.67   |       -5245.84   |        2.17659   |   34:26:51   |   04:08:43   |
10712       |       -5243.67   |       -5245.84   |        2.17659   |   34:27:52   |   04:08:38   |
10713       |       -5244.73   |       -5247.07   |         2.3397   |   34:28:54   |   04:08:32   |
10714       |       -5245.78   |       -5248.12   |        2.34569   |   34:29:55   |   04:08:27   |
10715       |       -5244.14   |       -5246.49   |        2.34586   |   34:31:38   |   04:08:26   |
10716       |       -5244.02   |       -5246.18   |        2.15395   |   34:32:39   |   04:08:20   |
10717       |       -5243.98   |       -5246.15   |         2.1756   |   34:33:41   |   04:08:15   |
10718       |       -5243.87   |       -5246.18   |        2.31279   |   34:34:42   |   04:08:09   |
10719       |       -5244.81   |       -5247.57   |        2.76161   |   34:35:43   |   04:08:03   |


Iter        |      Posterior   |     Likelihood   |          Prior   |    elapsed   |        ETA   |
----------------------------------------------------------------------------------------------------
10720       |       -5247.07   |        -5250.9   |        3.82488   |   34:36:45   |   04:07:58   |
10721       |       -5244.42   |       -5248.37   |        3.94509   |   34:39:36   |   04:08:05   |
10722       |       -5244.71   |       -5248.67   |        3.96289   |   34:40:37   |   04:07:59   |
10723       |       -5244.81   |       -5248.78   |        3.96953   |   34:41:38   |   04:07:54   |
10724       |       -5244.07   |       -5248.03   |        3.96396   |   34:42:40   |   04:07:48   |
10725       |       -5243.42   |       -5247.38   |        3.95916   |   34:43:41   |   04:07:42   |
10726       |       -5243.96   |       -5247.91   |         3.9576   |   34:44:43   |   04:07:36   |
10727       |       -5243.99   |       -5247.87   |        3.88492   |   34:45:44   |   04:07:31   |
10728       |       -5245.84   |       -5249.95   |        4.10389   |   34:46:45   |   04:07:25   |
10729       |       -5246.51   |        -5250.6   |        4.08557   |   34:47:46   |   04:07:19   |
10730       |       -5246.51   |        -5250.6   |        4.08557   |   34:48:48   |   04:07:13   |
10731       |       -5246.15   |       -5250.24   |        4.08744   |   34:51:39   |   04:07:20   |
10732       |       -5247.48   |       -5252.43   |        4.95309   |   34:52:40   |   04:07:15   |
10733       |       -5246.18   |       -5251.11   |        4.93766   |   34:53:42   |   04:07:09   |
10734       |       -5243.54   |       -5247.18   |         3.6379   |   34:54:43   |   04:07:03   |
10735       |       -5244.57   |       -5248.21   |        3.63805   |   34:55:44   |   04:06:57   |
10736       |       -5244.92   |       -5248.56   |        3.63613   |   34:56:46   |   04:06:51   |
10737       |       -5244.36   |       -5247.95   |        3.58443   |   34:57:47   |   04:06:45   |
10738       |       -5244.06   |       -5246.68   |        2.61355   |   34:58:49   |   04:06:39   |
10739       |       -5244.19   |       -5246.91   |        2.72366   |   34:59:50   |   04:06:34   |


Iter        |      Posterior   |     Likelihood   |          Prior   |    elapsed   |        ETA   |
----------------------------------------------------------------------------------------------------
10740       |       -5243.44   |       -5246.19   |        2.75084   |   35:00:51   |   04:06:28   |
10741       |       -5245.65   |       -5248.37   |         2.7221   |   35:03:42   |   04:06:35   |
10742       |       -5244.12   |       -5246.85   |        2.73236   |   35:04:44   |   04:06:29   |
10743       |       -5244.57   |       -5247.31   |        2.74152   |   35:05:45   |   04:06:23   |
10744       |       -5242.88   |       -5245.65   |        2.76291   |   35:06:46   |   04:06:17   |
10745       |       -5242.76   |        -5245.7   |         2.9443   |   35:07:48   |   04:06:11   |
10746       |       -5242.46   |       -5245.41   |        2.94792   |   35:08:49   |   04:06:05   |
10747       |       -5244.87   |       -5247.83   |        2.95863   |   35:09:51   |   04:05:59   |
10748       |       -5244.87   |       -5247.83   |        2.95863   |   35:10:52   |   04:05:53   |
10749       |          -5247   |       -5250.14   |        3.14077   |   35:11:54   |   04:05:47   |
10750       |       -5248.61   |       -5252.48   |        3.87028   |   35:12:55   |   04:05:41   |
10751       |       -5247.86   |       -5251.08   |         3.2177   |   35:15:46   |   04:05:47   |
10752       |       -5246.98   |        -5250.2   |         3.2153   |   35:16:48   |   04:05:42   |
10753       |       -5247.64   |       -5250.86   |        3.21325   |   35:17:49   |   04:05:35   |
10754       |       -5248.01   |       -5251.21   |        3.20013   |   35:18:51   |   04:05:29   |
10755       |       -5248.13   |       -5251.11   |        2.98451   |   35:19:52   |   04:05:23   |
10756       |       -5245.75   |        -5248.8   |        3.04292   |   35:20:54   |   04:05:17   |
10757       |       -5247.22   |       -5249.88   |        2.65143   |   35:21:55   |   04:05:11   |
10758       |       -5244.16   |       -5247.12   |        2.96306   |   35:22:57   |   04:05:05   |
10759       |       -5244.16   |       -5247.12   |        2.96306   |   35:23:58   |   04:04:59   |


Iter        |      Posterior   |     Likelihood   |          Prior   |    elapsed   |        ETA   |
----------------------------------------------------------------------------------------------------
10760       |       -5244.16   |       -5247.12   |        2.96306   |   35:24:59   |   04:04:53   |
10761       |       -5244.17   |       -5247.14   |        2.96223   |   35:27:50   |   04:04:59   |
10762       |       -5243.33   |       -5247.29   |        3.96061   |   35:28:51   |   04:04:53   |
10763       |       -5246.29   |       -5250.78   |        4.49127   |   35:29:53   |   04:04:47   |
10764       |       -5248.81   |       -5253.48   |        4.66988   |   35:30:54   |   04:04:41   |
10765       |          -5249   |       -5253.67   |        4.67577   |   35:31:55   |   04:04:34   |
10766       |          -5249   |       -5253.67   |        4.67577   |   35:32:56   |   04:04:28   |
10767       |          -5249   |       -5253.67   |        4.67577   |   35:33:58   |   04:04:22   |
10768       |       -5248.73   |        -5253.5   |        4.77076   |   35:34:59   |   04:04:16   |
10769       |       -5248.73   |        -5253.5   |        4.77076   |   35:36:00   |   04:04:09   |
10770       |       -5248.58   |       -5253.34   |        4.76412   |   35:37:01   |   04:04:03   |
10771       |       -5248.02   |       -5252.76   |        4.73876   |   35:39:52   |   04:04:09   |
10772       |       -5247.12   |       -5251.88   |        4.75869   |   35:40:53   |   04:04:03   |
10773       |       -5245.21   |       -5249.04   |        3.83449   |   35:41:55   |   04:03:57   |
10774       |       -5244.93   |       -5248.75   |        3.82283   |   35:42:56   |   04:03:50   |
10775       |       -5246.02   |       -5249.62   |        3.59888   |   35:43:57   |   04:03:44   |
10776       |       -5245.74   |       -5249.17   |        3.42931   |   35:44:59   |   04:03:38   |
10777       |       -5244.44   |       -5247.73   |        3.29661   |   35:46:00   |   04:03:31   |
10778       |       -5243.79   |       -5246.75   |        2.96365   |   35:47:01   |   04:03:25   |
10779       |       -5243.64   |       -5246.65   |         3.0139   |   35:48:02   |   04:03:19   |


Iter        |      Posterior   |     Likelihood   |          Prior   |    elapsed   |        ETA   |
----------------------------------------------------------------------------------------------------
10780       |       -5248.14   |       -5251.11   |        2.97383   |   35:49:04   |   04:03:12   |
10781       |       -5246.19   |       -5249.19   |        2.99307   |   35:51:53   |   04:03:18   |
10782       |       -5247.35   |        -5250.4   |        3.05751   |   35:52:55   |   04:03:12   |
10783       |       -5247.15   |       -5250.13   |        2.98553   |   35:53:56   |   04:03:05   |
10784       |       -5245.62   |       -5248.64   |        3.02014   |   35:54:57   |   04:02:59   |
10785       |       -5247.89   |       -5250.92   |        3.02325   |   35:55:58   |   04:02:53   |
10786       |       -5244.35   |       -5247.37   |          3.022   |   35:57:00   |   04:02:46   |
10787       |       -5244.66   |       -5246.96   |        2.29122   |   35:58:01   |   04:02:40   |
10788       |       -5246.08   |       -5248.37   |        2.29444   |   35:59:02   |   04:02:33   |
10789       |       -5247.09   |       -5249.38   |        2.29121   |   36:00:04   |   04:02:27   |
10790       |       -5243.99   |       -5247.36   |        3.36129   |   36:01:05   |   04:02:20   |
10791       |       -5245.11   |       -5248.48   |        3.36365   |   36:03:56   |   04:02:26   |
10792       |       -5244.91   |       -5248.21   |        3.30261   |   36:04:57   |   04:02:19   |
10793       |        -5243.2   |       -5245.56   |        2.36693   |   36:05:58   |   04:02:13   |
10794       |       -5243.21   |       -5245.55   |        2.34381   |   36:06:59   |   04:02:06   |
10795       |       -5244.05   |       -5247.18   |        3.12889   |   36:08:00   |   04:02:00   |
10796       |       -5245.85   |       -5247.87   |        2.01939   |   36:09:02   |   04:01:53   |
10797       |       -5243.23   |       -5246.15   |          2.929   |   36:10:03   |   04:01:47   |
10798       |       -5243.74   |       -5246.57   |        2.82799   |   36:11:05   |   04:01:40   |
10799       |       -5243.89   |       -5246.89   |        2.99374   |   36:12:06   |   04:01:34   |


Iter        |      Posterior   |     Likelihood   |          Prior   |    elapsed   |        ETA   |
----------------------------------------------------------------------------------------------------
10800       |       -5244.05   |       -5247.04   |        2.98828   |   36:13:07   |   04:01:27   |
10801       |       -5244.03   |       -5246.98   |        2.95073   |   36:15:58   |   04:01:33   |
10802       |       -5244.72   |       -5247.67   |        2.94945   |   36:16:59   |   04:01:26   |
10803       |       -5245.14   |       -5248.11   |        2.96757   |   36:18:00   |   04:01:19   |
10804       |       -5246.04   |       -5249.01   |        2.96812   |   36:19:02   |   04:01:13   |
10805       |       -5244.33   |       -5247.33   |        3.00136   |   36:20:03   |   04:01:06   |
10806       |       -5244.27   |       -5247.26   |        2.99253   |   36:21:05   |   04:00:59   |
10807       |       -5243.42   |       -5246.41   |        2.99427   |   36:22:06   |   04:00:53   |
10808       |       -5244.74   |       -5247.74   |        2.99903   |   36:23:08   |   04:00:46   |
10809       |       -5245.43   |       -5248.54   |        3.11876   |   36:24:09   |   04:00:39   |
10810       |       -5246.74   |       -5249.85   |        3.11387   |   36:25:10   |   04:00:33   |
10811       |       -5245.37   |       -5248.45   |        3.08007   |   36:28:01   |   04:00:38   |
10812       |       -5244.59   |       -5247.68   |        3.08733   |   36:29:03   |   04:00:31   |
10813       |       -5245.21   |       -5248.29   |        3.08455   |   36:30:04   |   04:00:24   |
10814       |       -5243.23   |       -5246.16   |        2.93384   |   36:31:05   |   04:00:18   |
10815       |       -5243.23   |       -5246.16   |        2.93384   |   36:32:06   |   04:00:11   |
10816       |       -5244.19   |       -5245.23   |        1.03628   |   36:33:08   |   04:00:04   |
10817       |       -5244.32   |       -5245.35   |        1.03049   |   36:34:09   |   03:59:57   |
10818       |       -5244.32   |       -5245.35   |        1.03049   |   36:35:11   |   03:59:51   |
10819       |       -5245.46   |       -5247.06   |        1.60422   |   36:36:12   |   03:59:44   |


Iter        |      Posterior   |     Likelihood   |          Prior   |    elapsed   |        ETA   |
----------------------------------------------------------------------------------------------------
10820       |       -5244.19   |        -5245.8   |        1.60878   |   36:37:13   |   03:59:37   |
10821       |       -5244.38   |          -5246   |        1.62304   |   36:40:04   |   03:59:42   |
10822       |        -5245.1   |       -5246.71   |        1.61291   |   36:41:06   |   03:59:35   |
10823       |        -5245.1   |       -5246.71   |        1.61291   |   36:42:07   |   03:59:28   |
10824       |       -5247.98   |        -5249.6   |        1.62077   |   36:43:08   |   03:59:21   |
10825       |       -5248.29   |       -5249.76   |        1.46874   |   36:44:10   |   03:59:15   |
10826       |       -5246.38   |       -5247.84   |        1.46043   |   36:45:12   |   03:59:08   |
10827       |       -5245.42   |       -5247.06   |        1.63313   |   36:46:13   |   03:59:01   |
10828       |        -5247.7   |       -5250.62   |        2.91313   |   36:47:15   |   03:58:54   |
10829       |       -5247.66   |       -5250.58   |        2.91676   |   36:48:16   |   03:58:47   |
10830       |       -5245.98   |       -5248.91   |        2.93035   |   36:49:18   |   03:58:40   |
10831       |       -5243.29   |       -5245.35   |        2.05602   |   36:52:09   |   03:58:45   |
10832       |       -5247.97   |       -5250.02   |        2.05465   |   36:53:11   |   03:58:38   |
10833       |       -5247.97   |       -5250.02   |        2.05465   |   36:54:12   |   03:58:31   |
10834       |       -5247.97   |       -5250.02   |        2.05465   |   36:55:14   |   03:58:24   |
10835       |       -5245.22   |       -5246.89   |        1.66226   |   36:56:15   |   03:58:17   |
10836       |       -5245.22   |       -5246.89   |        1.66226   |   36:57:17   |   03:58:10   |
10837       |       -5246.19   |       -5247.47   |         1.2709   |   36:58:18   |   03:58:03   |
10838       |       -5245.55   |       -5246.81   |        1.26883   |   36:59:20   |   03:57:56   |
10839       |       -5245.55   |       -5246.81   |        1.26883   |   37:00:21   |   03:57:49   |


Iter        |      Posterior   |     Likelihood   |          Prior   |    elapsed   |        ETA   |
----------------------------------------------------------------------------------------------------
10840       |       -5245.55   |       -5246.81   |        1.26883   |   37:01:23   |   03:57:42   |
10841       |       -5243.18   |        -5244.6   |        1.42278   |   37:04:14   |   03:57:47   |
10842       |       -5244.14   |       -5247.11   |        2.97321   |   37:05:16   |   03:57:40   |
10843       |       -5242.74   |       -5244.41   |        1.67494   |   37:06:18   |   03:57:33   |
10844       |       -5244.98   |       -5246.65   |        1.67008   |   37:07:19   |   03:57:26   |
10845       |       -5245.09   |       -5246.67   |        1.58073   |   37:08:21   |   03:57:19   |
10846       |       -5246.88   |       -5248.45   |        1.56599   |   37:09:22   |   03:57:12   |
10847       |       -5250.03   |       -5251.57   |        1.54611   |   37:10:24   |   03:57:05   |
10848       |       -5250.03   |       -5251.57   |        1.54611   |   37:11:25   |   03:56:57   |
10849       |       -5250.03   |       -5251.57   |        1.54611   |   37:12:27   |   03:56:50   |
10850       |       -5246.09   |       -5247.47   |        1.37581   |   37:13:28   |   03:56:43   |
10851       |       -5242.35   |       -5243.73   |        1.38447   |   37:16:20   |   03:56:48   |
10852       |       -5242.35   |       -5243.73   |        1.38447   |   37:17:21   |   03:56:40   |
10853       |       -5243.07   |       -5244.45   |        1.37346   |   37:18:23   |   03:56:33   |
10854       |       -5243.14   |       -5244.51   |        1.36575   |   37:19:24   |   03:56:26   |
10855       |       -5244.06   |       -5247.48   |         3.4228   |   37:20:26   |   03:56:19   |
10856       |       -5245.71   |       -5249.12   |        3.41627   |   37:21:28   |   03:56:12   |
10857       |       -5246.88   |       -5249.65   |        2.76882   |   37:22:29   |   03:56:05   |
10858       |       -5249.05   |       -5251.82   |        2.77017   |   37:23:31   |   03:55:57   |
10859       |       -5248.28   |       -5251.05   |        2.77471   |   37:24:32   |   03:55:50   |


Iter        |      Posterior   |     Likelihood   |          Prior   |    elapsed   |        ETA   |
----------------------------------------------------------------------------------------------------
10860       |       -5246.86   |        -5250.1   |        3.23348   |   37:25:34   |   03:55:43   |
10861       |       -5246.86   |        -5250.1   |        3.23348   |   37:28:25   |   03:55:47   |
10862       |       -5246.21   |       -5249.45   |        3.23436   |   37:29:27   |   03:55:40   |
10863       |       -5246.21   |       -5249.45   |        3.23436   |   37:30:28   |   03:55:33   |
10864       |       -5244.86   |        -5248.1   |        3.24527   |   37:31:30   |   03:55:25   |
10865       |       -5245.28   |       -5248.12   |        2.84691   |   37:32:31   |   03:55:18   |
10866       |       -5245.28   |       -5248.12   |        2.84691   |   37:33:33   |   03:55:11   |
10867       |       -5248.94   |       -5251.77   |        2.82732   |   37:34:34   |   03:55:03   |
10868       |       -5248.94   |       -5251.77   |        2.82732   |   37:35:36   |   03:54:56   |
10869       |       -5248.94   |       -5251.77   |        2.82732   |   37:36:37   |   03:54:49   |
10870       |       -5246.58   |       -5249.41   |        2.83032   |   37:37:39   |   03:54:41   |
10871       |       -5246.01   |       -5248.85   |        2.83245   |   37:40:30   |   03:54:45   |
10872       |       -5246.16   |       -5248.99   |        2.82663   |   37:41:32   |   03:54:38   |
10873       |       -5246.16   |       -5248.99   |        2.82663   |   37:42:33   |   03:54:30   |
10874       |       -5246.16   |       -5248.99   |        2.82663   |   37:43:34   |   03:54:23   |
10875       |       -5244.91   |       -5247.75   |        2.83915   |   37:44:36   |   03:54:16   |
10876       |       -5248.06   |       -5250.75   |         2.6887   |   37:45:38   |   03:54:08   |
10877       |       -5248.68   |        -5249.7   |         1.0144   |   37:46:39   |   03:54:01   |
10878       |       -5246.54   |       -5247.56   |        1.02304   |   37:47:41   |   03:53:53   |
10879       |       -5244.97   |       -5245.99   |        1.02658   |   37:48:42   |   03:53:46   |


Iter        |      Posterior   |     Likelihood   |          Prior   |    elapsed   |        ETA   |
----------------------------------------------------------------------------------------------------
10880       |       -5244.97   |       -5245.99   |        1.02658   |   37:49:44   |   03:53:38   |
10881       |       -5246.38   |       -5246.98   |       0.598003   |   37:52:35   |   03:53:42   |
10882       |       -5246.73   |       -5247.22   |       0.489337   |   37:53:37   |   03:53:35   |
10883       |       -5243.74   |       -5244.95   |        1.20993   |   37:54:39   |   03:53:27   |
10884       |       -5243.21   |       -5244.43   |        1.22253   |   37:55:40   |   03:53:20   |
10885       |       -5244.09   |       -5245.31   |        1.22568   |   37:56:42   |   03:53:12   |
10886       |       -5242.83   |       -5244.05   |        1.22589   |   37:57:44   |   03:53:05   |
10887       |       -5242.37   |        -5243.6   |        1.23397   |   37:58:46   |   03:52:57   |
10888       |       -5241.69   |       -5242.93   |         1.2396   |   37:59:47   |   03:52:50   |
10889       |       -5241.54   |       -5242.78   |         1.2368   |   38:00:49   |   03:52:42   |
10890       |       -5243.13   |       -5244.36   |        1.23406   |   38:01:51   |   03:52:35   |
10891       |       -5243.54   |       -5244.77   |        1.23448   |   38:04:42   |   03:52:38   |
10892       |       -5242.98   |        -5244.2   |        1.21569   |   38:05:43   |   03:52:31   |
10893       |       -5242.23   |       -5243.46   |        1.22727   |   38:06:45   |   03:52:23   |
10894       |       -5241.54   |       -5242.77   |        1.23146   |   38:07:46   |   03:52:15   |
10895       |       -5241.54   |       -5242.77   |        1.23146   |   38:08:48   |   03:52:08   |
10896       |       -5241.44   |       -5242.75   |        1.31103   |   38:09:49   |   03:52:00   |
10897       |       -5242.39   |       -5243.71   |        1.31642   |   38:10:51   |   03:51:52   |
10898       |       -5246.69   |       -5248.01   |        1.31757   |   38:11:52   |   03:51:45   |
10899       |       -5246.72   |       -5248.04   |        1.31742   |   38:12:53   |   03:51:37   |


Iter        |      Posterior   |     Likelihood   |          Prior   |    elapsed   |        ETA   |
----------------------------------------------------------------------------------------------------
10900       |       -5246.58   |        -5247.9   |        1.32511   |   38:13:55   |   03:51:29   |
10901       |       -5247.19   |       -5248.51   |        1.32202   |   38:16:44   |   03:51:32   |
10902       |        -5247.2   |       -5248.98   |        1.78203   |   38:17:45   |   03:51:25   |
10903       |       -5247.74   |       -5249.52   |        1.78252   |   38:18:47   |   03:51:17   |
10904       |       -5247.59   |       -5249.36   |        1.77194   |   38:19:48   |   03:51:09   |
10905       |       -5247.59   |       -5249.36   |        1.77194   |   38:20:49   |   03:51:01   |
10906       |       -5247.59   |       -5249.36   |        1.77194   |   38:21:51   |   03:50:54   |
10907       |       -5244.83   |       -5246.59   |        1.75808   |   38:22:52   |   03:50:46   |
10908       |       -5244.78   |       -5247.17   |        2.39005   |   38:23:53   |   03:50:38   |
10909       |       -5247.25   |        -5249.6   |        2.35779   |   38:24:54   |   03:50:30   |
10910       |       -5248.36   |       -5250.71   |        2.35579   |   38:25:56   |   03:50:22   |
10911       |       -5248.36   |       -5250.71   |        2.35579   |   38:28:46   |   03:50:25   |
10912       |       -5249.59   |       -5251.91   |        2.32323   |   38:29:48   |   03:50:18   |
10913       |       -5249.47   |       -5251.77   |        2.29969   |   38:30:49   |   03:50:10   |
10914       |       -5246.19   |       -5248.51   |        2.32437   |   38:31:51   |   03:50:02   |
10915       |       -5245.57   |       -5247.89   |        2.32595   |   38:32:52   |   03:49:54   |
10916       |       -5249.11   |       -5251.44   |        2.32984   |   38:33:54   |   03:49:46   |
10917       |       -5245.26   |       -5246.32   |        1.06317   |   38:34:55   |   03:49:38   |
10918       |       -5245.61   |       -5248.86   |        3.25642   |   38:35:57   |   03:49:30   |
10919       |       -5248.31   |       -5251.81   |        3.49985   |   38:36:59   |   03:49:23   |


Iter        |      Posterior   |     Likelihood   |          Prior   |    elapsed   |        ETA   |
----------------------------------------------------------------------------------------------------
10920       |       -5246.01   |       -5248.77   |          2.766   |   38:38:00   |   03:49:15   |
10921       |        -5246.1   |       -5248.86   |         2.7602   |   38:40:51   |   03:49:18   |
10922       |       -5244.81   |       -5247.68   |        2.87667   |   38:41:53   |   03:49:10   |
10923       |       -5244.93   |       -5247.81   |        2.87889   |   38:42:54   |   03:49:02   |
10924       |       -5245.71   |       -5247.97   |        2.26042   |   38:43:56   |   03:48:54   |
10925       |       -5246.77   |       -5248.33   |         1.5619   |   38:44:57   |   03:48:46   |
10926       |       -5245.96   |       -5247.52   |        1.55974   |   38:45:59   |   03:48:38   |
10927       |       -5245.02   |       -5247.26   |        2.24228   |   38:47:01   |   03:48:30   |
10928       |        -5244.1   |       -5245.96   |        1.85742   |   38:48:02   |   03:48:22   |
10929       |       -5244.08   |       -5245.95   |        1.87212   |   38:49:03   |   03:48:14   |
10930       |       -5242.42   |       -5244.33   |        1.90229   |   38:50:05   |   03:48:06   |
10931       |       -5242.51   |       -5244.42   |        1.90122   |   38:52:55   |   03:48:08   |
10932       |       -5242.51   |       -5244.42   |        1.90122   |   38:53:57   |   03:48:00   |
10933       |       -5242.32   |        -5244.2   |        1.87438   |   38:54:59   |   03:47:52   |
10934       |        -5244.1   |       -5245.97   |        1.87177   |   38:56:00   |   03:47:44   |
10935       |       -5243.58   |       -5245.45   |        1.87231   |   38:57:02   |   03:47:36   |
10936       |       -5243.66   |       -5245.17   |        1.50438   |   38:58:03   |   03:47:28   |
10937       |       -5243.66   |       -5245.18   |        1.51951   |   38:59:05   |   03:47:20   |
10938       |       -5243.54   |       -5244.59   |        1.05013   |   39:00:06   |   03:47:12   |
10939       |       -5244.71   |       -5245.74   |        1.03229   |   39:01:08   |   03:47:04   |


Iter        |      Posterior   |     Likelihood   |          Prior   |    elapsed   |        ETA   |
----------------------------------------------------------------------------------------------------
10940       |       -5244.47   |       -5245.51   |          1.045   |   39:02:09   |   03:46:56   |
10941       |       -5242.92   |       -5243.96   |        1.03601   |   39:05:01   |   03:46:58   |
10942       |       -5243.18   |       -5242.26   |      -0.927154   |   39:06:02   |   03:46:50   |
10943       |       -5245.06   |       -5244.12   |       -0.93439   |   39:07:04   |   03:46:42   |
10944       |       -5246.49   |       -5245.53   |      -0.955974   |   39:08:05   |   03:46:34   |
10945       |       -5249.02   |       -5248.06   |      -0.957544   |   39:09:07   |   03:46:26   |
10946       |       -5247.32   |       -5246.38   |      -0.944051   |   39:10:08   |   03:46:17   |
10947       |       -5248.36   |       -5247.26   |       -1.09898   |   39:11:10   |   03:46:09   |
10948       |       -5246.09   |       -5244.94   |       -1.15691   |   39:12:12   |   03:46:01   |
10949       |       -5246.79   |       -5245.85   |      -0.938886   |   39:13:13   |   03:45:53   |
10950       |       -5244.68   |       -5243.37   |       -1.30281   |   39:14:15   |   03:45:45   |
10951       |        -5244.6   |       -5245.39   |       0.790808   |   39:17:06   |   03:45:47   |
10952       |       -5244.82   |       -5245.58   |       0.760471   |   39:18:08   |   03:45:39   |
10953       |       -5244.94   |        -5245.7   |       0.760409   |   39:19:09   |   03:45:30   |
10954       |       -5244.55   |       -5243.31   |       -1.24293   |   39:20:11   |   03:45:22   |
10955       |       -5244.09   |       -5242.83   |       -1.25504   |   39:21:12   |   03:45:14   |
10956       |       -5244.94   |       -5243.67   |       -1.26256   |   39:22:14   |   03:45:05   |
10957       |       -5245.19   |       -5243.92   |       -1.27057   |   39:23:15   |   03:44:57   |
10958       |       -5249.64   |       -5248.35   |       -1.29168   |   39:24:16   |   03:44:49   |
10959       |       -5247.92   |       -5245.97   |       -1.95314   |   39:25:17   |   03:44:40   |


Iter        |      Posterior   |     Likelihood   |          Prior   |    elapsed   |        ETA   |
----------------------------------------------------------------------------------------------------
10960       |       -5246.83   |       -5244.87   |       -1.95972   |   39:26:19   |   03:44:32   |
10961       |       -5248.81   |       -5248.16   |      -0.652865   |   39:29:10   |   03:44:34   |
10962       |       -5246.31   |       -5245.34   |      -0.971181   |   39:30:11   |   03:44:26   |
10963       |       -5246.45   |       -5245.62   |      -0.827615   |   39:31:13   |   03:44:17   |
10964       |       -5245.77   |        -5245.1   |      -0.670456   |   39:32:15   |   03:44:09   |
10965       |       -5245.77   |        -5245.1   |      -0.670456   |   39:33:16   |   03:44:00   |
10966       |       -5245.77   |        -5245.1   |      -0.670456   |   39:34:18   |   03:43:52   |
10967       |       -5244.91   |       -5244.28   |      -0.636857   |   39:35:19   |   03:43:44   |
10968       |       -5243.71   |       -5243.07   |      -0.633465   |   39:36:21   |   03:43:35   |
10969       |       -5243.71   |       -5243.07   |      -0.633465   |   39:37:22   |   03:43:27   |
10970       |       -5243.63   |          -5243   |      -0.631741   |   39:38:24   |   03:43:18   |
10971       |       -5245.94   |       -5245.33   |      -0.608136   |   39:41:15   |   03:43:20   |
10972       |       -5245.46   |       -5244.84   |      -0.619115   |   39:42:17   |   03:43:12   |
10973       |       -5247.07   |       -5245.87   |       -1.19633   |   39:43:18   |   03:43:03   |
10974       |       -5247.79   |        -5246.2   |       -1.59128   |   39:44:20   |   03:42:55   |
10975       |       -5247.99   |       -5246.63   |        -1.3576   |   39:45:22   |   03:42:46   |
10976       |       -5247.96   |        -5246.6   |       -1.35969   |   39:46:23   |   03:42:38   |
10977       |       -5247.63   |       -5246.53   |       -1.09726   |   39:47:25   |   03:42:29   |
10978       |       -5246.33   |       -5245.27   |       -1.05239   |   39:48:26   |   03:42:21   |
10979       |       -5245.82   |       -5244.35   |       -1.47111   |   39:49:28   |   03:42:12   |


Iter        |      Posterior   |     Likelihood   |          Prior   |    elapsed   |        ETA   |
----------------------------------------------------------------------------------------------------
10980       |       -5246.39   |       -5244.87   |       -1.51655   |   39:50:30   |   03:42:04   |
10981       |       -5246.09   |       -5244.57   |        -1.5155   |   39:53:21   |   03:42:05   |
10982       |       -5244.96   |       -5243.25   |       -1.70481   |   39:54:23   |   03:41:57   |
10983       |       -5243.51   |       -5243.02   |      -0.487487   |   39:55:24   |   03:41:48   |
10984       |       -5244.42   |       -5243.92   |      -0.500938   |   39:56:26   |   03:41:39   |
10985       |       -5244.57   |       -5243.34   |       -1.23264   |   39:57:27   |   03:41:31   |
10986       |       -5243.02   |        -5242.8   |      -0.222388   |   39:58:29   |   03:41:22   |
10987       |       -5243.48   |       -5243.26   |      -0.221415   |   39:59:31   |   03:41:14   |
10988       |       -5244.09   |       -5243.86   |      -0.229447   |   40:00:32   |   03:41:05   |
10989       |       -5249.29   |       -5249.04   |      -0.246859   |   40:01:34   |   03:40:56   |
10990       |       -5244.14   |       -5243.81   |      -0.334362   |   40:02:35   |   03:40:48   |
10991       |       -5248.19   |       -5246.51   |       -1.67714   |   40:05:26   |   03:40:49   |
10992       |       -5248.41   |       -5247.18   |       -1.22882   |   40:06:28   |   03:40:40   |
10993       |       -5247.21   |       -5246.03   |       -1.17199   |   40:07:30   |   03:40:32   |
10994       |       -5245.86   |       -5244.69   |       -1.16778   |   40:08:31   |   03:40:23   |
10995       |       -5242.02   |       -5242.89   |       0.861039   |   40:09:33   |   03:40:14   |
10996       |       -5244.18   |       -5244.99   |       0.808599   |   40:10:34   |   03:40:05   |
10997       |       -5243.19   |       -5244.01   |       0.818873   |   40:11:36   |   03:39:57   |
10998       |       -5242.58   |       -5242.91   |       0.329855   |   40:12:37   |   03:39:48   |
10999       |       -5245.28   |       -5245.59   |       0.318202   |   40:13:38   |   03:39:39   |


Iter        |      Posterior   |     Likelihood   |          Prior   |    elapsed   |        ETA   |
----------------------------------------------------------------------------------------------------
11000       |       -5242.53   |       -5242.86   |       0.325295   |   40:14:40   |   03:39:30   |
11001       |          -5245   |       -5245.34   |       0.338604   |   40:17:31   |   03:39:32   |
11002       |       -5246.23   |       -5246.16   |     -0.0724956   |   40:18:33   |   03:39:23   |
11003       |       -5248.06   |       -5247.94   |      -0.123641   |   40:19:34   |   03:39:14   |
11004       |        -5248.4   |       -5248.28   |      -0.120496   |   40:20:36   |   03:39:05   |
11005       |        -5247.2   |       -5247.08   |      -0.119188   |   40:21:37   |   03:38:56   |
11006       |       -5247.15   |       -5247.17   |      0.0152507   |   40:22:39   |   03:38:48   |
11007       |       -5249.45   |       -5249.24   |      -0.213054   |   40:23:40   |   03:38:39   |
11008       |       -5248.94   |       -5248.42   |       -0.51759   |   40:24:42   |   03:38:30   |
11009       |       -5246.68   |       -5246.14   |      -0.541942   |   40:25:43   |   03:38:21   |
11010       |       -5246.82   |       -5244.64   |       -2.17403   |   40:26:45   |   03:38:12   |
11011       |       -5244.85   |       -5244.16   |      -0.699075   |   40:29:37   |   03:38:13   |
11012       |       -5245.62   |       -5242.84   |        -2.7809   |   40:30:39   |   03:38:04   |
11013       |       -5245.26   |       -5242.48   |       -2.78011   |   40:31:42   |   03:37:55   |
11014       |       -5246.04   |       -5242.58   |       -3.45934   |   40:32:44   |   03:37:47   |
11015       |        -5245.3   |       -5245.19   |      -0.109677   |   40:33:46   |   03:37:38   |
11016       |       -5244.73   |       -5243.91   |      -0.817365   |   40:34:48   |   03:37:29   |
11017       |       -5244.93   |       -5242.75   |       -2.17504   |   40:35:50   |   03:37:20   |
11018       |       -5246.12   |       -5243.81   |       -2.30827   |   40:36:53   |   03:37:11   |
11019       |        -5246.7   |       -5244.34   |       -2.35917   |   40:37:55   |   03:37:02   |


Iter        |      Posterior   |     Likelihood   |          Prior   |    elapsed   |        ETA   |
----------------------------------------------------------------------------------------------------
11020       |       -5246.38   |       -5244.21   |        -2.1738   |   40:38:57   |   03:36:53   |
11021       |       -5247.45   |       -5245.29   |       -2.15481   |   40:41:48   |   03:36:54   |
11022       |       -5245.16   |       -5244.48   |      -0.681453   |   40:42:50   |   03:36:45   |
11023       |       -5245.45   |       -5244.69   |      -0.761336   |   40:43:53   |   03:36:36   |
11024       |       -5246.21   |       -5245.46   |      -0.756777   |   40:44:55   |   03:36:27   |
11025       |       -5244.07   |          -5244   |     -0.0642407   |   40:45:57   |   03:36:18   |
11026       |       -5243.37   |       -5243.86   |       0.485418   |   40:46:58   |   03:36:09   |
11027       |       -5245.27   |       -5247.21   |        1.93839   |   40:48:00   |   03:36:00   |
11028       |       -5244.48   |       -5246.43   |        1.95219   |   40:49:02   |   03:35:51   |
11029       |       -5245.68   |        -5247.1   |        1.42159   |   40:50:05   |   03:35:42   |
11030       |       -5248.24   |       -5249.66   |        1.42419   |   40:51:07   |   03:35:33   |
11031       |       -5248.56   |       -5249.85   |        1.29175   |   40:53:59   |   03:35:33   |
11032       |       -5248.94   |       -5250.23   |        1.29466   |   40:55:02   |   03:35:24   |
11033       |        -5247.8   |        -5249.1   |        1.29661   |   40:56:04   |   03:35:15   |
11034       |       -5243.49   |       -5244.79   |        1.29825   |   40:57:06   |   03:35:06   |
11035       |       -5245.39   |       -5246.69   |        1.29427   |   40:58:08   |   03:34:57   |
11036       |       -5245.39   |       -5246.69   |        1.29427   |   40:59:10   |   03:34:48   |
11037       |       -5245.19   |       -5246.48   |        1.29255   |   41:00:13   |   03:34:39   |
11038       |       -5245.02   |       -5246.46   |        1.44621   |   41:01:15   |   03:34:30   |
11039       |       -5247.08   |       -5248.53   |        1.44478   |   41:02:18   |   03:34:21   |


Iter        |      Posterior   |     Likelihood   |          Prior   |    elapsed   |        ETA   |
----------------------------------------------------------------------------------------------------
11040       |       -5244.97   |       -5246.43   |        1.45341   |   41:03:21   |   03:34:12   |
11041       |       -5244.97   |       -5246.43   |        1.45341   |   41:06:13   |   03:34:12   |
11042       |       -5244.39   |       -5244.98   |       0.585449   |   41:07:15   |   03:34:03   |
11043       |       -5245.73   |       -5246.32   |       0.583162   |   41:08:18   |   03:33:54   |
11044       |        -5245.6   |       -5246.42   |       0.818354   |   41:09:21   |   03:33:45   |
11045       |       -5242.98   |       -5243.64   |       0.663405   |   41:10:23   |   03:33:36   |
11046       |       -5244.08   |       -5244.76   |       0.674235   |   41:11:25   |   03:33:26   |
11047       |       -5246.96   |       -5247.64   |       0.682378   |   41:12:28   |   03:33:17   |
11048       |       -5246.42   |       -5247.09   |       0.671805   |   41:13:30   |   03:33:08   |
11049       |       -5243.59   |       -5243.59   |     0.00509896   |   41:14:33   |   03:32:59   |
11050       |        -5244.2   |       -5244.57   |       0.374455   |   41:15:36   |   03:32:50   |
11051       |        -5243.6   |       -5244.77   |        1.17494   |   41:18:28   |   03:32:50   |
11052       |       -5244.62   |       -5245.83   |        1.21032   |   41:19:30   |   03:32:40   |
11053       |       -5244.62   |       -5245.83   |        1.21032   |   41:20:33   |   03:32:31   |
11054       |       -5244.62   |       -5245.83   |        1.21032   |   41:21:35   |   03:32:22   |
11055       |          -5249   |       -5250.88   |        1.88595   |   41:22:38   |   03:32:13   |
11056       |       -5248.87   |       -5250.91   |        2.04059   |   41:23:40   |   03:32:03   |
11057       |       -5249.68   |       -5251.81   |        2.12608   |   41:24:42   |   03:31:54   |
11058       |       -5248.85   |       -5250.99   |        2.14435   |   41:25:45   |   03:31:45   |
11059       |       -5249.69   |       -5251.84   |        2.15051   |   41:26:47   |   03:31:35   |


Iter        |      Posterior   |     Likelihood   |          Prior   |    elapsed   |        ETA   |
----------------------------------------------------------------------------------------------------
11060       |       -5250.53   |       -5252.69   |        2.15461   |   41:27:50   |   03:31:26   |
11061       |       -5246.17   |        -5247.9   |         1.7258   |   41:30:42   |   03:31:26   |
11062       |       -5248.25   |       -5250.61   |        2.35491   |   41:31:45   |   03:31:17   |
11063       |       -5247.53   |       -5249.87   |        2.33958   |   41:32:47   |   03:31:07   |
11064       |       -5247.53   |       -5249.87   |        2.33958   |   41:33:50   |   03:30:58   |
11065       |       -5247.15   |       -5249.41   |        2.25842   |   41:34:52   |   03:30:49   |
11066       |       -5249.34   |       -5251.82   |        2.48319   |   41:35:55   |   03:30:39   |
11067       |       -5247.19   |       -5249.56   |        2.36997   |   41:36:57   |   03:30:30   |
11068       |        -5246.6   |       -5248.98   |        2.38266   |   41:38:00   |   03:30:20   |
11069       |       -5245.12   |       -5247.49   |        2.37375   |   41:39:02   |   03:30:11   |
11070       |       -5245.12   |       -5247.49   |        2.37375   |   41:40:05   |   03:30:02   |
11071       |       -5245.12   |       -5247.49   |        2.37375   |   41:42:57   |   03:30:01   |
11072       |       -5245.82   |       -5248.17   |        2.35329   |   41:44:00   |   03:29:52   |
11073       |       -5246.06   |       -5248.84   |        2.77763   |   41:45:02   |   03:29:42   |
11074       |       -5246.63   |       -5249.42   |         2.7897   |   41:46:04   |   03:29:33   |
11075       |        -5245.6   |       -5248.54   |        2.94024   |   41:47:07   |   03:29:23   |
11076       |       -5250.86   |       -5251.52   |        0.66421   |   41:48:09   |   03:29:14   |
11077       |       -5249.34   |       -5250.01   |       0.667316   |   41:49:11   |   03:29:04   |
11078       |       -5246.65   |        -5248.1   |        1.44634   |   41:50:14   |   03:28:55   |
11079       |       -5245.24   |       -5246.65   |        1.41398   |   41:51:16   |   03:28:45   |


Iter        |      Posterior   |     Likelihood   |          Prior   |    elapsed   |        ETA   |
----------------------------------------------------------------------------------------------------
11080       |       -5251.03   |       -5252.34   |        1.30333   |   41:52:19   |   03:28:36   |
11081       |       -5247.27   |       -5248.59   |        1.31738   |   41:55:11   |   03:28:35   |
11082       |       -5244.73   |        -5247.4   |        2.67105   |   41:56:14   |   03:28:26   |
11083       |       -5244.12   |       -5246.78   |        2.65888   |   41:57:16   |   03:28:16   |
11084       |       -5244.12   |       -5246.78   |        2.65888   |   41:58:18   |   03:28:06   |
11085       |       -5243.86   |        -5246.5   |        2.63906   |   41:59:21   |   03:27:57   |
11086       |       -5242.65   |       -5245.29   |        2.63761   |   42:00:23   |   03:27:47   |
11087       |       -5242.57   |       -5245.21   |         2.6398   |   42:01:25   |   03:27:38   |
11088       |       -5243.15   |       -5246.02   |        2.86972   |   42:02:28   |   03:27:28   |
11089       |       -5244.33   |       -5245.96   |        1.62254   |   42:03:31   |   03:27:18   |
11090       |       -5242.77   |       -5244.23   |        1.46907   |   42:04:33   |   03:27:09   |
11091       |       -5243.13   |       -5244.59   |        1.46545   |   42:07:25   |   03:27:08   |
11092       |       -5243.11   |       -5244.58   |        1.46599   |   42:08:28   |   03:26:58   |
11093       |       -5248.11   |       -5249.57   |        1.46152   |   42:09:30   |   03:26:49   |
11094       |       -5248.44   |       -5249.92   |        1.48147   |   42:10:32   |   03:26:39   |
11095       |       -5245.82   |       -5246.64   |        0.81718   |   42:11:35   |   03:26:29   |
11096       |       -5249.21   |       -5249.62   |       0.409154   |   42:12:37   |   03:26:20   |
11097       |       -5248.32   |       -5248.63   |       0.306298   |   42:13:40   |   03:26:10   |
11098       |       -5245.46   |       -5245.85   |       0.388462   |   42:14:42   |   03:26:00   |
11099       |       -5246.84   |       -5247.21   |       0.369976   |   42:15:45   |   03:25:50   |


Iter        |      Posterior   |     Likelihood   |          Prior   |    elapsed   |        ETA   |
----------------------------------------------------------------------------------------------------
11100       |       -5247.44   |       -5247.82   |       0.379314   |   42:16:47   |   03:25:41   |
11101       |       -5246.12   |       -5246.22   |        0.10028   |   42:19:39   |   03:25:40   |
11102       |        -5245.5   |       -5245.61   |       0.105995   |   42:20:42   |   03:25:30   |
11103       |       -5244.65   |       -5245.32   |       0.665864   |   42:21:44   |   03:25:20   |
11104       |       -5244.65   |       -5245.32   |       0.665864   |   42:22:46   |   03:25:10   |
11105       |       -5245.44   |        -5246.1   |       0.651987   |   42:23:49   |   03:25:01   |
11106       |       -5244.67   |       -5245.65   |       0.984695   |   42:24:51   |   03:24:51   |
11107       |       -5243.52   |        -5246.2   |        2.68256   |   42:25:53   |   03:24:41   |
11108       |       -5243.52   |        -5246.2   |        2.68256   |   42:26:56   |   03:24:31   |
11109       |       -5242.94   |       -5245.62   |        2.68198   |   42:27:59   |   03:24:21   |
11110       |       -5244.19   |       -5246.72   |        2.53652   |   42:29:01   |   03:24:11   |
11111       |        -5242.7   |       -5245.24   |        2.53729   |   42:31:53   |   03:24:10   |
11112       |       -5243.66   |       -5246.19   |        2.52883   |   42:32:56   |   03:24:00   |
11113       |       -5243.96   |       -5245.82   |        1.85956   |   42:33:58   |   03:23:50   |
11114       |       -5243.96   |       -5245.82   |        1.85956   |   42:35:00   |   03:23:40   |
11115       |       -5243.22   |       -5245.09   |        1.86914   |   42:36:03   |   03:23:31   |
11116       |       -5244.33   |       -5246.35   |        2.02154   |   42:37:05   |   03:23:21   |
11117       |       -5245.72   |       -5246.59   |       0.867333   |   42:38:08   |   03:23:11   |
11118       |        -5247.2   |       -5248.06   |       0.860602   |   42:39:10   |   03:23:01   |
11119       |        -5248.1   |       -5248.96   |        0.85854   |   42:40:13   |   03:22:51   |


Iter        |      Posterior   |     Likelihood   |          Prior   |    elapsed   |        ETA   |
----------------------------------------------------------------------------------------------------
11120       |       -5246.81   |       -5247.67   |        0.86406   |   42:41:16   |   03:22:41   |
11121       |       -5249.99   |       -5251.24   |        1.24429   |   42:44:08   |   03:22:40   |
11122       |       -5248.44   |       -5249.39   |       0.946135   |   42:45:10   |   03:22:30   |
11123       |       -5245.92   |       -5246.13   |       0.210629   |   42:46:13   |   03:22:20   |
11124       |       -5245.78   |       -5246.01   |       0.226062   |   42:47:15   |   03:22:10   |
11125       |       -5245.78   |       -5246.01   |       0.226062   |   42:48:18   |   03:22:00   |
11126       |       -5245.93   |       -5245.48   |      -0.458669   |   42:49:21   |   03:21:50   |
11127       |       -5247.77   |       -5247.21   |      -0.563298   |   42:50:23   |   03:21:39   |
11128       |       -5245.21   |       -5244.65   |      -0.564459   |   42:51:25   |   03:21:29   |
11129       |       -5244.08   |       -5243.64   |      -0.438425   |   42:52:28   |   03:21:19   |
11130       |       -5244.41   |       -5244.85   |       0.446859   |   42:53:30   |   03:21:09   |
11131       |       -5242.92   |       -5243.39   |       0.470896   |   42:56:22   |   03:21:08   |
11132       |       -5243.18   |       -5245.21   |        2.03139   |   42:57:25   |   03:20:58   |
11133       |       -5242.61   |       -5244.66   |        2.04561   |   42:58:27   |   03:20:48   |
11134       |       -5244.82   |       -5246.85   |        2.02855   |   42:59:29   |   03:20:37   |
11135       |       -5244.83   |       -5246.43   |        1.59667   |   43:00:31   |   03:20:27   |
11136       |       -5245.19   |       -5246.78   |        1.59887   |   43:01:34   |   03:20:17   |
11137       |       -5244.01   |       -5245.61   |         1.6036   |   43:02:37   |   03:20:07   |
11138       |       -5242.53   |       -5244.11   |        1.58614   |   43:03:39   |   03:19:57   |
11139       |       -5246.44   |       -5247.96   |        1.51676   |   43:04:42   |   03:19:47   |


Iter        |      Posterior   |     Likelihood   |          Prior   |    elapsed   |        ETA   |
----------------------------------------------------------------------------------------------------
11140       |       -5247.13   |       -5245.74   |       -1.38748   |   43:05:45   |   03:19:37   |
11141       |       -5245.11   |       -5243.72   |       -1.38575   |   43:08:37   |   03:19:35   |
11142       |       -5244.65   |       -5243.27   |       -1.38407   |   43:09:39   |   03:19:25   |
11143       |       -5244.97   |       -5243.58   |       -1.38998   |   43:10:42   |   03:19:14   |
11144       |       -5247.45   |       -5246.06   |       -1.39499   |   43:11:44   |   03:19:04   |
11145       |       -5245.58   |       -5244.21   |       -1.37271   |   43:12:47   |   03:18:54   |
11146       |       -5247.37   |       -5245.93   |       -1.43787   |   43:13:50   |   03:18:44   |
11147       |       -5247.36   |       -5245.92   |        -1.4371   |   43:14:52   |   03:18:33   |
11148       |       -5246.13   |       -5244.69   |       -1.44176   |   43:15:55   |   03:18:23   |
11149       |       -5245.94   |       -5244.65   |       -1.29809   |   43:16:57   |   03:18:13   |
11150       |       -5246.95   |       -5245.52   |       -1.42466   |   43:17:59   |   03:18:03   |
11151       |       -5247.44   |          -5246   |       -1.43175   |   43:20:51   |   03:18:01   |
11152       |        -5247.8   |       -5246.55   |       -1.25442   |   43:21:54   |   03:17:50   |
11153       |       -5249.49   |       -5248.24   |       -1.25011   |   43:22:56   |   03:17:40   |
11154       |       -5249.01   |       -5247.77   |       -1.24438   |   43:23:58   |   03:17:30   |
11155       |       -5249.67   |       -5248.38   |       -1.28374   |   43:25:01   |   03:17:19   |
11156       |       -5248.22   |        -5248.4   |       0.186186   |   43:26:03   |   03:17:09   |
11157       |       -5250.34   |       -5251.54   |        1.19468   |   43:27:05   |   03:16:59   |
11158       |       -5250.06   |       -5251.25   |         1.1889   |   43:28:07   |   03:16:48   |
11159       |       -5248.95   |       -5250.13   |        1.18496   |   43:29:09   |   03:16:38   |


Iter        |      Posterior   |     Likelihood   |          Prior   |    elapsed   |        ETA   |
----------------------------------------------------------------------------------------------------
11160       |       -5243.97   |       -5245.59   |        1.62354   |   43:30:11   |   03:16:27   |
11161       |       -5243.84   |       -5245.49   |        1.64269   |   43:33:02   |   03:16:25   |
11162       |       -5247.17   |        -5248.8   |        1.62667   |   43:34:04   |   03:16:15   |
11163       |       -5246.27   |        -5246.9   |       0.638848   |   43:35:07   |   03:16:04   |
11164       |       -5246.78   |       -5247.42   |        0.63967   |   43:36:08   |   03:15:54   |
11165       |       -5245.79   |       -5246.42   |       0.631336   |   43:37:11   |   03:15:43   |
11166       |        -5245.5   |       -5246.13   |       0.622607   |   43:38:13   |   03:15:33   |
11167       |       -5247.48   |       -5248.08   |       0.608824   |   43:39:16   |   03:15:23   |
11168       |       -5244.42   |       -5244.94   |       0.516386   |   43:40:19   |   03:15:12   |
11169       |       -5244.33   |       -5244.85   |       0.518953   |   43:41:22   |   03:15:02   |
11170       |       -5244.61   |       -5245.13   |       0.518047   |   43:42:25   |   03:14:51   |
11171       |       -5244.26   |       -5243.32   |       -0.93696   |   43:45:17   |   03:14:49   |
11172       |       -5244.38   |       -5243.15   |       -1.23708   |   43:46:19   |   03:14:38   |
11173       |       -5246.79   |       -5245.68   |       -1.11153   |   43:47:21   |   03:14:28   |
11174       |       -5245.45   |       -5244.53   |      -0.920951   |   43:48:24   |   03:14:17   |
11175       |       -5245.35   |       -5244.42   |      -0.936158   |   43:49:26   |   03:14:07   |
11176       |       -5245.35   |       -5244.42   |      -0.936158   |   43:50:28   |   03:13:56   |
11177       |       -5245.47   |       -5244.45   |       -1.01571   |   43:51:30   |   03:13:45   |
11178       |       -5247.21   |       -5246.22   |      -0.995904   |   43:52:32   |   03:13:35   |
11179       |        -5247.5   |       -5246.44   |       -1.05512   |   43:53:35   |   03:13:24   |


Iter        |      Posterior   |     Likelihood   |          Prior   |    elapsed   |        ETA   |
----------------------------------------------------------------------------------------------------
11180       |       -5250.31   |       -5249.41   |      -0.897421   |   43:54:37   |   03:13:14   |
11181       |       -5250.71   |       -5249.83   |      -0.879579   |   43:57:29   |   03:13:11   |
11182       |       -5248.71   |       -5247.82   |      -0.884024   |   43:58:31   |   03:13:00   |
11183       |       -5249.03   |       -5248.14   |      -0.889492   |   43:59:34   |   03:12:50   |
11184       |       -5249.15   |       -5248.32   |      -0.830616   |   44:00:36   |   03:12:39   |
11185       |        -5249.5   |       -5248.46   |       -1.03791   |   44:01:39   |   03:12:29   |
11186       |       -5247.92   |       -5246.87   |        -1.0437   |   44:02:41   |   03:12:18   |
11187       |        -5246.4   |        -5245.5   |      -0.897238   |   44:03:44   |   03:12:07   |
11188       |       -5245.07   |       -5245.15   |      0.0732383   |   44:04:46   |   03:11:57   |
11189       |       -5243.17   |       -5243.26   |      0.0883967   |   44:05:49   |   03:11:46   |
11190       |       -5244.62   |       -5245.68   |         1.0629   |   44:06:51   |   03:11:35   |
11191       |       -5244.62   |       -5245.68   |         1.0629   |   44:09:43   |   03:11:32   |
11192       |       -5244.62   |       -5245.68   |         1.0629   |   44:10:45   |   03:11:22   |
11193       |       -5244.42   |       -5243.85   |      -0.565165   |   44:11:48   |   03:11:11   |
11194       |       -5244.42   |       -5243.85   |      -0.565165   |   44:12:50   |   03:11:00   |
11195       |       -5244.63   |          -5244   |      -0.637883   |   44:13:52   |   03:10:49   |
11196       |       -5245.38   |       -5244.74   |      -0.646331   |   44:14:54   |   03:10:39   |
11197       |       -5244.51   |       -5244.54   |      0.0349341   |   44:15:56   |   03:10:28   |
11198       |       -5244.45   |       -5244.69   |       0.239305   |   44:16:59   |   03:10:17   |
11199       |       -5243.72   |       -5243.98   |       0.260728   |   44:18:01   |   03:10:06   |


Iter        |      Posterior   |     Likelihood   |          Prior   |    elapsed   |        ETA   |
----------------------------------------------------------------------------------------------------
11200       |       -5244.59   |       -5244.85   |       0.266882   |   44:19:03   |   03:09:55   |
11201       |       -5244.05   |       -5244.97   |       0.926598   |   44:21:54   |   03:09:52   |
11202       |       -5244.05   |       -5244.97   |       0.921194   |   44:22:56   |   03:09:42   |
11203       |       -5243.55   |       -5244.56   |        1.00784   |   44:23:59   |   03:09:31   |
11204       |       -5243.41   |       -5244.34   |       0.933681   |   44:25:01   |   03:09:20   |
11205       |       -5243.48   |        -5244.2   |       0.722185   |   44:26:04   |   03:09:09   |
11206       |       -5247.45   |       -5248.16   |       0.714256   |   44:27:06   |   03:08:58   |
11207       |       -5244.94   |       -5245.67   |        0.72286   |   44:28:08   |   03:08:47   |
11208       |       -5244.18   |        -5244.9   |       0.719907   |   44:29:10   |   03:08:36   |
11209       |       -5244.61   |       -5244.93   |       0.315572   |   44:30:13   |   03:08:25   |
11210       |       -5245.17   |       -5244.09   |       -1.08182   |   44:31:15   |   03:08:15   |
11211       |       -5245.48   |       -5244.39   |       -1.09867   |   44:34:07   |   03:08:11   |
11212       |       -5244.79   |        -5243.7   |       -1.09359   |   44:35:09   |   03:08:00   |
11213       |       -5244.98   |       -5243.89   |       -1.09584   |   44:36:11   |   03:07:49   |
11214       |       -5243.98   |       -5244.38   |        0.40196   |   44:37:13   |   03:07:38   |
11215       |       -5246.28   |        -5246.7   |       0.417357   |   44:38:15   |   03:07:27   |
11216       |        -5247.9   |       -5247.61   |      -0.293434   |   44:39:17   |   03:07:16   |
11217       |       -5244.76   |       -5244.49   |      -0.278153   |   44:40:20   |   03:07:06   |
11218       |        -5244.9   |       -5244.63   |      -0.277831   |   44:41:22   |   03:06:54   |
11219       |        -5244.9   |       -5244.63   |      -0.277831   |   44:42:25   |   03:06:44   |


Iter        |      Posterior   |     Likelihood   |          Prior   |    elapsed   |        ETA   |
----------------------------------------------------------------------------------------------------
11220       |       -5244.55   |       -5244.31   |      -0.233899   |   44:43:28   |   03:06:33   |
11221       |       -5245.46   |       -5245.22   |      -0.245133   |   44:46:19   |   03:06:29   |
11222       |       -5244.37   |       -5244.12   |      -0.253204   |   44:47:21   |   03:06:18   |
11223       |       -5242.54   |       -5242.23   |      -0.309908   |   44:48:24   |   03:06:07   |
11224       |       -5243.03   |       -5242.26   |      -0.766723   |   44:49:26   |   03:05:56   |
11225       |       -5244.18   |       -5243.42   |      -0.765946   |   44:50:28   |   03:05:45   |
11226       |       -5245.34   |       -5244.46   |      -0.885601   |   44:51:31   |   03:05:34   |
11227       |       -5244.71   |       -5243.58   |       -1.13023   |   44:52:33   |   03:05:23   |
11228       |       -5245.13   |       -5243.99   |       -1.14071   |   44:53:35   |   03:05:12   |
11229       |       -5244.24   |       -5243.31   |      -0.928845   |   44:54:37   |   03:05:00   |
11230       |       -5249.86   |       -5249.02   |      -0.838329   |   44:55:40   |   03:04:49   |
11231       |       -5249.53   |       -5248.75   |      -0.777617   |   44:58:30   |   03:04:46   |
11232       |       -5247.15   |       -5246.16   |      -0.998351   |   44:59:33   |   03:04:35   |
11233       |       -5249.23   |       -5248.21   |       -1.01323   |   45:00:36   |   03:04:23   |
11234       |       -5249.25   |       -5248.22   |       -1.02918   |   45:01:38   |   03:04:12   |
11235       |       -5247.77   |       -5249.01   |        1.23466   |   45:02:40   |   03:04:01   |
11236       |       -5246.63   |       -5246.84   |       0.215468   |   45:03:43   |   03:03:50   |
11237       |       -5246.84   |       -5247.08   |       0.231746   |   45:04:45   |   03:03:39   |
11238       |       -5247.08   |       -5247.24   |       0.153935   |   45:05:48   |   03:03:28   |
11239       |        -5245.6   |       -5245.76   |       0.159423   |   45:06:50   |   03:03:16   |


Iter        |      Posterior   |     Likelihood   |          Prior   |    elapsed   |        ETA   |
----------------------------------------------------------------------------------------------------
11240       |       -5244.87   |       -5245.04   |       0.162792   |   45:07:53   |   03:03:05   |
11241       |       -5245.29   |       -5244.95   |      -0.339935   |   45:10:43   |   03:03:01   |
11242       |          -5245   |       -5244.22   |      -0.784107   |   45:11:45   |   03:02:50   |
11243       |       -5246.07   |       -5246.11   |      0.0364862   |   45:12:48   |   03:02:39   |
11244       |       -5243.55   |       -5243.42   |      -0.125016   |   45:13:50   |   03:02:28   |
11245       |       -5243.68   |       -5244.15   |       0.468928   |   45:14:52   |   03:02:16   |
11246       |       -5243.35   |       -5243.82   |       0.476736   |   45:15:54   |   03:02:05   |
11247       |       -5243.35   |       -5243.82   |       0.476736   |   45:16:56   |   03:01:54   |
11248       |       -5243.35   |       -5243.82   |       0.476736   |   45:17:59   |   03:01:42   |
11249       |       -5243.21   |       -5243.68   |       0.467628   |   45:19:01   |   03:01:31   |
11250       |       -5244.06   |       -5243.51   |      -0.544457   |   45:20:04   |   03:01:20   |
11251       |       -5243.78   |       -5243.22   |      -0.559228   |   45:22:55   |   03:01:16   |
11252       |       -5246.03   |        -5245.5   |      -0.527183   |   45:23:57   |   03:01:04   |
11253       |       -5249.35   |       -5248.99   |       -0.35875   |   45:24:59   |   03:00:53   |
11254       |          -5249   |       -5248.23   |      -0.772845   |   45:26:01   |   03:00:42   |
11255       |       -5246.61   |       -5245.77   |      -0.845028   |   45:27:03   |   03:00:30   |
11256       |       -5246.55   |       -5245.72   |      -0.833821   |   45:28:06   |   03:00:19   |
11257       |       -5246.55   |       -5245.72   |      -0.833821   |   45:29:08   |   03:00:07   |
11258       |       -5247.79   |       -5248.69   |       0.902123   |   45:30:11   |   02:59:56   |
11259       |       -5245.55   |       -5246.46   |       0.916194   |   45:31:13   |   02:59:45   |


Iter        |      Posterior   |     Likelihood   |          Prior   |    elapsed   |        ETA   |
----------------------------------------------------------------------------------------------------
11260       |       -5244.08   |       -5242.75   |       -1.32843   |   45:32:15   |   02:59:33   |
11261       |       -5244.08   |       -5242.75   |       -1.32843   |   45:35:07   |   02:59:29   |
11262       |       -5245.69   |       -5244.36   |       -1.33032   |   45:36:09   |   02:59:18   |
11263       |       -5243.26   |       -5242.02   |       -1.23342   |   45:37:12   |   02:59:06   |
11264       |       -5244.74   |       -5243.58   |       -1.16438   |   45:38:14   |   02:58:55   |
11265       |       -5245.15   |       -5243.97   |       -1.17424   |   45:39:16   |   02:58:43   |
11266       |       -5246.59   |        -5245.3   |       -1.28211   |   45:40:19   |   02:58:32   |
11267       |       -5247.64   |       -5246.45   |       -1.19059   |   45:41:21   |   02:58:20   |
11268       |       -5245.76   |       -5246.83   |        1.07421   |   45:42:23   |   02:58:09   |
11269       |        -5245.9   |       -5246.97   |        1.06622   |   45:43:26   |   02:57:57   |
11270       |       -5245.81   |        -5246.2   |       0.386401   |   45:44:28   |   02:57:46   |
11271       |       -5247.84   |       -5248.24   |       0.396704   |   45:47:20   |   02:57:41   |
11272       |        -5247.6   |       -5247.97   |       0.374815   |   45:48:22   |   02:57:30   |
11273       |       -5245.12   |       -5246.44   |         1.3215   |   45:49:24   |   02:57:18   |
11274       |       -5245.87   |        -5247.2   |        1.32534   |   45:50:26   |   02:57:07   |
11275       |       -5244.39   |       -5245.71   |        1.31805   |   45:51:29   |   02:56:55   |
11276       |       -5244.57   |       -5244.48   |     -0.0865322   |   45:52:31   |   02:56:43   |
11277       |       -5246.45   |       -5246.35   |     -0.0976766   |   45:53:33   |   02:56:32   |
11278       |       -5246.45   |       -5246.35   |     -0.0976766   |   45:54:35   |   02:56:20   |
11279       |       -5246.45   |       -5246.35   |     -0.0976766   |   45:55:37   |   02:56:09   |


Iter        |      Posterior   |     Likelihood   |          Prior   |    elapsed   |        ETA   |
----------------------------------------------------------------------------------------------------
11280       |       -5244.33   |       -5246.43   |        2.09833   |   45:56:39   |   02:55:57   |
11281       |       -5242.94   |       -5244.11   |         1.1712   |   45:59:31   |   02:55:52   |
11282       |       -5246.28   |       -5246.68   |       0.407586   |   46:00:33   |   02:55:41   |
11283       |       -5247.04   |       -5247.44   |       0.391261   |   46:01:35   |   02:55:29   |
11284       |       -5247.04   |       -5247.44   |       0.391261   |   46:02:38   |   02:55:17   |
11285       |       -5247.04   |       -5247.44   |       0.391261   |   46:03:40   |   02:55:06   |
11286       |       -5246.99   |       -5247.34   |       0.348746   |   46:04:42   |   02:54:54   |
11287       |       -5246.83   |       -5247.06   |       0.227798   |   46:05:44   |   02:54:42   |
11288       |       -5245.55   |       -5245.71   |        0.15974   |   46:06:46   |   02:54:30   |
11289       |       -5247.08   |       -5247.23   |       0.145053   |   46:07:48   |   02:54:19   |
11290       |       -5243.44   |       -5243.68   |       0.242419   |   46:08:50   |   02:54:07   |
11291       |        -5244.1   |       -5244.34   |       0.239099   |   46:11:41   |   02:54:02   |
11292       |       -5242.54   |       -5242.81   |       0.274764   |   46:12:43   |   02:53:50   |
11293       |       -5244.44   |       -5244.85   |       0.407295   |   46:13:44   |   02:53:39   |
11294       |       -5243.68   |       -5244.12   |       0.440534   |   46:14:46   |   02:53:27   |
11295       |       -5245.48   |       -5246.07   |       0.588887   |   46:15:48   |   02:53:15   |
11296       |       -5243.78   |       -5244.23   |       0.449679   |   46:16:49   |   02:53:03   |
11297       |       -5245.92   |        -5246.4   |       0.485269   |   46:17:51   |   02:52:51   |
11298       |       -5245.92   |        -5246.4   |       0.485269   |   46:18:54   |   02:52:39   |
11299       |       -5246.52   |       -5245.71   |      -0.811384   |   46:19:56   |   02:52:28   |


Iter        |      Posterior   |     Likelihood   |          Prior   |    elapsed   |        ETA   |
----------------------------------------------------------------------------------------------------
11300       |       -5244.88   |       -5245.77   |       0.887202   |   46:20:58   |   02:52:16   |
11301       |       -5245.43   |       -5246.37   |       0.946254   |   46:23:50   |   02:52:11   |
11302       |       -5243.95   |       -5245.01   |        1.06056   |   46:24:52   |   02:51:59   |
11303       |        -5244.8   |       -5245.82   |        1.01687   |   46:25:55   |   02:51:47   |
11304       |       -5246.62   |       -5247.64   |        1.02291   |   46:26:57   |   02:51:35   |
11305       |       -5246.41   |       -5248.64   |        2.23838   |   46:27:59   |   02:51:23   |
11306       |       -5247.64   |       -5249.89   |        2.24913   |   46:29:02   |   02:51:12   |
11307       |       -5248.04   |       -5251.26   |        3.22364   |   46:30:04   |   02:51:00   |
11308       |       -5245.12   |       -5246.91   |        1.78681   |   46:31:07   |   02:50:48   |
11309       |       -5245.94   |       -5247.73   |        1.78974   |   46:32:09   |   02:50:36   |
11310       |       -5246.32   |       -5248.18   |        1.85982   |   46:33:11   |   02:50:24   |
11311       |       -5244.96   |       -5247.08   |        2.11404   |   46:36:03   |   02:50:19   |
11312       |       -5247.02   |       -5249.81   |        2.79409   |   46:37:05   |   02:50:07   |
11313       |       -5246.15   |       -5248.97   |        2.81784   |   46:38:08   |   02:49:55   |
11314       |       -5245.69   |       -5249.68   |        3.99071   |   46:39:10   |   02:49:43   |
11315       |       -5245.02   |       -5248.67   |        3.65876   |   46:40:12   |   02:49:31   |
11316       |       -5244.87   |       -5248.51   |        3.63692   |   46:41:14   |   02:49:19   |
11317       |       -5244.87   |       -5248.51   |        3.63692   |   46:42:16   |   02:49:07   |
11318       |       -5244.87   |       -5248.51   |        3.63692   |   46:43:18   |   02:48:55   |
11319       |       -5244.83   |       -5248.05   |        3.22044   |   46:44:21   |   02:48:43   |


Iter        |      Posterior   |     Likelihood   |          Prior   |    elapsed   |        ETA   |
----------------------------------------------------------------------------------------------------
11320       |       -5243.87   |        -5247.1   |        3.22876   |   46:45:23   |   02:48:31   |
11321       |       -5244.08   |       -5247.31   |        3.22986   |   46:48:14   |   02:48:25   |
11322       |       -5243.02   |          -5246   |        2.98267   |   46:49:16   |   02:48:13   |
11323       |       -5243.18   |       -5246.18   |        2.99335   |   46:50:19   |   02:48:01   |
11324       |       -5243.68   |       -5246.63   |        2.95314   |   46:51:21   |   02:47:49   |
11325       |       -5243.68   |       -5246.63   |        2.95314   |   46:52:23   |   02:47:37   |
11326       |        -5245.4   |        -5247.1   |        1.70219   |   46:53:25   |   02:47:25   |
11327       |       -5244.55   |       -5246.17   |        1.61991   |   46:54:27   |   02:47:13   |
11328       |       -5243.72   |       -5246.49   |        2.77236   |   46:55:29   |   02:47:01   |
11329       |       -5247.22   |       -5251.07   |        3.85109   |   46:56:32   |   02:46:49   |
11330       |       -5247.98   |       -5251.13   |        3.14872   |   46:57:34   |   02:46:37   |
11331       |       -5247.99   |       -5251.14   |        3.14869   |   47:00:25   |   02:46:31   |
11332       |       -5245.85   |       -5248.92   |        3.07455   |   47:01:27   |   02:46:19   |
11333       |       -5245.25   |       -5248.33   |        3.07447   |   47:02:29   |   02:46:06   |
11334       |       -5243.77   |       -5246.84   |        3.07507   |   47:03:31   |   02:45:54   |
11335       |       -5245.86   |       -5248.97   |        3.10991   |   47:04:33   |   02:45:42   |
11336       |       -5250.76   |        -5254.6   |        3.84026   |   47:05:35   |   02:45:30   |
11337       |       -5247.75   |       -5251.57   |        3.81446   |   47:06:37   |   02:45:18   |
11338       |       -5245.65   |       -5249.58   |        3.92963   |   47:07:39   |   02:45:06   |
11339       |       -5245.65   |       -5249.58   |        3.92963   |   47:08:42   |   02:44:53   |


Iter        |      Posterior   |     Likelihood   |          Prior   |    elapsed   |        ETA   |
----------------------------------------------------------------------------------------------------
11340       |       -5245.79   |       -5249.73   |        3.93136   |   47:09:43   |   02:44:41   |
11341       |       -5248.92   |       -5253.12   |        4.19497   |   47:12:34   |   02:44:35   |
11342       |       -5252.55   |       -5256.73   |        4.18257   |   47:13:36   |   02:44:23   |
11343       |       -5248.52   |       -5254.26   |         5.7454   |   47:14:38   |   02:44:11   |
11344       |       -5249.15   |       -5254.92   |        5.76708   |   47:15:40   |   02:43:58   |
11345       |       -5252.12   |       -5257.45   |        5.33595   |   47:16:42   |   02:43:46   |
11346       |       -5252.14   |       -5257.78   |         5.6479   |   47:17:44   |   02:43:34   |
11347       |       -5250.75   |       -5256.39   |        5.64065   |   47:18:46   |   02:43:21   |
11348       |       -5251.93   |       -5257.56   |         5.6329   |   47:19:49   |   02:43:09   |
11349       |       -5252.78   |       -5258.44   |        5.65589   |   47:20:51   |   02:42:57   |
11350       |       -5254.92   |       -5260.58   |        5.65739   |   47:21:53   |   02:42:45   |
11351       |        -5252.7   |       -5258.36   |        5.65804   |   47:24:45   |   02:42:39   |
11352       |       -5248.37   |       -5254.01   |        5.64517   |   47:25:47   |   02:42:26   |
11353       |       -5248.37   |       -5254.01   |        5.64517   |   47:26:49   |   02:42:14   |
11354       |       -5248.53   |       -5253.97   |        5.44051   |   47:27:51   |   02:42:01   |
11355       |       -5249.84   |       -5255.36   |        5.52358   |   47:28:53   |   02:41:49   |
11356       |       -5249.42   |       -5254.89   |        5.47025   |   47:29:55   |   02:41:37   |
11357       |       -5252.03   |       -5257.49   |        5.45851   |   47:30:57   |   02:41:24   |
11358       |       -5251.53   |       -5257.03   |        5.49803   |   47:31:59   |   02:41:12   |
11359       |       -5251.53   |       -5257.03   |        5.49803   |   47:33:01   |   02:40:59   |


Iter        |      Posterior   |     Likelihood   |          Prior   |    elapsed   |        ETA   |
----------------------------------------------------------------------------------------------------
11360       |       -5252.53   |       -5258.03   |        5.50398   |   47:34:04   |   02:40:47   |
11361       |       -5256.87   |       -5262.37   |        5.50099   |   47:36:55   |   02:40:41   |
11362       |       -5252.06   |       -5257.56   |        5.50099   |   47:37:57   |   02:40:28   |
11363       |       -5252.06   |       -5257.56   |        5.50099   |   47:38:59   |   02:40:16   |
11364       |       -5250.18   |        -5254.7   |        4.51429   |   47:40:01   |   02:40:03   |
11365       |       -5248.59   |       -5253.59   |         4.9973   |   47:41:03   |   02:39:51   |
11366       |       -5249.08   |       -5254.09   |        5.01166   |   47:42:05   |   02:39:38   |
11367       |       -5250.07   |       -5255.05   |        4.97632   |   47:43:07   |   02:39:26   |
11368       |       -5246.65   |       -5251.66   |         5.0138   |   47:44:09   |   02:39:13   |
11369       |       -5247.05   |       -5250.84   |        3.79154   |   47:45:12   |   02:39:01   |
11370       |       -5249.61   |       -5253.42   |        3.81296   |   47:46:14   |   02:38:48   |
11371       |       -5248.48   |       -5252.26   |        3.77159   |   47:49:05   |   02:38:42   |
11372       |        -5247.7   |       -5251.47   |        3.76728   |   47:50:07   |   02:38:29   |
11373       |        -5247.8   |       -5251.58   |        3.77142   |   47:51:09   |   02:38:17   |
11374       |       -5247.34   |       -5251.11   |        3.76763   |   47:52:11   |   02:38:04   |
11375       |       -5246.12   |       -5249.89   |         3.7682   |   47:53:13   |   02:37:52   |
11376       |       -5245.92   |       -5249.55   |        3.63005   |   47:54:15   |   02:37:39   |
11377       |       -5245.52   |       -5248.03   |        2.51202   |   47:55:17   |   02:37:26   |
11378       |       -5245.31   |       -5247.68   |        2.37795   |   47:56:19   |   02:37:14   |
11379       |        -5245.8   |       -5247.85   |        2.04691   |   47:57:21   |   02:37:01   |


Iter        |      Posterior   |     Likelihood   |          Prior   |    elapsed   |        ETA   |
----------------------------------------------------------------------------------------------------
11380       |       -5245.72   |       -5247.77   |        2.04611   |   47:58:24   |   02:36:49   |
11381       |       -5245.72   |       -5247.77   |        2.04611   |   48:01:15   |   02:36:42   |
11382       |       -5245.52   |       -5247.56   |        2.04474   |   48:02:17   |   02:36:29   |
11383       |       -5246.93   |       -5249.06   |        2.13354   |   48:03:19   |   02:36:17   |
11384       |       -5247.91   |       -5250.84   |        2.92813   |   48:04:21   |   02:36:04   |
11385       |       -5247.46   |       -5250.27   |        2.81141   |   48:05:23   |   02:35:51   |
11386       |       -5250.11   |       -5252.94   |        2.83658   |   48:06:25   |   02:35:39   |
11387       |       -5249.83   |       -5252.62   |        2.79386   |   48:07:28   |   02:35:26   |
11388       |       -5247.58   |       -5250.14   |        2.56383   |   48:08:30   |   02:35:13   |
11389       |       -5247.88   |       -5250.12   |        2.24154   |   48:09:32   |   02:35:01   |
11390       |       -5247.88   |       -5250.12   |        2.24154   |   48:10:35   |   02:34:48   |
11391       |       -5247.88   |       -5250.12   |        2.24154   |   48:13:25   |   02:34:41   |
11392       |       -5249.96   |        -5252.2   |        2.23707   |   48:14:28   |   02:34:28   |
11393       |       -5249.14   |       -5250.79   |        1.64616   |   48:15:30   |   02:34:16   |
11394       |          -5250   |       -5254.09   |        4.09499   |   48:16:32   |   02:34:03   |
11395       |        -5251.2   |        -5255.4   |        4.20272   |   48:17:34   |   02:33:50   |
11396       |       -5251.03   |       -5253.24   |        2.20823   |   48:18:36   |   02:33:37   |
11397       |       -5248.51   |       -5250.49   |        1.98268   |   48:19:38   |   02:33:24   |
11398       |       -5248.51   |       -5250.49   |        1.98268   |   48:20:41   |   02:33:12   |
11399       |       -5249.02   |       -5250.96   |        1.93714   |   48:21:43   |   02:32:59   |


Iter        |      Posterior   |     Likelihood   |          Prior   |    elapsed   |        ETA   |
----------------------------------------------------------------------------------------------------
11400       |        -5250.6   |       -5252.33   |        1.72601   |   48:22:45   |   02:32:46   |
11401       |       -5247.69   |       -5249.39   |        1.70365   |   48:25:37   |   02:32:39   |
11402       |       -5246.36   |       -5248.17   |        1.81308   |   48:26:39   |   02:32:26   |
11403       |       -5247.39   |       -5249.14   |        1.74581   |   48:27:42   |   02:32:13   |
11404       |       -5244.51   |       -5246.26   |        1.74428   |   48:28:44   |   02:32:01   |
11405       |       -5244.16   |       -5243.84   |       -0.32785   |   48:29:46   |   02:31:48   |
11406       |       -5243.78   |       -5243.73   |     -0.0560866   |   48:30:48   |   02:31:35   |
11407       |       -5243.78   |       -5243.73   |     -0.0560866   |   48:31:50   |   02:31:22   |
11408       |       -5243.38   |       -5243.32   |     -0.0575362   |   48:32:52   |   02:31:09   |
11409       |       -5245.63   |       -5245.58   |     -0.0481931   |   48:33:53   |   02:30:56   |
11410       |       -5247.64   |       -5245.13   |       -2.50402   |   48:34:55   |   02:30:43   |
11411       |       -5246.28   |       -5243.71   |       -2.56601   |   48:37:47   |   02:30:36   |
11412       |       -5248.61   |       -5246.06   |       -2.54883   |   48:38:49   |   02:30:23   |
11413       |       -5250.29   |       -5247.67   |       -2.62513   |   48:39:52   |   02:30:10   |
11414       |       -5249.31   |        -5246.7   |        -2.6091   |   48:40:54   |   02:29:57   |
11415       |       -5249.31   |        -5246.7   |        -2.6091   |   48:41:56   |   02:29:44   |
11416       |       -5246.46   |       -5244.03   |       -2.42204   |   48:42:58   |   02:29:31   |
11417       |       -5246.09   |       -5244.26   |       -1.82634   |   48:44:01   |   02:29:18   |
11418       |       -5244.07   |       -5243.42   |      -0.656032   |   48:45:03   |   02:29:05   |
11419       |          -5243   |       -5241.87   |       -1.13685   |   48:46:05   |   02:28:52   |


Iter        |      Posterior   |     Likelihood   |          Prior   |    elapsed   |        ETA   |
----------------------------------------------------------------------------------------------------
11420       |       -5243.91   |       -5242.77   |       -1.13732   |   48:47:07   |   02:28:39   |
11421       |       -5243.63   |       -5243.37   |      -0.261056   |   48:49:59   |   02:28:32   |
11422       |       -5245.18   |        -5244.9   |      -0.278711   |   48:51:01   |   02:28:19   |
11423       |       -5245.69   |       -5245.39   |      -0.298938   |   48:52:04   |   02:28:06   |
11424       |       -5245.55   |       -5245.42   |      -0.134102   |   48:53:06   |   02:27:53   |
11425       |          -5245   |       -5245.88   |       0.883766   |   48:54:08   |   02:27:40   |
11426       |       -5243.43   |       -5244.32   |        0.89487   |   48:55:10   |   02:27:27   |
11427       |       -5243.99   |       -5244.58   |       0.589155   |   48:56:12   |   02:27:14   |
11428       |       -5243.73   |       -5244.33   |       0.602549   |   48:57:14   |   02:27:00   |
11429       |       -5245.43   |       -5245.33   |     -0.0988955   |   48:58:16   |   02:26:47   |
11430       |       -5246.75   |       -5248.68   |        1.93389   |   48:59:18   |   02:26:34   |
11431       |       -5244.21   |       -5244.79   |       0.577589   |   49:02:10   |   02:26:27   |
11432       |       -5244.14   |       -5244.79   |       0.648204   |   49:03:12   |   02:26:13   |
11433       |       -5244.43   |        -5245.1   |       0.665168   |   49:04:14   |   02:26:00   |
11434       |       -5244.67   |        -5244.2   |      -0.465539   |   49:05:16   |   02:25:47   |
11435       |       -5246.18   |       -5247.29   |        1.10815   |   49:06:19   |   02:25:34   |
11436       |       -5245.13   |       -5246.34   |        1.20811   |   49:07:21   |   02:25:21   |
11437       |       -5243.56   |       -5244.76   |        1.20272   |   49:08:23   |   02:25:08   |
11438       |       -5248.62   |       -5249.82   |        1.20576   |   49:09:25   |   02:24:55   |
11439       |       -5246.77   |       -5248.33   |        1.56224   |   49:10:27   |   02:24:41   |


Iter        |      Posterior   |     Likelihood   |          Prior   |    elapsed   |        ETA   |
----------------------------------------------------------------------------------------------------
11440       |       -5245.73   |       -5247.43   |        1.69514   |   49:11:30   |   02:24:28   |
11441       |       -5244.75   |       -5246.42   |        1.67267   |   49:14:21   |   02:24:20   |
11442       |       -5246.18   |       -5247.84   |        1.66587   |   49:15:23   |   02:24:07   |
11443       |       -5244.61   |       -5246.38   |        1.76329   |   49:16:25   |   02:23:54   |
11444       |       -5244.19   |       -5245.96   |        1.76392   |   49:17:28   |   02:23:41   |
11445       |       -5244.19   |       -5245.96   |        1.76392   |   49:18:30   |   02:23:27   |
11446       |       -5243.53   |        -5245.3   |        1.76951   |   49:19:32   |   02:23:14   |
11447       |       -5245.87   |       -5247.64   |        1.77679   |   49:20:34   |   02:23:01   |
11448       |       -5247.93   |       -5248.16   |       0.225004   |   49:21:37   |   02:22:48   |
11449       |       -5245.74   |       -5245.17   |      -0.577738   |   49:22:39   |   02:22:34   |
11450       |       -5246.14   |       -5245.56   |      -0.578276   |   49:23:42   |   02:22:21   |
11451       |       -5243.81   |       -5243.23   |       -0.57742   |   49:27:05   |   02:22:15   |
11452       |       -5244.46   |       -5243.88   |      -0.577934   |   49:28:08   |   02:22:01   |
11453       |       -5243.55   |       -5243.59   |      0.0403621   |   49:29:10   |   02:21:48   |
11454       |        -5243.3   |       -5243.35   |       0.053068   |   49:30:12   |   02:21:35   |
11455       |       -5245.61   |       -5245.56   |     -0.0487573   |   49:31:15   |   02:21:21   |
11456       |       -5245.95   |        -5245.9   |     -0.0456694   |   49:32:17   |   02:21:08   |
11457       |       -5246.32   |       -5246.33   |      0.0130725   |   49:33:19   |   02:20:55   |
11458       |       -5246.63   |       -5246.64   |      0.0102616   |   49:34:21   |   02:20:41   |
11459       |       -5247.89   |       -5247.89   |    -0.00915538   |   49:35:23   |   02:20:28   |


Iter        |      Posterior   |     Likelihood   |          Prior   |    elapsed   |        ETA   |
----------------------------------------------------------------------------------------------------
11460       |       -5243.95   |       -5243.63   |      -0.317433   |   49:36:25   |   02:20:15   |
11461       |       -5244.35   |       -5244.07   |      -0.287605   |   49:39:17   |   02:20:06   |
11462       |       -5244.35   |       -5244.07   |      -0.287605   |   49:40:19   |   02:19:53   |
11463       |       -5245.84   |       -5245.55   |      -0.288887   |   49:41:21   |   02:19:39   |
11464       |       -5245.15   |       -5244.85   |       -0.29714   |   49:42:23   |   02:19:26   |
11465       |       -5245.03   |       -5244.73   |      -0.295927   |   49:43:25   |   02:19:13   |
11466       |       -5246.79   |        -5246.5   |      -0.288172   |   49:44:27   |   02:18:59   |
11467       |       -5246.93   |       -5246.67   |        -0.2561   |   49:45:29   |   02:18:46   |
11468       |       -5246.24   |       -5247.69   |        1.45634   |   49:46:31   |   02:18:32   |
11469       |       -5245.19   |       -5245.46   |       0.272289   |   49:47:34   |   02:18:19   |
11470       |       -5244.62   |       -5244.89   |       0.270005   |   49:48:36   |   02:18:05   |
11471       |       -5246.14   |        -5246.4   |       0.262699   |   49:51:27   |   02:17:57   |
11472       |       -5242.88   |       -5242.76   |      -0.121642   |   49:52:29   |   02:17:43   |
11473       |       -5242.86   |       -5244.09   |        1.22544   |   49:53:31   |   02:17:30   |
11474       |       -5243.17   |       -5243.26   |      0.0962196   |   49:54:33   |   02:17:16   |
11475       |       -5243.63   |       -5243.72   |      0.0937083   |   49:55:36   |   02:17:03   |
11476       |       -5245.72   |       -5245.84   |       0.113084   |   49:56:38   |   02:16:49   |
11477       |       -5244.33   |       -5244.42   |      0.0918036   |   49:57:40   |   02:16:36   |
11478       |       -5243.12   |       -5243.22   |       0.104042   |   49:58:42   |   02:16:22   |
11479       |       -5243.73   |       -5243.89   |       0.159115   |   49:59:44   |   02:16:08   |


Iter        |      Posterior   |     Likelihood   |          Prior   |    elapsed   |        ETA   |
----------------------------------------------------------------------------------------------------
11480       |       -5246.61   |       -5246.81   |       0.195782   |   50:00:46   |   02:15:55   |
11481       |       -5243.04   |       -5243.14   |       0.099152   |   50:03:37   |   02:15:46   |
11482       |       -5243.16   |       -5243.64   |       0.478996   |   50:04:39   |   02:15:33   |
11483       |       -5244.59   |       -5244.96   |       0.374718   |   50:05:41   |   02:15:19   |
11484       |        -5245.6   |       -5246.29   |       0.696106   |   50:06:44   |   02:15:05   |
11485       |       -5245.09   |       -5245.48   |       0.388518   |   50:07:46   |   02:14:52   |
11486       |       -5245.38   |       -5245.77   |       0.383665   |   50:08:48   |   02:14:38   |
11487       |        -5245.8   |       -5246.14   |       0.344547   |   50:09:50   |   02:14:25   |
11488       |       -5244.24   |       -5244.61   |        0.36477   |   50:10:52   |   02:14:11   |
11489       |       -5247.82   |        -5248.3   |       0.474081   |   50:11:54   |   02:13:57   |
11490       |       -5248.34   |       -5249.41   |         1.0722   |   50:12:57   |   02:13:44   |
11491       |       -5248.34   |       -5249.41   |         1.0722   |   50:15:47   |   02:13:35   |
11492       |        -5247.7   |       -5248.84   |        1.14126   |   50:16:49   |   02:13:21   |
11493       |       -5246.41   |       -5246.74   |       0.334453   |   50:17:52   |   02:13:07   |
11494       |       -5246.68   |       -5247.66   |       0.980144   |   50:18:54   |   02:12:54   |
11495       |        -5247.8   |       -5248.55   |       0.747272   |   50:19:56   |   02:12:40   |
11496       |       -5249.34   |       -5250.07   |       0.725037   |   50:20:58   |   02:12:26   |
11497       |       -5251.89   |        -5252.6   |       0.707218   |   50:22:00   |   02:12:12   |
11498       |       -5251.34   |       -5251.96   |       0.618927   |   50:23:02   |   02:11:59   |
11499       |       -5246.53   |       -5247.15   |       0.623558   |   50:24:04   |   02:11:45   |


Iter        |      Posterior   |     Likelihood   |          Prior   |    elapsed   |        ETA   |
----------------------------------------------------------------------------------------------------
11500       |       -5243.18   |       -5244.96   |         1.7869   |   50:25:06   |   02:11:31   |
11501       |       -5243.17   |       -5244.94   |        1.77703   |   50:27:58   |   02:11:22   |
11502       |       -5244.99   |       -5246.77   |         1.7873   |   50:29:00   |   02:11:08   |
11503       |       -5245.26   |       -5245.85   |       0.595679   |   50:30:02   |   02:10:54   |
11504       |       -5245.53   |        -5246.2   |       0.672323   |   50:31:04   |   02:10:41   |
11505       |       -5245.53   |        -5246.2   |       0.672323   |   50:32:07   |   02:10:27   |
11506       |       -5245.29   |       -5245.92   |       0.637445   |   50:33:09   |   02:10:13   |
11507       |       -5248.07   |       -5248.68   |       0.607125   |   50:34:11   |   02:09:59   |
11508       |       -5246.37   |       -5247.14   |       0.765583   |   50:35:13   |   02:09:45   |
11509       |       -5245.79   |       -5246.55   |       0.768087   |   50:36:15   |   02:09:31   |
11510       |       -5245.68   |          -5248   |         2.3218   |   50:37:17   |   02:09:18   |
11511       |       -5245.49   |       -5247.82   |         2.3255   |   50:40:09   |   02:09:08   |
11512       |       -5245.94   |       -5248.26   |         2.3196   |   50:41:11   |   02:08:55   |
11513       |       -5246.89   |       -5249.38   |        2.49526   |   50:42:13   |   02:08:41   |
11514       |       -5244.87   |       -5247.36   |        2.48366   |   50:43:15   |   02:08:27   |
11515       |          -5245   |       -5247.48   |        2.48318   |   50:44:17   |   02:08:13   |
11516       |       -5249.37   |          -5250   |       0.635412   |   50:45:19   |   02:07:59   |
11517       |       -5246.54   |       -5249.25   |          2.707   |   50:46:21   |   02:07:45   |
11518       |       -5244.03   |       -5246.65   |        2.62096   |   50:47:23   |   02:07:31   |
11519       |       -5244.42   |       -5246.87   |        2.45004   |   50:48:26   |   02:07:17   |


Iter        |      Posterior   |     Likelihood   |          Prior   |    elapsed   |        ETA   |
----------------------------------------------------------------------------------------------------
11520       |       -5241.56   |       -5242.08   |       0.515763   |   50:49:28   |   02:07:03   |
11521       |       -5243.03   |       -5243.47   |       0.438071   |   50:52:21   |   02:06:54   |
11522       |       -5244.47   |       -5244.91   |       0.444608   |   50:53:23   |   02:06:40   |
11523       |          -5244   |       -5244.45   |       0.448426   |   50:54:25   |   02:06:26   |
11524       |       -5243.69   |       -5244.17   |       0.478029   |   50:55:28   |   02:06:12   |
11525       |       -5243.88   |       -5244.37   |        0.49213   |   50:56:30   |   02:05:58   |
11526       |       -5242.87   |       -5243.33   |       0.454875   |   50:57:32   |   02:05:44   |
11527       |       -5243.58   |       -5244.28   |       0.697526   |   50:58:34   |   02:05:30   |
11528       |       -5242.93   |        -5243.7   |       0.762448   |   50:59:37   |   02:05:16   |
11529       |       -5242.93   |        -5243.7   |       0.762448   |   51:00:39   |   02:05:02   |
11530       |       -5244.91   |       -5242.81   |       -2.10276   |   51:01:42   |   02:04:48   |
11531       |       -5242.35   |       -5242.21   |      -0.132184   |   51:04:33   |   02:04:38   |
11532       |       -5242.35   |       -5242.21   |      -0.132184   |   51:05:36   |   02:04:24   |
11533       |       -5242.83   |       -5242.48   |      -0.351386   |   51:06:38   |   02:04:10   |
11534       |       -5243.96   |       -5243.63   |      -0.332972   |   51:07:41   |   02:03:56   |
11535       |       -5245.22   |       -5244.89   |      -0.336808   |   51:08:43   |   02:03:42   |
11536       |        -5244.5   |       -5244.65   |       0.149595   |   51:09:46   |   02:03:28   |
11537       |       -5245.67   |       -5245.97   |       0.301387   |   51:10:48   |   02:03:14   |
11538       |       -5243.44   |       -5243.62   |       0.182365   |   51:11:51   |   02:03:00   |
11539       |          -5244   |       -5243.96   |     -0.0435266   |   51:12:53   |   02:02:45   |


Iter        |      Posterior   |     Likelihood   |          Prior   |    elapsed   |        ETA   |
----------------------------------------------------------------------------------------------------
11540       |       -5246.27   |       -5246.22   |     -0.0508668   |   51:13:56   |   02:02:31   |
11541       |       -5247.66   |       -5247.55   |      -0.113649   |   51:16:48   |   02:02:22   |
11542       |        -5248.6   |       -5248.43   |      -0.169577   |   51:17:50   |   02:02:07   |
11543       |       -5247.81   |       -5247.81   |      0.0019187   |   51:18:52   |   02:01:53   |
11544       |       -5253.04   |       -5253.73   |       0.692145   |   51:19:55   |   02:01:39   |
11545       |       -5249.52   |       -5250.29   |       0.765823   |   51:20:58   |   02:01:25   |
11546       |       -5254.88   |       -5255.66   |       0.778603   |   51:22:00   |   02:01:11   |
11547       |       -5249.54   |       -5250.35   |       0.809115   |   51:23:02   |   02:00:57   |
11548       |       -5249.74   |       -5250.55   |       0.811268   |   51:24:05   |   02:00:42   |
11549       |        -5248.3   |       -5248.66   |       0.362232   |   51:25:07   |   02:00:28   |
11550       |       -5247.41   |       -5248.82   |         1.4165   |   51:26:10   |   02:00:14   |
11551       |       -5248.11   |       -5251.39   |        3.27808   |   51:29:02   |   02:00:04   |
11552       |       -5248.44   |       -5251.69   |        3.24803   |   51:30:05   |   01:59:50   |
11553       |       -5245.69   |       -5249.18   |         3.4911   |   51:31:07   |   01:59:35   |
11554       |        -5245.3   |       -5249.17   |        3.86895   |   51:32:09   |   01:59:21   |
11555       |       -5246.38   |       -5250.21   |         3.8306   |   51:33:12   |   01:59:07   |
11556       |       -5246.47   |          -5248   |        1.52669   |   51:34:14   |   01:58:53   |
11557       |       -5244.53   |       -5245.97   |        1.44055   |   51:35:17   |   01:58:38   |
11558       |       -5244.67   |       -5246.11   |        1.43967   |   51:36:19   |   01:58:24   |
11559       |       -5244.43   |       -5245.87   |        1.44533   |   51:37:22   |   01:58:10   |


Iter        |      Posterior   |     Likelihood   |          Prior   |    elapsed   |        ETA   |
----------------------------------------------------------------------------------------------------
11560       |        -5244.4   |       -5246.39   |        1.99428   |   51:38:24   |   01:57:55   |
11561       |       -5244.95   |       -5246.94   |         1.9865   |   51:41:16   |   01:57:45   |
11562       |       -5244.22   |        -5246.2   |        1.98679   |   51:42:19   |   01:57:31   |
11563       |       -5248.21   |       -5250.58   |        2.37289   |   51:43:22   |   01:57:17   |
11564       |       -5250.36   |       -5251.22   |       0.856514   |   51:44:24   |   01:57:02   |
11565       |       -5248.79   |       -5249.68   |       0.891016   |   51:45:27   |   01:56:48   |
11566       |       -5249.18   |       -5250.05   |       0.874142   |   51:46:29   |   01:56:34   |
11567       |       -5245.74   |       -5247.44   |        1.69785   |   51:47:32   |   01:56:19   |
11568       |       -5246.04   |       -5248.24   |        2.19983   |   51:48:34   |   01:56:05   |
11569       |       -5247.47   |       -5249.65   |        2.18466   |   51:49:36   |   01:55:50   |
11570       |       -5245.26   |       -5247.45   |        2.18854   |   51:50:39   |   01:55:36   |
11571       |       -5245.26   |       -5247.45   |        2.18854   |   51:53:29   |   01:55:26   |
11572       |       -5247.94   |       -5247.86   |     -0.0821973   |   51:54:31   |   01:55:11   |
11573       |       -5247.76   |       -5247.68   |     -0.0875133   |   51:55:34   |   01:54:57   |
11574       |       -5244.96   |       -5244.91   |     -0.0567095   |   51:56:37   |   01:54:42   |
11575       |       -5243.96   |       -5243.87   |     -0.0946189   |   51:57:39   |   01:54:28   |
11576       |       -5247.19   |       -5247.12   |     -0.0647944   |   51:58:42   |   01:54:13   |
11577       |       -5246.26   |       -5246.19   |     -0.0756349   |   51:59:45   |   01:53:59   |
11578       |        -5246.4   |       -5246.32   |     -0.0764596   |   52:00:47   |   01:53:44   |
11579       |       -5246.68   |        -5246.6   |     -0.0791208   |   52:01:50   |   01:53:30   |


Iter        |      Posterior   |     Likelihood   |          Prior   |    elapsed   |        ETA   |
----------------------------------------------------------------------------------------------------
11580       |       -5247.22   |       -5247.18   |     -0.0397587   |   52:02:52   |   01:53:15   |
11581       |       -5246.47   |       -5246.42   |     -0.0413487   |   52:05:43   |   01:53:05   |
11582       |       -5244.65   |       -5244.61   |     -0.0334179   |   52:06:45   |   01:52:50   |
11583       |       -5244.82   |       -5245.07   |       0.254458   |   52:07:48   |   01:52:36   |
11584       |       -5243.58   |       -5243.83   |       0.247768   |   52:08:50   |   01:52:21   |
11585       |       -5243.62   |       -5244.52   |       0.899373   |   52:09:53   |   01:52:07   |
11586       |       -5243.72   |       -5244.62   |       0.898498   |   52:10:55   |   01:51:52   |
11587       |       -5244.09   |       -5245.44   |         1.3457   |   52:11:57   |   01:51:37   |
11588       |       -5245.13   |       -5243.82   |       -1.30903   |   52:13:00   |   01:51:23   |
11589       |       -5245.04   |       -5243.56   |       -1.48006   |   52:14:03   |   01:51:08   |
11590       |       -5247.71   |       -5247.95   |       0.246768   |   52:15:06   |   01:50:54   |
11591       |       -5245.77   |       -5246.25   |       0.472861   |   52:17:57   |   01:50:43   |
11592       |       -5245.77   |       -5246.25   |       0.472861   |   52:19:00   |   01:50:28   |
11593       |       -5245.83   |       -5246.29   |       0.466519   |   52:20:02   |   01:50:14   |
11594       |       -5244.84   |       -5245.31   |       0.466717   |   52:21:04   |   01:49:59   |
11595       |       -5244.35   |       -5244.83   |        0.47316   |   52:22:07   |   01:49:45   |
11596       |       -5244.37   |       -5244.82   |       0.457391   |   52:23:09   |   01:49:30   |
11597       |       -5245.84   |       -5246.93   |        1.08912   |   52:24:11   |   01:49:15   |
11598       |       -5251.42   |       -5252.36   |       0.936297   |   52:25:14   |   01:49:01   |
11599       |       -5246.72   |       -5244.87   |       -1.85242   |   52:26:16   |   01:48:46   |


Iter        |      Posterior   |     Likelihood   |          Prior   |    elapsed   |        ETA   |
----------------------------------------------------------------------------------------------------
11600       |       -5244.04   |        -5242.2   |       -1.84033   |   52:27:19   |   01:48:31   |
11601       |       -5244.23   |       -5242.38   |       -1.84437   |   52:30:10   |   01:48:20   |
11602       |       -5244.14   |        -5242.3   |       -1.84282   |   52:31:13   |   01:48:06   |
11603       |       -5246.08   |       -5244.23   |       -1.85245   |   52:32:16   |   01:47:51   |
11604       |          -5246   |       -5244.11   |       -1.88743   |   52:33:18   |   01:47:36   |
11605       |        -5246.6   |       -5244.71   |       -1.88943   |   52:34:20   |   01:47:21   |
11606       |       -5244.67   |       -5243.94   |      -0.736189   |   52:35:23   |   01:47:07   |
11607       |       -5243.37   |       -5242.62   |      -0.742612   |   52:36:26   |   01:46:52   |
11608       |       -5245.79   |       -5246.55   |       0.755601   |   52:37:28   |   01:46:37   |
11609       |       -5246.12   |       -5246.91   |       0.787842   |   52:38:30   |   01:46:22   |
11610       |        -5245.2   |       -5245.98   |       0.780996   |   52:39:33   |   01:46:08   |
11611       |       -5244.23   |       -5244.11   |        -0.1162   |   52:42:25   |   01:45:56   |
11612       |       -5246.23   |       -5246.26   |      0.0280194   |   52:43:27   |   01:45:42   |
11613       |       -5244.88   |       -5245.67   |       0.787756   |   52:44:29   |   01:45:27   |
11614       |       -5246.98   |       -5248.33   |         1.3505   |   52:45:32   |   01:45:12   |
11615       |       -5248.37   |       -5250.35   |        1.98205   |   52:46:34   |   01:44:57   |
11616       |       -5250.97   |       -5253.01   |        2.04226   |   52:47:36   |   01:44:42   |
11617       |       -5250.03   |       -5251.13   |        1.09454   |   52:48:39   |   01:44:28   |
11618       |       -5250.37   |       -5251.45   |        1.08499   |   52:49:41   |   01:44:13   |
11619       |       -5249.04   |        -5251.9   |        2.86584   |   52:50:44   |   01:43:58   |


Iter        |      Posterior   |     Likelihood   |          Prior   |    elapsed   |        ETA   |
----------------------------------------------------------------------------------------------------
11620       |       -5246.01   |       -5247.98   |        1.97113   |   52:51:46   |   01:43:43   |
11621       |       -5245.69   |       -5247.68   |        1.98908   |   52:54:37   |   01:43:32   |
11622       |       -5245.69   |       -5247.68   |        1.98908   |   52:55:39   |   01:43:17   |
11623       |       -5245.69   |       -5247.68   |        1.98908   |   52:56:41   |   01:43:02   |
11624       |       -5243.09   |       -5245.09   |        2.00765   |   52:57:43   |   01:42:47   |
11625       |       -5242.17   |       -5244.18   |        2.00738   |   52:58:45   |   01:42:32   |
11626       |       -5242.63   |       -5244.64   |        2.00701   |   52:59:47   |   01:42:17   |
11627       |        -5242.9   |       -5244.99   |        2.09395   |   53:00:49   |   01:42:02   |
11628       |       -5243.44   |       -5245.53   |        2.08854   |   53:01:51   |   01:41:47   |
11629       |       -5243.66   |       -5245.72   |         2.0673   |   53:02:53   |   01:41:32   |
11630       |       -5243.13   |        -5245.2   |         2.0648   |   53:03:55   |   01:41:17   |
11631       |       -5244.35   |       -5245.35   |       0.995329   |   53:06:47   |   01:41:06   |
11632       |       -5242.69   |       -5243.68   |       0.990944   |   53:07:49   |   01:40:51   |
11633       |       -5241.87   |       -5242.47   |       0.597512   |   53:08:51   |   01:40:36   |
11634       |       -5241.21   |        -5241.5   |       0.290877   |   53:09:53   |   01:40:21   |
11635       |       -5241.95   |       -5242.15   |       0.199039   |   53:10:55   |   01:40:06   |
11636       |       -5241.89   |       -5242.17   |       0.278132   |   53:11:58   |   01:39:51   |
11637       |        -5242.9   |       -5243.17   |        0.27257   |   53:13:00   |   01:39:36   |
11638       |       -5242.86   |       -5243.13   |       0.272302   |   53:14:02   |   01:39:21   |
11639       |       -5242.86   |       -5243.13   |       0.272302   |   53:15:05   |   01:39:06   |


Iter        |      Posterior   |     Likelihood   |          Prior   |    elapsed   |        ETA   |
----------------------------------------------------------------------------------------------------
11640       |       -5246.07   |       -5246.57   |       0.495352   |   53:16:07   |   01:38:50   |
11641       |       -5246.07   |       -5246.57   |       0.495352   |   53:18:58   |   01:38:39   |
11642       |       -5245.63   |       -5246.12   |       0.491037   |   53:20:01   |   01:38:24   |
11643       |       -5246.31   |       -5246.48   |       0.168232   |   53:21:04   |   01:38:09   |
11644       |       -5245.11   |       -5245.37   |       0.260578   |   53:22:06   |   01:37:54   |
11645       |       -5245.62   |       -5246.73   |        1.10375   |   53:23:09   |   01:37:38   |
11646       |       -5245.57   |       -5246.64   |        1.06903   |   53:24:12   |   01:37:23   |
11647       |       -5246.23   |        -5247.3   |        1.06434   |   53:25:15   |   01:37:08   |
11648       |        -5242.9   |       -5243.97   |        1.07134   |   53:26:17   |   01:36:53   |
11649       |       -5246.15   |       -5247.22   |        1.07743   |   53:27:20   |   01:36:38   |
11650       |       -5246.15   |       -5247.22   |        1.07743   |   53:28:22   |   01:36:23   |
11651       |       -5244.45   |       -5246.25   |        1.80372   |   53:31:14   |   01:36:11   |
11652       |       -5246.67   |       -5248.48   |        1.81045   |   53:32:17   |   01:35:56   |
11653       |       -5245.92   |       -5247.68   |        1.75984   |   53:33:19   |   01:35:41   |
11654       |       -5246.32   |       -5248.07   |        1.75556   |   53:34:22   |   01:35:25   |
11655       |       -5247.57   |       -5249.34   |         1.7655   |   53:35:24   |   01:35:10   |
11656       |       -5245.83   |       -5247.61   |        1.77333   |   53:36:27   |   01:34:55   |
11657       |       -5248.53   |       -5250.28   |        1.75153   |   53:37:30   |   01:34:40   |
11658       |       -5245.31   |       -5247.08   |        1.76589   |   53:38:33   |   01:34:25   |
11659       |       -5245.81   |       -5248.06   |        2.24502   |   53:39:35   |   01:34:09   |


Iter        |      Posterior   |     Likelihood   |          Prior   |    elapsed   |        ETA   |
----------------------------------------------------------------------------------------------------
11660       |       -5246.05   |       -5248.76   |        2.70945   |   53:40:38   |   01:33:54   |
11661       |       -5245.47   |       -5246.43   |       0.957551   |   53:43:30   |   01:33:42   |
11662       |       -5246.54   |       -5247.49   |        0.95402   |   53:44:33   |   01:33:27   |
11663       |       -5246.54   |       -5247.49   |        0.95402   |   53:45:36   |   01:33:12   |
11664       |        -5245.4   |       -5247.91   |        2.51593   |   53:46:39   |   01:32:56   |
11665       |       -5244.51   |       -5247.03   |         2.5257   |   53:47:41   |   01:32:41   |
11666       |       -5244.15   |       -5246.75   |        2.59492   |   53:48:44   |   01:32:26   |
11667       |       -5243.69   |       -5246.28   |        2.59256   |   53:49:47   |   01:32:11   |
11668       |       -5245.28   |       -5247.95   |        2.67301   |   53:50:49   |   01:31:55   |
11669       |       -5246.64   |       -5248.82   |        2.17174   |   53:51:52   |   01:31:40   |
11670       |       -5245.79   |       -5247.88   |        2.08693   |   53:52:54   |   01:31:25   |
11671       |       -5243.73   |       -5244.99   |        1.25888   |   53:55:46   |   01:31:12   |
11672       |       -5244.83   |       -5246.09   |        1.25118   |   53:56:49   |   01:30:57   |
11673       |       -5244.51   |       -5245.77   |        1.25788   |   53:57:51   |   01:30:42   |
11674       |       -5244.51   |       -5245.77   |        1.25788   |   53:58:54   |   01:30:26   |
11675       |        -5246.6   |       -5246.92   |       0.318647   |   53:59:57   |   01:30:11   |
11676       |        -5246.6   |       -5246.92   |       0.318647   |   54:01:00   |   01:29:56   |
11677       |        -5246.6   |       -5246.92   |       0.318647   |   54:02:03   |   01:29:40   |
11678       |        -5246.6   |       -5246.92   |       0.318647   |   54:03:05   |   01:29:25   |
11679       |       -5246.07   |        -5246.4   |       0.323467   |   54:04:08   |   01:29:09   |


Iter        |      Posterior   |     Likelihood   |          Prior   |    elapsed   |        ETA   |
----------------------------------------------------------------------------------------------------
11680       |       -5244.75   |       -5247.19   |        2.43482   |   54:05:11   |   01:28:54   |
11681       |       -5243.56   |       -5245.28   |        1.71744   |   54:08:03   |   01:28:42   |
11682       |       -5244.31   |       -5245.86   |        1.55326   |   54:09:05   |   01:28:26   |
11683       |       -5246.15   |       -5247.81   |        1.66543   |   54:10:08   |   01:28:11   |
11684       |       -5245.92   |       -5247.58   |        1.65888   |   54:11:11   |   01:27:55   |
11685       |       -5243.72   |       -5245.34   |        1.62329   |   54:12:13   |   01:27:40   |
11686       |       -5242.53   |       -5243.84   |         1.3062   |   54:13:16   |   01:27:24   |
11687       |       -5244.09   |       -5243.72   |      -0.374104   |   54:14:19   |   01:27:09   |
11688       |       -5244.08   |       -5245.79   |         1.7111   |   54:15:21   |   01:26:53   |
11689       |       -5247.71   |       -5250.56   |        2.84673   |   54:16:24   |   01:26:38   |
11690       |       -5247.71   |       -5250.56   |        2.84673   |   54:17:27   |   01:26:22   |
11691       |        -5247.6   |       -5250.53   |        2.92864   |   54:20:18   |   01:26:10   |
11692       |        -5247.6   |       -5250.53   |        2.92864   |   54:21:21   |   01:25:54   |
11693       |       -5245.21   |       -5245.66   |       0.442191   |   54:22:24   |   01:25:39   |
11694       |       -5244.15   |        -5244.6   |       0.450847   |   54:23:26   |   01:25:23   |
11695       |       -5244.15   |        -5244.6   |       0.450847   |   54:24:29   |   01:25:08   |
11696       |       -5244.15   |        -5244.6   |       0.450847   |   54:25:32   |   01:24:52   |
11697       |       -5245.87   |       -5246.32   |       0.448825   |   54:26:35   |   01:24:37   |
11698       |       -5244.78   |       -5245.23   |       0.450917   |   54:27:37   |   01:24:21   |
11699       |       -5244.76   |       -5245.21   |       0.450092   |   54:28:40   |   01:24:05   |


Iter        |      Posterior   |     Likelihood   |          Prior   |    elapsed   |        ETA   |
----------------------------------------------------------------------------------------------------
11700       |       -5244.33   |       -5244.81   |       0.481176   |   54:29:43   |   01:23:50   |
11701       |       -5244.33   |       -5244.81   |       0.481176   |   54:33:01   |   01:23:38   |
11702       |       -5244.33   |       -5244.81   |       0.481176   |   54:34:04   |   01:23:22   |
11703       |       -5244.55   |       -5246.78   |        2.23429   |   54:35:07   |   01:23:06   |
11704       |       -5244.85   |       -5247.09   |        2.23536   |   54:36:09   |   01:22:51   |
11705       |        -5244.1   |       -5246.14   |        2.03672   |   54:37:12   |   01:22:35   |
11706       |       -5243.97   |       -5246.02   |        2.04261   |   54:38:15   |   01:22:20   |
11707       |       -5247.03   |       -5249.07   |        2.03401   |   54:39:17   |   01:22:04   |
11708       |       -5246.27   |       -5246.87   |       0.602424   |   54:40:20   |   01:21:48   |
11709       |       -5245.22   |       -5245.69   |       0.475127   |   54:41:23   |   01:21:33   |
11710       |       -5251.28   |       -5251.75   |        0.46986   |   54:42:25   |   01:21:17   |
11711       |       -5251.53   |       -5254.87   |        3.34004   |   54:45:16   |   01:21:04   |
11712       |       -5248.11   |       -5251.39   |        3.28196   |   54:46:19   |   01:20:48   |
11713       |       -5245.58   |       -5248.82   |        3.23803   |   54:47:21   |   01:20:32   |
11714       |       -5245.68   |       -5249.26   |        3.58192   |   54:48:24   |   01:20:17   |
11715       |       -5244.51   |       -5247.87   |        3.36121   |   54:49:26   |   01:20:01   |
11716       |       -5245.46   |       -5248.82   |         3.3625   |   54:50:29   |   01:19:45   |
11717       |       -5244.56   |       -5247.71   |         3.1527   |   54:51:32   |   01:19:30   |
11718       |       -5242.85   |       -5244.72   |        1.87329   |   54:52:34   |   01:19:14   |
11719       |       -5246.35   |       -5248.21   |        1.86307   |   54:53:37   |   01:18:58   |


Iter        |      Posterior   |     Likelihood   |          Prior   |    elapsed   |        ETA   |
----------------------------------------------------------------------------------------------------
11720       |       -5244.61   |       -5244.81   |       0.196222   |   54:54:39   |   01:18:42   |
11721       |       -5247.65   |       -5247.84   |       0.189712   |   54:57:31   |   01:18:29   |
11722       |       -5248.07   |       -5248.26   |       0.188257   |   54:58:33   |   01:18:13   |
11723       |       -5245.35   |       -5246.78   |        1.43837   |   54:59:36   |   01:17:57   |
11724       |       -5247.36   |       -5248.98   |        1.61655   |   55:00:39   |   01:17:42   |
11725       |        -5247.2   |       -5249.92   |        2.72389   |   55:01:41   |   01:17:26   |
11726       |       -5247.77   |       -5250.33   |        2.56015   |   55:02:44   |   01:17:10   |
11727       |       -5250.71   |       -5253.27   |        2.55227   |   55:03:46   |   01:16:54   |
11728       |        -5253.5   |       -5256.02   |        2.51346   |   55:04:49   |   01:16:38   |
11729       |       -5252.03   |       -5254.56   |        2.52731   |   55:05:52   |   01:16:22   |
11730       |       -5250.21   |       -5252.81   |         2.5978   |   55:06:54   |   01:16:07   |
11731       |       -5248.52   |       -5250.11   |         1.5925   |   55:09:46   |   01:15:53   |
11732       |        -5246.2   |       -5247.88   |          1.675   |   55:10:49   |   01:15:37   |
11733       |       -5242.68   |       -5244.36   |        1.67974   |   55:11:51   |   01:15:21   |
11734       |       -5244.49   |       -5246.15   |         1.6633   |   55:12:54   |   01:15:06   |
11735       |       -5250.32   |       -5253.02   |        2.70012   |   55:13:57   |   01:14:50   |
11736       |       -5250.15   |       -5252.85   |         2.7051   |   55:14:59   |   01:14:34   |
11737       |       -5248.44   |       -5250.37   |         1.9331   |   55:16:02   |   01:14:18   |
11738       |       -5248.53   |       -5250.35   |        1.82066   |   55:17:05   |   01:14:02   |
11739       |        -5246.9   |       -5248.74   |        1.83285   |   55:18:07   |   01:13:46   |


Iter        |      Posterior   |     Likelihood   |          Prior   |    elapsed   |        ETA   |
----------------------------------------------------------------------------------------------------
11740       |       -5247.37   |       -5248.18   |        0.80802   |   55:19:09   |   01:13:30   |
11741       |       -5247.51   |       -5248.32   |       0.808312   |   55:22:02   |   01:13:16   |
11742       |       -5251.92   |       -5250.98   |      -0.941838   |   55:23:04   |   01:13:00   |
11743       |       -5249.52   |       -5248.48   |        -1.0368   |   55:24:07   |   01:12:44   |
11744       |       -5248.69   |       -5247.82   |       -0.87161   |   55:25:10   |   01:12:28   |
11745       |       -5247.75   |       -5246.89   |      -0.869054   |   55:26:12   |   01:12:12   |
11746       |       -5247.84   |       -5246.97   |      -0.868091   |   55:27:15   |   01:11:56   |
11747       |       -5247.84   |       -5246.97   |      -0.868091   |   55:28:17   |   01:11:40   |
11748       |       -5247.84   |       -5246.97   |      -0.868091   |   55:29:20   |   01:11:24   |
11749       |       -5246.63   |       -5245.76   |      -0.864975   |   55:30:23   |   01:11:08   |
11750       |       -5244.73   |       -5245.63   |       0.907225   |   55:31:25   |   01:10:52   |
11751       |       -5244.62   |       -5245.53   |       0.907673   |   55:34:17   |   01:10:39   |
11752       |       -5245.98   |       -5246.73   |       0.750303   |   55:35:20   |   01:10:23   |
11753       |       -5245.37   |       -5246.41   |        1.03828   |   55:36:22   |   01:10:07   |
11754       |       -5244.98   |          -5246   |        1.01489   |   55:37:25   |   01:09:50   |
11755       |       -5244.86   |       -5245.81   |        0.95414   |   55:38:27   |   01:09:34   |
11756       |       -5244.05   |          -5245   |        0.95447   |   55:39:30   |   01:09:18   |
11757       |       -5245.13   |       -5246.08   |       0.951005   |   55:40:33   |   01:09:02   |
11758       |       -5250.35   |       -5250.98   |       0.628158   |   55:41:35   |   01:08:46   |
11759       |       -5250.35   |       -5250.98   |       0.628158   |   55:42:38   |   01:08:30   |


Iter        |      Posterior   |     Likelihood   |          Prior   |    elapsed   |        ETA   |
----------------------------------------------------------------------------------------------------
11760       |       -5251.28   |       -5254.03   |        2.74413   |   55:43:41   |   01:08:14   |
11761       |       -5246.93   |       -5249.22   |        2.28639   |   55:46:39   |   01:08:00   |
11762       |       -5246.76   |       -5248.91   |        2.15254   |   55:47:42   |   01:07:44   |
11763       |       -5246.69   |       -5248.84   |        2.15356   |   55:48:44   |   01:07:28   |
11764       |        -5248.7   |       -5250.85   |        2.14379   |   55:49:47   |   01:07:12   |
11765       |       -5249.83   |       -5251.97   |        2.14101   |   55:50:50   |   01:06:55   |
11766       |       -5250.73   |       -5253.46   |        2.73411   |   55:51:52   |   01:06:39   |
11767       |       -5251.37   |       -5254.11   |        2.73395   |   55:52:55   |   01:06:23   |
11768       |        -5248.3   |       -5249.91   |        1.60717   |   55:53:58   |   01:06:07   |
11769       |       -5249.51   |        -5251.1   |        1.59586   |   55:55:01   |   01:05:51   |
11770       |       -5247.62   |       -5249.22   |        1.60006   |   55:56:03   |   01:05:34   |
11771       |       -5247.58   |       -5248.72   |         1.1399   |   55:58:56   |   01:05:20   |
11772       |       -5246.67   |       -5248.77   |        2.09751   |   55:59:59   |   01:05:04   |
11773       |       -5245.32   |       -5247.58   |        2.25726   |   56:01:02   |   01:04:48   |
11774       |       -5244.93   |       -5247.45   |         2.5217   |   56:02:04   |   01:04:32   |
11775       |        -5244.2   |       -5246.44   |        2.23499   |   56:03:07   |   01:04:15   |
11776       |       -5243.94   |       -5246.17   |        2.23516   |   56:04:09   |   01:03:59   |
11777       |       -5244.82   |       -5245.37   |       0.549189   |   56:05:12   |   01:03:43   |
11778       |       -5244.63   |       -5245.26   |       0.630716   |   56:06:14   |   01:03:26   |
11779       |       -5244.97   |       -5245.61   |       0.633539   |   56:07:18   |   01:03:10   |


Iter        |      Posterior   |     Likelihood   |          Prior   |    elapsed   |        ETA   |
----------------------------------------------------------------------------------------------------
11780       |       -5248.38   |       -5251.03   |        2.65403   |   56:08:20   |   01:02:54   |
11781       |       -5247.06   |       -5249.71   |         2.6527   |   56:11:12   |   01:02:40   |
11782       |       -5245.36   |       -5248.08   |        2.71415   |   56:12:15   |   01:02:23   |
11783       |       -5244.91   |       -5247.62   |        2.70621   |   56:13:18   |   01:02:07   |
11784       |       -5244.05   |       -5246.75   |        2.70417   |   56:14:20   |   01:01:51   |
11785       |       -5243.97   |       -5246.67   |        2.70451   |   56:15:23   |   01:01:34   |
11786       |       -5245.17   |       -5247.84   |        2.67312   |   56:16:25   |   01:01:18   |
11787       |        -5243.9   |       -5246.57   |        2.67441   |   56:17:28   |   01:01:02   |
11788       |       -5244.83   |       -5247.67   |        2.84003   |   56:18:31   |   01:00:45   |
11789       |       -5244.56   |        -5247.4   |        2.83996   |   56:19:33   |   01:00:29   |
11790       |       -5243.88   |       -5246.72   |        2.84168   |   56:20:36   |   01:00:12   |
11791       |        -5247.6   |       -5250.48   |        2.87938   |   56:23:28   |   00:59:58   |
11792       |       -5246.05   |       -5248.94   |        2.89509   |   56:24:31   |   00:59:41   |
11793       |       -5246.05   |       -5248.94   |        2.89509   |   56:25:34   |   00:59:25   |
11794       |       -5246.13   |       -5248.98   |        2.84938   |   56:26:36   |   00:59:09   |
11795       |       -5247.01   |       -5251.36   |        4.34847   |   56:27:38   |   00:58:52   |
11796       |       -5250.31   |       -5254.65   |        4.33728   |   56:28:41   |   00:58:36   |
11797       |       -5248.31   |       -5250.84   |        2.52707   |   56:29:44   |   00:58:19   |
11798       |       -5247.22   |       -5251.21   |        3.98589   |   56:30:46   |   00:58:03   |
11799       |       -5247.22   |       -5251.21   |        3.98589   |   56:31:49   |   00:57:46   |


Iter        |      Posterior   |     Likelihood   |          Prior   |    elapsed   |        ETA   |
----------------------------------------------------------------------------------------------------
11800       |       -5248.78   |       -5252.62   |         3.8312   |   56:32:51   |   00:57:30   |
11801       |       -5255.45   |       -5259.28   |        3.82696   |   56:35:43   |   00:57:15   |
11802       |       -5254.07   |       -5257.07   |        3.00085   |   56:36:46   |   00:56:59   |
11803       |       -5254.07   |       -5257.07   |        3.00085   |   56:37:49   |   00:56:42   |
11804       |       -5254.07   |       -5257.07   |        3.00085   |   56:38:51   |   00:56:26   |
11805       |       -5249.03   |          -5252   |        2.96789   |   56:39:54   |   00:56:09   |
11806       |       -5252.84   |       -5255.79   |        2.95781   |   56:40:57   |   00:55:53   |
11807       |       -5249.02   |       -5252.32   |        3.30102   |   56:42:00   |   00:55:36   |
11808       |       -5246.77   |       -5250.23   |        3.46758   |   56:43:02   |   00:55:20   |
11809       |       -5246.11   |       -5249.58   |        3.46479   |   56:44:05   |   00:55:03   |
11810       |        -5245.2   |       -5250.02   |        4.81488   |   56:45:07   |   00:54:46   |
11811       |       -5245.55   |       -5250.37   |        4.81687   |   56:47:59   |   00:54:32   |
11812       |       -5244.94   |       -5249.89   |        4.94332   |   56:49:02   |   00:54:15   |
11813       |       -5244.94   |       -5249.89   |        4.94332   |   56:50:04   |   00:53:58   |
11814       |       -5244.94   |       -5249.88   |        4.94503   |   56:51:07   |   00:53:42   |
11815       |       -5246.84   |       -5251.91   |        5.07109   |   56:52:10   |   00:53:25   |
11816       |       -5246.47   |       -5250.38   |        3.90223   |   56:53:12   |   00:53:09   |
11817       |       -5245.93   |       -5250.44   |        4.51448   |   56:54:15   |   00:52:52   |
11818       |       -5245.89   |       -5250.41   |         4.5122   |   56:55:18   |   00:52:35   |
11819       |       -5245.89   |       -5250.41   |         4.5122   |   56:56:20   |   00:52:19   |


Iter        |      Posterior   |     Likelihood   |          Prior   |    elapsed   |        ETA   |
----------------------------------------------------------------------------------------------------
11820       |       -5245.88   |       -5250.11   |        4.23512   |   56:57:23   |   00:52:02   |
11821       |       -5244.78   |       -5249.02   |         4.2408   |   57:00:15   |   00:51:47   |
11822       |       -5245.46   |        -5249.7   |        4.23531   |   57:01:18   |   00:51:30   |
11823       |       -5244.42   |       -5248.66   |        4.24193   |   57:02:21   |   00:51:14   |
11824       |       -5244.42   |       -5248.66   |        4.24193   |   57:03:23   |   00:50:57   |
11825       |       -5244.42   |       -5248.66   |        4.24193   |   57:04:26   |   00:50:40   |
11826       |       -5245.12   |       -5249.11   |        3.99328   |   57:05:29   |   00:50:24   |
11827       |       -5245.57   |       -5249.56   |        3.99369   |   57:06:32   |   00:50:07   |
11828       |       -5245.52   |       -5248.91   |         3.3882   |   57:07:35   |   00:49:50   |
11829       |       -5245.48   |       -5248.84   |         3.3577   |   57:08:38   |   00:49:33   |
11830       |       -5245.48   |       -5248.84   |         3.3577   |   57:09:40   |   00:49:17   |
11831       |       -5245.48   |       -5248.84   |         3.3577   |   57:12:32   |   00:49:01   |
11832       |       -5245.32   |       -5248.68   |        3.35701   |   57:13:35   |   00:48:45   |
11833       |       -5245.44   |       -5248.77   |        3.32774   |   57:14:38   |   00:48:28   |
11834       |        -5243.8   |       -5247.14   |        3.33529   |   57:15:40   |   00:48:11   |
11835       |       -5243.38   |       -5245.82   |        2.44499   |   57:16:43   |   00:47:54   |
11836       |       -5243.56   |          -5246   |         2.4415   |   57:17:45   |   00:47:38   |
11837       |       -5244.56   |       -5246.92   |        2.36147   |   57:18:48   |   00:47:21   |
11838       |       -5247.91   |       -5250.19   |        2.27653   |   57:19:51   |   00:47:04   |
11839       |       -5249.91   |       -5252.09   |        2.17567   |   57:20:53   |   00:46:47   |


Iter        |      Posterior   |     Likelihood   |          Prior   |    elapsed   |        ETA   |
----------------------------------------------------------------------------------------------------
11840       |       -5244.65   |       -5246.77   |          2.123   |   57:21:56   |   00:46:30   |
11841       |       -5245.52   |       -5247.57   |        2.05191   |   57:24:48   |   00:46:15   |
11842       |       -5245.39   |       -5247.44   |        2.05253   |   57:25:50   |   00:45:58   |
11843       |       -5245.12   |       -5247.23   |         2.1055   |   57:26:53   |   00:45:41   |
11844       |       -5245.31   |       -5248.24   |        2.93177   |   57:27:56   |   00:45:24   |
11845       |       -5245.39   |       -5248.32   |        2.92977   |   57:28:58   |   00:45:07   |
11846       |       -5248.51   |       -5251.42   |          2.918   |   57:30:01   |   00:44:51   |
11847       |       -5249.54   |       -5252.45   |        2.91496   |   57:31:04   |   00:44:34   |
11848       |       -5248.75   |       -5251.67   |        2.91762   |   57:32:06   |   00:44:17   |
11849       |       -5248.27   |       -5251.19   |        2.91896   |   57:33:09   |   00:44:00   |
11850       |       -5246.83   |       -5248.41   |        1.57867   |   57:34:11   |   00:43:43   |
11851       |        -5245.1   |       -5246.52   |        1.41174   |   57:37:03   |   00:43:27   |
11852       |       -5246.69   |          -5247   |       0.316392   |   57:38:05   |   00:43:10   |
11853       |       -5246.16   |       -5247.67   |        1.51266   |   57:39:08   |   00:42:53   |
11854       |        -5247.7   |       -5249.32   |        1.62196   |   57:40:11   |   00:42:37   |
11855       |       -5249.38   |       -5251.01   |        1.62971   |   57:41:14   |   00:42:20   |
11856       |       -5247.07   |       -5248.95   |        1.88784   |   57:42:17   |   00:42:03   |
11857       |       -5248.19   |       -5250.64   |        2.45786   |   57:43:19   |   00:41:46   |
11858       |       -5248.93   |       -5251.39   |        2.46176   |   57:44:22   |   00:41:29   |
11859       |       -5248.12   |       -5250.58   |        2.46176   |   57:45:24   |   00:41:12   |


Iter        |      Posterior   |     Likelihood   |          Prior   |    elapsed   |        ETA   |
----------------------------------------------------------------------------------------------------
11860       |       -5248.58   |          -5252   |        3.42583   |   57:46:27   |   00:40:55   |
11861       |       -5250.27   |       -5253.69   |        3.42507   |   57:49:20   |   00:40:39   |
11862       |       -5250.27   |       -5253.69   |        3.42507   |   57:50:23   |   00:40:22   |
11863       |       -5248.22   |       -5251.17   |        2.95084   |   57:51:25   |   00:40:05   |
11864       |       -5246.81   |       -5249.03   |        2.22296   |   57:52:28   |   00:39:48   |
11865       |       -5248.16   |        -5250.4   |        2.24141   |   57:53:31   |   00:39:31   |
11866       |       -5248.16   |        -5250.4   |        2.24141   |   57:54:34   |   00:39:14   |
11867       |       -5248.07   |        -5250.3   |        2.23068   |   57:55:36   |   00:38:57   |
11868       |       -5246.15   |       -5248.31   |        2.15351   |   57:56:39   |   00:38:40   |
11869       |       -5246.71   |        -5248.9   |        2.18688   |   57:57:42   |   00:38:23   |
11870       |       -5246.71   |        -5248.9   |        2.18688   |   57:58:45   |   00:38:05   |
11871       |       -5246.71   |        -5248.9   |        2.18688   |   58:01:38   |   00:37:50   |
11872       |        -5249.6   |       -5251.79   |        2.18722   |   58:02:40   |   00:37:32   |
11873       |       -5249.43   |       -5251.61   |         2.1823   |   58:03:43   |   00:37:15   |
11874       |       -5249.46   |       -5251.64   |        2.17396   |   58:04:46   |   00:36:58   |
11875       |       -5245.98   |       -5248.16   |        2.18343   |   58:05:49   |   00:36:41   |
11876       |       -5244.79   |       -5247.54   |         2.7484   |   58:06:52   |   00:36:24   |
11877       |       -5244.44   |       -5247.19   |        2.74908   |   58:07:55   |   00:36:07   |
11878       |       -5246.36   |        -5249.1   |        2.74361   |   58:08:57   |   00:35:50   |
11879       |       -5247.45   |       -5250.19   |        2.73832   |   58:10:00   |   00:35:32   |


Iter        |      Posterior   |     Likelihood   |          Prior   |    elapsed   |        ETA   |
----------------------------------------------------------------------------------------------------
11880       |        -5247.4   |       -5250.22   |        2.81669   |   58:11:03   |   00:35:15   |
11881       |       -5247.46   |       -5250.23   |        2.76606   |   58:13:55   |   00:34:59   |
11882       |       -5245.66   |       -5248.38   |        2.71451   |   58:14:58   |   00:34:42   |
11883       |       -5245.63   |       -5248.34   |        2.71784   |   58:16:01   |   00:34:25   |
11884       |       -5244.84   |       -5247.56   |        2.71818   |   58:17:04   |   00:34:08   |
11885       |       -5244.84   |       -5247.56   |        2.71818   |   58:18:07   |   00:33:50   |
11886       |       -5245.73   |       -5248.56   |        2.83141   |   58:19:10   |   00:33:33   |
11887       |       -5247.08   |       -5247.24   |       0.158342   |   58:20:13   |   00:33:16   |
11888       |       -5247.27   |        -5247.1   |       -0.17221   |   58:21:15   |   00:32:59   |
11889       |       -5243.68   |       -5243.74   |      0.0607646   |   58:22:18   |   00:32:41   |
11890       |       -5243.63   |       -5243.69   |      0.0609929   |   58:23:21   |   00:32:24   |
11891       |       -5243.99   |       -5245.12   |        1.12372   |   58:26:13   |   00:32:08   |
11892       |       -5244.51   |        -5246.4   |        1.89348   |   58:27:16   |   00:31:51   |
11893       |       -5244.79   |       -5246.82   |        2.03294   |   58:28:19   |   00:31:33   |
11894       |       -5247.21   |       -5248.27   |        1.06403   |   58:29:22   |   00:31:16   |
11895       |        -5245.9   |       -5246.97   |        1.06723   |   58:30:25   |   00:30:59   |
11896       |       -5243.54   |       -5244.53   |       0.989201   |   58:31:27   |   00:30:41   |
11897       |       -5243.13   |       -5244.13   |       0.995365   |   58:32:30   |   00:30:24   |
11898       |        -5242.9   |       -5243.91   |        1.00895   |   58:33:33   |   00:30:07   |
11899       |       -5244.88   |       -5246.26   |        1.37733   |   58:34:36   |   00:29:49   |


Iter        |      Posterior   |     Likelihood   |          Prior   |    elapsed   |        ETA   |
----------------------------------------------------------------------------------------------------
11900       |       -5244.14   |       -5245.53   |        1.38368   |   58:35:39   |   00:29:32   |
11901       |       -5245.34   |       -5246.61   |        1.27345   |   58:38:31   |   00:29:16   |
11902       |       -5243.93   |       -5245.21   |         1.2834   |   58:39:34   |   00:28:58   |
11903       |       -5244.29   |       -5245.33   |        1.03808   |   58:40:37   |   00:28:41   |
11904       |       -5243.66   |        -5244.7   |        1.04037   |   58:41:40   |   00:28:24   |
11905       |       -5243.04   |       -5244.09   |        1.04927   |   58:42:43   |   00:28:06   |
11906       |       -5243.42   |       -5244.49   |        1.06599   |   58:43:46   |   00:27:49   |
11907       |       -5245.66   |       -5247.78   |        2.12361   |   58:44:48   |   00:27:31   |
11908       |       -5246.97   |       -5246.71   |      -0.260466   |   58:45:51   |   00:27:14   |
11909       |       -5245.44   |       -5245.19   |      -0.258803   |   58:46:54   |   00:26:57   |
11910       |       -5245.44   |       -5245.19   |      -0.258803   |   58:47:57   |   00:26:39   |
11911       |       -5244.73   |       -5245.04   |       0.307747   |   58:50:49   |   00:26:22   |
11912       |       -5244.89   |       -5246.07   |        1.17256   |   58:51:52   |   00:26:05   |
11913       |       -5244.91   |       -5246.09   |        1.17403   |   58:52:55   |   00:25:48   |
11914       |       -5244.73   |       -5245.92   |        1.18822   |   58:53:57   |   00:25:30   |
11915       |       -5243.62   |       -5244.81   |         1.1882   |   58:55:00   |   00:25:13   |
11916       |       -5244.26   |       -5245.29   |        1.03129   |   58:56:03   |   00:24:55   |
11917       |       -5244.39   |       -5242.94   |       -1.44987   |   58:57:05   |   00:24:38   |
11918       |       -5245.25   |       -5243.29   |       -1.96517   |   58:58:08   |   00:24:20   |
11919       |       -5246.79   |       -5244.69   |       -2.10022   |   58:59:11   |   00:24:03   |


Iter        |      Posterior   |     Likelihood   |          Prior   |    elapsed   |        ETA   |
----------------------------------------------------------------------------------------------------
11920       |       -5246.23   |       -5246.27   |       0.037728   |   59:00:14   |   00:23:45   |
11921       |       -5245.81   |       -5245.86   |      0.0495604   |   59:03:07   |   00:23:28   |
11922       |        -5244.4   |       -5246.02   |         1.6173   |   59:04:09   |   00:23:11   |
11923       |        -5245.9   |       -5247.49   |        1.58985   |   59:05:12   |   00:22:53   |
11924       |       -5244.41   |       -5245.92   |        1.50104   |   59:06:15   |   00:22:36   |
11925       |        -5244.4   |       -5245.43   |        1.02709   |   59:07:17   |   00:22:18   |
11926       |       -5247.46   |       -5248.82   |        1.36615   |   59:08:20   |   00:22:01   |
11927       |       -5250.36   |       -5251.68   |        1.31716   |   59:09:23   |   00:21:43   |
11928       |       -5248.12   |       -5249.45   |         1.3305   |   59:10:26   |   00:21:25   |
11929       |        -5248.6   |       -5249.52   |       0.926982   |   59:11:29   |   00:21:08   |
11930       |       -5247.82   |       -5248.04   |       0.221329   |   59:12:31   |   00:20:50   |
11931       |       -5247.15   |       -5246.61   |      -0.539706   |   59:15:24   |   00:20:33   |
11932       |       -5245.85   |       -5245.34   |      -0.514104   |   59:16:27   |   00:20:16   |
11933       |       -5246.46   |       -5245.94   |      -0.514104   |   59:17:31   |   00:19:58   |
11934       |       -5245.23   |       -5246.32   |        1.08993   |   59:18:34   |   00:19:40   |
11935       |       -5246.85   |       -5246.76   |     -0.0920944   |   59:19:36   |   00:19:23   |
11936       |       -5245.68   |       -5245.25   |      -0.428867   |   59:20:39   |   00:19:05   |
11937       |       -5247.57   |       -5247.13   |      -0.432649   |   59:21:42   |   00:18:47   |
11938       |       -5246.47   |       -5246.26   |      -0.211689   |   59:22:45   |   00:18:30   |
11939       |       -5245.57   |       -5247.43   |        1.86398   |   59:23:48   |   00:18:12   |


Iter        |      Posterior   |     Likelihood   |          Prior   |    elapsed   |        ETA   |
----------------------------------------------------------------------------------------------------
11940       |       -5245.66   |       -5247.27   |        1.60758   |   59:24:51   |   00:17:54   |
11941       |       -5245.74   |       -5247.35   |        1.60701   |   59:27:43   |   00:17:37   |
11942       |       -5245.73   |       -5248.29   |        2.56146   |   59:28:46   |   00:17:19   |
11943       |       -5246.57   |       -5249.13   |        2.55667   |   59:29:49   |   00:17:02   |
11944       |       -5246.14   |       -5248.71   |        2.57106   |   59:30:51   |   00:16:44   |
11945       |       -5246.54   |       -5249.22   |         2.6787   |   59:31:54   |   00:16:26   |
11946       |       -5249.52   |       -5253.23   |        3.70697   |   59:32:57   |   00:16:09   |
11947       |        -5247.2   |       -5250.91   |        3.70996   |   59:34:00   |   00:15:51   |
11948       |       -5245.99   |        -5248.2   |        2.20547   |   59:35:02   |   00:15:33   |
11949       |       -5244.81   |        -5247.1   |        2.29728   |   59:36:05   |   00:15:15   |
11950       |       -5245.35   |       -5247.67   |        2.32066   |   59:37:08   |   00:14:58   |
11951       |       -5249.18   |        -5251.5   |         2.3201   |   59:39:59   |   00:14:40   |
11952       |       -5245.81   |       -5248.08   |        2.26747   |   59:41:02   |   00:14:22   |
11953       |       -5246.99   |       -5249.25   |        2.26747   |   59:42:04   |   00:14:05   |
11954       |        -5245.5   |       -5247.78   |        2.27705   |   59:43:07   |   00:13:47   |
11955       |       -5246.12   |       -5248.38   |        2.25566   |   59:44:09   |   00:13:29   |
11956       |       -5251.59   |       -5253.93   |        2.34189   |   59:45:12   |   00:13:11   |
11957       |       -5245.94   |       -5248.23   |        2.29305   |   59:46:15   |   00:12:53   |
11958       |        -5244.1   |       -5246.42   |        2.31397   |   59:47:17   |   00:12:35   |
11959       |       -5243.85   |       -5245.12   |        1.26659   |   59:48:20   |   00:12:18   |


Iter        |      Posterior   |     Likelihood   |          Prior   |    elapsed   |        ETA   |
----------------------------------------------------------------------------------------------------
11960       |       -5242.45   |       -5243.92   |        1.46828   |   59:49:22   |   00:12:00   |
11961       |       -5242.51   |        -5244.2   |        1.69566   |   59:52:14   |   00:11:42   |
11962       |       -5242.86   |       -5244.76   |        1.89906   |   59:53:17   |   00:11:24   |
11963       |       -5242.02   |       -5243.87   |        1.84087   |   59:54:20   |   00:11:07   |
11964       |       -5244.58   |       -5246.42   |        1.83506   |   59:55:22   |   00:10:49   |
11965       |       -5243.32   |       -5244.17   |       0.846103   |   59:56:24   |   00:10:31   |
11966       |       -5242.98   |       -5244.08   |        1.09469   |   59:57:27   |   00:10:13   |
11967       |       -5242.89   |       -5243.97   |        1.08785   |   59:58:29   |   00:09:55   |
11968       |       -5242.83   |       -5243.51   |        0.67917   |   59:59:32   |   00:09:37   |
11969       |       -5243.45   |       -5245.29   |        1.84207   |   60:00:35   |   00:09:19   |
11970       |       -5245.25   |        -5247.5   |        2.24937   |   60:01:37   |   00:09:01   |
11971       |       -5243.18   |       -5244.33   |        1.15149   |   60:04:29   |   00:08:43   |
11972       |       -5243.07   |       -5244.22   |        1.14783   |   60:05:32   |   00:08:25   |
11973       |       -5244.24   |       -5247.13   |        2.89856   |   60:06:34   |   00:08:07   |
11974       |       -5246.98   |       -5249.86   |        2.88147   |   60:07:37   |   00:07:50   |
11975       |       -5243.77   |       -5246.81   |        3.03951   |   60:08:40   |   00:07:32   |
11976       |       -5244.16   |       -5247.21   |        3.05279   |   60:09:42   |   00:07:14   |
11977       |       -5244.16   |       -5247.21   |        3.05279   |   60:10:45   |   00:06:56   |
11978       |       -5244.16   |       -5247.21   |        3.05279   |   60:11:47   |   00:06:38   |
11979       |       -5246.36   |       -5248.75   |        2.39257   |   60:12:49   |   00:06:20   |


Iter        |      Posterior   |     Likelihood   |          Prior   |    elapsed   |        ETA   |
----------------------------------------------------------------------------------------------------
11980       |        -5244.4   |       -5246.68   |        2.28002   |   60:13:52   |   00:06:01   |
11981       |       -5243.41   |        -5245.7   |        2.29053   |   60:16:44   |   00:05:44   |
11982       |       -5242.75   |       -5244.98   |        2.23465   |   60:17:46   |   00:05:26   |
11983       |       -5242.98   |       -5245.08   |        2.10525   |   60:18:49   |   00:05:08   |
11984       |       -5242.63   |       -5243.83   |        1.20184   |   60:19:51   |   00:04:49   |
11985       |       -5243.07   |       -5244.27   |        1.20075   |   60:20:54   |   00:04:31   |
11986       |       -5244.45   |       -5245.66   |         1.2052   |   60:21:56   |   00:04:13   |
11987       |       -5241.67   |       -5242.89   |        1.21409   |   60:22:59   |   00:03:55   |
11988       |       -5241.71   |       -5242.92   |        1.20995   |   60:24:01   |   00:03:37   |
11989       |       -5242.75   |       -5243.95   |        1.19765   |   60:25:04   |   00:03:19   |
11990       |       -5241.11   |       -5242.32   |        1.20231   |   60:26:06   |   00:03:01   |
11991       |       -5242.34   |       -5243.54   |        1.19569   |   60:28:58   |   00:02:43   |
11992       |       -5241.98   |       -5243.18   |        1.20345   |   60:30:01   |   00:02:25   |
11993       |       -5243.55   |       -5244.74   |        1.19561   |   60:31:04   |   00:02:07   |
11994       |       -5244.26   |        -5246.4   |          2.138   |   60:32:06   |   00:01:49   |
11995       |       -5245.24   |       -5245.96   |       0.722654   |   60:33:09   |   00:01:30   |
11996       |       -5245.24   |       -5245.96   |       0.722654   |   60:34:11   |   00:01:12   |
11997       |       -5244.46   |       -5245.45   |        0.98888   |   60:35:14   |   00:00:54   |
11998       |       -5245.11   |        -5246.1   |       0.987528   |   60:36:16   |   00:00:36   |
11999       |       -5245.11   |        -5246.1   |       0.987528   |   60:37:19   |   00:00:18   |


Iter        |      Posterior   |     Likelihood   |          Prior   |    elapsed   |        ETA   |
----------------------------------------------------------------------------------------------------
12000       |       -5245.16   |       -5246.45   |        1.29584   |   60:38:21   |   00:00:00   |

                  Name                  | Param              |  Weight  |  Tried   | Accepted | Acc. Ratio| Parameters
===============================================================================================================================
Scaling                                  gamma                    2.0000      24121      12302      0.5100 lambda = 2.5843
Scaling                                  delta                    2.0000      24197      11912      0.4923 lambda = 0.7307
Scaling                                  rho                      2.0000      23718      12677      0.5345 lambda = 2.8499
Scaling                                  eta                      2.0000      23965      12874      0.5372 lambda = 2.4710
BetaSimplex                              relative_clado           3.0000      36001      13829      0.3841 alpha = 19.3345
ElementSwapSimplex                       relative_clado           1.0000      11917        275      0.0231 
Scaling                                  turnover                 1.0000      12062       4147      0.3438 lambda = 0.0831
UpDownScaling                            total_speciation         1.0000      12019       4889      0.4068 lambda = 0.3164

