
RevBayes version (1.1.0)
Build from dev_mrm (rapture-477-g991966) on Thu Feb 15 15:42:16 EST 2024

Visit the website www.RevBayes.com for more information about RevBayes.

RevBayes is free software released under the GPL license, version 3. Type 'license()' for details.

To quit RevBayes type 'quit()' or 'q()'.


> source("scripts/pteri/pteri_chromohisse_modelspec_tb_4.rev")
   Processing file "scripts/pteri/pteri_chromohisse_modelspec_tb_4.rev"
   Attempting to read the contents of file "pteridaceae_csomepruned.tree"
   Successfully read file
   Processing file "scripts/chromohisse_tp_mrm_tb.rev"
Anagenic Rates Matrix Built
Cladogenic Rates Matrix Built
All MCMC moves defined
   Warning: simulating tree under uniform model.
   Warning: simulating tree under uniform model.
GHLBDSP
Model clamped
   -2365.559
Defining Model...
Setting monitors...
		monitoring stochasitc character map
Initializing MCMC...
	Intializing from checkpoint
		Continuing main analysis
   Appending to previous MCMC simulation of 8010 iterations
   This simulation runs 1 independent replicate.
   The simulator uses 18 different moves in a random move schedule with 32 moves per iteration

Iter        |      Posterior   |     Likelihood   |          Prior   |    elapsed   |        ETA   |
----------------------------------------------------------------------------------------------------
8011        |       -2350.03   |       -2373.55   |        23.5215   |   00:03:09   |   00:01:10   |
8012        |        -2347.4   |       -2373.22   |        25.8218   |   00:06:26   |   00:02:24   |
8013        |       -2347.95   |       -2373.57   |        25.6207   |   00:09:27   |   00:03:32   |
8014        |       -2348.32   |       -2373.52   |        25.2009   |   00:12:40   |   00:04:44   |
8015        |       -2346.96   |       -2373.37   |         26.419   |   00:15:40   |   00:05:51   |
8016        |       -2350.87   |       -2377.04   |        26.1639   |   00:18:55   |   00:07:03   |
8017        |       -2350.52   |       -2374.97   |        24.4513   |   00:22:16   |   00:08:18   |
8018        |       -2346.56   |       -2371.24   |        24.6754   |   00:25:49   |   00:09:38   |
8019        |       -2348.24   |       -2372.74   |        24.4959   |   00:29:31   |   00:11:00   |


Iter        |      Posterior   |     Likelihood   |          Prior   |    elapsed   |        ETA   |
----------------------------------------------------------------------------------------------------
8020        |       -2346.88   |       -2371.55   |        24.6693   |   00:32:40   |   00:12:10   |
8021        |       -2346.88   |       -2371.55   |        24.6693   |   00:46:23   |   00:17:17   |
8022        |       -2346.88   |       -2371.55   |        24.6693   |   00:50:10   |   00:18:41   |
8023        |       -2346.88   |       -2371.55   |        24.6693   |   00:54:01   |   00:20:06   |
8024        |       -2346.33   |       -2370.89   |        24.5612   |   00:57:36   |   00:21:26   |
8025        |       -2346.59   |       -2370.88   |        24.2852   |   01:01:18   |   00:22:48   |
8026        |       -2346.93   |       -2371.03   |        24.0954   |   01:04:48   |   00:24:05   |
8027        |       -2351.48   |       -2374.48   |        22.9974   |   01:08:00   |   00:25:16   |
8028        |       -2349.81   |       -2373.87   |        24.0632   |   01:11:10   |   00:26:26   |
8029        |       -2349.64   |       -2373.93   |        24.2948   |   01:14:14   |   00:27:33   |
8030        |       -2349.22   |       -2373.83   |        24.6116   |   01:16:57   |   00:28:33   |
8031        |       -2349.04   |       -2373.71   |        24.6689   |   01:29:10   |   00:33:04   |
8032        |       -2348.73   |       -2374.01   |        25.2855   |   01:32:20   |   00:34:14   |
8033        |       -2355.82   |       -2379.72   |        23.8982   |   01:35:40   |   00:35:27   |
8034        |       -2355.25   |       -2380.25   |        25.0051   |   01:38:40   |   00:36:32   |
8035        |       -2355.83   |        -2381.4   |        25.5739   |   01:41:55   |   00:37:44   |
8036        |       -2353.82   |        -2378.4   |        24.5761   |   01:44:59   |   00:38:51   |
8037        |       -2353.12   |       -2377.83   |        24.7189   |   01:48:04   |   00:39:58   |
8038        |       -2353.57   |       -2378.77   |        25.2011   |   01:51:03   |   00:41:03   |
8039        |       -2355.39   |       -2383.08   |         27.687   |   01:54:04   |   00:42:09   |


Iter        |      Posterior   |     Likelihood   |          Prior   |    elapsed   |        ETA   |
----------------------------------------------------------------------------------------------------
8040        |       -2351.95   |       -2377.71   |        25.7589   |   01:56:54   |   00:43:10   |
8041        |       -2353.09   |       -2376.66   |        23.5678   |   02:09:57   |   00:47:58   |
8042        |       -2353.96   |       -2378.38   |        24.4246   |   02:13:13   |   00:49:09   |
8043        |       -2353.11   |       -2375.93   |        22.8193   |   02:16:48   |   00:50:27   |
8044        |       -2351.39   |        -2375.3   |        23.9119   |   02:20:04   |   00:51:38   |
8045        |       -2348.23   |       -2370.13   |        21.8913   |   02:23:27   |   00:52:52   |
8046        |       -2348.57   |          -2370   |        21.4335   |   02:26:45   |   00:54:03   |
8047        |       -2348.78   |       -2371.68   |        22.8972   |   02:30:08   |   00:55:16   |
8048        |       -2348.15   |       -2369.69   |         21.535   |   02:33:39   |   00:56:32   |
8049        |       -2348.66   |       -2369.32   |        20.6622   |   02:36:56   |   00:57:43   |
8050        |        -2351.2   |       -2369.86   |        18.6625   |   02:40:15   |   00:58:55   |
8051        |       -2351.26   |       -2371.18   |        19.9213   |   02:53:25   |   01:03:44   |
8052        |       -2350.14   |       -2370.11   |        19.9696   |   02:56:50   |   01:04:57   |
8053        |       -2352.06   |       -2371.69   |        19.6347   |   02:59:57   |   01:06:04   |
8054        |       -2352.53   |       -2373.21   |        20.6807   |   03:03:09   |   01:07:13   |
8055        |       -2351.66   |       -2374.01   |        22.3563   |   03:06:25   |   01:08:23   |
8056        |       -2355.82   |       -2375.97   |        20.1527   |   03:09:24   |   01:09:26   |
8057        |       -2357.84   |       -2377.59   |        19.7445   |   03:12:40   |   01:10:36   |
8058        |       -2357.62   |       -2375.11   |        17.4936   |   03:16:01   |   01:11:48   |
8059        |       -2355.18   |       -2372.83   |        17.6529   |   03:19:26   |   01:13:01   |


Iter        |      Posterior   |     Likelihood   |          Prior   |    elapsed   |        ETA   |
----------------------------------------------------------------------------------------------------
8060        |       -2356.49   |       -2377.45   |         20.954   |   03:22:42   |   01:14:11   |
8061        |       -2357.19   |       -2373.91   |         16.727   |   03:35:28   |   01:18:49   |
8062        |       -2357.92   |       -2380.09   |        22.1657   |   03:38:35   |   01:19:55   |
8063        |       -2354.53   |       -2374.14   |        19.6117   |   03:41:56   |   01:21:06   |
8064        |        -2355.7   |        -2376.9   |         21.201   |   03:45:22   |   01:22:19   |
8065        |       -2355.19   |       -2375.65   |        20.4576   |   03:48:23   |   01:23:23   |
8066        |       -2351.22   |       -2373.57   |        22.3479   |   03:52:00   |   01:24:40   |
8067        |       -2352.38   |          -2374   |        21.6245   |   03:55:20   |   01:25:51   |
8068        |       -2351.54   |       -2372.59   |        21.0526   |   03:58:14   |   01:26:52   |
8069        |       -2352.33   |       -2374.71   |        22.3765   |   04:01:32   |   01:28:02   |
8070        |       -2353.32   |        -2374.8   |        21.4777   |   04:04:57   |   01:29:14   |
8071        |        -2353.7   |       -2374.84   |        21.1411   |   04:18:10   |   01:34:00   |
8072        |        -2353.8   |       -2372.04   |        18.2439   |   04:21:08   |   01:35:02   |
8073        |        -2354.2   |       -2374.88   |        20.6841   |   04:24:14   |   01:36:07   |
8074        |       -2355.74   |       -2377.83   |         22.089   |   04:27:35   |   01:37:18   |
8075        |       -2352.04   |       -2376.81   |        24.7766   |   04:31:02   |   01:38:30   |
8076        |        -2352.7   |       -2377.26   |        24.5561   |   04:34:27   |   01:39:42   |
8077        |       -2354.74   |       -2374.73   |        19.9905   |   04:37:34   |   01:40:47   |
8078        |        -2355.3   |       -2376.26   |        20.9615   |   04:41:09   |   01:42:02   |
8079        |       -2357.59   |       -2378.32   |        20.7286   |   04:44:13   |   01:43:06   |


Iter        |      Posterior   |     Likelihood   |          Prior   |    elapsed   |        ETA   |
----------------------------------------------------------------------------------------------------
8080        |       -2355.74   |       -2377.55   |        21.8101   |   04:47:27   |   01:44:14   |
8081        |       -2355.21   |       -2376.43   |        21.2218   |   05:00:45   |   01:49:00   |
8082        |       -2352.33   |       -2375.55   |        23.2237   |   05:04:06   |   01:50:10   |
8083        |       -2354.39   |       -2379.11   |        24.7202   |   05:07:39   |   01:51:24   |
8084        |        -2354.7   |       -2380.45   |        25.7461   |   05:10:57   |   01:52:32   |
8085        |        -2354.7   |       -2380.45   |        25.7461   |   05:14:43   |   01:53:51   |
8086        |       -2354.98   |       -2380.73   |        25.7483   |   05:18:29   |   01:55:10   |
8087        |       -2356.74   |       -2382.88   |        26.1393   |   05:21:41   |   01:56:16   |
8088        |       -2358.26   |       -2384.02   |        25.7596   |   05:25:05   |   01:57:26   |
8089        |       -2357.07   |       -2381.57   |        24.4963   |   05:28:07   |   01:58:29   |
8090        |       -2356.08   |       -2378.72   |        22.6349   |   05:31:20   |   01:59:35   |
8091        |       -2353.69   |       -2377.34   |        23.6453   |   05:44:25   |   02:04:15   |
8092        |       -2355.43   |       -2377.18   |        21.7508   |   05:47:46   |   02:05:24   |
8093        |       -2352.62   |       -2376.04   |        23.4214   |   05:50:57   |   02:06:29   |
8094        |       -2355.14   |        -2380.5   |        25.3659   |   05:53:54   |   02:07:29   |
8095        |       -2356.22   |       -2379.51   |        23.2964   |   05:56:45   |   02:08:27   |
8096        |        -2352.8   |       -2376.64   |        23.8415   |   05:59:58   |   02:09:33   |
8097        |       -2355.69   |       -2378.22   |        22.5309   |   06:03:10   |   02:10:39   |
8098        |       -2353.81   |       -2374.46   |        20.6447   |   06:06:26   |   02:11:46   |
8099        |       -2353.52   |       -2377.03   |        23.5021   |   06:09:55   |   02:12:57   |


Iter        |      Posterior   |     Likelihood   |          Prior   |    elapsed   |        ETA   |
----------------------------------------------------------------------------------------------------
8100        |       -2352.57   |       -2376.49   |        23.9262   |   06:13:16   |   02:14:05   |
8101        |       -2351.49   |       -2375.74   |        24.2481   |   06:26:29   |   02:18:46   |
8102        |       -2353.81   |       -2376.23   |        22.4143   |   06:29:44   |   02:19:53   |
8103        |          -2355   |       -2376.64   |        21.6424   |   06:33:13   |   02:21:04   |
8104        |       -2360.16   |        -2373.9   |        13.7445   |   06:36:36   |   02:22:12   |
8105        |       -2359.28   |       -2374.08   |        14.8002   |   06:40:13   |   02:23:26   |
8106        |       -2354.87   |        -2371.6   |        16.7288   |   06:43:42   |   02:24:37   |
8107        |       -2355.19   |       -2371.85   |        16.6601   |   06:47:11   |   02:25:48   |
8108        |       -2354.97   |       -2373.29   |        18.3141   |   06:50:39   |   02:26:58   |
8109        |       -2358.49   |       -2372.86   |        14.3737   |   06:54:09   |   02:28:09   |
8110        |       -2357.41   |       -2371.04   |        13.6309   |   06:57:30   |   02:29:17   |
8111        |       -2357.41   |       -2371.04   |        13.6309   |   07:11:28   |   02:34:12   |
8112        |       -2357.41   |       -2371.04   |        13.6309   |   07:15:14   |   02:35:29   |
8113        |       -2353.22   |       -2371.83   |        18.6084   |   07:18:37   |   02:36:37   |
8114        |       -2353.24   |       -2371.83   |        18.5886   |   07:22:10   |   02:37:48   |
8115        |       -2350.99   |       -2371.26   |         20.267   |   07:25:32   |   02:38:56   |
8116        |       -2350.66   |       -2370.59   |        19.9329   |   07:28:54   |   02:40:04   |
8117        |       -2349.31   |       -2370.73   |         21.423   |   07:31:58   |   02:41:05   |
8118        |       -2348.99   |       -2371.68   |        22.6821   |   07:35:00   |   02:42:05   |
8119        |       -2349.97   |       -2372.19   |        22.2234   |   07:38:12   |   02:43:09   |


Iter        |      Posterior   |     Likelihood   |          Prior   |    elapsed   |        ETA   |
----------------------------------------------------------------------------------------------------
8120        |       -2353.05   |       -2376.39   |        23.3425   |   07:41:22   |   02:44:12   |
8121        |       -2355.15   |       -2376.96   |        21.8053   |   07:53:53   |   02:48:34   |
8122        |       -2353.65   |       -2374.42   |        20.7635   |   07:57:24   |   02:49:45   |
8123        |        -2355.3   |       -2371.16   |        15.8599   |   08:00:57   |   02:50:56   |
8124        |       -2354.31   |       -2371.77   |        17.4546   |   08:04:26   |   02:52:05   |
8125        |       -2349.34   |       -2370.25   |        20.9071   |   08:07:34   |   02:53:07   |
8126        |       -2349.72   |       -2369.42   |        19.6996   |   08:10:47   |   02:54:11   |
8127        |       -2354.51   |       -2372.88   |        18.3728   |   08:14:20   |   02:55:21   |
8128        |       -2352.27   |       -2374.04   |         21.772   |   08:17:49   |   02:56:30   |
8129        |        -2351.7   |       -2373.46   |        21.7612   |   08:20:52   |   02:57:30   |
8130        |        -2352.8   |       -2371.64   |        18.8457   |   08:24:14   |   02:58:37   |
8131        |       -2352.72   |       -2371.44   |        18.7245   |   08:37:39   |   03:03:17   |
8132        |       -2353.06   |       -2371.88   |          18.82   |   08:41:32   |   03:04:34   |
8133        |       -2351.92   |       -2374.88   |        22.9581   |   08:44:58   |   03:05:42   |
8134        |       -2349.54   |       -2369.88   |        20.3429   |   08:47:56   |   03:06:39   |
8135        |       -2346.73   |       -2369.04   |        22.3124   |   08:51:19   |   03:07:46   |
8136        |       -2348.33   |       -2371.23   |        22.8993   |   08:54:57   |   03:08:58   |
8137        |       -2352.23   |        -2376.2   |        23.9642   |   08:58:12   |   03:10:01   |
8138        |       -2349.33   |       -2372.92   |        23.5945   |   09:01:25   |   03:11:04   |
8139        |       -2347.78   |       -2371.46   |        23.6843   |   09:04:39   |   03:12:07   |


Iter        |      Posterior   |     Likelihood   |          Prior   |    elapsed   |        ETA   |
----------------------------------------------------------------------------------------------------
8140        |       -2348.52   |       -2372.57   |        24.0536   |   09:07:36   |   03:13:04   |
8141        |       -2349.74   |       -2372.13   |        22.3894   |   09:20:29   |   03:17:31   |
8142        |       -2350.82   |       -2371.48   |        20.6575   |   09:23:42   |   03:18:33   |
8143        |        -2352.3   |       -2373.83   |        21.5314   |   09:26:35   |   03:19:29   |
8144        |       -2352.02   |       -2374.23   |        22.2146   |   09:29:22   |   03:20:22   |
8145        |       -2353.72   |       -2376.59   |         22.875   |   09:31:46   |   03:21:07   |
8146        |       -2352.65   |       -2375.93   |        23.2742   |   09:34:52   |   03:22:06   |
8147        |       -2352.68   |       -2375.15   |        22.4722   |   09:37:49   |   03:23:03   |
8148        |       -2349.45   |        -2370.6   |        21.1592   |   09:40:44   |   03:23:59   |
8149        |       -2350.53   |       -2373.43   |        22.8987   |   09:43:56   |   03:25:00   |
8150        |       -2349.23   |       -2369.35   |         20.118   |   09:47:12   |   03:26:03   |
8151        |       -2347.39   |        -2369.5   |        22.1086   |   09:59:55   |   03:30:25   |
8152        |        -2350.4   |       -2369.76   |        19.3619   |   10:03:11   |   03:31:28   |
8153        |       -2351.71   |        -2369.8   |        18.0853   |   10:06:07   |   03:32:23   |
8154        |       -2350.94   |       -2372.03   |        21.0855   |   10:09:36   |   03:33:31   |
8155        |        -2350.4   |       -2370.34   |        19.9407   |   10:12:45   |   03:34:31   |
8156        |       -2352.98   |        -2374.3   |        21.3194   |   10:16:00   |   03:35:33   |
8157        |       -2352.52   |       -2373.89   |        21.3699   |   10:19:02   |   03:36:30   |
8158        |       -2353.24   |       -2371.49   |        18.2451   |   10:22:21   |   03:37:34   |
8159        |       -2351.44   |       -2368.83   |        17.3922   |   10:26:05   |   03:38:46   |


Iter        |      Posterior   |     Likelihood   |          Prior   |    elapsed   |        ETA   |
----------------------------------------------------------------------------------------------------
8160        |        -2350.6   |       -2369.54   |        18.9401   |   10:29:35   |   03:39:53   |
8161        |       -2348.45   |       -2371.04   |        22.5893   |   10:42:43   |   03:44:22   |
8162        |       -2352.27   |       -2374.55   |         22.282   |   10:45:58   |   03:45:23   |
8163        |       -2352.49   |       -2374.16   |         21.675   |   10:49:10   |   03:46:24   |
8164        |       -2355.19   |       -2377.12   |        21.9288   |   10:52:41   |   03:47:31   |
8165        |       -2352.06   |       -2373.02   |        20.9589   |   10:56:08   |   03:48:37   |
8166        |       -2351.54   |       -2370.05   |        18.5095   |   10:59:21   |   03:49:38   |
8167        |       -2353.56   |       -2370.49   |        16.9321   |   11:02:48   |   03:50:43   |
8168        |       -2351.49   |       -2370.45   |         18.958   |   11:06:18   |   03:51:50   |
8169        |       -2349.25   |       -2368.17   |        18.9235   |   11:09:57   |   03:52:59   |
8170        |       -2349.03   |       -2366.95   |        17.9222   |   11:13:03   |   03:53:57   |
8171        |       -2351.91   |       -2368.09   |        16.1806   |   11:26:20   |   03:58:27   |
8172        |       -2352.16   |       -2370.61   |        18.4509   |   11:29:51   |   03:59:34   |
8173        |       -2352.07   |       -2370.88   |        18.8085   |   11:32:57   |   04:00:32   |
8174        |       -2349.47   |       -2370.09   |        20.6141   |   11:36:12   |   04:01:32   |
8175        |       -2349.13   |       -2368.54   |        19.4125   |   11:39:29   |   04:02:34   |
8176        |       -2349.66   |       -2368.84   |        19.1868   |   11:42:50   |   04:03:37   |
8177        |       -2351.68   |       -2369.23   |        17.5493   |   11:45:58   |   04:04:35   |
8178        |       -2351.57   |       -2369.15   |         17.577   |   11:49:36   |   04:05:43   |
8179        |       -2352.31   |       -2369.93   |        17.6158   |   11:52:56   |   04:06:46   |


Iter        |      Posterior   |     Likelihood   |          Prior   |    elapsed   |        ETA   |
----------------------------------------------------------------------------------------------------
8180        |       -2350.27   |       -2368.44   |        18.1697   |   11:56:20   |   04:07:49   |
8181        |       -2347.52   |       -2369.58   |         22.052   |   12:09:25   |   04:12:13   |
8182        |       -2350.24   |       -2371.53   |        21.2885   |   12:12:48   |   04:13:16   |
8183        |       -2351.58   |       -2373.53   |        21.9428   |   12:16:04   |   04:14:17   |
8184        |       -2350.67   |       -2373.34   |        22.6713   |   12:19:09   |   04:15:14   |
8185        |       -2350.88   |       -2374.92   |        24.0444   |   12:22:06   |   04:16:07   |
8186        |       -2351.43   |       -2375.43   |        23.9971   |   12:24:59   |   04:17:00   |
8187        |       -2350.81   |       -2375.02   |        24.2165   |   12:28:04   |   04:17:56   |
8188        |       -2349.38   |       -2374.41   |        25.0316   |   12:31:12   |   04:18:54   |
8189        |       -2351.73   |       -2377.12   |        25.3918   |   12:34:06   |   04:19:46   |
8190        |       -2349.06   |       -2374.61   |        25.5498   |   12:36:55   |   04:20:37   |
8191        |       -2350.97   |       -2375.96   |        24.9897   |   12:49:03   |   04:24:40   |
8192        |       -2354.98   |       -2379.34   |        24.3557   |   12:51:47   |   04:25:29   |
8193        |       -2350.99   |       -2375.27   |        24.2747   |   12:54:30   |   04:26:17   |
8194        |       -2351.73   |       -2375.91   |        24.1826   |   12:57:05   |   04:27:03   |
8195        |       -2350.44   |       -2374.88   |        24.4448   |   12:59:33   |   04:27:46   |
8196        |       -2351.18   |       -2375.59   |        24.4126   |   13:02:18   |   04:28:35   |
8197        |       -2352.41   |       -2376.05   |         23.639   |   13:05:07   |   04:29:25   |
8198        |       -2351.08   |       -2374.29   |        23.2064   |   13:07:59   |   04:30:17   |
8199        |       -2352.81   |       -2375.36   |        22.5484   |   13:10:35   |   04:31:02   |


Iter        |      Posterior   |     Likelihood   |          Prior   |    elapsed   |        ETA   |
----------------------------------------------------------------------------------------------------
8200        |       -2352.08   |       -2374.07   |        21.9877   |   13:13:36   |   04:31:57   |
8201        |       -2350.23   |       -2372.43   |        22.2055   |   13:25:49   |   04:36:00   |
8202        |       -2349.64   |       -2372.48   |        22.8343   |   13:28:15   |   04:36:42   |
8203        |       -2351.59   |       -2374.89   |         23.295   |   13:30:56   |   04:37:29   |
8204        |       -2351.05   |       -2373.68   |        22.6267   |   13:33:49   |   04:38:20   |
8205        |       -2352.68   |       -2373.44   |        20.7667   |   13:36:49   |   04:39:14   |
8206        |       -2354.56   |       -2375.57   |         21.006   |   13:39:55   |   04:40:09   |
8207        |       -2358.09   |       -2379.66   |        21.5688   |   13:43:10   |   04:41:08   |
8208        |        -2358.6   |       -2378.89   |        20.2867   |   13:46:17   |   04:42:04   |
8209        |       -2356.94   |       -2375.69   |        18.7438   |   13:49:28   |   04:43:01   |
8210        |       -2356.78   |       -2377.86   |        21.0721   |   13:52:50   |   04:44:02   |
8211        |       -2357.52   |       -2377.48   |        19.9654   |   14:05:36   |   04:48:15   |
8212        |       -2351.06   |       -2373.42   |        22.3614   |   14:09:10   |   04:49:19   |
8213        |       -2352.45   |       -2373.52   |        21.0788   |   14:12:20   |   04:50:16   |
8214        |       -2350.59   |       -2372.84   |        22.2559   |   14:15:39   |   04:51:15   |
8215        |       -2351.48   |        -2372.4   |        20.9203   |   14:18:41   |   04:52:09   |
8216        |        -2349.6   |       -2371.73   |        22.1268   |   14:22:03   |   04:53:09   |
8217        |       -2347.12   |        -2371.1   |        23.9842   |   14:25:10   |   04:54:04   |
8218        |       -2346.12   |       -2369.02   |        22.9032   |   14:27:56   |   04:54:52   |
8219        |       -2349.81   |        -2370.6   |         20.793   |   14:31:16   |   04:55:51   |


Iter        |      Posterior   |     Likelihood   |          Prior   |    elapsed   |        ETA   |
----------------------------------------------------------------------------------------------------
8220        |       -2349.03   |       -2370.58   |        21.5454   |   14:34:38   |   04:56:51   |
8221        |        -2348.3   |       -2368.87   |        20.5767   |   14:47:51   |   05:01:12   |
8222        |       -2346.42   |       -2367.84   |        21.4167   |   14:50:59   |   05:02:07   |
8223        |       -2345.91   |       -2367.86   |        21.9431   |   14:54:22   |   05:03:07   |
8224        |       -2346.75   |       -2369.29   |        22.5406   |   14:57:43   |   05:04:06   |
8225        |        -2346.6   |       -2368.85   |        22.2486   |   15:00:48   |   05:05:00   |
8226        |       -2347.18   |       -2369.92   |        22.7427   |   15:04:03   |   05:05:57   |
8227        |       -2349.76   |       -2370.19   |        20.4284   |   15:07:14   |   05:06:53   |
8228        |       -2352.55   |       -2372.66   |        20.1066   |   15:10:31   |   05:07:51   |
8229        |       -2352.55   |       -2372.66   |        20.1066   |   15:13:49   |   05:08:49   |
8230        |       -2352.55   |       -2372.66   |        20.1066   |   15:17:20   |   05:09:51   |
8231        |       -2352.55   |       -2372.66   |        20.1066   |   15:30:36   |   05:14:11   |
8232        |       -2354.22   |       -2373.35   |        19.1251   |   15:34:12   |   05:15:15   |
8233        |       -2354.72   |       -2371.83   |        17.1031   |   15:37:37   |   05:16:15   |
8234        |       -2354.49   |       -2373.65   |        19.1592   |   15:40:52   |   05:17:12   |
8235        |       -2353.68   |       -2374.42   |        20.7367   |   15:44:14   |   05:18:11   |
8236        |        -2350.8   |       -2371.82   |        21.0119   |   15:47:08   |   05:19:00   |
8237        |       -2351.77   |       -2372.59   |        20.8205   |   15:50:07   |   05:19:51   |
8238        |        -2348.9   |        -2371.7   |        22.8009   |   15:53:12   |   05:20:44   |
8239        |       -2350.97   |       -2374.55   |        23.5791   |   15:56:17   |   05:21:37   |


Iter        |      Posterior   |     Likelihood   |          Prior   |    elapsed   |        ETA   |
----------------------------------------------------------------------------------------------------
8240        |       -2351.65   |        -2374.5   |        22.8525   |   15:59:19   |   05:22:29   |
8241        |       -2354.29   |       -2374.57   |        20.2808   |   16:11:50   |   05:26:32   |
8242        |       -2352.57   |       -2370.97   |        18.4029   |   16:15:16   |   05:27:32   |
8243        |       -2354.77   |       -2371.12   |        16.3477   |   16:18:27   |   05:28:26   |
8244        |       -2354.16   |       -2373.85   |        19.6855   |   16:21:33   |   05:29:19   |
8245        |       -2353.85   |       -2372.37   |        18.5194   |   16:24:51   |   05:30:16   |
8246        |       -2353.55   |       -2373.99   |        20.4404   |   16:28:04   |   05:31:11   |
8247        |       -2352.08   |       -2372.85   |        20.7744   |   16:31:01   |   05:32:01   |
8248        |       -2351.12   |        -2371.9   |        20.7731   |   16:34:29   |   05:33:01   |
8249        |       -2353.38   |       -2371.36   |        17.9746   |   16:37:26   |   05:33:50   |
8250        |       -2355.26   |        -2372.5   |        17.2394   |   16:40:28   |   05:34:42   |
8251        |       -2354.93   |       -2372.64   |        17.7082   |   16:53:16   |   05:38:49   |
8252        |       -2351.82   |       -2371.75   |        19.9289   |   16:56:27   |   05:39:43   |
8253        |       -2349.82   |       -2372.49   |        22.6715   |   16:59:33   |   05:40:35   |
8254        |       -2350.69   |       -2372.14   |        21.4524   |   17:02:32   |   05:41:25   |
8255        |       -2349.68   |       -2370.93   |        21.2445   |   17:05:43   |   05:42:19   |
8256        |       -2351.88   |       -2370.97   |        19.0875   |   17:08:49   |   05:43:11   |
8257        |       -2352.94   |       -2369.65   |         16.706   |   17:12:13   |   05:44:09   |
8258        |       -2353.95   |       -2372.31   |        18.3585   |   17:15:42   |   05:45:08   |
8259        |          -2354   |       -2372.36   |        18.3569   |   17:19:02   |   05:46:05   |


Iter        |      Posterior   |     Likelihood   |          Prior   |    elapsed   |        ETA   |
----------------------------------------------------------------------------------------------------
8260        |          -2354   |       -2372.36   |        18.3569   |   17:22:35   |   05:47:06   |
8261        |        -2356.2   |       -2375.85   |        19.6502   |   17:35:57   |   05:51:23   |
8262        |       -2354.86   |        -2375.7   |        20.8406   |   17:38:55   |   05:52:12   |
8263        |       -2354.16   |        -2372.6   |         18.444   |   17:42:10   |   05:53:06   |
8264        |       -2354.16   |        -2372.6   |         18.444   |   17:45:33   |   05:54:03   |
8265        |       -2354.16   |        -2372.6   |         18.444   |   17:48:39   |   05:54:55   |
8266        |       -2354.16   |        -2372.6   |         18.444   |   17:52:09   |   05:55:54   |
8267        |       -2354.16   |        -2372.6   |         18.444   |   17:55:21   |   05:56:48   |
8268        |        -2354.2   |       -2372.82   |        18.6244   |   17:58:49   |   05:57:46   |
8269        |        -2354.2   |       -2372.82   |        18.6244   |   18:02:22   |   05:58:46   |
8270        |        -2354.2   |       -2372.82   |        18.6244   |   18:05:40   |   05:59:42   |
8271        |        -2354.2   |       -2372.82   |        18.6244   |   18:19:09   |   06:03:59   |
8272        |       -2356.07   |       -2373.97   |         17.903   |   18:22:28   |   06:04:54   |
8273        |       -2356.07   |       -2373.97   |         17.903   |   18:25:59   |   06:05:53   |
8274        |       -2357.77   |       -2372.94   |        15.1678   |   18:29:11   |   06:06:46   |
8275        |       -2357.77   |       -2372.94   |        15.1678   |   18:32:20   |   06:07:38   |
8276        |       -2357.77   |       -2372.94   |        15.1678   |   18:35:49   |   06:08:36   |
8277        |       -2356.96   |       -2371.69   |         14.723   |   18:38:54   |   06:09:27   |
8278        |       -2355.38   |       -2372.55   |        17.1731   |   18:42:16   |   06:10:22   |
8279        |       -2352.56   |        -2372.8   |        20.2456   |   18:45:36   |   06:11:18   |


Iter        |      Posterior   |     Likelihood   |          Prior   |    elapsed   |        ETA   |
----------------------------------------------------------------------------------------------------
8280        |       -2353.83   |       -2370.66   |        16.8251   |   18:48:34   |   06:12:05   |
8281        |       -2355.58   |       -2369.87   |        14.2892   |   19:01:50   |   06:16:17   |
8282        |       -2356.04   |       -2370.31   |        14.2632   |   19:05:17   |   06:17:14   |
8283        |       -2357.77   |       -2373.02   |        15.2502   |   19:08:16   |   06:18:02   |
8284        |       -2357.75   |       -2372.78   |        15.0315   |   19:11:26   |   06:18:53   |
8285        |       -2357.77   |       -2374.33   |        16.5582   |   19:14:53   |   06:19:50   |
8286        |       -2357.77   |       -2374.33   |        16.5582   |   19:18:14   |   06:20:45   |
8287        |       -2357.23   |       -2373.74   |        16.5074   |   19:21:56   |   06:21:47   |
8288        |        -2358.6   |       -2375.51   |        16.9064   |   19:25:01   |   06:22:37   |
8289        |        -2357.2   |       -2375.21   |        18.0018   |   19:28:06   |   06:23:26   |
8290        |       -2354.51   |       -2374.72   |        20.2098   |   19:31:32   |   06:24:23   |
8291        |       -2354.54   |       -2374.89   |        20.3422   |   19:44:26   |   06:28:25   |
8292        |       -2354.54   |       -2374.89   |        20.3422   |   19:47:57   |   06:29:23   |
8293        |       -2354.54   |       -2374.89   |        20.3422   |   19:51:22   |   06:30:19   |
8294        |       -2352.63   |       -2377.42   |        24.7877   |   19:54:28   |   06:31:08   |
8295        |       -2353.29   |       -2380.06   |        26.7731   |   19:57:20   |   06:31:53   |
8296        |       -2356.41   |       -2379.04   |         22.629   |   20:00:30   |   06:32:44   |
8297        |       -2357.71   |       -2377.44   |        19.7307   |   20:03:43   |   06:33:35   |
8298        |       -2356.63   |       -2376.36   |        19.7317   |   20:06:53   |   06:34:26   |
8299        |       -2352.22   |       -2375.06   |        22.8391   |   20:10:12   |   06:35:19   |


Iter        |      Posterior   |     Likelihood   |          Prior   |    elapsed   |        ETA   |
----------------------------------------------------------------------------------------------------
8300        |       -2355.25   |       -2375.83   |        20.5839   |   20:13:29   |   06:36:12   |
8301        |       -2352.54   |       -2371.99   |        19.4431   |   20:26:34   |   06:40:17   |
8302        |       -2353.93   |       -2375.78   |        21.8566   |   20:29:47   |   06:41:08   |
8303        |       -2351.75   |       -2373.45   |        21.7029   |   20:32:48   |   06:41:55   |
8304        |       -2354.61   |       -2374.45   |        19.8439   |   20:35:37   |   06:42:38   |
8305        |       -2354.98   |       -2372.88   |         17.899   |   20:38:45   |   06:43:28   |
8306        |       -2354.98   |       -2372.88   |         17.899   |   20:42:24   |   06:44:27   |
8307        |       -2353.45   |       -2370.97   |        17.5149   |   20:46:09   |   06:45:28   |
8308        |       -2355.21   |       -2374.26   |        19.0479   |   20:49:17   |   06:46:18   |
8309        |       -2355.34   |       -2370.81   |        15.4666   |   20:52:27   |   06:47:07   |
8310        |       -2356.62   |       -2371.63   |          15.01   |   20:55:42   |   06:47:59   |
8311        |       -2354.68   |       -2372.29   |        17.6104   |   21:08:48   |   06:52:02   |
8312        |       -2352.82   |       -2371.21   |        18.3867   |   21:11:53   |   06:52:50   |
8313        |        -2356.2   |       -2374.14   |        17.9417   |   21:14:57   |   06:53:38   |
8314        |        -2354.8   |       -2375.41   |        20.6029   |   21:18:12   |   06:54:29   |
8315        |       -2355.92   |       -2379.04   |        23.1207   |   21:21:27   |   06:55:20   |
8316        |       -2355.82   |       -2378.22   |        22.4057   |   21:23:59   |   06:55:57   |
8317        |       -2358.68   |       -2378.64   |        19.9627   |   21:27:00   |   06:56:43   |
8318        |        -2357.9   |       -2380.37   |         22.471   |   21:30:27   |   06:57:38   |
8319        |       -2359.34   |       -2378.08   |        18.7418   |   21:33:39   |   06:58:27   |


Iter        |      Posterior   |     Likelihood   |          Prior   |    elapsed   |        ETA   |
----------------------------------------------------------------------------------------------------
8320        |       -2354.59   |       -2375.56   |        20.9695   |   21:37:10   |   06:59:23   |
8321        |        -2355.4   |       -2375.21   |        19.8075   |   21:49:55   |   07:03:18   |
8322        |       -2354.99   |       -2376.17   |        21.1805   |   21:52:59   |   07:04:05   |
8323        |        -2355.1   |        -2375.6   |        20.4952   |   21:56:01   |   07:04:51   |
8324        |       -2356.35   |       -2374.65   |        18.3078   |   21:59:33   |   07:05:47   |
8325        |       -2356.18   |        -2372.6   |        16.4183   |   22:02:46   |   07:06:37   |
8326        |       -2353.07   |       -2371.96   |        18.8878   |   22:06:10   |   07:07:30   |
8327        |       -2354.35   |       -2373.16   |          18.81   |   22:09:18   |   07:08:18   |
8328        |       -2350.79   |       -2370.18   |        19.3833   |   22:12:30   |   07:09:07   |
8329        |       -2355.28   |        -2372.9   |        17.6159   |   22:15:41   |   07:09:56   |
8330        |       -2350.86   |       -2371.06   |        20.1928   |   22:18:52   |   07:10:45   |
8331        |       -2350.04   |       -2371.09   |        21.0535   |   22:31:52   |   07:14:43   |
8332        |       -2353.14   |       -2369.89   |        16.7511   |   22:35:10   |   07:15:33   |
8333        |       -2356.14   |       -2370.55   |        14.4056   |   22:38:38   |   07:16:27   |
8334        |       -2354.35   |       -2374.74   |        20.3933   |   22:42:07   |   07:17:22   |
8335        |       -2351.93   |       -2373.21   |        21.2751   |   22:45:04   |   07:18:05   |
8336        |       -2350.84   |       -2371.07   |        20.2318   |   22:48:13   |   07:18:53   |
8337        |       -2350.59   |       -2369.98   |        19.3908   |   22:51:39   |   07:19:46   |
8338        |       -2351.15   |       -2370.98   |        19.8322   |   22:55:03   |   07:20:38   |
8339        |       -2351.53   |       -2371.65   |        20.1261   |   22:58:22   |   07:21:29   |


Iter        |      Posterior   |     Likelihood   |          Prior   |    elapsed   |        ETA   |
----------------------------------------------------------------------------------------------------
8340        |       -2352.53   |       -2372.95   |        20.4259   |   23:01:35   |   07:22:18   |
8341        |       -2355.75   |       -2377.81   |        22.0575   |   23:14:22   |   07:26:10   |
8342        |       -2355.59   |       -2379.13   |        23.5463   |   23:17:28   |   07:26:56   |
8343        |       -2361.83   |       -2386.94   |        25.1067   |   23:20:46   |   07:27:46   |
8344        |       -2355.84   |       -2380.36   |        24.5231   |   23:23:39   |   07:28:28   |
8345        |          -2356   |       -2380.72   |        24.7214   |   23:26:33   |   07:29:11   |
8346        |       -2357.98   |        -2382.4   |        24.4254   |   23:29:55   |   07:30:02   |
8347        |       -2359.09   |       -2384.88   |        25.7893   |   23:32:50   |   07:30:44   |
8348        |        -2357.2   |       -2381.96   |        24.7608   |   23:35:46   |   07:31:27   |
8349        |       -2357.12   |       -2383.85   |        26.7315   |   23:38:37   |   07:32:08   |
8350        |       -2356.51   |       -2382.65   |        26.1344   |   23:41:16   |   07:32:45   |
8351        |       -2355.06   |       -2378.69   |         23.632   |   23:53:50   |   07:36:32   |
8352        |       -2355.51   |       -2378.82   |        23.3082   |   23:57:10   |   07:37:22   |
8353        |       -2354.89   |        -2373.8   |        18.9091   |   24:00:44   |   07:38:16   |
8354        |       -2355.01   |       -2374.04   |        19.0285   |   24:04:05   |   07:39:07   |
8355        |       -2353.92   |       -2373.33   |        19.4037   |   24:07:43   |   07:40:02   |
8356        |        -2355.4   |       -2375.02   |         19.622   |   24:11:14   |   07:40:56   |
8357        |       -2354.93   |       -2377.27   |        22.3325   |   24:14:15   |   07:41:39   |
8358        |       -2352.54   |       -2374.57   |        22.0221   |   24:17:44   |   07:42:32   |
8359        |       -2355.23   |       -2376.66   |        21.4255   |   24:21:02   |   07:43:21   |


Iter        |      Posterior   |     Likelihood   |          Prior   |    elapsed   |        ETA   |
----------------------------------------------------------------------------------------------------
8360        |       -2354.95   |       -2376.91   |        21.9608   |   24:24:17   |   07:44:09   |
8361        |       -2352.52   |       -2374.48   |        21.9636   |   24:37:57   |   07:48:15   |
8362        |       -2355.27   |       -2376.88   |        21.6098   |   24:41:24   |   07:49:06   |
8363        |       -2353.33   |       -2375.39   |        22.0591   |   24:44:50   |   07:49:58   |
8364        |       -2357.61   |       -2382.13   |        24.5133   |   24:48:02   |   07:50:44   |
8365        |       -2356.79   |       -2383.15   |        26.3535   |   24:51:31   |   07:51:36   |
8366        |       -2355.82   |       -2380.54   |        24.7244   |   24:54:38   |   07:52:21   |
8367        |       -2361.66   |       -2385.01   |        23.3483   |   24:57:55   |   07:53:10   |
8368        |       -2363.57   |       -2387.04   |        23.4742   |   25:00:57   |   07:53:53   |
8369        |       -2362.98   |       -2386.97   |        23.9914   |   25:04:18   |   07:54:42   |
8370        |       -2354.44   |       -2377.71   |        23.2755   |   25:07:47   |   07:55:34   |
8371        |       -2352.49   |       -2376.09   |        23.6003   |   25:20:56   |   07:59:28   |
8372        |       -2352.49   |       -2376.09   |        23.6003   |   25:24:26   |   08:00:20   |
8373        |       -2352.67   |       -2376.14   |        23.4618   |   25:28:02   |   08:01:14   |
8374        |       -2352.09   |       -2374.41   |         22.327   |   25:31:26   |   08:02:04   |
8375        |       -2350.23   |       -2372.15   |        21.9149   |   25:34:46   |   08:02:52   |
8376        |       -2350.23   |       -2372.15   |        21.9149   |   25:38:14   |   08:03:43   |
8377        |       -2350.23   |       -2372.15   |        21.9149   |   25:42:00   |   08:04:40   |
8378        |       -2350.23   |       -2372.15   |        21.9149   |   25:45:35   |   08:05:33   |
8379        |       -2350.23   |       -2372.15   |        21.9149   |   25:49:05   |   08:06:24   |


Iter        |      Posterior   |     Likelihood   |          Prior   |    elapsed   |        ETA   |
----------------------------------------------------------------------------------------------------
8380        |       -2350.23   |       -2372.15   |        21.9149   |   25:52:44   |   08:07:18   |
8381        |       -2350.23   |       -2372.15   |        21.9149   |   26:05:56   |   08:11:12   |
8382        |       -2350.23   |       -2372.15   |        21.9149   |   26:09:38   |   08:12:07   |
8383        |       -2350.23   |       -2372.15   |        21.9149   |   26:13:09   |   08:12:58   |
8384        |       -2350.23   |       -2372.15   |        21.9149   |   26:16:47   |   08:13:52   |
8385        |       -2350.23   |       -2372.15   |        21.9149   |   26:20:19   |   08:14:43   |
8386        |       -2350.23   |       -2372.15   |        21.9149   |   26:23:53   |   08:15:36   |
8387        |       -2350.23   |       -2372.15   |        21.9149   |   26:27:31   |   08:16:29   |
8388        |       -2350.23   |       -2372.15   |        21.9149   |   26:31:11   |   08:17:23   |
8389        |       -2350.23   |       -2372.15   |        21.9149   |   26:34:52   |   08:18:17   |
8390        |       -2350.44   |       -2372.36   |        21.9149   |   26:38:23   |   08:19:08   |
8391        |       -2351.06   |       -2372.61   |        21.5491   |   26:51:35   |   08:23:00   |
8392        |       -2351.06   |       -2372.61   |        21.5491   |   26:55:14   |   08:23:53   |
8393        |       -2351.06   |       -2372.61   |        21.5491   |   26:58:58   |   08:24:48   |
8394        |       -2351.06   |       -2372.61   |        21.5491   |   27:02:27   |   08:25:38   |
8395        |       -2351.06   |       -2372.61   |        21.5491   |   27:06:12   |   08:26:33   |
8396        |       -2351.06   |       -2372.61   |        21.5491   |   27:09:54   |   08:27:27   |
8397        |       -2351.06   |       -2372.61   |        21.5491   |   27:13:18   |   08:28:15   |
8398        |       -2351.06   |       -2372.61   |        21.5491   |   27:16:56   |   08:29:07   |
8399        |       -2351.06   |       -2372.61   |        21.5491   |   27:20:30   |   08:29:58   |


Iter        |      Posterior   |     Likelihood   |          Prior   |    elapsed   |        ETA   |
----------------------------------------------------------------------------------------------------
8400        |       -2352.59   |       -2374.17   |        21.5826   |   27:23:49   |   08:30:45   |
8401        |       -2350.93   |       -2373.11   |        22.1812   |   27:37:11   |   08:34:39   |
8402        |       -2350.93   |       -2373.11   |        22.1812   |   27:40:45   |   08:35:30   |
8403        |       -2352.21   |       -2374.11   |        21.8981   |   27:44:16   |   08:36:19   |
8404        |       -2355.75   |       -2377.22   |        21.4663   |   27:47:24   |   08:37:02   |
8405        |       -2349.77   |       -2369.98   |        20.2029   |   27:50:38   |   08:37:47   |
8406        |       -2350.83   |       -2371.13   |        20.3022   |   27:54:11   |   08:38:37   |
8407        |       -2352.94   |       -2371.53   |         18.598   |   27:57:22   |   08:39:21   |
8408        |       -2350.19   |       -2371.18   |         20.987   |   28:00:49   |   08:40:09   |
8409        |       -2349.06   |       -2369.72   |        20.6588   |   28:04:07   |   08:40:54   |
8410        |       -2349.17   |       -2370.43   |        21.2616   |   28:07:28   |   08:41:41   |
8411        |       -2350.53   |       -2371.36   |        20.8323   |   28:20:35   |   08:45:28   |
8412        |       -2350.53   |       -2371.36   |        20.8323   |   28:24:19   |   08:46:22   |
8413        |       -2350.61   |       -2371.73   |        21.1195   |   28:27:43   |   08:47:09   |
8414        |        -2354.9   |       -2372.29   |        17.3922   |   28:31:11   |   08:47:57   |
8415        |        -2354.6   |       -2371.23   |        16.6301   |   28:34:24   |   08:48:40   |
8416        |       -2352.37   |       -2373.83   |        21.4627   |   28:37:45   |   08:49:26   |
8417        |       -2351.42   |       -2374.32   |        22.8976   |   28:41:04   |   08:50:12   |
8418        |       -2355.38   |       -2377.29   |        21.9038   |   28:44:11   |   08:50:53   |
8419        |       -2358.58   |       -2378.14   |        19.5652   |   28:47:12   |   08:51:33   |


Iter        |      Posterior   |     Likelihood   |          Prior   |    elapsed   |        ETA   |
----------------------------------------------------------------------------------------------------
8420        |       -2358.73   |       -2376.96   |        18.2359   |   28:50:33   |   08:52:19   |
8421        |       -2355.28   |          -2376   |        20.7187   |   29:04:05   |   08:56:12   |
8422        |        -2356.4   |       -2375.75   |        19.3512   |   29:07:32   |   08:57:00   |
8423        |       -2356.41   |       -2378.92   |          22.51   |   29:10:48   |   08:57:43   |
8424        |       -2358.98   |       -2379.06   |        20.0741   |   29:14:11   |   08:58:29   |
8425        |       -2358.67   |       -2378.84   |        20.1714   |   29:17:33   |   08:59:15   |
8426        |       -2355.96   |       -2374.16   |        18.1993   |   29:20:38   |   08:59:55   |
8427        |       -2358.95   |       -2374.88   |        15.9345   |   29:23:53   |   09:00:39   |
8428        |          -2358   |       -2377.31   |        19.3095   |   29:27:06   |   09:01:22   |
8429        |       -2360.97   |       -2376.71   |        15.7469   |   29:30:22   |   09:02:05   |
8430        |       -2360.88   |        -2378.6   |         17.727   |   29:33:34   |   09:02:47   |
8431        |       -2360.48   |       -2376.88   |        16.3994   |   29:47:28   |   09:06:46   |
8432        |       -2360.25   |       -2375.67   |        15.4202   |   29:51:06   |   09:07:36   |
8433        |       -2355.35   |       -2373.66   |        18.3076   |   29:54:26   |   09:08:21   |
8434        |       -2353.72   |       -2376.74   |        23.0263   |   29:57:58   |   09:09:09   |
8435        |       -2354.96   |       -2377.53   |        22.5715   |   30:01:15   |   09:09:52   |
8436        |        -2353.5   |       -2376.54   |        23.0404   |   30:04:13   |   09:10:30   |
8437        |       -2352.07   |       -2373.64   |        21.5771   |   30:07:17   |   09:11:09   |
8438        |       -2352.07   |       -2373.64   |        21.5771   |   30:10:48   |   09:11:57   |
8439        |       -2352.07   |       -2373.64   |        21.5771   |   30:14:22   |   09:12:45   |


Iter        |      Posterior   |     Likelihood   |          Prior   |    elapsed   |        ETA   |
----------------------------------------------------------------------------------------------------
8440        |        -2354.4   |       -2373.52   |        19.1192   |   30:17:55   |   09:13:33   |
8441        |        -2354.4   |       -2373.52   |        19.1192   |   30:31:19   |   09:17:21   |
8442        |        -2354.4   |       -2373.52   |        19.1192   |   30:35:04   |   09:18:12   |
8443        |       -2353.87   |       -2373.05   |        19.1807   |   30:38:35   |   09:19:00   |
8444        |       -2353.87   |       -2373.05   |        19.1807   |   30:42:06   |   09:19:47   |
8445        |       -2353.87   |       -2373.05   |        19.1807   |   30:45:35   |   09:20:33   |
8446        |       -2353.87   |       -2373.05   |        19.1807   |   30:49:21   |   09:21:25   |
8447        |       -2353.76   |        -2372.3   |         18.531   |   30:52:44   |   09:22:09   |
8448        |       -2354.54   |       -2372.04   |        17.5024   |   30:56:08   |   09:22:54   |
8449        |        -2355.7   |       -2372.42   |        16.7158   |   30:59:14   |   09:23:33   |
8450        |       -2354.15   |       -2371.62   |        17.4651   |   31:02:34   |   09:24:16   |
8451        |       -2356.53   |       -2379.41   |        22.8786   |   31:15:35   |   09:27:56   |
8452        |       -2355.89   |       -2377.41   |        21.5217   |   31:18:46   |   09:28:36   |
8453        |       -2354.17   |       -2375.87   |        21.6932   |   31:21:57   |   09:29:16   |
8454        |       -2357.31   |       -2377.61   |        20.3056   |   31:25:13   |   09:29:58   |
8455        |       -2354.86   |       -2369.12   |        14.2546   |   31:28:21   |   09:30:38   |
8456        |          -2353   |       -2366.35   |        13.3449   |   31:31:43   |   09:31:21   |
8457        |        -2352.6   |        -2368.3   |        15.7026   |   31:35:02   |   09:32:04   |
8458        |       -2352.57   |       -2369.63   |        17.0644   |   31:38:11   |   09:32:43   |
8459        |       -2350.13   |       -2371.33   |        21.2035   |   31:41:48   |   09:33:31   |


Iter        |      Posterior   |     Likelihood   |          Prior   |    elapsed   |        ETA   |
----------------------------------------------------------------------------------------------------
8460        |       -2347.57   |        -2367.5   |        19.9331   |   31:44:49   |   09:34:08   |
8461        |       -2347.07   |       -2369.71   |        22.6359   |   31:57:58   |   09:37:48   |
8462        |       -2347.91   |       -2371.72   |        23.8072   |   32:00:53   |   09:38:23   |
8463        |       -2346.59   |       -2366.94   |        20.3413   |   32:04:12   |   09:39:06   |
8464        |       -2347.59   |       -2367.87   |        20.2802   |   32:07:25   |   09:39:46   |
8465        |        -2345.8   |       -2366.14   |        20.3391   |   32:10:42   |   09:40:27   |
8466        |       -2347.35   |       -2366.26   |        18.9184   |   32:14:02   |   09:41:10   |
8467        |       -2347.37   |       -2368.92   |        21.5452   |   32:17:19   |   09:41:51   |
8468        |        -2347.6   |       -2370.12   |        22.5295   |   32:20:34   |   09:42:32   |
8469        |       -2347.76   |       -2368.31   |        20.5524   |   32:23:52   |   09:43:13   |
8470        |       -2347.73   |       -2370.46   |        22.7344   |   32:26:46   |   09:43:48   |
8471        |       -2346.81   |       -2369.04   |        22.2336   |   32:39:21   |   09:47:16   |
8472        |       -2348.37   |       -2369.42   |        21.0555   |   32:42:39   |   09:47:57   |
8473        |       -2348.73   |       -2369.08   |        20.3564   |   32:46:05   |   09:48:41   |
8474        |       -2348.87   |       -2370.02   |        21.1531   |   32:49:16   |   09:49:20   |
8475        |        -2350.5   |       -2370.17   |        19.6681   |   32:52:31   |   09:50:00   |
8476        |       -2349.34   |       -2369.06   |         19.714   |   32:56:00   |   09:50:44   |
8477        |       -2348.46   |       -2368.15   |        19.6983   |   32:59:22   |   09:51:27   |
8478        |       -2348.46   |       -2368.15   |        19.6983   |   33:03:10   |   09:52:16   |
8479        |       -2349.55   |       -2367.49   |         17.945   |   33:06:29   |   09:52:58   |


Iter        |      Posterior   |     Likelihood   |          Prior   |    elapsed   |        ETA   |
----------------------------------------------------------------------------------------------------
8480        |       -2349.48   |       -2367.12   |        17.6339   |   33:09:50   |   09:53:39   |
8481        |       -2350.89   |       -2368.97   |         18.083   |   33:23:40   |   09:57:29   |
8482        |       -2349.91   |       -2370.85   |        20.9426   |   33:26:36   |   09:58:03   |
8483        |       -2351.42   |       -2368.63   |        17.2104   |   33:29:34   |   09:58:37   |
8484        |       -2355.47   |       -2369.88   |         14.419   |   33:32:51   |   09:59:17   |
8485        |       -2357.92   |       -2370.92   |        12.9978   |   33:36:16   |   10:00:00   |
8486        |       -2352.18   |       -2368.41   |        16.2269   |   33:39:42   |   10:00:43   |
8487        |       -2347.02   |       -2368.21   |        21.1922   |   33:42:53   |   10:01:21   |
8488        |       -2347.32   |       -2371.76   |         24.431   |   33:46:09   |   10:02:01   |
8489        |       -2348.84   |       -2372.81   |        23.9695   |   33:49:29   |   10:02:42   |
8490        |       -2349.57   |          -2374   |        24.4287   |   33:52:43   |   10:03:21   |
8491        |       -2350.61   |       -2373.07   |        22.4603   |   34:05:47   |   10:06:54   |
8492        |       -2347.81   |       -2371.96   |        24.1549   |   34:09:01   |   10:07:33   |
8493        |        -2348.2   |       -2373.56   |        25.3673   |   34:11:56   |   10:08:06   |
8494        |       -2348.77   |       -2374.07   |        25.2995   |   34:15:22   |   10:08:49   |
8495        |       -2350.27   |       -2374.35   |        24.0833   |   34:18:26   |   10:09:24   |
8496        |       -2349.62   |       -2372.75   |        23.1229   |   34:21:27   |   10:09:59   |
8497        |       -2349.93   |       -2373.31   |        23.3877   |   34:24:27   |   10:10:33   |
8498        |       -2349.92   |       -2372.12   |        22.2011   |   34:27:34   |   10:11:10   |
8499        |       -2353.49   |        -2373.9   |         20.404   |   34:30:45   |   10:11:47   |


Iter        |      Posterior   |     Likelihood   |          Prior   |    elapsed   |        ETA   |
----------------------------------------------------------------------------------------------------
8500        |       -2351.05   |       -2372.22   |         21.166   |   34:33:45   |   10:12:21   |
8501        |       -2352.66   |       -2370.54   |        17.8854   |   34:47:10   |   10:16:00   |
8502        |       -2351.57   |       -2369.77   |        18.1959   |   34:50:30   |   10:16:40   |
8503        |       -2351.31   |       -2371.61   |        20.2994   |   34:53:44   |   10:17:18   |
8504        |       -2350.74   |       -2370.33   |        19.5875   |   34:57:08   |   10:17:59   |
8505        |       -2348.46   |       -2370.27   |        21.8176   |   35:00:39   |   10:18:42   |
8506        |       -2351.65   |          -2373   |        21.3422   |   35:03:47   |   10:19:18   |
8507        |       -2346.53   |       -2371.04   |        24.5092   |   35:06:33   |   10:19:48   |
8508        |        -2348.3   |       -2371.39   |        23.0906   |   35:09:51   |   10:20:27   |
8509        |       -2346.74   |       -2369.43   |        22.6852   |   35:12:56   |   10:21:02   |
8510        |       -2348.17   |       -2370.75   |        22.5799   |   35:15:46   |   10:21:33   |
8511        |       -2350.54   |       -2373.42   |         22.885   |   35:28:21   |   10:24:55   |
8512        |       -2345.98   |       -2367.98   |        22.0035   |   35:31:26   |   10:25:30   |
8513        |       -2345.42   |        -2367.7   |         22.283   |   35:34:49   |   10:26:10   |
8514        |       -2348.27   |       -2368.85   |        20.5784   |   35:38:07   |   10:26:49   |
8515        |          -2347   |        -2367.2   |         20.196   |   35:41:29   |   10:27:28   |
8516        |       -2349.51   |       -2370.81   |        21.3064   |   35:45:10   |   10:28:14   |
8517        |       -2349.51   |       -2370.81   |        21.3064   |   35:48:41   |   10:28:56   |
8518        |       -2348.66   |       -2369.64   |        20.9799   |   35:52:17   |   10:29:39   |
8519        |       -2347.95   |       -2369.07   |        21.1241   |   35:55:22   |   10:30:14   |


Iter        |      Posterior   |     Likelihood   |          Prior   |    elapsed   |        ETA   |
----------------------------------------------------------------------------------------------------
8520        |       -2349.85   |       -2370.33   |        20.4881   |   35:58:20   |   10:30:46   |
8521        |       -2348.96   |       -2369.46   |        20.4955   |   36:11:39   |   10:34:20   |
8522        |       -2348.67   |        -2369.9   |        21.2313   |   36:15:15   |   10:35:03   |
8523        |        -2349.8   |       -2369.86   |        20.0691   |   36:18:46   |   10:35:45   |
8524        |       -2348.12   |       -2370.02   |        21.8925   |   36:22:00   |   10:36:22   |
8525        |       -2347.41   |       -2370.13   |         22.726   |   36:25:31   |   10:37:04   |
8526        |       -2350.94   |       -2373.31   |        22.3672   |   36:29:01   |   10:37:45   |
8527        |       -2349.48   |       -2372.21   |        22.7308   |   36:32:35   |   10:38:27   |
8528        |       -2349.89   |       -2373.75   |        23.8665   |   36:36:03   |   10:39:08   |
8529        |       -2348.96   |        -2369.7   |         20.743   |   36:39:34   |   10:39:49   |
8530        |       -2351.48   |       -2373.86   |        22.3795   |   36:42:42   |   10:40:24   |
8531        |       -2352.06   |       -2375.31   |        23.2504   |   36:55:50   |   10:43:53   |
8532        |       -2352.89   |        -2375.6   |        22.7066   |   36:58:42   |   10:44:23   |
8533        |       -2354.47   |       -2377.07   |        22.6004   |   37:01:32   |   10:44:52   |
8534        |       -2354.42   |       -2376.27   |        21.8471   |   37:04:32   |   10:45:24   |
8535        |       -2353.89   |       -2378.63   |        24.7471   |   37:07:37   |   10:45:58   |
8536        |       -2352.11   |        -2374.3   |        22.1899   |   37:10:40   |   10:46:31   |
8537        |       -2352.52   |       -2376.23   |         23.711   |   37:13:40   |   10:47:02   |
8538        |       -2352.61   |       -2374.53   |        21.9206   |   37:16:48   |   10:47:37   |
8539        |       -2352.61   |       -2374.53   |        21.9206   |   37:20:23   |   10:48:19   |


Iter        |      Posterior   |     Likelihood   |          Prior   |    elapsed   |        ETA   |
----------------------------------------------------------------------------------------------------
8540        |       -2352.61   |       -2374.53   |        21.9206   |   37:23:49   |   10:48:58   |
8541        |       -2351.15   |       -2374.48   |        23.3232   |   37:36:48   |   10:52:23   |
8542        |       -2353.05   |       -2372.89   |        19.8393   |   37:39:58   |   10:52:57   |
8543        |       -2351.14   |       -2373.86   |        22.7192   |   37:43:16   |   10:53:34   |
8544        |       -2351.48   |       -2372.48   |        20.9987   |   37:46:31   |   10:54:10   |
8545        |       -2354.71   |       -2372.55   |        17.8453   |   37:50:08   |   10:54:52   |
8546        |       -2353.49   |       -2371.64   |        18.1471   |   37:53:26   |   10:55:28   |
8547        |        -2355.2   |       -2374.59   |        19.3964   |   37:56:58   |   10:56:09   |
8548        |       -2353.43   |       -2374.06   |        20.6257   |   38:00:31   |   10:56:50   |
8549        |       -2356.57   |       -2376.54   |        19.9786   |   38:03:37   |   10:57:23   |
8550        |       -2351.01   |       -2373.88   |        22.8767   |   38:06:54   |   10:57:59   |
8551        |       -2352.31   |       -2372.68   |        20.3696   |   38:19:56   |   11:01:23   |
8552        |       -2351.07   |       -2371.49   |        20.4177   |   38:23:11   |   11:01:58   |
8553        |       -2351.07   |       -2371.49   |        20.4177   |   38:26:37   |   11:02:36   |
8554        |       -2351.07   |       -2371.49   |        20.4177   |   38:30:03   |   11:03:15   |
8555        |       -2351.07   |       -2371.49   |        20.4177   |   38:33:38   |   11:03:56   |
8556        |       -2353.21   |       -2374.75   |        21.5395   |   38:36:44   |   11:04:28   |
8557        |       -2350.13   |          -2374   |        23.8707   |   38:39:39   |   11:04:57   |
8558        |       -2352.96   |       -2375.91   |        22.9479   |   38:42:30   |   11:05:25   |
8559        |       -2355.96   |       -2374.75   |        18.7915   |   38:45:38   |   11:05:58   |


Iter        |      Posterior   |     Likelihood   |          Prior   |    elapsed   |        ETA   |
----------------------------------------------------------------------------------------------------
8560        |       -2354.21   |       -2374.71   |        20.5016   |   38:49:07   |   11:06:37   |
8561        |       -2354.21   |       -2374.71   |        20.5016   |   39:03:03   |   11:10:15   |
8562        |       -2353.56   |       -2373.08   |        19.5175   |   39:06:38   |   11:10:56   |
8563        |       -2353.13   |        -2373.4   |        20.2736   |   39:09:58   |   11:11:32   |
8564        |       -2350.28   |       -2370.96   |        20.6807   |   39:13:22   |   11:12:09   |
8565        |       -2349.81   |       -2371.23   |        21.4183   |   39:16:36   |   11:12:43   |
8566        |       -2352.95   |       -2374.13   |        21.1769   |   39:19:46   |   11:13:16   |
8567        |       -2352.06   |       -2372.02   |        19.9601   |   39:22:49   |   11:13:47   |
8568        |       -2354.34   |       -2371.08   |        16.7424   |   39:26:09   |   11:14:23   |
8569        |       -2351.42   |       -2369.03   |        17.6164   |   39:29:06   |   11:14:52   |
8570        |       -2351.83   |        -2369.8   |        17.9764   |   39:32:28   |   11:15:28   |
8571        |       -2351.83   |        -2369.8   |        17.9764   |   39:46:15   |   11:19:02   |
8572        |       -2351.83   |        -2369.8   |        17.9764   |   39:49:41   |   11:19:39   |
8573        |       -2352.69   |        -2370.2   |        17.5138   |   39:53:02   |   11:20:15   |
8574        |       -2352.79   |       -2371.49   |        18.6998   |   39:56:32   |   11:20:53   |
8575        |       -2352.82   |       -2373.84   |        21.0248   |   40:00:15   |   11:21:35   |
8576        |       -2352.09   |       -2372.72   |         20.626   |   40:03:09   |   11:22:03   |
8577        |       -2355.39   |       -2379.62   |        24.2202   |   40:06:31   |   11:22:38   |
8578        |       -2356.48   |       -2379.55   |        23.0759   |   40:10:04   |   11:23:17   |
8579        |       -2356.86   |       -2375.78   |        18.9132   |   40:13:08   |   11:23:48   |


Iter        |      Posterior   |     Likelihood   |          Prior   |    elapsed   |        ETA   |
----------------------------------------------------------------------------------------------------
8580        |       -2357.82   |       -2376.95   |        19.1262   |   40:16:33   |   11:24:24   |
8581        |       -2360.32   |       -2380.22   |        19.9027   |   40:29:56   |   11:27:50   |
8582        |       -2358.07   |       -2375.38   |        17.3092   |   40:33:36   |   11:28:30   |
8583        |       -2358.81   |       -2377.19   |        18.3789   |   40:36:39   |   11:29:00   |
8584        |       -2361.74   |       -2381.37   |        19.6253   |   40:39:57   |   11:29:34   |
8585        |       -2358.68   |       -2379.75   |        21.0679   |   40:42:56   |   11:30:03   |
8586        |       -2353.72   |       -2375.06   |         21.338   |   40:46:13   |   11:30:36   |
8587        |       -2356.38   |        -2376.4   |        20.0149   |   40:49:41   |   11:31:13   |
8588        |       -2354.83   |       -2373.63   |         18.805   |   40:52:54   |   11:31:46   |
8589        |       -2352.44   |       -2372.64   |        20.2034   |   40:56:23   |   11:32:23   |
8590        |       -2350.07   |       -2372.26   |        22.1877   |   40:59:24   |   11:32:52   |
8591        |       -2351.95   |       -2374.09   |        22.1338   |   41:12:33   |   11:36:12   |
8592        |       -2352.71   |       -2374.17   |        21.4559   |   41:15:43   |   11:36:43   |
8593        |       -2355.27   |       -2374.65   |         19.383   |   41:18:58   |   11:37:16   |
8594        |          -2359   |       -2376.74   |        17.7355   |   41:22:13   |   11:37:48   |
8595        |       -2357.31   |       -2373.47   |        16.1563   |   41:25:24   |   11:38:20   |
8596        |       -2352.34   |       -2371.22   |         18.873   |   41:28:45   |   11:38:54   |
8597        |       -2353.24   |       -2371.55   |        18.3061   |   41:31:39   |   11:39:21   |
8598        |       -2353.65   |       -2375.93   |        22.2838   |   41:34:37   |   11:39:48   |
8599        |       -2352.42   |       -2371.18   |        18.7569   |   41:37:27   |   11:40:14   |


Iter        |      Posterior   |     Likelihood   |          Prior   |    elapsed   |        ETA   |
----------------------------------------------------------------------------------------------------
8600        |       -2350.23   |       -2370.39   |        20.1562   |   41:40:31   |   11:40:43   |
8601        |       -2348.74   |       -2370.91   |        22.1746   |   41:53:33   |   11:44:00   |
8602        |       -2347.39   |       -2367.73   |        20.3343   |   41:56:31   |   11:44:27   |
8603        |       -2351.04   |       -2371.21   |         20.174   |   41:59:23   |   11:44:53   |
8604        |        -2350.8   |       -2371.15   |        20.3506   |   42:02:40   |   11:45:25   |
8605        |       -2348.07   |       -2369.31   |         21.242   |   42:05:56   |   11:45:58   |
8606        |       -2349.28   |       -2365.72   |        16.4366   |   42:09:22   |   11:46:33   |
8607        |       -2355.98   |       -2369.16   |         13.183   |   42:13:07   |   11:47:13   |
8608        |       -2352.22   |       -2368.37   |        16.1437   |   42:16:30   |   11:47:47   |
8609        |        -2353.4   |       -2369.72   |         16.326   |   42:19:49   |   11:48:20   |
8610        |        -2353.4   |       -2369.72   |         16.326   |   42:23:22   |   11:48:57   |
8611        |       -2353.14   |       -2371.82   |        18.6871   |   42:37:03   |   11:52:23   |
8612        |       -2352.73   |       -2371.76   |        19.0267   |   42:40:14   |   11:52:53   |
8613        |       -2351.72   |       -2373.23   |        21.5093   |   42:43:04   |   11:53:18   |
8614        |       -2351.66   |       -2373.87   |        22.2099   |   42:46:15   |   11:53:48   |
8615        |       -2348.75   |       -2374.08   |        25.3348   |   42:49:36   |   11:54:21   |
8616        |       -2351.39   |       -2376.02   |        24.6354   |   42:52:46   |   11:54:51   |
8617        |        -2349.2   |       -2372.27   |        23.0722   |   42:56:14   |   11:55:26   |
8618        |       -2347.74   |       -2370.78   |        23.0401   |   42:59:44   |   11:56:01   |
8619        |       -2347.74   |       -2370.78   |        23.0401   |   43:03:18   |   11:56:38   |


Iter        |      Posterior   |     Likelihood   |          Prior   |    elapsed   |        ETA   |
----------------------------------------------------------------------------------------------------
8620        |       -2347.74   |       -2370.78   |        23.0401   |   43:06:54   |   11:57:14   |
8621        |       -2347.55   |       -2370.59   |        23.0391   |   43:20:30   |   12:00:38   |
8622        |       -2352.11   |       -2376.58   |        24.4713   |   43:23:53   |   12:01:11   |
8623        |       -2352.66   |       -2376.85   |        24.1994   |   43:27:21   |   12:01:45   |
8624        |        -2353.8   |       -2376.04   |        22.2421   |   43:30:41   |   12:02:17   |
8625        |       -2351.41   |        -2374.8   |         23.396   |   43:33:36   |   12:02:43   |
8626        |       -2352.49   |       -2375.54   |        23.0505   |   43:36:56   |   12:03:15   |
8627        |       -2355.87   |       -2378.75   |         22.885   |   43:40:24   |   12:03:49   |
8628        |       -2351.16   |       -2374.65   |        23.4824   |   43:43:31   |   12:04:17   |
8629        |        -2348.4   |       -2373.58   |        25.1842   |   43:46:48   |   12:04:48   |
8630        |       -2348.09   |       -2372.55   |        24.4562   |   43:49:28   |   12:05:09   |
8631        |       -2351.42   |       -2376.82   |        25.3959   |   44:02:24   |   12:08:20   |
8632        |       -2351.62   |       -2376.82   |        25.2017   |   44:05:30   |   12:08:47   |
8633        |       -2350.89   |       -2372.64   |        21.7508   |   44:08:44   |   12:09:17   |
8634        |       -2349.34   |       -2370.97   |        21.6296   |   44:11:58   |   12:09:47   |
8635        |       -2351.34   |        -2374.2   |        22.8595   |   44:15:01   |   12:10:14   |
8636        |       -2348.74   |          -2372   |        23.2656   |   44:18:07   |   12:10:42   |
8637        |       -2347.76   |       -2370.92   |        23.1638   |   44:21:01   |   12:11:06   |
8638        |       -2345.83   |       -2369.96   |        24.1309   |   44:24:01   |   12:11:32   |
8639        |       -2345.69   |       -2368.67   |        22.9783   |   44:27:23   |   12:12:04   |


Iter        |      Posterior   |     Likelihood   |          Prior   |    elapsed   |        ETA   |
----------------------------------------------------------------------------------------------------
8640        |       -2345.35   |       -2367.64   |         22.287   |   44:30:40   |   12:12:34   |
8641        |       -2346.68   |       -2368.14   |        21.4531   |   44:43:54   |   12:15:48   |
8642        |       -2345.63   |       -2369.79   |        24.1648   |   44:46:57   |   12:16:15   |
8643        |        -2346.3   |       -2368.44   |        22.1354   |   44:50:18   |   12:16:46   |
8644        |       -2345.85   |       -2367.51   |         21.659   |   44:53:34   |   12:17:16   |
8645        |       -2346.82   |       -2367.99   |        21.1684   |   44:57:00   |   12:17:48   |
8646        |       -2345.68   |       -2368.27   |        22.5961   |   45:00:02   |   12:18:14   |
8647        |       -2346.14   |       -2368.57   |        22.4286   |   45:03:14   |   12:18:43   |
8648        |        -2348.6   |       -2371.62   |        23.0253   |   45:06:23   |   12:19:11   |
8649        |       -2347.89   |       -2368.75   |        20.8593   |   45:09:56   |   12:19:45   |
8650        |       -2347.89   |       -2368.75   |        20.8593   |   45:13:35   |   12:20:21   |
8651        |       -2349.15   |       -2371.27   |        22.1223   |   45:26:35   |   12:23:29   |
8652        |       -2352.81   |        -2372.8   |        19.9907   |   45:29:44   |   12:23:57   |
8653        |        -2348.7   |       -2372.09   |        23.3922   |   45:32:40   |   12:24:21   |
8654        |       -2348.35   |       -2371.97   |        23.6243   |   45:36:08   |   12:24:53   |
8655        |       -2346.33   |       -2369.94   |        23.6103   |   45:39:35   |   12:25:25   |
8656        |       -2345.71   |       -2370.06   |        24.3567   |   45:42:51   |   12:25:55   |
8657        |       -2344.33   |       -2366.84   |        22.5052   |   45:46:13   |   12:26:25   |
8658        |       -2347.68   |       -2370.08   |         22.399   |   45:49:41   |   12:26:58   |
8659        |       -2350.98   |       -2371.91   |        20.9295   |   45:53:04   |   12:27:29   |


Iter        |      Posterior   |     Likelihood   |          Prior   |    elapsed   |        ETA   |
----------------------------------------------------------------------------------------------------
8660        |       -2349.34   |       -2373.95   |        24.6114   |   45:56:09   |   12:27:54   |
8661        |       -2347.41   |       -2372.42   |        25.0129   |   46:08:58   |   12:30:59   |
8662        |       -2351.85   |       -2376.06   |        24.2131   |   46:12:13   |   12:31:27   |
8663        |       -2349.41   |       -2371.85   |        22.4372   |   46:15:05   |   12:31:49   |
8664        |       -2348.23   |       -2370.66   |        22.4257   |   46:17:58   |   12:32:12   |
8665        |       -2348.68   |       -2371.98   |        23.3044   |   46:21:13   |   12:32:40   |
8666        |       -2345.67   |       -2368.92   |        23.2497   |   46:24:16   |   12:33:05   |
8667        |       -2346.47   |       -2368.45   |        21.9784   |   46:27:41   |   12:33:36   |
8668        |       -2348.86   |       -2369.68   |        20.8227   |   46:30:55   |   12:34:04   |
8669        |        -2347.7   |       -2368.55   |        20.8567   |   46:33:53   |   12:34:28   |
8670        |       -2349.14   |       -2363.33   |        14.1943   |   46:37:09   |   12:34:56   |
8671        |       -2345.44   |       -2363.25   |        17.8051   |   46:51:18   |   12:38:20   |
8672        |       -2345.23   |       -2362.64   |        17.4151   |   46:54:49   |   12:38:53   |
8673        |       -2343.83   |       -2364.46   |        20.6294   |   46:58:10   |   12:39:22   |
8674        |       -2343.94   |       -2365.12   |        21.1832   |   47:01:11   |   12:39:46   |
8675        |       -2343.87   |       -2363.54   |        19.6677   |   47:04:23   |   12:40:13   |
8676        |       -2343.87   |       -2363.41   |        19.5398   |   47:07:28   |   12:40:38   |
8677        |        -2343.9   |        -2364.6   |        20.7064   |   47:10:32   |   12:41:03   |
8678        |       -2344.38   |       -2365.45   |         21.063   |   47:13:39   |   12:41:28   |
8679        |        -2346.5   |       -2366.56   |        20.0618   |   47:16:52   |   12:41:55   |


Iter        |      Posterior   |     Likelihood   |          Prior   |    elapsed   |        ETA   |
----------------------------------------------------------------------------------------------------
8680        |       -2345.08   |       -2363.69   |         18.607   |   47:20:00   |   12:42:21   |
8681        |       -2345.26   |       -2362.77   |        17.5079   |   47:33:24   |   12:45:31   |
8682        |       -2346.09   |       -2360.92   |        14.8334   |   47:36:42   |   12:45:59   |
8683        |       -2343.85   |       -2362.54   |        18.6921   |   47:40:03   |   12:46:28   |
8684        |       -2344.46   |       -2363.19   |        18.7247   |   47:43:05   |   12:46:52   |
8685        |        -2345.2   |       -2363.24   |        18.0447   |   47:46:11   |   12:47:17   |
8686        |       -2342.86   |       -2363.02   |        20.1519   |   47:49:30   |   12:47:45   |
8687        |       -2344.45   |        -2363.1   |        18.6524   |   47:52:53   |   12:48:14   |
8688        |       -2344.77   |       -2366.08   |        21.3144   |   47:56:19   |   12:48:44   |
8689        |       -2349.55   |       -2369.64   |        20.0864   |   47:59:18   |   12:49:07   |
8690        |       -2350.23   |       -2369.62   |        19.3884   |   48:02:38   |   12:49:35   |
8691        |       -2352.42   |       -2372.74   |        20.3151   |   48:15:24   |   12:52:34   |
8692        |        -2351.6   |       -2369.33   |        17.7381   |   48:18:22   |   12:52:56   |
8693        |       -2350.19   |       -2367.44   |         17.251   |   48:21:51   |   12:53:26   |
8694        |       -2351.67   |       -2369.48   |        17.8063   |   48:25:04   |   12:53:52   |
8695        |       -2348.95   |       -2367.59   |        18.6395   |   48:28:28   |   12:54:21   |
8696        |       -2345.61   |       -2364.59   |        18.9745   |   48:32:08   |   12:54:55   |
8697        |       -2346.11   |       -2367.13   |         21.025   |   48:35:24   |   12:55:21   |
8698        |       -2346.02   |       -2364.34   |        18.3215   |   48:39:01   |   12:55:53   |
8699        |       -2346.63   |       -2364.11   |        17.4731   |   48:42:46   |   12:56:28   |


Iter        |      Posterior   |     Likelihood   |          Prior   |    elapsed   |        ETA   |
----------------------------------------------------------------------------------------------------
8700        |       -2346.62   |        -2364.8   |        18.1807   |   48:46:11   |   12:56:57   |
8701        |       -2348.13   |       -2366.33   |        18.1968   |   48:59:18   |   13:00:00   |
8702        |       -2348.09   |       -2366.13   |        18.0429   |   49:02:35   |   13:00:27   |
8703        |        -2348.8   |       -2365.87   |        17.0782   |   49:05:58   |   13:00:55   |
8704        |       -2353.13   |       -2369.75   |        16.6202   |   49:09:30   |   13:01:25   |
8705        |        -2352.4   |        -2369.9   |        17.4959   |   49:13:00   |   13:01:55   |
8706        |        -2352.9   |       -2370.19   |        17.2921   |   49:16:41   |   13:02:28   |
8707        |       -2349.39   |       -2369.37   |        19.9809   |   49:20:02   |   13:02:55   |
8708        |       -2350.82   |       -2369.45   |        18.6276   |   49:23:42   |   13:03:28   |
8709        |       -2350.49   |       -2370.34   |        19.8453   |   49:27:11   |   13:03:57   |
8710        |       -2350.39   |       -2370.32   |        19.9304   |   49:30:35   |   13:04:25   |
8711        |        -2352.9   |       -2369.99   |        17.0891   |   49:43:47   |   13:07:28   |
8712        |        -2351.8   |       -2369.05   |        17.2555   |   49:46:54   |   13:07:52   |
8713        |       -2349.48   |       -2371.02   |        21.5466   |   49:49:57   |   13:08:14   |
8714        |        -2350.6   |       -2374.32   |         23.721   |   49:53:16   |   13:08:40   |
8715        |        -2350.6   |       -2374.32   |         23.721   |   49:56:52   |   13:09:11   |
8716        |       -2351.43   |       -2375.09   |        23.6612   |   49:59:51   |   13:09:32   |
8717        |       -2350.01   |        -2370.4   |        20.3969   |   50:03:01   |   13:09:56   |
8718        |       -2349.21   |       -2370.59   |        21.3769   |   50:06:18   |   13:10:22   |
8719        |       -2348.48   |       -2367.71   |        19.2252   |   50:09:16   |   13:10:42   |


Iter        |      Posterior   |     Likelihood   |          Prior   |    elapsed   |        ETA   |
----------------------------------------------------------------------------------------------------
8720        |       -2347.59   |       -2366.89   |        19.3023   |   50:12:41   |   13:11:10   |
8721        |       -2348.65   |       -2367.81   |        19.1638   |   50:25:41   |   13:14:09   |
8722        |       -2349.79   |       -2368.77   |        18.9744   |   50:28:59   |   13:14:34   |
8723        |       -2352.13   |       -2373.15   |        21.0199   |   50:31:29   |   13:14:47   |
8724        |       -2357.58   |       -2377.31   |        19.7242   |   50:34:31   |   13:15:09   |
8725        |       -2358.82   |        -2379.4   |        20.5792   |   50:37:43   |   13:15:33   |
8726        |       -2352.24   |       -2373.63   |        21.3928   |   50:41:01   |   13:15:58   |
8727        |       -2352.95   |       -2375.13   |        22.1808   |   50:44:41   |   13:16:29   |
8728        |       -2353.73   |       -2376.92   |        23.1933   |   50:47:45   |   13:16:51   |
8729        |       -2348.13   |       -2373.38   |        25.2498   |   50:50:59   |   13:17:15   |
8730        |        -2347.5   |       -2373.73   |        26.2308   |   50:53:59   |   13:17:36   |
8731        |       -2348.97   |       -2374.86   |        25.8885   |   51:06:13   |   13:20:21   |
8732        |       -2349.69   |       -2375.96   |        26.2759   |   51:09:31   |   13:20:46   |
8733        |       -2349.69   |       -2375.96   |        26.2759   |   51:12:55   |   13:21:13   |
8734        |       -2349.69   |       -2375.96   |        26.2759   |   51:16:14   |   13:21:38   |
8735        |       -2349.69   |       -2375.96   |        26.2759   |   51:19:20   |   13:22:00   |
8736        |       -2349.69   |       -2375.96   |        26.2759   |   51:22:34   |   13:22:23   |
8737        |       -2351.31   |       -2375.35   |        24.0343   |   51:25:38   |   13:22:45   |
8738        |       -2351.41   |       -2370.92   |        19.5078   |   51:28:52   |   13:23:08   |
8739        |       -2350.58   |       -2371.08   |        20.4984   |   51:31:52   |   13:23:28   |


Iter        |      Posterior   |     Likelihood   |          Prior   |    elapsed   |        ETA   |
----------------------------------------------------------------------------------------------------
8740        |       -2350.25   |       -2370.59   |        20.3411   |   51:34:46   |   13:23:47   |
8741        |       -2348.46   |       -2369.06   |        20.6054   |   51:47:09   |   13:26:33   |
8742        |       -2346.34   |        -2368.1   |        21.7624   |   51:50:14   |   13:26:54   |
8743        |       -2348.31   |       -2371.93   |        23.6237   |   51:52:50   |   13:27:08   |
8744        |       -2350.26   |       -2372.82   |        22.5631   |   51:55:54   |   13:27:28   |
8745        |       -2347.96   |       -2370.25   |        22.2923   |   51:59:04   |   13:27:51   |
8746        |        -2348.3   |       -2371.25   |        22.9428   |   52:02:08   |   13:28:11   |
8747        |       -2347.55   |       -2370.62   |        23.0684   |   52:04:49   |   13:28:26   |
8748        |       -2348.39   |       -2371.12   |        22.7271   |   52:07:47   |   13:28:45   |
8749        |       -2346.85   |       -2371.06   |        24.2162   |   52:10:50   |   13:29:05   |
8750        |       -2349.24   |       -2372.77   |        23.5317   |   52:13:38   |   13:29:22   |
8751        |       -2348.98   |       -2373.84   |        24.8595   |   52:26:11   |   13:32:09   |
8752        |       -2350.02   |       -2373.85   |        23.8352   |   52:29:03   |   13:32:26   |
8753        |       -2350.75   |        -2374.3   |        23.5464   |   52:32:09   |   13:32:47   |
8754        |       -2348.72   |       -2372.05   |        23.3264   |   52:35:20   |   13:33:09   |
8755        |       -2351.17   |       -2374.85   |        23.6797   |   52:38:48   |   13:33:36   |
8756        |       -2349.93   |       -2373.98   |        24.0497   |   52:41:57   |   13:33:57   |
8757        |       -2348.45   |       -2370.53   |        22.0787   |   52:45:06   |   13:34:18   |
8758        |       -2349.46   |       -2372.98   |        23.5232   |   52:48:11   |   13:34:39   |
8759        |       -2348.76   |       -2370.26   |         21.493   |   52:51:03   |   13:34:56   |


Iter        |      Posterior   |     Likelihood   |          Prior   |    elapsed   |        ETA   |
----------------------------------------------------------------------------------------------------
8760        |       -2349.33   |       -2372.57   |        23.2446   |   52:53:51   |   13:35:12   |
8761        |       -2353.82   |       -2376.78   |        22.9583   |   53:05:55   |   13:37:50   |
8762        |       -2355.74   |       -2376.56   |        20.8134   |   53:09:07   |   13:38:12   |
8763        |       -2356.99   |       -2378.73   |        21.7419   |   53:12:13   |   13:38:32   |
8764        |       -2356.99   |       -2378.73   |        21.7419   |   53:16:00   |   13:39:03   |
8765        |       -2357.13   |       -2377.23   |        20.1003   |   53:19:42   |   13:39:32   |
8766        |       -2355.96   |       -2376.07   |        20.1039   |   53:23:27   |   13:40:02   |
8767        |       -2354.02   |       -2372.46   |        18.4462   |   53:26:53   |   13:40:28   |
8768        |       -2358.61   |        -2379.3   |        20.6887   |   53:30:23   |   13:40:54   |
8769        |       -2355.46   |       -2373.52   |        18.0552   |   53:33:34   |   13:41:15   |
8770        |       -2354.28   |       -2374.91   |        20.6348   |   53:36:54   |   13:41:38   |
8771        |       -2351.54   |       -2373.15   |        21.6065   |   53:50:00   |   13:44:31   |
8772        |       -2349.16   |        -2370.3   |        21.1445   |   53:53:21   |   13:44:55   |
8773        |       -2344.22   |       -2365.47   |        21.2526   |   53:56:33   |   13:45:16   |
8774        |       -2344.22   |       -2365.47   |        21.2526   |   54:00:10   |   13:45:44   |
8775        |       -2344.22   |       -2365.47   |        21.2526   |   54:03:53   |   13:46:13   |
8776        |       -2344.22   |       -2365.47   |        21.2526   |   54:07:28   |   13:46:40   |
8777        |       -2344.05   |       -2365.31   |        21.2547   |   54:11:10   |   13:47:08   |
8778        |       -2343.73   |        -2364.4   |        20.6736   |   54:14:22   |   13:47:29   |
8779        |       -2343.73   |        -2364.4   |        20.6736   |   54:18:07   |   13:47:58   |


Iter        |      Posterior   |     Likelihood   |          Prior   |    elapsed   |        ETA   |
----------------------------------------------------------------------------------------------------
8780        |       -2343.73   |        -2364.4   |        20.6736   |   54:21:39   |   13:48:24   |
8781        |       -2345.08   |       -2367.11   |        22.0305   |   54:34:56   |   13:51:19   |
8782        |       -2345.08   |       -2367.11   |        22.0305   |   54:38:39   |   13:51:47   |
8783        |       -2345.08   |       -2367.11   |        22.0305   |   54:42:12   |   13:52:13   |
8784        |       -2345.08   |       -2367.11   |        22.0305   |   54:45:41   |   13:52:38   |
8785        |       -2345.08   |       -2367.11   |        22.0305   |   54:49:04   |   13:53:01   |
8786        |       -2345.08   |       -2367.11   |        22.0305   |   54:52:38   |   13:53:27   |
8787        |       -2345.08   |       -2367.11   |        22.0305   |   54:55:52   |   13:53:48   |
8788        |       -2345.08   |       -2367.11   |        22.0305   |   54:59:27   |   13:54:14   |
8789        |       -2345.08   |       -2367.11   |        22.0305   |   55:02:38   |   13:54:34   |
8790        |       -2345.08   |       -2367.11   |        22.0305   |   55:06:04   |   13:54:58   |
8791        |       -2344.83   |       -2367.12   |        22.2815   |   55:19:00   |   13:57:46   |
8792        |       -2348.67   |       -2369.49   |         20.817   |   55:22:39   |   13:58:13   |
8793        |       -2345.63   |       -2366.55   |        20.9231   |   55:25:41   |   13:58:30   |
8794        |       -2349.23   |       -2370.07   |         20.836   |   55:28:53   |   13:58:50   |
8795        |       -2348.79   |       -2370.33   |        21.5415   |   55:32:29   |   13:59:16   |
8796        |       -2348.68   |       -2370.22   |        21.5419   |   55:36:16   |   13:59:45   |
8797        |       -2347.76   |       -2366.93   |        19.1703   |   55:40:02   |   14:00:13   |
8798        |       -2345.75   |       -2366.37   |         20.621   |   55:43:20   |   14:00:35   |
8799        |       -2345.99   |       -2366.34   |        20.3493   |   55:47:02   |   14:01:02   |


Iter        |      Posterior   |     Likelihood   |          Prior   |    elapsed   |        ETA   |
----------------------------------------------------------------------------------------------------
8800        |       -2345.55   |        -2365.9   |        20.3469   |   55:50:38   |   14:01:27   |
8801        |       -2347.19   |       -2367.28   |        20.0947   |   56:03:35   |   14:04:14   |
8802        |       -2346.63   |       -2367.71   |         21.078   |   56:06:58   |   14:04:36   |
8803        |       -2348.37   |       -2368.88   |         20.508   |   56:10:30   |   14:05:01   |
8804        |       -2347.59   |       -2368.89   |        21.3082   |   56:13:35   |   14:05:18   |
8805        |       -2346.97   |       -2368.15   |        21.1783   |   56:16:25   |   14:05:32   |
8806        |       -2347.83   |       -2365.51   |        17.6804   |   56:19:47   |   14:05:54   |
8807        |       -2347.83   |       -2365.51   |        17.6804   |   56:23:36   |   14:06:22   |
8808        |       -2349.28   |       -2366.89   |        17.6135   |   56:26:57   |   14:06:44   |
8809        |       -2346.84   |       -2366.21   |        19.3713   |   56:30:05   |   14:07:02   |
8810        |        -2346.1   |       -2366.77   |        20.6705   |   56:33:29   |   14:07:24   |
8811        |       -2346.36   |       -2365.35   |        18.9971   |   56:46:27   |   14:10:09   |
8812        |          -2346   |       -2364.09   |        18.0939   |   56:49:34   |   14:10:27   |
8813        |       -2345.49   |       -2363.21   |        17.7268   |   56:52:45   |   14:10:46   |
8814        |       -2349.11   |       -2365.16   |        16.0551   |   56:55:58   |   14:11:05   |
8815        |       -2346.64   |       -2363.91   |        17.2643   |   56:58:57   |   14:11:20   |
8816        |       -2347.36   |        -2366.9   |        19.5411   |   57:02:02   |   14:11:37   |
8817        |       -2348.59   |       -2370.39   |        21.8083   |   57:05:24   |   14:11:58   |
8818        |       -2347.71   |       -2369.38   |        21.6739   |   57:08:46   |   14:12:19   |
8819        |        -2348.8   |       -2371.48   |         22.683   |   57:11:34   |   14:12:32   |


Iter        |      Posterior   |     Likelihood   |          Prior   |    elapsed   |        ETA   |
----------------------------------------------------------------------------------------------------
8820        |       -2348.14   |       -2370.72   |        22.5741   |   57:14:46   |   14:12:51   |
8821        |       -2348.14   |       -2370.72   |        22.5741   |   57:27:45   |   14:15:35   |
8822        |       -2348.14   |       -2370.72   |        22.5741   |   57:31:21   |   14:15:59   |
8823        |       -2348.12   |       -2370.37   |        22.2497   |   57:34:49   |   14:16:21   |
8824        |       -2348.12   |       -2370.37   |        22.2497   |   57:38:22   |   14:16:45   |
8825        |       -2347.98   |       -2370.66   |        22.6799   |   57:41:35   |   14:17:03   |
8826        |       -2349.15   |       -2371.52   |        22.3709   |   57:44:42   |   14:17:20   |
8827        |       -2350.02   |       -2369.99   |        19.9628   |   57:47:39   |   14:17:34   |
8828        |       -2348.58   |       -2368.93   |        20.3558   |   57:50:57   |   14:17:54   |
8829        |       -2349.91   |       -2365.81   |        15.9001   |   57:54:16   |   14:18:14   |
8830        |       -2349.64   |       -2364.85   |        15.2073   |   57:57:39   |   14:18:34   |
8831        |       -2353.84   |       -2370.49   |         16.653   |   58:11:07   |   14:21:24   |
8832        |       -2348.14   |       -2365.09   |        16.9476   |   58:14:12   |   14:21:40   |
8833        |       -2347.52   |       -2366.02   |        18.5061   |   58:17:19   |   14:21:57   |
8834        |       -2348.45   |       -2365.53   |        17.0813   |   58:20:49   |   14:22:19   |
8835        |       -2347.79   |       -2366.04   |        18.2464   |   58:24:19   |   14:22:41   |
8836        |       -2347.36   |       -2364.57   |        17.2053   |   58:27:36   |   14:23:00   |
8837        |       -2348.04   |       -2367.28   |        19.2441   |   58:31:06   |   14:23:22   |
8838        |       -2346.91   |       -2368.32   |        21.4037   |   58:34:31   |   14:23:43   |
8839        |       -2347.32   |       -2369.06   |        21.7468   |   58:37:58   |   14:24:04   |


Iter        |      Posterior   |     Likelihood   |          Prior   |    elapsed   |        ETA   |
----------------------------------------------------------------------------------------------------
8840        |       -2347.32   |       -2369.06   |        21.7468   |   58:41:34   |   14:24:27   |
8841        |       -2346.36   |       -2369.94   |        23.5824   |   58:54:08   |   14:27:02   |
8842        |       -2346.16   |       -2370.02   |        23.8535   |   58:57:16   |   14:27:18   |
8843        |       -2346.87   |       -2370.54   |        23.6685   |   59:00:53   |   14:27:42   |
8844        |       -2349.48   |       -2372.12   |        22.6408   |   59:04:05   |   14:27:59   |
8845        |        -2349.1   |       -2368.19   |        19.0922   |   59:07:18   |   14:28:16   |
8846        |       -2348.65   |       -2369.29   |         20.638   |   59:10:29   |   14:28:33   |
8847        |       -2347.02   |       -2367.64   |        20.6246   |   59:14:11   |   14:28:57   |
8848        |       -2349.43   |        -2368.9   |        19.4756   |   59:18:00   |   14:29:23   |
8849        |       -2348.61   |       -2368.85   |        20.2472   |   59:21:20   |   14:29:42   |
8850        |       -2348.63   |       -2368.31   |        19.6842   |   59:24:32   |   14:29:59   |
8851        |       -2348.08   |       -2366.42   |        18.3447   |   59:37:33   |   14:32:39   |
8852        |       -2352.93   |       -2367.02   |        14.0817   |   59:40:55   |   14:32:58   |
8853        |       -2357.29   |        -2371.6   |        14.3102   |   59:43:58   |   14:33:13   |
8854        |       -2354.01   |       -2371.18   |        17.1677   |   59:47:17   |   14:33:31   |
8855        |       -2354.33   |        -2371.9   |        17.5694   |   59:50:54   |   14:33:54   |
8856        |       -2353.64   |       -2369.42   |        15.7794   |   59:54:12   |   14:34:11   |
8857        |       -2351.67   |       -2369.51   |        17.8398   |   59:57:24   |   14:34:28   |
8858        |       -2352.88   |        -2368.1   |        15.2187   |   60:00:46   |   14:34:47   |
8859        |       -2355.27   |       -2369.72   |        14.4485   |   60:04:19   |   14:35:08   |


Iter        |      Posterior   |     Likelihood   |          Prior   |    elapsed   |        ETA   |
----------------------------------------------------------------------------------------------------
8860        |       -2351.79   |       -2369.64   |        17.8542   |   60:07:32   |   14:35:25   |
8861        |       -2349.56   |       -2368.03   |        18.4647   |   60:20:25   |   14:38:02   |
8862        |       -2350.06   |       -2370.04   |        19.9803   |   60:23:21   |   14:38:14   |
8863        |       -2352.93   |       -2373.21   |        20.2828   |   60:26:37   |   14:38:31   |
8864        |       -2353.32   |       -2373.63   |        20.3068   |   60:30:16   |   14:38:53   |
8865        |       -2350.83   |       -2369.94   |         19.116   |   60:33:48   |   14:39:14   |
8866        |       -2350.75   |       -2370.69   |        19.9353   |   60:37:15   |   14:39:34   |
8867        |       -2350.02   |       -2372.01   |         21.995   |   60:40:24   |   14:39:49   |
8868        |       -2349.81   |       -2372.29   |        22.4782   |   60:43:35   |   14:40:04   |
8869        |       -2350.83   |        -2371.6   |        20.7775   |   60:46:55   |   14:40:22   |
8870        |       -2351.56   |       -2370.64   |        19.0801   |   60:50:15   |   14:40:40   |
8871        |        -2351.9   |       -2372.25   |        20.3463   |   61:03:38   |   14:43:23   |
8872        |       -2351.41   |       -2370.17   |        18.7653   |   61:07:11   |   14:43:43   |
8873        |       -2348.74   |       -2373.01   |        24.2731   |   61:10:22   |   14:43:58   |
8874        |       -2352.66   |       -2374.94   |        22.2732   |   61:13:42   |   14:44:16   |
8875        |       -2354.57   |       -2378.18   |        23.6033   |   61:16:36   |   14:44:27   |
8876        |       -2355.02   |       -2376.53   |        21.5033   |   61:20:01   |   14:44:45   |
8877        |       -2356.04   |       -2372.59   |        16.5492   |   61:23:34   |   14:45:06   |
8878        |       -2357.39   |       -2373.49   |        16.0974   |   61:26:36   |   14:45:18   |
8879        |       -2354.65   |        -2374.3   |        19.6534   |   61:29:45   |   14:45:33   |


Iter        |      Posterior   |     Likelihood   |          Prior   |    elapsed   |        ETA   |
----------------------------------------------------------------------------------------------------
8880        |        -2350.4   |       -2370.96   |         20.563   |   61:33:16   |   14:45:53   |
8881        |       -2352.56   |       -2374.89   |        22.3245   |   61:46:20   |   14:48:30   |
8882        |       -2349.56   |       -2372.42   |        22.8606   |   61:49:31   |   14:48:44   |
8883        |       -2350.95   |       -2373.51   |        22.5634   |   61:52:47   |   14:49:00   |
8884        |       -2348.84   |       -2370.73   |        21.8876   |   61:55:53   |   14:49:14   |
8885        |       -2348.86   |        -2368.2   |        19.3386   |   61:59:05   |   14:49:28   |
8886        |       -2349.67   |       -2370.14   |        20.4767   |   62:02:32   |   14:49:47   |
8887        |        -2350.3   |       -2370.05   |        19.7457   |   62:05:52   |   14:50:03   |
8888        |       -2350.09   |       -2373.51   |        23.4161   |   62:08:59   |   14:50:17   |
8889        |       -2350.23   |       -2372.23   |        21.9987   |   62:12:16   |   14:50:33   |
8890        |       -2350.23   |       -2372.23   |        21.9987   |   62:15:49   |   14:50:52   |
8891        |       -2352.08   |          -2373   |        20.9164   |   62:29:00   |   14:53:30   |
8892        |       -2352.08   |          -2373   |        20.9164   |   62:32:40   |   14:53:51   |
8893        |       -2352.08   |          -2373   |        20.9164   |   62:36:05   |   14:54:08   |
8894        |        -2354.8   |       -2375.31   |        20.5113   |   62:39:45   |   14:54:29   |
8895        |       -2352.34   |       -2374.48   |        22.1346   |   62:43:10   |   14:54:46   |
8896        |       -2351.62   |       -2371.77   |        20.1536   |   62:46:29   |   14:55:02   |
8897        |       -2351.49   |       -2372.56   |        21.0693   |   62:49:37   |   14:55:16   |
8898        |       -2350.43   |       -2375.62   |        25.1981   |   62:52:54   |   14:55:31   |
8899        |       -2351.21   |       -2374.59   |        23.3805   |   62:56:12   |   14:55:46   |


Iter        |      Posterior   |     Likelihood   |          Prior   |    elapsed   |        ETA   |
----------------------------------------------------------------------------------------------------
8900        |       -2350.96   |       -2374.73   |        23.7662   |   62:59:13   |   14:55:58   |
8901        |       -2352.95   |       -2376.75   |        23.7935   |   63:11:58   |   14:58:28   |
8902        |       -2357.41   |       -2383.12   |        25.7074   |   63:15:03   |   14:58:40   |
8903        |       -2356.09   |        -2381.8   |        25.7083   |   63:18:19   |   14:58:54   |
8904        |       -2356.16   |       -2381.87   |        25.7083   |   63:21:39   |   14:59:10   |
8905        |       -2348.45   |        -2372.3   |        23.8455   |   63:24:34   |   14:59:20   |
8906        |       -2349.98   |       -2371.21   |         21.228   |   63:27:39   |   14:59:32   |
8907        |       -2350.21   |       -2371.63   |        21.4137   |   63:30:30   |   14:59:41   |
8908        |       -2347.56   |       -2372.55   |         24.995   |   63:33:28   |   14:59:51   |
8909        |       -2346.54   |       -2370.34   |        23.8061   |   63:36:19   |   14:59:59   |
8910        |       -2346.63   |       -2370.16   |         23.532   |   63:39:13   |   15:00:09   |
8911        |       -2348.43   |       -2370.54   |        22.1033   |   63:51:47   |   15:02:34   |
8912        |       -2348.25   |       -2370.15   |        21.8962   |   63:55:04   |   15:02:49   |
8913        |       -2347.79   |       -2370.07   |        22.2751   |   63:58:15   |   15:03:02   |
8914        |       -2348.54   |       -2367.85   |        19.3038   |   64:01:08   |   15:03:11   |
8915        |       -2346.01   |       -2367.81   |         21.802   |   64:04:12   |   15:03:22   |
8916        |       -2349.49   |       -2371.38   |         21.888   |   64:07:24   |   15:03:35   |
8917        |        -2347.7   |       -2369.02   |        21.3223   |   64:10:42   |   15:03:50   |
8918        |        -2347.7   |       -2369.02   |        21.3223   |   64:14:21   |   15:04:09   |
8919        |        -2347.7   |       -2369.02   |        21.3221   |   64:17:44   |   15:04:25   |


Iter        |      Posterior   |     Likelihood   |          Prior   |    elapsed   |        ETA   |
----------------------------------------------------------------------------------------------------
8920        |       -2346.77   |       -2369.38   |        22.6145   |   64:20:51   |   15:04:36   |
8921        |       -2347.06   |       -2369.43   |        22.3668   |   64:32:57   |   15:06:54   |
8922        |       -2345.43   |       -2367.87   |        22.4421   |   64:36:03   |   15:07:06   |
8923        |        -2347.4   |       -2365.21   |        17.8135   |   64:39:04   |   15:07:16   |
8924        |       -2346.96   |       -2365.55   |        18.5949   |   64:42:19   |   15:07:29   |
8925        |        -2348.2   |       -2368.87   |        20.6779   |   64:45:37   |   15:07:43   |
8926        |        -2348.2   |       -2368.87   |        20.6779   |   64:48:57   |   15:07:58   |
8927        |       -2349.02   |       -2370.07   |        21.0577   |   64:52:15   |   15:08:12   |
8928        |       -2350.57   |       -2370.39   |        19.8138   |   64:55:16   |   15:08:22   |
8929        |       -2349.41   |       -2369.94   |        20.5283   |   64:58:19   |   15:08:32   |
8930        |       -2348.88   |       -2370.89   |        22.0139   |   65:01:20   |   15:08:42   |
8931        |       -2347.52   |       -2369.27   |        21.7451   |   65:13:37   |   15:11:01   |
8932        |       -2348.62   |       -2370.24   |         21.623   |   65:16:47   |   15:11:13   |
8933        |        -2348.7   |       -2369.02   |        20.3219   |   65:19:54   |   15:11:24   |
8934        |       -2349.29   |       -2370.73   |         21.437   |   65:23:13   |   15:11:38   |
8935        |       -2352.18   |       -2374.14   |        21.9586   |   65:26:04   |   15:11:45   |
8936        |       -2348.94   |       -2368.38   |        19.4395   |   65:28:50   |   15:11:51   |
8937        |       -2350.09   |        -2369.7   |        19.6061   |   65:31:37   |   15:11:57   |
8938        |       -2351.57   |       -2370.92   |        19.3598   |   65:34:40   |   15:12:07   |
8939        |       -2347.93   |       -2370.39   |         22.459   |   65:37:45   |   15:12:18   |


Iter        |      Posterior   |     Likelihood   |          Prior   |    elapsed   |        ETA   |
----------------------------------------------------------------------------------------------------
8940        |       -2348.26   |       -2368.09   |        19.8357   |   65:40:40   |   15:12:26   |
8941        |       -2347.23   |       -2368.62   |        21.3892   |   65:53:18   |   15:14:49   |
8942        |       -2348.24   |        -2370.2   |        21.9601   |   65:56:44   |   15:15:03   |
8943        |       -2350.07   |       -2372.43   |        22.3643   |   66:00:05   |   15:15:17   |
8944        |       -2352.33   |       -2375.03   |        22.7027   |   66:03:10   |   15:15:27   |
8945        |       -2351.63   |       -2371.88   |        20.2593   |   66:06:02   |   15:15:34   |
8946        |       -2352.48   |       -2371.04   |        18.5669   |   66:09:14   |   15:15:46   |
8947        |       -2356.82   |       -2373.16   |        16.3348   |   66:12:25   |   15:15:57   |
8948        |       -2355.22   |       -2373.76   |        18.5447   |   66:15:48   |   15:16:11   |
8949        |       -2351.65   |       -2371.72   |        20.0684   |   66:18:51   |   15:16:20   |
8950        |        -2351.1   |        -2369.5   |         18.399   |   66:21:53   |   15:16:30   |
8951        |        -2354.8   |       -2371.94   |        17.1321   |   66:34:44   |   15:18:54   |
8952        |          -2358   |       -2376.74   |        18.7396   |   66:37:37   |   15:19:01   |
8953        |       -2354.81   |       -2372.68   |        17.8682   |   66:40:46   |   15:19:11   |
8954        |        -2353.4   |       -2374.61   |        21.2144   |   66:43:40   |   15:19:18   |
8955        |        -2355.2   |       -2374.99   |        19.7896   |   66:46:26   |   15:19:23   |
8956        |       -2353.06   |       -2374.78   |        21.7191   |   66:49:45   |   15:19:36   |
8957        |       -2357.35   |        -2378.3   |        20.9486   |   66:53:11   |   15:19:50   |
8958        |       -2355.49   |       -2376.85   |        21.3596   |   66:56:08   |   15:19:58   |
8959        |       -2356.74   |       -2379.83   |        23.0988   |   66:59:00   |   15:20:04   |


Iter        |      Posterior   |     Likelihood   |          Prior   |    elapsed   |        ETA   |
----------------------------------------------------------------------------------------------------
8960        |       -2357.02   |       -2379.42   |        22.3941   |   67:01:55   |   15:20:11   |
8961        |       -2353.37   |       -2374.67   |        21.2979   |   67:14:08   |   15:22:26   |
8962        |       -2349.12   |       -2372.61   |        23.4924   |   67:16:49   |   15:22:29   |
8963        |       -2349.74   |        -2371.2   |        21.4556   |   67:19:36   |   15:22:34   |
8964        |       -2351.22   |       -2371.17   |        19.9503   |   67:22:35   |   15:22:42   |
8965        |       -2349.71   |        -2373.2   |        23.4885   |   67:25:53   |   15:22:54   |
8966        |       -2352.61   |       -2373.96   |        21.3488   |   67:28:42   |   15:22:59   |
8967        |       -2353.57   |        -2374.2   |        20.6312   |   67:32:07   |   15:23:12   |
8968        |       -2352.26   |       -2372.69   |        20.4269   |   67:34:58   |   15:23:18   |
8969        |       -2349.29   |       -2370.68   |        21.3864   |   67:38:25   |   15:23:32   |
8970        |        -2347.6   |       -2367.95   |        20.3525   |   67:41:27   |   15:23:40   |
8971        |        -2347.6   |       -2367.95   |        20.3525   |   67:54:48   |   15:26:09   |
8972        |       -2347.89   |        -2367.9   |        20.0075   |   67:58:18   |   15:26:23   |
8973        |       -2348.14   |       -2365.31   |        17.1733   |   68:01:19   |   15:26:31   |
8974        |       -2347.79   |       -2366.27   |        18.4851   |   68:04:38   |   15:26:42   |
8975        |       -2347.48   |       -2367.22   |        19.7344   |   68:07:47   |   15:26:52   |
8976        |       -2353.33   |       -2372.63   |        19.2984   |   68:11:10   |   15:27:04   |
8977        |       -2347.76   |       -2367.24   |        19.4787   |   68:14:08   |   15:27:11   |
8978        |       -2348.12   |       -2368.74   |        20.6221   |   68:17:27   |   15:27:22   |
8979        |       -2347.53   |       -2368.66   |        21.1285   |   68:20:40   |   15:27:32   |


Iter        |      Posterior   |     Likelihood   |          Prior   |    elapsed   |        ETA   |
----------------------------------------------------------------------------------------------------
8980        |       -2346.77   |       -2368.63   |         21.863   |   68:24:01   |   15:27:44   |
8981        |       -2346.79   |       -2372.54   |        25.7497   |   68:36:51   |   15:30:05   |
8982        |       -2345.12   |       -2368.91   |        23.7823   |   68:40:02   |   15:30:14   |
8983        |       -2346.29   |       -2367.47   |        21.1764   |   68:42:48   |   15:30:18   |
8984        |       -2345.21   |       -2367.04   |        21.8251   |   68:45:38   |   15:30:22   |
8985        |       -2348.18   |       -2368.52   |        20.3398   |   68:48:32   |   15:30:28   |
8986        |       -2348.41   |       -2368.48   |        20.0662   |   68:51:21   |   15:30:32   |
8987        |       -2348.81   |       -2372.31   |        23.5003   |   68:54:20   |   15:30:39   |
8988        |       -2349.18   |        -2372.3   |        23.1175   |   68:57:14   |   15:30:44   |
8989        |       -2349.37   |          -2373   |        23.6339   |   69:00:24   |   15:30:53   |
8990        |       -2347.41   |       -2369.05   |        21.6366   |   69:03:26   |   15:31:00   |
8991        |       -2347.88   |       -2367.79   |        19.9106   |   69:16:13   |   15:33:18   |
8992        |       -2348.16   |       -2369.78   |        21.6206   |   69:19:14   |   15:33:25   |
8993        |       -2348.13   |        -2368.9   |        20.7701   |   69:22:12   |   15:33:31   |
8994        |       -2349.45   |       -2370.33   |        20.8825   |   69:25:32   |   15:33:42   |
8995        |       -2349.92   |       -2371.19   |        21.2712   |   69:28:45   |   15:33:51   |
8996        |        -2347.7   |       -2368.43   |        20.7332   |   69:31:45   |   15:33:57   |
8997        |       -2347.83   |       -2367.83   |        20.0018   |   69:35:00   |   15:34:07   |
8998        |       -2348.06   |       -2367.99   |        19.9282   |   69:38:16   |   15:34:16   |
8999        |       -2348.06   |       -2367.99   |        19.9282   |   69:41:55   |   15:34:31   |


Iter        |      Posterior   |     Likelihood   |          Prior   |    elapsed   |        ETA   |
----------------------------------------------------------------------------------------------------
9000        |       -2349.22   |       -2368.92   |        19.6985   |   69:45:27   |   15:34:45   |
9001        |       -2349.43   |       -2367.09   |         17.663   |   69:58:12   |   15:37:01   |
9002        |       -2351.33   |       -2368.63   |        17.3041   |   70:01:14   |   15:37:08   |
9003        |       -2352.58   |       -2369.21   |        16.6318   |   70:04:25   |   15:37:16   |
9004        |       -2355.24   |       -2367.88   |        12.6458   |   70:07:36   |   15:37:24   |
9005        |       -2356.84   |       -2369.49   |        12.6562   |   70:10:21   |   15:37:27   |
9006        |       -2355.96   |       -2369.08   |        13.1141   |   70:13:27   |   15:37:34   |
9007        |       -2359.04   |       -2372.04   |         12.997   |   70:16:14   |   15:37:37   |
9008        |       -2353.89   |       -2366.83   |        12.9441   |   70:19:19   |   15:37:43   |
9009        |       -2354.23   |       -2365.81   |        11.5813   |   70:22:31   |   15:37:52   |
9010        |       -2354.42   |       -2366.41   |        11.9912   |   70:25:57   |   15:38:03   |
9011        |       -2354.69   |       -2366.75   |        12.0661   |   70:39:26   |   15:40:28   |
9012        |       -2350.66   |        -2363.7   |        13.0467   |   70:42:25   |   15:40:33   |
9013        |       -2353.83   |       -2367.41   |        13.5837   |   70:45:52   |   15:40:45   |
9014        |       -2351.71   |       -2368.49   |        16.7801   |   70:49:00   |   15:40:52   |
9015        |       -2351.71   |       -2368.49   |        16.7801   |   70:52:24   |   15:41:02   |
9016        |       -2349.08   |       -2367.94   |        18.8605   |   70:55:34   |   15:41:10   |
9017        |       -2350.64   |       -2369.19   |        18.5465   |   70:58:36   |   15:41:15   |
9018        |       -2350.64   |       -2369.37   |        18.7298   |   71:01:44   |   15:41:22   |
9019        |       -2349.15   |       -2365.48   |        16.3298   |   71:04:42   |   15:41:27   |


Iter        |      Posterior   |     Likelihood   |          Prior   |    elapsed   |        ETA   |
----------------------------------------------------------------------------------------------------
9020        |       -2348.64   |       -2365.89   |        17.2502   |   71:07:40   |   15:41:32   |
9021        |       -2347.62   |       -2366.37   |        18.7461   |   71:20:25   |   15:43:46   |
9022        |       -2347.62   |       -2367.45   |        19.8341   |   71:23:47   |   15:43:55   |
9023        |        -2347.7   |        -2367.7   |        20.0015   |   71:27:05   |   15:44:04   |
9024        |       -2345.43   |       -2365.52   |         20.085   |   71:30:14   |   15:44:11   |
9025        |       -2343.42   |        -2364.5   |        21.0737   |   71:33:43   |   15:44:22   |
9026        |       -2344.59   |       -2365.05   |        20.4558   |   71:37:04   |   15:44:32   |
9027        |       -2346.97   |       -2363.97   |        16.9948   |   71:40:21   |   15:44:40   |
9028        |       -2349.13   |       -2363.96   |         14.827   |   71:43:40   |   15:44:49   |
9029        |       -2348.34   |       -2365.11   |        16.7725   |   71:47:08   |   15:45:00   |
9030        |       -2350.15   |          -2366   |        15.8486   |   71:50:33   |   15:45:10   |
9031        |       -2348.87   |       -2367.04   |        18.1722   |   72:04:13   |   15:47:34   |
9032        |       -2349.11   |       -2366.94   |        17.8323   |   72:07:31   |   15:47:43   |
9033        |       -2345.94   |       -2364.01   |        18.0715   |   72:10:49   |   15:47:51   |
9034        |        -2345.8   |       -2365.26   |        19.4551   |   72:14:22   |   15:48:03   |
9035        |       -2346.96   |       -2367.54   |        20.5723   |   72:17:50   |   15:48:13   |
9036        |       -2352.56   |       -2373.65   |         21.085   |   72:21:22   |   15:48:24   |
9037        |       -2355.85   |       -2374.83   |        18.9873   |   72:24:51   |   15:48:35   |
9038        |       -2346.17   |       -2365.41   |        19.2434   |   72:28:21   |   15:48:45   |
9039        |       -2346.81   |       -2362.38   |        15.5732   |   72:31:35   |   15:48:53   |


Iter        |      Posterior   |     Likelihood   |          Prior   |    elapsed   |        ETA   |
----------------------------------------------------------------------------------------------------
9040        |       -2344.88   |       -2361.59   |        16.7108   |   72:35:03   |   15:49:03   |
9041        |       -2346.02   |       -2360.98   |        14.9624   |   72:48:31   |   15:51:24   |
9042        |       -2344.64   |       -2362.08   |         17.445   |   72:51:54   |   15:51:32   |
9043        |       -2344.64   |       -2362.08   |         17.445   |   72:55:09   |   15:51:39   |
9044        |       -2344.64   |       -2362.08   |         17.445   |   72:58:42   |   15:51:50   |
9045        |       -2348.35   |       -2366.55   |         18.195   |   73:02:20   |   15:52:02   |
9046        |       -2345.28   |       -2363.08   |        17.7946   |   73:06:03   |   15:52:15   |
9047        |       -2343.44   |        -2361.2   |        17.7631   |   73:09:38   |   15:52:27   |
9048        |       -2343.73   |       -2361.33   |        17.5937   |   73:13:05   |   15:52:36   |
9049        |       -2348.72   |       -2367.28   |        18.5649   |   73:16:33   |   15:52:46   |
9050        |       -2345.74   |       -2364.72   |        18.9723   |   73:19:31   |   15:52:49   |
9051        |       -2344.34   |       -2363.06   |        18.7122   |   73:32:49   |   15:55:06   |
9052        |       -2348.26   |       -2368.47   |        20.2175   |   73:36:08   |   15:55:14   |
9053        |       -2347.42   |       -2368.03   |        20.6004   |   73:39:13   |   15:55:18   |
9054        |        -2348.2   |       -2365.12   |        16.9204   |   73:42:17   |   15:55:22   |
9055        |       -2346.77   |       -2363.17   |        16.3948   |   73:45:41   |   15:55:31   |
9056        |       -2346.14   |          -2361   |        14.8545   |   73:49:27   |   15:55:44   |
9057        |       -2344.04   |       -2364.98   |        20.9368   |   73:52:59   |   15:55:54   |
9058        |       -2345.26   |       -2363.89   |        18.6248   |   73:56:16   |   15:56:00   |
9059        |       -2348.19   |        -2367.4   |        19.2071   |   73:59:37   |   15:56:08   |


Iter        |      Posterior   |     Likelihood   |          Prior   |    elapsed   |        ETA   |
----------------------------------------------------------------------------------------------------
9060        |       -2347.36   |       -2369.26   |        21.8999   |   74:02:51   |   15:56:14   |
9061        |       -2347.86   |       -2369.76   |        21.8935   |   74:14:50   |   15:58:13   |
9062        |       -2345.84   |       -2370.13   |        24.2924   |   74:17:44   |   15:58:15   |
9063        |       -2348.54   |       -2371.91   |        23.3697   |   74:20:23   |   15:58:13   |
9064        |       -2349.11   |       -2373.35   |        24.2415   |   74:23:05   |   15:58:12   |
9065        |       -2352.21   |       -2376.21   |        24.0071   |   74:26:00   |   15:58:13   |
9066        |       -2354.83   |       -2378.61   |        23.7771   |   74:28:48   |   15:58:14   |
9067        |       -2352.41   |       -2375.79   |         23.378   |   74:31:30   |   15:58:12   |
9068        |       -2351.16   |       -2369.78   |        18.6142   |   74:34:23   |   15:58:13   |
9069        |       -2349.79   |       -2367.22   |        17.4327   |   74:37:38   |   15:58:19   |
9070        |       -2348.67   |       -2364.25   |        15.5792   |   74:40:50   |   15:58:24   |
9071        |       -2346.41   |       -2364.68   |        18.2641   |   74:53:43   |   16:00:34   |
9072        |       -2350.72   |       -2369.62   |        18.8991   |   74:56:34   |   16:00:34   |
9073        |       -2346.14   |       -2364.95   |        18.8111   |   74:59:59   |   16:00:42   |
9074        |       -2349.04   |       -2370.13   |        21.0859   |   75:02:46   |   16:00:41   |
9075        |        -2352.3   |       -2374.22   |          21.92   |   75:05:49   |   16:00:44   |
9076        |       -2352.36   |       -2372.33   |        19.9756   |   75:08:50   |   16:00:47   |
9077        |       -2354.54   |       -2374.92   |        20.3755   |   75:12:14   |   16:00:54   |
9078        |       -2353.37   |       -2373.68   |        20.3097   |   75:15:41   |   16:01:02   |
9079        |       -2355.22   |       -2373.06   |        17.8429   |   75:19:08   |   16:01:10   |


Iter        |      Posterior   |     Likelihood   |          Prior   |    elapsed   |        ETA   |
----------------------------------------------------------------------------------------------------
9080        |       -2346.56   |       -2367.47   |        20.9128   |   75:22:33   |   16:01:17   |
9081        |       -2345.41   |        -2367.1   |        21.6912   |   75:35:35   |   16:03:27   |
9082        |        -2347.6   |       -2368.93   |        21.3294   |   75:38:47   |   16:03:31   |
9083        |       -2346.91   |       -2365.57   |        18.6556   |   75:42:13   |   16:03:39   |
9084        |       -2348.15   |       -2365.55   |        17.3989   |   75:45:34   |   16:03:45   |
9085        |       -2347.04   |       -2363.27   |        16.2289   |   75:48:57   |   16:03:52   |
9086        |       -2347.76   |       -2364.51   |        16.7502   |   75:52:31   |   16:04:00   |
9087        |       -2346.62   |       -2365.04   |        18.4271   |   75:55:40   |   16:04:04   |
9088        |       -2345.46   |       -2363.59   |         18.128   |   75:58:59   |   16:04:10   |
9089        |       -2347.48   |       -2366.53   |        19.0417   |   76:02:26   |   16:04:17   |
9090        |        -2347.8   |       -2365.91   |        18.1108   |   76:05:42   |   16:04:22   |
9091        |       -2349.87   |       -2366.22   |        16.3462   |   76:19:06   |   16:06:35   |
9092        |        -2348.1   |       -2366.14   |        18.0391   |   76:22:03   |   16:06:36   |
9093        |        -2350.1   |       -2368.14   |        18.0438   |   76:25:51   |   16:06:47   |
9094        |       -2349.85   |       -2368.53   |        18.6834   |   76:29:42   |   16:06:59   |
9095        |       -2349.25   |       -2369.15   |        19.9018   |   76:33:07   |   16:07:06   |
9096        |       -2346.04   |       -2367.29   |        21.2513   |   76:36:56   |   16:07:17   |
9097        |       -2347.18   |       -2371.24   |        24.0615   |   76:40:10   |   16:07:21   |
9098        |       -2347.82   |       -2369.73   |        21.9073   |   76:43:11   |   16:07:23   |
9099        |        -2351.3   |       -2373.54   |        22.2468   |   76:46:30   |   16:07:28   |


Iter        |      Posterior   |     Likelihood   |          Prior   |    elapsed   |        ETA   |
----------------------------------------------------------------------------------------------------
9100        |          -2348   |       -2370.98   |        22.9864   |   76:49:55   |   16:07:34   |
9101        |       -2347.25   |       -2370.93   |        23.6882   |   77:03:03   |   16:09:43   |
9102        |       -2350.52   |       -2372.97   |        22.4462   |   77:06:16   |   16:09:46   |
9103        |       -2346.42   |       -2368.91   |        22.4978   |   77:09:35   |   16:09:51   |
9104        |       -2346.92   |       -2368.75   |        21.8358   |   77:13:29   |   16:10:03   |
9105        |       -2344.61   |       -2366.29   |        21.6766   |   77:17:03   |   16:10:11   |
9106        |       -2344.28   |       -2365.85   |        21.5749   |   77:20:51   |   16:10:22   |
9107        |       -2343.86   |       -2366.81   |        22.9474   |   77:24:30   |   16:10:30   |
9108        |       -2345.37   |       -2369.19   |        23.8196   |   77:27:49   |   16:10:35   |
9109        |       -2345.99   |       -2367.96   |        21.9624   |   77:31:18   |   16:10:42   |
9110        |        -2350.4   |       -2374.44   |        24.0418   |   77:34:35   |   16:10:46   |
9111        |       -2351.29   |        -2374.3   |        23.0092   |   77:47:09   |   16:12:46   |
9112        |        -2350.3   |       -2369.72   |        19.4124   |   77:51:02   |   16:12:57   |
9113        |       -2348.01   |       -2367.22   |        19.2085   |   77:54:48   |   16:13:07   |
9114        |       -2351.25   |       -2370.68   |        19.4294   |   77:58:40   |   16:13:18   |
9115        |       -2352.75   |       -2371.67   |        18.9242   |   78:02:07   |   16:13:24   |
9116        |       -2353.68   |       -2373.12   |        19.4368   |   78:05:46   |   16:13:32   |
9117        |       -2356.51   |       -2376.52   |        20.0109   |   78:09:15   |   16:13:38   |
9118        |       -2346.85   |        -2367.4   |        20.5516   |   78:12:44   |   16:13:44   |
9119        |       -2346.41   |       -2367.27   |         20.861   |   78:16:37   |   16:13:56   |


Iter        |      Posterior   |     Likelihood   |          Prior   |    elapsed   |        ETA   |
----------------------------------------------------------------------------------------------------
9120        |       -2347.04   |       -2367.87   |        20.8325   |   78:19:55   |   16:13:59   |
9121        |       -2347.04   |       -2367.87   |        20.8325   |   78:33:37   |   16:16:12   |
9122        |       -2349.07   |       -2368.57   |        19.5011   |   78:37:38   |   16:16:25   |
9123        |       -2345.67   |       -2367.16   |        21.4914   |   78:41:27   |   16:16:35   |
9124        |       -2346.58   |       -2366.13   |         19.545   |   78:44:43   |   16:16:38   |
9125        |       -2347.23   |       -2368.83   |        21.6067   |   78:48:12   |   16:16:43   |
9126        |       -2346.79   |       -2367.41   |        20.6129   |   78:51:43   |   16:16:49   |
9127        |        -2345.6   |       -2363.64   |        18.0405   |   78:55:25   |   16:16:58   |
9128        |       -2349.11   |       -2367.62   |        18.5165   |   78:58:53   |   16:17:03   |
9129        |       -2346.13   |       -2363.11   |         16.975   |   79:02:25   |   16:17:09   |
9130        |       -2347.88   |       -2366.62   |        18.7388   |   79:06:11   |   16:17:18   |
9131        |       -2346.55   |       -2365.03   |        18.4807   |   79:20:06   |   16:19:32   |
9132        |       -2347.54   |        -2367.3   |        19.7667   |   79:23:42   |   16:19:39   |
9133        |       -2347.11   |       -2365.66   |        18.5488   |   79:27:18   |   16:19:46   |
9134        |       -2347.97   |       -2369.07   |        21.1039   |   79:30:48   |   16:19:51   |
9135        |       -2345.72   |        -2365.1   |        19.3784   |   79:34:14   |   16:19:55   |
9136        |       -2345.19   |       -2365.03   |        19.8438   |   79:37:37   |   16:19:59   |
9137        |       -2344.53   |       -2363.93   |         19.404   |   79:41:17   |   16:20:07   |
9138        |       -2345.13   |       -2364.54   |        19.4047   |   79:44:57   |   16:20:14   |
9139        |        -2345.2   |       -2363.26   |         18.064   |   79:48:06   |   16:20:15   |


Iter        |      Posterior   |     Likelihood   |          Prior   |    elapsed   |        ETA   |
----------------------------------------------------------------------------------------------------
9140        |       -2345.91   |       -2363.32   |        17.4104   |   79:51:21   |   16:20:17   |
9141        |       -2348.17   |       -2366.91   |        18.7375   |   80:05:11   |   16:22:29   |
9142        |       -2346.75   |       -2365.49   |        18.7376   |   80:09:06   |   16:22:39   |
9143        |       -2347.97   |       -2366.01   |        18.0363   |   80:12:40   |   16:22:44   |
9144        |        -2350.2   |       -2369.22   |        19.0107   |   80:16:03   |   16:22:48   |
9145        |       -2347.77   |       -2366.79   |        19.0156   |   80:19:32   |   16:22:52   |
9146        |       -2347.51   |       -2364.89   |        17.3784   |   80:23:10   |   16:22:59   |
9147        |       -2345.93   |       -2363.94   |        18.0114   |   80:26:36   |   16:23:02   |
9148        |       -2345.82   |       -2362.76   |        16.9436   |   80:29:56   |   16:23:05   |
9149        |       -2346.82   |       -2363.59   |         16.773   |   80:33:44   |   16:23:13   |
9150        |       -2346.66   |       -2363.42   |        16.7574   |   80:37:17   |   16:23:18   |
9151        |       -2346.66   |       -2363.42   |        16.7574   |   80:51:00   |   16:25:28   |
9152        |       -2352.09   |       -2365.79   |        13.6952   |   80:54:38   |   16:25:34   |
9153        |       -2355.48   |       -2367.96   |        12.4817   |   80:58:15   |   16:25:39   |
9154        |       -2352.62   |       -2365.37   |        12.7508   |   81:01:44   |   16:25:43   |
9155        |       -2350.91   |       -2362.63   |        11.7259   |   81:05:14   |   16:25:48   |
9156        |       -2351.22   |       -2363.71   |        12.4935   |   81:08:59   |   16:25:55   |
9157        |       -2350.55   |       -2363.56   |        13.0099   |   81:12:43   |   16:26:02   |
9158        |       -2350.94   |       -2371.91   |        20.9676   |   81:16:06   |   16:26:04   |
9159        |       -2349.99   |       -2368.99   |        18.9983   |   81:19:48   |   16:26:11   |


Iter        |      Posterior   |     Likelihood   |          Prior   |    elapsed   |        ETA   |
----------------------------------------------------------------------------------------------------
9160        |       -2353.53   |       -2369.41   |        15.8867   |   81:23:23   |   16:26:16   |
9161        |       -2353.31   |       -2368.58   |         15.272   |   81:37:17   |   16:28:26   |
9162        |          -2353   |       -2369.43   |        16.4331   |   81:41:08   |   16:28:34   |
9163        |       -2346.25   |       -2363.64   |        17.3891   |   81:44:28   |   16:28:36   |
9164        |       -2346.65   |       -2364.01   |        17.3564   |   81:48:00   |   16:28:40   |
9165        |        -2345.6   |       -2362.64   |        17.0357   |   81:51:52   |   16:28:48   |
9166        |       -2346.06   |       -2361.87   |         15.805   |   81:55:38   |   16:28:55   |
9167        |       -2348.99   |       -2364.87   |         15.881   |   81:59:09   |   16:28:58   |
9168        |       -2349.01   |       -2362.14   |         13.124   |   82:02:47   |   16:29:04   |
9169        |       -2347.09   |       -2363.26   |        16.1726   |   82:06:23   |   16:29:08   |
9170        |       -2347.09   |       -2363.26   |        16.1726   |   82:10:27   |   16:29:18   |
9171        |       -2347.09   |       -2363.26   |        16.1726   |   82:24:17   |   16:31:26   |
9172        |       -2347.09   |       -2363.26   |        16.1726   |   82:28:05   |   16:31:33   |
9173        |       -2347.09   |       -2363.26   |        16.1726   |   82:32:15   |   16:31:44   |
9174        |       -2347.09   |       -2363.26   |        16.1726   |   82:36:16   |   16:31:54   |
9175        |       -2347.09   |       -2363.26   |        16.1726   |   82:40:25   |   16:32:05   |
9176        |       -2347.09   |       -2363.26   |        16.1726   |   82:44:22   |   16:32:13   |
9177        |       -2347.09   |       -2363.26   |        16.1726   |   82:48:27   |   16:32:23   |
9178        |       -2352.43   |       -2369.06   |        16.6275   |   82:52:30   |   16:32:32   |
9179        |       -2351.34   |       -2368.35   |        17.0097   |   82:56:27   |   16:32:41   |


Iter        |      Posterior   |     Likelihood   |          Prior   |    elapsed   |        ETA   |
----------------------------------------------------------------------------------------------------
9180        |       -2349.17   |       -2364.23   |        15.0644   |   82:59:53   |   16:32:43   |
9181        |       -2348.86   |       -2363.51   |        14.6509   |   83:13:40   |   16:34:49   |
9182        |       -2347.88   |       -2364.52   |        16.6433   |   83:17:11   |   16:34:51   |
9183        |       -2350.36   |       -2363.67   |         13.307   |   83:20:51   |   16:34:56   |
9184        |       -2352.18   |       -2366.24   |        14.0604   |   83:24:17   |   16:34:58   |
9185        |       -2353.04   |       -2364.15   |        11.1178   |   83:28:04   |   16:35:04   |
9186        |       -2352.25   |       -2364.57   |        12.3217   |   83:31:42   |   16:35:08   |
9187        |       -2352.42   |        -2367.4   |        14.9731   |   83:34:46   |   16:35:05   |
9188        |       -2350.14   |        -2365.2   |        15.0658   |   83:38:40   |   16:35:12   |
9189        |       -2349.26   |       -2363.67   |        14.4092   |   83:42:22   |   16:35:17   |
9190        |       -2351.49   |       -2364.81   |        13.3133   |   83:46:00   |   16:35:21   |
9191        |       -2347.16   |       -2361.97   |        14.8066   |   83:59:30   |   16:37:22   |
9192        |       -2347.79   |       -2359.83   |        12.0428   |   84:03:22   |   16:37:28   |
9193        |       -2347.79   |       -2359.83   |        12.0428   |   84:07:24   |   16:37:37   |
9194        |       -2346.32   |       -2359.96   |        13.6341   |   84:11:14   |   16:37:43   |
9195        |       -2347.04   |       -2361.88   |         14.842   |   84:15:18   |   16:37:51   |
9196        |       -2345.51   |       -2360.52   |        15.0052   |   84:18:51   |   16:37:54   |
9197        |       -2345.04   |       -2363.72   |        18.6787   |   84:22:08   |   16:37:53   |
9198        |       -2346.08   |       -2362.86   |        16.7862   |   84:25:36   |   16:37:55   |
9199        |        -2344.5   |       -2359.45   |        14.9575   |   84:29:12   |   16:37:58   |


Iter        |      Posterior   |     Likelihood   |          Prior   |    elapsed   |        ETA   |
----------------------------------------------------------------------------------------------------
9200        |       -2345.56   |       -2364.43   |        18.8731   |   84:33:03   |   16:38:04   |
9201        |       -2346.64   |       -2365.62   |        18.9818   |   84:46:10   |   16:39:59   |
9202        |       -2346.78   |       -2365.12   |        18.3424   |   84:49:46   |   16:40:01   |
9203        |       -2345.36   |        -2363.7   |        18.3375   |   84:53:22   |   16:40:04   |
9204        |        -2348.2   |       -2368.52   |        20.3126   |   84:56:42   |   16:40:04   |
9205        |       -2348.78   |       -2370.69   |        21.9032   |   85:00:21   |   16:40:07   |
9206        |       -2343.78   |       -2366.16   |        22.3737   |   85:03:59   |   16:40:10   |
9207        |       -2348.04   |       -2371.81   |        23.7712   |   85:06:48   |   16:40:03   |
9208        |       -2348.75   |       -2371.91   |        23.1512   |   85:10:37   |   16:40:08   |
9209        |       -2344.75   |       -2367.22   |        22.4753   |   85:13:57   |   16:40:07   |
9210        |       -2347.87   |       -2370.91   |        23.0396   |   85:17:28   |   16:40:09   |
9211        |       -2346.64   |       -2368.97   |        22.3361   |   85:30:26   |   16:42:01   |
9212        |       -2347.28   |       -2368.71   |        21.4346   |   85:34:10   |   16:42:05   |
9213        |       -2346.87   |       -2369.49   |        22.6158   |   85:37:26   |   16:42:03   |
9214        |       -2347.37   |       -2369.32   |        21.9466   |   85:40:45   |   16:42:02   |
9215        |       -2343.76   |       -2367.29   |        23.5356   |   85:43:47   |   16:41:57   |
9216        |       -2345.55   |       -2367.81   |        22.2685   |   85:46:58   |   16:41:54   |
9217        |       -2345.49   |       -2367.25   |        21.7586   |   85:50:27   |   16:41:55   |
9218        |       -2345.49   |       -2367.25   |        21.7586   |   85:54:21   |   16:42:01   |
9219        |       -2348.76   |       -2368.97   |        20.2124   |   85:57:51   |   16:42:01   |


Iter        |      Posterior   |     Likelihood   |          Prior   |    elapsed   |        ETA   |
----------------------------------------------------------------------------------------------------
9220        |       -2348.95   |       -2368.76   |        19.8103   |   86:01:31   |   16:42:04   |
9221        |       -2344.28   |       -2363.49   |        19.2072   |   86:14:56   |   16:44:00   |
9222        |        -2342.2   |       -2364.53   |        22.3316   |   86:18:07   |   16:43:57   |
9223        |       -2343.88   |       -2364.68   |        20.8001   |   86:21:55   |   16:44:01   |
9224        |       -2344.47   |       -2365.29   |        20.8209   |   86:25:39   |   16:44:04   |
9225        |       -2345.76   |       -2365.64   |        19.8742   |   86:29:23   |   16:44:07   |
9226        |       -2346.92   |       -2366.36   |        19.4406   |   86:33:04   |   16:44:09   |
9227        |       -2344.32   |        -2363.8   |        19.4802   |   86:36:03   |   16:44:04   |
9228        |       -2347.16   |        -2365.1   |        17.9344   |   86:39:40   |   16:44:05   |
9229        |       -2348.42   |       -2362.73   |         14.308   |   86:43:13   |   16:44:06   |
9230        |        -2351.1   |       -2363.43   |        12.3309   |   86:46:38   |   16:44:05   |
9231        |       -2351.69   |        -2367.2   |        15.5115   |   87:00:51   |   16:46:09   |
9232        |       -2354.27   |       -2369.16   |        14.8957   |   87:04:48   |   16:46:14   |
9233        |       -2355.03   |       -2368.63   |        13.5948   |   87:08:38   |   16:46:18   |
9234        |       -2356.37   |       -2370.86   |        14.4894   |   87:12:03   |   16:46:17   |
9235        |       -2353.61   |        -2369.2   |        15.5924   |   87:15:32   |   16:46:17   |
9236        |       -2353.34   |       -2372.07   |        18.7314   |   87:19:25   |   16:46:21   |
9237        |       -2355.11   |       -2373.91   |         18.791   |   87:23:00   |   16:46:22   |
9238        |       -2354.23   |       -2374.11   |        19.8802   |   87:26:09   |   16:46:17   |
9239        |       -2352.79   |       -2370.34   |        17.5474   |   87:29:54   |   16:46:20   |


Iter        |      Posterior   |     Likelihood   |          Prior   |    elapsed   |        ETA   |
----------------------------------------------------------------------------------------------------
9240        |       -2349.56   |       -2368.91   |         19.353   |   87:33:10   |   16:46:17   |
9241        |       -2350.06   |        -2369.8   |        19.7373   |   87:45:38   |   16:47:59   |
9242        |       -2348.25   |       -2369.68   |        21.4246   |   87:48:48   |   16:47:55   |
9243        |       -2351.48   |       -2371.54   |        20.0554   |   87:52:50   |   16:48:00   |
9244        |       -2351.92   |       -2371.44   |         19.522   |   87:55:49   |   16:47:54   |
9245        |       -2350.05   |       -2368.34   |        18.2975   |   87:58:54   |   16:47:48   |
9246        |       -2349.56   |       -2368.86   |        19.2993   |   88:02:26   |   16:47:48   |
9247        |       -2350.14   |       -2369.73   |        19.5872   |   88:05:25   |   16:47:41   |
9248        |        -2351.2   |       -2369.18   |        17.9762   |   88:08:37   |   16:47:37   |
9249        |       -2350.16   |       -2369.99   |        19.8281   |   88:12:04   |   16:47:36   |
9250        |       -2351.78   |       -2371.41   |        19.6248   |   88:15:39   |   16:47:36   |
9251        |       -2345.64   |        -2367.3   |        21.6657   |   88:29:09   |   16:49:29   |
9252        |       -2348.37   |       -2366.53   |        18.1538   |   88:33:01   |   16:49:32   |
9253        |       -2348.86   |       -2368.06   |        19.2018   |   88:36:42   |   16:49:33   |
9254        |       -2345.29   |       -2364.43   |        19.1398   |   88:40:19   |   16:49:33   |
9255        |       -2348.32   |       -2369.96   |         21.643   |   88:43:40   |   16:49:30   |
9256        |       -2350.11   |       -2370.94   |        20.8254   |   88:47:03   |   16:49:28   |
9257        |       -2351.14   |       -2373.82   |        22.6836   |   88:50:33   |   16:49:26   |
9258        |        -2352.1   |       -2372.01   |        19.9051   |   88:53:49   |   16:49:22   |
9259        |        -2353.7   |       -2371.82   |        18.1166   |   88:57:10   |   16:49:19   |


Iter        |      Posterior   |     Likelihood   |          Prior   |    elapsed   |        ETA   |
----------------------------------------------------------------------------------------------------
9260        |       -2354.67   |       -2372.25   |        17.5751   |   89:00:48   |   16:49:19   |
9261        |       -2352.92   |        -2371.5   |        18.5804   |   89:14:47   |   16:51:17   |
9262        |       -2348.99   |       -2367.65   |        18.6529   |   89:18:21   |   16:51:16   |
9263        |          -2349   |       -2367.66   |        18.6529   |   89:21:50   |   16:51:14   |
9264        |       -2347.49   |       -2366.09   |        18.5952   |   89:25:27   |   16:51:14   |
9265        |          -2348   |       -2367.11   |        19.1094   |   89:28:46   |   16:51:10   |
9266        |       -2347.72   |       -2366.45   |        18.7364   |   89:32:14   |   16:51:08   |
9267        |       -2348.56   |       -2367.61   |        19.0482   |   89:35:34   |   16:51:04   |
9268        |       -2346.92   |       -2366.12   |        19.1971   |   89:38:57   |   16:51:01   |
9269        |       -2349.98   |       -2365.94   |        15.9584   |   89:42:14   |   16:50:56   |
9270        |        -2350.9   |       -2367.95   |        17.0452   |   89:45:43   |   16:50:54   |
9271        |       -2346.56   |       -2364.25   |        17.6881   |   89:58:53   |   16:52:41   |
9272        |       -2346.56   |       -2364.25   |        17.6881   |   90:02:47   |   16:52:43   |
9273        |       -2346.13   |       -2364.49   |        18.3624   |   90:06:31   |   16:52:44   |
9274        |        -2347.2   |       -2362.86   |         15.661   |   90:10:12   |   16:52:44   |
9275        |       -2347.15   |       -2363.21   |        16.0656   |   90:13:32   |   16:52:39   |
9276        |       -2349.04   |       -2365.46   |        16.4163   |   90:17:14   |   16:52:39   |
9277        |       -2348.46   |       -2366.17   |        17.7009   |   90:20:25   |   16:52:34   |
9278        |       -2347.55   |       -2365.46   |        17.9045   |   90:23:55   |   16:52:31   |
9279        |       -2347.55   |       -2365.46   |        17.9045   |   90:27:43   |   16:52:32   |


Iter        |      Posterior   |     Likelihood   |          Prior   |    elapsed   |        ETA   |
----------------------------------------------------------------------------------------------------
9280        |       -2347.55   |       -2365.46   |        17.9045   |   90:31:15   |   16:52:30   |
9281        |        -2347.5   |       -2365.41   |        17.9183   |   90:44:59   |   16:54:22   |
9282        |       -2350.22   |       -2366.08   |        15.8539   |   90:48:24   |   16:54:18   |
9283        |       -2350.47   |        -2366.2   |        15.7272   |   90:51:40   |   16:54:13   |
9284        |        -2348.8   |       -2363.64   |        14.8404   |   90:55:00   |   16:54:08   |
9285        |       -2351.41   |       -2363.75   |        12.3346   |   90:58:29   |   16:54:05   |
9286        |       -2349.12   |       -2365.53   |        16.4114   |   91:02:00   |   16:54:03   |
9287        |       -2349.25   |       -2365.37   |        16.1174   |   91:05:26   |   16:53:59   |
9288        |       -2348.49   |       -2361.75   |        13.2594   |   91:09:01   |   16:53:57   |
9289        |       -2351.27   |       -2363.71   |        12.4356   |   91:12:40   |   16:53:56   |
9290        |       -2351.16   |       -2364.23   |        13.0706   |   91:16:16   |   16:53:54   |
9291        |       -2354.43   |       -2367.06   |        12.6315   |   91:30:21   |   16:55:48   |
9292        |       -2350.81   |       -2362.15   |        11.3415   |   91:33:41   |   16:55:43   |
9293        |       -2350.77   |       -2362.17   |        11.3935   |   91:37:30   |   16:55:43   |
9294        |       -2347.88   |       -2363.66   |         15.784   |   91:41:07   |   16:55:42   |
9295        |       -2347.88   |       -2363.66   |         15.784   |   91:44:55   |   16:55:42   |
9296        |       -2348.31   |       -2363.41   |        15.0989   |   91:48:30   |   16:55:39   |
9297        |       -2348.39   |       -2363.16   |        14.7715   |   91:51:56   |   16:55:35   |
9298        |       -2347.77   |       -2362.65   |        14.8833   |   91:55:29   |   16:55:32   |
9299        |       -2349.18   |       -2362.19   |        13.0151   |   91:58:57   |   16:55:28   |


Iter        |      Posterior   |     Likelihood   |          Prior   |    elapsed   |        ETA   |
----------------------------------------------------------------------------------------------------
9300        |       -2346.15   |       -2359.57   |         13.419   |   92:02:13   |   16:55:22   |
9301        |       -2346.96   |       -2361.91   |        14.9542   |   92:15:35   |   16:57:07   |
9302        |       -2347.41   |       -2362.29   |        14.8808   |   92:19:20   |   16:57:06   |
9303        |       -2349.99   |       -2362.14   |        12.1543   |   92:22:53   |   16:57:03   |
9304        |       -2347.66   |        -2361.8   |        14.1435   |   92:26:04   |   16:56:56   |
9305        |       -2350.48   |       -2364.75   |        14.2701   |   92:29:42   |   16:56:53   |
9306        |       -2353.68   |       -2367.44   |        13.7642   |   92:33:36   |   16:56:54   |
9307        |       -2351.97   |       -2368.26   |        16.2914   |   92:37:05   |   16:56:50   |
9308        |       -2351.97   |       -2368.26   |        16.2914   |   92:41:00   |   16:56:50   |
9309        |       -2351.97   |       -2368.26   |        16.2914   |   92:45:04   |   16:56:53   |
9310        |       -2352.29   |       -2367.31   |        15.0217   |   92:48:44   |   16:56:50   |
9311        |       -2350.68   |        -2365.8   |        15.1232   |   93:02:41   |   16:58:41   |
9312        |       -2347.91   |       -2365.55   |        17.6395   |   93:06:22   |   16:58:38   |
9313        |       -2352.26   |       -2369.16   |        16.9096   |   93:09:47   |   16:58:33   |
9314        |       -2348.36   |       -2366.64   |        18.2829   |   93:13:37   |   16:58:32   |
9315        |       -2347.12   |       -2365.07   |        17.9465   |   93:16:51   |   16:58:25   |
9316        |       -2347.77   |       -2364.32   |        16.5442   |   93:20:08   |   16:58:18   |
9317        |       -2349.41   |       -2369.87   |        20.4526   |   93:23:17   |   16:58:10   |
9318        |       -2349.73   |       -2370.92   |        21.1853   |   93:26:33   |   16:58:03   |
9319        |       -2349.94   |       -2372.27   |        22.3273   |   93:30:25   |   16:58:03   |


Iter        |      Posterior   |     Likelihood   |          Prior   |    elapsed   |        ETA   |
----------------------------------------------------------------------------------------------------
9320        |        -2347.2   |       -2365.59   |        18.3872   |   93:33:40   |   16:57:55   |
9321        |       -2347.07   |       -2367.88   |        20.8054   |   93:47:35   |   16:59:44   |
9322        |       -2346.59   |       -2367.65   |        21.0609   |   93:51:11   |   16:59:40   |
9323        |       -2347.36   |       -2365.76   |        18.3967   |   93:54:33   |   16:59:34   |
9324        |       -2346.58   |       -2363.44   |        16.8595   |   93:57:54   |   16:59:27   |
9325        |       -2349.86   |       -2368.43   |        18.5689   |   94:01:31   |   16:59:24   |
9326        |       -2350.87   |       -2367.76   |        16.8827   |   94:05:20   |   16:59:22   |
9327        |       -2356.74   |       -2374.99   |        18.2507   |   94:08:35   |   16:59:15   |
9328        |       -2355.93   |       -2372.12   |        16.1873   |   94:12:05   |   16:59:10   |
9329        |       -2349.93   |       -2367.45   |        17.5202   |   94:15:54   |   16:59:08   |
9330        |       -2350.01   |       -2365.88   |        15.8729   |   94:19:49   |   16:59:07   |
9331        |       -2354.27   |       -2368.22   |         13.943   |   94:33:46   |   17:00:55   |
9332        |       -2351.25   |        -2366.5   |        15.2523   |   94:37:34   |   17:00:53   |
9333        |       -2351.92   |       -2364.45   |        12.5267   |   94:41:15   |   17:00:50   |
9334        |       -2354.71   |          -2369   |        14.2886   |   94:44:42   |   17:00:44   |
9335        |       -2350.97   |       -2363.38   |        12.4132   |   94:48:27   |   17:00:41   |
9336        |        -2352.5   |        -2364.9   |        12.4037   |   94:51:46   |   17:00:34   |
9337        |       -2350.83   |       -2366.01   |        15.1877   |   94:55:35   |   17:00:31   |
9338        |       -2356.19   |       -2370.18   |        13.9952   |   94:58:59   |   17:00:25   |
9339        |       -2352.86   |       -2369.63   |        16.7706   |   95:03:04   |   17:00:25   |


Iter        |      Posterior   |     Likelihood   |          Prior   |    elapsed   |        ETA   |
----------------------------------------------------------------------------------------------------
9340        |        -2351.9   |       -2370.06   |        18.1592   |   95:06:53   |   17:00:23   |
9341        |       -2346.78   |       -2364.95   |        18.1737   |   95:21:10   |   17:02:13   |
9342        |       -2347.05   |       -2365.81   |          18.76   |   95:24:52   |   17:02:09   |
9343        |       -2346.27   |       -2366.84   |        20.5661   |   95:28:13   |   17:02:02   |
9344        |       -2353.45   |       -2373.98   |        20.5268   |   95:31:31   |   17:01:54   |
9345        |       -2351.66   |        -2370.7   |        19.0402   |   95:35:06   |   17:01:49   |
9346        |       -2349.44   |       -2371.41   |        21.9664   |   95:38:56   |   17:01:46   |
9347        |       -2349.03   |        -2369.8   |         20.773   |   95:42:47   |   17:01:44   |
9348        |        -2350.9   |       -2369.86   |        18.9616   |   95:46:43   |   17:01:43   |
9349        |        -2350.9   |       -2369.86   |        18.9616   |   95:50:57   |   17:01:44   |
9350        |       -2351.51   |       -2369.95   |        18.4419   |   95:54:45   |   17:01:41   |
9351        |       -2353.51   |       -2373.02   |         19.509   |   96:09:20   |   17:03:33   |
9352        |       -2353.83   |       -2369.96   |        16.1327   |   96:13:16   |   17:03:31   |
9353        |        -2353.3   |       -2369.86   |        16.5679   |   96:17:01   |   17:03:28   |
9354        |       -2351.92   |       -2368.81   |        16.8942   |   96:20:59   |   17:03:26   |
9355        |       -2349.25   |       -2368.02   |         18.773   |   96:24:34   |   17:03:21   |
9356        |       -2348.52   |       -2367.75   |        19.2254   |   96:27:59   |   17:03:13   |
9357        |       -2346.97   |       -2367.73   |        20.7609   |   96:31:53   |   17:03:11   |
9358        |        -2347.8   |       -2370.34   |        22.5398   |   96:35:22   |   17:03:04   |
9359        |       -2348.27   |        -2368.9   |        20.6332   |   96:38:48   |   17:02:57   |


Iter        |      Posterior   |     Likelihood   |          Prior   |    elapsed   |        ETA   |
----------------------------------------------------------------------------------------------------
9360        |       -2347.22   |       -2365.94   |        18.7206   |   96:42:16   |   17:02:50   |
9361        |       -2348.71   |       -2363.99   |        15.2721   |   96:55:25   |   17:04:25   |
9362        |       -2346.65   |       -2363.29   |        16.6409   |   96:58:56   |   17:04:18   |
9363        |       -2349.07   |       -2364.92   |        15.8513   |   97:02:38   |   17:04:13   |
9364        |       -2346.85   |        -2363.9   |        17.0496   |   97:06:09   |   17:04:07   |
9365        |       -2346.73   |       -2364.16   |        17.4278   |   97:09:43   |   17:04:00   |
9366        |       -2346.74   |       -2363.78   |        17.0331   |   97:13:29   |   17:03:56   |
9367        |       -2346.74   |       -2363.78   |        17.0331   |   97:17:10   |   17:03:51   |
9368        |       -2346.74   |       -2363.78   |        17.0331   |   97:21:03   |   17:03:48   |
9369        |       -2346.74   |       -2363.78   |        17.0331   |   97:25:02   |   17:03:46   |
9370        |       -2346.74   |       -2363.78   |        17.0331   |   97:28:48   |   17:03:41   |
9371        |       -2346.74   |       -2363.78   |        17.0331   |   97:42:35   |   17:05:22   |
9372        |       -2346.74   |       -2363.78   |        17.0331   |   97:46:29   |   17:05:19   |
9373        |       -2346.74   |       -2363.78   |        17.0331   |   97:50:40   |   17:05:18   |
9374        |       -2346.74   |       -2363.78   |        17.0331   |   97:54:45   |   17:05:17   |
9375        |       -2346.74   |       -2363.78   |        17.0331   |   97:58:59   |   17:05:17   |
9376        |       -2346.74   |       -2363.78   |        17.0331   |   98:02:31   |   17:05:10   |
9377        |       -2346.74   |       -2363.78   |        17.0331   |   98:06:19   |   17:05:05   |
9378        |       -2346.74   |       -2363.78   |        17.0331   |   98:10:20   |   17:05:03   |
9379        |       -2346.74   |       -2363.78   |        17.0331   |   98:14:13   |   17:04:59   |


Iter        |      Posterior   |     Likelihood   |          Prior   |    elapsed   |        ETA   |
----------------------------------------------------------------------------------------------------
9380        |        -2346.5   |       -2363.53   |        17.0331   |   98:18:15   |   17:04:57   |
9381        |        -2346.5   |       -2363.53   |        17.0331   |   98:32:00   |   17:06:36   |
9382        |        -2346.5   |       -2363.53   |        17.0331   |   98:35:57   |   17:06:33   |
9383        |        -2346.5   |       -2363.53   |        17.0331   |   98:39:48   |   17:06:29   |
9384        |       -2347.37   |        -2364.2   |        16.8286   |   98:43:27   |   17:06:22   |
9385        |       -2351.44   |       -2369.33   |        17.8951   |   98:47:04   |   17:06:15   |
9386        |       -2349.96   |       -2370.86   |        20.8991   |   98:50:34   |   17:06:07   |
9387        |       -2350.99   |          -2373   |        22.0182   |   98:53:47   |   17:05:56   |
9388        |       -2348.61   |        -2368.9   |        20.2969   |   98:57:26   |   17:05:49   |
9389        |       -2346.99   |       -2366.52   |         19.533   |   99:00:52   |   17:05:41   |
9390        |       -2345.54   |       -2365.26   |        19.7202   |   99:03:59   |   17:05:28   |
9391        |       -2345.41   |       -2364.92   |        19.5142   |   99:17:39   |   17:07:05   |
9392        |       -2345.41   |       -2364.92   |        19.5142   |   99:21:43   |   17:07:03   |
9393        |       -2345.41   |       -2364.92   |        19.5142   |   99:25:45   |   17:07:00   |
9394        |       -2345.41   |       -2364.92   |        19.5142   |   99:29:50   |   17:06:57   |
9395        |       -2346.54   |       -2366.81   |        20.2719   |   99:33:38   |   17:06:52   |
9396        |       -2346.54   |       -2366.81   |        20.2719   |   99:37:43   |   17:06:49   |
9397        |       -2348.47   |       -2363.22   |        14.7501   |   99:41:28   |   17:06:43   |
9398        |       -2344.49   |       -2363.29   |        18.8052   |   99:44:59   |   17:06:34   |
9399        |       -2347.67   |       -2364.62   |        16.9498   |   99:48:48   |   17:06:29   |


Iter        |      Posterior   |     Likelihood   |          Prior   |    elapsed   |        ETA   |
----------------------------------------------------------------------------------------------------
9400        |       -2349.58   |       -2365.49   |        15.9174   |   99:52:43   |   17:06:24   |
9401        |       -2346.93   |       -2365.22   |         18.292   |   100:06:29   |   17:08:01   |
9402        |       -2346.18   |       -2365.56   |        19.3792   |   100:09:58   |   17:07:52   |
9403        |       -2348.26   |       -2365.64   |        17.3773   |   100:13:32   |   17:07:43   |
9404        |        -2346.1   |       -2363.95   |        17.8583   |   100:16:55   |   17:07:33   |
9405        |       -2346.56   |       -2364.26   |        17.7093   |   100:20:25   |   17:07:24   |
9406        |       -2345.71   |       -2364.73   |        19.0218   |   100:24:06   |   17:07:17   |
9407        |       -2343.67   |       -2364.71   |        21.0415   |   100:27:21   |   17:07:05   |
9408        |       -2346.74   |       -2368.67   |        21.9312   |   100:31:06   |   17:06:58   |
9409        |       -2350.47   |        -2373.1   |        22.6264   |   100:34:03   |   17:06:43   |
9410        |       -2347.17   |       -2368.39   |        21.2173   |   100:37:08   |   17:06:30   |
9411        |       -2347.17   |       -2368.39   |        21.2173   |   100:50:47   |   17:08:04   |
9412        |       -2346.55   |       -2368.39   |        21.8394   |   100:54:51   |   17:08:00   |
9413        |       -2347.45   |       -2367.06   |        19.6051   |   100:58:16   |   17:07:50   |
9414        |       -2347.45   |       -2367.06   |        19.6051   |   101:02:07   |   17:07:44   |
9415        |       -2347.85   |        -2368.7   |        20.8587   |   101:05:50   |   17:07:36   |
9416        |       -2348.92   |       -2368.71   |        19.7921   |   101:09:41   |   17:07:30   |
9417        |       -2348.35   |       -2369.48   |        21.1293   |   101:12:55   |   17:07:18   |
9418        |       -2348.96   |       -2370.41   |        21.4452   |   101:16:30   |   17:07:09   |
9419        |       -2347.51   |       -2370.61   |         23.098   |   101:20:02   |   17:07:00   |


Iter        |      Posterior   |     Likelihood   |          Prior   |    elapsed   |        ETA   |
----------------------------------------------------------------------------------------------------
9420        |       -2351.22   |       -2376.11   |        24.8895   |   101:23:26   |   17:06:49   |
9421        |        -2346.5   |       -2370.25   |        23.7411   |   101:36:27   |   17:08:15   |
9422        |       -2344.62   |       -2367.65   |        23.0244   |   101:39:42   |   17:08:03   |
9423        |       -2346.97   |       -2368.26   |          21.29   |   101:43:15   |   17:07:53   |
9424        |       -2344.89   |          -2366   |        21.1112   |   101:46:58   |   17:07:45   |
9425        |       -2344.89   |          -2366   |        21.1112   |   101:50:46   |   17:07:38   |
9426        |       -2344.89   |          -2366   |        21.1112   |   101:54:35   |   17:07:31   |
9427        |       -2344.89   |          -2366   |        21.1112   |   101:58:14   |   17:07:23   |
9428        |       -2346.33   |       -2369.59   |         23.258   |   102:01:48   |   17:07:13   |
9429        |       -2345.44   |       -2368.29   |        22.8506   |   102:05:42   |   17:07:07   |
9430        |        -2345.8   |       -2368.65   |        22.8496   |   102:09:30   |   17:07:00   |
9431        |       -2346.81   |       -2368.37   |        21.5578   |   102:23:18   |   17:08:33   |
9432        |       -2346.78   |       -2369.37   |        22.5914   |   102:26:55   |   17:08:23   |
9433        |       -2350.59   |       -2375.12   |          24.53   |   102:30:35   |   17:08:14   |
9434        |       -2348.18   |       -2370.15   |        21.9683   |   102:33:58   |   17:08:03   |
9435        |       -2348.69   |        -2370.9   |        22.2097   |   102:37:38   |   17:07:54   |
9436        |       -2350.22   |        -2370.6   |        20.3723   |   102:41:12   |   17:07:44   |
9437        |       -2347.29   |       -2367.58   |        20.2847   |   102:44:47   |   17:07:34   |
9438        |       -2348.74   |       -2370.28   |         21.536   |   102:47:57   |   17:07:20   |
9439        |       -2347.65   |       -2370.88   |        23.2265   |   102:50:57   |   17:07:04   |


Iter        |      Posterior   |     Likelihood   |          Prior   |    elapsed   |        ETA   |
----------------------------------------------------------------------------------------------------
9440        |       -2346.37   |       -2371.31   |        24.9317   |   102:54:42   |   17:06:56   |
9441        |       -2347.78   |       -2367.91   |        20.1253   |   103:08:04   |   17:08:23   |
9442        |       -2353.19   |       -2373.29   |        20.1006   |   103:12:01   |   17:08:17   |
9443        |       -2349.55   |       -2369.44   |        19.8911   |   103:15:48   |   17:08:08   |
9444        |       -2352.06   |       -2372.82   |        20.7566   |   103:19:30   |   17:07:59   |
9445        |        -2354.8   |        -2376.1   |        21.2976   |   103:22:54   |   17:07:47   |
9446        |       -2350.95   |       -2373.18   |        22.2348   |   103:26:06   |   17:07:33   |
9447        |       -2352.76   |       -2377.47   |        24.7131   |   103:29:53   |   17:07:25   |
9448        |       -2349.83   |        -2375.1   |        25.2656   |   103:33:49   |   17:07:18   |
9449        |       -2348.22   |       -2374.01   |        25.7807   |   103:37:45   |   17:07:11   |
9450        |       -2348.55   |       -2374.61   |          26.06   |   103:41:30   |   17:07:02   |
9451        |       -2350.24   |       -2375.93   |        25.6841   |   103:55:26   |   17:08:34   |
9452        |       -2348.96   |        -2374.7   |        25.7472   |   103:59:17   |   17:08:26   |
9453        |       -2348.53   |       -2371.77   |         23.238   |   104:03:05   |   17:08:17   |
9454        |       -2349.87   |       -2373.41   |        23.5391   |   104:07:01   |   17:08:10   |
9455        |       -2349.19   |       -2373.82   |        24.6298   |   104:10:43   |   17:08:00   |
9456        |       -2349.02   |       -2373.78   |         24.761   |   104:14:59   |   17:07:56   |
9457        |       -2348.98   |       -2373.17   |        24.1949   |   104:18:29   |   17:07:44   |
9458        |       -2350.48   |        -2374.2   |        23.7252   |   104:22:46   |   17:07:40   |
9459        |       -2348.75   |       -2370.73   |         21.975   |   104:26:50   |   17:07:34   |


Iter        |      Posterior   |     Likelihood   |          Prior   |    elapsed   |        ETA   |
----------------------------------------------------------------------------------------------------
9460        |       -2349.97   |       -2368.86   |        18.8894   |   104:30:44   |   17:07:26   |
9461        |       -2350.21   |       -2371.34   |        21.1255   |   104:44:57   |   17:09:00   |
9462        |       -2350.37   |       -2372.73   |        22.3621   |   104:48:26   |   17:08:47   |
9463        |       -2352.79   |       -2376.35   |        23.5662   |   104:52:18   |   17:08:39   |
9464        |       -2350.42   |       -2376.28   |        25.8544   |   104:56:19   |   17:08:32   |
9465        |       -2353.67   |       -2376.76   |        23.0973   |   104:59:34   |   17:08:17   |
9466        |       -2358.92   |       -2383.13   |        24.2073   |   105:03:17   |   17:08:07   |
9467        |       -2359.68   |       -2384.96   |        25.2754   |   105:06:53   |   17:07:56   |
9468        |       -2358.33   |        -2382.6   |         24.271   |   105:10:36   |   17:07:46   |
9469        |       -2355.25   |       -2381.14   |        25.8898   |   105:14:29   |   17:07:37   |
9470        |       -2354.74   |       -2381.28   |        26.5356   |   105:18:15   |   17:07:27   |
9471        |       -2355.92   |       -2382.84   |        26.9151   |   105:32:03   |   17:08:55   |
9472        |       -2355.92   |       -2382.84   |        26.9151   |   105:36:18   |   17:08:50   |
9473        |       -2356.03   |       -2382.94   |        26.9151   |   105:40:33   |   17:08:45   |
9474        |       -2354.43   |       -2378.79   |        24.3607   |   105:44:28   |   17:08:36   |
9475        |       -2352.97   |       -2378.42   |        25.4551   |   105:48:46   |   17:08:32   |
9476        |       -2353.29   |       -2378.51   |        25.2251   |   105:52:42   |   17:08:23   |
9477        |       -2350.64   |       -2376.24   |        25.6003   |   105:56:56   |   17:08:17   |
9478        |       -2350.57   |       -2374.38   |        23.8171   |   106:00:36   |   17:08:06   |
9479        |       -2349.99   |       -2373.65   |        23.6553   |   106:04:21   |   17:07:56   |


Iter        |      Posterior   |     Likelihood   |          Prior   |    elapsed   |        ETA   |
----------------------------------------------------------------------------------------------------
9480        |       -2349.96   |       -2373.32   |        23.3629   |   106:08:15   |   17:07:47   |
9481        |          -2349   |       -2371.97   |        22.9714   |   106:22:31   |   17:09:18   |
9482        |       -2349.62   |       -2370.35   |        20.7359   |   106:26:11   |   17:09:07   |
9483        |       -2350.34   |       -2372.61   |        22.2652   |   106:30:12   |   17:08:58   |
9484        |       -2350.02   |       -2371.89   |        21.8755   |   106:34:10   |   17:08:50   |
9485        |        -2347.6   |       -2369.99   |         22.382   |   106:37:54   |   17:08:39   |
9486        |       -2349.98   |       -2373.03   |        23.0543   |   106:41:59   |   17:08:31   |
9487        |       -2349.11   |       -2372.15   |        23.0402   |   106:45:37   |   17:08:19   |
9488        |       -2346.24   |       -2367.18   |         20.944   |   106:49:22   |   17:08:08   |
9489        |       -2348.96   |       -2373.21   |        24.2517   |   106:53:17   |   17:07:59   |
9490        |       -2350.23   |       -2374.26   |        24.0313   |   106:56:32   |   17:07:43   |
9491        |       -2348.47   |       -2371.95   |        23.4833   |   107:10:49   |   17:09:13   |
9492        |        -2347.2   |       -2370.12   |        22.9182   |   107:14:00   |   17:08:57   |
9493        |       -2346.26   |       -2369.46   |        23.1993   |   107:17:47   |   17:08:46   |
9494        |       -2345.28   |       -2369.13   |        23.8592   |   107:21:21   |   17:08:33   |
9495        |       -2344.58   |        -2368.4   |        23.8164   |   107:24:41   |   17:08:17   |
9496        |       -2346.73   |       -2369.33   |        22.5978   |   107:28:20   |   17:08:05   |
9497        |       -2346.97   |       -2370.19   |          23.22   |   107:31:38   |   17:07:49   |
9498        |       -2347.99   |       -2369.12   |        21.1322   |   107:35:30   |   17:07:39   |
9499        |       -2345.84   |       -2365.86   |        20.0242   |   107:39:08   |   17:07:27   |


Iter        |      Posterior   |     Likelihood   |          Prior   |    elapsed   |        ETA   |
----------------------------------------------------------------------------------------------------
9500        |       -2345.75   |       -2367.25   |        21.4963   |   107:42:32   |   17:07:12   |
9501        |       -2344.63   |       -2364.78   |        20.1575   |   107:56:35   |   17:08:38   |
9502        |        -2345.6   |       -2363.84   |         18.243   |   108:00:15   |   17:08:26   |
9503        |       -2346.54   |       -2363.97   |        17.4374   |   108:04:09   |   17:08:15   |
9504        |        -2344.8   |       -2365.27   |        20.4668   |   108:07:46   |   17:08:02   |
9505        |       -2345.39   |       -2367.18   |        21.7876   |   108:11:23   |   17:07:49   |
9506        |       -2346.25   |       -2368.01   |        21.7612   |   108:14:43   |   17:07:34   |
9507        |       -2348.94   |       -2369.12   |        20.1796   |   108:18:39   |   17:07:23   |
9508        |       -2345.24   |       -2366.01   |        20.7691   |   108:21:56   |   17:07:07   |
9509        |       -2347.62   |       -2367.56   |        19.9322   |   108:25:45   |   17:06:56   |
9510        |       -2343.61   |       -2364.15   |         20.533   |   108:29:18   |   17:06:42   |
9511        |       -2344.09   |       -2364.06   |        19.9677   |   108:43:17   |   17:08:06   |
9512        |       -2345.14   |       -2366.65   |        21.5048   |   108:46:51   |   17:07:52   |
9513        |       -2345.78   |       -2365.98   |        20.2047   |   108:50:55   |   17:07:43   |
9514        |       -2344.42   |       -2362.94   |        18.5252   |   108:54:47   |   17:07:32   |
9515        |       -2344.44   |       -2365.13   |        20.6858   |   108:58:52   |   17:07:23   |
9516        |       -2345.72   |       -2365.81   |        20.0897   |   109:02:29   |   17:07:09   |
9517        |       -2343.29   |       -2364.26   |        20.9701   |   109:06:16   |   17:06:57   |
9518        |       -2343.02   |       -2362.34   |        19.3276   |   109:10:08   |   17:06:46   |
9519        |        -2344.2   |       -2363.36   |        19.1573   |   109:14:08   |   17:06:36   |


Iter        |      Posterior   |     Likelihood   |          Prior   |    elapsed   |        ETA   |
----------------------------------------------------------------------------------------------------
9520        |       -2347.24   |       -2363.37   |        16.1365   |   109:18:01   |   17:06:24   |
9521        |       -2346.82   |       -2365.48   |        18.6547   |   109:32:32   |   17:07:53   |
9522        |       -2344.74   |       -2363.31   |        18.5742   |   109:36:11   |   17:07:39   |
9523        |       -2342.72   |       -2364.27   |        21.5531   |   109:39:41   |   17:07:24   |
9524        |        -2343.5   |       -2365.86   |        22.3583   |   109:43:23   |   17:07:11   |
9525        |       -2346.59   |       -2367.74   |        21.1475   |   109:47:02   |   17:06:57   |
9526        |       -2346.72   |       -2369.22   |        22.5046   |   109:50:40   |   17:06:43   |
9527        |       -2350.17   |       -2372.54   |        22.3681   |   109:54:37   |   17:06:32   |
9528        |       -2344.25   |        -2367.4   |        23.1559   |   109:57:56   |   17:06:15   |
9529        |       -2343.81   |       -2366.11   |        22.3005   |   110:01:19   |   17:05:58   |
9530        |       -2344.04   |       -2364.74   |        20.7056   |   110:04:53   |   17:05:43   |
9531        |       -2344.04   |       -2364.74   |        20.7056   |   110:19:38   |   17:07:13   |
9532        |       -2344.04   |       -2364.74   |        20.7056   |   110:23:14   |   17:06:58   |
9533        |       -2344.46   |       -2366.19   |        21.7296   |   110:27:02   |   17:06:45   |
9534        |       -2341.14   |       -2362.42   |        21.2881   |   110:30:53   |   17:06:33   |
9535        |       -2343.67   |       -2364.04   |        20.3699   |   110:34:39   |   17:06:20   |
9536        |       -2347.44   |       -2365.62   |        18.1859   |   110:38:47   |   17:06:10   |
9537        |       -2344.58   |       -2361.26   |        16.6872   |   110:42:53   |   17:06:00   |
9538        |       -2346.56   |        -2361.5   |        14.9428   |   110:46:34   |   17:05:45   |
9539        |       -2347.21   |       -2363.96   |        16.7462   |   110:50:34   |   17:05:34   |


Iter        |      Posterior   |     Likelihood   |          Prior   |    elapsed   |        ETA   |
----------------------------------------------------------------------------------------------------
9540        |       -2345.27   |       -2364.38   |        19.1088   |   110:54:36   |   17:05:23   |
9541        |       -2343.07   |       -2360.58   |         17.513   |   111:08:17   |   17:06:41   |
9542        |       -2342.14   |       -2362.51   |        20.3729   |   111:12:12   |   17:06:29   |
9543        |       -2347.93   |       -2363.36   |         15.435   |   111:16:16   |   17:06:18   |
9544        |       -2348.32   |       -2362.28   |        13.9546   |   111:20:04   |   17:06:05   |
9545        |       -2346.23   |       -2361.72   |         15.492   |   111:24:04   |   17:05:53   |
9546        |       -2342.56   |       -2360.95   |        18.3905   |   111:28:12   |   17:05:43   |
9547        |       -2342.96   |       -2364.38   |        21.4204   |   111:32:18   |   17:05:32   |
9548        |       -2345.59   |       -2363.84   |        18.2587   |   111:36:20   |   17:05:20   |
9549        |       -2345.06   |       -2362.94   |        17.8811   |   111:40:39   |   17:05:12   |
9550        |       -2345.93   |       -2363.88   |        17.9551   |   111:44:35   |   17:04:59   |
9551        |       -2345.16   |       -2366.09   |        20.9341   |   111:59:20   |   17:06:26   |
9552        |       -2349.83   |       -2366.59   |        16.7616   |   112:03:09   |   17:06:12   |
9553        |        -2348.9   |       -2365.47   |        16.5764   |   112:07:13   |   17:06:01   |
9554        |       -2349.06   |       -2366.85   |        17.7847   |   112:11:21   |   17:05:50   |
9555        |       -2349.31   |       -2368.27   |        18.9553   |   112:15:07   |   17:05:35   |
9556        |       -2349.58   |       -2368.58   |        18.9996   |   112:19:31   |   17:05:27   |
9557        |       -2351.85   |       -2368.55   |        16.7021   |   112:22:52   |   17:05:09   |
9558        |       -2351.31   |       -2366.63   |        15.3218   |   112:26:38   |   17:04:54   |
9559        |       -2350.69   |       -2364.42   |        13.7261   |   112:30:10   |   17:04:38   |


Iter        |      Posterior   |     Likelihood   |          Prior   |    elapsed   |        ETA   |
----------------------------------------------------------------------------------------------------
9560        |       -2348.68   |        -2361.5   |        12.8222   |   112:34:12   |   17:04:26   |
9561        |       -2348.98   |        -2361.8   |         12.825   |   112:49:47   |   17:05:58   |
9562        |       -2348.98   |        -2361.8   |         12.825   |   112:54:12   |   17:05:50   |
9563        |       -2350.78   |       -2364.16   |        13.3743   |   112:58:23   |   17:05:39   |
9564        |       -2348.48   |       -2360.81   |        12.3222   |   113:02:18   |   17:05:25   |
9565        |       -2348.04   |       -2361.86   |         13.821   |   113:06:06   |   17:05:11   |
9566        |          -2346   |       -2362.46   |        16.4583   |   113:10:19   |   17:05:00   |
9567        |       -2347.22   |       -2364.23   |        17.0111   |   113:14:40   |   17:04:50   |
9568        |       -2345.85   |       -2363.88   |        18.0361   |   113:18:33   |   17:04:36   |
9569        |       -2343.99   |       -2363.72   |        19.7347   |   113:22:21   |   17:04:22   |
9570        |       -2346.79   |       -2368.34   |        21.5468   |   113:26:09   |   17:04:07   |
9571        |       -2343.31   |       -2364.66   |        21.3501   |   113:40:20   |   17:05:26   |
9572        |       -2348.51   |       -2370.07   |        21.5653   |   113:44:16   |   17:05:12   |
9573        |       -2347.34   |       -2368.76   |        21.4227   |   113:48:43   |   17:05:03   |
9574        |       -2346.79   |       -2370.25   |        23.4592   |   113:52:42   |   17:04:50   |
9575        |        -2346.3   |       -2369.75   |        23.4488   |   113:56:20   |   17:04:33   |
9576        |       -2346.73   |       -2370.27   |         23.537   |   113:59:50   |   17:04:15   |
9577        |       -2350.03   |       -2373.27   |        23.2389   |   114:03:53   |   17:04:02   |
9578        |       -2351.37   |       -2373.99   |        22.6225   |   114:07:57   |   17:03:49   |
9579        |       -2351.48   |       -2373.43   |        21.9541   |   114:11:39   |   17:03:33   |


Iter        |      Posterior   |     Likelihood   |          Prior   |    elapsed   |        ETA   |
----------------------------------------------------------------------------------------------------
9580        |       -2351.51   |       -2374.23   |        22.7196   |   114:14:51   |   17:03:13   |
9581        |       -2348.24   |       -2370.19   |        21.9443   |   114:28:01   |   17:04:21   |
9582        |       -2347.36   |       -2367.47   |        20.1142   |   114:31:08   |   17:04:00   |
9583        |       -2348.02   |       -2367.81   |        19.7859   |   114:34:16   |   17:03:38   |
9584        |       -2344.71   |        -2365.2   |         20.496   |   114:37:50   |   17:03:21   |
9585        |       -2346.87   |       -2364.91   |        18.0358   |   114:41:13   |   17:03:01   |
9586        |        -2344.4   |       -2363.33   |        18.9266   |   114:44:39   |   17:02:42   |
9587        |       -2345.72   |       -2366.87   |        21.1504   |   114:48:00   |   17:02:23   |
9588        |       -2345.26   |       -2364.47   |        19.2153   |   114:51:33   |   17:02:05   |
9589        |       -2345.72   |       -2364.71   |        18.9894   |   114:54:58   |   17:01:46   |
9590        |       -2347.02   |        -2365.2   |        18.1794   |   114:58:19   |   17:01:26   |
9591        |       -2347.94   |       -2362.85   |        14.9097   |   115:11:29   |   17:02:33   |
9592        |       -2346.59   |       -2362.21   |        15.6185   |   115:14:51   |   17:02:13   |
9593        |       -2346.79   |       -2362.48   |        15.6976   |   115:18:25   |   17:01:55   |
9594        |       -2350.15   |       -2366.68   |        16.5271   |   115:21:56   |   17:01:37   |
9595        |       -2350.17   |       -2367.17   |        17.0066   |   115:25:07   |   17:01:15   |
9596        |       -2348.23   |       -2363.25   |        15.0155   |   115:28:42   |   17:00:57   |
9597        |       -2348.59   |       -2363.11   |        14.5199   |   115:32:12   |   17:00:39   |
9598        |       -2347.07   |       -2363.82   |        16.7532   |   115:35:43   |   17:00:20   |
9599        |       -2348.48   |       -2360.99   |        12.5079   |   115:39:02   |   16:59:59   |


Iter        |      Posterior   |     Likelihood   |          Prior   |    elapsed   |        ETA   |
----------------------------------------------------------------------------------------------------
9600        |       -2348.22   |       -2362.18   |         13.959   |   115:42:56   |   16:59:44   |
9601        |       -2348.22   |       -2362.18   |         13.959   |   115:56:56   |   17:00:58   |
9602        |       -2349.69   |       -2367.09   |        17.3996   |   116:00:30   |   17:00:39   |
9603        |       -2348.01   |       -2367.61   |        19.6018   |   116:03:39   |   17:00:17   |
9604        |       -2345.07   |       -2364.23   |        19.1596   |   116:07:09   |   16:59:58   |
9605        |       -2342.52   |       -2362.38   |        19.8596   |   116:10:35   |   16:59:38   |
9606        |       -2343.57   |        -2363.6   |        20.0308   |   116:13:50   |   16:59:17   |
9607        |       -2343.84   |       -2363.87   |        20.0278   |   116:17:08   |   16:58:56   |
9608        |        -2344.3   |       -2364.13   |        19.8285   |   116:20:32   |   16:58:35   |
9609        |       -2344.22   |       -2361.96   |        17.7441   |   116:24:05   |   16:58:17   |
9610        |       -2344.63   |        -2362.7   |          18.07   |   116:27:33   |   16:57:57   |
9611        |       -2341.92   |       -2361.33   |        19.4063   |   116:41:15   |   16:59:07   |
9612        |       -2342.79   |       -2363.11   |         20.322   |   116:44:33   |   16:58:45   |
9613        |       -2341.89   |       -2364.57   |        22.6824   |   116:47:50   |   16:58:24   |
9614        |       -2344.91   |       -2365.26   |        20.3507   |   116:51:32   |   16:58:06   |
9615        |       -2342.31   |       -2364.94   |         22.628   |   116:55:04   |   16:57:47   |
9616        |       -2344.06   |       -2363.65   |         19.592   |   116:58:27   |   16:57:26   |
9617        |       -2342.73   |       -2362.87   |        20.1404   |   117:01:50   |   16:57:05   |
9618        |       -2343.93   |       -2363.66   |        19.7333   |   117:05:29   |   16:56:47   |
9619        |       -2344.28   |       -2366.52   |        22.2341   |   117:08:38   |   16:56:24   |


Iter        |      Posterior   |     Likelihood   |          Prior   |    elapsed   |        ETA   |
----------------------------------------------------------------------------------------------------
9620        |        -2344.1   |        -2365.6   |         21.504   |   117:11:52   |   16:56:02   |
9621        |       -2344.77   |       -2365.96   |        21.1814   |   117:24:10   |   16:56:58   |
9622        |       -2344.51   |       -2365.38   |        20.8703   |   117:27:37   |   16:56:38   |
9623        |       -2344.32   |       -2362.82   |        18.4998   |   117:30:46   |   16:56:15   |
9624        |       -2345.32   |       -2367.13   |        21.8122   |   117:33:55   |   16:55:52   |
9625        |        -2342.7   |       -2366.95   |        24.2406   |   117:37:02   |   16:55:28   |
9626        |       -2342.22   |       -2366.46   |        24.2419   |   117:40:07   |   16:55:05   |
9627        |       -2344.11   |       -2368.73   |        24.6128   |   117:43:16   |   16:54:41   |
9628        |       -2345.15   |       -2366.08   |        20.9218   |   117:46:14   |   16:54:17   |
9629        |       -2342.76   |       -2363.97   |        21.2089   |   117:49:17   |   16:53:52   |
9630        |       -2342.97   |       -2364.73   |        21.7646   |   117:52:21   |   16:53:28   |
9631        |        -2343.6   |       -2364.56   |         20.961   |   118:04:56   |   16:54:26   |
9632        |       -2342.78   |        -2363.1   |        20.3208   |   118:08:05   |   16:54:03   |
9633        |       -2344.63   |       -2363.67   |        19.0335   |   118:11:24   |   16:53:41   |
9634        |       -2341.88   |        -2361.2   |        19.3203   |   118:14:37   |   16:53:18   |
9635        |       -2342.87   |       -2361.08   |        18.2088   |   118:17:40   |   16:52:54   |
9636        |       -2345.67   |       -2363.13   |         17.459   |   118:21:04   |   16:52:32   |
9637        |       -2346.38   |       -2363.61   |        17.2319   |   118:24:34   |   16:52:11   |
9638        |       -2346.45   |       -2362.05   |        15.6069   |   118:27:54   |   16:51:49   |
9639        |       -2344.72   |          -2363   |        18.2762   |   118:31:26   |   16:51:29   |


Iter        |      Posterior   |     Likelihood   |          Prior   |    elapsed   |        ETA   |
----------------------------------------------------------------------------------------------------
9640        |       -2346.04   |       -2364.33   |        18.2942   |   118:34:39   |   16:51:06   |
9641        |       -2344.08   |        -2365.3   |        21.2159   |   118:47:29   |   16:52:05   |
9642        |        -2343.9   |       -2365.11   |        21.2162   |   118:50:49   |   16:51:42   |
9643        |       -2344.38   |        -2365.6   |        21.2162   |   118:54:16   |   16:51:21   |
9644        |       -2343.12   |       -2365.72   |        22.5968   |   118:57:26   |   16:50:57   |
9645        |       -2345.76   |       -2366.17   |        20.4152   |   119:00:31   |   16:50:33   |
9646        |       -2347.35   |       -2368.41   |        21.0606   |   119:03:42   |   16:50:09   |
9647        |       -2352.14   |       -2367.92   |        15.7869   |   119:06:40   |   16:49:44   |
9648        |       -2351.17   |       -2367.45   |        16.2831   |   119:10:01   |   16:49:21   |
9649        |       -2351.05   |       -2367.11   |        16.0661   |   119:13:22   |   16:48:59   |
9650        |       -2351.43   |       -2370.82   |        19.3936   |   119:16:45   |   16:48:37   |
9651        |       -2349.39   |       -2368.32   |        18.9373   |   119:29:57   |   16:49:37   |
9652        |       -2347.72   |       -2367.41   |        19.6971   |   119:33:21   |   16:49:15   |
9653        |       -2349.15   |       -2370.57   |        21.4218   |   119:36:38   |   16:48:52   |
9654        |       -2348.68   |       -2369.91   |        21.2304   |   119:39:57   |   16:48:29   |
9655        |       -2345.42   |        -2367.6   |        22.1765   |   119:43:05   |   16:48:05   |
9656        |       -2345.61   |       -2367.45   |        21.8401   |   119:46:27   |   16:47:42   |
9657        |       -2351.88   |       -2370.78   |        18.8948   |   119:49:48   |   16:47:19   |
9658        |       -2351.28   |       -2370.78   |        19.5007   |   119:53:12   |   16:46:57   |
9659        |       -2349.16   |       -2369.21   |        20.0541   |   119:56:24   |   16:46:33   |


Iter        |      Posterior   |     Likelihood   |          Prior   |    elapsed   |        ETA   |
----------------------------------------------------------------------------------------------------
9660        |       -2351.18   |       -2371.02   |        19.8329   |   119:59:56   |   16:46:12   |
9661        |       -2354.92   |       -2376.59   |        21.6713   |   120:13:22   |   16:47:13   |
9662        |       -2351.15   |       -2372.72   |        21.5673   |   120:16:14   |   16:46:46   |
9663        |       -2349.15   |       -2373.02   |        23.8662   |   120:19:23   |   16:46:21   |
9664        |       -2347.55   |        -2369.1   |        21.5515   |   120:22:23   |   16:45:55   |
9665        |       -2347.55   |        -2369.1   |        21.5515   |   120:25:49   |   16:45:33   |
9666        |       -2351.07   |       -2368.43   |        17.3518   |   120:29:13   |   16:45:10   |
9667        |       -2350.04   |       -2368.97   |        18.9326   |   120:32:16   |   16:44:45   |
9668        |       -2349.59   |       -2369.51   |        19.9216   |   120:35:31   |   16:44:21   |
9669        |       -2351.61   |       -2372.62   |        21.0114   |   120:38:19   |   16:43:53   |
9670        |       -2354.35   |       -2376.75   |        22.4083   |   120:41:35   |   16:43:29   |
9671        |       -2348.39   |       -2369.99   |        21.5974   |   120:53:52   |   16:44:20   |
9672        |       -2348.42   |       -2371.36   |        22.9371   |   120:56:55   |   16:43:54   |
9673        |       -2351.61   |       -2374.92   |        23.3169   |   121:00:07   |   16:43:29   |
9674        |       -2348.44   |       -2372.25   |        23.8149   |   121:03:24   |   16:43:05   |
9675        |       -2347.33   |       -2371.65   |        24.3214   |   121:06:29   |   16:42:39   |
9676        |       -2348.17   |       -2372.69   |          24.52   |   121:09:40   |   16:42:14   |
9677        |       -2347.47   |       -2369.09   |        21.6227   |   121:12:52   |   16:41:49   |
9678        |       -2349.25   |       -2370.11   |        20.8634   |   121:16:25   |   16:41:27   |
9679        |       -2348.47   |       -2368.86   |        20.3897   |   121:19:46   |   16:41:04   |


Iter        |      Posterior   |     Likelihood   |          Prior   |    elapsed   |        ETA   |
----------------------------------------------------------------------------------------------------
9680        |       -2349.19   |       -2371.28   |          22.09   |   121:22:53   |   16:40:38   |
9681        |       -2347.74   |        -2369.2   |         21.454   |   121:35:42   |   16:41:32   |
9682        |       -2347.92   |       -2369.72   |        21.8043   |   121:39:04   |   16:41:09   |
9683        |       -2345.41   |       -2366.47   |        21.0598   |   121:42:33   |   16:40:46   |
9684        |       -2342.79   |       -2364.02   |        21.2303   |   121:45:48   |   16:40:21   |
9685        |       -2341.81   |       -2362.66   |        20.8507   |   121:48:56   |   16:39:55   |
9686        |       -2341.65   |       -2362.64   |        20.9831   |   121:52:24   |   16:39:32   |
9687        |       -2342.28   |       -2365.02   |        22.7333   |   121:55:32   |   16:39:07   |
9688        |       -2344.08   |       -2366.96   |        22.8808   |   121:59:00   |   16:38:43   |
9689        |       -2344.14   |       -2366.09   |        21.9538   |   122:02:12   |   16:38:18   |
9690        |        -2345.5   |       -2367.42   |         21.915   |   122:05:51   |   16:37:56   |
9691        |       -2346.31   |       -2364.93   |        18.6228   |   122:18:59   |   16:38:52   |
9692        |       -2344.89   |       -2364.15   |        19.2575   |   122:22:30   |   16:38:29   |
9693        |       -2342.74   |       -2362.57   |        19.8288   |   122:26:03   |   16:38:07   |
9694        |       -2341.54   |       -2364.14   |        22.6033   |   122:29:47   |   16:37:45   |
9695        |       -2343.27   |       -2363.77   |        20.5018   |   122:32:58   |   16:37:20   |
9696        |       -2345.64   |       -2367.68   |        22.0384   |   122:35:45   |   16:36:50   |
9697        |       -2346.16   |        -2368.4   |        22.2399   |   122:38:47   |   16:36:23   |
9698        |       -2345.52   |        -2367.6   |        22.0741   |   122:41:53   |   16:35:57   |
9699        |       -2348.91   |       -2370.84   |        21.9351   |   122:45:30   |   16:35:35   |


Iter        |      Posterior   |     Likelihood   |          Prior   |    elapsed   |        ETA   |
----------------------------------------------------------------------------------------------------
9700        |       -2349.06   |       -2370.44   |        21.3759   |   122:48:33   |   16:35:08   |
9701        |       -2352.22   |       -2371.43   |         19.214   |   123:01:39   |   16:36:02   |
9702        |       -2350.76   |       -2369.64   |        18.8816   |   123:04:59   |   16:35:37   |
9703        |          -2349   |       -2370.24   |        21.2397   |   123:08:09   |   16:35:11   |
9704        |       -2348.74   |       -2370.52   |        21.7777   |   123:11:27   |   16:34:46   |
9705        |       -2356.85   |        -2381.3   |        24.4551   |   123:14:46   |   16:34:21   |
9706        |       -2350.54   |       -2371.32   |        20.7855   |   123:17:45   |   16:33:53   |
9707        |       -2351.47   |       -2374.73   |        23.2596   |   123:20:51   |   16:33:26   |
9708        |       -2351.69   |       -2374.48   |        22.7825   |   123:24:08   |   16:33:00   |
9709        |       -2352.26   |       -2374.25   |        21.9893   |   123:27:20   |   16:32:34   |
9710        |        -2355.3   |       -2376.94   |        21.6381   |   123:30:37   |   16:32:09   |
9711        |       -2358.36   |       -2381.36   |         22.993   |   123:43:36   |   16:33:01   |
9712        |       -2358.19   |       -2378.57   |        20.3762   |   123:47:08   |   16:32:37   |
9713        |       -2352.51   |       -2377.22   |        24.7089   |   123:50:14   |   16:32:10   |
9714        |       -2352.74   |       -2377.44   |        24.6989   |   123:53:36   |   16:31:45   |
9715        |       -2354.26   |        -2379.1   |        24.8474   |   123:56:49   |   16:31:19   |
9716        |       -2354.69   |       -2379.11   |        24.4232   |   123:59:40   |   16:30:49   |
9717        |          -2358   |       -2377.01   |        19.0087   |   124:02:58   |   16:30:24   |
9718        |        -2353.3   |       -2372.34   |        19.0428   |   124:06:10   |   16:29:57   |
9719        |       -2350.55   |       -2373.32   |        22.7721   |   124:09:27   |   16:29:31   |


Iter        |      Posterior   |     Likelihood   |          Prior   |    elapsed   |        ETA   |
----------------------------------------------------------------------------------------------------
9720        |       -2349.27   |       -2371.83   |        22.5622   |   124:12:28   |   16:29:03   |
9721        |       -2352.41   |       -2375.93   |        23.5181   |   124:25:13   |   16:29:53   |
9722        |       -2350.41   |       -2373.84   |        23.4354   |   124:28:14   |   16:29:24   |
9723        |       -2349.51   |       -2373.01   |        23.4914   |   124:31:16   |   16:28:56   |
9724        |       -2348.29   |        -2373.1   |        24.8098   |   124:34:18   |   16:28:28   |
9725        |       -2352.12   |       -2376.93   |        24.8098   |   124:37:06   |   16:27:58   |
9726        |       -2350.64   |       -2376.22   |        25.5828   |   124:40:02   |   16:27:29   |
9727        |       -2350.41   |       -2376.22   |        25.8177   |   124:42:58   |   16:27:00   |
9728        |       -2353.53   |       -2378.18   |        24.6497   |   124:45:57   |   16:26:31   |
9729        |       -2354.34   |       -2378.82   |        24.4721   |   124:49:06   |   16:26:04   |
9730        |       -2347.44   |       -2370.24   |        22.7977   |   124:52:01   |   16:25:35   |
9731        |       -2349.39   |       -2372.08   |         22.697   |   125:04:36   |   16:26:22   |
9732        |       -2350.38   |       -2372.97   |        22.5924   |   125:07:44   |   16:25:54   |
9733        |       -2352.37   |       -2375.55   |         23.178   |   125:10:56   |   16:25:27   |
9734        |       -2352.37   |       -2375.55   |         23.178   |   125:14:15   |   16:25:01   |
9735        |       -2353.55   |       -2376.61   |        23.0613   |   125:17:24   |   16:24:33   |
9736        |       -2351.68   |       -2374.17   |        22.4957   |   125:20:35   |   16:24:06   |
9737        |       -2350.26   |       -2372.81   |        22.5453   |   125:23:35   |   16:23:37   |
9738        |       -2351.71   |       -2375.32   |        23.6037   |   125:26:48   |   16:23:10   |
9739        |       -2353.08   |       -2376.47   |        23.3884   |   125:30:24   |   16:22:45   |


Iter        |      Posterior   |     Likelihood   |          Prior   |    elapsed   |        ETA   |
----------------------------------------------------------------------------------------------------
9740        |       -2351.77   |       -2374.27   |        22.5031   |   125:33:15   |   16:22:15   |
9741        |       -2351.77   |       -2374.27   |        22.5031   |   125:46:22   |   16:23:05   |
9742        |       -2348.78   |        -2370.2   |        21.4187   |   125:49:27   |   16:22:37   |
9743        |       -2349.32   |       -2369.68   |        20.3625   |   125:52:22   |   16:22:07   |
9744        |       -2348.12   |       -2366.94   |        18.8222   |   125:55:33   |   16:21:39   |
9745        |       -2346.91   |       -2365.72   |        18.8107   |   125:58:39   |   16:21:11   |
9746        |       -2347.05   |        -2365.4   |        18.3517   |   126:02:01   |   16:20:44   |
9747        |       -2347.74   |       -2366.52   |        18.7808   |   126:05:21   |   16:20:18   |
9748        |       -2349.47   |       -2367.33   |        17.8635   |   126:08:32   |   16:19:50   |
9749        |       -2350.99   |       -2369.06   |        18.0707   |   126:11:56   |   16:19:24   |
9750        |       -2350.03   |       -2369.59   |        19.5611   |   126:15:06   |   16:18:56   |
9751        |       -2350.73   |       -2370.65   |        19.9155   |   126:27:56   |   16:19:42   |
9752        |       -2349.74   |       -2369.99   |        20.2476   |   126:31:13   |   16:19:15   |
9753        |        -2349.8   |       -2370.46   |        20.6679   |   126:34:34   |   16:18:48   |
9754        |       -2351.66   |       -2372.21   |         20.555   |   126:37:32   |   16:18:19   |
9755        |       -2350.82   |       -2374.44   |        23.6201   |   126:40:32   |   16:17:49   |
9756        |       -2351.51   |       -2372.99   |        21.4777   |   126:43:29   |   16:17:19   |
9757        |       -2349.25   |       -2370.84   |        21.5928   |   126:46:48   |   16:16:52   |
9758        |       -2351.85   |       -2372.32   |         20.474   |   126:50:05   |   16:16:24   |
9759        |       -2348.73   |       -2370.17   |        21.4381   |   126:52:53   |   16:15:53   |


Iter        |      Posterior   |     Likelihood   |          Prior   |    elapsed   |        ETA   |
----------------------------------------------------------------------------------------------------
9760        |       -2352.32   |       -2371.08   |        18.7598   |   126:55:55   |   16:15:23   |
9761        |       -2354.05   |       -2373.15   |        19.1077   |   127:08:50   |   16:16:10   |
9762        |       -2355.79   |       -2376.04   |        20.2503   |   127:12:02   |   16:15:41   |
9763        |       -2358.42   |       -2374.98   |         16.564   |   127:15:17   |   16:15:13   |
9764        |       -2359.54   |       -2375.65   |        16.1136   |   127:18:30   |   16:14:45   |
9765        |       -2356.08   |       -2373.92   |        17.8439   |   127:21:43   |   16:14:17   |
9766        |       -2352.71   |       -2371.63   |        18.9214   |   127:24:59   |   16:13:49   |
9767        |       -2350.06   |       -2369.04   |        18.9777   |   127:28:14   |   16:13:21   |
9768        |       -2354.44   |       -2373.39   |        18.9454   |   127:31:15   |   16:12:51   |
9769        |       -2348.83   |       -2368.21   |        19.3802   |   127:34:22   |   16:12:22   |
9770        |       -2346.51   |       -2366.34   |        19.8332   |   127:37:19   |   16:11:51   |
9771        |       -2349.39   |       -2368.76   |        19.3676   |   127:50:47   |   16:12:41   |
9772        |       -2347.73   |       -2365.34   |        17.6106   |   127:53:58   |   16:12:12   |
9773        |       -2350.17   |       -2366.97   |        16.7977   |   127:57:09   |   16:11:43   |
9774        |       -2347.96   |       -2366.29   |        18.3238   |   128:00:30   |   16:11:15   |
9775        |       -2346.91   |        -2368.9   |        21.9965   |   128:03:53   |   16:10:48   |
9776        |       -2345.37   |        -2369.1   |        23.7316   |   128:07:05   |   16:10:19   |
9777        |       -2346.74   |       -2370.42   |        23.6794   |   128:10:13   |   16:09:49   |
9778        |       -2346.78   |       -2369.89   |        23.1122   |   128:13:29   |   16:09:21   |
9779        |       -2346.78   |       -2369.89   |        23.1122   |   128:17:02   |   16:08:55   |


Iter        |      Posterior   |     Likelihood   |          Prior   |    elapsed   |        ETA   |
----------------------------------------------------------------------------------------------------
9780        |       -2346.78   |       -2369.89   |        23.1122   |   128:20:30   |   16:08:28   |
9781        |       -2348.37   |       -2371.09   |        22.7201   |   128:33:38   |   16:09:13   |
9782        |       -2344.21   |       -2366.31   |        22.1081   |   128:36:38   |   16:08:43   |
9783        |       -2344.87   |       -2367.24   |        22.3684   |   128:39:53   |   16:08:14   |
9784        |       -2348.02   |       -2366.32   |        18.2983   |   128:43:12   |   16:07:46   |
9785        |        -2345.9   |       -2366.85   |        20.9492   |   128:46:33   |   16:07:17   |
9786        |       -2347.74   |       -2369.07   |        21.3294   |   128:49:40   |   16:06:48   |
9787        |       -2346.72   |       -2369.35   |        22.6333   |   128:52:45   |   16:06:17   |
9788        |       -2343.94   |       -2369.14   |        25.2024   |   128:55:56   |   16:05:48   |
9789        |       -2344.77   |       -2368.57   |        23.7991   |   128:59:01   |   16:05:18   |
9790        |       -2346.99   |       -2371.36   |        24.3767   |   129:02:17   |   16:04:49   |
9791        |       -2350.24   |       -2376.46   |        26.2262   |   129:14:48   |   16:05:29   |
9792        |          -2348   |       -2374.38   |        26.3878   |   129:17:54   |   16:04:59   |
9793        |       -2350.97   |       -2375.48   |         24.508   |   129:21:06   |   16:04:29   |
9794        |       -2350.11   |       -2374.83   |        24.7241   |   129:24:00   |   16:03:57   |
9795        |       -2345.13   |       -2370.12   |        24.9965   |   129:26:35   |   16:03:23   |
9796        |       -2346.58   |       -2372.05   |        25.4641   |   129:29:48   |   16:02:53   |
9797        |       -2346.09   |       -2371.43   |        25.3458   |   129:33:11   |   16:02:25   |
9798        |       -2347.28   |       -2369.97   |        22.6926   |   129:36:30   |   16:01:56   |
9799        |       -2348.09   |       -2370.02   |        21.9296   |   129:39:33   |   16:01:25   |


Iter        |      Posterior   |     Likelihood   |          Prior   |    elapsed   |        ETA   |
----------------------------------------------------------------------------------------------------
9800        |       -2346.14   |       -2370.17   |        24.0311   |   129:42:41   |   16:00:55   |
9801        |       -2348.71   |       -2372.28   |        23.5722   |   129:54:51   |   16:01:31   |
9802        |        -2349.8   |       -2371.67   |        21.8657   |   129:57:55   |   16:01:00   |
9803        |       -2348.27   |       -2371.53   |        23.2615   |   130:01:05   |   16:00:30   |
9804        |       -2348.37   |       -2369.56   |        21.1895   |   130:04:38   |   16:00:03   |
9805        |       -2347.25   |       -2368.43   |        21.1833   |   130:07:49   |   15:59:33   |
9806        |       -2346.27   |       -2368.67   |        22.3958   |   130:10:52   |   15:59:02   |
9807        |       -2348.24   |       -2372.38   |        24.1471   |   130:14:12   |   15:58:32   |
9808        |       -2346.86   |       -2367.65   |        20.7931   |   130:17:26   |   15:58:03   |
9809        |       -2347.37   |       -2365.74   |        18.3697   |   130:20:45   |   15:57:33   |
9810        |        -2346.6   |       -2365.74   |        19.1433   |   130:23:58   |   15:57:03   |
9811        |       -2345.25   |       -2365.69   |        20.4405   |   130:36:47   |   15:57:43   |
9812        |        -2348.9   |       -2367.25   |        18.3492   |   130:40:00   |   15:57:13   |
9813        |        -2345.7   |       -2365.51   |        19.8128   |   130:43:27   |   15:56:45   |
9814        |       -2345.54   |       -2364.16   |        18.6227   |   130:46:34   |   15:56:14   |
9815        |       -2345.75   |       -2363.46   |        17.7084   |   130:49:36   |   15:55:42   |
9816        |       -2346.17   |       -2364.21   |        18.0405   |   130:52:41   |   15:55:11   |
9817        |        -2345.3   |       -2363.54   |        18.2406   |   130:56:03   |   15:54:41   |
9818        |       -2346.25   |       -2364.78   |        18.5326   |   130:58:46   |   15:54:07   |
9819        |        -2346.3   |       -2365.21   |        18.9118   |   131:01:54   |   15:53:36   |


Iter        |      Posterior   |     Likelihood   |          Prior   |    elapsed   |        ETA   |
----------------------------------------------------------------------------------------------------
9820        |       -2351.26   |       -2370.84   |        19.5842   |   131:05:03   |   15:53:05   |
9821        |       -2347.02   |        -2364.9   |        17.8785   |   131:17:31   |   15:53:42   |
9822        |       -2346.42   |       -2364.28   |        17.8534   |   131:20:41   |   15:53:11   |
9823        |       -2344.91   |       -2362.47   |        17.5586   |   131:23:51   |   15:52:40   |
9824        |       -2345.79   |       -2363.03   |         17.239   |   131:27:04   |   15:52:09   |
9825        |       -2342.98   |       -2363.68   |        20.6979   |   131:30:18   |   15:51:39   |
9826        |       -2343.86   |       -2364.39   |        20.5269   |   131:33:05   |   15:51:05   |
9827        |       -2343.12   |       -2364.41   |        21.2915   |   131:36:09   |   15:50:33   |
9828        |       -2343.12   |       -2364.41   |        21.2915   |   131:39:32   |   15:50:03   |
9829        |       -2343.15   |       -2364.56   |        21.4013   |   131:42:48   |   15:49:33   |
9830        |       -2343.16   |       -2365.25   |        22.0823   |   131:45:54   |   15:49:01   |
9831        |       -2342.22   |       -2364.32   |        22.1013   |   131:58:30   |   15:49:38   |
9832        |       -2341.57   |        -2364.1   |        22.5332   |   132:01:27   |   15:49:05   |
9833        |       -2343.34   |       -2364.21   |        20.8702   |   132:04:22   |   15:48:32   |
9834        |       -2344.28   |       -2366.32   |        22.0399   |   132:07:41   |   15:48:01   |
9835        |       -2344.76   |       -2364.49   |        19.7249   |   132:10:54   |   15:47:30   |
9836        |       -2343.55   |       -2363.11   |        19.5665   |   132:14:03   |   15:46:59   |
9837        |       -2344.61   |       -2362.81   |        18.2034   |   132:17:07   |   15:46:27   |
9838        |        -2345.5   |       -2363.44   |        17.9378   |   132:20:01   |   15:45:53   |
9839        |        -2346.7   |       -2363.62   |        16.9256   |   132:22:50   |   15:45:19   |


Iter        |      Posterior   |     Likelihood   |          Prior   |    elapsed   |        ETA   |
----------------------------------------------------------------------------------------------------
9840        |       -2347.68   |       -2367.71   |        20.0295   |   132:25:55   |   15:44:47   |
9841        |       -2346.94   |       -2367.07   |        20.1318   |   132:38:27   |   15:45:22   |
9842        |       -2345.96   |       -2365.74   |        19.7817   |   132:41:24   |   15:44:49   |
9843        |       -2346.27   |       -2368.45   |        22.1759   |   132:44:19   |   15:44:15   |
9844        |       -2346.65   |       -2368.84   |        22.1829   |   132:47:11   |   15:43:41   |
9845        |       -2345.67   |       -2367.03   |        21.3574   |   132:50:07   |   15:43:08   |
9846        |       -2344.64   |       -2367.55   |        22.9071   |   132:53:09   |   15:42:35   |
9847        |       -2345.25   |       -2367.35   |        22.0973   |   132:56:03   |   15:42:01   |
9848        |       -2346.28   |       -2369.24   |         22.958   |   132:59:12   |   15:41:29   |
9849        |       -2344.62   |       -2368.95   |        24.3305   |   133:02:13   |   15:40:56   |
9850        |       -2345.35   |       -2367.68   |        22.3297   |   133:05:00   |   15:40:21   |
9851        |       -2345.58   |       -2366.64   |        21.0573   |   133:17:05   |   15:40:52   |
9852        |       -2349.06   |       -2370.24   |        21.1839   |   133:20:05   |   15:40:19   |
9853        |       -2347.55   |       -2369.35   |        21.7991   |   133:23:00   |   15:39:45   |
9854        |       -2346.71   |       -2369.24   |         22.531   |   133:25:52   |   15:39:11   |
9855        |          -2347   |       -2369.14   |         22.135   |   133:28:50   |   15:38:37   |
9856        |       -2346.22   |       -2368.14   |        21.9256   |   133:31:37   |   15:38:02   |
9857        |       -2348.06   |        -2366.8   |        18.7388   |   133:34:49   |   15:37:30   |
9858        |       -2346.58   |       -2364.64   |         18.059   |   133:37:40   |   15:36:56   |
9859        |       -2346.58   |       -2364.64   |         18.059   |   133:40:57   |   15:36:24   |


Iter        |      Posterior   |     Likelihood   |          Prior   |    elapsed   |        ETA   |
----------------------------------------------------------------------------------------------------
9860        |       -2344.03   |       -2364.59   |        20.5636   |   133:43:47   |   15:35:50   |
9861        |       -2344.62   |       -2365.14   |        20.5167   |   133:56:20   |   15:36:23   |
9862        |       -2344.62   |       -2365.14   |        20.5167   |   133:59:30   |   15:35:50   |
9863        |       -2342.53   |       -2363.17   |        20.6441   |   134:02:44   |   15:35:18   |
9864        |       -2342.53   |       -2363.17   |        20.6441   |   134:06:10   |   15:34:48   |
9865        |       -2344.87   |        -2365.5   |        20.6372   |   134:09:15   |   15:34:15   |
9866        |       -2344.87   |        -2365.5   |        20.6372   |   134:12:32   |   15:33:43   |
9867        |       -2344.93   |        -2366.2   |        21.2651   |   134:15:30   |   15:33:09   |
9868        |       -2345.16   |       -2367.35   |         22.187   |   134:18:24   |   15:32:34   |
9869        |       -2345.49   |       -2367.78   |        22.2904   |   134:21:09   |   15:31:59   |
9870        |       -2345.49   |       -2367.78   |        22.2904   |   134:24:06   |   15:31:24   |
9871        |       -2345.78   |       -2368.47   |        22.6924   |   134:36:23   |   15:31:55   |
9872        |       -2346.39   |       -2369.08   |         22.691   |   134:39:29   |   15:31:22   |
9873        |       -2345.89   |       -2368.68   |        22.7941   |   134:42:36   |   15:30:48   |
9874        |       -2349.68   |       -2371.23   |         21.548   |   134:45:27   |   15:30:13   |
9875        |       -2348.34   |       -2369.16   |        20.8172   |   134:48:35   |   15:29:40   |
9876        |       -2346.85   |       -2367.65   |        20.8052   |   134:51:35   |   15:29:06   |
9877        |        -2344.9   |       -2365.75   |        20.8509   |   134:54:34   |   15:28:32   |
9878        |       -2344.08   |       -2365.55   |        21.4751   |   134:57:29   |   15:27:57   |
9879        |        -2345.7   |       -2367.15   |        21.4527   |   135:00:15   |   15:27:21   |


Iter        |      Posterior   |     Likelihood   |          Prior   |    elapsed   |        ETA   |
----------------------------------------------------------------------------------------------------
9880        |       -2349.04   |       -2369.66   |        20.6212   |   135:03:08   |   15:26:46   |
9881        |       -2349.14   |       -2371.25   |        22.1079   |   135:15:19   |   15:27:15   |
9882        |       -2350.67   |       -2371.12   |        20.4506   |   135:18:06   |   15:26:39   |
9883        |       -2347.33   |       -2367.73   |        20.3979   |   135:21:34   |   15:26:08   |
9884        |       -2347.33   |       -2367.73   |        20.3979   |   135:24:58   |   15:25:36   |
9885        |       -2346.14   |       -2369.32   |        23.1795   |   135:27:59   |   15:25:02   |
9886        |       -2345.46   |       -2367.69   |        22.2253   |   135:31:13   |   15:24:29   |
9887        |       -2345.26   |       -2367.49   |        22.2273   |   135:34:17   |   15:23:55   |
9888        |       -2346.55   |       -2366.46   |        19.9077   |   135:37:19   |   15:23:20   |
9889        |       -2348.59   |       -2367.96   |        19.3755   |   135:40:08   |   15:22:45   |
9890        |       -2351.68   |       -2365.85   |        14.1685   |   135:43:08   |   15:22:10   |
9891        |       -2355.51   |       -2367.54   |        12.0341   |   135:55:58   |   15:22:42   |
9892        |       -2356.35   |       -2367.04   |          10.69   |   135:59:16   |   15:22:09   |
9893        |       -2351.79   |       -2363.11   |        11.3248   |   136:02:39   |   15:21:37   |
9894        |       -2349.43   |       -2363.95   |        14.5205   |   136:05:49   |   15:21:04   |
9895        |       -2348.39   |       -2360.87   |        12.4793   |   136:08:56   |   15:20:30   |
9896        |       -2345.11   |       -2363.97   |        18.8632   |   136:11:49   |   15:19:54   |
9897        |       -2345.54   |        -2365.4   |        19.8553   |   136:14:41   |   15:19:18   |
9898        |       -2344.71   |       -2366.84   |         22.123   |   136:17:44   |   15:18:44   |
9899        |       -2343.12   |       -2364.41   |        21.2859   |   136:20:43   |   15:18:09   |


Iter        |      Posterior   |     Likelihood   |          Prior   |    elapsed   |        ETA   |
----------------------------------------------------------------------------------------------------
9900        |       -2342.12   |       -2363.54   |         21.419   |   136:23:32   |   15:17:32   |
9901        |       -2343.29   |       -2360.89   |        17.6034   |   136:35:58   |   15:18:01   |
9902        |       -2348.12   |       -2367.44   |         19.321   |   136:38:51   |   15:17:25   |
9903        |       -2350.11   |       -2367.42   |        17.3125   |   136:41:59   |   15:16:51   |
9904        |       -2349.51   |       -2367.89   |        18.3827   |   136:44:48   |   15:16:14   |
9905        |       -2349.82   |       -2368.84   |        19.0206   |   136:47:54   |   15:15:40   |
9906        |       -2350.97   |       -2369.99   |        19.0206   |   136:51:02   |   15:15:06   |
9907        |       -2349.22   |       -2368.78   |        19.5544   |   136:54:09   |   15:14:31   |
9908        |       -2349.22   |       -2368.78   |        19.5544   |   136:57:10   |   15:13:56   |
9909        |       -2349.22   |       -2368.78   |        19.5544   |   137:00:36   |   15:13:24   |
9910        |       -2349.22   |       -2368.78   |        19.5544   |   137:03:52   |   15:12:50   |
9911        |       -2349.22   |       -2368.78   |        19.5544   |   137:16:36   |   15:13:19   |
9912        |       -2349.22   |       -2368.78   |        19.5544   |   137:19:55   |   15:12:46   |
9913        |       -2349.22   |       -2368.78   |        19.5544   |   137:22:57   |   15:12:11   |
9914        |       -2349.22   |       -2368.78   |        19.5544   |   137:26:17   |   15:11:37   |
9915        |       -2348.68   |       -2368.09   |          19.41   |   137:29:10   |   15:11:01   |
9916        |       -2348.68   |       -2368.09   |          19.41   |   137:32:39   |   15:10:29   |
9917        |        -2348.9   |        -2368.2   |        19.3003   |   137:35:37   |   15:09:53   |
9918        |       -2349.88   |       -2369.32   |        19.4397   |   137:38:43   |   15:09:18   |
9919        |       -2349.88   |       -2369.32   |        19.4397   |   137:42:00   |   15:08:44   |


Iter        |      Posterior   |     Likelihood   |          Prior   |    elapsed   |        ETA   |
----------------------------------------------------------------------------------------------------
9920        |       -2349.88   |       -2369.32   |        19.4397   |   137:45:25   |   15:08:11   |
9921        |       -2349.88   |       -2369.32   |        19.4397   |   137:58:26   |   15:08:42   |
9922        |       -2349.88   |       -2369.32   |        19.4397   |   138:01:52   |   15:08:09   |
9923        |       -2349.61   |       -2369.05   |        19.4397   |   138:05:02   |   15:07:34   |
9924        |       -2348.49   |       -2367.07   |        18.5722   |   138:07:54   |   15:06:57   |
9925        |       -2349.49   |       -2368.84   |         19.348   |   138:10:52   |   15:06:21   |
9926        |       -2350.11   |       -2369.73   |        19.6275   |   138:13:54   |   15:05:45   |
9927        |       -2349.93   |       -2370.43   |        20.4983   |   138:17:05   |   15:05:10   |
9928        |       -2350.61   |          -2372   |        21.3935   |   138:19:44   |   15:04:32   |
9929        |       -2352.26   |       -2372.84   |        20.5851   |   138:22:38   |   15:03:55   |
9930        |       -2352.07   |        -2371.9   |        19.8373   |   138:25:34   |   15:03:19   |
9931        |        -2352.8   |       -2373.77   |        20.9664   |   138:38:12   |   15:03:46   |
9932        |       -2353.77   |          -2375   |        21.2342   |   138:41:04   |   15:03:09   |
9933        |        -2355.3   |       -2373.48   |        18.1822   |   138:44:08   |   15:02:33   |
9934        |       -2355.01   |       -2377.73   |        22.7218   |   138:47:12   |   15:01:57   |
9935        |       -2353.26   |       -2375.57   |        22.3071   |   138:50:05   |   15:01:20   |
9936        |       -2352.23   |       -2374.48   |        22.2502   |   138:52:52   |   15:00:42   |
9937        |       -2352.23   |       -2374.48   |        22.2502   |   138:56:15   |   15:00:09   |
9938        |       -2352.23   |       -2374.48   |        22.2502   |   138:59:23   |   14:59:33   |
9939        |       -2352.23   |       -2374.48   |        22.2502   |   139:02:39   |   14:58:58   |


Iter        |      Posterior   |     Likelihood   |          Prior   |    elapsed   |        ETA   |
----------------------------------------------------------------------------------------------------
9940        |       -2350.42   |        -2373.8   |        23.3767   |   139:05:34   |   14:58:21   |
9941        |       -2350.42   |        -2373.8   |        23.3767   |   139:18:02   |   14:58:46   |
9942        |       -2350.42   |        -2373.8   |        23.3767   |   139:21:26   |   14:58:12   |
9943        |       -2351.22   |       -2373.77   |        22.5485   |   139:24:35   |   14:57:37   |
9944        |       -2351.22   |       -2373.77   |        22.5485   |   139:28:00   |   14:57:03   |
9945        |       -2351.22   |       -2373.77   |        22.5485   |   139:31:14   |   14:56:28   |
9946        |       -2351.22   |       -2373.77   |        22.5485   |   139:34:32   |   14:55:53   |
9947        |       -2351.22   |       -2373.77   |        22.5485   |   139:38:01   |   14:55:19   |
9948        |       -2351.22   |       -2373.77   |        22.5485   |   139:41:37   |   14:54:46   |
9949        |       -2351.22   |       -2373.77   |        22.5485   |   139:45:03   |   14:54:12   |
9950        |       -2351.22   |       -2373.77   |        22.5485   |   139:48:20   |   14:53:37   |
9951        |       -2351.22   |       -2373.77   |        22.5485   |   140:00:39   |   14:54:00   |
9952        |       -2351.22   |       -2373.77   |        22.5485   |   140:04:11   |   14:53:27   |
9953        |       -2351.22   |       -2373.77   |        22.5485   |   140:07:29   |   14:52:52   |
9954        |       -2351.22   |       -2373.77   |        22.5485   |   140:10:23   |   14:52:14   |
9955        |       -2351.22   |       -2373.77   |        22.5485   |   140:13:44   |   14:51:39   |
9956        |       -2351.22   |       -2373.77   |        22.5485   |   140:17:12   |   14:51:05   |
9957        |       -2352.97   |       -2375.36   |        22.3957   |   140:20:20   |   14:50:29   |
9958        |       -2356.13   |       -2380.18   |          24.05   |   140:23:29   |   14:49:53   |
9959        |       -2356.56   |       -2377.31   |        20.7506   |   140:26:26   |   14:49:15   |


Iter        |      Posterior   |     Likelihood   |          Prior   |    elapsed   |        ETA   |
----------------------------------------------------------------------------------------------------
9960        |       -2360.48   |       -2379.86   |        19.3778   |   140:29:30   |   14:48:39   |
9961        |       -2353.09   |       -2373.91   |         20.821   |   140:42:16   |   14:49:03   |
9962        |       -2353.09   |       -2373.91   |         20.821   |   140:45:44   |   14:48:29   |
9963        |       -2353.09   |       -2373.91   |         20.821   |   140:49:11   |   14:47:54   |
9964        |          -2353   |       -2374.44   |        21.4421   |   140:52:27   |   14:47:19   |
9965        |       -2354.54   |       -2375.24   |        20.7006   |   140:55:20   |   14:46:41   |
9966        |       -2355.61   |       -2377.09   |        21.4807   |   140:58:19   |   14:46:03   |
9967        |       -2357.58   |        -2376.9   |        19.3195   |   141:01:21   |   14:45:26   |
9968        |       -2351.54   |          -2375   |        23.4566   |   141:04:43   |   14:44:51   |
9969        |       -2351.84   |       -2374.21   |        22.3749   |   141:07:38   |   14:44:13   |
9970        |       -2351.69   |       -2372.68   |        20.9804   |   141:10:51   |   14:43:37   |
9971        |       -2349.61   |       -2371.39   |        21.7847   |   141:23:19   |   14:43:58   |
9972        |       -2349.74   |       -2372.48   |        22.7406   |   141:26:25   |   14:43:21   |
9973        |       -2354.18   |       -2376.52   |        22.3394   |   141:29:25   |   14:42:44   |
9974        |       -2355.27   |       -2377.61   |        22.3427   |   141:32:39   |   14:42:07   |
9975        |       -2354.47   |        -2376.5   |        22.0282   |   141:35:24   |   14:41:28   |
9976        |        -2356.1   |        -2377.7   |        21.5977   |   141:37:43   |   14:40:46   |
9977        |       -2356.71   |       -2377.55   |        20.8439   |   141:40:32   |   14:40:07   |
9978        |       -2352.37   |          -2375   |        22.6337   |   141:43:35   |   14:39:30   |
9979        |          -2349   |       -2372.23   |        23.2245   |   141:46:35   |   14:38:52   |


Iter        |      Posterior   |     Likelihood   |          Prior   |    elapsed   |        ETA   |
----------------------------------------------------------------------------------------------------
9980        |       -2350.91   |       -2372.31   |        21.4023   |   141:49:21   |   14:38:13   |
9981        |       -2349.76   |       -2372.24   |        22.4821   |   142:01:09   |   14:38:29   |
9982        |       -2348.68   |       -2371.52   |        22.8392   |   142:04:10   |   14:37:51   |
9983        |        -2351.1   |       -2372.18   |        21.0745   |   142:07:16   |   14:37:14   |
9984        |       -2350.76   |       -2371.57   |        20.8061   |   142:10:25   |   14:36:37   |
9985        |       -2352.68   |        -2372.8   |        20.1193   |   142:13:07   |   14:35:57   |
9986        |       -2349.91   |       -2372.33   |        22.4213   |   142:16:02   |   14:35:18   |
9987        |       -2350.12   |       -2372.89   |        22.7685   |   142:18:52   |   14:34:39   |
9988        |       -2353.03   |       -2374.28   |        21.2413   |   142:21:49   |   14:34:01   |
9989        |        -2350.8   |       -2373.89   |        23.0986   |   142:25:01   |   14:33:24   |
9990        |       -2351.63   |       -2375.96   |        24.3318   |   142:27:52   |   14:32:45   |
9991        |       -2352.96   |       -2378.23   |        25.2767   |   142:40:14   |   14:33:04   |
9992        |       -2352.36   |       -2377.65   |        25.2834   |   142:43:22   |   14:32:26   |
9993        |       -2352.61   |       -2375.91   |        23.2982   |   142:46:25   |   14:31:48   |
9994        |       -2355.37   |        -2379.9   |        24.5366   |   142:49:18   |   14:31:09   |
9995        |       -2355.93   |        -2382.4   |        26.4686   |   142:52:42   |   14:30:33   |
9996        |       -2353.13   |       -2377.53   |        24.4048   |   142:55:49   |   14:29:56   |
9997        |       -2353.53   |       -2378.04   |        24.5129   |   142:58:40   |   14:29:16   |
9998        |       -2350.41   |        -2375.9   |        25.4985   |   143:01:48   |   14:28:39   |
9999        |       -2351.21   |       -2374.44   |        23.2295   |   143:05:00   |   14:28:01   |


Iter        |      Posterior   |     Likelihood   |          Prior   |    elapsed   |        ETA   |
----------------------------------------------------------------------------------------------------
10000       |       -2354.08   |       -2377.65   |        23.5726   |   143:08:11   |   14:27:24   |
10001       |       -2355.38   |       -2378.78   |        23.4036   |   143:21:05   |   14:27:45   |
10002       |       -2355.58   |       -2378.97   |        23.3893   |   143:24:48   |   14:27:11   |
10003       |       -2355.38   |       -2378.95   |        23.5606   |   143:27:49   |   14:26:32   |
10004       |       -2354.24   |       -2378.73   |        24.4877   |   143:31:07   |   14:25:55   |
10005       |       -2349.87   |       -2374.85   |          24.98   |   143:34:25   |   14:25:18   |
10006       |       -2349.21   |       -2376.46   |        27.2447   |   143:37:38   |   14:24:41   |
10007       |       -2350.26   |       -2377.45   |        27.1932   |   143:41:00   |   14:24:04   |
10008       |       -2350.19   |       -2377.25   |        27.0578   |   143:44:11   |   14:23:27   |
10009       |       -2351.17   |       -2377.58   |        26.4078   |   143:47:37   |   14:22:50   |
10010       |       -2349.93   |       -2377.69   |        27.7579   |   143:50:51   |   14:22:13   |
10011       |        -2351.8   |       -2376.28   |        24.4754   |   144:03:33   |   14:22:32   |
10012       |          -2354   |       -2375.62   |        21.6168   |   144:06:53   |   14:21:55   |
10013       |       -2357.57   |       -2377.43   |        19.8631   |   144:10:16   |   14:21:18   |
10014       |       -2356.04   |       -2379.42   |        23.3805   |   144:13:26   |   14:20:40   |
10015       |          -2353   |       -2374.52   |        21.5203   |   144:16:45   |   14:20:03   |
10016       |       -2355.98   |       -2376.33   |         20.346   |   144:20:20   |   14:19:27   |
10017       |       -2354.99   |       -2374.51   |        19.5202   |   144:23:19   |   14:18:48   |
10018       |       -2355.78   |       -2374.73   |        18.9462   |   144:26:51   |   14:18:12   |
10019       |       -2350.97   |       -2372.42   |        21.4475   |   144:30:38   |   14:17:37   |


Iter        |      Posterior   |     Likelihood   |          Prior   |    elapsed   |        ETA   |
----------------------------------------------------------------------------------------------------
10020       |        -2348.9   |       -2373.89   |        24.9983   |   144:34:10   |   14:17:01   |
10021       |       -2351.14   |       -2376.55   |        25.4112   |   144:46:30   |   14:17:17   |
10022       |       -2350.93   |       -2376.22   |        25.2922   |   144:49:25   |   14:16:37   |
10023       |       -2353.99   |       -2377.92   |        23.9273   |   144:52:37   |   14:15:59   |
10024       |       -2354.81   |       -2379.08   |        24.2757   |   144:55:59   |   14:15:22   |
10025       |       -2355.61   |       -2379.58   |        23.9686   |   144:59:22   |   14:14:45   |
10026       |       -2355.17   |       -2380.18   |        25.0032   |   145:02:41   |   14:14:07   |
10027       |       -2355.27   |       -2379.89   |        24.6275   |   145:05:45   |   14:13:28   |
10028       |       -2353.85   |       -2379.05   |        25.2005   |   145:09:10   |   14:12:51   |
10029       |       -2354.18   |       -2379.04   |        24.8563   |   145:12:08   |   14:12:11   |
10030       |       -2350.22   |       -2374.96   |         24.744   |   145:15:30   |   14:11:33   |
10031       |       -2347.94   |       -2369.84   |        21.8973   |   145:28:02   |   14:11:50   |
10032       |       -2348.19   |        -2368.9   |        20.7073   |   145:31:37   |   14:11:13   |
10033       |       -2349.19   |       -2369.36   |        20.1729   |   145:34:45   |   14:10:34   |
10034       |       -2348.88   |       -2367.85   |        18.9684   |   145:38:15   |   14:09:57   |
10035       |       -2348.43   |       -2367.54   |        19.1067   |   145:41:37   |   14:09:20   |
10036       |       -2348.64   |       -2367.69   |        19.0539   |   145:45:04   |   14:08:42   |
10037       |        -2351.3   |       -2370.42   |        19.1135   |   145:48:27   |   14:08:05   |
10038       |       -2347.51   |        -2366.8   |        19.2897   |   145:51:35   |   14:07:26   |
10039       |       -2350.43   |       -2367.57   |        17.1364   |   145:54:48   |   14:06:47   |


Iter        |      Posterior   |     Likelihood   |          Prior   |    elapsed   |        ETA   |
----------------------------------------------------------------------------------------------------
10040       |       -2350.45   |       -2370.16   |        19.7038   |   145:58:29   |   14:06:11   |
10041       |       -2355.03   |        -2372.6   |        17.5692   |   146:11:25   |   14:06:28   |
10042       |       -2346.79   |       -2369.07   |        22.2802   |   146:14:47   |   14:05:50   |
10043       |       -2345.62   |       -2366.41   |        20.7869   |   146:17:54   |   14:05:11   |
10044       |       -2348.92   |       -2367.43   |        18.5147   |   146:21:18   |   14:04:33   |
10045       |       -2347.64   |       -2367.76   |        20.1232   |   146:24:40   |   14:03:55   |
10046       |       -2347.91   |       -2369.43   |        21.5188   |   146:27:21   |   14:03:13   |
10047       |       -2348.53   |       -2368.81   |        20.2749   |   146:30:42   |   14:02:35   |
10048       |       -2349.65   |       -2370.49   |        20.8362   |   146:34:13   |   14:01:57   |
10049       |       -2346.95   |       -2367.63   |        20.6806   |   146:37:34   |   14:01:19   |
10050       |       -2349.85   |       -2368.46   |        18.6173   |   146:40:59   |   14:00:41   |
10051       |       -2348.79   |       -2368.15   |         19.365   |   146:53:47   |   14:00:57   |
10052       |       -2349.44   |       -2369.03   |        19.5859   |   146:57:20   |   14:00:19   |
10053       |       -2349.39   |       -2371.24   |        21.8547   |   147:00:38   |   13:59:41   |
10054       |        -2350.8   |        -2369.5   |        18.7007   |   147:04:03   |   13:59:02   |
10055       |       -2348.91   |       -2368.31   |        19.4032   |   147:07:30   |   13:58:24   |
10056       |       -2349.37   |       -2368.31   |        18.9435   |   147:10:38   |   13:57:45   |
10057       |       -2349.24   |       -2370.85   |        21.6185   |   147:13:57   |   13:57:06   |
10058       |       -2350.44   |       -2370.44   |        19.9966   |   147:17:25   |   13:56:28   |
10059       |       -2351.11   |       -2368.81   |        17.7023   |   147:20:50   |   13:55:49   |


Iter        |      Posterior   |     Likelihood   |          Prior   |    elapsed   |        ETA   |
----------------------------------------------------------------------------------------------------
10060       |       -2352.62   |       -2366.53   |         13.908   |   147:24:06   |   13:55:10   |
10061       |       -2347.06   |       -2365.33   |        18.2654   |   147:37:15   |   13:55:27   |
10062       |       -2349.85   |       -2369.07   |        19.2234   |   147:40:33   |   13:54:48   |
10063       |       -2345.23   |       -2366.29   |        21.0649   |   147:43:34   |   13:54:07   |
10064       |       -2345.71   |       -2368.05   |        22.3481   |   147:46:59   |   13:53:28   |
10065       |       -2347.26   |       -2369.38   |        22.1271   |   147:50:12   |   13:52:49   |
10066       |       -2349.99   |       -2372.09   |        22.0978   |   147:53:29   |   13:52:09   |
10067       |       -2346.99   |       -2369.38   |        22.3894   |   147:56:35   |   13:51:29   |
10068       |       -2346.03   |       -2366.22   |        20.1851   |   147:59:39   |   13:50:48   |
10069       |       -2346.56   |        -2368.5   |         21.944   |   148:02:48   |   13:50:08   |
10070       |        -2348.2   |       -2370.42   |        22.2234   |   148:06:00   |   13:49:28   |
10071       |       -2349.96   |       -2372.85   |        22.8897   |   148:18:38   |   13:49:41   |
10072       |       -2349.28   |       -2373.22   |         23.944   |   148:22:11   |   13:49:03   |
10073       |       -2349.37   |       -2373.25   |        23.8776   |   148:25:26   |   13:48:23   |
10074       |       -2348.85   |        -2374.2   |        25.3512   |   148:28:47   |   13:47:44   |
10075       |       -2350.42   |       -2376.15   |        25.7305   |   148:31:58   |   13:47:03   |
10076       |       -2350.08   |       -2374.26   |        24.1847   |   148:35:30   |   13:46:25   |
10077       |       -2351.88   |       -2372.84   |        20.9523   |   148:38:46   |   13:45:45   |
10078       |       -2352.77   |       -2374.28   |        21.5124   |   148:42:00   |   13:45:05   |
10079       |       -2351.61   |       -2374.49   |        22.8774   |   148:45:37   |   13:44:27   |


Iter        |      Posterior   |     Likelihood   |          Prior   |    elapsed   |        ETA   |
----------------------------------------------------------------------------------------------------
10080       |       -2352.42   |       -2375.16   |        22.7447   |   148:49:09   |   13:43:49   |
10081       |       -2347.86   |       -2372.76   |        24.8959   |   149:02:09   |   13:44:03   |
10082       |       -2351.13   |       -2378.74   |        27.6159   |   149:05:28   |   13:43:23   |
10083       |       -2350.86   |       -2377.83   |        26.9686   |   149:08:43   |   13:42:43   |
10084       |       -2354.86   |       -2382.05   |        27.1901   |   149:11:58   |   13:42:02   |
10085       |          -2358   |       -2385.69   |        27.6957   |   149:15:01   |   13:41:21   |
10086       |       -2355.88   |       -2384.69   |        28.8017   |   149:18:09   |   13:40:40   |
10087       |       -2356.92   |       -2385.17   |        28.2595   |   149:21:23   |   13:40:00   |
10088       |       -2353.84   |       -2381.25   |        27.4101   |   149:24:28   |   13:39:18   |
10089       |       -2355.39   |       -2382.72   |        27.3306   |   149:27:32   |   13:38:37   |
10090       |       -2355.91   |       -2382.34   |        26.4318   |   149:30:47   |   13:37:57   |
10091       |       -2354.64   |       -2380.68   |        26.0411   |   149:43:41   |   13:38:09   |
10092       |        -2349.2   |       -2374.63   |        25.4212   |   149:46:55   |   13:37:28   |
10093       |       -2348.48   |        -2374.6   |        26.1134   |   149:50:12   |   13:36:48   |
10094       |       -2350.42   |       -2376.37   |        25.9562   |   149:53:22   |   13:36:07   |
10095       |       -2350.39   |       -2375.71   |        25.3152   |   149:56:41   |   13:35:26   |
10096       |       -2349.88   |       -2374.98   |        25.1041   |   150:00:01   |   13:34:46   |
10097       |        -2349.3   |       -2375.43   |        26.1304   |   150:03:20   |   13:34:06   |
10098       |       -2349.22   |       -2373.48   |        24.2581   |   150:06:46   |   13:33:26   |
10099       |        -2347.2   |       -2371.08   |        23.8801   |   150:10:03   |   13:32:46   |


Iter        |      Posterior   |     Likelihood   |          Prior   |    elapsed   |        ETA   |
----------------------------------------------------------------------------------------------------
10100       |       -2346.66   |       -2368.83   |        22.1774   |   150:13:01   |   13:32:03   |
10101       |       -2349.21   |       -2372.69   |        23.4808   |   150:25:37   |   13:32:13   |
10102       |       -2353.63   |       -2378.68   |        25.0502   |   150:28:36   |   13:31:31   |
10103       |       -2354.05   |       -2380.68   |        26.6297   |   150:31:30   |   13:30:48   |
10104       |       -2352.22   |       -2379.15   |        26.9261   |   150:34:27   |   13:30:05   |
10105       |       -2349.36   |       -2374.98   |        25.6227   |   150:37:25   |   13:29:23   |
10106       |       -2347.63   |        -2371.1   |        23.4733   |   150:40:29   |   13:28:41   |
10107       |       -2349.48   |       -2373.81   |        24.3304   |   150:43:49   |   13:28:00   |
10108       |       -2348.13   |       -2370.55   |        22.4186   |   150:46:54   |   13:27:18   |
10109       |       -2350.38   |       -2372.69   |          22.31   |   150:50:10   |   13:26:37   |
10110       |       -2349.55   |       -2374.07   |        24.5238   |   150:53:23   |   13:25:56   |
10111       |       -2351.54   |        -2378.1   |        26.5587   |   151:06:15   |   13:26:06   |
10112       |       -2354.77   |       -2380.74   |        25.9707   |   151:09:19   |   13:25:24   |
10113       |       -2354.77   |       -2380.74   |        25.9707   |   151:12:39   |   13:24:43   |
10114       |       -2352.64   |       -2380.07   |         27.432   |   151:16:01   |   13:24:02   |
10115       |       -2353.75   |       -2381.27   |        27.5187   |   151:19:08   |   13:23:20   |
10116       |       -2352.82   |        -2379.4   |        26.5846   |   151:22:05   |   13:22:37   |
10117       |       -2350.62   |       -2378.55   |          27.93   |   151:25:12   |   13:21:55   |
10118       |       -2353.85   |       -2379.98   |        26.1303   |   151:28:13   |   13:21:12   |
10119       |        -2351.2   |       -2373.15   |        21.9519   |   151:31:22   |   13:20:30   |


Iter        |      Posterior   |     Likelihood   |          Prior   |    elapsed   |        ETA   |
----------------------------------------------------------------------------------------------------
10120       |       -2351.65   |       -2373.46   |        21.8117   |   151:34:44   |   13:19:49   |
10121       |       -2351.41   |       -2373.67   |        22.2613   |   151:48:09   |   13:20:02   |
10122       |       -2349.01   |       -2371.19   |        22.1818   |   151:51:37   |   13:19:21   |
10123       |       -2349.64   |       -2372.46   |        22.8199   |   151:54:47   |   13:18:39   |
10124       |       -2348.52   |        -2368.4   |        19.8863   |   151:57:50   |   13:17:56   |
10125       |       -2351.54   |       -2368.49   |        16.9538   |   152:01:01   |   13:17:14   |
10126       |       -2352.13   |       -2368.49   |        16.3668   |   152:04:08   |   13:16:32   |
10127       |       -2351.05   |       -2373.04   |        21.9876   |   152:07:23   |   13:15:50   |
10128       |       -2355.29   |       -2379.01   |        23.7198   |   152:10:33   |   13:15:08   |
10129       |        -2356.3   |       -2379.97   |        23.6714   |   152:13:14   |   13:14:23   |
10130       |       -2351.08   |       -2373.51   |        22.4317   |   152:16:17   |   13:13:40   |
10131       |       -2357.29   |       -2375.46   |         18.165   |   152:29:01   |   13:13:47   |
10132       |       -2351.89   |       -2369.81   |        17.9189   |   152:32:24   |   13:13:06   |
10133       |       -2352.07   |        -2370.6   |        18.5316   |   152:35:29   |   13:12:23   |
10134       |        -2350.3   |       -2370.93   |        20.6315   |   152:38:50   |   13:11:42   |
10135       |       -2351.01   |       -2373.05   |        22.0337   |   152:42:11   |   13:11:00   |
10136       |        -2350.5   |       -2369.18   |        18.6837   |   152:45:28   |   13:10:18   |
10137       |       -2350.77   |       -2370.08   |        19.3093   |   152:48:44   |   13:09:36   |
10138       |        -2354.1   |       -2367.73   |         13.628   |   152:51:43   |   13:08:53   |
10139       |       -2351.81   |        -2371.5   |        19.6853   |   152:54:48   |   13:08:10   |


Iter        |      Posterior   |     Likelihood   |          Prior   |    elapsed   |        ETA   |
----------------------------------------------------------------------------------------------------
10140       |       -2351.95   |       -2372.34   |        20.3883   |   152:58:02   |   13:07:27   |
10141       |       -2355.01   |       -2375.25   |        20.2317   |   153:10:39   |   13:07:33   |
10142       |       -2352.73   |       -2373.57   |        20.8349   |   153:13:40   |   13:06:50   |
10143       |       -2353.46   |       -2375.04   |         21.577   |   153:16:53   |   13:06:07   |
10144       |       -2349.64   |       -2372.82   |        23.1862   |   153:19:57   |   13:05:24   |
10145       |       -2349.84   |       -2372.92   |         23.082   |   153:23:20   |   13:04:42   |
10146       |       -2349.65   |       -2371.49   |        21.8436   |   153:26:52   |   13:04:01   |
10147       |       -2352.52   |       -2374.36   |        21.8409   |   153:30:04   |   13:03:18   |
10148       |       -2352.65   |       -2370.46   |        17.8068   |   153:33:05   |   13:02:35   |
10149       |       -2352.99   |        -2369.3   |        16.3179   |   153:36:09   |   13:01:51   |
10150       |        -2356.2   |       -2373.75   |        17.5464   |   153:39:39   |   13:01:10   |
10151       |        -2355.8   |       -2370.98   |        15.1771   |   153:52:30   |   13:01:16   |
10152       |       -2354.14   |       -2369.18   |        15.0386   |   153:56:07   |   13:00:35   |
10153       |       -2354.95   |       -2372.48   |        17.5251   |   153:59:32   |   12:59:53   |
10154       |       -2352.44   |       -2370.33   |        17.8856   |   154:02:55   |   12:59:11   |
10155       |        -2348.7   |        -2367.2   |         18.507   |   154:06:14   |   12:58:29   |
10156       |        -2348.5   |       -2364.11   |        15.6066   |   154:09:21   |   12:57:45   |
10157       |       -2350.12   |       -2365.57   |        15.4447   |   154:12:24   |   12:57:01   |
10158       |        -2351.9   |       -2366.38   |        14.4782   |   154:15:31   |   12:56:18   |
10159       |        -2351.9   |       -2366.38   |        14.4782   |   154:19:09   |   12:55:37   |


Iter        |      Posterior   |     Likelihood   |          Prior   |    elapsed   |        ETA   |
----------------------------------------------------------------------------------------------------
10160       |       -2351.61   |       -2366.14   |        14.5254   |   154:22:35   |   12:54:55   |
10161       |       -2352.84   |       -2370.53   |        17.6902   |   154:35:32   |   12:55:00   |
10162       |       -2356.25   |       -2370.36   |        14.1046   |   154:38:40   |   12:54:17   |
10163       |       -2356.04   |       -2368.59   |        12.5542   |   154:42:02   |   12:53:34   |
10164       |       -2358.07   |          -2371   |        12.9358   |   154:45:36   |   12:52:53   |
10165       |       -2354.37   |       -2368.36   |        13.9881   |   154:49:08   |   12:52:11   |
10166       |       -2352.59   |       -2362.41   |        9.82005   |   154:52:20   |   12:51:27   |
10167       |       -2353.91   |       -2364.35   |        10.4366   |   154:55:49   |   12:50:45   |
10168       |       -2352.08   |       -2363.56   |        11.4812   |   154:59:08   |   12:50:03   |
10169       |       -2354.62   |       -2364.17   |        9.55165   |   155:02:55   |   12:49:22   |
10170       |       -2356.05   |       -2366.54   |        10.4901   |   155:06:21   |   12:48:39   |
10171       |       -2351.97   |       -2365.72   |        13.7497   |   155:22:12   |   12:48:58   |
10172       |       -2348.04   |       -2367.93   |        19.8861   |   155:25:51   |   12:48:17   |
10173       |       -2345.36   |       -2366.95   |        21.5955   |   155:29:01   |   12:47:33   |
10174       |       -2345.62   |       -2366.35   |        20.7325   |   155:32:30   |   12:46:51   |
10175       |       -2345.62   |       -2366.35   |        20.7325   |   155:36:03   |   12:46:09   |
10176       |        -2346.5   |       -2368.62   |        22.1237   |   155:39:40   |   12:45:27   |
10177       |       -2346.19   |        -2367.4   |        21.2086   |   155:42:36   |   12:44:42   |
10178       |       -2345.72   |       -2367.49   |        21.7691   |   155:46:04   |   12:43:59   |
10179       |       -2345.96   |        -2367.6   |        21.6364   |   155:49:11   |   12:43:15   |


Iter        |      Posterior   |     Likelihood   |          Prior   |    elapsed   |        ETA   |
----------------------------------------------------------------------------------------------------
10180       |       -2345.97   |       -2368.01   |        22.0367   |   155:52:45   |   12:42:33   |
10181       |       -2346.77   |       -2367.41   |        20.6435   |   156:05:30   |   12:42:35   |
10182       |       -2345.25   |       -2365.95   |        20.7019   |   156:08:40   |   12:41:51   |
10183       |       -2348.12   |       -2370.22   |        22.0983   |   156:11:41   |   12:41:06   |
10184       |       -2349.51   |       -2372.93   |        23.4193   |   156:14:34   |   12:40:20   |
10185       |       -2349.17   |       -2371.01   |        21.8355   |   156:17:52   |   12:39:37   |
10186       |       -2349.92   |       -2372.09   |        22.1639   |   156:21:09   |   12:38:53   |
10187       |       -2348.35   |       -2373.36   |        25.0022   |   156:24:16   |   12:38:08   |
10188       |       -2350.78   |       -2377.07   |        26.2872   |   156:27:25   |   12:37:24   |
10189       |        -2347.7   |       -2373.97   |        26.2721   |   156:30:16   |   12:36:38   |
10190       |       -2347.18   |       -2372.58   |        25.4005   |   156:32:51   |   12:35:51   |
10191       |       -2347.25   |       -2372.22   |        24.9733   |   156:45:10   |   12:35:50   |
10192       |       -2344.96   |       -2368.79   |          23.83   |   156:48:04   |   12:35:04   |
10193       |        -2345.6   |       -2369.67   |        24.0756   |   156:51:20   |   12:34:20   |
10194       |       -2346.41   |       -2370.08   |        23.6697   |   156:54:19   |   12:33:35   |
10195       |       -2346.51   |       -2370.31   |        23.8048   |   156:57:15   |   12:32:49   |
10196       |       -2346.51   |       -2370.31   |        23.8048   |   157:00:39   |   12:32:05   |
10197       |       -2346.51   |       -2370.31   |        23.8048   |   157:04:15   |   12:31:23   |
10198       |       -2346.51   |       -2370.31   |        23.8048   |   157:07:44   |   12:30:40   |
10199       |       -2346.51   |       -2370.31   |        23.8048   |   157:11:17   |   12:29:57   |


Iter        |      Posterior   |     Likelihood   |          Prior   |    elapsed   |        ETA   |
----------------------------------------------------------------------------------------------------
10200       |       -2346.51   |       -2370.31   |        23.8048   |   157:14:41   |   12:29:13   |
10201       |       -2346.51   |       -2370.31   |        23.8048   |   157:27:28   |   12:29:14   |
10202       |       -2346.51   |       -2370.31   |        23.8048   |   157:30:45   |   12:28:30   |
10203       |       -2346.51   |       -2370.31   |        23.8048   |   157:34:04   |   12:27:45   |
10204       |       -2346.51   |       -2370.31   |        23.8048   |   157:37:25   |   12:27:01   |
10205       |       -2344.64   |       -2368.59   |         23.959   |   157:40:39   |   12:26:17   |
10206       |       -2344.64   |       -2368.59   |         23.959   |   157:44:14   |   12:25:33   |
10207       |       -2344.64   |       -2368.59   |         23.959   |   157:47:26   |   12:24:49   |
10208       |       -2346.02   |       -2370.46   |        24.4386   |   157:50:34   |   12:24:03   |
10209       |       -2346.03   |       -2369.74   |        23.7137   |   157:53:47   |   12:23:18   |
10210       |       -2347.15   |       -2371.53   |        24.3834   |   157:56:59   |   12:22:33   |
10211       |       -2345.83   |       -2370.32   |        24.4914   |   158:09:17   |   12:22:31   |
10212       |        -2346.2   |       -2372.63   |        26.4314   |   158:12:10   |   12:21:44   |
10213       |       -2344.87   |       -2370.46   |        25.5903   |   158:14:55   |   12:20:57   |
10214       |        -2346.6   |       -2372.77   |        26.1669   |   158:17:50   |   12:20:11   |
10215       |        -2350.4   |       -2373.47   |         23.069   |   158:20:43   |   12:19:24   |
10216       |       -2348.15   |       -2371.54   |        23.3869   |   158:23:58   |   12:18:39   |
10217       |       -2346.76   |       -2371.77   |        25.0073   |   158:27:12   |   12:17:54   |
10218       |       -2347.13   |       -2371.22   |         24.096   |   158:30:13   |   12:17:08   |
10219       |       -2350.08   |       -2375.63   |        25.5492   |   158:33:19   |   12:16:22   |


Iter        |      Posterior   |     Likelihood   |          Prior   |    elapsed   |        ETA   |
----------------------------------------------------------------------------------------------------
10220       |       -2344.89   |       -2369.81   |         24.926   |   158:36:19   |   12:15:36   |
10221       |       -2344.89   |       -2369.81   |         24.926   |   158:49:15   |   12:15:36   |
10222       |       -2344.89   |       -2369.81   |         24.926   |   158:52:41   |   12:14:51   |
10223       |       -2349.99   |        -2374.5   |        24.5106   |   158:55:48   |   12:14:05   |
10224       |        -2347.8   |       -2371.08   |        23.2845   |   158:59:01   |   12:13:20   |
10225       |        -2347.8   |       -2371.08   |        23.2845   |   159:02:33   |   12:12:36   |
10226       |       -2345.77   |       -2370.81   |        25.0407   |   159:05:55   |   12:11:51   |
10227       |       -2345.41   |       -2371.17   |        25.7592   |   159:09:05   |   12:11:05   |
10228       |       -2345.41   |       -2371.17   |        25.7592   |   159:12:28   |   12:10:21   |
10229       |       -2347.77   |       -2373.55   |        25.7742   |   159:15:23   |   12:09:34   |
10230       |       -2345.77   |       -2371.31   |        25.5475   |   159:18:25   |   12:08:47   |
10231       |       -2343.98   |       -2369.66   |        25.6758   |   159:30:45   |   12:08:43   |
10232       |       -2343.98   |       -2369.66   |        25.6758   |   159:34:08   |   12:07:58   |
10233       |       -2344.09   |       -2369.67   |        25.5829   |   159:37:18   |   12:07:12   |
10234       |       -2343.44   |       -2367.47   |        24.0331   |   159:40:13   |   12:06:25   |
10235       |        -2343.8   |       -2367.73   |        23.9374   |   159:43:20   |   12:05:39   |
10236       |       -2342.13   |       -2366.04   |        23.9136   |   159:46:15   |   12:04:52   |
10237       |       -2343.49   |       -2368.09   |        24.5947   |   159:49:18   |   12:04:05   |
10238       |        -2345.2   |       -2369.35   |        24.1467   |   159:52:37   |   12:03:20   |
10239       |       -2350.41   |       -2374.39   |        23.9817   |   159:55:53   |   12:02:34   |


Iter        |      Posterior   |     Likelihood   |          Prior   |    elapsed   |        ETA   |
----------------------------------------------------------------------------------------------------
10240       |       -2344.31   |       -2368.79   |        24.4828   |   159:58:56   |   12:01:47   |
10241       |       -2344.31   |       -2368.79   |        24.4828   |   160:11:58   |   12:01:45   |
10242       |       -2344.31   |       -2368.79   |        24.4828   |   160:15:25   |   12:01:00   |
10243       |       -2344.31   |       -2368.79   |        24.4828   |   160:19:01   |   12:00:16   |
10244       |       -2348.42   |       -2373.69   |        25.2681   |   160:22:07   |   11:59:29   |
10245       |       -2348.27   |       -2371.92   |        23.6568   |   160:25:26   |   11:58:44   |
10246       |       -2347.42   |       -2371.11   |         23.694   |   160:28:39   |   11:57:58   |
10247       |       -2347.42   |       -2371.11   |         23.694   |   160:32:14   |   11:57:13   |
10248       |       -2346.64   |       -2371.78   |        25.1353   |   160:35:16   |   11:56:26   |
10249       |       -2343.79   |       -2368.88   |        25.0822   |   160:38:26   |   11:55:39   |
10250       |       -2345.35   |       -2370.92   |          25.57   |   160:41:04   |   11:54:50   |
10251       |       -2343.37   |       -2366.59   |        23.2119   |   160:53:31   |   11:54:45   |
10252       |       -2343.37   |       -2367.78   |        24.4059   |   160:56:42   |   11:53:59   |
10253       |       -2343.63   |       -2365.93   |        22.2969   |   160:59:50   |   11:53:12   |
10254       |       -2344.29   |       -2366.93   |        22.6432   |   161:03:00   |   11:52:25   |
10255       |       -2345.19   |       -2367.82   |        22.6324   |   161:06:00   |   11:51:38   |
10256       |       -2346.49   |       -2369.23   |        22.7376   |   161:09:14   |   11:50:51   |
10257       |       -2349.04   |       -2371.79   |        22.7421   |   161:12:23   |   11:50:04   |
10258       |       -2349.04   |       -2371.79   |        22.7421   |   161:15:42   |   11:49:18   |
10259       |          -2348   |       -2371.51   |        23.5135   |   161:19:02   |   11:48:32   |


Iter        |      Posterior   |     Likelihood   |          Prior   |    elapsed   |        ETA   |
----------------------------------------------------------------------------------------------------
10260       |       -2346.42   |       -2368.04   |        21.6161   |   161:22:13   |   11:47:45   |
10261       |       -2346.42   |       -2368.04   |        21.6161   |   161:35:01   |   11:47:41   |
10262       |       -2347.33   |       -2370.39   |        23.0545   |   161:38:18   |   11:46:54   |
10263       |       -2349.39   |       -2371.05   |        21.6535   |   161:41:25   |   11:46:07   |
10264       |       -2350.17   |       -2373.86   |        23.6889   |   161:44:27   |   11:45:19   |
10265       |       -2353.93   |        -2378.3   |        24.3647   |   161:47:24   |   11:44:31   |
10266       |       -2351.03   |       -2373.45   |        22.4178   |   161:50:33   |   11:43:44   |
10267       |       -2352.29   |       -2370.41   |        18.1176   |   161:53:47   |   11:42:57   |
10268       |       -2347.71   |       -2365.77   |        18.0569   |   161:57:07   |   11:42:11   |
10269       |       -2350.68   |       -2368.65   |        17.9632   |   162:00:23   |   11:41:24   |
10270       |       -2349.06   |       -2367.93   |        18.8619   |   162:03:39   |   11:40:37   |
10271       |       -2349.65   |       -2368.68   |        19.0314   |   162:16:51   |   11:40:34   |
10272       |       -2347.69   |       -2367.18   |        19.4838   |   162:20:00   |   11:39:46   |
10273       |       -2347.86   |       -2367.04   |        19.1799   |   162:23:05   |   11:38:58   |
10274       |        -2351.6   |       -2370.32   |        18.7181   |   162:26:32   |   11:38:12   |
10275       |       -2349.08   |       -2366.12   |        17.0437   |   162:29:28   |   11:37:24   |
10276       |        -2347.8   |       -2366.37   |        18.5678   |   162:32:41   |   11:36:37   |
10277       |       -2348.86   |       -2366.11   |        17.2485   |   162:36:06   |   11:35:50   |
10278       |       -2348.86   |       -2366.11   |        17.2485   |   162:39:44   |   11:35:05   |
10279       |       -2348.86   |       -2366.11   |        17.2485   |   162:43:14   |   11:34:19   |


Iter        |      Posterior   |     Likelihood   |          Prior   |    elapsed   |        ETA   |
----------------------------------------------------------------------------------------------------
10280       |       -2352.58   |       -2368.69   |        16.1083   |   162:46:26   |   11:33:31   |
10281       |       -2347.22   |       -2367.11   |        19.8901   |   162:59:47   |   11:33:27   |
10282       |       -2347.22   |       -2367.11   |        19.8901   |   163:03:07   |   11:32:40   |
10283       |       -2347.22   |       -2367.11   |        19.8901   |   163:06:35   |   11:31:54   |
10284       |       -2346.69   |        -2367.5   |        20.8073   |   163:09:44   |   11:31:06   |
10285       |       -2346.22   |       -2368.49   |        22.2712   |   163:13:02   |   11:30:19   |
10286       |       -2344.34   |       -2366.91   |        22.5642   |   163:16:08   |   11:29:31   |
10287       |       -2342.85   |       -2367.39   |        24.5433   |   163:19:25   |   11:28:43   |
10288       |       -2343.88   |       -2367.32   |        23.4407   |   163:22:38   |   11:27:56   |
10289       |       -2343.88   |       -2367.32   |        23.4407   |   163:25:48   |   11:27:08   |
10290       |       -2343.66   |        -2367.4   |        23.7371   |   163:29:09   |   11:26:21   |
10291       |       -2343.04   |       -2366.99   |        23.9489   |   163:41:30   |   11:26:11   |
10292       |       -2343.93   |       -2366.35   |        22.4192   |   163:44:17   |   11:25:22   |
10293       |       -2343.92   |       -2366.81   |        22.8862   |   163:47:33   |   11:24:34   |
10294       |       -2344.35   |       -2365.13   |        20.7797   |   163:50:40   |   11:23:46   |
10295       |          -2346   |        -2366.7   |        20.7039   |   163:53:57   |   11:22:58   |
10296       |       -2345.83   |       -2366.53   |        20.7036   |   163:57:01   |   11:22:10   |
10297       |          -2345   |       -2367.24   |        22.2324   |   164:00:09   |   11:21:21   |
10298       |       -2346.17   |       -2367.01   |        20.8399   |   164:03:06   |   11:20:32   |
10299       |       -2347.16   |       -2368.54   |        21.3827   |   164:06:27   |   11:19:45   |


Iter        |      Posterior   |     Likelihood   |          Prior   |    elapsed   |        ETA   |
----------------------------------------------------------------------------------------------------
10300       |       -2349.64   |       -2371.24   |        21.5974   |   164:09:50   |   11:18:58   |
10301       |       -2345.68   |       -2368.15   |        22.4653   |   164:22:41   |   11:18:49   |
10302       |       -2347.65   |       -2369.18   |        21.5309   |   164:25:35   |   11:18:00   |
10303       |       -2345.85   |        -2366.1   |        20.2573   |   164:28:57   |   11:17:12   |
10304       |       -2345.62   |       -2365.29   |        19.6601   |   164:32:22   |   11:16:25   |
10305       |       -2345.66   |        -2364.9   |        19.2399   |   164:35:44   |   11:15:37   |
10306       |       -2345.69   |        -2364.8   |        19.1146   |   164:39:14   |   11:14:50   |
10307       |       -2345.82   |       -2363.94   |         18.122   |   164:42:40   |   11:14:03   |
10308       |       -2345.11   |       -2365.82   |        20.7097   |   164:46:02   |   11:13:15   |
10309       |       -2348.33   |       -2361.98   |        13.6539   |   164:48:53   |   11:12:25   |
10310       |       -2349.73   |       -2363.81   |        14.0802   |   164:51:52   |   11:11:36   |
10311       |       -2348.54   |       -2364.99   |        16.4457   |   165:05:15   |   11:11:29   |
10312       |       -2345.55   |       -2365.52   |        19.9691   |   165:08:23   |   11:10:40   |
10313       |       -2344.35   |       -2360.86   |        16.5078   |   165:11:16   |   11:09:50   |
10314       |       -2350.29   |       -2366.29   |        16.0056   |   165:14:21   |   11:09:01   |
10315       |       -2347.89   |       -2365.57   |        17.6859   |   165:17:24   |   11:08:12   |
10316       |       -2347.92   |       -2368.17   |        20.2485   |   165:20:52   |   11:07:25   |
10317       |       -2346.49   |       -2369.18   |        22.6872   |   165:24:14   |   11:06:37   |
10318       |       -2350.83   |       -2374.18   |          23.35   |   165:27:23   |   11:05:48   |
10319       |       -2346.97   |        -2371.7   |        24.7263   |   165:30:18   |   11:04:58   |


Iter        |      Posterior   |     Likelihood   |          Prior   |    elapsed   |        ETA   |
----------------------------------------------------------------------------------------------------
10320       |       -2344.97   |       -2370.52   |        25.5545   |   165:33:27   |   11:04:09   |
10321       |       -2345.78   |       -2370.95   |        25.1643   |   165:45:57   |   11:03:57   |
10322       |        -2345.9   |        -2370.4   |        24.4971   |   165:49:01   |   11:03:08   |
10323       |       -2346.21   |       -2370.24   |        24.0357   |   165:52:00   |   11:02:18   |
10324       |       -2347.91   |       -2372.68   |        24.7635   |   165:55:08   |   11:01:29   |
10325       |       -2346.38   |       -2371.53   |        25.1499   |   165:57:40   |   11:00:37   |
10326       |       -2349.85   |       -2375.13   |        25.2796   |   166:00:29   |   10:59:47   |
10327       |       -2347.54   |        -2372.6   |        25.0603   |   166:03:14   |   10:58:56   |
10328       |       -2343.87   |       -2367.86   |        23.9865   |   166:06:06   |   10:58:06   |
10329       |       -2342.62   |       -2364.95   |        22.3352   |   166:08:53   |   10:57:15   |
10330       |       -2342.37   |       -2364.13   |        21.7597   |   166:12:03   |   10:56:26   |
10331       |       -2345.24   |       -2366.67   |        21.4347   |   166:24:54   |   10:56:15   |
10332       |       -2342.19   |       -2365.62   |        23.4355   |   166:27:51   |   10:55:24   |
10333       |       -2342.42   |       -2364.68   |        22.2623   |   166:31:04   |   10:54:35   |
10334       |       -2343.93   |       -2367.92   |         23.988   |   166:34:13   |   10:53:46   |
10335       |        -2345.3   |       -2370.25   |        24.9593   |   166:37:16   |   10:52:56   |
10336       |       -2346.24   |       -2367.75   |        21.5111   |   166:40:19   |   10:52:06   |
10337       |       -2349.26   |       -2371.32   |        22.0657   |   166:43:25   |   10:51:16   |
10338       |       -2349.26   |       -2371.32   |        22.0657   |   166:46:58   |   10:50:28   |
10339       |       -2347.73   |       -2370.19   |        22.4647   |   166:50:09   |   10:49:39   |


Iter        |      Posterior   |     Likelihood   |          Prior   |    elapsed   |        ETA   |
----------------------------------------------------------------------------------------------------
10340       |       -2346.79   |       -2364.13   |        17.3431   |   166:53:04   |   10:48:48   |
10341       |       -2345.24   |       -2363.11   |        17.8726   |   167:06:12   |   10:48:38   |
10342       |       -2346.29   |       -2363.79   |        17.4971   |   167:09:11   |   10:47:47   |
10343       |       -2347.71   |       -2366.14   |        18.4318   |   167:12:27   |   10:46:58   |
10344       |       -2351.52   |       -2369.62   |        18.1006   |   167:15:16   |   10:46:07   |
10345       |       -2349.31   |       -2369.83   |        20.5199   |   167:18:24   |   10:45:17   |
10346       |       -2347.78   |       -2368.83   |        21.0454   |   167:21:24   |   10:44:27   |
10347       |       -2348.19   |       -2366.93   |        18.7338   |   167:24:36   |   10:43:37   |
10348       |       -2351.32   |       -2369.28   |         17.967   |   167:27:33   |   10:42:46   |
10349       |       -2349.13   |       -2367.64   |        18.5087   |   167:30:48   |   10:41:57   |
10350       |       -2348.52   |       -2367.14   |        18.6187   |   167:34:04   |   10:41:07   |
10351       |       -2351.03   |       -2368.03   |        17.0012   |   167:47:29   |   10:40:56   |
10352       |       -2354.96   |       -2371.04   |        16.0775   |   167:50:48   |   10:40:07   |
10353       |        -2353.1   |       -2367.53   |        14.4266   |   167:53:48   |   10:39:16   |
10354       |       -2351.81   |       -2367.86   |         16.056   |   167:57:01   |   10:38:27   |
10355       |       -2353.12   |       -2370.14   |        17.0202   |   167:59:42   |   10:37:35   |
10356       |       -2353.44   |        -2370.2   |        16.7546   |   168:02:47   |   10:36:44   |
10357       |       -2352.75   |       -2372.89   |        20.1342   |   168:06:02   |   10:35:54   |
10358       |       -2352.45   |       -2371.06   |        18.6159   |   168:08:55   |   10:35:03   |
10359       |       -2351.03   |       -2368.92   |         17.888   |   168:11:51   |   10:34:12   |


Iter        |      Posterior   |     Likelihood   |          Prior   |    elapsed   |        ETA   |
----------------------------------------------------------------------------------------------------
10360       |        -2347.2   |       -2365.29   |        18.0928   |   168:14:55   |   10:33:22   |
10361       |       -2347.39   |       -2366.67   |        19.2848   |   168:27:49   |   10:33:08   |
10362       |       -2351.14   |       -2369.55   |        18.4088   |   168:30:54   |   10:32:17   |
10363       |       -2350.85   |       -2368.91   |        18.0649   |   168:34:25   |   10:31:28   |
10364       |       -2350.68   |       -2367.77   |        17.0952   |   168:37:34   |   10:30:38   |
10365       |       -2347.54   |       -2366.53   |        18.9942   |   168:40:50   |   10:29:48   |
10366       |       -2349.12   |       -2367.67   |        18.5477   |   168:43:41   |   10:28:56   |
10367       |       -2346.74   |       -2365.36   |        18.6242   |   168:46:53   |   10:28:06   |
10368       |       -2346.06   |       -2365.77   |        19.7103   |   168:50:04   |   10:27:16   |
10369       |       -2348.19   |       -2367.41   |        19.2191   |   168:53:15   |   10:26:25   |
10370       |        -2347.8   |       -2366.77   |        18.9756   |   168:56:25   |   10:25:35   |
10371       |       -2347.34   |       -2365.84   |        18.4998   |   169:09:21   |   10:25:20   |
10372       |        -2349.9   |        -2366.5   |        16.6034   |   169:12:36   |   10:24:30   |
10373       |       -2352.02   |       -2366.87   |         14.857   |   169:16:12   |   10:23:41   |
10374       |       -2350.85   |       -2365.56   |        14.7108   |   169:19:23   |   10:22:50   |
10375       |       -2348.07   |       -2366.08   |        18.0024   |   169:22:38   |   10:22:00   |
10376       |       -2352.03   |       -2369.99   |        17.9591   |   169:25:35   |   10:21:08   |
10377       |       -2350.31   |       -2370.51   |        20.1956   |   169:28:57   |   10:20:18   |
10378       |       -2351.36   |       -2371.58   |        20.2285   |   169:32:18   |   10:19:28   |
10379       |       -2350.67   |       -2369.87   |        19.1993   |   169:35:19   |   10:18:37   |


Iter        |      Posterior   |     Likelihood   |          Prior   |    elapsed   |        ETA   |
----------------------------------------------------------------------------------------------------
10380       |       -2347.94   |       -2369.05   |        21.1072   |   169:38:48   |   10:17:47   |
10381       |       -2348.51   |       -2370.45   |        21.9382   |   169:51:51   |   10:17:32   |
10382       |       -2350.69   |       -2373.48   |         22.789   |   169:54:58   |   10:16:41   |
10383       |       -2350.54   |       -2371.69   |        21.1499   |   169:58:33   |   10:15:51   |
10384       |       -2349.72   |       -2369.81   |        20.0933   |   170:01:44   |   10:15:00   |
10385       |       -2351.47   |       -2371.14   |        19.6752   |   170:05:13   |   10:14:10   |
10386       |       -2350.48   |        -2367.8   |        17.3173   |   170:08:59   |   10:13:21   |
10387       |       -2350.25   |        -2367.1   |        16.8561   |   170:12:19   |   10:12:31   |
10388       |       -2351.76   |       -2368.25   |        16.4871   |   170:15:32   |   10:11:40   |
10389       |       -2353.65   |       -2369.28   |        15.6293   |   170:19:05   |   10:10:50   |
10390       |       -2355.64   |       -2367.82   |        12.1784   |   170:22:43   |   10:10:01   |
10391       |       -2356.28   |       -2368.37   |        12.0946   |   170:35:51   |   10:09:45   |
10392       |       -2355.25   |       -2367.37   |        12.1174   |   170:39:23   |   10:08:55   |
10393       |       -2354.26   |       -2367.31   |        13.0503   |   170:42:51   |   10:08:05   |
10394       |       -2350.64   |       -2366.58   |        15.9411   |   170:46:25   |   10:07:15   |
10395       |       -2352.63   |       -2368.55   |        15.9192   |   170:49:33   |   10:06:23   |
10396       |       -2352.63   |       -2368.55   |        15.9192   |   170:53:18   |   10:05:34   |
10397       |       -2353.62   |        -2369.5   |        15.8831   |   170:56:44   |   10:04:43   |
10398       |       -2353.62   |        -2369.5   |        15.8831   |   171:00:14   |   10:03:53   |
10399       |       -2352.77   |       -2369.37   |        16.5974   |   171:03:40   |   10:03:02   |


Iter        |      Posterior   |     Likelihood   |          Prior   |    elapsed   |        ETA   |
----------------------------------------------------------------------------------------------------
10400       |       -2352.14   |       -2370.72   |        18.5761   |   171:06:53   |   10:02:11   |
10401       |       -2348.76   |        -2369.4   |        20.6484   |   171:19:50   |   10:01:54   |
10402       |       -2346.54   |       -2369.04   |        22.4985   |   171:22:57   |   10:01:02   |
10403       |       -2347.91   |       -2369.49   |         21.579   |   171:26:16   |   10:00:11   |
10404       |       -2352.21   |       -2373.74   |        21.5302   |   171:29:46   |   09:59:20   |
10405       |       -2350.53   |       -2367.69   |         17.161   |   171:33:02   |   09:58:29   |
10406       |       -2348.05   |          -2366   |         17.956   |   171:36:15   |   09:57:37   |
10407       |       -2349.93   |       -2365.07   |        15.1412   |   171:39:31   |   09:56:46   |
10408       |       -2351.73   |       -2367.04   |        15.3116   |   171:42:38   |   09:55:54   |
10409       |       -2351.26   |       -2366.31   |        15.0504   |   171:46:27   |   09:55:04   |
10410       |       -2349.09   |       -2368.35   |        19.2648   |   171:49:44   |   09:54:13   |
10411       |       -2349.45   |       -2368.77   |        19.3168   |   172:02:45   |   09:53:55   |
10412       |       -2348.12   |       -2368.16   |        20.0349   |   172:06:06   |   09:53:03   |
10413       |        -2348.9   |       -2369.96   |        21.0534   |   172:09:04   |   09:52:11   |
10414       |        -2351.9   |       -2372.07   |        20.1738   |   172:12:23   |   09:51:19   |
10415       |       -2345.49   |        -2366.7   |         21.211   |   172:15:31   |   09:50:27   |
10416       |       -2345.62   |       -2364.85   |        19.2342   |   172:18:56   |   09:49:36   |
10417       |       -2344.63   |       -2364.66   |        20.0326   |   172:22:07   |   09:48:44   |
10418       |       -2347.07   |        -2366.5   |          19.43   |   172:25:24   |   09:47:52   |
10419       |       -2345.56   |       -2366.21   |        20.6538   |   172:28:39   |   09:47:00   |


Iter        |      Posterior   |     Likelihood   |          Prior   |    elapsed   |        ETA   |
----------------------------------------------------------------------------------------------------
10420       |       -2346.69   |       -2365.42   |        18.7218   |   172:31:54   |   09:46:08   |
10421       |       -2348.83   |        -2364.5   |        15.6736   |   172:44:49   |   09:45:49   |
10422       |       -2347.91   |       -2365.85   |        17.9402   |   172:47:46   |   09:44:56   |
10423       |       -2346.42   |       -2363.55   |        17.1347   |   172:51:06   |   09:44:04   |
10424       |       -2346.89   |       -2363.76   |        16.8653   |   172:54:25   |   09:43:12   |
10425       |       -2347.57   |       -2364.17   |        16.5983   |   172:57:48   |   09:42:21   |
10426       |       -2348.02   |        -2365.6   |        17.5783   |   173:00:45   |   09:41:27   |
10427       |       -2350.37   |        -2370.2   |        19.8273   |   173:03:57   |   09:40:35   |
10428       |       -2348.33   |       -2368.09   |        19.7561   |   173:07:10   |   09:39:43   |
10429       |       -2348.33   |       -2368.09   |        19.7561   |   173:10:40   |   09:38:51   |
10430       |       -2348.35   |       -2367.97   |        19.6156   |   173:13:55   |   09:37:59   |
10431       |       -2347.28   |       -2367.48   |        20.2035   |   173:26:46   |   09:37:39   |
10432       |       -2349.81   |       -2366.12   |        16.3012   |   173:29:44   |   09:36:45   |
10433       |       -2346.64   |       -2365.19   |        18.5546   |   173:32:59   |   09:35:53   |
10434       |       -2347.87   |       -2366.46   |        18.5938   |   173:36:10   |   09:35:00   |
10435       |       -2350.47   |       -2371.15   |        20.6783   |   173:39:25   |   09:34:08   |
10436       |       -2350.47   |       -2371.15   |        20.6783   |   173:42:54   |   09:33:16   |
10437       |       -2353.07   |       -2378.32   |         25.251   |   173:46:13   |   09:32:24   |
10438       |       -2350.52   |       -2374.99   |          24.47   |   173:49:04   |   09:31:30   |
10439       |       -2350.66   |       -2374.54   |        23.8766   |   173:52:09   |   09:30:37   |


Iter        |      Posterior   |     Likelihood   |          Prior   |    elapsed   |        ETA   |
----------------------------------------------------------------------------------------------------
10440       |       -2350.16   |       -2374.14   |        23.9861   |   173:55:12   |   09:29:44   |
10441       |       -2349.54   |       -2372.15   |         22.609   |   174:07:48   |   09:29:22   |
10442       |       -2351.33   |       -2375.64   |        24.3042   |   174:11:11   |   09:28:29   |
10443       |        -2351.9   |       -2376.69   |        24.7883   |   174:13:58   |   09:27:35   |
10444       |       -2350.15   |       -2374.44   |        24.2955   |   174:17:20   |   09:26:43   |
10445       |       -2354.45   |       -2377.06   |        22.6191   |   174:20:32   |   09:25:50   |
10446       |       -2350.09   |       -2372.46   |        22.3693   |   174:23:28   |   09:24:56   |
10447       |        -2351.3   |       -2371.68   |        20.3733   |   174:26:35   |   09:24:03   |
10448       |       -2349.11   |       -2369.63   |        20.5145   |   174:29:42   |   09:23:10   |
10449       |       -2351.74   |       -2370.37   |        18.6252   |   174:33:00   |   09:22:17   |
10450       |       -2352.98   |       -2371.62   |        18.6368   |   174:36:27   |   09:21:25   |
10451       |       -2352.98   |       -2371.62   |        18.6368   |   174:49:46   |   09:21:04   |
10452       |       -2354.63   |       -2372.31   |        17.6745   |   174:53:13   |   09:20:12   |
10453       |        -2354.9   |       -2372.76   |        17.8686   |   174:56:27   |   09:19:18   |
10454       |       -2353.91   |        -2372.1   |        18.1879   |   175:00:06   |   09:18:27   |
10455       |       -2350.37   |       -2367.74   |        17.3694   |   175:03:14   |   09:17:33   |
10456       |       -2350.25   |       -2367.57   |        17.3193   |   175:06:55   |   09:16:41   |
10457       |       -2352.42   |       -2369.84   |        17.4171   |   175:10:39   |   09:15:50   |
10458       |       -2352.31   |       -2369.57   |        17.2627   |   175:13:33   |   09:14:55   |
10459       |       -2351.06   |       -2370.74   |        19.6878   |   175:16:31   |   09:14:01   |


Iter        |      Posterior   |     Likelihood   |          Prior   |    elapsed   |        ETA   |
----------------------------------------------------------------------------------------------------
10460       |       -2353.77   |        -2371.1   |        17.3218   |   175:20:00   |   09:13:09   |
10461       |       -2350.67   |       -2369.04   |          18.37   |   175:33:34   |   09:12:48   |
10462       |       -2346.34   |       -2368.15   |         21.813   |   175:36:34   |   09:11:54   |
10463       |       -2347.66   |       -2370.06   |        22.4029   |   175:39:54   |   09:11:01   |
10464       |        -2347.4   |       -2369.67   |        22.2692   |   175:43:25   |   09:10:08   |
10465       |       -2346.39   |       -2367.24   |        20.8529   |   175:46:45   |   09:09:15   |
10466       |       -2347.85   |       -2368.52   |        20.6686   |   175:49:39   |   09:08:20   |
10467       |       -2350.58   |       -2369.59   |        19.0075   |   175:52:47   |   09:07:27   |
10468       |       -2350.66   |       -2370.43   |        19.7632   |   175:56:04   |   09:06:33   |
10469       |       -2351.72   |       -2369.85   |        18.1283   |   175:59:02   |   09:05:39   |
10470       |       -2351.13   |        -2368.9   |        17.7688   |   176:02:25   |   09:04:45   |
10471       |       -2350.18   |       -2367.89   |        17.7111   |   176:15:14   |   09:04:21   |
10472       |       -2350.18   |       -2367.89   |        17.7111   |   176:18:38   |   09:03:28   |
10473       |        -2349.8   |       -2369.18   |        19.3804   |   176:22:00   |   09:02:35   |
10474       |        -2349.2   |       -2369.27   |        20.0652   |   176:25:08   |   09:01:41   |
10475       |       -2350.48   |       -2369.88   |        19.3984   |   176:28:01   |   09:00:46   |
10476       |       -2347.47   |        -2367.7   |        20.2322   |   176:31:02   |   08:59:51   |
10477       |       -2347.71   |       -2368.39   |        20.6773   |   176:34:15   |   08:58:57   |
10478       |       -2351.77   |       -2373.08   |        21.3133   |   176:37:29   |   08:58:03   |
10479       |       -2350.63   |       -2375.43   |        24.7952   |   176:40:42   |   08:57:10   |


Iter        |      Posterior   |     Likelihood   |          Prior   |    elapsed   |        ETA   |
----------------------------------------------------------------------------------------------------
10480       |       -2353.09   |       -2378.33   |         25.233   |   176:43:32   |   08:56:14   |
10481       |       -2349.73   |       -2374.48   |         24.749   |   176:55:42   |   08:55:47   |
10482       |       -2349.15   |       -2373.43   |        24.2751   |   176:58:37   |   08:54:52   |
10483       |          -2350   |        -2374.2   |        24.2006   |   177:01:54   |   08:53:58   |
10484       |       -2349.33   |       -2374.04   |        24.7086   |   177:04:41   |   08:53:03   |
10485       |       -2345.53   |       -2370.66   |        25.1365   |   177:07:44   |   08:52:08   |
10486       |       -2346.61   |       -2369.74   |        23.1313   |   177:10:50   |   08:51:14   |
10487       |       -2347.28   |       -2369.65   |         22.366   |   177:14:05   |   08:50:20   |
10488       |       -2349.16   |       -2369.42   |        20.2591   |   177:17:28   |   08:49:26   |
10489       |       -2346.39   |        -2367.2   |        20.8117   |   177:20:41   |   08:48:32   |
10490       |       -2346.44   |       -2369.88   |         23.444   |   177:24:05   |   08:47:38   |
10491       |        -2346.7   |       -2370.44   |        23.7388   |   177:36:47   |   08:47:12   |
10492       |       -2349.49   |       -2374.15   |        24.6631   |   177:39:46   |   08:46:16   |
10493       |       -2347.76   |       -2372.33   |        24.5641   |   177:43:08   |   08:45:22   |
10494       |       -2348.58   |        -2369.8   |        21.2225   |   177:46:13   |   08:44:28   |
10495       |       -2342.19   |       -2364.01   |        21.8155   |   177:49:20   |   08:43:33   |
10496       |        -2342.5   |       -2363.38   |        20.8863   |   177:52:35   |   08:42:38   |
10497       |       -2342.28   |        -2363.1   |        20.8206   |   177:55:58   |   08:41:44   |
10498       |       -2343.53   |       -2363.89   |        20.3554   |   177:59:09   |   08:40:50   |
10499       |       -2343.45   |          -2364   |        20.5534   |   178:02:15   |   08:39:55   |


Iter        |      Posterior   |     Likelihood   |          Prior   |    elapsed   |        ETA   |
----------------------------------------------------------------------------------------------------
10500       |       -2345.35   |       -2365.65   |        20.2993   |   178:05:13   |   08:38:59   |
10501       |       -2344.23   |       -2364.65   |        20.4209   |   178:18:23   |   08:38:34   |
10502       |       -2343.78   |       -2365.52   |        21.7419   |   178:21:39   |   08:37:39   |
10503       |       -2343.15   |       -2365.59   |        22.4456   |   178:25:00   |   08:36:45   |
10504       |       -2345.33   |       -2367.52   |        22.1903   |   178:27:52   |   08:35:49   |
10505       |       -2347.28   |       -2366.84   |         19.551   |   178:30:54   |   08:34:53   |
10506       |          -2345   |        -2364.8   |        19.7933   |   178:34:08   |   08:33:59   |
10507       |       -2349.15   |       -2370.75   |        21.5961   |   178:37:24   |   08:33:04   |
10508       |       -2348.45   |       -2368.88   |        20.4302   |   178:40:31   |   08:32:09   |
10509       |       -2350.47   |       -2371.82   |         21.344   |   178:43:50   |   08:31:14   |
10510       |       -2352.86   |       -2374.27   |        21.4053   |   178:46:46   |   08:30:18   |
10511       |       -2349.55   |       -2369.38   |        19.8224   |   178:59:45   |   08:29:51   |
10512       |       -2348.45   |       -2372.43   |        23.9845   |   179:03:12   |   08:28:57   |
10513       |       -2346.48   |       -2368.58   |        22.1075   |   179:06:56   |   08:28:03   |
10514       |       -2348.39   |       -2370.62   |        22.2268   |   179:10:18   |   08:27:08   |
10515       |       -2352.87   |       -2376.04   |        23.1745   |   179:13:40   |   08:26:14   |
10516       |       -2348.97   |       -2372.43   |        23.4582   |   179:16:58   |   08:25:19   |
10517       |       -2352.19   |       -2370.61   |        18.4181   |   179:20:26   |   08:24:24   |
10518       |        -2351.5   |       -2371.18   |        19.6842   |   179:23:57   |   08:23:30   |
10519       |       -2349.08   |       -2368.32   |        19.2409   |   179:27:38   |   08:22:36   |


Iter        |      Posterior   |     Likelihood   |          Prior   |    elapsed   |        ETA   |
----------------------------------------------------------------------------------------------------
10520       |       -2348.45   |       -2366.87   |        18.4204   |   179:30:56   |   08:21:41   |
10521       |        -2351.7   |       -2370.47   |        18.7662   |   179:44:25   |   08:21:14   |
10522       |       -2352.09   |       -2372.11   |        20.0232   |   179:48:30   |   08:20:21   |
10523       |       -2351.46   |       -2370.14   |        18.6822   |   179:52:09   |   08:19:27   |
10524       |       -2351.44   |       -2371.65   |        20.2147   |   179:55:54   |   08:18:33   |
10525       |       -2352.45   |       -2372.65   |        20.2063   |   179:59:36   |   08:17:39   |
10526       |       -2352.45   |       -2372.65   |        20.2063   |   180:03:24   |   08:16:45   |
10527       |       -2352.69   |       -2372.89   |        20.2063   |   180:07:03   |   08:15:50   |
10528       |       -2352.69   |       -2372.89   |        20.2063   |   180:11:04   |   08:14:57   |
10529       |        -2352.1   |       -2371.91   |        19.8129   |   180:14:57   |   08:14:03   |
10530       |       -2351.61   |       -2369.02   |        17.4064   |   180:18:45   |   08:13:09   |
10531       |       -2353.71   |       -2368.49   |        14.7769   |   180:33:04   |   08:12:44   |
10532       |       -2353.91   |       -2368.31   |        14.4019   |   180:36:46   |   08:11:49   |
10533       |       -2350.41   |        -2368.8   |        18.3959   |   180:40:21   |   08:10:55   |
10534       |       -2347.12   |       -2369.82   |        22.7016   |   180:43:52   |   08:10:00   |
10535       |       -2347.25   |       -2371.02   |        23.7656   |   180:47:23   |   08:09:05   |
10536       |       -2347.07   |       -2369.54   |        22.4661   |   180:50:51   |   08:08:09   |
10537       |       -2345.48   |       -2369.45   |        23.9668   |   180:54:19   |   08:07:14   |
10538       |       -2345.58   |       -2369.37   |         23.789   |   180:57:49   |   08:06:19   |
10539       |       -2345.34   |       -2369.65   |        24.3094   |   181:01:29   |   08:05:24   |


Iter        |      Posterior   |     Likelihood   |          Prior   |    elapsed   |        ETA   |
----------------------------------------------------------------------------------------------------
10540       |       -2345.91   |       -2370.28   |         24.365   |   181:05:14   |   08:04:30   |
10541       |       -2345.58   |       -2369.82   |         24.237   |   181:18:20   |   08:04:00   |
10542       |        -2350.4   |       -2374.27   |        23.8751   |   181:21:40   |   08:03:04   |
10543       |       -2350.92   |        -2373.7   |        22.7776   |   181:25:30   |   08:02:10   |
10544       |       -2350.25   |       -2370.73   |        20.4804   |   181:29:05   |   08:01:15   |
10545       |       -2349.15   |       -2372.78   |        23.6379   |   181:32:39   |   08:00:19   |
10546       |       -2347.93   |       -2371.08   |        23.1492   |   181:36:07   |   07:59:24   |
10547       |       -2349.63   |       -2373.25   |        23.6219   |   181:39:45   |   07:58:29   |
10548       |       -2349.93   |       -2374.13   |        24.1993   |   181:43:09   |   07:57:33   |
10549       |       -2350.47   |       -2374.08   |        23.6103   |   181:46:16   |   07:56:36   |
10550       |       -2350.05   |       -2374.62   |        24.5673   |   181:49:42   |   07:55:41   |
10551       |       -2350.52   |       -2373.72   |        23.2035   |   182:02:12   |   07:55:08   |
10552       |       -2350.81   |       -2374.59   |        23.7781   |   182:05:34   |   07:54:12   |
10553       |       -2351.09   |       -2375.62   |         24.527   |   182:09:01   |   07:53:17   |
10554       |       -2351.27   |       -2375.81   |         24.533   |   182:12:35   |   07:52:21   |
10555       |       -2349.75   |       -2373.99   |        24.2422   |   182:15:53   |   07:51:25   |
10556       |       -2353.01   |        -2377.2   |        24.1837   |   182:19:11   |   07:50:28   |
10557       |       -2352.38   |       -2375.86   |        23.4806   |   182:22:52   |   07:49:33   |
10558       |       -2348.27   |       -2373.54   |        25.2778   |   182:26:02   |   07:48:36   |
10559       |       -2350.31   |       -2374.87   |        24.5635   |   182:28:57   |   07:47:39   |


Iter        |      Posterior   |     Likelihood   |          Prior   |    elapsed   |        ETA   |
----------------------------------------------------------------------------------------------------
10560       |        -2349.7   |       -2374.67   |        24.9715   |   182:32:31   |   07:46:43   |
10561       |       -2349.34   |       -2373.33   |        23.9857   |   182:45:18   |   07:46:11   |
10562       |       -2349.51   |       -2373.77   |        24.2595   |   182:48:49   |   07:45:15   |
10563       |       -2350.22   |       -2374.33   |         24.107   |   182:52:29   |   07:44:19   |
10564       |       -2349.82   |       -2373.47   |        23.6486   |   182:55:46   |   07:43:23   |
10565       |       -2356.41   |       -2377.56   |        21.1436   |   182:59:22   |   07:42:27   |
10566       |       -2349.22   |        -2371.6   |        22.3856   |   183:02:47   |   07:41:30   |
10567       |       -2347.88   |        -2372.6   |        24.7223   |   183:05:55   |   07:40:33   |
10568       |       -2348.34   |       -2371.07   |         22.727   |   183:08:59   |   07:39:36   |
10569       |       -2349.96   |       -2372.79   |        22.8365   |   183:12:23   |   07:38:39   |
10570       |       -2351.98   |       -2373.11   |        21.1302   |   183:15:55   |   07:37:43   |
10571       |       -2352.42   |       -2375.71   |        23.2835   |   183:29:33   |   07:37:12   |
10572       |       -2347.75   |       -2370.44   |        22.6885   |   183:32:44   |   07:36:15   |
10573       |       -2346.94   |       -2371.04   |        24.1004   |   183:36:04   |   07:35:18   |
10574       |       -2347.68   |       -2368.78   |        21.1002   |   183:39:23   |   07:34:21   |
10575       |       -2349.06   |       -2368.94   |        19.8803   |   183:42:17   |   07:33:23   |
10576       |       -2356.31   |       -2376.26   |        19.9495   |   183:45:52   |   07:32:27   |
10577       |       -2354.98   |       -2376.13   |        21.1445   |   183:49:26   |   07:31:31   |
10578       |       -2353.38   |       -2376.03   |        22.6434   |   183:53:20   |   07:30:35   |
10579       |       -2354.77   |       -2373.35   |        18.5809   |   183:56:43   |   07:29:38   |


Iter        |      Posterior   |     Likelihood   |          Prior   |    elapsed   |        ETA   |
----------------------------------------------------------------------------------------------------
10580       |       -2354.85   |       -2373.21   |        18.3595   |   184:00:28   |   07:28:42   |
10581       |       -2353.61   |       -2377.09   |         23.486   |   184:13:56   |   07:28:10   |
10582       |       -2350.13   |       -2371.07   |        20.9427   |   184:17:19   |   07:27:13   |
10583       |       -2348.67   |       -2368.48   |        19.8025   |   184:20:35   |   07:26:16   |
10584       |       -2347.87   |       -2368.32   |        20.4476   |   184:24:21   |   07:25:20   |
10585       |       -2350.19   |       -2372.11   |        21.9281   |   184:27:57   |   07:24:23   |
10586       |       -2348.28   |       -2368.44   |        20.1573   |   184:31:14   |   07:23:26   |
10587       |       -2345.77   |       -2366.26   |        20.4866   |   184:34:46   |   07:22:29   |
10588       |        -2346.2   |       -2366.64   |        20.4403   |   184:38:25   |   07:21:32   |
10589       |       -2348.86   |       -2368.89   |        20.0322   |   184:41:43   |   07:20:35   |
10590       |       -2348.96   |       -2367.61   |        18.6513   |   184:45:04   |   07:19:38   |
10591       |        -2349.1   |       -2369.59   |         20.492   |   184:58:06   |   07:19:03   |
10592       |       -2349.23   |        -2369.3   |        20.0725   |   185:01:21   |   07:18:06   |
10593       |       -2354.43   |        -2374.2   |        19.7762   |   185:04:41   |   07:17:08   |
10594       |       -2355.89   |       -2375.36   |        19.4684   |   185:07:51   |   07:16:10   |
10595       |       -2352.19   |       -2370.41   |        18.2245   |   185:10:51   |   07:15:12   |
10596       |       -2350.73   |       -2370.44   |        19.7147   |   185:14:15   |   07:14:14   |
10597       |       -2351.96   |       -2367.36   |        15.4004   |   185:17:29   |   07:13:17   |
10598       |       -2350.24   |       -2366.13   |        15.8832   |   185:20:44   |   07:12:19   |
10599       |       -2350.98   |       -2365.94   |         14.953   |   185:24:09   |   07:11:21   |


Iter        |      Posterior   |     Likelihood   |          Prior   |    elapsed   |        ETA   |
----------------------------------------------------------------------------------------------------
10600       |       -2350.59   |       -2368.21   |        17.6176   |   185:27:20   |   07:10:23   |
10601       |       -2353.41   |       -2370.53   |         17.117   |   185:40:20   |   07:09:48   |
10602       |       -2351.08   |       -2368.68   |        17.5965   |   185:43:24   |   07:08:50   |
10603       |       -2351.43   |       -2371.04   |        19.6159   |   185:46:21   |   07:07:51   |
10604       |       -2350.52   |       -2370.84   |        20.3251   |   185:49:22   |   07:06:52   |
10605       |       -2349.11   |        -2369.6   |        20.4935   |   185:52:22   |   07:05:54   |
10606       |        -2348.7   |       -2368.82   |        20.1198   |   185:55:00   |   07:04:54   |
10607       |       -2346.79   |       -2365.37   |        18.5891   |   185:58:16   |   07:03:56   |
10608       |       -2347.83   |       -2368.15   |        20.3235   |   186:01:24   |   07:02:58   |
10609       |       -2349.64   |       -2370.65   |        21.0159   |   186:04:46   |   07:02:00   |
10610       |       -2345.09   |       -2365.44   |        20.3537   |   186:08:05   |   07:01:02   |
10611       |       -2347.67   |       -2370.16   |        22.4906   |   186:21:06   |   07:00:26   |
10612       |       -2349.51   |       -2368.99   |        19.4792   |   186:24:36   |   06:59:28   |
10613       |       -2347.95   |       -2367.49   |        19.5403   |   186:27:57   |   06:58:30   |
10614       |       -2348.42   |        -2370.1   |         21.681   |   186:31:20   |   06:57:32   |
10615       |       -2350.81   |        -2370.6   |        19.7914   |   186:34:46   |   06:56:34   |
10616       |       -2351.38   |       -2370.91   |        19.5338   |   186:38:38   |   06:55:37   |
10617       |       -2351.08   |       -2370.56   |         19.483   |   186:42:17   |   06:54:39   |
10618       |        -2349.7   |       -2370.47   |        20.7685   |   186:45:37   |   06:53:41   |
10619       |       -2348.95   |       -2371.58   |        22.6222   |   186:48:58   |   06:52:43   |


Iter        |      Posterior   |     Likelihood   |          Prior   |    elapsed   |        ETA   |
----------------------------------------------------------------------------------------------------
10620       |          -2350   |       -2372.36   |        22.3582   |   186:52:17   |   06:51:45   |
10621       |       -2349.79   |       -2373.18   |        23.3852   |   187:05:33   |   06:51:08   |
10622       |       -2349.89   |       -2372.49   |        22.5985   |   187:09:02   |   06:50:10   |
10623       |       -2348.45   |       -2371.34   |        22.8846   |   187:12:18   |   06:49:11   |
10624       |       -2346.92   |       -2370.08   |        23.1632   |   187:15:29   |   06:48:13   |
10625       |       -2347.68   |        -2368.5   |        20.8283   |   187:18:56   |   06:47:14   |
10626       |       -2349.08   |       -2371.88   |        22.8001   |   187:22:10   |   06:46:16   |
10627       |       -2348.97   |       -2369.72   |        20.7475   |   187:25:06   |   06:45:16   |
10628       |       -2346.09   |          -2367   |        20.9127   |   187:28:34   |   06:44:18   |
10629       |       -2344.86   |       -2367.16   |        22.2989   |   187:31:40   |   06:43:19   |
10630       |       -2342.29   |       -2364.68   |        22.3949   |   187:34:59   |   06:42:20   |
10631       |       -2343.11   |       -2364.83   |        21.7175   |   187:47:39   |   06:41:41   |
10632       |       -2344.68   |       -2365.05   |        20.3745   |   187:50:33   |   06:40:42   |
10633       |       -2346.85   |       -2367.46   |        20.6146   |   187:53:32   |   06:39:42   |
10634       |       -2344.84   |       -2365.34   |        20.4994   |   187:56:33   |   06:38:43   |
10635       |       -2344.93   |       -2364.81   |        19.8785   |   187:59:29   |   06:37:43   |
10636       |       -2346.17   |          -2365   |        18.8358   |   188:02:18   |   06:36:43   |
10637       |       -2347.94   |       -2367.78   |        19.8323   |   188:05:21   |   06:35:44   |
10638       |       -2349.37   |       -2365.84   |         16.469   |   188:08:26   |   06:34:44   |
10639       |       -2348.97   |       -2365.15   |        16.1778   |   188:11:36   |   06:33:45   |


Iter        |      Posterior   |     Likelihood   |          Prior   |    elapsed   |        ETA   |
----------------------------------------------------------------------------------------------------
10640       |        -2352.4   |       -2367.38   |        14.9851   |   188:14:53   |   06:32:46   |
10641       |       -2351.67   |       -2368.25   |        16.5862   |   188:28:22   |   06:32:08   |
10642       |       -2349.41   |       -2366.51   |        17.0998   |   188:31:10   |   06:31:08   |
10643       |       -2348.98   |       -2368.55   |        19.5733   |   188:34:13   |   06:30:08   |
10644       |       -2348.98   |       -2368.55   |        19.5733   |   188:37:32   |   06:29:09   |
10645       |       -2348.98   |       -2368.55   |        19.5733   |   188:40:47   |   06:28:10   |
10646       |       -2351.03   |       -2369.38   |        18.3526   |   188:44:01   |   06:27:10   |
10647       |        -2352.2   |       -2371.06   |        18.8549   |   188:47:19   |   06:26:11   |
10648       |        -2352.2   |       -2371.06   |        18.8549   |   188:50:32   |   06:25:12   |
10649       |        -2352.2   |       -2371.06   |        18.8549   |   188:53:49   |   06:24:12   |
10650       |        -2352.2   |       -2371.06   |        18.8549   |   188:57:10   |   06:23:13   |
10651       |        -2352.2   |       -2371.06   |        18.8549   |   189:11:25   |   06:22:36   |
10652       |        -2352.2   |       -2371.06   |        18.8549   |   189:14:37   |   06:21:36   |
10653       |       -2353.68   |       -2372.53   |        18.8514   |   189:17:51   |   06:20:37   |
10654       |        -2354.7   |       -2373.55   |        18.8514   |   189:20:58   |   06:19:37   |
10655       |        -2354.7   |       -2373.55   |        18.8514   |   189:24:12   |   06:18:37   |
10656       |        -2354.7   |       -2373.55   |        18.8514   |   189:27:40   |   06:17:38   |
10657       |        -2354.7   |       -2373.55   |        18.8514   |   189:31:04   |   06:16:39   |
10658       |        -2354.7   |       -2373.55   |        18.8514   |   189:34:21   |   06:15:39   |
10659       |        -2354.7   |       -2373.55   |        18.8514   |   189:37:42   |   06:14:40   |


Iter        |      Posterior   |     Likelihood   |          Prior   |    elapsed   |        ETA   |
----------------------------------------------------------------------------------------------------
10660       |       -2354.35   |       -2373.02   |        18.6647   |   189:41:04   |   06:13:40   |
10661       |       -2354.35   |       -2373.02   |        18.6647   |   189:53:52   |   06:12:59   |
10662       |       -2350.46   |       -2369.65   |        19.1881   |   189:56:44   |   06:11:58   |
10663       |       -2350.29   |       -2369.49   |        19.2022   |   189:59:49   |   06:10:58   |
10664       |       -2347.69   |       -2367.83   |        20.1433   |   190:02:36   |   06:09:57   |
10665       |       -2349.01   |       -2367.94   |        18.9346   |   190:05:35   |   06:08:57   |
10666       |       -2349.01   |       -2366.84   |        17.8344   |   190:08:51   |   06:07:57   |
10667       |       -2348.74   |       -2368.05   |        19.3126   |   190:12:12   |   06:06:57   |
10668       |       -2350.28   |       -2369.46   |        19.1833   |   190:15:21   |   06:05:57   |
10669       |       -2347.06   |       -2364.36   |        17.3014   |   190:18:15   |   06:04:56   |
10670       |       -2348.36   |       -2365.83   |         17.464   |   190:21:11   |   06:03:56   |
10671       |       -2348.37   |       -2367.54   |        19.1681   |   190:34:06   |   06:03:14   |
10672       |       -2350.35   |       -2366.98   |        16.6305   |   190:36:57   |   06:02:13   |
10673       |       -2350.01   |       -2368.96   |        18.9487   |   190:40:11   |   06:01:13   |
10674       |       -2350.38   |       -2366.35   |        15.9682   |   190:43:09   |   06:00:12   |
10675       |       -2349.81   |       -2366.86   |        17.0496   |   190:46:21   |   05:59:12   |
10676       |       -2347.87   |        -2368.1   |        20.2356   |   190:49:18   |   05:58:11   |
10677       |       -2350.68   |        -2368.4   |        17.7229   |   190:52:20   |   05:57:10   |
10678       |       -2348.97   |       -2368.25   |        19.2764   |   190:55:30   |   05:56:10   |
10679       |       -2350.05   |       -2369.76   |         19.702   |   190:58:41   |   05:55:09   |


Iter        |      Posterior   |     Likelihood   |          Prior   |    elapsed   |        ETA   |
----------------------------------------------------------------------------------------------------
10680       |       -2352.61   |       -2370.61   |         17.996   |   191:01:33   |   05:54:08   |
10681       |       -2351.31   |        -2367.4   |        16.0927   |   191:15:18   |   05:53:27   |
10682       |       -2350.86   |       -2369.11   |         18.259   |   191:18:22   |   05:52:27   |
10683       |       -2351.95   |       -2370.31   |        18.3649   |   191:21:40   |   05:51:26   |
10684       |       -2353.05   |       -2369.21   |        16.1601   |   191:25:10   |   05:50:26   |
10685       |       -2357.87   |       -2374.05   |        16.1781   |   191:28:28   |   05:49:26   |
10686       |       -2353.06   |        -2369.3   |        16.2407   |   191:32:02   |   05:48:26   |
10687       |       -2353.72   |       -2369.92   |           16.2   |   191:35:36   |   05:47:26   |
10688       |       -2353.25   |       -2371.89   |         18.636   |   191:39:04   |   05:46:26   |
10689       |       -2355.88   |       -2368.32   |        12.4352   |   191:42:30   |   05:45:25   |
10690       |       -2350.62   |       -2364.58   |        13.9625   |   191:45:39   |   05:44:24   |
10691       |       -2352.58   |       -2372.14   |        19.5529   |   191:59:19   |   05:43:42   |
10692       |       -2350.87   |       -2368.63   |        17.7571   |   192:02:12   |   05:42:41   |
10693       |        -2351.5   |       -2370.78   |        19.2845   |   192:05:27   |   05:41:40   |
10694       |       -2351.18   |       -2370.25   |        19.0737   |   192:08:38   |   05:40:39   |
10695       |       -2353.66   |       -2375.19   |        21.5267   |   192:11:49   |   05:39:38   |
10696       |       -2350.67   |       -2373.57   |        22.8956   |   192:14:47   |   05:38:37   |
10697       |       -2350.74   |       -2370.49   |        19.7497   |   192:17:41   |   05:37:35   |
10698       |       -2350.23   |       -2370.31   |        20.0851   |   192:20:57   |   05:36:35   |
10699       |          -2353   |       -2367.87   |        14.8647   |   192:24:11   |   05:35:34   |


Iter        |      Posterior   |     Likelihood   |          Prior   |    elapsed   |        ETA   |
----------------------------------------------------------------------------------------------------
10700       |       -2356.47   |       -2373.05   |        16.5824   |   192:27:34   |   05:34:33   |
10701       |       -2355.17   |       -2373.71   |        18.5371   |   192:40:38   |   05:33:49   |
10702       |       -2354.66   |       -2373.35   |        18.6943   |   192:43:50   |   05:32:48   |
10703       |       -2351.83   |       -2371.63   |         19.802   |   192:47:07   |   05:31:47   |
10704       |       -2354.77   |       -2375.07   |         20.303   |   192:50:24   |   05:30:46   |
10705       |       -2354.17   |       -2372.28   |        18.1094   |   192:53:47   |   05:29:45   |
10706       |       -2351.38   |       -2372.35   |         20.972   |   192:57:05   |   05:28:44   |
10707       |       -2351.38   |       -2372.35   |         20.972   |   193:00:36   |   05:27:43   |
10708       |       -2351.43   |       -2372.11   |        20.6774   |   193:04:07   |   05:26:42   |
10709       |       -2351.36   |       -2371.65   |        20.2886   |   193:07:33   |   05:25:41   |
10710       |       -2353.76   |        -2373.5   |        19.7379   |   193:10:44   |   05:24:40   |
10711       |       -2347.92   |       -2368.49   |        20.5684   |   193:23:39   |   05:23:55   |
10712       |        -2346.8   |       -2365.45   |        18.6509   |   193:26:54   |   05:22:53   |
10713       |       -2348.99   |       -2369.11   |        20.1295   |   193:29:56   |   05:21:51   |
10714       |       -2348.97   |       -2364.38   |        15.4133   |   193:33:32   |   05:20:51   |
10715       |       -2347.37   |       -2366.25   |        18.8801   |   193:37:14   |   05:19:50   |
10716       |       -2346.66   |       -2365.37   |        18.7107   |   193:40:37   |   05:18:49   |
10717       |        -2345.7   |       -2364.48   |         18.774   |   193:43:53   |   05:17:47   |
10718       |       -2345.55   |       -2367.51   |        21.9578   |   193:47:10   |   05:16:46   |
10719       |        -2345.7   |       -2365.09   |        19.3957   |   193:50:33   |   05:15:44   |


Iter        |      Posterior   |     Likelihood   |          Prior   |    elapsed   |        ETA   |
----------------------------------------------------------------------------------------------------
10720       |       -2344.52   |       -2364.52   |         20.006   |   193:53:33   |   05:14:42   |
10721       |       -2344.68   |       -2364.18   |        19.4933   |   194:06:36   |   05:13:57   |
10722       |        -2346.1   |       -2365.61   |        19.5086   |   194:09:48   |   05:12:55   |
10723       |       -2343.21   |       -2363.81   |        20.6001   |   194:12:52   |   05:11:53   |
10724       |       -2344.62   |        -2363.4   |        18.7874   |   194:16:06   |   05:10:51   |
10725       |       -2346.23   |       -2364.65   |        18.4196   |   194:19:40   |   05:09:50   |
10726       |       -2346.98   |       -2365.16   |        18.1751   |   194:23:12   |   05:08:48   |
10727       |       -2346.98   |       -2365.16   |        18.1751   |   194:26:47   |   05:07:47   |
10728       |       -2346.98   |       -2365.16   |        18.1751   |   194:30:21   |   05:06:46   |
10729       |       -2346.98   |       -2365.16   |        18.1751   |   194:34:03   |   05:05:45   |
10730       |       -2346.98   |       -2365.16   |        18.1751   |   194:37:34   |   05:04:43   |
10731       |       -2346.98   |       -2365.16   |        18.1751   |   194:51:00   |   05:03:57   |
10732       |       -2347.31   |       -2365.48   |        18.1732   |   194:54:31   |   05:02:55   |
10733       |       -2347.76   |       -2365.96   |         18.201   |   194:57:46   |   05:01:53   |
10734       |       -2347.89   |       -2365.74   |        17.8462   |   195:01:15   |   05:00:52   |
10735       |       -2348.23   |        -2366.2   |        17.9726   |   195:04:51   |   04:59:50   |
10736       |       -2345.73   |       -2365.09   |         19.364   |   195:08:18   |   04:58:48   |
10737       |       -2347.34   |       -2366.92   |        19.5837   |   195:11:40   |   04:57:46   |
10738       |       -2347.34   |       -2366.92   |        19.5837   |   195:15:12   |   04:56:45   |
10739       |       -2347.22   |        -2366.9   |        19.6837   |   195:18:45   |   04:55:43   |


Iter        |      Posterior   |     Likelihood   |          Prior   |    elapsed   |        ETA   |
----------------------------------------------------------------------------------------------------
10740       |       -2347.22   |        -2366.9   |        19.6837   |   195:22:32   |   04:54:42   |
10741       |       -2348.37   |       -2367.51   |        19.1466   |   195:36:05   |   04:53:55   |
10742       |       -2348.89   |       -2367.63   |        18.7411   |   195:39:12   |   04:52:52   |
10743       |       -2349.91   |       -2368.64   |        18.7335   |   195:42:54   |   04:51:51   |
10744       |       -2349.91   |       -2368.64   |        18.7335   |   195:46:33   |   04:50:49   |
10745       |       -2349.91   |       -2368.64   |        18.7335   |   195:50:14   |   04:49:47   |
10746       |       -2349.91   |       -2368.64   |        18.7335   |   195:54:00   |   04:48:45   |
10747       |       -2347.59   |       -2364.02   |         16.423   |   195:57:12   |   04:47:43   |
10748       |       -2346.94   |       -2364.57   |        17.6278   |   196:00:37   |   04:46:41   |
10749       |       -2351.64   |       -2371.21   |        19.5715   |   196:03:57   |   04:45:38   |
10750       |       -2349.01   |       -2367.84   |        18.8279   |   196:07:05   |   04:44:35   |
10751       |       -2353.28   |       -2363.77   |        10.4883   |   196:20:39   |   04:43:48   |
10752       |       -2352.84   |       -2366.49   |        13.6515   |   196:24:04   |   04:42:45   |
10753       |        -2350.4   |       -2364.44   |        14.0396   |   196:27:11   |   04:41:43   |
10754       |       -2350.05   |       -2366.07   |        16.0168   |   196:30:16   |   04:40:40   |
10755       |       -2351.73   |        -2363.7   |        11.9689   |   196:33:32   |   04:39:37   |
10756       |       -2349.91   |        -2364.1   |        14.1885   |   196:36:58   |   04:38:34   |
10757       |       -2351.28   |       -2367.72   |        16.4413   |   196:40:34   |   04:37:32   |
10758       |       -2350.16   |       -2371.18   |        21.0198   |   196:43:48   |   04:36:29   |
10759       |       -2349.54   |       -2368.19   |        18.6479   |   196:47:13   |   04:35:27   |


Iter        |      Posterior   |     Likelihood   |          Prior   |    elapsed   |        ETA   |
----------------------------------------------------------------------------------------------------
10760       |       -2354.56   |        -2372.8   |        18.2397   |   196:50:42   |   04:34:24   |
10761       |       -2352.18   |       -2370.84   |        18.6553   |   197:03:43   |   04:33:35   |
10762       |       -2352.18   |       -2370.84   |        18.6553   |   197:07:24   |   04:32:33   |
10763       |        -2354.3   |       -2370.48   |        16.1753   |   197:11:01   |   04:31:30   |
10764       |       -2351.56   |       -2369.47   |         17.915   |   197:14:16   |   04:30:27   |
10765       |       -2357.81   |       -2378.51   |         20.702   |   197:17:12   |   04:29:24   |
10766       |        -2356.1   |       -2375.32   |        19.2213   |   197:20:20   |   04:28:20   |
10767       |       -2351.92   |       -2371.11   |        19.1841   |   197:23:14   |   04:27:17   |
10768       |       -2348.26   |       -2368.53   |        20.2773   |   197:26:12   |   04:26:13   |
10769       |       -2346.55   |       -2366.95   |        20.4089   |   197:29:25   |   04:25:10   |
10770       |        -2348.9   |       -2371.39   |         22.491   |   197:32:22   |   04:24:07   |
10771       |       -2347.64   |       -2367.19   |         19.548   |   197:45:07   |   04:23:16   |
10772       |       -2348.15   |       -2366.76   |        18.6146   |   197:48:06   |   04:22:13   |
10773       |       -2347.32   |        -2368.3   |        20.9833   |   197:51:10   |   04:21:09   |
10774       |       -2347.54   |       -2369.38   |        21.8381   |   197:54:36   |   04:20:06   |
10775       |       -2349.24   |       -2371.58   |        22.3358   |   197:57:39   |   04:19:02   |
10776       |       -2347.31   |       -2369.11   |        21.7921   |   198:00:57   |   04:17:59   |
10777       |       -2346.02   |       -2368.71   |        22.6878   |   198:04:11   |   04:16:56   |
10778       |       -2348.28   |       -2371.72   |        23.4458   |   198:07:30   |   04:15:52   |
10779       |       -2348.42   |       -2371.49   |        23.0707   |   198:11:02   |   04:14:49   |


Iter        |      Posterior   |     Likelihood   |          Prior   |    elapsed   |        ETA   |
----------------------------------------------------------------------------------------------------
10780       |       -2348.99   |       -2371.87   |        22.8775   |   198:14:16   |   04:13:46   |
10781       |        -2348.3   |       -2371.28   |        22.9812   |   198:27:03   |   04:12:55   |
10782       |       -2350.28   |       -2373.93   |        23.6535   |   198:30:15   |   04:11:51   |
10783       |       -2355.54   |       -2376.89   |        21.3495   |   198:33:36   |   04:10:48   |
10784       |       -2354.18   |       -2374.97   |        20.7895   |   198:37:08   |   04:09:44   |
10785       |       -2346.93   |       -2369.84   |         22.904   |   198:40:33   |   04:08:41   |
10786       |       -2347.11   |       -2368.09   |        20.9772   |   198:44:10   |   04:07:38   |
10787       |       -2346.08   |        -2369.1   |        23.0198   |   198:47:30   |   04:06:34   |
10788       |        -2349.7   |       -2372.62   |        22.9268   |   198:50:47   |   04:05:31   |
10789       |        -2344.5   |       -2368.76   |        24.2681   |   198:53:57   |   04:04:27   |
10790       |       -2345.97   |       -2370.04   |        24.0749   |   198:57:17   |   04:03:23   |
10791       |       -2345.31   |       -2368.68   |         23.366   |   199:10:00   |   04:02:31   |
10792       |       -2346.44   |       -2370.95   |        24.5093   |   199:12:57   |   04:01:27   |
10793       |       -2346.44   |       -2370.95   |        24.5093   |   199:16:27   |   04:00:23   |
10794       |       -2347.91   |       -2373.34   |        25.4231   |   199:19:44   |   03:59:19   |
10795       |       -2350.06   |       -2375.86   |        25.7945   |   199:22:51   |   03:58:15   |
10796       |       -2347.16   |       -2370.93   |        23.7703   |   199:26:16   |   03:57:11   |
10797       |       -2347.43   |       -2370.85   |        23.4161   |   199:29:38   |   03:56:08   |
10798       |       -2347.58   |       -2368.84   |        21.2609   |   199:33:05   |   03:55:04   |
10799       |       -2347.75   |       -2370.09   |        22.3359   |   199:36:20   |   03:54:00   |


Iter        |      Posterior   |     Likelihood   |          Prior   |    elapsed   |        ETA   |
----------------------------------------------------------------------------------------------------
10800       |       -2346.54   |       -2370.65   |        24.1115   |   199:39:31   |   03:52:56   |
10801       |       -2347.24   |        -2371.3   |        24.0609   |   199:52:40   |   03:52:03   |
10802       |       -2344.24   |       -2366.93   |        22.6881   |   199:55:59   |   03:50:59   |
10803       |       -2344.23   |       -2367.35   |        23.1174   |   199:59:06   |   03:49:55   |
10804       |        -2345.7   |       -2369.26   |        23.5585   |   200:02:12   |   03:48:50   |
10805       |        -2348.1   |       -2371.97   |        23.8702   |   200:05:50   |   03:47:46   |
10806       |       -2344.88   |       -2367.83   |        22.9486   |   200:08:55   |   03:46:42   |
10807       |       -2347.51   |        -2369.5   |        21.9822   |   200:12:06   |   03:45:38   |
10808       |       -2349.21   |        -2373.6   |        24.3872   |   200:15:12   |   03:44:33   |
10809       |       -2346.01   |       -2368.93   |         22.928   |   200:18:49   |   03:43:29   |
10810       |       -2345.47   |       -2368.96   |        23.4896   |   200:22:31   |   03:42:25   |
10811       |       -2345.24   |       -2368.89   |        23.6476   |   200:35:43   |   03:41:32   |
10812       |       -2349.23   |       -2369.88   |        20.6505   |   200:39:07   |   03:40:28   |
10813       |       -2347.75   |          -2370   |        22.2542   |   200:42:59   |   03:39:24   |
10814       |       -2352.48   |       -2374.27   |         21.787   |   200:46:22   |   03:38:20   |
10815       |       -2351.59   |       -2372.87   |        21.2806   |   200:49:43   |   03:37:15   |
10816       |       -2354.97   |       -2374.23   |        19.2545   |   200:53:10   |   03:36:11   |
10817       |       -2350.74   |       -2374.48   |        23.7359   |   200:56:38   |   03:35:07   |
10818       |       -2348.51   |       -2372.95   |        24.4419   |   201:00:01   |   03:34:02   |
10819       |       -2349.01   |       -2373.31   |        24.3043   |   201:03:37   |   03:32:58   |


Iter        |      Posterior   |     Likelihood   |          Prior   |    elapsed   |        ETA   |
----------------------------------------------------------------------------------------------------
10820       |       -2349.81   |          -2373   |         23.195   |   201:07:13   |   03:31:54   |
10821       |       -2351.26   |       -2374.59   |        23.3282   |   201:20:51   |   03:31:00   |
10822       |       -2348.25   |       -2374.31   |        26.0551   |   201:24:22   |   03:29:55   |
10823       |       -2349.35   |        -2374.4   |        25.0437   |   201:27:29   |   03:28:50   |
10824       |        -2346.1   |       -2369.77   |        23.6651   |   201:30:56   |   03:27:46   |
10825       |       -2346.59   |       -2370.16   |        23.5631   |   201:34:32   |   03:26:41   |
10826       |       -2346.59   |       -2370.16   |        23.5631   |   201:38:10   |   03:25:37   |
10827       |       -2346.59   |       -2370.16   |        23.5631   |   201:41:55   |   03:24:32   |
10828       |       -2346.59   |       -2370.16   |        23.5631   |   201:45:42   |   03:23:28   |
10829       |       -2346.59   |       -2370.16   |        23.5631   |   201:49:22   |   03:22:24   |
10830       |       -2346.59   |       -2370.16   |        23.5631   |   201:53:16   |   03:21:19   |
10831       |       -2346.59   |       -2370.16   |        23.5631   |   202:07:00   |   03:20:25   |
10832       |       -2346.59   |       -2370.16   |        23.5631   |   202:10:32   |   03:19:20   |
10833       |       -2347.76   |       -2373.25   |        25.4972   |   202:14:01   |   03:18:15   |
10834       |       -2347.76   |       -2373.25   |        25.4972   |   202:17:43   |   03:17:10   |
10835       |       -2347.76   |       -2373.25   |        25.4972   |   202:21:22   |   03:16:05   |
10836       |       -2350.07   |        -2376.1   |        26.0256   |   202:25:13   |   03:15:01   |
10837       |       -2350.07   |        -2376.1   |        26.0256   |   202:28:33   |   03:13:56   |
10838       |       -2350.07   |        -2376.1   |        26.0256   |   202:32:19   |   03:12:51   |
10839       |       -2350.07   |        -2376.1   |        26.0256   |   202:35:43   |   03:11:46   |


Iter        |      Posterior   |     Likelihood   |          Prior   |    elapsed   |        ETA   |
----------------------------------------------------------------------------------------------------
10840       |        -2349.9   |       -2375.99   |        26.0838   |   202:39:12   |   03:10:41   |
10841       |       -2347.47   |       -2373.41   |        25.9447   |   202:52:22   |   03:09:45   |
10842       |       -2347.47   |       -2373.41   |        25.9447   |   202:56:16   |   03:08:40   |
10843       |       -2347.47   |       -2373.41   |        25.9447   |   202:59:46   |   03:07:35   |
10844       |       -2347.28   |       -2373.18   |        25.9039   |   203:03:16   |   03:06:30   |
10845       |       -2347.28   |       -2373.18   |        25.9039   |   203:06:38   |   03:05:24   |
10846       |       -2347.28   |       -2373.18   |        25.9039   |   203:10:19   |   03:04:19   |
10847       |       -2349.05   |       -2374.66   |        25.6108   |   203:13:36   |   03:03:14   |
10848       |       -2349.05   |       -2374.66   |        25.6108   |   203:17:13   |   03:02:08   |
10849       |       -2349.05   |       -2374.66   |        25.6108   |   203:20:54   |   03:01:03   |
10850       |       -2349.05   |       -2374.66   |        25.6108   |   203:24:35   |   02:59:58   |
10851       |       -2349.05   |       -2374.66   |        25.6108   |   203:38:44   |   02:59:02   |
10852       |       -2349.05   |       -2374.66   |        25.6108   |   203:42:34   |   02:57:57   |
10853       |       -2349.05   |       -2374.66   |        25.6108   |   203:46:22   |   02:56:52   |
10854       |       -2349.05   |       -2374.66   |        25.6108   |   203:49:38   |   02:55:46   |
10855       |       -2349.05   |       -2374.66   |        25.6108   |   203:53:23   |   02:54:40   |
10856       |       -2354.12   |       -2379.84   |         25.721   |   203:56:51   |   02:53:35   |
10857       |       -2353.84   |       -2379.84   |         26.004   |   204:00:11   |   02:52:29   |
10858       |       -2347.13   |       -2373.57   |        26.4424   |   204:03:41   |   02:51:23   |
10859       |       -2349.25   |       -2373.04   |        23.7896   |   204:07:11   |   02:50:18   |


Iter        |      Posterior   |     Likelihood   |          Prior   |    elapsed   |        ETA   |
----------------------------------------------------------------------------------------------------
10860       |       -2352.08   |       -2374.79   |         22.705   |   204:10:35   |   02:49:12   |
10861       |       -2352.93   |       -2376.51   |        23.5787   |   204:24:41   |   02:48:15   |
10862       |       -2351.86   |       -2376.54   |        24.6831   |   204:28:13   |   02:47:09   |
10863       |       -2352.45   |       -2376.69   |        24.2405   |   204:31:40   |   02:46:03   |
10864       |       -2353.51   |       -2375.52   |        22.0156   |   204:35:02   |   02:44:57   |
10865       |       -2354.06   |       -2378.92   |        24.8582   |   204:38:48   |   02:43:52   |
10866       |       -2352.19   |       -2376.36   |        24.1722   |   204:42:01   |   02:42:45   |
10867       |       -2353.45   |       -2378.98   |         25.538   |   204:45:17   |   02:41:39   |
10868       |       -2352.55   |       -2377.82   |        25.2656   |   204:48:23   |   02:40:33   |
10869       |       -2353.43   |       -2376.89   |        23.4633   |   204:51:59   |   02:39:27   |
10870       |        -2352.8   |       -2373.64   |        20.8462   |   204:55:30   |   02:38:21   |
10871       |       -2352.65   |       -2373.15   |           20.5   |   205:08:55   |   02:37:23   |
10872       |       -2351.86   |       -2375.54   |         23.679   |   205:12:06   |   02:36:16   |
10873       |       -2351.23   |       -2375.77   |        24.5333   |   205:15:00   |   02:35:10   |
10874       |       -2351.68   |       -2374.16   |        22.4819   |   205:18:16   |   02:34:03   |
10875       |       -2351.33   |       -2372.38   |         21.051   |   205:21:29   |   02:32:57   |
10876       |       -2349.67   |       -2371.38   |        21.7033   |   205:24:50   |   02:31:51   |
10877       |       -2352.22   |       -2373.23   |        21.0112   |   205:28:07   |   02:30:44   |
10878       |       -2352.23   |       -2374.24   |        22.0126   |   205:31:03   |   02:29:37   |
10879       |        -2347.6   |       -2369.95   |        22.3456   |   205:34:08   |   02:28:31   |


Iter        |      Posterior   |     Likelihood   |          Prior   |    elapsed   |        ETA   |
----------------------------------------------------------------------------------------------------
10880       |       -2347.68   |       -2369.51   |        21.8357   |   205:37:16   |   02:27:24   |
10881       |       -2348.29   |       -2370.59   |        22.3088   |   205:50:07   |   02:26:25   |
10882       |       -2345.72   |       -2365.92   |        20.2004   |   205:53:28   |   02:25:18   |
10883       |        -2344.8   |       -2365.65   |         20.853   |   205:56:35   |   02:24:11   |
10884       |       -2345.56   |       -2365.84   |        20.2802   |   205:59:52   |   02:23:05   |
10885       |       -2345.79   |       -2364.92   |        19.1282   |   206:03:12   |   02:21:58   |
10886       |       -2349.03   |        -2367.1   |        18.0696   |   206:06:18   |   02:20:51   |
10887       |       -2351.05   |       -2367.26   |        16.2086   |   206:09:37   |   02:19:45   |
10888       |       -2347.95   |       -2367.85   |        19.8965   |   206:13:02   |   02:18:38   |
10889       |       -2346.68   |       -2366.38   |        19.6922   |   206:16:06   |   02:17:31   |
10890       |       -2347.93   |       -2366.05   |        18.1261   |   206:19:31   |   02:16:24   |
10891       |       -2349.94   |       -2369.32   |        19.3854   |   206:32:57   |   02:15:24   |
10892       |        -2347.6   |       -2366.85   |        19.2553   |   206:36:07   |   02:14:17   |
10893       |       -2347.57   |       -2365.94   |        18.3638   |   206:39:43   |   02:13:11   |
10894       |        -2348.2   |        -2365.3   |        17.1039   |   206:43:23   |   02:12:04   |
10895       |       -2349.17   |       -2367.34   |        18.1735   |   206:47:03   |   02:10:57   |
10896       |       -2345.09   |       -2366.42   |         21.327   |   206:50:15   |   02:09:50   |
10897       |       -2344.07   |       -2366.24   |        22.1699   |   206:53:36   |   02:08:43   |
10898       |       -2343.86   |       -2365.72   |        21.8583   |   206:56:54   |   02:07:36   |
10899       |        -2349.1   |       -2365.57   |        16.4644   |   207:00:21   |   02:06:29   |


Iter        |      Posterior   |     Likelihood   |          Prior   |    elapsed   |        ETA   |
----------------------------------------------------------------------------------------------------
10900       |       -2351.09   |       -2367.76   |        16.6696   |   207:03:33   |   02:05:22   |
10901       |       -2350.56   |       -2367.28   |        16.7159   |   207:17:20   |   02:04:21   |
10902       |       -2348.01   |       -2368.15   |        20.1384   |   207:20:45   |   02:03:14   |
10903       |       -2349.49   |       -2370.14   |        20.6574   |   207:23:57   |   02:02:07   |
10904       |        -2353.2   |       -2370.22   |        17.0214   |   207:27:08   |   02:01:00   |
10905       |       -2353.91   |        -2370.5   |        16.5948   |   207:30:24   |   01:59:52   |
10906       |       -2349.98   |       -2366.77   |        16.7912   |   207:33:54   |   01:58:45   |
10907       |       -2352.89   |       -2367.53   |         14.632   |   207:37:23   |   01:57:38   |
10908       |       -2351.67   |       -2366.97   |           15.3   |   207:41:10   |   01:56:31   |
10909       |       -2349.04   |       -2367.01   |        17.9675   |   207:44:42   |   01:55:24   |
10910       |       -2349.04   |       -2367.01   |        17.9675   |   207:48:27   |   01:54:17   |
10911       |       -2345.44   |       -2366.78   |        21.3409   |   208:02:13   |   01:53:15   |
10912       |       -2346.22   |       -2366.86   |        20.6385   |   208:05:21   |   01:52:07   |
10913       |       -2349.97   |       -2370.06   |        20.0972   |   208:09:02   |   01:51:00   |
10914       |       -2350.15   |       -2370.65   |         20.495   |   208:12:08   |   01:49:52   |
10915       |        -2354.7   |       -2376.09   |        21.3874   |   208:15:32   |   01:48:45   |
10916       |       -2353.13   |       -2374.25   |        21.1246   |   208:19:08   |   01:47:37   |
10917       |       -2351.01   |        -2371.3   |        20.2885   |   208:22:36   |   01:46:30   |
10918       |       -2350.17   |       -2369.76   |        19.5816   |   208:26:07   |   01:45:22   |
10919       |       -2350.55   |       -2369.65   |        19.0994   |   208:29:24   |   01:44:15   |


Iter        |      Posterior   |     Likelihood   |          Prior   |    elapsed   |        ETA   |
----------------------------------------------------------------------------------------------------
10920       |       -2350.65   |       -2369.93   |        19.2799   |   208:32:45   |   01:43:07   |
10921       |       -2353.39   |       -2370.88   |        17.4878   |   208:45:57   |   01:42:04   |
10922       |       -2351.77   |       -2369.41   |        17.6396   |   208:49:44   |   01:40:57   |
10923       |       -2351.77   |       -2369.41   |        17.6396   |   208:53:36   |   01:39:49   |
10924       |       -2350.95   |       -2367.64   |        16.6932   |   208:57:11   |   01:38:41   |
10925       |       -2354.84   |       -2373.32   |        18.4835   |   209:00:33   |   01:37:34   |
10926       |       -2350.91   |       -2367.66   |        16.7474   |   209:03:32   |   01:36:26   |
10927       |        -2351.2   |       -2368.53   |        17.3236   |   209:06:49   |   01:35:18   |
10928       |       -2352.14   |        -2371.4   |        19.2623   |   209:10:27   |   01:34:10   |
10929       |       -2355.05   |       -2372.47   |        17.4164   |   209:13:59   |   01:33:02   |
10930       |       -2351.71   |       -2369.79   |        18.0869   |   209:17:10   |   01:31:54   |
10931       |       -2351.72   |       -2369.07   |        17.3565   |   209:30:33   |   01:30:50   |
10932       |       -2351.71   |       -2367.24   |        15.5324   |   209:34:20   |   01:29:43   |
10933       |       -2350.97   |       -2370.01   |        19.0312   |   209:37:49   |   01:28:35   |
10934       |       -2350.97   |       -2370.01   |        19.0312   |   209:41:44   |   01:27:27   |
10935       |       -2350.02   |       -2370.22   |        20.1977   |   209:45:17   |   01:26:19   |
10936       |       -2353.63   |       -2368.29   |        14.6588   |   209:48:51   |   01:25:11   |
10937       |       -2353.78   |       -2370.53   |        16.7436   |   209:52:40   |   01:24:03   |
10938       |       -2353.73   |       -2367.38   |        13.6526   |   209:56:10   |   01:22:54   |
10939       |       -2350.39   |        -2367.2   |        16.8019   |   209:59:58   |   01:21:46   |


Iter        |      Posterior   |     Likelihood   |          Prior   |    elapsed   |        ETA   |
----------------------------------------------------------------------------------------------------
10940       |       -2350.04   |       -2368.68   |         18.638   |   210:03:08   |   01:20:38   |
10941       |       -2345.84   |       -2367.97   |        22.1278   |   210:16:06   |   01:19:33   |
10942       |       -2351.06   |       -2371.86   |        20.7935   |   210:19:16   |   01:18:25   |
10943       |       -2349.46   |       -2370.63   |        21.1773   |   210:22:48   |   01:17:17   |
10944       |       -2349.51   |       -2372.95   |        23.4326   |   210:26:25   |   01:16:08   |
10945       |       -2351.74   |       -2373.86   |        22.1245   |   210:29:58   |   01:15:00   |
10946       |       -2352.82   |       -2375.67   |        22.8553   |   210:33:35   |   01:13:52   |
10947       |       -2352.47   |       -2375.15   |        22.6748   |   210:36:48   |   01:12:43   |
10948       |       -2351.78   |       -2373.69   |        21.9096   |   210:40:09   |   01:11:34   |
10949       |        -2355.8   |       -2380.32   |        24.5129   |   210:43:18   |   01:10:26   |
10950       |       -2352.96   |       -2374.02   |        21.0638   |   210:46:40   |   01:09:17   |
10951       |       -2351.28   |       -2370.18   |        18.9027   |   210:59:40   |   01:08:12   |
10952       |       -2353.64   |       -2370.82   |        17.1827   |   211:02:56   |   01:07:03   |
10953       |       -2350.48   |       -2371.05   |        20.5727   |   211:06:18   |   01:05:54   |
10954       |       -2350.73   |       -2370.08   |        19.3499   |   211:10:05   |   01:04:46   |
10955       |        -2350.1   |       -2372.14   |        22.0398   |   211:13:20   |   01:03:37   |
10956       |       -2351.21   |       -2373.02   |        21.8131   |   211:16:27   |   01:02:28   |
10957       |       -2350.55   |       -2373.57   |        23.0235   |   211:19:43   |   01:01:19   |
10958       |        -2348.3   |        -2371.4   |        23.0925   |   211:23:07   |   01:00:11   |
10959       |       -2350.04   |        -2369.5   |        19.4619   |   211:25:57   |   00:59:02   |


Iter        |      Posterior   |     Likelihood   |          Prior   |    elapsed   |        ETA   |
----------------------------------------------------------------------------------------------------
10960       |       -2347.77   |       -2366.72   |        18.9474   |   211:29:29   |   00:57:53   |
10961       |       -2350.23   |       -2367.26   |        17.0293   |   211:42:44   |   00:56:47   |
10962       |       -2350.66   |       -2365.79   |        15.1377   |   211:46:10   |   00:55:38   |
10963       |       -2350.66   |       -2365.79   |        15.1377   |   211:49:52   |   00:54:29   |
10964       |       -2350.66   |       -2365.79   |        15.1377   |   211:53:47   |   00:53:20   |
10965       |       -2350.01   |       -2366.63   |        16.6148   |   211:57:25   |   00:52:11   |
10966       |       -2350.64   |       -2365.25   |        14.6109   |   212:01:11   |   00:51:02   |
10967       |       -2350.96   |       -2364.74   |        13.7858   |   212:04:46   |   00:49:53   |
10968       |        -2352.9   |       -2366.48   |        13.5818   |   212:08:44   |   00:48:44   |
10969       |       -2353.06   |       -2363.32   |        10.2587   |   212:12:19   |   00:47:35   |
10970       |       -2351.61   |       -2365.58   |        13.9696   |   212:15:40   |   00:46:26   |
10971       |       -2350.97   |        -2365.1   |        14.1266   |   212:28:52   |   00:45:19   |
10972       |       -2350.97   |        -2365.1   |        14.1266   |   212:32:40   |   00:44:10   |
10973       |       -2350.53   |       -2362.79   |        12.2568   |   212:36:13   |   00:43:00   |
10974       |       -2346.35   |       -2365.13   |        18.7799   |   212:39:26   |   00:41:51   |
10975       |       -2345.46   |       -2364.16   |        18.6938   |   212:42:54   |   00:40:42   |
10976       |       -2346.09   |       -2366.87   |         20.777   |   212:46:12   |   00:39:32   |
10977       |       -2346.23   |       -2363.41   |        17.1822   |   212:49:37   |   00:38:23   |
10978       |       -2348.78   |        -2361.5   |        12.7163   |   212:52:56   |   00:37:13   |
10979       |       -2356.48   |       -2370.62   |        14.1415   |   212:56:34   |   00:36:04   |


Iter        |      Posterior   |     Likelihood   |          Prior   |    elapsed   |        ETA   |
----------------------------------------------------------------------------------------------------
10980       |        -2354.9   |       -2370.77   |        15.8674   |   213:00:08   |   00:34:55   |
10981       |       -2354.72   |       -2369.41   |        14.6863   |   213:13:33   |   00:33:47   |
10982       |        -2353.8   |       -2375.07   |        21.2619   |   213:16:47   |   00:32:37   |
10983       |       -2353.99   |       -2375.36   |        21.3745   |   213:20:09   |   00:31:28   |
10984       |       -2350.16   |       -2371.16   |        20.9986   |   213:23:53   |   00:30:18   |
10985       |        -2352.5   |       -2371.83   |        19.3275   |   213:27:29   |   00:29:08   |
10986       |       -2353.24   |        -2374.2   |          20.96   |   213:31:00   |   00:27:59   |
10987       |       -2351.21   |       -2372.67   |          21.46   |   213:34:49   |   00:26:49   |
10988       |        -2349.5   |       -2369.86   |        20.3619   |   213:38:12   |   00:25:39   |
10989       |       -2351.17   |       -2370.16   |        18.9883   |   213:41:45   |   00:24:30   |
10990       |       -2350.87   |       -2370.08   |        19.2083   |   213:45:20   |   00:23:20   |
10991       |       -2350.76   |       -2371.71   |        20.9541   |   213:58:38   |   00:22:11   |
10992       |       -2359.76   |       -2374.98   |        15.2238   |   214:02:24   |   00:21:01   |
10993       |       -2354.04   |       -2372.56   |        18.5237   |   214:05:45   |   00:19:51   |
10994       |       -2352.29   |       -2371.56   |        19.2692   |   214:09:12   |   00:18:41   |
10995       |       -2350.28   |       -2371.31   |         21.033   |   214:12:26   |   00:17:32   |
10996       |       -2354.14   |       -2369.76   |        15.6242   |   214:16:14   |   00:16:22   |
10997       |       -2352.74   |       -2373.55   |        20.8068   |   214:19:43   |   00:15:12   |
10998       |          -2354   |       -2372.46   |        18.4607   |   214:23:07   |   00:14:02   |
10999       |       -2354.33   |       -2372.53   |        18.2089   |   214:26:48   |   00:12:52   |


Iter        |      Posterior   |     Likelihood   |          Prior   |    elapsed   |        ETA   |
----------------------------------------------------------------------------------------------------
11000       |       -2352.17   |       -2368.61   |        16.4423   |   214:30:28   |   00:11:42   |
11001       |       -2355.05   |       -2370.32   |        15.2726   |   214:44:03   |   00:10:32   |
11002       |       -2355.93   |       -2370.53   |        14.5935   |   214:47:08   |   00:09:22   |
11003       |       -2354.56   |       -2370.47   |        15.9074   |   214:50:45   |   00:08:12   |
11004       |       -2355.71   |        -2375.8   |        20.0892   |   214:54:14   |   00:07:01   |
11005       |       -2359.33   |       -2375.14   |        15.8148   |   214:57:50   |   00:05:51   |
11006       |       -2360.43   |       -2375.04   |         14.613   |   215:01:32   |   00:04:41   |
11007       |       -2355.11   |       -2373.14   |        18.0307   |   215:05:19   |   00:03:31   |
11008       |       -2352.71   |       -2370.21   |        17.5004   |   215:08:51   |   00:02:20   |
11009       |       -2353.56   |       -2373.28   |        19.7219   |   215:11:53   |   00:01:10   |
11010       |       -2354.98   |       -2376.72   |        21.7462   |   215:15:09   |   00:00:00   |

                  Name                  | Param              |  Weight  |  Tried   | Accepted | Acc. Ratio| Parameters
===============================================================================================================================
Scaling                                  gamma_a                  2.0000      22254      15380      0.6911 lambda = 1.0229
Scaling                                  gamma_b                  2.0000      21989      14822      0.6741 lambda = 0.8898
UpDownScaling                            gamma_a                  1.0000      10875       7052      0.6485 lambda = 0.9075
Scaling                                  delta_a                  2.0000      21950      13991      0.6374 lambda = 0.9194
Scaling                                  delta_b                  2.0000      22095      12142      0.5495 lambda = 0.7295
UpDownScaling                            delta_a                  1.0000      11026       5981      0.5424 lambda = 0.6881
Scaling                                  rho_a                    2.0000      21955      14967      0.6817 lambda = 0.9680
Scaling                                  rho_b                    2.0000      21791      14139      0.6488 lambda = 0.9390
UpDownScaling                            rho_a                    1.0000      11057       7005      0.6335 lambda = 0.8800
Scaling                                  eta_a                    2.0000      22257      13943      0.6265 lambda = 0.9698
Scaling                                  eta_b                    2.0000      22047      14752      0.6691 lambda = 0.9233
UpDownScaling                            eta_a                    1.0000      11076       6808      0.6147 lambda = 0.8083
Scaling                                  alpha                    1.0000      11085       4951      0.4466 lambda = 2.6141
Scaling                                  turnover                 1.0000      11085       4896      0.4417 lambda = 0.1641
Scaling                                  total_speciation         1.0000      10896       4474      0.4106 lambda = 0.1156
BetaSimplex                              relative_clado           5.0000      54902      30539      0.5562 alpha = 19.3481
ElementSwapSimplex                       relative_clado           3.0000      32960       4304      0.1306 
UpDownScaling                            total_speciation         1.0000      11020       5124      0.4650 lambda = 0.3829

