
RevBayes version (1.1.0)
Build from dev_mrm (rapture-477-g991966) on Thu Feb 15 15:42:16 EST 2024

Visit the website www.RevBayes.com for more information about RevBayes.

RevBayes is free software released under the GPL license, version 3. Type 'license()' for details.

To quit RevBayes type 'quit()' or 'q()'.


> source("scripts/pteri/pteri_chromohisse_modelspec_tb_1.rev")
   Processing file "scripts/pteri/pteri_chromohisse_modelspec_tb_1.rev"
   Attempting to read the contents of file "pteridaceae_csomepruned.tree"
   Successfully read file
   Processing file "scripts/chromohisse_tp_mrm_tb.rev"
Anagenic Rates Matrix Built
Cladogenic Rates Matrix Built
All MCMC moves defined
   Warning: simulating tree under uniform model.
   Warning: simulating tree under uniform model.
GHLBDSP
Model clamped
   -2365.559
Defining Model...
Setting monitors...
		monitoring stochasitc character map
Initializing MCMC...
	Intializing from checkpoint
		Continuing main analysis
   Appending to previous MCMC simulation of 8440 iterations
   This simulation runs 1 independent replicate.
   The simulator uses 18 different moves in a random move schedule with 32 moves per iteration

Iter        |      Posterior   |     Likelihood   |          Prior   |    elapsed   |        ETA   |
----------------------------------------------------------------------------------------------------
8441        |       -2355.35   |       -2376.45   |        21.0972   |   00:03:07   |   00:01:06   |
8442        |       -2350.91   |       -2370.98   |        20.0706   |   00:06:24   |   00:02:16   |
8443        |       -2349.09   |       -2371.25   |         22.157   |   00:10:01   |   00:03:33   |
8444        |       -2350.76   |       -2372.85   |        22.0845   |   00:12:51   |   00:04:33   |
8445        |        -2347.7   |       -2369.26   |        21.5551   |   00:16:07   |   00:05:42   |
8446        |       -2346.65   |        -2368.9   |        22.2514   |   00:19:18   |   00:06:50   |
8447        |       -2347.14   |       -2371.05   |        23.9068   |   00:22:13   |   00:07:52   |
8448        |       -2351.96   |       -2377.32   |        25.3641   |   00:25:25   |   00:09:00   |
8449        |       -2349.06   |       -2372.59   |        23.5249   |   00:28:22   |   00:10:02   |
8450        |       -2349.06   |       -2372.59   |        23.5249   |   00:31:37   |   00:11:11   |
8451        |       -2348.72   |       -2372.26   |        23.5392   |   00:43:54   |   00:15:31   |
8452        |       -2350.27   |       -2375.23   |        24.9631   |   00:46:51   |   00:16:33   |
8453        |       -2350.01   |       -2373.23   |        23.2151   |   00:49:32   |   00:17:30   |
8454        |       -2349.94   |       -2373.22   |        23.2786   |   00:52:39   |   00:18:35   |
8455        |       -2349.94   |       -2373.22   |        23.2786   |   00:56:06   |   00:19:48   |
8456        |       -2355.41   |        -2378.6   |        23.1908   |   00:59:23   |   00:20:57   |
8457        |       -2349.71   |       -2372.66   |         22.947   |   01:02:22   |   00:21:59   |
8458        |       -2349.71   |       -2372.66   |         22.947   |   01:05:44   |   00:23:10   |
8459        |       -2349.71   |       -2372.66   |         22.947   |   01:08:59   |   00:24:18   |


Iter        |      Posterior   |     Likelihood   |          Prior   |    elapsed   |        ETA   |
----------------------------------------------------------------------------------------------------
8460        |       -2349.71   |       -2372.66   |         22.947   |   01:12:17   |   00:25:27   |
8461        |       -2349.71   |       -2372.66   |         22.947   |   01:25:27   |   00:30:05   |
8462        |       -2349.71   |       -2372.66   |         22.947   |   01:28:59   |   00:31:18   |
8463        |       -2349.71   |       -2374.23   |        24.5236   |   01:31:49   |   00:32:17   |
8464        |       -2348.53   |       -2372.23   |        23.7014   |   01:34:56   |   00:33:22   |
8465        |       -2347.41   |       -2372.14   |        24.7345   |   01:37:55   |   00:34:24   |
8466        |       -2346.82   |       -2371.94   |        25.1127   |   01:40:52   |   00:35:25   |
8467        |       -2346.89   |       -2369.42   |         22.536   |   01:43:45   |   00:36:25   |
8468        |       -2345.34   |       -2368.59   |        23.2518   |   01:46:43   |   00:37:27   |
8469        |        -2347.1   |       -2368.75   |        21.6454   |   01:49:49   |   00:38:31   |
8470        |       -2348.89   |       -2371.32   |        22.4269   |   01:52:58   |   00:39:36   |
8471        |       -2349.53   |       -2373.98   |        24.4482   |   02:05:42   |   00:44:03   |
8472        |       -2346.83   |       -2371.05   |        24.2237   |   02:08:28   |   00:45:00   |
8473        |        -2346.4   |       -2369.96   |        23.5579   |   02:11:32   |   00:46:03   |
8474        |        -2346.2   |       -2370.09   |        23.8825   |   02:14:32   |   00:47:05   |
8475        |       -2347.72   |       -2371.58   |        23.8629   |   02:17:37   |   00:48:08   |
8476        |       -2348.52   |        -2368.5   |        19.9881   |   02:20:49   |   00:49:14   |
8477        |       -2345.79   |       -2369.59   |         23.797   |   02:23:48   |   00:50:15   |
8478        |       -2346.37   |       -2369.99   |        23.6183   |   02:26:55   |   00:51:19   |
8479        |       -2350.89   |       -2374.58   |        23.6905   |   02:30:12   |   00:52:27   |


Iter        |      Posterior   |     Likelihood   |          Prior   |    elapsed   |        ETA   |
----------------------------------------------------------------------------------------------------
8480        |       -2348.24   |       -2371.76   |        23.5194   |   02:32:44   |   00:53:18   |
8481        |       -2347.43   |       -2369.33   |         21.895   |   02:45:15   |   00:57:39   |
8482        |       -2349.14   |        -2369.5   |        20.3567   |   02:48:01   |   00:58:35   |
8483        |       -2349.99   |        -2370.4   |        20.4098   |   02:50:46   |   00:59:31   |
8484        |       -2348.09   |       -2369.14   |        21.0554   |   02:53:45   |   01:00:32   |
8485        |       -2349.88   |       -2373.98   |        24.0906   |   02:56:24   |   01:01:26   |
8486        |       -2349.14   |       -2368.35   |        19.2157   |   02:59:08   |   01:02:21   |
8487        |       -2346.69   |       -2364.69   |         17.998   |   03:02:02   |   01:03:20   |
8488        |       -2347.52   |       -2364.21   |        16.6859   |   03:05:01   |   01:04:20   |
8489        |       -2350.61   |        -2362.7   |        12.0824   |   03:08:02   |   01:05:21   |
8490        |       -2349.55   |       -2363.92   |        14.3765   |   03:11:09   |   01:06:25   |
8491        |       -2349.18   |       -2362.39   |        13.2086   |   03:24:17   |   01:10:56   |
8492        |       -2353.53   |        -2363.2   |        9.67085   |   03:27:22   |   01:11:59   |
8493        |       -2351.91   |       -2362.51   |        10.5995   |   03:30:28   |   01:13:01   |
8494        |       -2354.74   |       -2364.29   |        9.55002   |   03:33:37   |   01:14:05   |
8495        |       -2355.08   |       -2362.56   |        7.48014   |   03:36:51   |   01:15:10   |
8496        |       -2359.24   |       -2363.63   |         4.3877   |   03:40:10   |   01:16:17   |
8497        |       -2357.98   |       -2363.13   |        5.15006   |   03:43:25   |   01:17:22   |
8498        |       -2354.92   |       -2364.23   |        9.30032   |   03:46:36   |   01:18:26   |
8499        |       -2358.38   |        -2370.7   |        12.3249   |   03:49:42   |   01:19:29   |


Iter        |      Posterior   |     Likelihood   |          Prior   |    elapsed   |        ETA   |
----------------------------------------------------------------------------------------------------
8500        |       -2353.77   |       -2365.54   |        11.7759   |   03:53:06   |   01:20:37   |
8501        |       -2350.69   |       -2365.87   |        15.1804   |   04:06:24   |   01:25:11   |
8502        |       -2353.97   |       -2367.03   |        13.0626   |   04:09:15   |   01:26:07   |
8503        |       -2353.24   |       -2364.74   |         11.503   |   04:12:23   |   01:27:10   |
8504        |       -2355.98   |       -2364.61   |        8.62526   |   04:15:32   |   01:28:13   |
8505        |       -2352.83   |        -2362.3   |        9.47387   |   04:18:38   |   01:29:15   |
8506        |       -2353.75   |       -2363.63   |        9.88403   |   04:21:48   |   01:30:18   |
8507        |          -2351   |       -2365.35   |        14.3537   |   04:24:58   |   01:31:21   |
8508        |       -2351.61   |       -2365.87   |        14.2584   |   04:28:01   |   01:32:21   |
8509        |        -2351.4   |       -2367.59   |        16.1922   |   04:31:08   |   01:33:23   |
8510        |       -2355.29   |       -2370.14   |        14.8417   |   04:34:26   |   01:34:29   |
8511        |        -2352.7   |       -2368.52   |        15.8247   |   04:47:23   |   01:38:54   |
8512        |       -2353.87   |       -2367.18   |        13.3149   |   04:50:26   |   01:39:54   |
8513        |       -2352.99   |       -2370.02   |        17.0271   |   04:53:29   |   01:40:54   |
8514        |       -2348.71   |       -2367.56   |        18.8506   |   04:56:16   |   01:41:49   |
8515        |       -2349.43   |        -2369.9   |        20.4711   |   04:59:08   |   01:42:45   |
8516        |       -2351.67   |       -2371.93   |         20.263   |   05:01:45   |   01:43:36   |
8517        |       -2351.26   |       -2370.77   |        19.5114   |   05:04:31   |   01:44:30   |
8518        |       -2359.86   |        -2377.2   |        17.3407   |   05:07:28   |   01:45:28   |
8519        |       -2354.28   |       -2371.65   |        17.3756   |   05:10:29   |   01:46:27   |


Iter        |      Posterior   |     Likelihood   |          Prior   |    elapsed   |        ETA   |
----------------------------------------------------------------------------------------------------
8520        |        -2355.7   |       -2373.79   |        18.0876   |   05:13:06   |   01:47:18   |
8521        |        -2355.7   |       -2376.43   |        20.7301   |   05:26:14   |   01:51:45   |
8522        |       -2353.57   |       -2373.88   |        20.3105   |   05:29:10   |   01:52:42   |
8523        |       -2347.64   |       -2370.66   |         23.017   |   05:31:53   |   01:53:35   |
8524        |       -2345.79   |       -2369.14   |        23.3539   |   05:34:15   |   01:54:20   |
8525        |       -2349.57   |       -2373.32   |        23.7474   |   05:37:04   |   01:55:15   |
8526        |       -2345.47   |       -2367.03   |        21.5587   |   05:39:38   |   01:56:04   |
8527        |       -2345.09   |       -2367.05   |        21.9612   |   05:42:18   |   01:56:56   |
8528        |       -2343.82   |       -2363.59   |        19.7712   |   05:45:17   |   01:57:54   |
8529        |       -2343.75   |       -2364.14   |        20.3896   |   05:48:18   |   01:58:52   |
8530        |       -2343.27   |       -2363.61   |        20.3388   |   05:51:00   |   01:59:44   |
8531        |       -2344.35   |       -2364.73   |        20.3874   |   06:03:51   |   02:04:04   |
8532        |       -2345.16   |       -2365.03   |        19.8683   |   06:06:33   |   02:04:55   |
8533        |       -2345.52   |       -2365.68   |        20.1551   |   06:09:25   |   02:05:51   |
8534        |       -2345.47   |       -2366.33   |         20.864   |   06:12:15   |   02:06:45   |
8535        |       -2345.88   |       -2367.27   |        21.3901   |   06:15:11   |   02:07:41   |
8536        |       -2345.55   |       -2366.53   |        20.9819   |   06:17:55   |   02:08:34   |
8537        |       -2346.64   |       -2367.17   |        20.5308   |   06:20:38   |   02:09:26   |
8538        |       -2345.61   |       -2364.68   |         19.074   |   06:23:18   |   02:10:16   |
8539        |       -2346.84   |       -2365.02   |        18.1778   |   06:25:58   |   02:11:07   |


Iter        |      Posterior   |     Likelihood   |          Prior   |    elapsed   |        ETA   |
----------------------------------------------------------------------------------------------------
8540        |       -2348.65   |       -2367.65   |        19.0086   |   06:28:37   |   02:11:57   |
8541        |       -2348.59   |       -2369.34   |        20.7575   |   06:41:39   |   02:16:19   |
8542        |       -2349.83   |       -2370.01   |         20.188   |   06:44:41   |   02:17:17   |
8543        |       -2354.02   |       -2373.42   |        19.4013   |   06:47:42   |   02:18:15   |
8544        |       -2350.15   |       -2369.45   |        19.3014   |   06:50:38   |   02:19:11   |
8545        |        -2348.2   |        -2368.3   |        20.0965   |   06:53:46   |   02:20:10   |
8546        |       -2348.44   |        -2367.8   |         19.357   |   06:56:58   |   02:21:12   |
8547        |        -2346.1   |       -2365.45   |        19.3442   |   07:00:07   |   02:22:12   |
8548        |       -2344.64   |       -2364.59   |         19.945   |   07:03:21   |   02:23:13   |
8549        |       -2345.29   |       -2363.25   |        17.9599   |   07:06:34   |   02:24:15   |
8550        |       -2348.65   |       -2365.84   |        17.1969   |   07:09:27   |   02:25:09   |
8551        |       -2352.75   |       -2370.53   |        17.7788   |   07:22:31   |   02:29:30   |
8552        |       -2352.75   |       -2370.53   |        17.7788   |   07:25:57   |   02:30:35   |
8553        |       -2348.27   |        -2366.9   |        18.6306   |   07:29:22   |   02:31:40   |
8554        |       -2348.47   |       -2367.68   |        19.2126   |   07:32:42   |   02:32:44   |
8555        |       -2349.29   |       -2369.74   |        20.4479   |   07:36:05   |   02:33:48   |
8556        |       -2349.12   |       -2369.12   |        20.0092   |   07:39:24   |   02:34:51   |
8557        |        -2347.9   |       -2369.94   |        22.0432   |   07:42:20   |   02:35:46   |
8558        |       -2349.07   |       -2371.14   |        22.0702   |   07:45:44   |   02:36:50   |
8559        |       -2348.12   |       -2369.84   |        21.7198   |   07:48:50   |   02:37:48   |


Iter        |      Posterior   |     Likelihood   |          Prior   |    elapsed   |        ETA   |
----------------------------------------------------------------------------------------------------
8560        |       -2347.76   |       -2367.15   |        19.3868   |   07:52:01   |   02:38:48   |
8561        |       -2346.24   |        -2370.6   |         24.364   |   08:05:37   |   02:43:18   |
8562        |       -2345.24   |       -2367.03   |        21.7913   |   08:08:37   |   02:44:14   |
8563        |       -2344.49   |       -2366.85   |        22.3589   |   08:12:04   |   02:45:19   |
8564        |       -2345.83   |          -2366   |        20.1706   |   08:15:19   |   02:46:20   |
8565        |       -2342.83   |       -2366.48   |        23.6432   |   08:18:43   |   02:47:24   |
8566        |       -2344.73   |       -2367.26   |        22.5372   |   08:21:48   |   02:48:21   |
8567        |       -2345.04   |       -2365.72   |        20.6808   |   08:24:45   |   02:49:16   |
8568        |       -2344.52   |       -2368.05   |        23.5256   |   08:27:50   |   02:50:13   |
8569        |        -2342.5   |       -2363.85   |        21.3455   |   08:30:17   |   02:50:58   |
8570        |        -2344.2   |       -2365.18   |        20.9883   |   08:33:16   |   02:51:53   |
8571        |       -2344.48   |        -2365.7   |        21.2155   |   08:47:00   |   02:56:24   |
8572        |       -2348.14   |       -2370.07   |         21.926   |   08:50:05   |   02:57:21   |
8573        |       -2350.08   |       -2371.82   |        21.7382   |   08:53:13   |   02:58:19   |
8574        |       -2347.11   |       -2368.26   |        21.1464   |   08:55:58   |   02:59:09   |
8575        |       -2349.97   |       -2372.55   |        22.5829   |   08:59:02   |   03:00:05   |
8576        |       -2347.58   |       -2368.76   |        21.1773   |   09:02:05   |   03:01:01   |
8577        |       -2348.55   |       -2371.09   |        22.5449   |   09:04:50   |   03:01:51   |
8578        |       -2348.04   |       -2370.23   |         22.187   |   09:07:45   |   03:02:45   |
8579        |       -2347.99   |       -2370.87   |         22.878   |   09:10:56   |   03:03:43   |


Iter        |      Posterior   |     Likelihood   |          Prior   |    elapsed   |        ETA   |
----------------------------------------------------------------------------------------------------
8580        |       -2347.99   |       -2370.87   |         22.878   |   09:14:00   |   03:04:40   |
8581        |       -2347.99   |       -2370.87   |         22.878   |   09:26:49   |   03:08:51   |
8582        |       -2347.99   |       -2370.87   |         22.878   |   09:30:06   |   03:09:51   |
8583        |       -2347.61   |       -2370.59   |        22.9843   |   09:33:15   |   03:10:48   |
8584        |       -2347.61   |       -2370.59   |        22.9843   |   09:36:31   |   03:11:48   |
8585        |       -2347.61   |       -2370.59   |        22.9843   |   09:39:50   |   03:12:49   |
8586        |       -2347.61   |       -2370.59   |        22.9843   |   09:42:47   |   03:13:43   |
8587        |       -2347.61   |       -2370.59   |        22.9843   |   09:46:03   |   03:14:42   |
8588        |       -2347.61   |       -2370.59   |        22.9843   |   09:49:07   |   03:15:38   |
8589        |       -2347.61   |       -2370.59   |        22.9843   |   09:52:01   |   03:16:30   |
8590        |       -2346.51   |       -2368.88   |        22.3763   |   09:55:13   |   03:17:28   |
8591        |       -2346.76   |       -2369.56   |        22.8008   |   10:07:49   |   03:21:34   |
8592        |       -2346.76   |       -2369.56   |        22.8008   |   10:11:07   |   03:22:34   |
8593        |       -2346.76   |       -2369.56   |        22.8008   |   10:14:32   |   03:23:36   |
8594        |       -2346.76   |       -2369.56   |        22.8008   |   10:17:54   |   03:24:37   |
8595        |       -2346.76   |       -2369.56   |        22.8008   |   10:21:11   |   03:25:36   |
8596        |       -2346.76   |       -2369.56   |        22.8008   |   10:24:36   |   03:26:38   |
8597        |       -2346.76   |       -2369.56   |        22.8008   |   10:27:50   |   03:27:37   |
8598        |       -2346.76   |       -2369.56   |        22.8008   |   10:30:58   |   03:28:33   |
8599        |       -2346.76   |       -2369.56   |        22.8008   |   10:33:53   |   03:29:25   |


Iter        |      Posterior   |     Likelihood   |          Prior   |    elapsed   |        ETA   |
----------------------------------------------------------------------------------------------------
8600        |       -2346.76   |       -2369.56   |        22.8008   |   10:37:05   |   03:30:23   |
8601        |       -2346.76   |       -2369.56   |        22.8008   |   10:55:32   |   03:36:22   |
8602        |       -2349.43   |       -2372.21   |        22.7749   |   10:58:50   |   03:37:21   |
8603        |       -2344.76   |       -2367.54   |        22.7733   |   11:02:02   |   03:38:19   |
8604        |       -2344.76   |       -2367.54   |        22.7733   |   11:05:25   |   03:39:19   |
8605        |          -2346   |       -2367.23   |        21.2329   |   11:08:39   |   03:40:17   |
8606        |          -2346   |       -2367.23   |        21.2329   |   11:12:05   |   03:41:19   |
8607        |          -2346   |       -2367.23   |        21.2329   |   11:15:30   |   03:42:20   |
8608        |          -2346   |       -2367.23   |        21.2329   |   11:18:47   |   03:43:19   |
8609        |          -2346   |       -2367.23   |        21.2329   |   11:22:16   |   03:44:21   |
8610        |          -2346   |       -2367.23   |        21.2329   |   11:25:38   |   03:45:21   |
8611        |          -2346   |       -2367.23   |        21.2329   |   11:38:32   |   03:49:29   |
8612        |          -2346   |       -2367.23   |        21.2329   |   11:42:04   |   03:50:32   |
8613        |       -2345.81   |       -2367.56   |        21.7528   |   11:45:11   |   03:51:27   |
8614        |        -2345.4   |       -2367.83   |        22.4347   |   11:47:58   |   03:52:15   |
8615        |       -2345.63   |       -2367.71   |        22.0841   |   11:50:55   |   03:53:07   |
8616        |       -2345.15   |       -2368.63   |        23.4853   |   11:54:13   |   03:54:05   |
8617        |       -2343.76   |       -2366.96   |        23.2034   |   11:57:12   |   03:54:57   |
8618        |       -2346.54   |       -2366.87   |        20.3346   |   12:00:17   |   03:55:51   |
8619        |       -2348.71   |       -2365.66   |        16.9507   |   12:03:26   |   03:56:46   |


Iter        |      Posterior   |     Likelihood   |          Prior   |    elapsed   |        ETA   |
----------------------------------------------------------------------------------------------------
8620        |       -2350.47   |       -2366.23   |        15.7577   |   12:06:57   |   03:57:49   |
8621        |       -2350.14   |       -2364.61   |        14.4709   |   12:20:36   |   04:02:10   |
8622        |       -2350.14   |       -2364.61   |        14.4709   |   12:24:27   |   04:03:18   |
8623        |       -2348.81   |       -2365.66   |        16.8511   |   12:27:35   |   04:04:13   |
8624        |       -2346.66   |       -2364.69   |        18.0281   |   12:31:02   |   04:05:14   |
8625        |          -2347   |        -2366.8   |        19.8013   |   12:34:10   |   04:06:08   |
8626        |       -2346.51   |       -2364.85   |        18.3441   |   12:37:15   |   04:07:01   |
8627        |       -2348.85   |       -2367.89   |        19.0395   |   12:40:32   |   04:07:59   |
8628        |       -2348.99   |       -2369.67   |        20.6869   |   12:43:51   |   04:08:57   |
8629        |        -2350.1   |       -2369.75   |        19.6562   |   12:47:06   |   04:09:53   |
8630        |       -2349.06   |       -2368.86   |        19.7996   |   12:50:05   |   04:10:44   |
8631        |       -2348.38   |       -2369.93   |        21.5565   |   13:02:47   |   04:14:45   |
8632        |       -2349.13   |       -2369.59   |        20.4567   |   13:05:44   |   04:15:36   |
8633        |       -2352.88   |       -2373.79   |        20.9129   |   13:09:06   |   04:16:34   |
8634        |       -2351.25   |       -2372.42   |        21.1662   |   13:12:07   |   04:17:25   |
8635        |        -2351.3   |       -2370.11   |        18.8166   |   13:15:29   |   04:18:24   |
8636        |       -2353.34   |       -2372.34   |        18.9942   |   13:18:23   |   04:19:13   |
8637        |       -2353.75   |       -2369.58   |        15.8229   |   13:21:31   |   04:20:07   |
8638        |        -2353.1   |       -2371.83   |        18.7318   |   13:24:45   |   04:21:02   |
8639        |       -2350.26   |       -2371.99   |        21.7279   |   13:27:42   |   04:21:52   |


Iter        |      Posterior   |     Likelihood   |          Prior   |    elapsed   |        ETA   |
----------------------------------------------------------------------------------------------------
8640        |       -2351.04   |        -2373.4   |        22.3647   |   13:30:54   |   04:22:47   |
8641        |       -2349.93   |       -2374.13   |        24.1963   |   13:43:53   |   04:26:52   |
8642        |       -2350.78   |       -2374.96   |        24.1826   |   13:47:10   |   04:27:48   |
8643        |       -2356.93   |       -2379.67   |        22.7408   |   13:50:23   |   04:28:43   |
8644        |       -2357.06   |        -2378.1   |        21.0352   |   13:53:16   |   04:29:31   |
8645        |       -2351.08   |       -2372.03   |        20.9467   |   13:56:18   |   04:30:22   |
8646        |        -2350.2   |       -2367.64   |         17.445   |   13:59:42   |   04:31:21   |
8647        |       -2350.91   |       -2368.45   |         17.536   |   14:03:05   |   04:32:19   |
8648        |       -2350.78   |       -2367.86   |        17.0802   |   14:06:15   |   04:33:12   |
8649        |       -2349.64   |       -2369.05   |        19.4086   |   14:09:24   |   04:34:05   |
8650        |       -2352.12   |        -2371.3   |        19.1863   |   14:12:29   |   04:34:57   |
8651        |       -2346.68   |       -2368.32   |        21.6347   |   14:24:45   |   04:38:47   |
8652        |       -2344.55   |       -2364.45   |        19.8978   |   14:27:47   |   04:39:37   |
8653        |       -2346.03   |       -2363.59   |        17.5552   |   14:30:33   |   04:40:23   |
8654        |        -2348.7   |       -2367.87   |        19.1679   |   14:33:34   |   04:41:13   |
8655        |        -2346.4   |       -2367.02   |        20.6251   |   14:36:38   |   04:42:04   |
8656        |       -2347.07   |       -2368.06   |         20.995   |   14:39:58   |   04:43:01   |
8657        |        -2349.9   |       -2372.41   |        22.5118   |   14:42:58   |   04:43:51   |
8658        |       -2350.98   |        -2371.8   |        20.8121   |   14:46:12   |   04:44:45   |
8659        |        -2346.2   |       -2366.56   |        20.3638   |   14:49:23   |   04:45:38   |


Iter        |      Posterior   |     Likelihood   |          Prior   |    elapsed   |        ETA   |
----------------------------------------------------------------------------------------------------
8660        |       -2348.43   |       -2368.63   |        20.2042   |   14:52:27   |   04:46:29   |
8661        |       -2347.34   |       -2368.84   |        21.5056   |   15:04:55   |   04:50:21   |
8662        |       -2345.03   |       -2367.39   |        22.3531   |   15:08:16   |   04:51:17   |
8663        |       -2344.44   |        -2367.2   |        22.7546   |   15:11:35   |   04:52:12   |
8664        |       -2345.37   |       -2368.32   |        22.9486   |   15:14:41   |   04:53:04   |
8665        |       -2343.94   |       -2366.89   |        22.9449   |   15:17:26   |   04:53:48   |
8666        |       -2345.57   |       -2368.56   |        22.9868   |   15:20:33   |   04:54:40   |
8667        |       -2351.25   |       -2373.11   |        21.8634   |   15:23:47   |   04:55:33   |
8668        |       -2346.16   |       -2367.16   |        20.9913   |   15:27:02   |   04:56:27   |
8669        |       -2346.16   |       -2367.16   |        20.9913   |   15:30:37   |   04:57:28   |
8670        |       -2346.16   |       -2367.15   |        20.9913   |   15:34:02   |   04:58:24   |
8671        |       -2346.16   |       -2367.15   |        20.9913   |   15:47:08   |   05:02:27   |
8672        |       -2346.16   |       -2367.15   |        20.9913   |   15:50:32   |   05:03:23   |
8673        |       -2346.16   |       -2367.15   |        20.9913   |   15:54:07   |   05:04:23   |
8674        |       -2346.16   |       -2367.15   |        20.9913   |   15:57:32   |   05:05:20   |
8675        |       -2346.16   |       -2367.15   |        20.9913   |   16:00:56   |   05:06:16   |
8676        |       -2345.15   |       -2366.35   |        21.2011   |   16:04:13   |   05:07:10   |
8677        |       -2344.86   |       -2368.25   |        23.3941   |   16:07:29   |   05:08:04   |
8678        |       -2345.97   |       -2368.99   |        23.0217   |   16:10:27   |   05:08:52   |
8679        |       -2346.99   |       -2368.88   |        21.8998   |   16:13:48   |   05:09:47   |


Iter        |      Posterior   |     Likelihood   |          Prior   |    elapsed   |        ETA   |
----------------------------------------------------------------------------------------------------
8680        |       -2347.23   |       -2369.01   |        21.7805   |   16:17:11   |   05:10:43   |
8681        |       -2347.23   |       -2369.01   |        21.7805   |   16:30:15   |   05:14:43   |
8682        |       -2347.23   |       -2369.01   |        21.7805   |   16:33:46   |   05:15:41   |
8683        |       -2347.23   |       -2369.01   |        21.7805   |   16:36:56   |   05:16:32   |
8684        |       -2347.23   |       -2369.01   |        21.7805   |   16:40:28   |   05:17:30   |
8685        |       -2347.23   |       -2369.01   |        21.7805   |   16:43:52   |   05:18:26   |
8686        |       -2347.23   |       -2369.01   |        21.7805   |   16:47:33   |   05:19:27   |
8687        |       -2347.23   |       -2369.01   |        21.7805   |   16:50:58   |   05:20:23   |
8688        |       -2347.23   |       -2369.01   |        21.7805   |   16:54:28   |   05:21:20   |
8689        |       -2347.22   |       -2370.91   |        23.6882   |   16:57:56   |   05:22:17   |
8690        |       -2347.22   |       -2370.91   |        23.6882   |   17:01:11   |   05:23:09   |
8691        |       -2347.22   |       -2370.91   |        23.6882   |   17:14:04   |   05:27:04   |
8692        |       -2347.65   |        -2371.3   |        23.6447   |   17:17:10   |   05:27:54   |
8693        |       -2348.23   |       -2373.05   |        24.8226   |   17:19:49   |   05:28:35   |
8694        |       -2347.69   |       -2369.23   |         21.539   |   17:22:31   |   05:29:16   |
8695        |       -2347.75   |       -2370.54   |        22.7908   |   17:25:16   |   05:29:59   |
8696        |       -2349.42   |       -2368.83   |        19.4078   |   17:28:20   |   05:30:47   |
8697        |       -2355.27   |       -2376.49   |         21.218   |   17:31:30   |   05:31:38   |
8698        |       -2352.87   |       -2373.91   |        21.0455   |   17:34:57   |   05:32:34   |
8699        |       -2356.87   |       -2377.87   |        21.0014   |   17:37:58   |   05:33:21   |


Iter        |      Posterior   |     Likelihood   |          Prior   |    elapsed   |        ETA   |
----------------------------------------------------------------------------------------------------
8700        |       -2356.87   |       -2377.87   |        21.0014   |   17:41:14   |   05:34:13   |
8701        |       -2354.86   |       -2374.57   |        19.7114   |   17:53:50   |   05:38:02   |
8702        |          -2348   |       -2367.21   |        19.2042   |   17:56:36   |   05:38:44   |
8703        |       -2345.59   |       -2365.77   |        20.1829   |   17:59:41   |   05:39:32   |
8704        |       -2346.03   |       -2366.16   |         20.133   |   18:02:33   |   05:40:17   |
8705        |       -2348.45   |       -2367.78   |        19.3332   |   18:05:48   |   05:41:08   |
8706        |       -2352.06   |       -2368.13   |        16.0746   |   18:08:45   |   05:41:54   |
8707        |       -2349.61   |       -2365.55   |        15.9437   |   18:11:53   |   05:42:43   |
8708        |       -2348.73   |       -2364.61   |        15.8737   |   18:15:15   |   05:43:37   |
8709        |        -2349.9   |       -2366.61   |        16.7066   |   18:18:35   |   05:44:29   |
8710        |       -2349.14   |       -2366.48   |        17.3353   |   18:21:39   |   05:45:17   |
8711        |        -2350.3   |       -2368.87   |        18.5676   |   18:34:14   |   05:49:04   |
8712        |       -2347.08   |       -2364.99   |        17.9135   |   18:37:24   |   05:49:53   |
8713        |       -2346.06   |       -2366.82   |        20.7559   |   18:40:23   |   05:50:39   |
8714        |       -2344.76   |        -2364.2   |        19.4401   |   18:43:02   |   05:51:19   |
8715        |       -2344.76   |        -2364.2   |        19.4401   |   18:46:42   |   05:52:17   |
8716        |       -2346.04   |       -2365.32   |        19.2805   |   18:49:35   |   05:53:01   |
8717        |       -2346.04   |       -2365.32   |        19.2805   |   18:53:05   |   05:53:57   |
8718        |       -2346.05   |       -2365.05   |        19.0043   |   18:56:09   |   05:54:44   |
8719        |       -2347.74   |       -2366.13   |        18.3871   |   18:59:19   |   05:55:33   |


Iter        |      Posterior   |     Likelihood   |          Prior   |    elapsed   |        ETA   |
----------------------------------------------------------------------------------------------------
8720        |       -2343.86   |       -2364.01   |        20.1477   |   19:02:23   |   05:56:20   |
8721        |       -2345.98   |       -2365.65   |        19.6616   |   19:15:08   |   06:00:08   |
8722        |       -2348.88   |       -2368.46   |        19.5732   |   19:18:04   |   06:00:53   |
8723        |       -2347.29   |       -2367.59   |        20.2969   |   19:21:07   |   06:01:39   |
8724        |       -2347.84   |       -2368.14   |        20.3025   |   19:24:08   |   06:02:25   |
8725        |       -2346.34   |       -2365.72   |        19.3788   |   19:27:03   |   06:03:09   |
8726        |       -2348.24   |       -2367.71   |        19.4679   |   19:30:28   |   06:04:02   |
8727        |       -2349.93   |       -2368.96   |        19.0328   |   19:33:52   |   06:04:55   |
8728        |       -2351.04   |       -2370.44   |        19.4016   |   19:37:00   |   06:05:43   |
8729        |       -2353.97   |       -2373.76   |        19.7874   |   19:40:16   |   06:06:33   |
8730        |       -2350.32   |       -2369.39   |        19.0658   |   19:43:23   |   06:07:21   |
8731        |       -2350.83   |       -2368.35   |        17.5176   |   19:56:14   |   06:11:09   |
8732        |       -2351.06   |       -2368.36   |        17.3078   |   19:59:23   |   06:11:57   |
8733        |       -2356.97   |       -2372.21   |        15.2382   |   20:02:26   |   06:12:43   |
8734        |       -2352.28   |        -2366.8   |        14.5115   |   20:05:58   |   06:13:38   |
8735        |       -2350.78   |       -2363.39   |        12.6088   |   20:08:49   |   06:14:20   |
8736        |       -2352.12   |       -2363.48   |        11.3655   |   20:12:04   |   06:15:09   |
8737        |       -2351.36   |       -2362.63   |        11.2699   |   20:15:16   |   06:15:58   |
8738        |       -2353.07   |       -2369.03   |        15.9532   |   20:18:28   |   06:16:46   |
8739        |       -2356.88   |       -2372.38   |        15.5077   |   20:21:58   |   06:17:40   |


Iter        |      Posterior   |     Likelihood   |          Prior   |    elapsed   |        ETA   |
----------------------------------------------------------------------------------------------------
8740        |       -2355.78   |       -2371.48   |        15.7058   |   20:25:25   |   06:18:33   |
8741        |       -2354.46   |       -2372.19   |        17.7327   |   20:38:00   |   06:22:15   |
8742        |       -2351.47   |       -2368.11   |        16.6436   |   20:41:24   |   06:23:07   |
8743        |       -2351.16   |       -2370.39   |        19.2338   |   20:44:34   |   06:23:55   |
8744        |       -2352.65   |        -2373.9   |        21.2463   |   20:47:34   |   06:24:39   |
8745        |       -2347.57   |       -2368.47   |        20.8933   |   20:50:28   |   06:25:21   |
8746        |       -2346.91   |       -2367.66   |        20.7583   |   20:53:31   |   06:26:06   |
8747        |       -2351.91   |       -2370.34   |        18.4384   |   20:56:29   |   06:26:50   |
8748        |       -2351.35   |       -2370.48   |         19.128   |   20:59:49   |   06:27:40   |
8749        |       -2350.72   |       -2368.98   |        18.2599   |   21:02:47   |   06:28:24   |
8750        |       -2350.59   |        -2368.4   |        17.8094   |   21:05:51   |   06:29:09   |
8751        |       -2348.93   |       -2368.62   |        19.6882   |   21:18:38   |   06:32:53   |
8752        |       -2349.39   |       -2369.13   |         19.736   |   21:21:50   |   06:33:41   |
8753        |       -2346.65   |       -2365.84   |        19.1937   |   21:25:17   |   06:34:33   |
8754        |       -2347.17   |       -2365.61   |         18.444   |   21:28:21   |   06:35:18   |
8755        |       -2348.41   |       -2365.51   |        17.1004   |   21:31:49   |   06:36:10   |
8756        |       -2350.54   |       -2368.19   |        17.6477   |   21:34:52   |   06:36:55   |
8757        |       -2350.37   |       -2366.84   |        16.4708   |   21:37:52   |   06:37:38   |
8758        |       -2355.35   |       -2371.17   |         15.821   |   21:41:08   |   06:38:27   |
8759        |        -2349.3   |       -2367.87   |        18.5649   |   21:44:38   |   06:39:19   |


Iter        |      Posterior   |     Likelihood   |          Prior   |    elapsed   |        ETA   |
----------------------------------------------------------------------------------------------------
8760        |       -2349.33   |       -2366.89   |        17.5602   |   21:47:36   |   06:40:02   |
8761        |       -2350.01   |       -2366.99   |        16.9761   |   22:00:22   |   06:43:45   |
8762        |       -2350.87   |       -2367.95   |        17.0815   |   22:03:30   |   06:44:30   |
8763        |        -2351.2   |       -2372.53   |        21.3269   |   22:06:38   |   06:45:16   |
8764        |       -2352.49   |        -2373.5   |        21.0171   |   22:09:44   |   06:46:01   |
8765        |       -2354.15   |       -2373.46   |        19.3105   |   22:12:46   |   06:46:44   |
8766        |       -2354.15   |       -2373.46   |        19.3105   |   22:16:21   |   06:47:38   |
8767        |       -2350.84   |       -2367.57   |        16.7305   |   22:19:19   |   06:48:20   |
8768        |       -2349.85   |       -2365.33   |        15.4835   |   22:22:38   |   06:49:09   |
8769        |       -2347.91   |       -2366.79   |        18.8803   |   22:25:55   |   06:49:57   |
8770        |       -2347.73   |       -2369.27   |        21.5363   |   22:28:56   |   06:50:40   |
8771        |       -2349.68   |       -2371.22   |        21.5429   |   22:49:43   |   06:56:48   |
8772        |        -2352.8   |       -2372.44   |        19.6424   |   22:52:52   |   06:57:33   |
8773        |       -2352.47   |       -2373.75   |        21.2768   |   22:55:54   |   06:58:16   |
8774        |       -2352.51   |       -2373.52   |        21.0049   |   22:58:58   |   06:59:00   |
8775        |        -2353.3   |       -2373.84   |        20.5411   |   23:01:51   |   06:59:40   |
8776        |       -2353.29   |        -2373.9   |        20.6091   |   23:05:26   |   07:00:33   |
8777        |       -2353.29   |        -2373.9   |        20.6091   |   23:08:46   |   07:01:21   |
8778        |       -2351.91   |       -2372.72   |        20.8103   |   23:12:10   |   07:02:11   |
8779        |       -2351.41   |       -2370.32   |        18.9134   |   23:15:13   |   07:02:54   |


Iter        |      Posterior   |     Likelihood   |          Prior   |    elapsed   |        ETA   |
----------------------------------------------------------------------------------------------------
8780        |       -2355.21   |       -2374.45   |        19.2342   |   23:18:10   |   07:03:35   |
8781        |       -2355.79   |       -2375.27   |        19.4841   |   23:31:02   |   07:07:16   |
8782        |       -2353.73   |       -2374.79   |        21.0558   |   23:34:00   |   07:07:58   |
8783        |        -2354.9   |       -2374.52   |        19.6184   |   23:36:58   |   07:08:39   |
8784        |       -2354.04   |       -2372.77   |        18.7322   |   23:39:49   |   07:09:18   |
8785        |       -2353.94   |       -2371.57   |        17.6371   |   23:43:20   |   07:10:09   |
8786        |       -2353.18   |       -2367.46   |        14.2745   |   23:46:36   |   07:10:56   |
8787        |       -2352.06   |       -2370.11   |        18.0593   |   23:49:30   |   07:11:35   |
8788        |       -2351.43   |       -2370.57   |        19.1369   |   23:52:26   |   07:12:16   |
8789        |       -2347.25   |       -2369.18   |        21.9333   |   23:55:41   |   07:13:02   |
8790        |       -2348.73   |       -2372.22   |        23.4894   |   23:58:45   |   07:13:45   |
8791        |        -2348.2   |       -2370.16   |        21.9533   |   24:11:03   |   07:17:14   |
8792        |        -2345.1   |       -2365.56   |        20.4608   |   24:14:02   |   07:17:55   |
8793        |        -2349.3   |       -2367.07   |        17.7669   |   24:17:17   |   07:18:41   |
8794        |       -2348.09   |       -2368.18   |        20.0833   |   24:20:29   |   07:19:26   |
8795        |        -2348.5   |       -2368.37   |        19.8734   |   24:23:32   |   07:20:08   |
8796        |       -2349.92   |       -2368.94   |        19.0253   |   24:26:41   |   07:20:52   |
8797        |       -2346.19   |       -2367.53   |        21.3353   |   24:29:45   |   07:21:34   |
8798        |       -2345.08   |       -2366.52   |        21.4401   |   24:32:52   |   07:22:17   |
8799        |       -2347.42   |       -2369.84   |        22.4234   |   24:36:22   |   07:23:07   |


Iter        |      Posterior   |     Likelihood   |          Prior   |    elapsed   |        ETA   |
----------------------------------------------------------------------------------------------------
8800        |       -2346.73   |       -2369.31   |        22.5836   |   24:39:35   |   07:23:52   |
8801        |       -2346.51   |       -2369.13   |        22.6172   |   24:51:41   |   07:27:17   |
8802        |       -2349.63   |        -2370.4   |        20.7735   |   24:54:40   |   07:27:57   |
8803        |        -2349.6   |       -2370.35   |        20.7473   |   24:57:57   |   07:28:43   |
8804        |       -2348.09   |       -2370.69   |        22.6011   |   25:01:21   |   07:29:31   |
8805        |       -2349.96   |       -2372.27   |        22.3077   |   25:04:08   |   07:30:07   |
8806        |       -2346.59   |       -2368.25   |        21.6629   |   25:07:13   |   07:30:49   |
8807        |       -2346.27   |       -2368.36   |        22.0934   |   25:09:50   |   07:31:23   |
8808        |       -2346.08   |       -2368.07   |        21.9971   |   25:12:28   |   07:31:57   |
8809        |       -2347.69   |       -2370.16   |        22.4663   |   25:15:32   |   07:32:38   |
8810        |       -2345.99   |       -2368.99   |        22.9998   |   25:18:11   |   07:33:12   |
8811        |       -2345.97   |       -2366.63   |        20.6609   |   25:30:12   |   07:36:34   |
8812        |       -2348.96   |        -2369.6   |        20.6365   |   25:32:53   |   07:37:09   |
8813        |       -2348.22   |       -2370.23   |        22.0073   |   25:35:58   |   07:37:50   |
8814        |       -2349.77   |        -2371.8   |        22.0273   |   25:38:41   |   07:38:25   |
8815        |       -2347.25   |       -2369.18   |        21.9302   |   25:41:27   |   07:39:01   |
8816        |       -2346.63   |       -2368.18   |        21.5584   |   25:44:18   |   07:39:38   |
8817        |       -2346.58   |       -2367.66   |        21.0749   |   25:47:01   |   07:40:13   |
8818        |       -2349.78   |       -2368.24   |        18.4503   |   25:50:02   |   07:40:53   |
8819        |        -2349.2   |       -2371.91   |        22.7085   |   25:53:13   |   07:41:36   |


Iter        |      Posterior   |     Likelihood   |          Prior   |    elapsed   |        ETA   |
----------------------------------------------------------------------------------------------------
8820        |       -2344.43   |       -2366.82   |        22.3922   |   25:56:05   |   07:42:14   |
8821        |       -2344.33   |       -2368.37   |        24.0459   |   26:08:31   |   07:45:42   |
8822        |       -2344.46   |       -2368.45   |        23.9864   |   26:11:31   |   07:46:21   |
8823        |       -2346.67   |          -2370   |        23.3297   |   26:14:38   |   07:47:03   |
8824        |       -2345.21   |       -2368.15   |        22.9426   |   26:17:20   |   07:47:37   |
8825        |       -2346.23   |       -2368.95   |         22.719   |   26:20:49   |   07:48:25   |
8826        |       -2348.98   |       -2372.14   |        23.1597   |   26:23:47   |   07:49:04   |
8827        |       -2345.43   |       -2369.26   |        23.8333   |   26:26:47   |   07:49:43   |
8828        |       -2346.93   |        -2370.7   |        23.7691   |   26:29:58   |   07:50:26   |
8829        |       -2346.58   |       -2371.42   |         24.838   |   26:32:33   |   07:50:57   |
8830        |       -2346.61   |       -2372.34   |        25.7352   |   26:35:28   |   07:51:35   |
8831        |       -2347.57   |       -2373.85   |        26.2748   |   26:47:27   |   07:54:53   |
8832        |       -2345.16   |       -2370.23   |        25.0692   |   26:50:18   |   07:55:30   |
8833        |        -2344.5   |        -2369.5   |        25.0002   |   26:53:07   |   07:56:06   |
8834        |       -2346.34   |       -2371.26   |        24.9221   |   26:55:46   |   07:56:38   |
8835        |       -2344.51   |       -2368.09   |        23.5823   |   26:58:43   |   07:57:16   |
8836        |       -2347.38   |       -2370.51   |        23.1376   |   27:01:47   |   07:57:56   |
8837        |       -2345.94   |       -2370.38   |        24.4409   |   27:04:26   |   07:58:29   |
8838        |       -2346.18   |       -2370.62   |        24.4404   |   27:07:28   |   07:59:08   |
8839        |       -2348.02   |       -2369.22   |        21.2039   |   27:10:36   |   07:59:49   |


Iter        |      Posterior   |     Likelihood   |          Prior   |    elapsed   |        ETA   |
----------------------------------------------------------------------------------------------------
8840        |       -2347.45   |       -2369.05   |        21.6016   |   27:14:01   |   08:00:35   |
8841        |       -2347.45   |       -2369.05   |        21.6016   |   27:26:55   |   08:04:08   |
8842        |       -2346.17   |       -2367.84   |        21.6726   |   27:29:59   |   08:04:48   |
8843        |       -2347.22   |       -2370.54   |        23.3251   |   27:32:41   |   08:05:21   |
8844        |       -2347.17   |       -2372.21   |        25.0424   |   27:35:47   |   08:06:01   |
8845        |       -2346.37   |       -2368.61   |        22.2364   |   27:38:42   |   08:06:38   |
8846        |       -2344.73   |       -2366.49   |        21.7646   |   27:41:37   |   08:07:15   |
8847        |       -2346.89   |       -2369.04   |        22.1576   |   27:44:05   |   08:07:43   |
8848        |       -2342.54   |        -2365.3   |        22.7609   |   27:46:40   |   08:08:14   |
8849        |       -2344.18   |       -2366.28   |        22.0992   |   27:49:35   |   08:08:51   |
8850        |        -2344.9   |       -2368.18   |        23.2872   |   27:52:17   |   08:09:24   |
8851        |       -2343.54   |       -2366.31   |        22.7771   |   28:04:30   |   08:12:43   |
8852        |       -2345.68   |       -2365.64   |        19.9625   |   28:07:52   |   08:13:28   |
8853        |       -2344.06   |       -2365.69   |        21.6302   |   28:11:00   |   08:14:08   |
8854        |       -2344.04   |       -2366.45   |         22.412   |   28:14:04   |   08:14:47   |
8855        |       -2342.74   |       -2363.61   |        20.8708   |   28:17:15   |   08:15:28   |
8856        |       -2343.08   |       -2365.09   |        22.0057   |   28:20:01   |   08:16:01   |
8857        |       -2347.12   |       -2367.75   |        20.6354   |   28:23:18   |   08:16:44   |
8858        |       -2349.94   |        -2369.9   |        19.9663   |   28:26:47   |   08:17:30   |
8859        |       -2347.57   |        -2369.6   |        22.0281   |   28:30:20   |   08:18:17   |


Iter        |      Posterior   |     Likelihood   |          Prior   |    elapsed   |        ETA   |
----------------------------------------------------------------------------------------------------
8860        |       -2345.52   |       -2368.08   |        22.5604   |   28:33:33   |   08:18:58   |
8861        |       -2348.88   |       -2368.58   |        19.6947   |   28:46:50   |   08:22:35   |
8862        |       -2353.61   |       -2373.39   |        19.7808   |   28:50:07   |   08:23:17   |
8863        |       -2355.47   |       -2372.89   |        17.4219   |   28:53:40   |   08:24:04   |
8864        |       -2350.15   |       -2366.37   |        16.2203   |   28:57:11   |   08:24:50   |
8865        |       -2352.67   |       -2369.12   |        16.4463   |   29:00:55   |   08:25:40   |
8866        |       -2352.37   |       -2367.27   |        14.8959   |   29:04:27   |   08:26:27   |
8867        |       -2353.53   |       -2368.36   |         14.828   |   29:08:03   |   08:27:14   |
8868        |       -2349.41   |       -2365.58   |        16.1723   |   29:11:22   |   08:27:57   |
8869        |       -2352.36   |       -2364.71   |        12.3527   |   29:14:58   |   08:28:44   |
8870        |       -2353.28   |       -2367.36   |        14.0732   |   29:18:35   |   08:29:31   |
8871        |       -2348.24   |       -2367.43   |        19.1931   |   29:33:10   |   08:33:30   |
8872        |       -2346.35   |       -2364.89   |        18.5402   |   29:36:45   |   08:34:16   |
8873        |        -2348.7   |       -2366.93   |        18.2238   |   29:40:17   |   08:35:02   |
8874        |          -2353   |       -2370.84   |        17.8343   |   29:43:37   |   08:35:44   |
8875        |       -2355.18   |       -2373.68   |        18.5001   |   29:47:07   |   08:36:30   |
8876        |       -2352.73   |       -2370.79   |        18.0644   |   29:50:48   |   08:37:18   |
8877        |       -2353.17   |       -2371.57   |        18.3995   |   29:54:30   |   08:38:06   |
8878        |       -2354.54   |          -2374   |        19.4681   |   29:58:03   |   08:38:52   |
8879        |       -2355.18   |       -2373.93   |        18.7468   |   30:01:36   |   08:39:38   |


Iter        |      Posterior   |     Likelihood   |          Prior   |    elapsed   |        ETA   |
----------------------------------------------------------------------------------------------------
8880        |       -2355.63   |        -2374.6   |        18.9714   |   30:05:22   |   08:40:27   |
8881        |       -2351.57   |        -2372.7   |        21.1302   |   30:19:14   |   08:44:11   |
8882        |       -2351.46   |       -2372.57   |        21.1113   |   30:22:43   |   08:44:56   |
8883        |       -2352.64   |       -2373.55   |        20.9155   |   30:26:31   |   08:45:46   |
8884        |       -2349.47   |       -2369.23   |        19.7596   |   30:30:08   |   08:46:32   |
8885        |       -2348.54   |       -2367.35   |        18.8156   |   30:33:46   |   08:47:19   |
8886        |       -2345.83   |       -2364.98   |        19.1548   |   30:37:26   |   08:48:06   |
8887        |       -2344.85   |       -2365.07   |        20.2191   |   30:41:17   |   08:48:57   |
8888        |       -2345.34   |       -2365.64   |        20.2966   |   30:45:20   |   08:49:50   |
8889        |       -2347.47   |       -2366.82   |        19.3423   |   30:49:09   |   08:50:40   |
8890        |       -2347.39   |       -2366.97   |        19.5758   |   30:53:28   |   08:51:38   |
8891        |       -2347.39   |       -2366.97   |        19.5758   |   31:06:53   |   08:55:13   |
8892        |       -2350.79   |       -2369.05   |         18.258   |   31:10:29   |   08:55:59   |
8893        |       -2352.29   |       -2373.68   |        21.3914   |   31:13:51   |   08:56:40   |
8894        |       -2348.38   |       -2365.09   |        16.7098   |   31:17:09   |   08:57:21   |
8895        |       -2348.43   |       -2364.18   |        15.7493   |   31:20:24   |   08:58:00   |
8896        |       -2349.51   |       -2365.46   |        15.9476   |   31:24:06   |   08:58:47   |
8897        |       -2351.68   |       -2370.19   |        18.5093   |   31:27:38   |   08:59:32   |
8898        |       -2351.89   |       -2366.33   |        14.4387   |   31:31:10   |   09:00:16   |
8899        |        -2352.4   |       -2366.88   |        14.4846   |   31:35:04   |   09:01:06   |


Iter        |      Posterior   |     Likelihood   |          Prior   |    elapsed   |        ETA   |
----------------------------------------------------------------------------------------------------
8900        |       -2356.09   |       -2370.21   |        14.1128   |   31:38:43   |   09:01:52   |
8901        |       -2356.98   |       -2371.47   |        14.4954   |   31:52:12   |   09:05:27   |
8902        |       -2352.63   |       -2364.61   |          11.98   |   31:55:44   |   09:06:11   |
8903        |       -2354.18   |       -2366.08   |        11.8976   |   31:59:44   |   09:07:02   |
8904        |       -2351.75   |       -2364.59   |        12.8444   |   32:03:20   |   09:07:47   |
8905        |       -2350.82   |       -2362.91   |        12.0979   |   32:06:46   |   09:08:29   |
8906        |       -2348.11   |       -2364.01   |        15.9042   |   32:10:22   |   09:09:14   |
8907        |       -2349.74   |       -2369.09   |        19.3495   |   32:13:47   |   09:09:56   |
8908        |       -2349.74   |       -2369.09   |        19.3495   |   32:17:26   |   09:10:41   |
8909        |       -2347.43   |       -2364.53   |        17.1069   |   32:21:05   |   09:11:27   |
8910        |       -2347.99   |       -2366.97   |        18.9802   |   32:24:18   |   09:12:05   |
8911        |        -2348.5   |       -2367.36   |        18.8538   |   32:36:59   |   09:15:24   |
8912        |       -2351.44   |       -2368.18   |        16.7376   |   32:40:22   |   09:16:04   |
8913        |       -2352.06   |       -2368.63   |         16.569   |   32:43:34   |   09:16:42   |
8914        |       -2352.48   |       -2367.31   |        14.8322   |   32:46:32   |   09:17:15   |
8915        |       -2352.91   |       -2366.09   |        13.1784   |   32:50:13   |   09:18:01   |
8916        |       -2351.81   |       -2366.15   |        14.3386   |   32:54:10   |   09:18:51   |
8917        |       -2352.79   |       -2367.16   |        14.3687   |   32:57:44   |   09:19:35   |
8918        |       -2349.58   |        -2367.3   |        17.7211   |   33:01:30   |   09:20:21   |
8919        |       -2347.04   |       -2365.59   |        18.5522   |   33:05:11   |   09:21:07   |


Iter        |      Posterior   |     Likelihood   |          Prior   |    elapsed   |        ETA   |
----------------------------------------------------------------------------------------------------
8920        |       -2346.11   |       -2364.91   |        18.8006   |   33:08:39   |   09:21:48   |
8921        |       -2348.43   |       -2363.35   |        14.9189   |   33:22:03   |   09:25:18   |
8922        |       -2350.71   |       -2368.39   |         17.684   |   33:25:47   |   09:26:04   |
8923        |       -2350.01   |       -2369.67   |        19.6568   |   33:29:27   |   09:26:49   |
8924        |        -2350.1   |       -2367.86   |         17.765   |   33:32:54   |   09:27:30   |
8925        |        -2350.1   |       -2367.97   |        17.8651   |   33:36:27   |   09:28:13   |
8926        |       -2352.11   |       -2370.27   |        18.1629   |   33:40:13   |   09:28:59   |
8927        |       -2350.34   |       -2368.44   |        18.0978   |   33:43:58   |   09:29:45   |
8928        |       -2352.76   |       -2369.91   |         17.149   |   33:47:43   |   09:30:31   |
8929        |       -2352.97   |       -2371.95   |        18.9742   |   33:51:08   |   09:31:11   |
8930        |       -2352.45   |       -2371.54   |        19.0857   |   33:54:54   |   09:31:57   |
8931        |       -2351.92   |       -2370.63   |        18.7079   |   34:08:12   |   09:35:24   |
8932        |       -2356.44   |       -2373.25   |        16.8024   |   34:12:12   |   09:36:14   |
8933        |       -2353.79   |       -2369.83   |        16.0416   |   34:15:40   |   09:36:54   |
8934        |       -2356.36   |       -2373.42   |        17.0589   |   34:19:05   |   09:37:34   |
8935        |       -2356.15   |       -2370.97   |        14.8253   |   34:22:45   |   09:38:18   |
8936        |       -2357.14   |       -2369.85   |        12.7098   |   34:26:16   |   09:38:59   |
8937        |       -2353.61   |       -2368.96   |        15.3495   |   34:29:27   |   09:39:35   |
8938        |       -2353.25   |       -2368.61   |        15.3619   |   34:33:12   |   09:40:20   |
8939        |       -2353.25   |       -2368.61   |        15.3619   |   34:36:48   |   09:41:03   |


Iter        |      Posterior   |     Likelihood   |          Prior   |    elapsed   |        ETA   |
----------------------------------------------------------------------------------------------------
8940        |       -2353.59   |       -2367.23   |        13.6409   |   34:40:19   |   09:41:44   |
8941        |       -2351.55   |          -2365   |        13.4547   |   34:54:10   |   09:45:19   |
8942        |       -2353.76   |       -2366.64   |        12.8881   |   34:58:15   |   09:46:09   |
8943        |       -2352.69   |       -2367.91   |        15.2154   |   35:02:03   |   09:46:55   |
8944        |        -2352.3   |       -2367.01   |        14.7052   |   35:05:43   |   09:47:38   |
8945        |        -2355.9   |       -2370.56   |        14.6653   |   35:09:47   |   09:48:28   |
8946        |       -2350.27   |       -2369.05   |        18.7849   |   35:13:38   |   09:49:14   |
8947        |       -2350.06   |        -2367.2   |        17.1416   |   35:17:30   |   09:50:01   |
8948        |       -2350.97   |       -2370.77   |        19.8033   |   35:21:05   |   09:50:43   |
8949        |       -2351.22   |       -2366.03   |        14.8138   |   35:24:33   |   09:51:22   |
8950        |       -2350.84   |       -2365.55   |        14.7167   |   35:28:15   |   09:52:06   |
8951        |       -2351.94   |       -2363.67   |        11.7359   |   35:42:37   |   09:55:47   |
8952        |        -2350.7   |       -2364.97   |        14.2631   |   35:46:06   |   09:56:27   |
8953        |       -2351.71   |       -2366.09   |        14.3747   |   35:49:40   |   09:57:08   |
8954        |       -2353.69   |       -2369.05   |        15.3591   |   35:53:24   |   09:57:52   |
8955        |       -2351.03   |       -2364.63   |        13.5927   |   35:57:13   |   09:58:37   |
8956        |        -2350.6   |       -2364.58   |        13.9818   |   36:01:01   |   09:59:22   |
8957        |       -2353.75   |       -2369.25   |         15.502   |   36:04:35   |   10:00:03   |
8958        |       -2351.08   |       -2368.83   |        17.7477   |   36:08:04   |   10:00:42   |
8959        |       -2349.95   |       -2367.95   |        17.9937   |   36:11:44   |   10:01:24   |


Iter        |      Posterior   |     Likelihood   |          Prior   |    elapsed   |        ETA   |
----------------------------------------------------------------------------------------------------
8960        |       -2349.11   |       -2364.68   |        15.5726   |   36:15:41   |   10:02:11   |
8961        |       -2348.75   |        -2363.7   |        14.9468   |   36:28:58   |   10:05:33   |
8962        |       -2350.52   |       -2368.05   |        17.5223   |   36:32:44   |   10:06:17   |
8963        |        -2350.7   |       -2366.86   |        16.1555   |   36:36:40   |   10:07:04   |
8964        |       -2348.48   |       -2365.67   |        17.1884   |   36:40:22   |   10:07:46   |
8965        |       -2349.32   |       -2367.25   |        17.9315   |   36:44:35   |   10:08:37   |
8966        |       -2353.28   |       -2370.73   |        17.4579   |   36:48:41   |   10:09:26   |
8967        |       -2352.51   |       -2366.89   |        14.3852   |   36:52:27   |   10:10:10   |
8968        |       -2351.42   |       -2366.35   |        14.9248   |   36:55:50   |   10:10:47   |
8969        |       -2350.37   |       -2365.83   |        15.4533   |   37:00:01   |   10:11:37   |
8970        |       -2351.64   |       -2365.78   |        14.1399   |   37:03:56   |   10:12:23   |
8971        |       -2348.38   |       -2365.72   |        17.3463   |   37:17:30   |   10:15:48   |
8972        |       -2349.24   |       -2366.66   |        17.4172   |   37:21:20   |   10:16:32   |
8973        |       -2346.01   |       -2367.19   |         21.182   |   37:24:46   |   10:17:10   |
8974        |       -2348.62   |       -2369.24   |        20.6169   |   37:28:20   |   10:17:49   |
8975        |       -2348.84   |        -2367.1   |        18.2588   |   37:32:03   |   10:18:31   |
8976        |       -2351.57   |       -2369.47   |        17.8998   |   37:35:48   |   10:19:14   |
8977        |       -2353.27   |       -2373.35   |          20.08   |   37:39:15   |   10:19:51   |
8978        |          -2350   |       -2366.78   |        16.7734   |   37:43:02   |   10:20:34   |
8979        |       -2350.98   |       -2367.64   |        16.6607   |   37:46:30   |   10:21:12   |


Iter        |      Posterior   |     Likelihood   |          Prior   |    elapsed   |        ETA   |
----------------------------------------------------------------------------------------------------
8980        |       -2353.27   |       -2365.63   |        12.3565   |   37:50:17   |   10:21:55   |
8981        |       -2351.29   |       -2365.25   |        13.9555   |   38:04:25   |   10:25:28   |
8982        |       -2352.74   |       -2367.59   |        14.8529   |   38:08:17   |   10:26:12   |
8983        |        -2353.3   |       -2367.99   |        14.6962   |   38:12:16   |   10:26:58   |
8984        |       -2351.56   |       -2370.12   |        18.5595   |   38:15:50   |   10:27:37   |
8985        |       -2352.16   |        -2370.9   |        18.7459   |   38:19:16   |   10:28:14   |
8986        |       -2349.78   |       -2369.43   |        19.6473   |   38:23:11   |   10:28:58   |
8987        |        -2350.4   |       -2368.63   |        18.2249   |   38:26:29   |   10:29:33   |
8988        |       -2351.85   |       -2368.01   |        16.1613   |   38:30:17   |   10:30:15   |
8989        |       -2351.57   |       -2368.18   |        16.6101   |   38:33:51   |   10:30:54   |
8990        |       -2352.43   |       -2371.22   |        18.7926   |   38:37:11   |   10:31:29   |
8991        |       -2352.95   |       -2372.98   |        20.0225   |   38:50:31   |   10:34:47   |
8992        |       -2351.79   |       -2372.02   |        20.2322   |   38:54:13   |   10:35:28   |
8993        |       -2351.29   |       -2369.94   |         18.648   |   38:58:08   |   10:36:12   |
8994        |       -2351.29   |       -2369.94   |         18.648   |   39:01:55   |   10:36:54   |
8995        |       -2351.29   |       -2369.94   |         18.648   |   39:06:04   |   10:37:42   |
8996        |       -2349.12   |       -2370.54   |        21.4155   |   39:09:27   |   10:38:17   |
8997        |       -2349.59   |       -2370.43   |        20.8434   |   39:13:32   |   10:39:03   |
8998        |        -2350.7   |       -2373.73   |        23.0288   |   39:17:33   |   10:39:49   |
8999        |       -2352.32   |       -2374.12   |        21.7985   |   39:20:59   |   10:40:25   |


Iter        |      Posterior   |     Likelihood   |          Prior   |    elapsed   |        ETA   |
----------------------------------------------------------------------------------------------------
9000        |       -2353.37   |       -2374.08   |        20.7148   |   39:24:25   |   10:41:01   |
9001        |       -2352.95   |       -2371.53   |        18.5808   |   39:38:14   |   10:44:25   |
9002        |       -2352.76   |       -2371.17   |        18.4083   |   39:42:21   |   10:45:12   |
9003        |       -2351.33   |       -2370.78   |        19.4476   |   39:46:24   |   10:45:58   |
9004        |        -2349.6   |        -2373.4   |        23.8058   |   39:49:47   |   10:46:32   |
9005        |       -2350.33   |       -2374.06   |        23.7291   |   39:53:16   |   10:47:09   |
9006        |        -2348.8   |       -2374.21   |        25.4094   |   39:56:26   |   10:47:40   |
9007        |       -2350.19   |        -2374.2   |        24.0058   |   39:59:40   |   10:48:12   |
9008        |       -2349.11   |       -2373.06   |        23.9509   |   40:02:47   |   10:48:42   |
9009        |        -2348.9   |       -2373.89   |        24.9847   |   40:05:57   |   10:49:13   |
9010        |       -2350.89   |       -2375.66   |         24.772   |   40:09:18   |   10:49:47   |
9011        |       -2353.65   |       -2377.59   |        23.9392   |   40:22:13   |   10:52:55   |
9012        |       -2351.49   |       -2376.52   |        25.0264   |   40:25:08   |   10:53:22   |
9013        |       -2349.31   |       -2376.47   |         27.163   |   40:28:13   |   10:53:51   |
9014        |       -2354.58   |       -2379.02   |        24.4388   |   40:31:09   |   10:54:18   |
9015        |        -2353.2   |       -2375.55   |        22.3561   |   40:34:35   |   10:54:53   |
9016        |        -2351.8   |       -2372.83   |        21.0303   |   40:37:32   |   10:55:20   |
9017        |       -2349.69   |       -2371.86   |         22.175   |   40:40:41   |   10:55:50   |
9018        |       -2352.61   |        -2377.3   |        24.6994   |   40:43:28   |   10:56:15   |
9019        |       -2351.11   |        -2375.9   |        24.7976   |   40:46:16   |   10:56:39   |


Iter        |      Posterior   |     Likelihood   |          Prior   |    elapsed   |        ETA   |
----------------------------------------------------------------------------------------------------
9020        |        -2352.2   |       -2376.24   |        24.0403   |   40:49:17   |   10:57:07   |
9021        |       -2352.14   |       -2372.72   |         20.577   |   41:01:14   |   10:59:59   |
9022        |       -2348.23   |        -2368.9   |        20.6701   |   41:04:22   |   11:00:28   |
9023        |       -2348.81   |       -2369.71   |        20.9096   |   41:07:23   |   11:00:56   |
9024        |       -2348.74   |       -2370.22   |        21.4834   |   41:10:23   |   11:01:23   |
9025        |       -2348.74   |       -2370.22   |        21.4834   |   41:13:44   |   11:01:56   |
9026        |       -2350.47   |       -2370.81   |        20.3342   |   41:16:39   |   11:02:22   |
9027        |       -2348.12   |       -2370.63   |        22.5018   |   41:19:45   |   11:02:51   |
9028        |       -2351.73   |       -2375.99   |        24.2618   |   41:23:04   |   11:03:23   |
9029        |       -2348.53   |       -2372.58   |        24.0475   |   41:26:04   |   11:03:51   |
9030        |       -2350.15   |       -2373.79   |        23.6304   |   41:29:07   |   11:04:18   |
9031        |       -2354.36   |       -2378.43   |        24.0654   |   41:41:17   |   11:07:12   |
9032        |       -2352.98   |       -2374.61   |        21.6309   |   41:44:08   |   11:07:37   |
9033        |        -2354.2   |       -2377.64   |        23.4389   |   41:47:00   |   11:08:02   |
9034        |       -2353.41   |        -2376.6   |        23.1845   |   41:50:05   |   11:08:30   |
9035        |        -2352.9   |       -2377.91   |        25.0182   |   41:52:46   |   11:08:51   |
9036        |        -2352.9   |       -2377.91   |        25.0182   |   41:55:59   |   11:09:22   |
9037        |       -2352.47   |       -2376.35   |        23.8791   |   41:58:36   |   11:09:42   |
9038        |        -2351.1   |       -2372.79   |        21.6844   |   42:01:32   |   11:10:08   |
9039        |       -2353.17   |       -2375.56   |        22.3892   |   42:04:32   |   11:10:35   |


Iter        |      Posterior   |     Likelihood   |          Prior   |    elapsed   |        ETA   |
----------------------------------------------------------------------------------------------------
9040        |       -2352.74   |          -2376   |        23.2675   |   42:07:32   |   11:11:01   |
9041        |       -2355.25   |       -2376.41   |        21.1544   |   42:20:06   |   11:14:00   |
9042        |       -2355.12   |       -2376.77   |         21.647   |   42:23:04   |   11:14:26   |
9043        |       -2350.93   |       -2371.27   |        20.3448   |   42:26:07   |   11:14:53   |
9044        |       -2350.62   |       -2372.82   |        22.1973   |   42:29:06   |   11:15:19   |
9045        |       -2349.15   |       -2372.18   |        23.0342   |   42:32:07   |   11:15:46   |
9046        |        -2349.9   |       -2372.56   |        22.6566   |   42:35:16   |   11:16:14   |
9047        |       -2351.33   |       -2376.07   |        24.7307   |   42:38:21   |   11:16:42   |
9048        |       -2348.59   |       -2370.35   |        21.7633   |   42:41:01   |   11:17:03   |
9049        |       -2347.99   |       -2369.75   |        21.7623   |   42:44:06   |   11:17:30   |
9050        |       -2349.26   |       -2368.92   |        19.6607   |   42:47:15   |   11:17:58   |
9051        |       -2351.34   |       -2373.14   |         21.806   |   42:59:42   |   11:20:54   |
9052        |       -2352.42   |       -2371.25   |        18.8391   |   43:02:44   |   11:21:20   |
9053        |       -2352.06   |       -2371.77   |        19.7055   |   43:06:02   |   11:21:51   |
9054        |       -2350.64   |       -2372.64   |        21.9975   |   43:08:59   |   11:22:16   |
9055        |       -2349.41   |       -2369.04   |        19.6287   |   43:11:53   |   11:22:40   |
9056        |       -2350.02   |       -2371.53   |        21.5032   |   43:14:59   |   11:23:07   |
9057        |       -2350.37   |        -2370.5   |        20.1373   |   43:18:00   |   11:23:33   |
9058        |       -2352.87   |       -2372.84   |        19.9728   |   43:21:12   |   11:24:02   |
9059        |       -2350.47   |       -2368.17   |        17.6979   |   43:24:21   |   11:24:30   |


Iter        |      Posterior   |     Likelihood   |          Prior   |    elapsed   |        ETA   |
----------------------------------------------------------------------------------------------------
9060        |        -2350.8   |       -2371.92   |        21.1163   |   43:27:35   |   11:24:59   |
9061        |       -2346.46   |       -2366.66   |         20.204   |   43:40:20   |   11:27:58   |
9062        |       -2348.52   |       -2370.99   |        22.4684   |   43:43:36   |   11:28:28   |
9063        |       -2348.86   |       -2370.54   |        21.6799   |   43:46:40   |   11:28:54   |
9064        |        -2348.3   |       -2366.46   |        18.1631   |   43:50:19   |   11:29:30   |
9065        |        -2350.4   |        -2368.3   |        17.9071   |   43:53:45   |   11:30:02   |
9066        |       -2348.48   |       -2366.64   |        18.1613   |   43:57:00   |   11:30:31   |
9067        |       -2351.57   |       -2368.37   |        16.7936   |   44:00:21   |   11:31:01   |
9068        |       -2353.25   |       -2370.16   |        16.9067   |   44:03:26   |   11:31:28   |
9069        |       -2353.93   |       -2370.89   |        16.9583   |   44:06:50   |   11:31:59   |
9070        |        -2348.8   |       -2369.38   |        20.5838   |   44:10:05   |   11:32:28   |
9071        |       -2348.86   |       -2368.61   |        19.7526   |   44:22:59   |   11:35:28   |
9072        |       -2352.53   |       -2372.23   |        19.7025   |   44:26:04   |   11:35:54   |
9073        |        -2348.9   |       -2367.16   |        18.2628   |   44:29:19   |   11:36:22   |
9074        |       -2348.64   |       -2369.18   |        20.5356   |   44:32:38   |   11:36:52   |
9075        |       -2349.11   |       -2367.87   |        18.7575   |   44:35:32   |   11:37:15   |
9076        |       -2348.45   |       -2367.51   |        19.0685   |   44:38:54   |   11:37:45   |
9077        |       -2347.97   |       -2367.03   |        19.0618   |   44:42:23   |   11:38:18   |
9078        |       -2348.38   |       -2369.75   |        21.3732   |   44:45:19   |   11:38:41   |
9079        |       -2349.07   |       -2369.55   |        20.4751   |   44:48:26   |   11:39:07   |


Iter        |      Posterior   |     Likelihood   |          Prior   |    elapsed   |        ETA   |
----------------------------------------------------------------------------------------------------
9080        |       -2348.82   |        -2369.6   |        20.7749   |   44:51:48   |   11:39:37   |
9081        |        -2348.9   |       -2370.91   |        22.0043   |   45:04:42   |   11:42:36   |
9082        |        -2351.1   |       -2374.37   |        23.2744   |   45:07:35   |   11:42:58   |
9083        |       -2351.39   |       -2374.63   |        23.2446   |   45:10:37   |   11:43:23   |
9084        |       -2349.27   |       -2372.45   |        23.1806   |   45:13:54   |   11:43:52   |
9085        |       -2349.63   |       -2371.03   |        21.4017   |   45:17:05   |   11:44:19   |
9086        |        -2347.9   |        -2369.1   |        21.2016   |   45:20:36   |   11:44:51   |
9087        |       -2348.61   |       -2370.13   |        21.5273   |   45:23:49   |   11:45:18   |
9088        |        -2348.1   |       -2369.59   |        21.4853   |   45:26:45   |   11:45:41   |
9089        |       -2350.61   |       -2371.57   |        20.9631   |   45:30:04   |   11:46:10   |
9090        |       -2353.76   |       -2376.51   |        22.7568   |   45:32:54   |   11:46:31   |
9091        |       -2350.93   |       -2373.34   |        22.4118   |   45:45:48   |   11:49:28   |
9092        |       -2350.67   |       -2372.64   |        21.9627   |   45:48:53   |   11:49:53   |
9093        |       -2352.73   |       -2374.92   |        22.1906   |   45:52:00   |   11:50:19   |
9094        |       -2352.73   |       -2374.92   |        22.1906   |   45:55:28   |   11:50:50   |
9095        |       -2352.46   |       -2374.82   |        22.3674   |   45:58:51   |   11:51:19   |
9096        |       -2354.88   |       -2378.78   |        23.9031   |   46:01:45   |   11:51:41   |
9097        |       -2349.24   |       -2373.28   |        24.0337   |   46:04:50   |   11:52:06   |
9098        |        -2348.9   |       -2372.68   |        23.7805   |   46:07:57   |   11:52:31   |
9099        |       -2351.99   |       -2373.81   |        21.8187   |   46:11:18   |   11:53:00   |


Iter        |      Posterior   |     Likelihood   |          Prior   |    elapsed   |        ETA   |
----------------------------------------------------------------------------------------------------
9100        |       -2350.76   |       -2369.64   |         18.883   |   46:14:42   |   11:53:29   |
9101        |       -2347.77   |       -2371.08   |        23.3114   |   46:27:39   |   11:56:26   |
9102        |       -2346.63   |       -2368.96   |         22.328   |   46:31:11   |   11:56:57   |
9103        |       -2345.87   |       -2367.03   |        21.1615   |   46:34:14   |   11:57:21   |
9104        |       -2347.59   |       -2367.03   |        19.4369   |   46:36:57   |   11:57:40   |
9105        |       -2347.53   |       -2369.44   |        21.9135   |   46:40:32   |   11:58:12   |
9106        |       -2350.44   |       -2369.86   |        19.4231   |   46:44:10   |   11:58:44   |
9107        |        -2349.8   |       -2367.41   |        17.6123   |   46:47:27   |   11:59:12   |
9108        |       -2348.22   |       -2368.05   |        19.8265   |   46:50:43   |   11:59:39   |
9109        |       -2350.66   |       -2367.74   |        17.0822   |   46:53:52   |   12:00:04   |
9110        |        -2351.7   |       -2368.45   |        16.7468   |   46:57:25   |   12:00:35   |
9111        |       -2349.15   |       -2368.53   |        19.3819   |   47:10:51   |   12:03:38   |
9112        |       -2346.83   |       -2366.02   |        19.1864   |   47:14:47   |   12:04:15   |
9113        |       -2351.23   |       -2371.92   |        20.6887   |   47:17:52   |   12:04:38   |
9114        |       -2350.33   |       -2369.38   |         19.042   |   47:20:54   |   12:05:01   |
9115        |       -2346.67   |       -2367.14   |        20.4781   |   47:24:09   |   12:05:28   |
9116        |       -2348.52   |       -2368.41   |        19.8925   |   47:27:58   |   12:06:03   |
9117        |       -2348.98   |       -2369.72   |        20.7351   |   47:31:34   |   12:06:34   |
9118        |        -2350.9   |       -2369.91   |        19.0098   |   47:34:51   |   12:07:01   |
9119        |       -2347.32   |       -2366.44   |        19.1249   |   47:38:15   |   12:07:29   |


Iter        |      Posterior   |     Likelihood   |          Prior   |    elapsed   |        ETA   |
----------------------------------------------------------------------------------------------------
9120        |       -2343.36   |       -2365.82   |        22.4606   |   47:41:21   |   12:07:53   |
9121        |       -2344.08   |       -2366.25   |        22.1754   |   47:54:23   |   12:10:48   |
9122        |       -2343.59   |        -2367.3   |        23.7014   |   47:58:00   |   12:11:19   |
9123        |       -2346.59   |       -2368.24   |        21.6443   |   48:01:13   |   12:11:45   |
9124        |       -2347.35   |        -2370.1   |        22.7474   |   48:04:31   |   12:12:11   |
9125        |       -2347.07   |       -2371.53   |        24.4692   |   48:07:55   |   12:12:39   |
9126        |       -2351.42   |       -2376.31   |        24.8889   |   48:11:27   |   12:13:09   |
9127        |       -2349.97   |       -2376.89   |        26.9161   |   48:14:57   |   12:13:38   |
9128        |       -2349.99   |       -2376.17   |        26.1734   |   48:18:14   |   12:14:05   |
9129        |       -2351.09   |       -2377.98   |        26.8964   |   48:21:33   |   12:14:31   |
9130        |        -2351.4   |       -2377.49   |        26.0941   |   48:24:39   |   12:14:54   |
9131        |        -2351.3   |       -2375.91   |         24.605   |   48:37:22   |   12:17:43   |
9132        |       -2353.57   |       -2378.75   |        25.1836   |   48:40:56   |   12:18:13   |
9133        |       -2351.66   |       -2377.58   |        25.9123   |   48:44:12   |   12:18:39   |
9134        |       -2351.44   |       -2375.52   |        24.0806   |   48:47:17   |   12:19:01   |
9135        |       -2352.29   |        -2373.6   |        21.3091   |   48:50:36   |   12:19:28   |
9136        |       -2352.72   |       -2375.47   |        22.7535   |   48:53:32   |   12:19:48   |
9137        |       -2352.23   |       -2375.06   |        22.8324   |   48:57:02   |   12:20:17   |
9138        |       -2352.33   |       -2376.55   |        24.2192   |   49:00:13   |   12:20:41   |
9139        |       -2352.65   |       -2372.85   |        20.1947   |   49:03:37   |   12:21:08   |


Iter        |      Posterior   |     Likelihood   |          Prior   |    elapsed   |        ETA   |
----------------------------------------------------------------------------------------------------
9140        |       -2354.33   |       -2376.96   |        22.6308   |   49:07:07   |   12:21:36   |
9141        |       -2352.52   |       -2376.37   |        23.8447   |   49:20:18   |   12:24:31   |
9142        |       -2355.67   |          -2378   |        22.3288   |   49:23:36   |   12:24:57   |
9143        |       -2354.27   |       -2376.68   |        22.4148   |   49:26:46   |   12:25:20   |
9144        |       -2348.22   |       -2372.37   |        24.1443   |   49:29:57   |   12:25:44   |
9145        |       -2350.31   |       -2374.44   |        24.1264   |   49:32:35   |   12:25:59   |
9146        |       -2350.66   |       -2374.87   |        24.2128   |   49:35:53   |   12:26:24   |
9147        |       -2349.15   |       -2372.58   |        23.4297   |   49:39:00   |   12:26:47   |
9148        |        -2349.9   |       -2374.52   |        24.6278   |   49:42:08   |   12:27:09   |
9149        |       -2350.97   |          -2376   |        25.0233   |   49:44:18   |   12:27:17   |
9150        |       -2347.48   |       -2372.87   |        25.3848   |   49:46:46   |   12:27:30   |
9151        |       -2347.38   |       -2370.89   |        23.5142   |   49:58:43   |   12:30:05   |
9152        |       -2349.73   |        -2373.7   |         23.967   |   50:01:44   |   12:30:26   |
9153        |       -2351.63   |       -2375.61   |        23.9722   |   50:04:52   |   12:30:48   |
9154        |       -2352.89   |       -2376.62   |        23.7292   |   50:08:02   |   12:31:11   |
9155        |       -2350.76   |       -2374.36   |        23.6046   |   50:11:06   |   12:31:32   |
9156        |       -2349.92   |       -2372.86   |        22.9393   |   50:14:25   |   12:31:57   |
9157        |       -2348.71   |       -2371.24   |        22.5285   |   50:17:38   |   12:32:20   |
9158        |       -2351.94   |        -2372.4   |        20.4555   |   50:21:07   |   12:32:48   |
9159        |       -2355.34   |       -2374.55   |        19.2101   |   50:24:37   |   12:33:15   |


Iter        |      Posterior   |     Likelihood   |          Prior   |    elapsed   |        ETA   |
----------------------------------------------------------------------------------------------------
9160        |       -2351.71   |       -2372.61   |        20.9018   |   50:28:08   |   12:33:43   |
9161        |       -2347.71   |       -2369.21   |        21.5015   |   50:40:56   |   12:36:29   |
9162        |       -2347.71   |       -2369.21   |        21.5015   |   50:44:34   |   12:36:59   |
9163        |       -2347.01   |        -2368.7   |        21.6865   |   50:48:03   |   12:37:26   |
9164        |       -2348.32   |       -2371.01   |        22.6909   |   50:51:22   |   12:37:50   |
9165        |        -2346.6   |       -2369.65   |        23.0504   |   50:54:31   |   12:38:12   |
9166        |       -2347.76   |       -2370.08   |        22.3233   |   50:57:59   |   12:38:39   |
9167        |        -2349.2   |        -2369.6   |        20.3972   |   51:01:07   |   12:39:01   |
9168        |       -2350.54   |       -2371.81   |        21.2768   |   51:04:30   |   12:39:26   |
9169        |       -2349.59   |       -2369.11   |        19.5231   |   51:08:10   |   12:39:55   |
9170        |       -2346.19   |       -2366.25   |        20.0622   |   51:11:53   |   12:40:26   |
9171        |       -2346.19   |       -2366.25   |        20.0622   |   51:25:31   |   12:43:23   |
9172        |       -2346.19   |       -2366.25   |        20.0622   |   51:29:15   |   12:43:53   |
9173        |       -2347.81   |       -2368.06   |        20.2515   |   51:33:05   |   12:44:25   |
9174        |       -2355.69   |       -2370.91   |         15.225   |   51:36:33   |   12:44:51   |
9175        |       -2348.61   |       -2368.27   |        19.6517   |   51:39:43   |   12:45:12   |
9176        |        -2348.4   |       -2366.01   |        17.6131   |   51:43:01   |   12:45:36   |
9177        |        -2348.4   |       -2366.01   |        17.6131   |   51:46:45   |   12:46:06   |
9178        |       -2348.05   |       -2367.69   |        19.6365   |   51:50:12   |   12:46:32   |
9179        |       -2348.76   |       -2367.74   |        18.9812   |   51:53:39   |   12:46:57   |


Iter        |      Posterior   |     Likelihood   |          Prior   |    elapsed   |        ETA   |
----------------------------------------------------------------------------------------------------
9180        |       -2348.76   |       -2367.74   |        18.9812   |   51:57:02   |   12:47:22   |
9181        |       -2349.39   |       -2367.07   |        17.6823   |   52:10:08   |   12:50:10   |
9182        |       -2349.27   |       -2365.68   |        16.4192   |   52:13:40   |   12:50:37   |
9183        |        -2349.6   |       -2367.75   |        18.1557   |   52:17:15   |   12:51:04   |
9184        |       -2349.96   |       -2369.17   |        19.2123   |   52:20:44   |   12:51:30   |
9185        |       -2349.64   |       -2367.38   |        17.7395   |   52:24:23   |   12:51:58   |
9186        |       -2351.39   |       -2369.49   |        18.0917   |   52:27:35   |   12:52:19   |
9187        |       -2354.28   |       -2373.39   |        19.1087   |   52:30:57   |   12:52:43   |
9188        |       -2351.92   |       -2369.45   |        17.5351   |   52:34:05   |   12:53:04   |
9189        |       -2352.15   |       -2371.61   |        19.4653   |   52:37:14   |   12:53:25   |
9190        |        -2350.5   |       -2368.76   |        18.2588   |   52:40:23   |   12:53:45   |
9191        |       -2352.67   |       -2372.58   |        19.9089   |   52:54:52   |   12:56:52   |
9192        |       -2351.62   |       -2374.87   |        23.2585   |   52:58:18   |   12:57:17   |
9193        |       -2351.04   |       -2374.29   |        23.2454   |   53:01:26   |   12:57:37   |
9194        |       -2350.78   |       -2372.04   |        21.2603   |   53:04:43   |   12:57:59   |
9195        |       -2350.89   |       -2371.83   |        20.9439   |   53:08:13   |   12:58:25   |
9196        |       -2353.02   |       -2373.03   |        20.0163   |   53:11:16   |   12:58:43   |
9197        |       -2352.49   |       -2371.33   |        18.8391   |   53:14:38   |   12:59:07   |
9198        |       -2354.54   |       -2371.42   |        16.8793   |   53:17:39   |   12:59:25   |
9199        |       -2353.25   |       -2369.51   |        16.2626   |   53:21:08   |   12:59:50   |


Iter        |      Posterior   |     Likelihood   |          Prior   |    elapsed   |        ETA   |
----------------------------------------------------------------------------------------------------
9200        |       -2353.36   |       -2369.36   |        15.9985   |   53:24:35   |   13:00:14   |
9201        |       -2350.77   |       -2370.07   |        19.2997   |   53:37:47   |   13:03:01   |
9202        |       -2350.43   |       -2369.87   |        19.4466   |   53:41:14   |   13:03:25   |
9203        |       -2350.95   |       -2369.86   |        18.9026   |   53:44:33   |   13:03:48   |
9204        |       -2348.72   |        -2366.5   |        17.7803   |   53:47:49   |   13:04:09   |
9205        |       -2350.84   |        -2366.1   |        15.2577   |   53:51:21   |   13:04:34   |
9206        |       -2346.41   |       -2365.18   |        18.7687   |   53:55:02   |   13:05:02   |
9207        |       -2346.51   |       -2365.63   |        19.1185   |   53:59:00   |   13:05:33   |
9208        |       -2344.66   |       -2365.69   |        21.0269   |   54:02:23   |   13:05:56   |
9209        |       -2344.73   |       -2365.69   |        20.9602   |   54:05:36   |   13:06:17   |
9210        |       -2344.73   |       -2365.69   |        20.9602   |   54:09:35   |   13:06:48   |
9211        |       -2346.21   |       -2366.79   |        20.5812   |   54:22:10   |   13:09:25   |
9212        |       -2347.41   |       -2367.23   |        19.8225   |   54:25:45   |   13:09:50   |
9213        |       -2348.25   |       -2366.62   |        18.3688   |   54:28:48   |   13:10:08   |
9214        |       -2348.02   |        -2364.5   |        16.4789   |   54:31:38   |   13:10:23   |
9215        |        -2348.6   |       -2363.22   |         14.624   |   54:35:00   |   13:10:45   |
9216        |        -2348.6   |       -2363.22   |         14.624   |   54:38:55   |   13:11:15   |
9217        |       -2346.71   |       -2366.27   |        19.5538   |   54:42:28   |   13:11:40   |
9218        |       -2348.97   |       -2365.32   |        16.3536   |   54:46:18   |   13:12:09   |
9219        |       -2348.75   |       -2365.15   |        16.4043   |   54:50:02   |   13:12:37   |


Iter        |      Posterior   |     Likelihood   |          Prior   |    elapsed   |        ETA   |
----------------------------------------------------------------------------------------------------
9220        |       -2344.87   |       -2367.78   |        22.9068   |   54:53:49   |   13:13:05   |
9221        |       -2346.77   |       -2371.19   |        24.4185   |   55:06:24   |   13:15:40   |
9222        |       -2349.26   |       -2374.94   |        25.6821   |   55:09:36   |   13:15:59   |
9223        |       -2348.89   |       -2370.98   |        22.0972   |   55:13:07   |   13:16:23   |
9224        |       -2345.77   |       -2369.16   |        23.3881   |   55:16:42   |   13:16:48   |
9225        |       -2348.13   |        -2370.8   |        22.6721   |   55:19:56   |   13:17:08   |
9226        |       -2349.07   |       -2372.32   |        23.2533   |   55:23:06   |   13:17:27   |
9227        |       -2351.01   |       -2374.33   |        23.3251   |   55:26:58   |   13:17:56   |
9228        |       -2349.64   |       -2373.84   |        24.1996   |   55:30:23   |   13:18:18   |
9229        |       -2348.49   |       -2372.99   |        24.4975   |   55:33:53   |   13:18:42   |
9230        |       -2348.33   |        -2370.1   |        21.7664   |   55:37:29   |   13:19:06   |
9231        |       -2347.28   |       -2370.34   |        23.0588   |   55:50:42   |   13:21:49   |
9232        |       -2346.06   |       -2369.95   |        23.8861   |   55:53:51   |   13:22:08   |
9233        |       -2347.26   |       -2370.47   |        23.2106   |   55:57:04   |   13:22:27   |
9234        |       -2348.53   |       -2368.74   |        20.2073   |   56:00:36   |   13:22:50   |
9235        |       -2346.17   |       -2367.04   |         20.874   |   56:03:58   |   13:23:11   |
9236        |       -2346.33   |       -2368.13   |        21.8058   |   56:07:34   |   13:23:36   |
9237        |        -2351.5   |       -2370.71   |        19.2164   |   56:10:41   |   13:23:53   |
9238        |       -2351.71   |        -2373.9   |        22.1954   |   56:14:09   |   13:24:16   |
9239        |       -2348.17   |       -2371.73   |        23.5593   |   56:17:31   |   13:24:37   |


Iter        |      Posterior   |     Likelihood   |          Prior   |    elapsed   |        ETA   |
----------------------------------------------------------------------------------------------------
9240        |       -2348.29   |       -2371.28   |        22.9964   |   56:20:52   |   13:24:58   |
9241        |       -2346.51   |        -2368.3   |        21.7949   |   56:33:51   |   13:27:36   |
9242        |       -2346.01   |       -2368.02   |        22.0175   |   56:37:15   |   13:27:57   |
9243        |        -2346.6   |        -2369.1   |         22.496   |   56:40:55   |   13:28:22   |
9244        |       -2346.56   |       -2369.35   |        22.7803   |   56:44:19   |   13:28:43   |
9245        |        -2348.8   |       -2371.12   |          22.32   |   56:47:50   |   13:29:06   |
9246        |       -2350.92   |       -2373.75   |        22.8237   |   56:50:56   |   13:29:23   |
9247        |       -2351.09   |       -2374.36   |        23.2679   |   56:54:01   |   13:29:39   |
9248        |       -2354.13   |       -2374.43   |        20.2994   |   56:57:33   |   13:30:02   |
9249        |       -2351.82   |       -2370.77   |        18.9544   |   57:00:43   |   13:30:20   |
9250        |       -2353.39   |       -2370.73   |        17.3472   |   57:04:07   |   13:30:40   |
9251        |       -2354.08   |       -2370.56   |        16.4829   |   57:17:15   |   13:33:19   |
9252        |       -2355.42   |       -2370.92   |        15.4978   |   57:20:42   |   13:33:41   |
9253        |       -2349.71   |       -2368.25   |        18.5455   |   57:24:02   |   13:34:01   |
9254        |       -2349.69   |       -2368.84   |        19.1497   |   57:27:44   |   13:34:25   |
9255        |       -2347.45   |       -2365.83   |        18.3846   |   57:30:42   |   13:34:40   |
9256        |       -2348.41   |       -2366.96   |        18.5427   |   57:34:19   |   13:35:03   |
9257        |       -2347.09   |       -2367.11   |        20.0224   |   57:37:47   |   13:35:25   |
9258        |       -2349.79   |       -2368.81   |        19.0258   |   57:41:03   |   13:35:43   |
9259        |       -2352.07   |       -2372.43   |        20.3605   |   57:44:21   |   13:36:02   |


Iter        |      Posterior   |     Likelihood   |          Prior   |    elapsed   |        ETA   |
----------------------------------------------------------------------------------------------------
9260        |       -2355.13   |       -2376.27   |        21.1421   |   57:47:50   |   13:36:24   |
9261        |       -2351.56   |       -2371.72   |        20.1536   |   58:00:54   |   13:39:00   |
9262        |        -2351.1   |       -2373.43   |        22.3326   |   58:04:17   |   13:39:20   |
9263        |       -2351.96   |       -2373.69   |        21.7238   |   58:07:27   |   13:39:37   |
9264        |       -2349.73   |       -2370.28   |        20.5441   |   58:10:54   |   13:39:58   |
9265        |       -2348.57   |       -2370.06   |        21.4846   |   58:14:28   |   13:40:20   |
9266        |       -2349.07   |       -2371.21   |        22.1414   |   58:17:49   |   13:40:39   |
9267        |       -2347.87   |       -2368.71   |        20.8374   |   58:21:38   |   13:41:05   |
9268        |       -2350.97   |       -2369.73   |        18.7614   |   58:24:53   |   13:41:23   |
9269        |       -2347.51   |       -2366.13   |        18.6177   |   58:28:09   |   13:41:41   |
9270        |        -2346.9   |        -2367.1   |        20.2012   |   58:32:04   |   13:42:08   |
9271        |        -2346.9   |        -2367.1   |        20.2012   |   58:45:38   |   13:44:50   |
9272        |        -2346.9   |        -2367.1   |        20.2012   |   58:49:34   |   13:45:17   |
9273        |       -2348.52   |       -2365.39   |        16.8684   |   58:53:18   |   13:45:41   |
9274        |        -2346.5   |       -2365.66   |        19.1629   |   58:56:45   |   13:46:01   |
9275        |       -2346.43   |       -2366.54   |        20.1042   |   59:00:18   |   13:46:23   |
9276        |       -2348.11   |          -2371   |        22.8821   |   59:04:06   |   13:46:48   |
9277        |       -2348.03   |       -2371.12   |        23.0906   |   59:07:23   |   13:47:05   |
9278        |       -2345.17   |       -2367.41   |         22.248   |   59:10:36   |   13:47:22   |
9279        |       -2346.66   |       -2367.57   |        20.9075   |   59:14:04   |   13:47:42   |


Iter        |      Posterior   |     Likelihood   |          Prior   |    elapsed   |        ETA   |
----------------------------------------------------------------------------------------------------
9280        |       -2347.39   |       -2364.51   |        17.1217   |   59:17:39   |   13:48:04   |
9281        |       -2349.41   |       -2366.24   |        16.8249   |   59:31:21   |   13:50:47   |
9282        |       -2348.62   |       -2363.73   |        15.1176   |   59:35:00   |   13:51:09   |
9283        |       -2349.44   |       -2364.39   |        14.9513   |   59:38:27   |   13:51:29   |
9284        |       -2351.05   |       -2364.72   |        13.6663   |   59:42:16   |   13:51:54   |
9285        |       -2349.43   |       -2365.91   |         16.479   |   59:45:56   |   13:52:16   |
9286        |       -2356.45   |       -2370.27   |        13.8107   |   59:49:05   |   13:52:31   |
9287        |       -2348.21   |       -2364.91   |        16.6966   |   59:52:09   |   13:52:45   |
9288        |       -2345.39   |       -2366.32   |         20.926   |   59:55:33   |   13:53:04   |
9289        |       -2344.79   |       -2364.86   |         20.071   |   59:58:57   |   13:53:23   |
9290        |       -2344.98   |       -2365.05   |         20.071   |   60:02:47   |   13:53:47   |
9291        |       -2344.32   |       -2365.15   |        20.8233   |   60:15:35   |   13:56:16   |
9292        |        -2346.1   |       -2367.13   |        21.0302   |   60:18:20   |   13:56:26   |
9293        |       -2346.36   |       -2368.38   |        22.0173   |   60:21:21   |   13:56:39   |
9294        |       -2346.36   |       -2368.38   |        22.0173   |   60:24:32   |   13:56:54   |
9295        |       -2346.85   |       -2367.46   |        20.6146   |   60:27:14   |   13:57:03   |
9296        |       -2347.28   |       -2367.94   |        20.6612   |   60:29:59   |   13:57:12   |
9297        |        -2347.4   |       -2367.86   |         20.464   |   60:32:33   |   13:57:19   |
9298        |       -2344.96   |       -2365.85   |        20.8923   |   60:35:28   |   13:57:30   |
9299        |       -2346.69   |       -2366.46   |        19.7691   |   60:38:23   |   13:57:42   |


Iter        |      Posterior   |     Likelihood   |          Prior   |    elapsed   |        ETA   |
----------------------------------------------------------------------------------------------------
9300        |       -2344.33   |        -2361.8   |        17.4711   |   60:41:14   |   13:57:52   |
9301        |       -2345.58   |       -2361.56   |        15.9732   |   60:54:23   |   14:00:25   |
9302        |       -2349.24   |       -2364.61   |         15.371   |   60:57:34   |   14:00:39   |
9303        |       -2351.17   |       -2366.82   |        15.6421   |   61:01:01   |   14:00:58   |
9304        |       -2348.19   |       -2363.91   |        15.7206   |   61:04:22   |   14:01:15   |
9305        |       -2346.74   |        -2367.1   |         20.363   |   61:07:15   |   14:01:26   |
9306        |       -2345.67   |       -2363.18   |        17.5171   |   61:10:12   |   14:01:37   |
9307        |       -2350.52   |       -2363.59   |        13.0721   |   61:13:12   |   14:01:49   |
9308        |       -2351.68   |       -2363.52   |        11.8418   |   61:16:02   |   14:01:59   |
9309        |       -2352.67   |       -2366.59   |        13.9185   |   61:19:25   |   14:02:17   |
9310        |       -2350.39   |        -2363.6   |        13.2016   |   61:22:29   |   14:02:30   |
9311        |       -2350.39   |        -2363.6   |        13.2016   |   61:35:44   |   14:05:02   |
9312        |       -2350.39   |        -2363.6   |        13.2016   |   61:38:50   |   14:05:15   |
9313        |       -2352.55   |       -2365.63   |        13.0827   |   61:42:11   |   14:05:32   |
9314        |       -2352.67   |       -2365.49   |        12.8179   |   61:45:14   |   14:05:45   |
9315        |       -2354.13   |        -2366.9   |        12.7713   |   61:48:33   |   14:06:01   |
9316        |       -2351.76   |       -2364.29   |        12.5319   |   61:51:58   |   14:06:18   |
9317        |       -2351.94   |       -2364.76   |        12.8203   |   61:55:39   |   14:06:39   |
9318        |       -2351.94   |       -2364.76   |        12.8203   |   61:59:11   |   14:06:58   |
9319        |        -2353.4   |       -2364.01   |        10.6074   |   62:02:36   |   14:07:15   |


Iter        |      Posterior   |     Likelihood   |          Prior   |    elapsed   |        ETA   |
----------------------------------------------------------------------------------------------------
9320        |        -2353.4   |       -2364.01   |        10.6074   |   62:06:19   |   14:07:37   |
9321        |       -2354.96   |        -2365.3   |        10.3373   |   62:20:15   |   14:10:17   |
9322        |       -2354.96   |        -2365.3   |        10.3373   |   62:24:09   |   14:10:41   |
9323        |       -2355.38   |       -2366.42   |         11.043   |   62:27:42   |   14:11:00   |
9324        |       -2355.38   |       -2366.42   |         11.043   |   62:31:35   |   14:11:23   |
9325        |       -2355.38   |       -2366.42   |         11.043   |   62:35:20   |   14:11:44   |
9326        |       -2355.38   |       -2366.42   |         11.043   |   62:39:02   |   14:12:05   |
9327        |       -2355.38   |       -2366.42   |         11.043   |   62:42:44   |   14:12:26   |
9328        |       -2355.38   |       -2366.42   |         11.043   |   62:46:12   |   14:12:43   |
9329        |       -2355.38   |       -2366.42   |         11.043   |   62:49:50   |   14:13:03   |
9330        |       -2355.57   |       -2366.41   |        10.8388   |   62:53:35   |   14:13:24   |
9331        |       -2353.93   |       -2368.13   |        14.2004   |   63:07:02   |   14:15:56   |
9332        |       -2353.93   |       -2368.13   |        14.2004   |   63:10:42   |   14:16:16   |
9333        |       -2353.93   |       -2368.13   |        14.2004   |   63:14:06   |   14:16:32   |
9334        |       -2353.93   |       -2368.13   |        14.2004   |   63:17:32   |   14:16:49   |
9335        |       -2353.93   |       -2368.13   |        14.2004   |   63:20:53   |   14:17:04   |
9336        |       -2351.28   |       -2366.14   |        14.8587   |   63:24:08   |   14:17:18   |
9337        |       -2351.28   |       -2366.14   |        14.8587   |   63:27:31   |   14:17:34   |
9338        |       -2351.28   |       -2366.14   |        14.8587   |   63:30:56   |   14:17:50   |
9339        |       -2351.28   |       -2366.14   |        14.8587   |   63:34:41   |   14:18:11   |


Iter        |      Posterior   |     Likelihood   |          Prior   |    elapsed   |        ETA   |
----------------------------------------------------------------------------------------------------
9340        |       -2351.28   |       -2366.14   |        14.8587   |   63:38:26   |   14:18:32   |
9341        |       -2351.28   |       -2366.14   |        14.8587   |   63:51:54   |   14:21:03   |
9342        |       -2351.28   |       -2366.14   |        14.8587   |   63:55:27   |   14:21:21   |
9343        |       -2351.28   |       -2366.14   |        14.8587   |   63:59:02   |   14:21:39   |
9344        |       -2353.33   |       -2367.62   |         14.286   |   64:02:23   |   14:21:54   |
9345        |        -2354.8   |       -2368.76   |         13.957   |   64:05:43   |   14:22:08   |
9346        |       -2356.89   |       -2371.74   |        14.8546   |   64:08:47   |   14:22:19   |
9347        |       -2356.89   |       -2371.74   |        14.8546   |   64:12:30   |   14:22:39   |
9348        |       -2353.68   |       -2369.58   |        15.8954   |   64:15:51   |   14:22:54   |
9349        |       -2355.59   |        -2372.3   |        16.7085   |   64:19:16   |   14:23:09   |
9350        |       -2358.04   |       -2372.79   |        14.7492   |   64:22:14   |   14:23:19   |
9351        |       -2355.24   |       -2370.29   |        15.0445   |   64:34:48   |   14:25:37   |
9352        |       -2353.99   |       -2372.32   |        18.3321   |   64:38:05   |   14:25:51   |
9353        |       -2354.03   |       -2372.43   |        18.3962   |   64:41:01   |   14:25:59   |
9354        |       -2352.95   |       -2370.81   |        17.8608   |   64:43:55   |   14:26:08   |
9355        |        -2349.6   |       -2369.55   |        19.9571   |   64:46:36   |   14:26:13   |
9356        |       -2350.33   |       -2371.42   |         21.084   |   64:49:23   |   14:26:20   |
9357        |       -2351.56   |       -2370.96   |        19.4072   |   64:52:31   |   14:26:31   |
9358        |       -2349.97   |       -2369.64   |        19.6658   |   64:55:07   |   14:26:35   |
9359        |       -2350.33   |       -2373.89   |        23.5551   |   64:57:59   |   14:26:43   |


Iter        |      Posterior   |     Likelihood   |          Prior   |    elapsed   |        ETA   |
----------------------------------------------------------------------------------------------------
9360        |       -2348.52   |       -2371.39   |         22.877   |   65:00:53   |   14:26:51   |
9361        |       -2346.04   |       -2367.12   |        21.0737   |   65:13:06   |   14:29:04   |
9362        |       -2345.37   |       -2369.09   |        23.7203   |   65:15:55   |   14:29:10   |
9363        |       -2346.63   |       -2368.86   |        22.2303   |   65:18:37   |   14:29:16   |
9364        |       -2348.38   |       -2371.57   |         23.189   |   65:21:33   |   14:29:24   |
9365        |       -2347.73   |       -2369.58   |        21.8489   |   65:24:29   |   14:29:32   |
9366        |       -2347.76   |       -2371.86   |        24.0998   |   65:27:21   |   14:29:40   |
9367        |       -2346.93   |       -2368.63   |        21.6953   |   65:30:21   |   14:29:49   |
9368        |       -2350.03   |       -2370.72   |        20.6876   |   65:33:06   |   14:29:55   |
9369        |       -2350.81   |       -2371.59   |        20.7819   |   65:36:02   |   14:30:03   |
9370        |       -2348.43   |       -2370.46   |        22.0343   |   65:38:46   |   14:30:08   |
9371        |       -2347.42   |       -2369.28   |        21.8616   |   65:50:53   |   14:32:18   |
9372        |       -2348.39   |       -2368.76   |        20.3702   |   65:53:39   |   14:32:24   |
9373        |       -2348.39   |       -2368.76   |        20.3702   |   65:56:50   |   14:32:35   |
9374        |       -2348.92   |       -2364.25   |        15.3237   |   65:59:48   |   14:32:43   |
9375        |       -2349.25   |       -2365.42   |        16.1708   |   66:02:59   |   14:32:54   |
9376        |       -2351.55   |       -2368.98   |         17.427   |   66:05:48   |   14:33:01   |
9377        |       -2350.64   |       -2370.15   |        19.5041   |   66:08:57   |   14:33:11   |
9378        |       -2349.55   |       -2371.07   |        21.5164   |   66:11:50   |   14:33:18   |
9379        |       -2350.07   |       -2368.44   |        18.3728   |   66:14:38   |   14:33:24   |


Iter        |      Posterior   |     Likelihood   |          Prior   |    elapsed   |        ETA   |
----------------------------------------------------------------------------------------------------
9380        |       -2352.36   |       -2371.05   |        18.6873   |   66:17:47   |   14:33:35   |
9381        |       -2348.55   |       -2371.33   |        22.7851   |   66:30:31   |   14:35:51   |
9382        |       -2348.37   |       -2371.36   |         22.988   |   66:33:18   |   14:35:57   |
9383        |       -2348.34   |       -2371.69   |        23.3426   |   66:36:12   |   14:36:04   |
9384        |       -2349.18   |       -2371.95   |        22.7673   |   66:39:08   |   14:36:11   |
9385        |       -2346.76   |       -2370.01   |        23.2531   |   66:42:17   |   14:36:21   |
9386        |       -2348.56   |       -2369.66   |        21.0938   |   66:45:09   |   14:36:28   |
9387        |       -2355.32   |       -2371.54   |         16.218   |   66:48:12   |   14:36:37   |
9388        |       -2349.74   |       -2372.86   |        23.1245   |   66:51:17   |   14:36:46   |
9389        |        -2346.9   |       -2369.83   |        22.9282   |   66:54:15   |   14:36:54   |
9390        |       -2346.28   |        -2368.4   |        22.1234   |   66:57:18   |   14:37:02   |
9391        |       -2347.43   |       -2370.32   |        22.8953   |   67:09:53   |   14:39:16   |
9392        |       -2346.13   |       -2367.54   |         21.406   |   67:12:52   |   14:39:23   |
9393        |        -2350.9   |       -2372.02   |        21.1283   |   67:15:51   |   14:39:31   |
9394        |       -2345.19   |       -2369.16   |        23.9709   |   67:18:48   |   14:39:38   |
9395        |       -2346.55   |       -2372.85   |        26.3034   |   67:21:16   |   14:39:39   |
9396        |       -2349.98   |       -2377.63   |         27.649   |   67:24:10   |   14:39:45   |
9397        |       -2348.24   |       -2375.14   |        26.8984   |   67:26:41   |   14:39:47   |
9398        |       -2346.08   |       -2372.13   |        26.0456   |   67:29:32   |   14:39:53   |
9399        |       -2346.69   |       -2372.23   |        25.5349   |   67:32:07   |   14:39:55   |


Iter        |      Posterior   |     Likelihood   |          Prior   |    elapsed   |        ETA   |
----------------------------------------------------------------------------------------------------
9400        |       -2345.39   |       -2370.72   |        25.3298   |   67:35:03   |   14:40:01   |
9401        |       -2347.58   |        -2369.5   |        21.9147   |   67:47:24   |   14:42:11   |
9402        |       -2349.23   |       -2368.01   |        18.7736   |   67:50:22   |   14:42:18   |
9403        |       -2351.21   |       -2366.85   |        15.6394   |   67:53:39   |   14:42:29   |
9404        |        -2352.5   |        -2365.8   |        13.2948   |   67:56:51   |   14:42:39   |
9405        |       -2352.06   |       -2367.24   |        15.1816   |   67:59:47   |   14:42:45   |
9406        |       -2352.81   |       -2366.61   |        13.8011   |   68:02:55   |   14:42:54   |
9407        |        -2354.8   |       -2365.79   |         10.992   |   68:06:00   |   14:43:02   |
9408        |       -2349.55   |       -2365.31   |        15.7619   |   68:09:16   |   14:43:13   |
9409        |       -2348.36   |       -2366.83   |        18.4694   |   68:12:34   |   14:43:24   |
9410        |       -2349.29   |       -2369.73   |        20.4418   |   68:15:34   |   14:43:31   |
9411        |       -2348.51   |       -2368.87   |        20.3562   |   68:28:07   |   14:45:42   |
9412        |        -2347.1   |       -2370.11   |        23.0091   |   68:31:06   |   14:45:49   |
9413        |       -2350.76   |       -2375.89   |        25.1329   |   68:33:40   |   14:45:50   |
9414        |       -2350.98   |       -2376.51   |          25.53   |   68:36:14   |   14:45:51   |
9415        |       -2351.02   |        -2376.6   |        25.5844   |   68:39:03   |   14:45:56   |
9416        |       -2347.51   |       -2373.17   |        25.6638   |   68:41:33   |   14:45:56   |
9417        |       -2346.95   |       -2372.74   |        25.7815   |   68:43:59   |   14:45:55   |
9418        |       -2348.68   |       -2374.63   |        25.9504   |   68:46:40   |   14:45:58   |
9419        |       -2348.68   |       -2374.63   |        25.9504   |   68:49:40   |   14:46:05   |


Iter        |      Posterior   |     Likelihood   |          Prior   |    elapsed   |        ETA   |
----------------------------------------------------------------------------------------------------
9420        |       -2347.01   |       -2370.98   |        23.9723   |   68:52:20   |   14:46:07   |
9421        |       -2347.08   |       -2371.27   |        24.1907   |   69:04:05   |   14:48:06   |
9422        |       -2349.24   |       -2375.93   |        26.6927   |   69:06:41   |   14:48:08   |
9423        |       -2347.61   |       -2373.65   |         26.038   |   69:09:10   |   14:48:07   |
9424        |        -2348.3   |       -2374.43   |        26.1311   |   69:11:57   |   14:48:11   |
9425        |       -2349.03   |       -2375.41   |        26.3792   |   69:14:31   |   14:48:12   |
9426        |       -2348.97   |       -2375.69   |        26.7155   |   69:17:15   |   14:48:15   |
9427        |       -2349.65   |       -2376.59   |        26.9452   |   69:19:37   |   14:48:13   |
9428        |       -2347.46   |       -2374.08   |        26.6244   |   69:22:22   |   14:48:16   |
9429        |       -2348.08   |       -2374.67   |         26.592   |   69:25:18   |   14:48:22   |
9430        |       -2350.89   |       -2377.18   |        26.2966   |   69:27:43   |   14:48:20   |
9431        |       -2349.07   |       -2376.12   |        27.0586   |   69:39:24   |   14:50:17   |
9432        |       -2347.54   |       -2374.58   |        27.0369   |   69:41:50   |   14:50:16   |
9433        |       -2347.52   |       -2374.25   |         26.727   |   69:44:41   |   14:50:20   |
9434        |       -2347.61   |       -2373.84   |        26.2327   |   69:47:14   |   14:50:21   |
9435        |       -2348.08   |       -2373.36   |        25.2747   |   69:49:47   |   14:50:21   |
9436        |       -2346.64   |       -2372.62   |        25.9802   |   69:52:23   |   14:50:22   |
9437        |       -2347.25   |       -2371.63   |         24.376   |   69:55:04   |   14:50:24   |
9438        |        -2349.9   |       -2373.48   |        23.5802   |   69:57:46   |   14:50:26   |
9439        |       -2348.88   |       -2373.92   |        25.0357   |   70:00:28   |   14:50:28   |


Iter        |      Posterior   |     Likelihood   |          Prior   |    elapsed   |        ETA   |
----------------------------------------------------------------------------------------------------
9440        |       -2348.71   |       -2373.84   |        25.1274   |   70:03:12   |   14:50:30   |
9441        |       -2348.71   |       -2373.84   |        25.1274   |   70:15:50   |   14:52:38   |
9442        |       -2347.06   |       -2370.55   |        23.4868   |   70:18:50   |   14:52:44   |
9443        |       -2349.29   |       -2372.37   |        23.0715   |   70:21:52   |   14:52:50   |
9444        |       -2348.86   |       -2371.68   |        22.8268   |   70:24:54   |   14:52:56   |
9445        |       -2345.91   |       -2367.06   |        21.1514   |   70:27:38   |   14:52:58   |
9446        |       -2346.35   |        -2369.6   |        23.2546   |   70:30:51   |   14:53:06   |
9447        |       -2343.59   |       -2365.85   |        22.2599   |   70:33:46   |   14:53:10   |
9448        |       -2344.45   |       -2366.57   |        22.1153   |   70:36:58   |   14:53:18   |
9449        |       -2345.72   |        -2367.2   |        21.4806   |   70:40:05   |   14:53:25   |
9450        |       -2345.69   |       -2367.69   |        21.9954   |   70:43:14   |   14:53:32   |
9451        |       -2348.47   |       -2367.69   |        19.2223   |   70:56:06   |   14:55:42   |
9452        |       -2347.58   |       -2366.64   |        19.0682   |   70:59:17   |   14:55:50   |
9453        |       -2346.92   |       -2366.14   |        19.2244   |   71:02:11   |   14:55:54   |
9454        |        -2347.6   |       -2365.98   |        18.3841   |   71:05:13   |   14:55:59   |
9455        |        -2347.5   |       -2365.81   |        18.3041   |   71:08:33   |   14:56:08   |
9456        |       -2350.63   |       -2369.99   |        19.3637   |   71:11:49   |   14:56:17   |
9457        |       -2351.16   |        -2370.7   |        19.5379   |   71:15:01   |   14:56:24   |
9458        |       -2350.31   |       -2368.64   |        18.3227   |   71:18:33   |   14:56:36   |
9459        |       -2348.51   |       -2369.58   |         21.075   |   71:21:50   |   14:56:44   |


Iter        |      Posterior   |     Likelihood   |          Prior   |    elapsed   |        ETA   |
----------------------------------------------------------------------------------------------------
9460        |       -2349.97   |       -2370.37   |        20.4019   |   71:25:22   |   14:56:56   |
9461        |       -2350.75   |        -2372.4   |        21.6448   |   71:38:39   |   14:59:10   |
9462        |       -2349.44   |       -2371.69   |        22.2508   |   71:42:12   |   14:59:21   |
9463        |       -2348.22   |       -2370.77   |        22.5464   |   71:45:28   |   14:59:29   |
9464        |       -2347.44   |       -2369.58   |        22.1388   |   71:48:26   |   14:59:33   |
9465        |       -2347.47   |       -2369.53   |         22.061   |   71:52:01   |   14:59:45   |
9466        |       -2349.09   |       -2368.71   |        19.6181   |   71:55:40   |   14:59:58   |
9467        |       -2348.74   |       -2368.94   |        20.1937   |   71:58:34   |   15:00:01   |
9468        |       -2354.34   |       -2371.06   |        16.7157   |   72:01:59   |   15:00:11   |
9469        |       -2352.18   |       -2370.42   |        18.2442   |   72:05:35   |   15:00:22   |
9470        |       -2350.73   |       -2369.87   |        19.1336   |   72:08:56   |   15:00:31   |
9471        |       -2353.68   |       -2371.67   |        17.9879   |   72:22:01   |   15:02:41   |
9472        |       -2351.84   |       -2370.16   |        18.3245   |   72:25:32   |   15:02:52   |
9473        |       -2350.95   |       -2371.38   |          20.43   |   72:29:00   |   15:03:02   |
9474        |       -2350.21   |       -2372.54   |        22.3295   |   72:32:04   |   15:03:07   |
9475        |        -2350.3   |       -2372.96   |        22.6618   |   72:35:01   |   15:03:10   |
9476        |       -2347.05   |       -2369.31   |        22.2601   |   72:38:16   |   15:03:17   |
9477        |       -2346.71   |       -2369.94   |        23.2302   |   72:41:13   |   15:03:21   |
9478        |        -2345.8   |       -2367.02   |        21.2269   |   72:44:33   |   15:03:29   |
9479        |       -2347.86   |       -2369.97   |        22.1103   |   72:47:47   |   15:03:35   |


Iter        |      Posterior   |     Likelihood   |          Prior   |    elapsed   |        ETA   |
----------------------------------------------------------------------------------------------------
9480        |       -2350.43   |       -2372.87   |        22.4421   |   72:50:48   |   15:03:40   |
9481        |       -2349.05   |       -2368.98   |         19.928   |   73:03:53   |   15:05:48   |
9482        |       -2350.88   |       -2370.92   |        20.0387   |   73:07:15   |   15:05:57   |
9483        |       -2347.08   |       -2369.48   |        22.3986   |   73:10:54   |   15:06:08   |
9484        |       -2348.14   |       -2371.79   |        23.6493   |   73:14:32   |   15:06:20   |
9485        |       -2346.12   |       -2368.99   |         22.871   |   73:17:56   |   15:06:28   |
9486        |       -2346.51   |       -2367.92   |        21.4137   |   73:21:20   |   15:06:37   |
9487        |        -2347.1   |       -2368.13   |         21.031   |   73:24:33   |   15:06:43   |
9488        |        -2347.6   |       -2370.42   |        22.8255   |   73:28:05   |   15:06:53   |
9489        |       -2347.25   |       -2369.84   |        22.5985   |   73:31:32   |   15:07:02   |
9490        |       -2347.25   |       -2369.84   |        22.5985   |   73:35:20   |   15:07:15   |
9491        |        -2347.1   |       -2367.46   |        20.3562   |   73:48:52   |   15:09:28   |
9492        |       -2348.62   |       -2368.14   |        19.5249   |   73:52:03   |   15:09:34   |
9493        |       -2348.43   |       -2367.58   |        19.1502   |   73:55:40   |   15:09:44   |
9494        |       -2353.06   |       -2371.56   |        18.5078   |   73:59:16   |   15:09:55   |
9495        |       -2355.63   |       -2376.49   |        20.8596   |   74:02:33   |   15:10:01   |
9496        |       -2352.91   |       -2374.17   |        21.2632   |   74:06:11   |   15:10:12   |
9497        |       -2354.58   |          -2375   |        20.4182   |   74:09:37   |   15:10:21   |
9498        |       -2353.69   |       -2374.14   |        20.4449   |   74:12:45   |   15:10:25   |
9499        |       -2351.39   |        -2371.6   |        20.2042   |   74:16:23   |   15:10:36   |


Iter        |      Posterior   |     Likelihood   |          Prior   |    elapsed   |        ETA   |
----------------------------------------------------------------------------------------------------
9500        |       -2352.03   |       -2369.99   |        17.9612   |   74:19:52   |   15:10:45   |
9501        |       -2350.89   |        -2370.2   |         19.311   |   74:33:40   |   15:13:00   |
9502        |       -2349.12   |       -2367.49   |        18.3642   |   74:37:18   |   15:13:10   |
9503        |        -2350.1   |       -2368.46   |        18.3604   |   74:40:54   |   15:13:20   |
9504        |        -2348.4   |       -2365.13   |        16.7337   |   74:44:22   |   15:13:28   |
9505        |       -2347.15   |       -2366.06   |        18.9139   |   74:47:40   |   15:13:35   |
9506        |       -2350.96   |       -2372.18   |        21.2269   |   74:51:05   |   15:13:42   |
9507        |       -2349.93   |       -2371.87   |        21.9385   |   74:54:49   |   15:13:54   |
9508        |       -2353.84   |       -2376.28   |         22.438   |   74:58:06   |   15:14:00   |
9509        |       -2348.48   |       -2369.47   |        20.9941   |   75:01:22   |   15:14:05   |
9510        |       -2349.59   |       -2371.78   |        22.1887   |   75:04:35   |   15:14:10   |
9511        |       -2348.75   |       -2370.51   |        21.7525   |   75:19:20   |   15:16:36   |
9512        |        -2347.5   |       -2369.92   |        22.4252   |   75:22:57   |   15:16:45   |
9513        |       -2344.69   |       -2364.65   |        19.9615   |   75:26:11   |   15:16:50   |
9514        |       -2344.92   |       -2366.21   |        21.2919   |   75:29:32   |   15:16:57   |
9515        |        -2344.6   |       -2362.45   |         17.846   |   75:33:07   |   15:17:06   |
9516        |        -2344.6   |       -2362.45   |         17.846   |   75:36:48   |   15:17:16   |
9517        |       -2343.19   |       -2363.33   |        20.1423   |   75:40:18   |   15:17:24   |
9518        |       -2345.19   |       -2364.69   |        19.4969   |   75:43:49   |   15:17:32   |
9519        |       -2343.02   |       -2361.71   |        18.6927   |   75:47:23   |   15:17:41   |


Iter        |      Posterior   |     Likelihood   |          Prior   |    elapsed   |        ETA   |
----------------------------------------------------------------------------------------------------
9520        |       -2343.77   |       -2364.04   |        20.2739   |   75:50:55   |   15:17:49   |
9521        |        -2340.9   |       -2362.17   |        21.2764   |   76:03:51   |   15:19:51   |
9522        |       -2343.02   |        -2361.1   |        18.0836   |   76:07:30   |   15:20:01   |
9523        |       -2344.22   |       -2362.78   |        18.5564   |   76:11:06   |   15:20:10   |
9524        |       -2345.81   |       -2363.88   |        18.0772   |   76:14:42   |   15:20:19   |
9525        |       -2346.16   |       -2363.03   |        16.8655   |   76:18:16   |   15:20:27   |
9526        |       -2344.81   |        -2364.6   |        19.7898   |   76:21:57   |   15:20:37   |
9527        |       -2347.99   |       -2369.11   |        21.1136   |   76:25:30   |   15:20:45   |
9528        |       -2346.29   |       -2364.75   |        18.4612   |   76:29:24   |   15:20:57   |
9529        |       -2348.46   |       -2367.05   |        18.5947   |   76:32:41   |   15:21:02   |
9530        |       -2348.94   |       -2370.73   |        21.7829   |   76:36:28   |   15:21:13   |
9531        |       -2346.51   |       -2368.81   |         22.306   |   76:49:53   |   15:23:19   |
9532        |       -2346.89   |       -2368.45   |        21.5678   |   76:53:20   |   15:23:26   |
9533        |        -2348.8   |       -2368.79   |        19.9906   |   76:56:49   |   15:23:33   |
9534        |       -2349.09   |       -2368.09   |        18.9981   |   77:00:04   |   15:23:37   |
9535        |       -2349.08   |       -2367.18   |        18.1022   |   77:03:52   |   15:23:48   |
9536        |        -2349.6   |       -2368.28   |         18.677   |   77:07:45   |   15:23:59   |
9537        |       -2350.51   |       -2367.42   |        16.9136   |   77:11:18   |   15:24:07   |
9538        |       -2347.69   |        -2364.3   |        16.6127   |   77:15:17   |   15:24:20   |
9539        |       -2348.81   |       -2367.25   |        18.4459   |   77:18:35   |   15:24:24   |


Iter        |      Posterior   |     Likelihood   |          Prior   |    elapsed   |        ETA   |
----------------------------------------------------------------------------------------------------
9540        |       -2348.12   |       -2365.54   |        17.4243   |   77:22:29   |   15:24:36   |
9541        |       -2348.41   |       -2364.89   |        16.4788   |   77:36:08   |   15:26:44   |
9542        |       -2349.08   |       -2363.44   |        14.3535   |   77:39:47   |   15:26:52   |
9543        |       -2346.28   |        -2363.7   |        17.4238   |   77:43:33   |   15:27:02   |
9544        |       -2346.98   |       -2364.27   |        17.2933   |   77:47:29   |   15:27:14   |
9545        |        -2347.5   |       -2361.41   |        13.9091   |   77:51:13   |   15:27:23   |
9546        |       -2347.01   |       -2366.85   |        19.8421   |   77:54:42   |   15:27:29   |
9547        |       -2344.95   |       -2366.78   |        21.8313   |   77:58:05   |   15:27:34   |
9548        |       -2343.52   |       -2365.61   |        22.0955   |   78:01:25   |   15:27:39   |
9549        |       -2345.82   |       -2371.28   |        25.4603   |   78:04:23   |   15:27:39   |
9550        |       -2344.98   |       -2370.46   |        25.4801   |   78:07:40   |   15:27:42   |
9551        |       -2347.24   |       -2371.29   |        24.0514   |   78:19:55   |   15:29:33   |
9552        |        -2347.4   |       -2371.86   |        24.4618   |   78:22:55   |   15:29:33   |
9553        |       -2348.84   |       -2374.03   |        25.1845   |   78:25:47   |   15:29:31   |
9554        |       -2352.05   |       -2376.82   |         24.773   |   78:28:53   |   15:29:33   |
9555        |       -2349.37   |       -2374.11   |        24.7482   |   78:31:50   |   15:29:32   |
9556        |       -2351.77   |       -2376.35   |        24.5758   |   78:34:49   |   15:29:32   |
9557        |       -2351.77   |       -2376.35   |        24.5758   |   78:38:12   |   15:29:37   |
9558        |       -2349.97   |       -2373.53   |        23.5591   |   78:41:27   |   15:29:40   |
9559        |       -2349.97   |       -2373.53   |        23.5591   |   78:44:26   |   15:29:39   |


Iter        |      Posterior   |     Likelihood   |          Prior   |    elapsed   |        ETA   |
----------------------------------------------------------------------------------------------------
9560        |       -2349.97   |       -2373.53   |        23.5591   |   78:47:52   |   15:29:44   |
9561        |       -2350.26   |       -2373.67   |        23.4027   |   78:59:52   |   15:31:30   |
9562        |       -2351.68   |        -2375.6   |        23.9247   |   79:03:01   |   15:31:32   |
9563        |       -2350.97   |       -2375.31   |        24.3388   |   79:05:44   |   15:31:28   |
9564        |        -2350.6   |       -2375.48   |        24.8772   |   79:08:35   |   15:31:26   |
9565        |       -2352.95   |       -2376.89   |        23.9455   |   79:11:44   |   15:31:28   |
9566        |       -2346.77   |        -2370.9   |        24.1345   |   79:14:11   |   15:31:21   |
9567        |        -2345.4   |       -2368.78   |        23.3802   |   79:16:47   |   15:31:16   |
9568        |       -2344.51   |       -2367.58   |        23.0642   |   79:19:44   |   15:31:15   |
9569        |       -2347.82   |       -2371.37   |        23.5513   |   79:22:38   |   15:31:13   |
9570        |       -2347.93   |       -2371.35   |        23.4191   |   79:25:32   |   15:31:11   |
9571        |       -2348.83   |       -2373.32   |        24.4942   |   79:37:23   |   15:32:54   |
9572        |       -2351.09   |       -2375.27   |        24.1803   |   79:40:18   |   15:32:53   |
9573        |       -2351.42   |       -2375.02   |        23.5918   |   79:43:13   |   15:32:51   |
9574        |       -2352.01   |       -2373.28   |        21.2707   |   79:46:21   |   15:32:52   |
9575        |       -2356.89   |       -2377.86   |        20.9708   |   79:49:36   |   15:32:54   |
9576        |       -2355.11   |       -2378.31   |        23.1971   |   79:52:44   |   15:32:55   |
9577        |       -2351.64   |       -2373.21   |        21.5734   |   79:55:41   |   15:32:53   |
9578        |       -2354.06   |       -2376.55   |          22.49   |   79:58:34   |   15:32:51   |
9579        |       -2350.32   |       -2372.85   |        22.5315   |   80:01:37   |   15:32:51   |


Iter        |      Posterior   |     Likelihood   |          Prior   |    elapsed   |        ETA   |
----------------------------------------------------------------------------------------------------
9580        |       -2349.33   |       -2371.17   |        21.8395   |   80:04:38   |   15:32:50   |
9581        |       -2349.97   |       -2371.14   |        21.1771   |   80:17:18   |   15:34:42   |
9582        |       -2350.32   |       -2371.87   |        21.5456   |   80:20:08   |   15:34:38   |
9583        |        -2353.7   |        -2375.1   |         21.399   |   80:22:55   |   15:34:35   |
9584        |        -2351.1   |       -2372.45   |        21.3531   |   80:25:21   |   15:34:27   |
9585        |       -2351.02   |       -2372.61   |        21.5886   |   80:28:10   |   15:34:24   |
9586        |       -2354.54   |       -2376.63   |        22.0957   |   80:30:50   |   15:34:19   |
9587        |       -2352.82   |       -2375.48   |         22.667   |   80:33:48   |   15:34:17   |
9588        |       -2353.67   |       -2375.41   |        21.7467   |   80:36:51   |   15:34:16   |
9589        |       -2356.74   |       -2377.23   |         20.489   |   80:39:38   |   15:34:12   |
9590        |       -2362.76   |       -2382.44   |        19.6801   |   80:42:22   |   15:34:08   |
9591        |       -2354.79   |       -2374.89   |        20.1001   |   80:55:13   |   15:36:00   |
9592        |       -2352.39   |       -2373.22   |         20.834   |   80:57:57   |   15:35:56   |
9593        |       -2354.27   |       -2375.15   |         20.881   |   81:01:06   |   15:35:56   |
9594        |        -2351.6   |       -2372.69   |        21.0864   |   81:04:06   |   15:35:54   |
9595        |       -2353.31   |       -2373.14   |        19.8276   |   81:06:53   |   15:35:50   |
9596        |       -2353.17   |       -2372.14   |        18.9752   |   81:10:02   |   15:35:50   |
9597        |       -2354.47   |       -2374.75   |        20.2862   |   81:13:03   |   15:35:48   |
9598        |       -2357.46   |       -2376.97   |        19.5101   |   81:16:06   |   15:35:47   |
9599        |       -2360.85   |       -2380.23   |        19.3815   |   81:18:50   |   15:35:42   |


Iter        |      Posterior   |     Likelihood   |          Prior   |    elapsed   |        ETA   |
----------------------------------------------------------------------------------------------------
9600        |       -2356.65   |       -2377.64   |        20.9924   |   81:21:58   |   15:35:42   |
9601        |       -2357.47   |       -2378.11   |        20.6462   |   81:34:16   |   15:37:27   |
9602        |       -2353.61   |       -2374.39   |         20.783   |   81:37:29   |   15:37:28   |
9603        |       -2354.98   |       -2376.95   |        21.9694   |   81:40:09   |   15:37:22   |
9604        |        -2354.1   |       -2375.55   |        21.4549   |   81:42:56   |   15:37:17   |
9605        |       -2356.43   |       -2378.58   |        22.1463   |   81:45:39   |   15:37:12   |
9606        |        -2357.6   |       -2381.34   |        23.7347   |   81:48:38   |   15:37:10   |
9607        |       -2355.68   |       -2378.97   |        23.2912   |   81:51:38   |   15:37:07   |
9608        |       -2355.19   |       -2379.55   |        24.3591   |   81:54:31   |   15:37:04   |
9609        |       -2351.38   |       -2374.91   |         23.532   |   81:57:17   |   15:36:59   |
9610        |       -2349.41   |       -2373.92   |        24.5042   |   82:00:07   |   15:36:55   |
9611        |       -2351.39   |       -2376.03   |        24.6472   |   82:12:10   |   15:38:36   |
9612        |       -2349.54   |        -2374.7   |        25.1629   |   82:14:44   |   15:38:28   |
9613        |       -2348.17   |       -2372.19   |        24.0186   |   82:17:10   |   15:38:20   |
9614        |       -2347.53   |       -2368.67   |        21.1408   |   82:20:27   |   15:38:20   |
9615        |       -2347.32   |       -2370.41   |        23.0862   |   82:23:39   |   15:38:20   |
9616        |       -2348.67   |       -2372.09   |        23.4225   |   82:26:54   |   15:38:20   |
9617        |       -2349.07   |       -2371.66   |        22.5899   |   82:30:03   |   15:38:19   |
9618        |       -2351.06   |        -2374.3   |         23.246   |   82:33:09   |   15:38:18   |
9619        |       -2351.04   |       -2372.53   |        21.4946   |   82:35:40   |   15:38:10   |


Iter        |      Posterior   |     Likelihood   |          Prior   |    elapsed   |        ETA   |
----------------------------------------------------------------------------------------------------
9620        |       -2353.52   |       -2374.13   |        20.6013   |   82:38:43   |   15:38:08   |
9621        |       -2351.62   |       -2371.07   |        19.4511   |   82:51:10   |   15:39:52   |
9622        |       -2355.81   |       -2375.96   |        20.1505   |   82:54:19   |   15:39:51   |
9623        |       -2351.72   |       -2373.26   |        21.5386   |   82:57:18   |   15:39:48   |
9624        |       -2352.23   |       -2372.73   |        20.5004   |   83:00:37   |   15:39:49   |
9625        |       -2348.37   |       -2369.29   |        20.9173   |   83:03:30   |   15:39:44   |
9626        |       -2349.14   |       -2369.09   |         19.949   |   83:07:12   |   15:39:49   |
9627        |       -2348.89   |       -2368.78   |        19.8944   |   83:10:42   |   15:39:52   |
9628        |       -2348.89   |       -2369.94   |        21.0488   |   83:14:01   |   15:39:52   |
9629        |       -2348.85   |       -2370.73   |        21.8807   |   83:17:19   |   15:39:53   |
9630        |       -2353.18   |       -2375.35   |          22.17   |   83:20:29   |   15:39:51   |
9631        |       -2347.83   |        -2370.3   |        22.4674   |   83:33:09   |   15:41:37   |
9632        |       -2348.52   |       -2370.69   |        22.1609   |   83:36:24   |   15:41:36   |
9633        |       -2348.58   |       -2369.78   |        21.1995   |   83:39:11   |   15:41:31   |
9634        |       -2348.34   |       -2370.28   |        21.9391   |   83:42:33   |   15:41:31   |
9635        |       -2348.84   |       -2370.78   |        21.9391   |   83:46:02   |   15:41:33   |
9636        |       -2352.28   |       -2375.35   |        23.0667   |   83:48:50   |   15:41:28   |
9637        |       -2351.07   |       -2374.05   |        22.9805   |   83:52:07   |   15:41:27   |
9638        |       -2350.45   |       -2376.06   |        25.6149   |   83:55:08   |   15:41:24   |
9639        |        -2349.9   |       -2375.16   |        25.2598   |   83:58:25   |   15:41:24   |


Iter        |      Posterior   |     Likelihood   |          Prior   |    elapsed   |        ETA   |
----------------------------------------------------------------------------------------------------
9640        |       -2352.66   |       -2376.98   |        24.3182   |   84:01:37   |   15:41:22   |
9641        |       -2353.64   |       -2377.18   |        23.5431   |   84:14:21   |   15:43:08   |
9642        |       -2351.61   |       -2372.68   |        21.0692   |   84:17:15   |   15:43:03   |
9643        |       -2352.95   |       -2374.07   |        21.1249   |   84:20:40   |   15:43:04   |
9644        |       -2353.24   |       -2374.12   |        20.8753   |   84:24:20   |   15:43:07   |
9645        |       -2351.27   |       -2374.66   |        23.3891   |   84:27:42   |   15:43:08   |
9646        |       -2350.12   |       -2373.95   |        23.8238   |   84:30:13   |   15:42:58   |
9647        |       -2347.31   |          -2369   |        21.6867   |   84:32:58   |   15:42:51   |
9648        |       -2349.06   |       -2370.39   |        21.3295   |   84:36:03   |   15:42:48   |
9649        |        -2346.3   |       -2368.79   |        22.4958   |   84:39:10   |   15:42:46   |
9650        |       -2349.08   |       -2370.51   |        21.4369   |   84:42:28   |   15:42:45   |
9651        |       -2347.36   |       -2368.99   |        21.6225   |   84:54:52   |   15:44:25   |
9652        |       -2347.69   |       -2369.32   |        21.6225   |   84:58:01   |   15:44:23   |
9653        |       -2347.69   |       -2369.32   |        21.6225   |   85:01:29   |   15:44:24   |
9654        |       -2347.69   |       -2369.32   |        21.6225   |   85:04:59   |   15:44:25   |
9655        |       -2347.69   |       -2369.32   |        21.6225   |   85:08:35   |   15:44:27   |
9656        |       -2347.69   |       -2369.32   |        21.6225   |   85:12:14   |   15:44:30   |
9657        |       -2347.69   |       -2369.32   |        21.6225   |   85:15:40   |   15:44:31   |
9658        |       -2349.84   |       -2371.91   |        22.0721   |   85:18:48   |   15:44:28   |
9659        |       -2350.67   |        -2371.8   |        21.1257   |   85:22:08   |   15:44:27   |


Iter        |      Posterior   |     Likelihood   |          Prior   |    elapsed   |        ETA   |
----------------------------------------------------------------------------------------------------
9660        |       -2350.35   |       -2372.28   |        21.9346   |   85:25:32   |   15:44:27   |
9661        |       -2350.35   |       -2372.28   |        21.9346   |   85:38:29   |   15:46:12   |
9662        |        -2349.5   |       -2370.94   |         21.441   |   85:41:41   |   15:46:10   |
9663        |        -2349.5   |       -2370.94   |         21.441   |   85:45:17   |   15:46:12   |
9664        |       -2349.69   |       -2370.47   |         20.782   |   85:48:31   |   15:46:10   |
9665        |       -2347.51   |       -2371.74   |        24.2354   |   85:51:51   |   15:46:08   |
9666        |       -2348.96   |       -2372.73   |        23.7651   |   85:55:09   |   15:46:07   |
9667        |       -2351.68   |       -2372.06   |        20.3803   |   85:58:29   |   15:46:06   |
9668        |       -2349.62   |        -2370.5   |        20.8815   |   86:01:50   |   15:46:05   |
9669        |       -2350.81   |       -2371.04   |        20.2316   |   86:05:23   |   15:46:06   |
9670        |       -2349.91   |        -2371.4   |        21.4936   |   86:08:46   |   15:46:05   |
9671        |       -2350.15   |       -2372.03   |        21.8746   |   86:22:06   |   15:47:53   |
9672        |       -2350.15   |       -2372.03   |        21.8746   |   86:25:29   |   15:47:53   |
9673        |       -2349.28   |        -2369.9   |        20.6114   |   86:28:41   |   15:47:50   |
9674        |       -2350.85   |       -2373.42   |        22.5704   |   86:31:47   |   15:47:45   |
9675        |       -2351.86   |       -2374.17   |        22.3047   |   86:35:01   |   15:47:43   |
9676        |        -2353.7   |       -2375.58   |        21.8794   |   86:37:56   |   15:47:37   |
9677        |        -2352.4   |        -2374.2   |        21.7998   |   86:41:10   |   15:47:34   |
9678        |       -2352.02   |       -2373.82   |        21.7972   |   86:44:31   |   15:47:32   |
9679        |       -2353.77   |       -2373.71   |        19.9445   |   86:47:43   |   15:47:29   |


Iter        |      Posterior   |     Likelihood   |          Prior   |    elapsed   |        ETA   |
----------------------------------------------------------------------------------------------------
9680        |       -2350.06   |       -2371.22   |         21.167   |   86:51:08   |   15:47:28   |
9681        |       -2349.09   |        -2370.8   |        21.7119   |   87:03:43   |   15:49:07   |
9682        |       -2347.79   |       -2368.57   |        20.7798   |   87:06:39   |   15:49:01   |
9683        |       -2346.72   |       -2370.17   |        23.4468   |   87:09:31   |   15:48:54   |
9684        |       -2345.72   |       -2368.64   |        22.9171   |   87:12:24   |   15:48:47   |
9685        |       -2348.24   |       -2369.98   |        21.7436   |   87:15:31   |   15:48:43   |
9686        |       -2353.06   |       -2369.49   |        16.4265   |   87:18:45   |   15:48:39   |
9687        |       -2348.33   |       -2369.19   |        20.8601   |   87:21:59   |   15:48:36   |
9688        |       -2349.33   |       -2372.94   |        23.6074   |   87:25:10   |   15:48:32   |
9689        |       -2350.75   |       -2374.44   |        23.6978   |   87:27:54   |   15:48:24   |
9690        |       -2352.19   |        -2374.2   |         22.011   |   87:30:57   |   15:48:18   |
9691        |       -2352.98   |       -2370.49   |        17.5088   |   87:43:51   |   15:50:00   |
9692        |       -2352.62   |       -2369.21   |        16.5969   |   87:47:07   |   15:49:57   |
9693        |       -2356.14   |       -2372.56   |        16.4168   |   87:50:21   |   15:49:53   |
9694        |       -2354.48   |       -2372.28   |        17.8023   |   87:53:27   |   15:49:48   |
9695        |       -2351.48   |       -2368.96   |        17.4852   |   87:56:14   |   15:49:40   |
9696        |       -2348.32   |       -2368.35   |        20.0329   |   87:59:43   |   15:49:39   |
9697        |        -2347.7   |       -2368.21   |        20.5029   |   88:02:52   |   15:49:34   |
9698        |        -2351.2   |       -2369.82   |        18.6212   |   88:06:17   |   15:49:32   |
9699        |       -2351.25   |       -2368.35   |        17.1078   |   88:09:51   |   15:49:32   |


Iter        |      Posterior   |     Likelihood   |          Prior   |    elapsed   |        ETA   |
----------------------------------------------------------------------------------------------------
9700        |       -2348.64   |       -2367.08   |        18.4336   |   88:13:12   |   15:49:30   |
9701        |       -2348.36   |       -2367.32   |        18.9637   |   88:26:03   |   15:51:09   |
9702        |       -2348.31   |       -2369.92   |        21.6101   |   88:29:23   |   15:51:06   |
9703        |        -2346.8   |       -2369.41   |        22.6026   |   88:32:17   |   15:50:59   |
9704        |       -2347.32   |       -2373.38   |        26.0604   |   88:35:12   |   15:50:51   |
9705        |       -2347.71   |       -2372.99   |        25.2815   |   88:37:55   |   15:50:42   |
9706        |       -2352.23   |       -2377.25   |        25.0161   |   88:41:12   |   15:50:38   |
9707        |       -2353.89   |       -2378.34   |        24.4502   |   88:44:17   |   15:50:32   |
9708        |       -2349.66   |       -2375.13   |         25.471   |   88:47:27   |   15:50:28   |
9709        |       -2347.03   |       -2373.87   |        26.8451   |   88:50:34   |   15:50:22   |
9710        |       -2347.09   |       -2374.68   |        27.5855   |   88:53:07   |   15:50:11   |
9711        |       -2346.59   |       -2372.58   |        25.9872   |   89:05:07   |   15:51:40   |
9712        |       -2345.57   |       -2370.59   |        25.0206   |   89:07:57   |   15:51:31   |
9713        |       -2345.07   |       -2370.02   |        24.9518   |   89:10:45   |   15:51:22   |
9714        |       -2345.31   |       -2370.42   |        25.1039   |   89:13:57   |   15:51:17   |
9715        |       -2349.28   |       -2371.36   |        22.0765   |   89:17:04   |   15:51:12   |
9716        |       -2346.55   |       -2370.27   |        23.7182   |   89:20:03   |   15:51:05   |
9717        |       -2344.75   |       -2369.63   |         24.885   |   89:23:27   |   15:51:02   |
9718        |       -2346.06   |        -2370.9   |        24.8362   |   89:26:30   |   15:50:55   |
9719        |       -2347.21   |       -2369.23   |        22.0202   |   89:29:20   |   15:50:46   |


Iter        |      Posterior   |     Likelihood   |          Prior   |    elapsed   |        ETA   |
----------------------------------------------------------------------------------------------------
9720        |        -2350.1   |       -2370.93   |        20.8294   |   89:32:15   |   15:50:38   |
9721        |        -2349.3   |       -2372.64   |        23.3416   |   89:44:48   |   15:52:12   |
9722        |       -2347.67   |       -2371.06   |        23.3944   |   89:47:38   |   15:52:03   |
9723        |       -2344.82   |       -2367.33   |        22.5097   |   89:50:24   |   15:51:53   |
9724        |        -2344.8   |       -2367.14   |        22.3376   |   89:53:47   |   15:51:50   |
9725        |       -2344.17   |       -2366.05   |        21.8804   |   89:57:16   |   15:51:48   |
9726        |       -2345.13   |       -2364.15   |        19.0199   |   90:00:40   |   15:51:45   |
9727        |        -2344.6   |       -2366.51   |        21.9047   |   90:03:44   |   15:51:38   |
9728        |       -2344.87   |       -2368.33   |        23.4578   |   90:07:09   |   15:51:35   |
9729        |       -2345.47   |       -2369.86   |        24.3835   |   90:10:28   |   15:51:31   |
9730        |       -2347.12   |       -2373.74   |        26.6119   |   90:13:30   |   15:51:23   |
9731        |          -2346   |       -2372.09   |        26.0859   |   90:25:57   |   15:52:55   |
9732        |       -2346.48   |       -2373.25   |        26.7706   |   90:29:12   |   15:52:50   |
9733        |       -2347.95   |       -2374.94   |        26.9936   |   90:32:19   |   15:52:44   |
9734        |       -2345.22   |        -2370.1   |        24.8721   |   90:35:18   |   15:52:36   |
9735        |       -2345.14   |       -2368.06   |        22.9234   |   90:38:15   |   15:52:27   |
9736        |       -2345.98   |       -2368.72   |        22.7418   |   90:41:32   |   15:52:22   |
9737        |       -2348.48   |       -2373.85   |        25.3711   |   90:45:00   |   15:52:19   |
9738        |       -2345.02   |       -2370.92   |        25.8964   |   90:48:10   |   15:52:13   |
9739        |       -2346.66   |       -2371.85   |        25.1954   |   90:51:24   |   15:52:08   |


Iter        |      Posterior   |     Likelihood   |          Prior   |    elapsed   |        ETA   |
----------------------------------------------------------------------------------------------------
9740        |        -2343.8   |       -2368.55   |        24.7501   |   90:54:47   |   15:52:04   |
9741        |       -2348.49   |       -2372.43   |        23.9411   |   91:07:54   |   15:53:41   |
9742        |       -2351.17   |       -2374.43   |         23.262   |   91:11:28   |   15:53:39   |
9743        |       -2347.99   |       -2368.24   |        20.2505   |   91:14:58   |   15:53:36   |
9744        |       -2346.99   |       -2365.58   |        18.5839   |   91:18:18   |   15:53:31   |
9745        |       -2344.71   |       -2366.01   |        21.3005   |   91:21:43   |   15:53:27   |
9746        |       -2344.61   |       -2363.68   |        19.0755   |   91:25:11   |   15:53:24   |
9747        |        -2344.5   |       -2363.38   |        18.8837   |   91:28:31   |   15:53:19   |
9748        |       -2344.97   |       -2361.73   |        16.7608   |   91:32:10   |   15:53:17   |
9749        |       -2344.51   |       -2362.59   |        18.0785   |   91:35:30   |   15:53:12   |
9750        |       -2342.58   |       -2362.16   |        19.5735   |   91:38:47   |   15:53:07   |
9751        |       -2342.05   |       -2362.91   |        20.8568   |   91:51:43   |   15:54:42   |
9752        |       -2341.49   |       -2363.75   |        22.2544   |   91:54:48   |   15:54:34   |
9753        |       -2341.49   |       -2363.75   |        22.2544   |   91:58:28   |   15:54:32   |
9754        |       -2342.29   |       -2362.55   |        20.2635   |   92:01:58   |   15:54:29   |
9755        |       -2340.49   |       -2361.76   |        21.2697   |   92:05:24   |   15:54:24   |
9756        |       -2342.92   |        -2364.2   |        21.2776   |   92:08:45   |   15:54:19   |
9757        |       -2345.24   |       -2366.12   |        20.8824   |   92:11:53   |   15:54:12   |
9758        |       -2346.73   |       -2366.38   |        19.6527   |   92:15:08   |   15:54:05   |
9759        |       -2346.49   |       -2366.45   |        19.9623   |   92:18:23   |   15:53:59   |


Iter        |      Posterior   |     Likelihood   |          Prior   |    elapsed   |        ETA   |
----------------------------------------------------------------------------------------------------
9760        |       -2348.29   |       -2366.73   |        18.4369   |   92:21:46   |   15:53:54   |
9761        |       -2348.63   |        -2367.4   |        18.7612   |   92:35:07   |   15:55:32   |
9762        |       -2349.43   |       -2367.66   |        18.2322   |   92:38:26   |   15:55:26   |
9763        |        -2349.3   |       -2367.28   |        17.9818   |   92:41:41   |   15:55:20   |
9764        |       -2349.07   |       -2367.15   |        18.0821   |   92:45:22   |   15:55:18   |
9765        |       -2349.61   |       -2367.38   |        17.7684   |   92:48:56   |   15:55:14   |
9766        |       -2351.36   |        -2368.3   |        16.9323   |   92:52:25   |   15:55:10   |
9767        |       -2352.28   |       -2372.94   |        20.6597   |   92:55:38   |   15:55:03   |
9768        |       -2351.81   |       -2371.07   |        19.2669   |   92:58:55   |   15:54:56   |
9769        |       -2351.24   |       -2371.06   |        19.8179   |   93:02:13   |   15:54:50   |
9770        |       -2352.28   |       -2371.88   |        19.6007   |   93:05:26   |   15:54:43   |
9771        |       -2353.92   |        -2372.9   |        18.9833   |   93:19:09   |   15:56:23   |
9772        |       -2353.72   |       -2372.69   |        18.9676   |   93:22:46   |   15:56:20   |
9773        |       -2353.62   |       -2374.52   |        20.8954   |   93:26:12   |   15:56:15   |
9774        |       -2349.38   |       -2371.41   |        22.0301   |   93:29:33   |   15:56:09   |
9775        |       -2352.46   |        -2370.9   |        18.4463   |   93:32:47   |   15:56:02   |
9776        |       -2352.44   |       -2370.34   |        17.9055   |   93:36:12   |   15:55:56   |
9777        |       -2350.89   |       -2372.66   |        21.7647   |   93:39:14   |   15:55:47   |
9778        |       -2350.36   |       -2369.27   |        18.9097   |   93:42:46   |   15:55:43   |
9779        |       -2351.44   |       -2364.76   |        13.3159   |   93:45:58   |   15:55:35   |


Iter        |      Posterior   |     Likelihood   |          Prior   |    elapsed   |        ETA   |
----------------------------------------------------------------------------------------------------
9780        |       -2351.07   |       -2364.32   |        13.2484   |   93:49:29   |   15:55:30   |
9781        |        -2352.5   |       -2362.94   |          10.44   |   94:03:05   |   15:57:08   |
9782        |       -2353.54   |       -2369.64   |         16.102   |   94:06:23   |   15:57:02   |
9783        |       -2354.09   |        -2363.9   |        9.81044   |   94:10:08   |   15:56:59   |
9784        |       -2353.17   |       -2364.28   |        11.1063   |   94:13:50   |   15:56:56   |
9785        |       -2351.62   |       -2362.89   |        11.2635   |   94:17:15   |   15:56:50   |
9786        |       -2350.74   |       -2361.93   |        11.1928   |   94:20:55   |   15:56:47   |
9787        |       -2350.01   |       -2363.65   |        13.6463   |   94:24:30   |   15:56:43   |
9788        |       -2349.98   |       -2369.11   |        19.1289   |   94:28:20   |   15:56:41   |
9789        |       -2350.12   |       -2365.95   |        15.8325   |   94:31:47   |   15:56:35   |
9790        |       -2353.46   |       -2365.11   |        11.6486   |   94:35:01   |   15:56:27   |
9791        |       -2350.41   |       -2364.98   |        14.5734   |   94:49:39   |   15:58:15   |
9792        |       -2351.82   |        -2367.5   |        15.6747   |   94:53:13   |   15:58:10   |
9793        |       -2350.95   |       -2368.06   |        17.1173   |   94:56:13   |   15:57:59   |
9794        |       -2349.64   |       -2366.76   |        17.1223   |   94:59:43   |   15:57:54   |
9795        |       -2352.43   |       -2368.94   |        16.5109   |   95:03:03   |   15:57:47   |
9796        |       -2351.96   |       -2368.31   |        16.3432   |   95:06:23   |   15:57:39   |
9797        |       -2348.96   |       -2366.97   |        18.0109   |   95:09:48   |   15:57:33   |
9798        |       -2349.71   |       -2371.28   |        21.5722   |   95:13:04   |   15:57:25   |
9799        |       -2349.68   |       -2367.75   |        18.0653   |   95:16:28   |   15:57:18   |


Iter        |      Posterior   |     Likelihood   |          Prior   |    elapsed   |        ETA   |
----------------------------------------------------------------------------------------------------
9800        |       -2348.94   |       -2368.74   |        19.8045   |   95:19:53   |   15:57:12   |
9801        |       -2348.94   |       -2368.74   |        19.8045   |   95:33:37   |   15:58:49   |
9802        |       -2355.64   |       -2375.51   |        19.8716   |   95:36:57   |   15:58:41   |
9803        |       -2355.12   |       -2375.26   |        20.1416   |   95:40:12   |   15:58:33   |
9804        |       -2351.91   |       -2375.34   |         23.427   |   95:43:24   |   15:58:24   |
9805        |       -2351.78   |        -2375.3   |         23.518   |   95:46:51   |   15:58:17   |
9806        |        -2348.3   |       -2369.56   |        21.2573   |   95:50:10   |   15:58:09   |
9807        |          -2350   |       -2370.94   |        20.9428   |   95:53:19   |   15:58:00   |
9808        |       -2348.64   |       -2369.91   |         21.271   |   95:56:42   |   15:57:53   |
9809        |       -2350.04   |       -2370.12   |        20.0799   |   95:59:40   |   15:57:41   |
9810        |       -2347.91   |       -2368.29   |         20.374   |   96:03:13   |   15:57:35   |
9811        |       -2346.64   |       -2367.78   |        21.1419   |   96:16:39   |   15:59:08   |
9812        |       -2348.98   |        -2366.4   |        17.4146   |   96:20:21   |   15:59:04   |
9813        |       -2348.74   |       -2366.82   |        18.0829   |   96:23:47   |   15:58:57   |
9814        |       -2348.49   |       -2366.61   |        18.1175   |   96:27:05   |   15:58:48   |
9815        |       -2349.41   |       -2368.51   |        19.1005   |   96:30:24   |   15:58:40   |
9816        |       -2350.49   |       -2370.46   |        19.9712   |   96:33:55   |   15:58:34   |
9817        |       -2354.05   |       -2375.02   |        20.9633   |   96:37:01   |   15:58:23   |
9818        |       -2351.46   |       -2372.92   |        21.4614   |   96:40:23   |   15:58:15   |
9819        |        -2349.6   |       -2370.89   |        21.2878   |   96:43:42   |   15:58:07   |


Iter        |      Posterior   |     Likelihood   |          Prior   |    elapsed   |        ETA   |
----------------------------------------------------------------------------------------------------
9820        |       -2349.01   |       -2369.03   |        20.0283   |   96:47:02   |   15:57:58   |
9821        |       -2349.37   |       -2370.96   |        21.5959   |   97:00:09   |   15:59:27   |
9822        |       -2351.41   |       -2370.79   |        19.3857   |   97:03:08   |   15:59:15   |
9823        |       -2348.07   |       -2372.27   |        24.2005   |   97:06:27   |   15:59:06   |
9824        |       -2351.84   |       -2377.01   |        25.1769   |   97:09:50   |   15:58:58   |
9825        |       -2353.17   |       -2376.65   |        23.4798   |   97:13:09   |   15:58:49   |
9826        |       -2354.57   |       -2377.73   |        23.1598   |   97:16:20   |   15:58:39   |
9827        |       -2352.83   |       -2377.13   |        24.3067   |   97:19:44   |   15:58:31   |
9828        |       -2353.91   |       -2377.63   |        23.7242   |   97:22:57   |   15:58:22   |
9829        |       -2352.93   |       -2376.37   |        23.4397   |   97:25:59   |   15:58:10   |
9830        |       -2353.64   |       -2377.64   |        24.0033   |   97:29:20   |   15:58:01   |
9831        |       -2354.02   |       -2381.13   |        27.1142   |   97:42:56   |   15:59:33   |
9832        |       -2355.18   |       -2381.67   |        26.4872   |   97:46:22   |   15:59:25   |
9833        |       -2353.49   |       -2379.98   |        26.4929   |   97:49:51   |   15:59:18   |
9834        |        -2354.6   |       -2381.38   |        26.7829   |   97:53:09   |   15:59:08   |
9835        |       -2354.82   |       -2382.06   |        27.2449   |   97:56:12   |   15:58:57   |
9836        |       -2356.78   |       -2384.67   |        27.8913   |   97:59:10   |   15:58:44   |
9837        |       -2358.48   |       -2386.07   |        27.5871   |   98:02:24   |   15:58:34   |
9838        |       -2359.04   |       -2386.08   |        27.0445   |   98:05:35   |   15:58:23   |
9839        |       -2352.55   |       -2378.91   |        26.3685   |   98:08:32   |   15:58:10   |


Iter        |      Posterior   |     Likelihood   |          Prior   |    elapsed   |        ETA   |
----------------------------------------------------------------------------------------------------
9840        |       -2352.35   |       -2377.99   |        25.6328   |   98:11:48   |   15:58:00   |
9841        |       -2357.28   |       -2384.98   |        27.6995   |   98:25:01   |   15:59:28   |
9842        |       -2356.34   |       -2382.67   |        26.3274   |   98:28:14   |   15:59:17   |
9843        |       -2357.87   |        -2381.6   |        23.7324   |   98:31:20   |   15:59:05   |
9844        |        -2358.5   |       -2382.27   |        23.7727   |   98:34:46   |   15:58:57   |
9845        |       -2358.91   |       -2380.33   |        21.4184   |   98:38:12   |   15:58:48   |
9846        |        -2360.3   |       -2381.15   |        20.8499   |   98:41:06   |   15:58:35   |
9847        |        -2357.6   |       -2376.58   |        18.9808   |   98:44:29   |   15:58:26   |
9848        |       -2360.33   |       -2376.62   |        16.2881   |   98:47:35   |   15:58:14   |
9849        |       -2358.97   |       -2375.35   |        16.3759   |   98:50:56   |   15:58:04   |
9850        |       -2355.43   |       -2375.73   |        20.2943   |   98:54:20   |   15:57:55   |
9851        |       -2353.49   |       -2373.91   |        20.4219   |   99:07:45   |   15:59:23   |
9852        |       -2353.49   |       -2373.91   |        20.4219   |   99:11:28   |   15:59:17   |
9853        |       -2351.89   |        -2372.2   |         20.309   |   99:14:53   |   15:59:08   |
9854        |       -2348.47   |       -2370.49   |        22.0162   |   99:18:07   |   15:58:57   |
9855        |       -2349.38   |       -2373.01   |        23.6284   |   99:21:18   |   15:58:46   |
9856        |       -2348.92   |       -2371.51   |        22.5928   |   99:24:38   |   15:58:36   |
9857        |       -2352.04   |       -2374.77   |         22.731   |   99:27:53   |   15:58:25   |
9858        |       -2359.08   |       -2376.31   |        17.2314   |   99:31:11   |   15:58:14   |
9859        |       -2360.49   |       -2378.36   |        17.8787   |   99:34:45   |   15:58:07   |


Iter        |      Posterior   |     Likelihood   |          Prior   |    elapsed   |        ETA   |
----------------------------------------------------------------------------------------------------
9860        |        -2361.6   |       -2380.94   |        19.3427   |   99:38:14   |   15:57:58   |
9861        |       -2362.74   |       -2382.54   |        19.7981   |   99:51:27   |   15:59:23   |
9862        |       -2360.82   |        -2380.6   |        19.7794   |   99:54:35   |   15:59:10   |
9863        |       -2359.22   |        -2380.9   |        21.6782   |   99:57:36   |   15:58:57   |
9864        |       -2356.55   |        -2374.4   |        17.8478   |   100:00:52   |   15:58:46   |
9865        |       -2354.84   |       -2372.66   |        17.8198   |   100:04:15   |   15:58:36   |
9866        |       -2353.36   |       -2374.82   |        21.4642   |   100:07:31   |   15:58:25   |
9867        |       -2355.13   |       -2375.47   |         20.339   |   100:11:06   |   15:58:17   |
9868        |       -2357.59   |       -2378.77   |        21.1843   |   100:14:23   |   15:58:06   |
9869        |       -2355.19   |        -2373.9   |        18.7157   |   100:17:38   |   15:57:55   |
9870        |       -2356.13   |       -2374.45   |        18.3194   |   100:20:59   |   15:57:44   |
9871        |       -2355.43   |       -2375.51   |        20.0826   |   100:34:22   |   15:59:09   |
9872        |       -2353.07   |       -2373.96   |        20.8901   |   100:37:38   |   15:58:58   |
9873        |       -2352.01   |       -2375.89   |        23.8876   |   100:40:54   |   15:58:47   |
9874        |       -2356.54   |        -2377.6   |        21.0518   |   100:44:17   |   15:58:36   |
9875        |       -2354.25   |       -2376.89   |        22.6415   |   100:47:35   |   15:58:25   |
9876        |       -2353.39   |       -2375.78   |        22.3966   |   100:50:52   |   15:58:14   |
9877        |       -2352.31   |       -2376.65   |        24.3384   |   100:54:23   |   15:58:05   |
9878        |        -2351.4   |       -2374.94   |        23.5366   |   100:57:36   |   15:57:52   |
9879        |       -2352.99   |       -2376.65   |        23.6609   |   101:00:52   |   15:57:41   |


Iter        |      Posterior   |     Likelihood   |          Prior   |    elapsed   |        ETA   |
----------------------------------------------------------------------------------------------------
9880        |        -2353.9   |       -2375.01   |         21.118   |   101:04:12   |   15:57:30   |
9881        |       -2352.28   |       -2375.36   |        23.0752   |   101:17:21   |   15:58:52   |
9882        |       -2352.14   |       -2376.54   |        24.4038   |   101:20:38   |   15:58:40   |
9883        |       -2350.62   |       -2374.54   |        23.9197   |   101:23:31   |   15:58:25   |
9884        |       -2355.74   |       -2377.09   |        21.3439   |   101:26:58   |   15:58:14   |
9885        |        -2355.5   |       -2376.75   |         21.254   |   101:30:27   |   15:58:04   |
9886        |       -2351.89   |       -2372.76   |        20.8743   |   101:33:30   |   15:57:50   |
9887        |       -2356.66   |       -2375.34   |         18.682   |   101:36:50   |   15:57:39   |
9888        |       -2359.37   |       -2376.73   |        17.3587   |   101:40:00   |   15:57:26   |
9889        |       -2358.58   |       -2377.75   |        19.1711   |   101:43:14   |   15:57:14   |
9890        |       -2359.23   |       -2379.89   |        20.6613   |   101:46:46   |   15:57:04   |
9891        |       -2360.42   |       -2384.32   |         23.897   |   102:00:03   |   15:58:26   |
9892        |       -2359.77   |       -2381.97   |        22.2037   |   102:03:19   |   15:58:14   |
9893        |       -2357.58   |       -2380.07   |        22.4901   |   102:06:43   |   15:58:03   |
9894        |       -2359.81   |       -2379.47   |        19.6596   |   102:10:06   |   15:57:52   |
9895        |       -2356.85   |       -2376.58   |        19.7222   |   102:13:32   |   15:57:41   |
9896        |       -2349.64   |       -2370.14   |        20.5003   |   102:16:49   |   15:57:28   |
9897        |       -2351.93   |       -2372.35   |        20.4214   |   102:20:24   |   15:57:19   |
9898        |       -2350.94   |       -2372.84   |        21.9056   |   102:23:52   |   15:57:08   |
9899        |       -2350.94   |       -2372.84   |        21.9056   |   102:27:35   |   15:57:00   |


Iter        |      Posterior   |     Likelihood   |          Prior   |    elapsed   |        ETA   |
----------------------------------------------------------------------------------------------------
9900        |       -2350.94   |       -2372.84   |        21.9056   |   102:31:04   |   15:56:49   |
9901        |       -2350.94   |       -2372.84   |        21.9056   |   102:44:33   |   15:58:12   |
9902        |       -2350.94   |       -2372.84   |        21.9056   |   102:48:17   |   15:58:04   |
9903        |       -2350.94   |       -2372.84   |        21.9056   |   102:52:06   |   15:57:56   |
9904        |       -2350.94   |       -2372.84   |        21.9056   |   102:55:36   |   15:57:46   |
9905        |       -2352.51   |       -2374.91   |        22.3998   |   102:58:55   |   15:57:33   |
9906        |       -2353.82   |       -2376.67   |        22.8495   |   103:02:23   |   15:57:22   |
9907        |        -2353.8   |       -2376.27   |        22.4715   |   103:05:24   |   15:57:07   |
9908        |       -2354.53   |       -2377.14   |         22.611   |   103:08:48   |   15:56:55   |
9909        |       -2353.89   |       -2377.14   |        23.2527   |   103:12:01   |   15:56:42   |
9910        |       -2355.24   |       -2379.72   |        24.4781   |   103:15:07   |   15:56:27   |
9911        |       -2353.01   |       -2377.72   |        24.7116   |   103:28:05   |   15:57:44   |
9912        |       -2351.71   |        -2374.1   |        22.3924   |   103:31:10   |   15:57:29   |
9913        |        -2351.3   |       -2371.14   |        19.8351   |   103:34:18   |   15:57:15   |
9914        |        -2351.3   |       -2371.14   |        19.8351   |   103:38:01   |   15:57:06   |
9915        |        -2351.3   |       -2371.14   |        19.8351   |   103:41:39   |   15:56:56   |
9916        |       -2349.27   |       -2369.56   |        20.2939   |   103:45:06   |   15:56:44   |
9917        |       -2349.56   |       -2370.54   |        20.9725   |   103:48:28   |   15:56:32   |
9918        |       -2351.49   |       -2371.41   |        19.9228   |   103:51:57   |   15:56:20   |
9919        |       -2353.23   |       -2371.84   |         18.617   |   103:55:34   |   15:56:10   |


Iter        |      Posterior   |     Likelihood   |          Prior   |    elapsed   |        ETA   |
----------------------------------------------------------------------------------------------------
9920        |       -2350.45   |       -2370.48   |        20.0359   |   103:59:10   |   15:56:00   |
9921        |       -2353.03   |       -2369.18   |        16.1447   |   104:12:22   |   15:57:17   |
9922        |       -2351.82   |       -2368.39   |        16.5671   |   104:15:34   |   15:57:03   |
9923        |       -2351.12   |       -2369.85   |        18.7367   |   104:19:19   |   15:56:54   |
9924        |       -2349.19   |       -2371.23   |         22.038   |   104:22:25   |   15:56:39   |
9925        |       -2350.02   |       -2371.61   |        21.5909   |   104:25:39   |   15:56:25   |
9926        |       -2349.03   |       -2369.74   |        20.7183   |   104:29:01   |   15:56:12   |
9927        |       -2348.97   |       -2369.61   |        20.6391   |   104:32:34   |   15:56:01   |
9928        |       -2352.06   |       -2372.38   |        20.3236   |   104:35:51   |   15:55:47   |
9929        |       -2352.22   |        -2372.3   |        20.0842   |   104:39:16   |   15:55:34   |
9930        |       -2353.87   |       -2375.37   |        21.4987   |   104:42:37   |   15:55:21   |
9931        |       -2354.63   |        -2377.5   |        22.8688   |   104:55:40   |   15:56:37   |
9932        |       -2353.14   |       -2377.52   |        24.3855   |   104:58:50   |   15:56:22   |
9933        |       -2354.14   |       -2377.54   |        23.4012   |   105:01:59   |   15:56:06   |
9934        |        -2351.1   |        -2373.8   |        22.7063   |   105:05:06   |   15:55:51   |
9935        |       -2350.35   |       -2372.16   |        21.8088   |   105:08:16   |   15:55:36   |
9936        |       -2350.94   |       -2372.85   |        21.9091   |   105:11:49   |   15:55:24   |
9937        |       -2351.71   |       -2373.92   |        22.2102   |   105:15:09   |   15:55:11   |
9938        |       -2351.43   |       -2374.12   |        22.6949   |   105:18:21   |   15:54:56   |
9939        |       -2350.96   |       -2374.75   |        23.7886   |   105:21:28   |   15:54:40   |


Iter        |      Posterior   |     Likelihood   |          Prior   |    elapsed   |        ETA   |
----------------------------------------------------------------------------------------------------
9940        |       -2349.67   |       -2373.66   |        23.9862   |   105:24:34   |   15:54:24   |
9941        |       -2351.87   |        -2375.8   |        23.9251   |   105:38:02   |   15:55:42   |
9942        |        -2350.4   |       -2374.02   |        23.6173   |   105:41:28   |   15:55:29   |
9943        |       -2351.95   |       -2375.43   |        23.4821   |   105:44:59   |   15:55:17   |
9944        |       -2351.63   |        -2374.6   |        22.9703   |   105:48:07   |   15:55:01   |
9945        |       -2348.59   |       -2370.34   |        21.7558   |   105:51:24   |   15:54:47   |
9946        |       -2348.17   |       -2369.43   |        21.2555   |   105:54:37   |   15:54:32   |
9947        |       -2350.12   |       -2368.98   |        18.8568   |   105:58:03   |   15:54:18   |
9948        |          -2355   |       -2373.27   |        18.2678   |   106:00:48   |   15:53:59   |
9949        |       -2351.11   |        -2371.7   |        20.5943   |   106:03:32   |   15:53:39   |
9950        |       -2350.75   |       -2373.82   |        23.0763   |   106:06:31   |   15:53:22   |
9951        |       -2352.41   |       -2375.26   |        22.8525   |   106:19:56   |   15:54:38   |
9952        |       -2351.04   |       -2372.63   |        21.5883   |   106:23:11   |   15:54:23   |
9953        |       -2347.65   |       -2368.28   |        20.6306   |   106:26:29   |   15:54:09   |
9954        |       -2351.99   |       -2368.55   |         16.564   |   106:30:01   |   15:53:56   |
9955        |       -2350.78   |       -2368.64   |        17.8655   |   106:33:22   |   15:53:42   |
9956        |       -2347.07   |       -2361.58   |        14.5103   |   106:36:33   |   15:53:26   |
9957        |       -2350.35   |       -2363.63   |        13.2826   |   106:39:57   |   15:53:12   |
9958        |       -2349.56   |       -2364.78   |        15.2291   |   106:42:51   |   15:52:54   |
9959        |       -2349.11   |       -2364.38   |        15.2651   |   106:46:21   |   15:52:41   |


Iter        |      Posterior   |     Likelihood   |          Prior   |    elapsed   |        ETA   |
----------------------------------------------------------------------------------------------------
9960        |        -2353.1   |       -2368.11   |        15.0127   |   106:49:48   |   15:52:27   |
9961        |        -2352.9   |       -2368.54   |        15.6432   |   107:03:45   |   15:53:47   |
9962        |       -2350.32   |       -2367.16   |        16.8391   |   107:07:24   |   15:53:35   |
9963        |       -2347.85   |       -2366.03   |        18.1763   |   107:10:41   |   15:53:20   |
9964        |       -2348.81   |       -2366.93   |        18.1247   |   107:14:11   |   15:53:07   |
9965        |       -2347.03   |       -2366.11   |        19.0722   |   107:17:27   |   15:52:51   |
9966        |       -2348.76   |       -2368.74   |        19.9847   |   107:20:25   |   15:52:33   |
9967        |       -2348.42   |       -2368.34   |        19.9152   |   107:24:06   |   15:52:21   |
9968        |       -2348.42   |       -2368.34   |        19.9152   |   107:27:42   |   15:52:08   |
9969        |       -2350.59   |       -2371.17   |        20.5806   |   107:31:11   |   15:51:55   |
9970        |       -2352.74   |       -2373.86   |        21.1196   |   107:34:30   |   15:51:39   |
9971        |       -2353.67   |       -2374.77   |        21.0996   |   107:47:47   |   15:52:52   |
9972        |       -2347.24   |       -2367.23   |        19.9967   |   107:51:05   |   15:52:37   |
9973        |       -2349.81   |       -2369.47   |        19.6632   |   107:54:12   |   15:52:20   |
9974        |       -2349.94   |       -2372.25   |        22.3082   |   107:57:46   |   15:52:06   |
9975        |       -2350.85   |        -2373.3   |        22.4558   |   108:01:20   |   15:51:53   |
9976        |        -2347.4   |       -2371.42   |        24.0242   |   108:04:50   |   15:51:39   |
9977        |       -2346.66   |       -2371.04   |        24.3799   |   108:08:15   |   15:51:25   |
9978        |       -2347.25   |       -2369.56   |        22.3132   |   108:11:50   |   15:51:11   |
9979        |       -2348.44   |       -2370.71   |        22.2785   |   108:15:16   |   15:50:57   |


Iter        |      Posterior   |     Likelihood   |          Prior   |    elapsed   |        ETA   |
----------------------------------------------------------------------------------------------------
9980        |       -2347.15   |       -2368.06   |        20.9116   |   108:18:30   |   15:50:40   |
9981        |       -2347.82   |       -2370.11   |        22.2909   |   108:32:04   |   15:51:55   |
9982        |       -2348.91   |       -2369.69   |        20.7743   |   108:35:26   |   15:51:39   |
9983        |       -2350.72   |       -2369.14   |        18.4147   |   108:38:39   |   15:51:23   |
9984        |       -2351.87   |        -2369.4   |        17.5233   |   108:42:19   |   15:51:10   |
9985        |       -2351.15   |       -2369.01   |         17.854   |   108:45:47   |   15:50:55   |
9986        |       -2353.89   |        -2374.2   |        20.3169   |   108:49:18   |   15:50:41   |
9987        |       -2353.89   |        -2374.2   |        20.3169   |   108:53:06   |   15:50:29   |
9988        |       -2353.89   |        -2374.2   |        20.3169   |   108:56:56   |   15:50:18   |
9989        |       -2353.89   |        -2374.2   |        20.3169   |   109:00:39   |   15:50:05   |
9990        |       -2353.89   |        -2374.2   |        20.3169   |   109:04:19   |   15:49:52   |
9991        |       -2353.89   |        -2374.2   |        20.3169   |   109:18:09   |   15:51:07   |
9992        |       -2353.89   |        -2374.2   |        20.3169   |   109:21:33   |   15:50:52   |
9993        |       -2353.89   |        -2374.2   |        20.3169   |   109:25:18   |   15:50:39   |
9994        |       -2353.89   |        -2374.2   |        20.3169   |   109:29:08   |   15:50:28   |
9995        |       -2353.89   |        -2374.2   |        20.3169   |   109:32:51   |   15:50:15   |
9996        |       -2353.89   |        -2374.2   |        20.3169   |   109:36:30   |   15:50:01   |
9997        |       -2353.89   |        -2374.2   |        20.3169   |   109:40:09   |   15:49:48   |
9998        |       -2353.19   |       -2375.12   |        21.9248   |   109:43:51   |   15:49:34   |
9999        |       -2353.19   |       -2375.12   |        21.9248   |   109:47:41   |   15:49:22   |


Iter        |      Posterior   |     Likelihood   |          Prior   |    elapsed   |        ETA   |
----------------------------------------------------------------------------------------------------
10000       |       -2353.19   |       -2375.12   |        21.9248   |   109:51:25   |   15:49:09   |
10001       |       -2353.19   |       -2375.12   |        21.9248   |   110:04:49   |   15:50:20   |
10002       |       -2353.19   |       -2375.12   |        21.9248   |   110:08:08   |   15:50:03   |
10003       |       -2353.36   |       -2375.13   |        21.7626   |   110:11:34   |   15:49:47   |
10004       |       -2352.99   |       -2374.85   |        21.8566   |   110:15:00   |   15:49:32   |
10005       |       -2349.05   |       -2371.22   |        22.1747   |   110:18:33   |   15:49:17   |
10006       |       -2347.35   |       -2369.42   |        22.0749   |   110:22:00   |   15:49:01   |
10007       |       -2348.11   |       -2369.65   |         21.542   |   110:25:31   |   15:48:46   |
10008       |       -2348.83   |       -2369.91   |        21.0809   |   110:28:41   |   15:48:28   |
10009       |       -2347.63   |       -2369.12   |        21.4863   |   110:32:09   |   15:48:12   |
10010       |       -2348.97   |       -2369.76   |         20.798   |   110:35:32   |   15:47:56   |
10011       |       -2351.32   |       -2370.07   |        18.7453   |   110:48:51   |   15:49:04   |
10012       |       -2350.44   |       -2370.49   |        20.0498   |   110:52:36   |   15:48:51   |
10013       |       -2347.07   |       -2366.97   |        19.9027   |   110:55:51   |   15:48:33   |
10014       |       -2350.08   |       -2373.37   |        23.2857   |   110:59:06   |   15:48:15   |
10015       |       -2349.74   |       -2371.39   |        21.6534   |   111:02:16   |   15:47:57   |
10016       |       -2349.39   |       -2373.11   |        23.7233   |   111:05:42   |   15:47:40   |
10017       |       -2350.16   |       -2374.87   |        24.7159   |   111:08:55   |   15:47:22   |
10018       |        -2349.9   |       -2372.39   |        22.4821   |   111:11:51   |   15:47:01   |
10019       |       -2345.02   |       -2369.03   |        24.0062   |   111:15:00   |   15:46:43   |


Iter        |      Posterior   |     Likelihood   |          Prior   |    elapsed   |        ETA   |
----------------------------------------------------------------------------------------------------
10020       |       -2345.37   |       -2370.65   |        25.2806   |   111:18:22   |   15:46:26   |
10021       |       -2347.53   |       -2369.09   |        21.5617   |   111:31:07   |   15:47:28   |
10022       |       -2348.06   |        -2367.2   |        19.1404   |   111:34:43   |   15:47:13   |
10023       |       -2346.38   |       -2364.62   |        18.2416   |   111:37:51   |   15:46:54   |
10024       |        -2347.9   |        -2367.4   |        19.4943   |   111:41:19   |   15:46:38   |
10025       |       -2347.56   |       -2366.79   |        19.2365   |   111:44:48   |   15:46:21   |
10026       |       -2348.88   |        -2369.2   |        20.3261   |   111:48:06   |   15:46:03   |
10027       |       -2347.54   |        -2369.8   |        22.2609   |   111:51:20   |   15:45:45   |
10028       |       -2349.14   |       -2367.68   |        18.5409   |   111:54:34   |   15:45:26   |
10029       |       -2346.41   |       -2367.48   |         21.063   |   111:58:07   |   15:45:11   |
10030       |       -2344.51   |       -2367.08   |        22.5694   |   112:01:10   |   15:44:50   |
10031       |       -2344.53   |       -2368.57   |        24.0352   |   112:14:09   |   15:45:54   |
10032       |       -2344.14   |       -2367.63   |        23.4912   |   112:17:18   |   15:45:35   |
10033       |       -2344.76   |       -2368.98   |        24.2211   |   112:20:31   |   15:45:16   |
10034       |       -2346.47   |       -2372.03   |        25.5677   |   112:23:55   |   15:44:58   |
10035       |       -2343.95   |       -2367.07   |        23.1244   |   112:27:12   |   15:44:40   |
10036       |       -2342.92   |       -2366.02   |        23.0905   |   112:30:27   |   15:44:21   |
10037       |       -2344.68   |       -2367.64   |          22.96   |   112:33:45   |   15:44:03   |
10038       |       -2346.84   |       -2370.76   |        23.9173   |   112:37:03   |   15:43:45   |
10039       |       -2348.04   |       -2368.53   |        20.4963   |   112:40:16   |   15:43:26   |


Iter        |      Posterior   |     Likelihood   |          Prior   |    elapsed   |        ETA   |
----------------------------------------------------------------------------------------------------
10040       |       -2348.05   |       -2368.14   |        20.0893   |   112:43:36   |   15:43:07   |
10041       |       -2348.23   |       -2368.43   |        20.1925   |   112:56:42   |   15:44:11   |
10042       |       -2348.23   |       -2368.43   |        20.1925   |   113:00:11   |   15:43:54   |
10043       |       -2349.13   |       -2369.29   |        20.1577   |   113:03:39   |   15:43:37   |
10044       |       -2349.13   |       -2369.29   |        20.1577   |   113:06:59   |   15:43:18   |
10045       |        -2348.1   |       -2368.66   |        20.5568   |   113:10:05   |   15:42:58   |
10046       |       -2347.16   |       -2369.38   |        22.2168   |   113:13:10   |   15:42:37   |
10047       |       -2345.61   |       -2368.53   |        22.9246   |   113:16:12   |   15:42:16   |
10048       |       -2346.75   |       -2367.54   |        20.7857   |   113:19:23   |   15:41:57   |
10049       |       -2347.56   |       -2370.48   |        22.9226   |   113:22:39   |   15:41:38   |
10050       |       -2348.22   |       -2369.62   |        21.3956   |   113:25:52   |   15:41:18   |
10051       |       -2347.86   |       -2369.33   |        21.4649   |   113:38:22   |   15:42:15   |
10052       |       -2345.87   |       -2367.28   |        21.4162   |   113:41:13   |   15:41:53   |
10053       |       -2346.58   |        -2368.4   |        21.8203   |   113:44:07   |   15:41:30   |
10054       |       -2345.93   |       -2367.47   |        21.5458   |   113:47:12   |   15:41:10   |
10055       |       -2346.38   |       -2368.01   |        21.6295   |   113:50:20   |   15:40:49   |
10056       |       -2346.17   |       -2371.79   |        25.6241   |   113:53:04   |   15:40:25   |
10057       |       -2347.92   |       -2371.55   |        23.6319   |   113:56:11   |   15:40:05   |
10058       |       -2347.46   |       -2370.35   |        22.8868   |   113:59:09   |   15:39:43   |
10059       |       -2346.79   |       -2369.67   |        22.8723   |   114:02:08   |   15:39:21   |


Iter        |      Posterior   |     Likelihood   |          Prior   |    elapsed   |        ETA   |
----------------------------------------------------------------------------------------------------
10060       |       -2348.63   |       -2371.63   |         23.003   |   114:05:08   |   15:38:59   |
10061       |       -2347.43   |       -2368.92   |        21.4856   |   114:17:31   |   15:39:55   |
10062       |       -2346.75   |       -2367.81   |        21.0665   |   114:20:33   |   15:39:33   |
10063       |       -2348.91   |       -2370.23   |         21.312   |   114:23:43   |   15:39:13   |
10064       |       -2354.57   |        -2375.8   |        21.2278   |   114:26:55   |   15:38:52   |
10065       |        -2353.9   |       -2374.24   |        20.3332   |   114:29:56   |   15:38:30   |
10066       |       -2349.28   |       -2370.99   |        21.7055   |   114:32:57   |   15:38:09   |
10067       |       -2349.98   |        -2372.2   |        22.2212   |   114:35:57   |   15:37:47   |
10068       |       -2349.98   |        -2372.2   |        22.2212   |   114:39:15   |   15:37:27   |
10069       |       -2351.31   |       -2373.81   |        22.4997   |   114:42:33   |   15:37:07   |
10070       |       -2348.45   |       -2371.07   |        22.6252   |   114:45:29   |   15:36:45   |
10071       |       -2350.28   |       -2371.07   |        20.7884   |   114:57:53   |   15:37:39   |
10072       |       -2354.17   |       -2372.76   |        18.5865   |   115:00:40   |   15:37:15   |
10073       |       -2351.86   |       -2370.38   |        18.5193   |   115:03:48   |   15:36:54   |
10074       |        -2350.7   |       -2369.35   |        18.6545   |   115:07:10   |   15:36:35   |
10075       |       -2352.17   |       -2370.83   |        18.6549   |   115:10:30   |   15:36:15   |
10076       |       -2352.05   |       -2371.99   |        19.9355   |   115:13:37   |   15:35:54   |
10077       |       -2351.49   |       -2372.72   |        21.2363   |   115:16:23   |   15:35:29   |
10078       |       -2350.18   |       -2370.41   |        20.2276   |   115:19:02   |   15:35:04   |
10079       |       -2350.58   |        -2371.2   |        20.6185   |   115:21:54   |   15:34:41   |


Iter        |      Posterior   |     Likelihood   |          Prior   |    elapsed   |        ETA   |
----------------------------------------------------------------------------------------------------
10080       |       -2348.96   |       -2372.33   |          23.37   |   115:24:40   |   15:34:16   |
10081       |       -2348.27   |       -2372.22   |        23.9407   |   115:36:39   |   15:35:06   |
10082       |       -2348.97   |       -2372.96   |        23.9929   |   115:39:28   |   15:34:42   |
10083       |       -2349.79   |       -2373.79   |        24.0069   |   115:42:38   |   15:34:21   |
10084       |       -2352.92   |       -2376.33   |        23.4119   |   115:45:21   |   15:33:56   |
10085       |       -2352.92   |       -2376.33   |        23.4119   |   115:48:26   |   15:33:34   |
10086       |       -2353.34   |       -2376.69   |        23.3478   |   115:51:42   |   15:33:14   |
10087       |       -2351.84   |       -2374.37   |        22.5252   |   115:54:37   |   15:32:50   |
10088       |       -2350.98   |       -2373.05   |        22.0704   |   115:57:34   |   15:32:27   |
10089       |       -2354.71   |       -2376.15   |        21.4444   |   116:00:17   |   15:32:02   |
10090       |       -2352.97   |       -2374.83   |        21.8599   |   116:03:12   |   15:31:38   |
10091       |       -2353.88   |       -2374.44   |        20.5604   |   116:15:39   |   15:32:31   |
10092       |       -2352.29   |       -2374.15   |        21.8613   |   116:18:35   |   15:32:08   |
10093       |       -2349.98   |       -2371.58   |        21.6005   |   116:21:45   |   15:31:46   |
10094       |       -2350.52   |       -2371.28   |        20.7626   |   116:24:49   |   15:31:24   |
10095       |       -2350.02   |       -2369.45   |        19.4309   |   116:28:04   |   15:31:02   |
10096       |       -2351.53   |       -2369.13   |        17.6008   |   116:31:30   |   15:30:43   |
10097       |       -2349.61   |       -2373.23   |        23.6194   |   116:34:24   |   15:30:19   |
10098       |       -2353.97   |       -2376.07   |        22.0959   |   116:37:21   |   15:29:55   |
10099       |       -2349.63   |       -2371.46   |        21.8346   |   116:40:20   |   15:29:32   |


Iter        |      Posterior   |     Likelihood   |          Prior   |    elapsed   |        ETA   |
----------------------------------------------------------------------------------------------------
10100       |       -2347.13   |       -2368.51   |        21.3779   |   116:43:13   |   15:29:08   |
10101       |       -2345.36   |       -2367.12   |        21.7521   |   116:55:46   |   15:30:01   |
10102       |       -2346.83   |        -2368.8   |        21.9664   |   116:58:37   |   15:29:36   |
10103       |       -2349.87   |        -2372.5   |        22.6299   |   117:01:31   |   15:29:12   |
10104       |       -2347.49   |          -2369   |        21.5143   |   117:04:42   |   15:28:50   |
10105       |       -2346.19   |        -2367.6   |        21.4182   |   117:07:49   |   15:28:27   |
10106       |       -2345.26   |       -2366.44   |        21.1836   |   117:11:02   |   15:28:06   |
10107       |       -2348.49   |       -2370.25   |        21.7628   |   117:13:52   |   15:27:41   |
10108       |       -2346.43   |       -2369.41   |        22.9791   |   117:16:55   |   15:27:18   |
10109       |       -2348.66   |       -2369.68   |        21.0195   |   117:20:00   |   15:26:55   |
10110       |       -2351.17   |       -2372.67   |        21.4999   |   117:23:03   |   15:26:32   |
10111       |       -2353.75   |       -2370.55   |         16.797   |   117:35:48   |   15:27:25   |
10112       |       -2352.76   |        -2369.8   |        17.0403   |   117:39:09   |   15:27:04   |
10113       |       -2350.81   |       -2367.55   |        16.7405   |   117:42:13   |   15:26:41   |
10114       |       -2349.85   |       -2366.76   |        16.9084   |   117:45:14   |   15:26:17   |
10115       |       -2352.18   |       -2370.32   |        18.1406   |   117:48:14   |   15:25:53   |
10116       |       -2353.37   |       -2373.26   |        19.8945   |   117:51:26   |   15:25:31   |
10117       |       -2353.66   |       -2374.03   |        20.3694   |   117:54:19   |   15:25:06   |
10118       |       -2350.88   |       -2370.99   |        20.1025   |   117:57:22   |   15:24:42   |
10119       |       -2355.57   |       -2374.92   |        19.3463   |   118:00:44   |   15:24:21   |


Iter        |      Posterior   |     Likelihood   |          Prior   |    elapsed   |        ETA   |
----------------------------------------------------------------------------------------------------
10120       |       -2351.25   |       -2372.78   |        21.5273   |   118:04:05   |   15:24:00   |
10121       |       -2352.15   |       -2374.75   |        22.5978   |   118:16:39   |   15:24:51   |
10122       |       -2350.35   |       -2372.67   |        22.3239   |   118:19:58   |   15:24:29   |
10123       |       -2350.35   |       -2372.67   |        22.3239   |   118:23:21   |   15:24:08   |
10124       |       -2350.35   |       -2372.67   |        22.3239   |   118:26:36   |   15:23:46   |
10125       |       -2350.35   |       -2372.67   |        22.3239   |   118:30:02   |   15:23:25   |
10126       |       -2350.35   |       -2372.67   |        22.3239   |   118:33:10   |   15:23:02   |
10127       |       -2351.14   |       -2373.33   |         22.195   |   118:36:26   |   15:22:40   |
10128       |       -2351.11   |       -2373.13   |        22.0217   |   118:39:50   |   15:22:18   |
10129       |        -2348.2   |       -2370.86   |         22.665   |   118:42:44   |   15:21:53   |
10130       |       -2348.03   |       -2370.85   |        22.8184   |   118:45:49   |   15:21:30   |
10131       |       -2347.82   |       -2370.85   |        23.0306   |   118:58:25   |   15:22:20   |
10132       |       -2347.94   |       -2370.16   |        22.2209   |   119:01:26   |   15:21:55   |
10133       |       -2351.75   |        -2373.3   |        21.5485   |   119:03:49   |   15:21:26   |
10134       |       -2349.46   |       -2370.97   |        21.5118   |   119:06:56   |   15:21:02   |
10135       |       -2349.71   |       -2372.08   |        22.3669   |   119:09:58   |   15:20:38   |
10136       |       -2344.88   |       -2368.06   |        23.1764   |   119:12:59   |   15:20:14   |
10137       |       -2346.61   |       -2369.71   |        23.0999   |   119:16:05   |   15:19:50   |
10138       |       -2345.81   |        -2369.4   |        23.5895   |   119:18:46   |   15:19:23   |
10139       |       -2345.95   |       -2369.17   |        23.2196   |   119:21:42   |   15:18:57   |


Iter        |      Posterior   |     Likelihood   |          Prior   |    elapsed   |        ETA   |
----------------------------------------------------------------------------------------------------
10140       |       -2351.43   |       -2374.25   |        22.8237   |   119:24:16   |   15:18:29   |
10141       |       -2349.16   |       -2371.86   |        22.6981   |   119:36:39   |   15:19:17   |
10142       |       -2349.16   |       -2371.86   |        22.6981   |   119:39:40   |   15:18:52   |
10143       |       -2349.44   |       -2370.87   |        21.4252   |   119:42:47   |   15:18:28   |
10144       |       -2349.73   |       -2371.27   |        21.5411   |   119:45:44   |   15:18:03   |
10145       |       -2351.87   |       -2370.52   |        18.6423   |   119:48:46   |   15:17:38   |
10146       |       -2350.37   |       -2368.16   |        17.7883   |   119:51:43   |   15:17:13   |
10147       |       -2349.65   |       -2369.52   |         19.865   |   119:54:25   |   15:16:45   |
10148       |       -2347.93   |       -2369.08   |        21.1539   |   119:57:15   |   15:16:19   |
10149       |       -2347.31   |       -2368.49   |        21.1782   |   120:00:14   |   15:15:54   |
10150       |        -2347.6   |       -2367.17   |        19.5715   |   120:03:07   |   15:15:28   |
10151       |       -2347.83   |       -2368.19   |        20.3612   |   120:15:31   |   15:16:14   |
10152       |       -2351.98   |       -2372.15   |        20.1787   |   120:18:28   |   15:15:49   |
10153       |       -2350.81   |       -2370.83   |        20.0222   |   120:21:42   |   15:15:25   |
10154       |       -2350.46   |       -2369.48   |        19.0292   |   120:24:58   |   15:15:02   |
10155       |       -2350.22   |       -2370.14   |        19.9269   |   120:28:08   |   15:14:38   |
10156       |       -2348.77   |       -2368.79   |        20.0195   |   120:31:06   |   15:14:12   |
10157       |        -2345.3   |       -2365.44   |        20.1415   |   120:34:09   |   15:13:47   |
10158       |       -2345.25   |       -2364.74   |         19.497   |   120:37:12   |   15:13:22   |
10159       |       -2350.12   |       -2369.01   |        18.8948   |   120:40:09   |   15:12:56   |


Iter        |      Posterior   |     Likelihood   |          Prior   |    elapsed   |        ETA   |
----------------------------------------------------------------------------------------------------
10160       |       -2350.71   |       -2365.45   |        14.7401   |   120:43:22   |   15:12:33   |
10161       |       -2351.79   |       -2367.84   |        16.0493   |   120:56:21   |   15:13:22   |
10162       |       -2350.96   |       -2368.82   |        17.8633   |   120:59:30   |   15:12:58   |
10163       |       -2351.82   |       -2368.08   |        16.2565   |   121:02:51   |   15:12:35   |
10164       |       -2355.06   |       -2370.55   |        15.4986   |   121:05:50   |   15:12:09   |
10165       |       -2349.69   |       -2364.98   |        15.2934   |   121:08:58   |   15:11:44   |
10166       |       -2348.22   |       -2363.28   |        15.0642   |   121:12:20   |   15:11:21   |
10167       |       -2346.86   |        -2362.6   |        15.7358   |   121:15:26   |   15:10:56   |
10168       |       -2348.25   |       -2364.68   |        16.4302   |   121:18:38   |   15:10:32   |
10169       |       -2348.83   |        -2363.7   |        14.8747   |   121:21:44   |   15:10:07   |
10170       |       -2352.01   |       -2366.35   |        14.3378   |   121:24:53   |   15:09:42   |
10171       |       -2359.97   |        -2370.9   |        10.9256   |   121:38:00   |   15:10:32   |
10172       |        -2357.4   |       -2367.21   |         9.8014   |   121:41:07   |   15:10:07   |
10173       |       -2356.86   |       -2365.88   |         9.0145   |   121:44:42   |   15:09:45   |
10174       |       -2359.86   |       -2368.33   |        8.46469   |   121:48:10   |   15:09:23   |
10175       |       -2358.19   |       -2369.96   |        11.7714   |   121:51:21   |   15:08:58   |
10176       |       -2352.77   |       -2371.18   |        18.4122   |   121:54:22   |   15:08:32   |
10177       |       -2349.47   |       -2365.56   |        16.0931   |   121:57:36   |   15:08:08   |
10178       |       -2350.97   |       -2364.99   |        14.0216   |   122:00:40   |   15:07:42   |
10179       |       -2348.28   |       -2364.49   |        16.2062   |   122:03:50   |   15:07:17   |


Iter        |      Posterior   |     Likelihood   |          Prior   |    elapsed   |        ETA   |
----------------------------------------------------------------------------------------------------
10180       |       -2345.98   |       -2361.71   |        15.7299   |   122:07:02   |   15:06:52   |
10181       |       -2346.06   |       -2364.84   |         18.774   |   122:20:49   |   15:07:46   |
10182       |       -2344.67   |       -2365.48   |        20.8047   |   122:23:43   |   15:07:19   |
10183       |          -2345   |       -2365.85   |        20.8438   |   122:26:54   |   15:06:54   |
10184       |       -2347.06   |       -2361.88   |        14.8144   |   122:30:13   |   15:06:30   |
10185       |       -2346.47   |       -2362.89   |        16.4262   |   122:33:09   |   15:06:03   |
10186       |       -2346.94   |       -2366.77   |        19.8384   |   122:36:33   |   15:05:39   |
10187       |        -2346.8   |       -2369.09   |         22.288   |   122:39:36   |   15:05:13   |
10188       |       -2349.99   |       -2373.16   |        23.1674   |   122:42:24   |   15:04:45   |
10189       |       -2348.37   |       -2370.04   |        21.6686   |   122:45:33   |   15:04:20   |
10190       |       -2348.51   |       -2371.88   |        23.3633   |   122:48:48   |   15:03:55   |
10191       |       -2347.98   |       -2371.67   |        23.6873   |   123:01:47   |   15:04:42   |
10192       |       -2347.21   |       -2370.28   |        23.0623   |   123:04:53   |   15:04:16   |
10193       |       -2348.09   |       -2367.56   |        19.4677   |   123:08:02   |   15:03:50   |
10194       |       -2347.79   |       -2367.26   |        19.4695   |   123:11:20   |   15:03:26   |
10195       |       -2347.95   |       -2367.33   |         19.378   |   123:14:52   |   15:03:03   |
10196       |       -2346.15   |       -2365.32   |        19.1688   |   123:17:54   |   15:02:36   |
10197       |       -2346.36   |       -2365.48   |         19.121   |   123:21:18   |   15:02:12   |
10198       |       -2346.34   |       -2365.46   |        19.1214   |   123:24:34   |   15:01:47   |
10199       |       -2346.73   |       -2367.52   |        20.7887   |   123:27:42   |   15:01:21   |


Iter        |      Posterior   |     Likelihood   |          Prior   |    elapsed   |        ETA   |
----------------------------------------------------------------------------------------------------
10200       |       -2344.18   |       -2364.39   |         20.204   |   123:30:48   |   15:00:55   |
10201       |       -2348.31   |       -2366.73   |        18.4235   |   123:43:41   |   15:01:40   |
10202       |       -2344.85   |       -2363.77   |        18.9246   |   123:46:43   |   15:01:13   |
10203       |       -2347.13   |        -2363.7   |        16.5663   |   123:49:51   |   15:00:47   |
10204       |       -2345.85   |        -2360.7   |        14.8546   |   123:53:09   |   15:00:22   |
10205       |       -2346.15   |       -2367.97   |        21.8139   |   123:56:50   |   14:59:59   |
10206       |       -2343.69   |       -2365.26   |        21.5698   |   123:59:51   |   14:59:32   |
10207       |       -2346.15   |       -2365.51   |        19.3645   |   124:02:41   |   14:59:04   |
10208       |       -2345.28   |       -2363.91   |        18.6277   |   124:05:53   |   14:58:38   |
10209       |       -2346.25   |        -2364.3   |        18.0482   |   124:09:12   |   14:58:13   |
10210       |       -2347.04   |       -2365.32   |        18.2764   |   124:12:18   |   14:57:46   |
10211       |       -2349.15   |        -2369.7   |         20.544   |   124:25:03   |   14:58:29   |
10212       |       -2349.57   |       -2370.36   |        20.7885   |   124:28:03   |   14:58:02   |
10213       |       -2352.07   |       -2370.14   |        18.0673   |   124:31:10   |   14:57:35   |
10214       |       -2348.18   |       -2365.94   |        17.7643   |   124:34:34   |   14:57:10   |
10215       |       -2351.57   |       -2369.68   |        18.1096   |   124:37:42   |   14:56:44   |
10216       |       -2350.62   |       -2367.78   |        17.1593   |   124:40:59   |   14:56:18   |
10217       |       -2353.02   |       -2369.29   |        16.2752   |   124:44:02   |   14:55:51   |
10218       |        -2355.2   |        -2370.3   |        15.1003   |   124:47:14   |   14:55:25   |
10219       |       -2354.32   |       -2366.34   |        12.0272   |   124:50:17   |   14:54:57   |


Iter        |      Posterior   |     Likelihood   |          Prior   |    elapsed   |        ETA   |
----------------------------------------------------------------------------------------------------
10220       |       -2354.17   |       -2367.04   |        12.8791   |   124:53:38   |   14:54:32   |
10221       |       -2355.64   |       -2370.81   |        15.1762   |   125:06:52   |   14:55:18   |
10222       |       -2353.25   |       -2367.99   |        14.7332   |   125:09:57   |   14:54:50   |
10223       |       -2351.39   |       -2368.55   |        17.1622   |   125:13:02   |   14:54:23   |
10224       |       -2348.69   |       -2367.15   |        18.4535   |   125:16:07   |   14:53:56   |
10225       |       -2350.37   |       -2368.89   |        18.5213   |   125:19:12   |   14:53:28   |
10226       |       -2355.12   |       -2373.21   |        18.0885   |   125:22:28   |   14:53:02   |
10227       |       -2349.62   |       -2370.63   |        21.0106   |   125:25:41   |   14:52:36   |
10228       |       -2354.81   |       -2374.16   |        19.3528   |   125:28:37   |   14:52:07   |
10229       |       -2353.49   |       -2372.13   |        18.6451   |   125:31:52   |   14:51:41   |
10230       |       -2353.34   |        -2373.3   |        19.9537   |   125:35:04   |   14:51:14   |
10231       |       -2353.62   |       -2375.21   |        21.5979   |   125:47:56   |   14:51:56   |
10232       |          -2352   |       -2373.43   |        21.4267   |   125:51:19   |   14:51:30   |
10233       |       -2351.54   |       -2373.44   |         21.894   |   125:54:25   |   14:51:03   |
10234       |       -2352.56   |        -2373.5   |        20.9437   |   125:57:41   |   14:50:36   |
10235       |       -2349.56   |       -2372.56   |        23.0019   |   126:00:54   |   14:50:10   |
10236       |       -2355.29   |       -2378.45   |        23.1522   |   126:03:46   |   14:49:40   |
10237       |       -2350.51   |       -2372.83   |        22.3227   |   126:06:41   |   14:49:11   |
10238       |       -2354.49   |       -2378.97   |        24.4776   |   126:09:38   |   14:48:43   |
10239       |       -2352.08   |       -2376.68   |         24.601   |   126:12:37   |   14:48:14   |


Iter        |      Posterior   |     Likelihood   |          Prior   |    elapsed   |        ETA   |
----------------------------------------------------------------------------------------------------
10240       |       -2348.98   |       -2372.02   |        23.0412   |   126:15:43   |   14:47:46   |
10241       |       -2348.58   |       -2370.63   |        22.0434   |   126:29:01   |   14:48:30   |
10242       |        -2348.3   |       -2368.45   |         20.143   |   126:32:10   |   14:48:03   |
10243       |       -2348.87   |       -2367.02   |        18.1474   |   126:35:21   |   14:47:35   |
10244       |        -2350.9   |        -2370.4   |        19.5037   |   126:38:23   |   14:47:07   |
10245       |       -2350.11   |       -2369.55   |        19.4389   |   126:41:34   |   14:46:39   |
10246       |       -2350.69   |       -2368.46   |        17.7687   |   126:44:29   |   14:46:10   |
10247       |       -2351.83   |       -2368.86   |        17.0269   |   126:47:40   |   14:45:43   |
10248       |       -2350.53   |       -2371.55   |        21.0167   |   126:50:54   |   14:45:15   |
10249       |       -2350.79   |       -2370.39   |        19.6026   |   126:54:14   |   14:44:49   |
10250       |       -2352.72   |       -2374.35   |        21.6264   |   126:57:28   |   14:44:22   |
10251       |       -2351.32   |       -2369.87   |        18.5552   |   127:09:58   |   14:44:59   |
10252       |       -2349.51   |       -2370.89   |        21.3808   |   127:13:20   |   14:44:32   |
10253       |       -2349.83   |       -2371.86   |        22.0317   |   127:16:22   |   14:44:04   |
10254       |       -2349.04   |        -2370.8   |        21.7522   |   127:19:22   |   14:43:35   |
10255       |       -2349.86   |       -2372.69   |        22.8249   |   127:22:34   |   14:43:07   |
10256       |       -2356.48   |       -2379.76   |        23.2775   |   127:25:56   |   14:42:40   |
10257       |       -2353.11   |       -2375.76   |        22.6506   |   127:29:17   |   14:42:14   |
10258       |       -2353.11   |       -2375.76   |        22.6506   |   127:32:30   |   14:41:46   |
10259       |       -2358.44   |       -2381.43   |        22.9977   |   127:35:49   |   14:41:19   |


Iter        |      Posterior   |     Likelihood   |          Prior   |    elapsed   |        ETA   |
----------------------------------------------------------------------------------------------------
10260       |       -2353.68   |       -2375.53   |        21.8449   |   127:38:42   |   14:40:49   |
10261       |       -2353.17   |       -2372.42   |        19.2518   |   127:51:28   |   14:41:27   |
10262       |       -2350.04   |       -2370.67   |        20.6263   |   127:54:37   |   14:40:59   |
10263       |       -2349.23   |       -2372.03   |        22.8033   |   127:57:50   |   14:40:31   |
10264       |       -2349.94   |       -2372.58   |        22.6416   |   128:01:02   |   14:40:03   |
10265       |       -2352.68   |       -2376.65   |        23.9775   |   128:04:03   |   14:39:34   |
10266       |       -2350.48   |       -2376.31   |        25.8375   |   128:07:02   |   14:39:04   |
10267       |       -2354.09   |       -2381.06   |        26.9711   |   128:10:25   |   14:38:37   |
10268       |       -2351.38   |       -2375.92   |        24.5368   |   128:13:34   |   14:38:09   |
10269       |       -2349.38   |        -2373.3   |        23.9265   |   128:16:39   |   14:37:40   |
10270       |       -2351.05   |       -2375.22   |        24.1721   |   128:19:59   |   14:37:12   |
10271       |       -2348.71   |       -2371.42   |        22.7136   |   128:32:42   |   14:37:49   |
10272       |       -2349.95   |       -2373.05   |        23.1009   |   128:35:41   |   14:37:19   |
10273       |       -2352.59   |       -2375.26   |        22.6681   |   128:39:07   |   14:36:52   |
10274       |       -2351.12   |       -2373.98   |        22.8656   |   128:41:58   |   14:36:22   |
10275       |       -2345.01   |       -2367.74   |        22.7385   |   128:45:03   |   14:35:52   |
10276       |       -2345.01   |       -2367.74   |        22.7385   |   128:48:29   |   14:35:26   |
10277       |       -2345.01   |       -2367.74   |        22.7385   |   128:51:55   |   14:34:59   |
10278       |       -2344.44   |        -2369.3   |        24.8581   |   128:54:48   |   14:34:28   |
10279       |       -2345.53   |        -2370.4   |        24.8669   |   128:58:00   |   14:33:59   |


Iter        |      Posterior   |     Likelihood   |          Prior   |    elapsed   |        ETA   |
----------------------------------------------------------------------------------------------------
10280       |       -2346.52   |       -2370.76   |        24.2357   |   129:01:09   |   14:33:30   |
10281       |       -2347.89   |       -2371.97   |        24.0771   |   129:13:48   |   14:34:06   |
10282       |       -2353.32   |       -2374.08   |        20.7576   |   129:16:48   |   14:33:36   |
10283       |       -2352.25   |       -2371.13   |        18.8825   |   129:19:58   |   14:33:07   |
10284       |       -2355.36   |       -2369.83   |        14.4758   |   129:23:15   |   14:32:38   |
10285       |       -2351.98   |       -2367.72   |        15.7393   |   129:26:35   |   14:32:10   |
10286       |       -2353.94   |        -2370.2   |        16.2597   |   129:30:01   |   14:31:43   |
10287       |       -2353.94   |        -2370.2   |        16.2597   |   129:33:40   |   14:31:17   |
10288       |        -2354.1   |       -2369.16   |        15.0516   |   129:37:18   |   14:30:51   |
10289       |       -2350.83   |       -2368.57   |        17.7477   |   129:40:38   |   14:30:23   |
10290       |       -2352.49   |       -2369.86   |        17.3721   |   129:43:45   |   14:29:54   |
10291       |        -2348.3   |       -2368.51   |        20.2155   |   129:56:06   |   14:30:26   |
10292       |       -2346.41   |       -2366.33   |        19.9162   |   129:59:18   |   14:29:57   |
10293       |       -2349.41   |       -2367.24   |        17.8296   |   130:02:49   |   14:29:30   |
10294       |       -2345.81   |        -2365.4   |        19.5921   |   130:05:58   |   14:29:00   |
10295       |       -2348.55   |       -2365.86   |        17.3056   |   130:08:53   |   14:28:29   |
10296       |       -2348.19   |       -2367.94   |          19.75   |   130:12:17   |   14:28:01   |
10297       |       -2350.47   |       -2367.04   |        16.5619   |   130:15:34   |   14:27:33   |
10298       |       -2351.52   |       -2366.91   |        15.3881   |   130:18:48   |   14:27:04   |
10299       |       -2351.69   |        -2367.6   |        15.9077   |   130:22:03   |   14:26:35   |


Iter        |      Posterior   |     Likelihood   |          Prior   |    elapsed   |        ETA   |
----------------------------------------------------------------------------------------------------
10300       |       -2353.63   |       -2372.09   |        18.4607   |   130:25:13   |   14:26:05   |
10301       |       -2352.55   |       -2369.55   |        16.9984   |   130:38:18   |   14:26:41   |
10302       |       -2351.12   |        -2366.9   |        15.7819   |   130:41:33   |   14:26:12   |
10303       |       -2351.96   |       -2369.49   |        17.5226   |   130:44:42   |   14:25:42   |
10304       |       -2353.64   |       -2367.92   |        14.2833   |   130:47:55   |   14:25:13   |
10305       |       -2352.26   |       -2367.71   |        15.4445   |   130:51:10   |   14:24:43   |
10306       |       -2345.57   |       -2365.68   |        20.1073   |   130:54:03   |   14:24:12   |
10307       |       -2346.88   |       -2367.09   |        20.2122   |   130:56:59   |   14:23:40   |
10308       |       -2346.77   |       -2366.09   |        19.3213   |   131:00:16   |   14:23:11   |
10309       |       -2349.85   |       -2366.71   |        16.8601   |   131:03:36   |   14:22:42   |
10310       |       -2349.95   |       -2366.68   |        16.7374   |   131:06:50   |   14:22:13   |
10311       |       -2349.23   |       -2366.81   |        17.5795   |   131:19:30   |   14:22:45   |
10312       |       -2349.94   |       -2364.72   |        14.7822   |   131:22:34   |   14:22:15   |
10313       |       -2349.24   |       -2366.57   |        17.3293   |   131:25:31   |   14:21:43   |
10314       |       -2348.57   |        -2365.9   |        17.3352   |   131:28:40   |   14:21:13   |
10315       |       -2348.57   |        -2365.9   |        17.3352   |   131:32:12   |   14:20:45   |
10316       |       -2349.87   |       -2366.72   |        16.8565   |   131:35:14   |   14:20:14   |
10317       |       -2346.98   |       -2364.25   |         17.267   |   131:38:33   |   14:19:45   |
10318       |       -2348.23   |       -2363.06   |        14.8306   |   131:41:32   |   14:19:13   |
10319       |       -2355.51   |       -2366.33   |          10.82   |   131:44:47   |   14:18:43   |


Iter        |      Posterior   |     Likelihood   |          Prior   |    elapsed   |        ETA   |
----------------------------------------------------------------------------------------------------
10320       |       -2356.47   |       -2364.92   |         8.4465   |   131:48:09   |   14:18:14   |
10321       |       -2350.71   |       -2363.66   |        12.9526   |   132:02:34   |   14:18:57   |
10322       |       -2350.27   |       -2365.77   |         15.495   |   132:05:38   |   14:18:26   |
10323       |       -2353.72   |       -2370.85   |        17.1314   |   132:09:02   |   14:17:57   |
10324       |       -2348.93   |       -2365.86   |        16.9348   |   132:12:12   |   14:17:27   |
10325       |       -2350.52   |       -2366.36   |        15.8341   |   132:15:32   |   14:16:57   |
10326       |       -2349.36   |       -2365.82   |        16.4528   |   132:18:48   |   14:16:27   |
10327       |       -2346.75   |        -2363.6   |        16.8526   |   132:21:50   |   14:15:56   |
10328       |       -2347.04   |       -2365.79   |        18.7439   |   132:25:13   |   14:15:26   |
10329       |       -2346.92   |       -2365.64   |        18.7232   |   132:28:25   |   14:14:56   |
10330       |       -2349.59   |       -2370.16   |        20.5755   |   132:31:50   |   14:14:27   |
10331       |       -2345.58   |       -2368.71   |         23.131   |   132:44:27   |   14:14:57   |
10332       |       -2348.04   |       -2371.26   |        23.2178   |   132:47:38   |   14:14:26   |
10333       |       -2348.06   |       -2370.66   |        22.6013   |   132:50:27   |   14:13:53   |
10334       |        -2349.4   |       -2371.73   |        22.3323   |   132:53:19   |   14:13:20   |
10335       |       -2353.92   |       -2376.13   |        22.2111   |   132:56:38   |   14:12:50   |
10336       |       -2358.08   |       -2376.56   |        18.4877   |   132:59:54   |   14:12:20   |
10337       |       -2350.22   |       -2370.31   |        20.0869   |   133:03:09   |   14:11:50   |
10338       |       -2352.36   |       -2370.25   |        17.8889   |   133:05:54   |   14:11:16   |
10339       |       -2353.29   |       -2370.87   |        17.5767   |   133:09:26   |   14:10:47   |


Iter        |      Posterior   |     Likelihood   |          Prior   |    elapsed   |        ETA   |
----------------------------------------------------------------------------------------------------
10340       |       -2355.52   |       -2373.17   |         17.651   |   133:12:36   |   14:10:16   |
10341       |       -2352.48   |       -2370.91   |        18.4276   |   133:25:26   |   14:10:47   |
10342       |       -2354.46   |       -2375.21   |        20.7494   |   133:28:32   |   14:10:15   |
10343       |       -2353.32   |       -2373.77   |        20.4534   |   133:31:58   |   14:09:45   |
10344       |       -2350.51   |       -2370.75   |        20.2422   |   133:34:49   |   14:09:12   |
10345       |       -2350.97   |       -2372.51   |        21.5342   |   133:37:50   |   14:08:40   |
10346       |       -2350.97   |       -2372.51   |        21.5342   |   133:41:17   |   14:08:10   |
10347       |       -2350.82   |       -2372.34   |         21.512   |   133:44:44   |   14:07:41   |
10348       |       -2350.82   |       -2372.34   |         21.512   |   133:48:06   |   14:07:11   |
10349       |       -2350.82   |       -2372.34   |         21.512   |   133:51:28   |   14:06:41   |
10350       |       -2350.97   |       -2372.54   |        21.5701   |   133:54:39   |   14:06:09   |
10351       |       -2349.16   |       -2370.49   |        21.3307   |   134:07:12   |   14:06:37   |
10352       |       -2348.33   |       -2369.69   |         21.365   |   134:10:19   |   14:06:05   |
10353       |        -2347.7   |        -2368.5   |        20.8027   |   134:13:09   |   14:05:31   |
10354       |       -2347.29   |       -2366.83   |        19.5444   |   134:16:01   |   14:04:58   |
10355       |       -2349.68   |       -2366.99   |        17.3155   |   134:19:12   |   14:04:26   |
10356       |       -2349.27   |       -2367.19   |        17.9195   |   134:21:56   |   14:03:52   |
10357       |       -2349.82   |       -2367.57   |        17.7493   |   134:25:24   |   14:03:22   |
10358       |       -2348.45   |       -2366.67   |        18.2172   |   134:28:57   |   14:02:53   |
10359       |        -2349.3   |       -2368.64   |         19.337   |   134:32:07   |   14:02:21   |


Iter        |      Posterior   |     Likelihood   |          Prior   |    elapsed   |        ETA   |
----------------------------------------------------------------------------------------------------
10360       |       -2350.38   |       -2368.78   |        18.4059   |   134:35:22   |   14:01:50   |
10361       |       -2350.73   |       -2370.36   |        19.6319   |   134:48:03   |   14:02:17   |
10362       |       -2351.97   |       -2373.38   |        21.4102   |   134:51:12   |   14:01:45   |
10363       |       -2352.04   |       -2373.15   |        21.1071   |   134:54:04   |   14:01:11   |
10364       |       -2355.28   |          -2377   |        21.7225   |   134:56:59   |   14:00:38   |
10365       |       -2355.64   |       -2374.85   |        19.2118   |   134:59:46   |   14:00:03   |
10366       |        -2349.6   |       -2372.19   |         22.592   |   135:02:34   |   13:59:29   |
10367       |       -2349.47   |       -2371.98   |        22.5079   |   135:05:28   |   13:58:55   |
10368       |       -2350.62   |       -2375.84   |         25.224   |   135:08:14   |   13:58:21   |
10369       |       -2351.63   |       -2372.95   |        21.3221   |   135:11:02   |   13:57:46   |
10370       |       -2351.18   |       -2371.99   |        20.8153   |   135:14:03   |   13:57:13   |
10371       |       -2351.76   |       -2372.24   |        20.4751   |   135:26:25   |   13:57:38   |
10372       |       -2356.05   |        -2373.4   |        17.3509   |   135:29:29   |   13:57:05   |
10373       |       -2354.62   |       -2371.18   |        16.5601   |   135:32:16   |   13:56:30   |
10374       |       -2353.53   |       -2369.57   |        16.0405   |   135:35:41   |   13:55:59   |
10375       |       -2355.75   |       -2369.85   |        14.1075   |   135:38:48   |   13:55:27   |
10376       |       -2355.57   |       -2368.76   |        13.1947   |   135:41:40   |   13:54:52   |
10377       |       -2356.12   |       -2370.91   |        14.7847   |   135:44:52   |   13:54:20   |
10378       |       -2355.32   |       -2369.22   |        13.9017   |   135:48:02   |   13:53:48   |
10379       |       -2354.65   |       -2366.59   |         11.934   |   135:51:06   |   13:53:15   |


Iter        |      Posterior   |     Likelihood   |          Prior   |    elapsed   |        ETA   |
----------------------------------------------------------------------------------------------------
10380       |       -2354.75   |       -2368.02   |        13.2699   |   135:54:08   |   13:52:41   |
10381       |       -2354.71   |       -2367.31   |        12.6019   |   136:06:38   |   13:53:06   |
10382       |       -2351.28   |       -2365.98   |        14.7031   |   136:09:45   |   13:52:33   |
10383       |        -2351.2   |       -2364.37   |        13.1655   |   136:12:44   |   13:51:59   |
10384       |        -2350.9   |       -2363.43   |        12.5307   |   136:15:49   |   13:51:26   |
10385       |        -2346.5   |       -2362.01   |         15.507   |   136:18:39   |   13:50:51   |
10386       |       -2347.72   |       -2363.34   |         15.625   |   136:21:50   |   13:50:18   |
10387       |       -2347.44   |       -2366.02   |        18.5825   |   136:25:00   |   13:49:46   |
10388       |       -2348.19   |       -2367.15   |        18.9612   |   136:28:04   |   13:49:12   |
10389       |       -2348.19   |       -2367.15   |        18.9612   |   136:31:17   |   13:48:40   |
10390       |       -2350.24   |        -2368.6   |        18.3649   |   136:34:17   |   13:48:06   |
10391       |       -2352.86   |       -2372.54   |        19.6733   |   136:46:40   |   13:48:29   |
10392       |       -2351.28   |       -2370.12   |        18.8363   |   136:49:40   |   13:47:55   |
10393       |       -2349.61   |       -2369.43   |        19.8255   |   136:52:44   |   13:47:21   |
10394       |       -2349.81   |       -2371.26   |         21.445   |   136:55:27   |   13:46:45   |
10395       |       -2349.62   |       -2370.63   |        21.0079   |   136:58:09   |   13:46:09   |
10396       |       -2350.76   |       -2371.64   |        20.8747   |   137:01:18   |   13:45:36   |
10397       |       -2350.76   |       -2371.64   |        20.8747   |   137:04:27   |   13:45:03   |
10398       |        -2348.5   |       -2370.38   |        21.8818   |   137:07:10   |   13:44:27   |
10399       |       -2348.51   |       -2370.17   |        21.6568   |   137:09:48   |   13:43:51   |


Iter        |      Posterior   |     Likelihood   |          Prior   |    elapsed   |        ETA   |
----------------------------------------------------------------------------------------------------
10400       |       -2348.51   |       -2369.77   |        21.2619   |   137:12:28   |   13:43:14   |
10401       |       -2353.93   |       -2373.04   |        19.1105   |   137:24:31   |   13:43:34   |
10402       |       -2357.15   |       -2375.46   |        18.3132   |   137:27:17   |   13:42:59   |
10403       |       -2351.01   |       -2368.74   |        17.7291   |   137:30:34   |   13:42:26   |
10404       |          -2353   |       -2369.83   |        16.8294   |   137:33:37   |   13:41:52   |
10405       |        -2352.6   |       -2371.44   |        18.8472   |   137:36:48   |   13:41:18   |
10406       |        -2351.5   |       -2371.79   |        20.2909   |   137:40:01   |   13:40:45   |
10407       |        -2350.6   |       -2372.64   |        22.0408   |   137:42:54   |   13:40:10   |
10408       |       -2353.88   |       -2376.59   |        22.7152   |   137:46:01   |   13:39:36   |
10409       |       -2352.21   |       -2374.43   |        22.2132   |   137:49:05   |   13:39:02   |
10410       |        -2350.3   |       -2372.66   |        22.3582   |   137:51:40   |   13:38:25   |
10411       |       -2349.93   |       -2372.37   |        22.4383   |   138:04:08   |   13:38:47   |
10412       |       -2349.56   |       -2372.41   |        22.8469   |   138:07:02   |   13:38:11   |
10413       |       -2350.12   |       -2372.76   |        22.6356   |   138:10:14   |   13:37:38   |
10414       |       -2347.79   |       -2371.23   |        23.4355   |   138:13:07   |   13:37:02   |
10415       |       -2346.73   |       -2370.25   |        23.5218   |   138:15:46   |   13:36:26   |
10416       |       -2347.36   |       -2371.14   |        23.7785   |   138:18:38   |   13:35:50   |
10417       |       -2344.98   |       -2366.83   |        21.8489   |   138:21:25   |   13:35:14   |
10418       |       -2344.91   |       -2366.08   |        21.1676   |   138:24:24   |   13:34:39   |
10419       |          -2345   |        -2366.2   |        21.1998   |   138:27:48   |   13:34:06   |


Iter        |      Posterior   |     Likelihood   |          Prior   |    elapsed   |        ETA   |
----------------------------------------------------------------------------------------------------
10420       |       -2344.78   |       -2367.19   |        22.4068   |   138:30:59   |   13:33:33   |
10421       |       -2345.82   |       -2366.25   |        20.4353   |   138:43:28   |   13:33:53   |
10422       |       -2345.36   |       -2366.59   |        21.2345   |   138:46:25   |   13:33:18   |
10423       |       -2347.48   |       -2368.38   |        20.8962   |   138:49:24   |   13:32:43   |
10424       |       -2349.53   |       -2371.81   |        22.2795   |   138:52:33   |   13:32:09   |
10425       |       -2346.35   |       -2369.18   |        22.8353   |   138:55:16   |   13:31:32   |
10426       |       -2346.35   |       -2369.18   |        22.8353   |   138:58:28   |   13:30:58   |
10427       |       -2346.35   |       -2369.18   |        22.8353   |   139:01:44   |   13:30:24   |
10428       |       -2346.35   |       -2369.18   |        22.8353   |   139:04:49   |   13:29:50   |
10429       |       -2345.68   |       -2368.53   |        22.8509   |   139:07:54   |   13:29:15   |
10430       |       -2345.68   |       -2368.53   |        22.8509   |   139:10:59   |   13:28:40   |
10431       |       -2345.52   |       -2369.24   |        23.7233   |   139:23:10   |   13:28:58   |
10432       |       -2346.43   |       -2368.64   |        22.2038   |   139:26:04   |   13:28:22   |
10433       |       -2346.42   |       -2369.25   |        22.8307   |   139:29:02   |   13:27:47   |
10434       |       -2346.07   |       -2369.33   |        23.2666   |   139:32:04   |   13:27:11   |
10435       |       -2346.07   |       -2369.33   |        23.2666   |   139:35:12   |   13:26:37   |
10436       |       -2347.86   |       -2371.32   |         23.459   |   139:38:07   |   13:26:01   |
10437       |       -2347.86   |       -2371.32   |         23.459   |   139:40:56   |   13:25:24   |
10438       |       -2347.73   |        -2371.1   |        23.3699   |   139:43:44   |   13:24:47   |
10439       |       -2348.45   |       -2374.07   |        25.6182   |   139:46:28   |   13:24:10   |


Iter        |      Posterior   |     Likelihood   |          Prior   |    elapsed   |        ETA   |
----------------------------------------------------------------------------------------------------
10440       |       -2347.27   |       -2373.37   |        26.1002   |   139:49:13   |   13:23:33   |
10441       |       -2347.24   |       -2371.82   |        24.5805   |   140:00:51   |   13:23:47   |
10442       |       -2347.15   |       -2372.59   |        25.4369   |   140:03:24   |   13:23:09   |
10443       |        -2347.3   |       -2372.73   |        25.4247   |   140:05:39   |   13:22:29   |
10444       |       -2345.82   |       -2371.31   |        25.4964   |   140:08:10   |   13:21:51   |
10445       |       -2346.42   |       -2372.27   |        25.8534   |   140:11:02   |   13:21:14   |
10446       |       -2345.73   |       -2369.39   |        23.6604   |   140:13:42   |   13:20:36   |
10447       |        -2345.2   |       -2369.09   |        23.8927   |   140:16:07   |   13:19:57   |
10448       |       -2345.19   |       -2368.05   |        22.8599   |   140:18:34   |   13:19:18   |
10449       |       -2344.58   |       -2367.37   |         22.793   |   140:21:14   |   13:18:41   |
10450       |       -2347.48   |       -2365.07   |        17.5843   |   140:24:07   |   13:18:04   |
10451       |       -2347.29   |       -2365.38   |        18.0916   |   140:36:15   |   13:18:20   |
10452       |       -2351.51   |       -2367.91   |        16.4013   |   140:39:14   |   13:17:44   |
10453       |       -2348.03   |        -2365.8   |        17.7647   |   140:42:14   |   13:17:08   |
10454       |       -2348.05   |       -2363.32   |        15.2675   |   140:45:15   |   13:16:32   |
10455       |       -2348.44   |       -2363.17   |         14.727   |   140:48:42   |   13:15:58   |
10456       |        -2349.4   |       -2364.18   |        14.7771   |   140:52:10   |   13:15:25   |
10457       |       -2350.04   |        -2366.8   |        16.7675   |   140:55:17   |   13:14:49   |
10458       |       -2351.69   |       -2368.45   |         16.762   |   140:58:31   |   13:14:14   |
10459       |       -2350.94   |       -2365.96   |        15.0227   |   141:01:42   |   13:13:39   |


Iter        |      Posterior   |     Likelihood   |          Prior   |    elapsed   |        ETA   |
----------------------------------------------------------------------------------------------------
10460       |       -2351.13   |       -2366.82   |        15.6918   |   141:04:50   |   13:13:04   |
10461       |          -2346   |       -2364.27   |        18.2695   |   141:17:49   |   13:13:24   |
10462       |       -2345.24   |       -2363.17   |        17.9242   |   141:20:55   |   13:12:48   |
10463       |       -2346.23   |       -2362.11   |        15.8798   |   141:23:57   |   13:12:12   |
10464       |       -2346.15   |       -2365.12   |        18.9706   |   141:27:21   |   13:11:38   |
10465       |       -2347.08   |       -2362.68   |        15.5976   |   141:30:25   |   13:11:01   |
10466       |       -2345.56   |       -2361.98   |        16.4251   |   141:33:42   |   13:10:27   |
10467       |       -2345.31   |       -2363.09   |        17.7802   |   141:36:29   |   13:09:49   |
10468       |       -2351.46   |       -2365.81   |        14.3425   |   141:39:51   |   13:09:14   |
10469       |       -2348.45   |       -2365.81   |        17.3579   |   141:43:02   |   13:08:39   |
10470       |       -2346.09   |       -2366.26   |          20.17   |   141:45:56   |   13:08:02   |
10471       |       -2344.26   |       -2363.64   |        19.3782   |   141:58:49   |   13:08:20   |
10472       |       -2345.39   |          -2365   |        19.6083   |   142:01:44   |   13:07:43   |
10473       |       -2347.81   |       -2364.96   |        17.1476   |   142:04:54   |   13:07:07   |
10474       |       -2347.57   |       -2365.01   |        17.4435   |   142:07:49   |   13:06:30   |
10475       |        -2346.9   |       -2366.25   |         19.353   |   142:11:01   |   13:05:54   |
10476       |       -2348.36   |       -2367.25   |        18.8913   |   142:14:24   |   13:05:20   |
10477       |       -2347.65   |       -2366.78   |        19.1302   |   142:17:49   |   13:04:45   |
10478       |       -2346.25   |       -2366.53   |        20.2844   |   142:20:43   |   13:04:08   |
10479       |       -2345.42   |        -2366.8   |          21.38   |   142:23:55   |   13:03:32   |


Iter        |      Posterior   |     Likelihood   |          Prior   |    elapsed   |        ETA   |
----------------------------------------------------------------------------------------------------
10480       |       -2343.63   |       -2364.66   |        21.0315   |   142:27:07   |   13:02:56   |
10481       |       -2344.17   |       -2364.99   |        20.8203   |   142:40:03   |   13:03:14   |
10482       |       -2345.59   |       -2365.58   |          19.99   |   142:43:08   |   13:02:37   |
10483       |          -2347   |       -2367.18   |        20.1773   |   142:46:10   |   13:02:00   |
10484       |       -2346.49   |       -2367.16   |        20.6745   |   142:49:26   |   13:01:25   |
10485       |       -2347.37   |       -2368.12   |        20.7568   |   142:52:22   |   13:00:47   |
10486       |       -2348.26   |       -2368.87   |        20.6112   |   142:55:32   |   13:00:11   |
10487       |       -2344.48   |       -2364.07   |        19.5805   |   142:58:31   |   12:59:34   |
10488       |       -2344.27   |       -2364.99   |        20.7182   |   143:01:34   |   12:58:57   |
10489       |       -2345.23   |       -2366.07   |        20.8434   |   143:04:45   |   12:58:20   |
10490       |       -2344.44   |       -2363.74   |        19.2958   |   143:07:52   |   12:57:44   |
10491       |        -2345.4   |       -2364.34   |        18.9436   |   143:20:33   |   12:57:59   |
10492       |       -2344.91   |       -2364.11   |        19.1962   |   143:23:35   |   12:57:22   |
10493       |       -2344.83   |       -2364.85   |        20.0222   |   143:26:39   |   12:56:45   |
10494       |       -2345.77   |       -2365.71   |          19.94   |   143:29:27   |   12:56:06   |
10495       |       -2346.26   |       -2368.07   |        21.8066   |   143:32:27   |   12:55:29   |
10496       |       -2348.97   |       -2368.91   |        19.9365   |   143:35:13   |   12:54:50   |
10497       |       -2347.69   |       -2369.21   |        21.5186   |   143:38:31   |   12:54:14   |
10498       |       -2351.51   |       -2371.29   |        19.7853   |   143:41:39   |   12:53:37   |
10499       |       -2353.25   |        -2371.8   |        18.5478   |   143:44:51   |   12:53:01   |


Iter        |      Posterior   |     Likelihood   |          Prior   |    elapsed   |        ETA   |
----------------------------------------------------------------------------------------------------
10500       |       -2356.18   |        -2372.8   |        16.6149   |   143:48:18   |   12:52:26   |
10501       |        -2355.6   |       -2372.29   |        16.6993   |   144:02:02   |   12:52:46   |
10502       |       -2353.55   |       -2370.25   |        16.6989   |   144:05:32   |   12:52:11   |
10503       |       -2353.55   |       -2370.25   |        16.6989   |   144:09:06   |   12:51:36   |
10504       |       -2351.56   |       -2369.91   |        18.3588   |   144:12:12   |   12:50:59   |
10505       |       -2356.41   |       -2371.96   |        15.5472   |   144:15:22   |   12:50:22   |
10506       |       -2357.25   |       -2372.82   |        15.5701   |   144:18:37   |   12:49:45   |
10507       |        -2354.8   |       -2375.04   |        20.2348   |   144:21:59   |   12:49:09   |
10508       |       -2350.95   |       -2371.89   |        20.9353   |   144:25:00   |   12:48:32   |
10509       |       -2355.14   |       -2373.56   |        18.4189   |   144:28:12   |   12:47:55   |
10510       |       -2357.66   |       -2378.56   |        20.9025   |   144:31:14   |   12:47:17   |
10511       |       -2357.72   |       -2377.88   |        20.1618   |   144:43:37   |   12:47:29   |
10512       |       -2352.75   |       -2372.68   |        19.9306   |   144:46:55   |   12:46:52   |
10513       |       -2353.12   |        -2372.9   |        19.7832   |   144:50:17   |   12:46:16   |
10514       |       -2353.63   |       -2372.18   |        18.5507   |   144:53:36   |   12:45:40   |
10515       |       -2350.75   |       -2370.97   |        20.2214   |   144:56:27   |   12:45:01   |
10516       |       -2351.68   |       -2372.25   |        20.5745   |   144:59:36   |   12:44:24   |
10517       |       -2350.74   |       -2372.05   |        21.3175   |   145:02:49   |   12:43:46   |
10518       |       -2350.68   |       -2371.93   |        21.2561   |   145:05:55   |   12:43:09   |
10519       |       -2353.13   |       -2374.96   |        21.8379   |   145:09:17   |   12:42:32   |


Iter        |      Posterior   |     Likelihood   |          Prior   |    elapsed   |        ETA   |
----------------------------------------------------------------------------------------------------
10520       |       -2353.13   |       -2374.96   |        21.8379   |   145:12:51   |   12:41:57   |
10521       |       -2353.16   |       -2375.51   |         22.349   |   145:25:42   |   12:42:10   |
10522       |       -2351.83   |       -2373.99   |        22.1563   |   145:28:54   |   12:41:33   |
10523       |       -2353.14   |       -2372.13   |        18.9982   |   145:31:51   |   12:40:54   |
10524       |       -2352.55   |       -2371.77   |        19.2181   |   145:34:46   |   12:40:15   |
10525       |       -2350.91   |       -2370.88   |        19.9633   |   145:37:58   |   12:39:38   |
10526       |       -2352.56   |       -2373.07   |        20.5077   |   145:40:52   |   12:38:59   |
10527       |       -2355.27   |       -2371.91   |         16.648   |   145:43:53   |   12:38:21   |
10528       |       -2356.25   |       -2370.65   |        14.4087   |   145:47:11   |   12:37:44   |
10529       |       -2354.46   |       -2371.58   |        17.1136   |   145:50:28   |   12:37:06   |
10530       |       -2353.03   |       -2373.81   |        20.7813   |   145:53:28   |   12:36:28   |
10531       |       -2353.32   |       -2371.54   |         18.228   |   146:06:22   |   12:36:40   |
10532       |       -2354.42   |       -2371.64   |        17.2247   |   146:09:30   |   12:36:02   |
10533       |       -2353.67   |       -2370.34   |        16.6719   |   146:12:35   |   12:35:24   |
10534       |       -2353.42   |       -2372.27   |        18.8508   |   146:15:37   |   12:34:45   |
10535       |       -2353.84   |       -2372.64   |        18.7954   |   146:18:54   |   12:34:08   |
10536       |       -2351.73   |       -2368.53   |        16.7994   |   146:22:14   |   12:33:31   |
10537       |       -2353.85   |       -2368.52   |        14.6705   |   146:25:28   |   12:32:53   |
10538       |       -2353.99   |       -2370.52   |        16.5352   |   146:28:36   |   12:32:15   |
10539       |       -2354.39   |       -2370.78   |        16.3832   |   146:32:01   |   12:31:38   |


Iter        |      Posterior   |     Likelihood   |          Prior   |    elapsed   |        ETA   |
----------------------------------------------------------------------------------------------------
10540       |       -2354.39   |       -2370.78   |        16.3832   |   146:35:26   |   12:31:01   |
10541       |       -2354.39   |       -2370.78   |        16.3832   |   146:48:36   |   12:31:15   |
10542       |       -2352.08   |        -2368.2   |        16.1245   |   146:51:52   |   12:30:37   |
10543       |       -2351.31   |       -2370.09   |        18.7722   |   146:54:53   |   12:29:58   |
10544       |       -2353.96   |       -2369.01   |          15.05   |   146:57:59   |   12:29:19   |
10545       |          -2358   |       -2373.32   |        15.3221   |   147:01:00   |   12:28:40   |
10546       |       -2357.37   |       -2373.55   |        16.1746   |   147:03:58   |   12:28:01   |
10547       |       -2356.43   |        -2373.1   |        16.6701   |   147:06:39   |   12:27:20   |
10548       |       -2355.32   |       -2373.14   |        17.8214   |   147:09:34   |   12:26:40   |
10549       |       -2353.24   |       -2373.56   |        20.3121   |   147:12:16   |   12:25:59   |
10550       |       -2353.86   |       -2373.87   |        20.0158   |   147:14:58   |   12:25:19   |
10551       |       -2354.83   |       -2375.87   |        21.0455   |   147:27:04   |   12:25:25   |
10552       |       -2354.18   |       -2375.89   |        21.7143   |   147:29:58   |   12:24:45   |
10553       |       -2351.39   |       -2371.37   |        19.9746   |   147:33:00   |   12:24:06   |
10554       |       -2353.72   |       -2373.32   |        19.6039   |   147:36:03   |   12:23:27   |
10555       |       -2353.72   |       -2373.32   |        19.6039   |   147:39:16   |   12:22:49   |
10556       |       -2353.72   |       -2373.32   |        19.6039   |   147:42:33   |   12:22:11   |
10557       |       -2350.27   |       -2369.64   |         19.374   |   147:45:18   |   12:21:30   |
10558       |        -2354.7   |       -2380.01   |        25.3109   |   147:48:15   |   12:20:50   |
10559       |       -2353.56   |       -2378.84   |        25.2827   |   147:51:03   |   12:20:09   |


Iter        |      Posterior   |     Likelihood   |          Prior   |    elapsed   |        ETA   |
----------------------------------------------------------------------------------------------------
10560       |       -2354.27   |       -2378.25   |        23.9849   |   147:53:47   |   12:19:28   |
10561       |       -2360.63   |       -2385.71   |        25.0851   |   148:05:53   |   12:19:34   |
10562       |       -2358.32   |       -2383.76   |        25.4418   |   148:08:51   |   12:18:54   |
10563       |       -2353.35   |       -2379.05   |        25.7007   |   148:11:43   |   12:18:14   |
10564       |       -2351.11   |       -2376.94   |        25.8377   |   148:14:25   |   12:17:33   |
10565       |       -2350.15   |       -2373.53   |        23.3796   |   148:17:27   |   12:16:53   |
10566       |       -2350.38   |       -2375.91   |        25.5307   |   148:20:42   |   12:16:14   |
10567       |       -2349.82   |       -2375.08   |        25.2596   |   148:23:28   |   12:15:33   |
10568       |       -2349.82   |       -2375.08   |        25.2596   |   148:26:52   |   12:14:56   |
10569       |       -2352.98   |       -2377.35   |        24.3701   |   148:29:45   |   12:14:15   |
10570       |       -2354.43   |       -2377.01   |        22.5858   |   148:32:48   |   12:13:35   |
10571       |       -2350.87   |        -2373.1   |        22.2308   |   148:45:27   |   12:13:43   |
10572       |       -2350.87   |        -2373.1   |        22.2308   |   148:48:55   |   12:13:05   |
10573       |        -2350.2   |       -2374.49   |        24.2852   |   148:52:03   |   12:12:26   |
10574       |       -2357.52   |       -2381.19   |        23.6744   |   148:55:09   |   12:11:46   |
10575       |       -2350.33   |       -2373.78   |        23.4523   |   148:58:21   |   12:11:07   |
10576       |       -2348.41   |       -2371.97   |        23.5547   |   149:01:17   |   12:10:27   |
10577       |       -2349.42   |       -2372.93   |         23.512   |   149:04:32   |   12:09:48   |
10578       |       -2351.49   |       -2374.44   |        22.9498   |   149:07:44   |   12:09:08   |
10579       |        -2352.9   |       -2375.28   |         22.378   |   149:10:43   |   12:08:28   |


Iter        |      Posterior   |     Likelihood   |          Prior   |    elapsed   |        ETA   |
----------------------------------------------------------------------------------------------------
10580       |       -2352.84   |       -2373.58   |         20.742   |   149:13:43   |   12:07:48   |
10581       |       -2354.05   |       -2374.27   |        20.2195   |   149:26:37   |   12:07:56   |
10582       |       -2353.23   |       -2371.41   |        18.1762   |   149:29:39   |   12:07:16   |
10583       |       -2349.14   |       -2369.16   |        20.0256   |   149:33:02   |   12:06:37   |
10584       |       -2348.48   |       -2368.81   |         20.326   |   149:36:11   |   12:05:57   |
10585       |       -2349.47   |       -2367.52   |        18.0412   |   149:38:58   |   12:05:16   |
10586       |       -2350.29   |       -2371.55   |        21.2559   |   149:41:56   |   12:04:35   |
10587       |       -2355.44   |       -2372.96   |        17.5191   |   149:45:02   |   12:03:55   |
10588       |       -2353.34   |       -2372.07   |        18.7271   |   149:48:00   |   12:03:15   |
10589       |       -2349.55   |       -2368.97   |        19.4245   |   149:51:11   |   12:02:35   |
10590       |       -2352.21   |       -2373.11   |        20.9088   |   149:54:22   |   12:01:55   |
10591       |       -2351.43   |       -2373.26   |        21.8365   |   150:06:34   |   12:01:59   |
10592       |       -2352.15   |       -2372.47   |        20.3224   |   150:09:47   |   12:01:19   |
10593       |       -2352.02   |       -2373.62   |           21.6   |   150:12:28   |   12:00:37   |
10594       |       -2352.02   |       -2373.62   |           21.6   |   150:15:51   |   11:59:58   |
10595       |       -2352.97   |        -2374.6   |        21.6312   |   150:18:40   |   11:59:16   |
10596       |       -2351.97   |       -2374.43   |        22.4672   |   150:21:49   |   11:58:36   |
10597       |       -2354.73   |        -2376.2   |        21.4765   |   150:24:51   |   11:57:56   |
10598       |       -2352.65   |          -2375   |        22.3469   |   150:27:43   |   11:57:14   |
10599       |       -2352.18   |       -2374.72   |        22.5352   |   150:30:36   |   11:56:33   |


Iter        |      Posterior   |     Likelihood   |          Prior   |    elapsed   |        ETA   |
----------------------------------------------------------------------------------------------------
10600       |       -2352.18   |       -2374.72   |        22.5352   |   150:33:48   |   11:55:53   |
10601       |       -2355.13   |       -2379.11   |        23.9799   |   150:46:08   |   11:55:56   |
10602       |       -2355.13   |       -2379.11   |        23.9799   |   150:49:14   |   11:55:16   |
10603       |       -2355.13   |       -2379.11   |        23.9799   |   150:52:34   |   11:54:36   |
10604       |       -2355.13   |       -2379.11   |        23.9799   |   150:55:50   |   11:53:56   |
10605       |       -2354.59   |       -2378.05   |          23.46   |   150:58:50   |   11:53:15   |
10606       |       -2352.75   |       -2376.03   |        23.2868   |   151:01:42   |   11:52:33   |
10607       |       -2348.72   |        -2370.9   |        22.1782   |   151:04:33   |   11:51:52   |
10608       |       -2347.23   |       -2369.29   |         22.059   |   151:07:34   |   11:51:10   |
10609       |       -2349.11   |       -2369.88   |        20.7751   |   151:10:43   |   11:50:30   |
10610       |       -2348.53   |        -2369.4   |        20.8742   |   151:13:27   |   11:49:47   |
10611       |        -2350.1   |       -2370.41   |        20.3091   |   151:26:14   |   11:49:52   |
10612       |       -2353.55   |       -2372.73   |        19.1766   |   151:29:21   |   11:49:11   |
10613       |       -2353.12   |       -2372.83   |        19.7075   |   151:32:14   |   11:48:29   |
10614       |       -2349.23   |       -2371.43   |        22.1951   |   151:35:10   |   11:47:48   |
10615       |       -2349.37   |       -2371.26   |        21.8873   |   151:37:57   |   11:47:05   |
10616       |       -2351.79   |       -2372.96   |        21.1654   |   151:40:43   |   11:46:23   |
10617       |       -2350.83   |        -2375.3   |        24.4633   |   151:43:35   |   11:45:41   |
10618       |       -2347.54   |       -2372.38   |        24.8427   |   151:46:21   |   11:44:58   |
10619       |       -2347.52   |       -2371.85   |        24.3244   |   151:49:07   |   11:44:15   |


Iter        |      Posterior   |     Likelihood   |          Prior   |    elapsed   |        ETA   |
----------------------------------------------------------------------------------------------------
10620       |       -2350.67   |       -2375.13   |        24.4609   |   151:52:14   |   11:43:34   |
10621       |       -2347.46   |       -2369.54   |        22.0786   |   152:04:37   |   11:43:36   |
10622       |       -2347.48   |        -2372.7   |        25.2253   |   152:07:05   |   11:42:52   |
10623       |       -2348.33   |       -2373.16   |        24.8273   |   152:09:58   |   11:42:10   |
10624       |       -2349.36   |       -2372.98   |        23.6205   |   152:12:51   |   11:41:28   |
10625       |       -2348.57   |       -2373.13   |        24.5584   |   152:16:03   |   11:40:47   |
10626       |       -2349.44   |       -2371.24   |        21.7978   |   152:19:11   |   11:40:06   |
10627       |       -2346.91   |        -2368.9   |        21.9843   |   152:22:35   |   11:39:26   |
10628       |       -2346.62   |       -2367.12   |        20.4996   |   152:25:34   |   11:38:44   |
10629       |        -2347.9   |       -2369.25   |        21.3431   |   152:28:39   |   11:38:02   |
10630       |       -2348.86   |        -2370.1   |        21.2444   |   152:31:31   |   11:37:20   |
10631       |        -2348.9   |       -2370.12   |         21.225   |   152:44:11   |   11:37:22   |
10632       |        -2350.7   |       -2374.36   |        23.6556   |   152:47:35   |   11:36:42   |
10633       |        -2350.7   |       -2374.36   |        23.6556   |   152:51:03   |   11:36:02   |
10634       |       -2349.36   |       -2373.64   |        24.2778   |   152:54:15   |   11:35:21   |
10635       |       -2350.97   |       -2374.34   |        23.3693   |   152:57:19   |   11:34:39   |
10636       |       -2350.47   |       -2373.76   |        23.2854   |   153:00:22   |   11:33:57   |
10637       |       -2350.77   |       -2374.46   |         23.691   |   153:03:25   |   11:33:16   |
10638       |       -2348.69   |       -2370.89   |        22.1946   |   153:06:26   |   11:32:33   |
10639       |       -2348.91   |       -2372.12   |        23.2068   |   153:09:42   |   11:31:53   |


Iter        |      Posterior   |     Likelihood   |          Prior   |    elapsed   |        ETA   |
----------------------------------------------------------------------------------------------------
10640       |       -2353.54   |       -2377.41   |        23.8637   |   153:12:48   |   11:31:11   |
10641       |       -2350.27   |       -2375.18   |        24.9161   |   153:25:15   |   11:31:11   |
10642       |       -2349.09   |       -2374.43   |         25.339   |   153:28:20   |   11:30:29   |
10643       |       -2348.36   |       -2373.44   |        25.0804   |   153:31:06   |   11:29:46   |
10644       |       -2347.39   |       -2373.08   |         25.694   |   153:34:15   |   11:29:04   |
10645       |       -2350.86   |       -2373.01   |        22.1495   |   153:37:18   |   11:28:22   |
10646       |       -2347.74   |       -2370.31   |        22.5758   |   153:39:54   |   11:27:38   |
10647       |       -2348.54   |       -2369.13   |        20.5825   |   153:43:13   |   11:26:57   |
10648       |       -2349.05   |       -2369.12   |        20.0707   |   153:46:26   |   11:26:15   |
10649       |       -2345.81   |       -2367.67   |         21.863   |   153:49:10   |   11:25:32   |
10650       |       -2344.76   |       -2364.92   |        20.1576   |   153:52:03   |   11:24:49   |
10651       |       -2345.51   |       -2371.33   |         25.816   |   154:04:51   |   11:24:50   |
10652       |       -2345.74   |       -2370.91   |        25.1714   |   154:07:43   |   11:24:06   |
10653       |       -2344.18   |       -2366.53   |        22.3472   |   154:10:42   |   11:23:24   |
10654       |       -2346.14   |       -2368.43   |        22.2927   |   154:13:40   |   11:22:41   |
10655       |       -2346.17   |       -2367.77   |        21.6051   |   154:16:29   |   11:21:57   |
10656       |       -2344.15   |       -2366.09   |        21.9407   |   154:19:34   |   11:21:15   |
10657       |       -2346.06   |       -2364.69   |        18.6296   |   154:22:57   |   11:20:34   |
10658       |       -2345.74   |       -2364.37   |        18.6303   |   154:26:11   |   11:19:52   |
10659       |       -2346.32   |       -2364.78   |          18.46   |   154:29:06   |   11:19:09   |


Iter        |      Posterior   |     Likelihood   |          Prior   |    elapsed   |        ETA   |
----------------------------------------------------------------------------------------------------
10660       |        -2346.1   |       -2366.97   |        20.8634   |   154:32:04   |   11:18:26   |
10661       |          -2347   |       -2366.25   |        19.2491   |   154:44:54   |   11:18:26   |
10662       |       -2343.85   |       -2364.28   |        20.4308   |   154:47:41   |   11:17:43   |
10663       |       -2344.98   |        -2364.2   |        19.2205   |   154:50:44   |   11:17:00   |
10664       |       -2343.31   |       -2365.52   |        22.2014   |   154:53:27   |   11:16:16   |
10665       |       -2343.24   |       -2365.39   |        22.1473   |   154:55:57   |   11:15:30   |
10666       |       -2343.81   |       -2365.58   |        21.7666   |   154:58:50   |   11:14:47   |
10667       |       -2345.11   |       -2366.57   |        21.4527   |   155:01:23   |   11:14:02   |
10668       |       -2346.07   |       -2369.17   |        23.0963   |   155:03:53   |   11:13:17   |
10669       |       -2345.41   |       -2370.37   |        24.9614   |   155:06:35   |   11:12:32   |
10670       |       -2348.55   |       -2372.75   |        24.1992   |   155:09:13   |   11:11:47   |
10671       |       -2347.65   |       -2371.63   |        23.9788   |   155:21:15   |   11:11:43   |
10672       |       -2345.19   |       -2367.06   |        21.8678   |   155:23:52   |   11:10:58   |
10673       |        -2344.7   |       -2364.43   |        19.7291   |   155:26:29   |   11:10:14   |
10674       |        -2346.2   |       -2365.99   |        19.7863   |   155:29:28   |   11:09:30   |
10675       |       -2345.96   |       -2365.47   |        19.5126   |   155:32:16   |   11:08:46   |
10676       |       -2345.17   |       -2365.06   |        19.8867   |   155:35:09   |   11:08:02   |
10677       |       -2346.38   |       -2367.46   |        21.0819   |   155:38:07   |   11:07:19   |
10678       |       -2345.98   |       -2365.22   |        19.2415   |   155:40:54   |   11:06:34   |
10679       |       -2344.35   |       -2366.52   |        22.1681   |   155:43:48   |   11:05:51   |


Iter        |      Posterior   |     Likelihood   |          Prior   |    elapsed   |        ETA   |
----------------------------------------------------------------------------------------------------
10680       |       -2347.86   |       -2368.72   |        20.8638   |   155:46:42   |   11:05:07   |
10681       |       -2354.06   |       -2371.85   |        17.7933   |   155:59:02   |   11:05:03   |
10682       |       -2349.03   |       -2366.78   |        17.7431   |   156:01:59   |   11:04:19   |
10683       |       -2348.32   |       -2365.22   |        16.9033   |   156:04:46   |   11:03:35   |
10684       |       -2351.02   |       -2364.12   |        13.0943   |   156:07:43   |   11:02:51   |
10685       |       -2351.02   |       -2366.01   |        14.9925   |   156:10:28   |   11:02:06   |
10686       |       -2350.85   |       -2367.56   |        16.7127   |   156:13:21   |   11:01:22   |
10687       |       -2351.89   |       -2366.52   |        14.6222   |   156:16:03   |   11:00:37   |
10688       |       -2349.65   |       -2368.18   |        18.5287   |   156:18:45   |   10:59:52   |
10689       |       -2349.61   |       -2366.36   |        16.7577   |   156:21:20   |   10:59:07   |
10690       |       -2349.71   |       -2368.61   |        18.8951   |   156:24:06   |   10:58:22   |
10691       |       -2349.25   |       -2368.45   |        19.2044   |   156:37:04   |   10:58:20   |
10692       |       -2349.58   |       -2367.42   |        17.8407   |   156:40:12   |   10:57:37   |
10693       |        -2348.6   |       -2366.55   |         17.957   |   156:43:24   |   10:56:54   |
10694       |       -2349.96   |       -2367.75   |        17.7844   |   156:46:34   |   10:56:11   |
10695       |        -2349.6   |       -2368.18   |        18.5759   |   156:49:32   |   10:55:27   |
10696       |        -2349.6   |       -2368.18   |        18.5759   |   156:53:02   |   10:54:45   |
10697       |        -2351.2   |       -2369.83   |        18.6263   |   156:56:12   |   10:54:02   |
10698       |       -2353.85   |       -2372.11   |        18.2611   |   156:59:06   |   10:53:17   |
10699       |       -2349.49   |       -2370.72   |        21.2259   |   157:02:09   |   10:52:34   |


Iter        |      Posterior   |     Likelihood   |          Prior   |    elapsed   |        ETA   |
----------------------------------------------------------------------------------------------------
10700       |       -2348.69   |       -2368.17   |        19.4803   |   157:05:05   |   10:51:49   |
10701       |       -2348.46   |       -2370.34   |        21.8782   |   157:17:59   |   10:51:46   |
10702       |       -2351.28   |       -2372.04   |        20.7572   |   157:21:06   |   10:51:02   |
10703       |       -2349.33   |       -2370.52   |        21.1885   |   157:23:55   |   10:50:18   |
10704       |       -2348.77   |       -2368.98   |        20.2122   |   157:26:48   |   10:49:33   |
10705       |       -2348.56   |       -2369.86   |        21.3066   |   157:29:54   |   10:48:49   |
10706       |       -2350.04   |       -2371.29   |        21.2497   |   157:33:22   |   10:48:07   |
10707       |       -2350.94   |       -2371.48   |        20.5386   |   157:36:31   |   10:47:23   |
10708       |       -2348.62   |       -2371.28   |        22.6556   |   157:39:19   |   10:46:38   |
10709       |       -2351.32   |       -2371.59   |        20.2704   |   157:42:28   |   10:45:54   |
10710       |       -2348.33   |       -2368.17   |        19.8441   |   157:45:26   |   10:45:10   |
10711       |       -2351.79   |       -2371.66   |        19.8691   |   157:58:36   |   10:45:07   |
10712       |       -2350.91   |       -2373.47   |        22.5622   |   158:01:41   |   10:44:23   |
10713       |       -2350.91   |       -2373.47   |        22.5622   |   158:04:53   |   10:43:39   |
10714       |       -2350.92   |       -2373.08   |        22.1638   |   158:08:13   |   10:42:56   |
10715       |       -2347.49   |       -2368.71   |        21.2223   |   158:11:12   |   10:42:11   |
10716       |       -2350.51   |       -2372.14   |        21.6319   |   158:14:06   |   10:41:26   |
10717       |        -2349.3   |       -2370.46   |         21.164   |   158:17:01   |   10:40:41   |
10718       |        -2346.5   |       -2368.59   |        22.0954   |   158:20:03   |   10:39:57   |
10719       |       -2347.23   |       -2369.44   |        22.2102   |   158:23:12   |   10:39:13   |


Iter        |      Posterior   |     Likelihood   |          Prior   |    elapsed   |        ETA   |
----------------------------------------------------------------------------------------------------
10720       |       -2346.03   |       -2366.72   |        20.6898   |   158:26:08   |   10:38:28   |
10721       |       -2347.09   |       -2363.88   |        16.7987   |   158:39:31   |   10:38:25   |
10722       |       -2349.36   |       -2366.98   |        17.6238   |   158:42:39   |   10:37:41   |
10723       |       -2345.49   |       -2365.03   |        19.5368   |   158:45:47   |   10:36:56   |
10724       |       -2350.27   |       -2370.25   |         19.985   |   158:48:58   |   10:36:12   |
10725       |       -2351.41   |       -2374.04   |         22.635   |   158:52:04   |   10:35:28   |
10726       |       -2347.86   |       -2371.21   |        23.3514   |   158:55:04   |   10:34:43   |
10727       |       -2347.69   |       -2370.39   |        22.7015   |   158:58:01   |   10:33:58   |
10728       |       -2345.26   |       -2369.03   |        23.7745   |   159:00:45   |   10:33:12   |
10729       |       -2345.06   |       -2370.06   |        25.0003   |   159:03:38   |   10:32:26   |
10730       |       -2347.83   |       -2370.78   |        22.9491   |   159:06:29   |   10:31:41   |
10731       |       -2343.71   |       -2366.97   |        23.2548   |   159:18:35   |   10:31:32   |
10732       |       -2345.34   |       -2369.58   |        24.2461   |   159:21:08   |   10:30:45   |
10733       |       -2350.75   |       -2374.36   |        23.6112   |   159:23:52   |   10:29:59   |
10734       |       -2345.69   |       -2369.81   |        24.1174   |   159:26:34   |   10:29:12   |
10735       |       -2344.73   |       -2367.55   |        22.8186   |   159:29:21   |   10:28:26   |
10736       |       -2345.73   |        -2364.4   |        18.6623   |   159:32:06   |   10:27:40   |
10737       |       -2345.87   |       -2366.12   |        20.2546   |   159:35:14   |   10:26:56   |
10738       |       -2347.51   |       -2367.23   |        19.7126   |   159:38:23   |   10:26:11   |
10739       |       -2346.84   |       -2366.66   |        19.8262   |   159:41:20   |   10:25:25   |


Iter        |      Posterior   |     Likelihood   |          Prior   |    elapsed   |        ETA   |
----------------------------------------------------------------------------------------------------
10740       |       -2346.13   |       -2367.52   |        21.3903   |   159:44:37   |   10:24:41   |
10741       |       -2347.52   |       -2367.95   |        20.4261   |   159:57:48   |   10:24:36   |
10742       |       -2345.75   |       -2365.86   |        20.1139   |   160:00:45   |   10:23:50   |
10743       |       -2346.28   |       -2366.04   |        19.7614   |   160:03:55   |   10:23:05   |
10744       |          -2347   |       -2365.97   |        18.9722   |   160:07:24   |   10:22:22   |
10745       |       -2346.74   |        -2364.6   |         17.863   |   160:10:46   |   10:21:38   |
10746       |       -2347.35   |       -2363.33   |        15.9806   |   160:13:46   |   10:20:52   |
10747       |       -2347.63   |       -2366.76   |        19.1263   |   160:17:05   |   10:20:08   |
10748       |       -2347.63   |       -2366.76   |        19.1263   |   160:20:41   |   10:19:25   |
10749       |       -2347.63   |       -2366.76   |        19.1263   |   160:23:59   |   10:18:40   |
10750       |       -2347.63   |       -2366.76   |        19.1263   |   160:27:41   |   10:17:57   |
10751       |       -2349.12   |       -2366.35   |          17.23   |   160:40:56   |   10:17:51   |
10752       |       -2348.57   |       -2366.23   |        17.6604   |   160:44:13   |   10:17:06   |
10753       |       -2346.49   |       -2366.32   |        19.8315   |   160:47:18   |   10:16:21   |
10754       |       -2347.09   |       -2365.87   |         18.782   |   160:50:34   |   10:15:36   |
10755       |        -2349.1   |       -2365.48   |        16.3773   |   160:53:53   |   10:14:52   |
10756       |       -2346.99   |       -2364.86   |        17.8757   |   160:56:52   |   10:14:06   |
10757       |       -2348.58   |       -2364.78   |        16.2037   |   160:59:49   |   10:13:20   |
10758       |       -2350.09   |        -2364.5   |        14.4085   |   161:03:07   |   10:12:35   |
10759       |       -2344.81   |       -2362.19   |        17.3765   |   161:06:26   |   10:11:50   |


Iter        |      Posterior   |     Likelihood   |          Prior   |    elapsed   |        ETA   |
----------------------------------------------------------------------------------------------------
10760       |       -2344.43   |       -2360.62   |        16.1911   |   161:09:43   |   10:11:05   |
10761       |       -2345.42   |       -2362.41   |        16.9882   |   161:22:47   |   10:10:57   |
10762       |       -2342.76   |       -2361.38   |        18.6259   |   161:25:38   |   10:10:11   |
10763       |       -2342.77   |       -2362.24   |        19.4662   |   161:28:23   |   10:09:24   |
10764       |       -2342.61   |       -2364.61   |        22.0006   |   161:31:22   |   10:08:38   |
10765       |       -2345.13   |       -2368.51   |        23.3757   |   161:34:21   |   10:07:52   |
10766       |       -2344.27   |       -2367.09   |        22.8269   |   161:37:11   |   10:07:05   |
10767       |       -2346.94   |       -2368.33   |        21.3842   |   161:40:12   |   10:06:19   |
10768       |       -2348.35   |       -2369.04   |        20.6895   |   161:43:34   |   10:05:34   |
10769       |       -2347.29   |       -2364.84   |        17.5449   |   161:46:30   |   10:04:47   |
10770       |       -2347.38   |       -2367.27   |        19.8961   |   161:49:41   |   10:04:02   |
10771       |       -2347.85   |       -2364.82   |        16.9757   |   162:02:36   |   10:03:52   |
10772       |        -2350.3   |       -2366.63   |         16.331   |   162:05:48   |   10:03:07   |
10773       |       -2351.73   |       -2369.73   |        17.9991   |   162:08:46   |   10:02:20   |
10774       |       -2350.62   |       -2372.67   |        22.0526   |   162:12:05   |   10:01:35   |
10775       |       -2348.21   |       -2369.95   |        21.7331   |   162:15:18   |   10:00:49   |
10776       |       -2350.81   |       -2371.55   |        20.7456   |   162:18:24   |   10:00:03   |
10777       |       -2352.41   |       -2373.36   |        20.9496   |   162:21:23   |   09:59:17   |
10778       |        -2355.1   |       -2374.29   |        19.1901   |   162:24:41   |   09:58:31   |
10779       |       -2350.88   |       -2372.18   |        21.2983   |   162:28:05   |   09:57:46   |


Iter        |      Posterior   |     Likelihood   |          Prior   |    elapsed   |        ETA   |
----------------------------------------------------------------------------------------------------
10780       |       -2349.88   |       -2371.76   |        21.8713   |   162:30:55   |   09:56:59   |
10781       |       -2349.88   |       -2371.76   |        21.8713   |   162:44:01   |   09:56:50   |
10782       |       -2350.52   |       -2370.53   |        20.0112   |   162:47:01   |   09:56:03   |
10783       |       -2350.93   |       -2370.85   |        19.9239   |   162:50:25   |   09:55:18   |
10784       |       -2347.74   |       -2367.75   |        20.0094   |   162:53:15   |   09:54:30   |
10785       |       -2348.34   |       -2368.57   |        20.2249   |   162:56:19   |   09:53:44   |
10786       |       -2351.53   |       -2368.59   |        17.0602   |   162:59:06   |   09:52:56   |
10787       |       -2351.44   |       -2367.09   |        15.6536   |   163:02:10   |   09:52:10   |
10788       |       -2351.39   |       -2367.05   |        15.6539   |   163:05:25   |   09:51:24   |
10789       |       -2350.95   |       -2368.03   |        17.0806   |   163:08:49   |   09:50:38   |
10790       |       -2346.26   |       -2367.86   |        21.5935   |   163:12:00   |   09:49:52   |
10791       |        -2348.8   |       -2368.06   |        19.2603   |   163:24:20   |   09:49:39   |
10792       |       -2350.26   |       -2370.71   |        20.4529   |   163:27:11   |   09:48:52   |
10793       |       -2349.31   |       -2368.82   |        19.5102   |   163:30:07   |   09:48:04   |
10794       |       -2347.02   |       -2368.38   |        21.3601   |   163:33:21   |   09:47:18   |
10795       |       -2347.02   |       -2368.38   |        21.3601   |   163:36:43   |   09:46:32   |
10796       |       -2347.96   |       -2367.73   |        19.7634   |   163:39:37   |   09:45:45   |
10797       |       -2351.44   |       -2370.69   |        19.2585   |   163:42:27   |   09:44:57   |
10798       |       -2350.48   |       -2370.18   |        19.7028   |   163:45:16   |   09:44:09   |
10799       |       -2349.54   |       -2369.67   |         20.132   |   163:48:21   |   09:43:23   |


Iter        |      Posterior   |     Likelihood   |          Prior   |    elapsed   |        ETA   |
----------------------------------------------------------------------------------------------------
10800       |       -2349.54   |       -2369.67   |         20.132   |   163:51:43   |   09:42:37   |
10801       |       -2349.53   |       -2368.11   |        18.5848   |   164:04:38   |   09:42:25   |
10802       |       -2350.43   |       -2367.35   |        16.9248   |   164:07:35   |   09:41:37   |
10803       |       -2353.62   |       -2371.18   |        17.5611   |   164:11:01   |   09:40:51   |
10804       |       -2349.19   |       -2368.42   |        19.2332   |   164:14:03   |   09:40:04   |
10805       |       -2350.69   |       -2369.79   |        19.1047   |   164:17:23   |   09:39:18   |
10806       |       -2354.08   |       -2373.22   |         19.134   |   164:20:25   |   09:38:31   |
10807       |       -2358.48   |       -2377.55   |        19.0704   |   164:23:34   |   09:37:44   |
10808       |       -2356.63   |       -2375.61   |        18.9814   |   164:26:35   |   09:36:57   |
10809       |       -2349.13   |       -2369.21   |        20.0791   |   164:29:36   |   09:36:09   |
10810       |        -2349.9   |       -2370.19   |         20.286   |   164:32:51   |   09:35:23   |
10811       |       -2352.59   |       -2368.49   |        15.8972   |   164:45:43   |   09:35:09   |
10812       |       -2352.78   |       -2370.74   |        17.9568   |   164:49:05   |   09:34:23   |
10813       |       -2348.27   |       -2364.52   |        16.2521   |   164:52:03   |   09:33:35   |
10814       |       -2351.35   |       -2364.55   |        13.1992   |   164:54:52   |   09:32:47   |
10815       |       -2351.53   |       -2366.32   |        14.7923   |   164:57:58   |   09:32:00   |
10816       |       -2351.53   |       -2366.32   |        14.7923   |   165:01:28   |   09:31:14   |
10817       |       -2355.86   |       -2372.82   |         16.953   |   165:04:39   |   09:30:27   |
10818       |       -2351.18   |       -2370.13   |        18.9504   |   165:07:29   |   09:29:38   |
10819       |       -2347.91   |       -2367.65   |        19.7356   |   165:10:52   |   09:28:52   |


Iter        |      Posterior   |     Likelihood   |          Prior   |    elapsed   |        ETA   |
----------------------------------------------------------------------------------------------------
10820       |       -2345.39   |       -2366.69   |        21.2953   |   165:13:46   |   09:28:04   |
10821       |        -2347.5   |       -2369.32   |        21.8208   |   165:26:10   |   09:27:48   |
10822       |       -2350.39   |       -2372.13   |        21.7434   |   165:28:58   |   09:27:00   |
10823       |       -2353.75   |       -2374.12   |        20.3704   |   165:32:02   |   09:26:12   |
10824       |       -2352.73   |       -2375.56   |        22.8262   |   165:34:49   |   09:25:23   |
10825       |       -2349.22   |       -2374.61   |        25.3866   |   165:37:24   |   09:24:34   |
10826       |       -2349.09   |        -2374.4   |        25.3072   |   165:40:09   |   09:23:45   |
10827       |       -2347.13   |       -2372.32   |        25.1868   |   165:42:36   |   09:22:55   |
10828       |       -2347.13   |       -2372.32   |        25.1868   |   165:45:47   |   09:22:08   |
10829       |       -2348.13   |       -2372.54   |        24.4073   |   165:48:14   |   09:21:18   |
10830       |       -2347.49   |       -2371.61   |        24.1172   |   165:50:55   |   09:20:29   |
10831       |       -2348.52   |       -2372.48   |        23.9606   |   166:03:04   |   09:20:11   |
10832       |       -2346.97   |       -2370.67   |        23.7026   |   166:06:00   |   09:19:23   |
10833       |       -2347.77   |       -2371.63   |        23.8601   |   166:09:12   |   09:18:35   |
10834       |       -2344.75   |       -2366.55   |        21.7992   |   166:12:08   |   09:17:47   |
10835       |       -2344.01   |       -2368.02   |        24.0149   |   166:15:06   |   09:16:59   |
10836       |       -2345.17   |       -2365.74   |        20.5677   |   166:18:06   |   09:16:10   |
10837       |       -2346.74   |       -2368.19   |        21.4409   |   166:21:01   |   09:15:22   |
10838       |       -2347.17   |       -2368.78   |        21.6042   |   166:24:03   |   09:14:34   |
10839       |        -2346.3   |       -2368.11   |         21.816   |   166:27:14   |   09:13:46   |


Iter        |      Posterior   |     Likelihood   |          Prior   |    elapsed   |        ETA   |
----------------------------------------------------------------------------------------------------
10840       |       -2345.75   |       -2366.82   |        21.0685   |   166:30:17   |   09:12:58   |
10841       |       -2345.26   |       -2366.03   |          20.77   |   166:42:55   |   09:12:41   |
10842       |       -2346.46   |       -2365.76   |        19.3008   |   166:45:44   |   09:11:52   |
10843       |       -2348.15   |       -2368.53   |        20.3799   |   166:48:37   |   09:11:03   |
10844       |       -2348.35   |       -2367.61   |        19.2544   |   166:51:23   |   09:10:14   |
10845       |       -2348.03   |       -2365.25   |        17.2214   |   166:54:18   |   09:09:25   |
10846       |       -2347.39   |       -2364.81   |        17.4255   |   166:57:12   |   09:08:36   |
10847       |       -2347.27   |       -2364.98   |        17.7156   |   167:00:18   |   09:07:48   |
10848       |       -2348.84   |       -2368.59   |        19.7496   |   167:03:05   |   09:06:58   |
10849       |       -2347.42   |       -2365.82   |        18.3982   |   167:05:52   |   09:06:09   |
10850       |       -2348.84   |       -2364.18   |        15.3451   |   167:08:54   |   09:05:21   |
10851       |       -2350.87   |       -2367.82   |        16.9526   |   167:37:09   |   09:05:54   |
10852       |       -2347.63   |       -2364.15   |        16.5132   |   167:40:10   |   09:05:05   |
10853       |          -2347   |       -2365.76   |        18.7685   |   167:43:21   |   09:04:17   |
10854       |       -2348.07   |       -2367.57   |        19.5039   |   167:46:36   |   09:03:29   |
10855       |       -2351.29   |       -2369.67   |        18.3746   |   167:49:26   |   09:02:39   |
10856       |       -2351.61   |       -2369.96   |        18.3405   |   167:52:48   |   09:01:52   |
10857       |       -2350.44   |       -2369.31   |        18.8707   |   167:55:48   |   09:01:03   |
10858       |       -2349.68   |        -2367.5   |        17.8277   |   167:58:47   |   09:00:13   |
10859       |       -2347.66   |       -2366.58   |        18.9173   |   168:01:50   |   08:59:25   |


Iter        |      Posterior   |     Likelihood   |          Prior   |    elapsed   |        ETA   |
----------------------------------------------------------------------------------------------------
10860       |       -2351.06   |       -2369.36   |           18.3   |   168:05:00   |   08:58:36   |
10861       |       -2350.19   |       -2367.84   |        17.6452   |   168:17:31   |   08:58:17   |
10862       |       -2349.02   |       -2366.61   |        17.5966   |   168:20:26   |   08:57:28   |
10863       |       -2349.01   |       -2366.69   |        17.6761   |   168:23:43   |   08:56:40   |
10864       |       -2349.01   |       -2366.69   |        17.6761   |   168:27:02   |   08:55:51   |
10865       |        -2347.3   |       -2364.54   |        17.2417   |   168:30:14   |   08:55:03   |
10866       |       -2349.49   |       -2367.36   |        17.8698   |   168:33:12   |   08:54:13   |
10867       |       -2347.26   |       -2366.95   |         19.686   |   168:36:00   |   08:53:24   |
10868       |       -2347.92   |       -2367.97   |        20.0482   |   168:38:57   |   08:52:34   |
10869       |       -2348.33   |       -2368.61   |        20.2757   |   168:41:48   |   08:51:44   |
10870       |       -2345.41   |       -2366.55   |        21.1412   |   168:44:38   |   08:50:54   |
10871       |       -2347.65   |       -2368.96   |        21.3119   |   168:57:03   |   08:50:35   |
10872       |       -2348.23   |        -2367.9   |        19.6682   |   169:00:01   |   08:49:45   |
10873       |       -2346.92   |       -2367.78   |        20.8577   |   169:02:58   |   08:48:55   |
10874       |       -2347.86   |       -2370.48   |        22.6202   |   169:06:20   |   08:48:07   |
10875       |       -2347.74   |       -2369.99   |         22.248   |   169:09:33   |   08:47:18   |
10876       |       -2347.74   |       -2369.99   |         22.248   |   169:13:05   |   08:46:30   |
10877       |       -2351.58   |       -2370.87   |        19.2932   |   169:16:24   |   08:45:42   |
10878       |       -2349.45   |       -2370.47   |        21.0119   |   169:19:17   |   08:44:52   |
10879       |       -2349.72   |        -2373.1   |        23.3794   |   169:22:22   |   08:44:02   |


Iter        |      Posterior   |     Likelihood   |          Prior   |    elapsed   |        ETA   |
----------------------------------------------------------------------------------------------------
10880       |       -2347.66   |        -2370.4   |        22.7385   |   169:25:25   |   08:43:13   |
10881       |       -2347.76   |       -2371.15   |        23.3947   |   169:38:25   |   08:42:54   |
10882       |       -2347.81   |       -2371.21   |        23.3947   |   169:41:55   |   08:42:06   |
10883       |       -2349.98   |       -2374.79   |        24.8149   |   169:44:56   |   08:41:16   |
10884       |       -2359.92   |       -2384.33   |        24.4112   |   169:48:20   |   08:40:27   |
10885       |       -2350.83   |       -2374.74   |        23.9122   |   169:51:34   |   08:39:38   |
10886       |       -2347.17   |       -2370.66   |        23.4941   |   169:54:45   |   08:38:49   |
10887       |       -2346.48   |       -2371.23   |        24.7559   |   169:57:53   |   08:37:59   |
10888       |       -2346.48   |       -2371.23   |        24.7559   |   170:01:25   |   08:37:11   |
10889       |       -2344.47   |       -2368.19   |        23.7152   |   170:04:47   |   08:36:22   |
10890       |       -2345.45   |       -2369.17   |        23.7196   |   170:08:23   |   08:35:34   |
10891       |       -2346.46   |       -2369.93   |        23.4735   |   170:21:06   |   08:35:13   |
10892       |       -2345.87   |       -2366.11   |        20.2351   |   170:24:01   |   08:34:23   |
10893       |       -2344.29   |       -2364.79   |        20.5027   |   170:27:07   |   08:33:33   |
10894       |       -2344.38   |       -2364.23   |        19.8418   |   170:29:56   |   08:32:43   |
10895       |       -2344.13   |        -2365.3   |        21.1756   |   170:32:37   |   08:31:51   |
10896       |        -2346.9   |       -2368.28   |        21.3834   |   170:35:44   |   08:31:02   |
10897       |       -2348.26   |       -2367.97   |        19.7148   |   170:38:57   |   08:30:12   |
10898       |        -2348.1   |       -2367.83   |        19.7294   |   170:41:51   |   08:29:22   |
10899       |       -2348.45   |       -2368.79   |        20.3346   |   170:44:57   |   08:28:32   |


Iter        |      Posterior   |     Likelihood   |          Prior   |    elapsed   |        ETA   |
----------------------------------------------------------------------------------------------------
10900       |       -2348.19   |       -2369.18   |        20.9855   |   170:48:08   |   08:27:42   |
10901       |       -2351.67   |       -2371.81   |         20.139   |   171:00:43   |   08:27:20   |
10902       |       -2351.01   |       -2372.01   |        20.9986   |   171:04:03   |   08:26:31   |
10903       |       -2350.32   |       -2371.96   |        21.6467   |   171:07:18   |   08:25:41   |
10904       |       -2348.98   |       -2370.46   |        21.4823   |   171:10:02   |   08:24:50   |
10905       |       -2348.56   |        -2367.5   |         18.941   |   171:13:22   |   08:24:00   |
10906       |       -2349.61   |       -2365.32   |        15.7111   |   171:16:31   |   08:23:10   |
10907       |        -2352.1   |       -2366.91   |        14.8184   |   171:19:28   |   08:22:20   |
10908       |       -2348.71   |       -2366.02   |        17.3119   |   171:22:28   |   08:21:29   |
10909       |       -2347.81   |       -2366.99   |        19.1744   |   171:25:32   |   08:20:39   |
10910       |       -2351.44   |       -2366.95   |        15.5062   |   171:28:49   |   08:19:49   |
10911       |       -2349.19   |       -2368.21   |        19.0258   |   171:41:56   |   08:19:28   |
10912       |       -2348.92   |       -2367.87   |        18.9514   |   171:45:13   |   08:18:38   |
10913       |       -2349.78   |       -2366.71   |        16.9283   |   171:48:41   |   08:17:49   |
10914       |       -2350.96   |       -2369.55   |        18.5847   |   171:51:55   |   08:16:58   |
10915       |       -2348.08   |        -2370.6   |         22.512   |   171:55:02   |   08:16:08   |
10916       |       -2348.21   |        -2369.3   |        21.0932   |   171:58:00   |   08:15:17   |
10917       |       -2351.31   |       -2373.48   |        22.1722   |   172:01:02   |   08:14:26   |
10918       |       -2350.63   |       -2373.96   |        23.3314   |   172:04:08   |   08:13:36   |
10919       |       -2351.44   |       -2373.33   |         21.894   |   172:07:20   |   08:12:46   |


Iter        |      Posterior   |     Likelihood   |          Prior   |    elapsed   |        ETA   |
----------------------------------------------------------------------------------------------------
10920       |       -2349.65   |        -2372.4   |        22.7504   |   172:10:44   |   08:11:56   |
10921       |       -2351.83   |       -2374.89   |        23.0594   |   172:23:25   |   08:11:33   |
10922       |       -2349.93   |       -2373.59   |        23.6586   |   172:26:17   |   08:10:41   |
10923       |       -2351.59   |       -2375.14   |        23.5534   |   172:29:28   |   08:09:51   |
10924       |       -2354.25   |       -2376.61   |        22.3554   |   172:32:25   |   08:09:00   |
10925       |       -2354.71   |       -2377.08   |        22.3692   |   172:35:38   |   08:08:09   |
10926       |       -2355.93   |        -2377.6   |        21.6657   |   172:38:42   |   08:07:18   |
10927       |       -2356.82   |       -2377.02   |         20.205   |   172:42:00   |   08:06:28   |
10928       |       -2356.95   |       -2375.89   |        18.9447   |   172:45:04   |   08:05:37   |
10929       |       -2355.58   |       -2373.98   |        18.4016   |   172:48:17   |   08:04:46   |
10930       |       -2351.47   |       -2373.29   |        21.8175   |   172:51:35   |   08:03:56   |
10931       |        -2352.4   |       -2371.92   |        19.5175   |   173:04:31   |   08:03:33   |
10932       |          -2350   |          -2371   |        21.0057   |   173:07:06   |   08:02:40   |
10933       |       -2349.56   |       -2370.66   |        21.1092   |   173:10:27   |   08:01:50   |
10934       |       -2349.56   |       -2370.66   |        21.1092   |   173:14:01   |   08:01:00   |
10935       |       -2349.69   |       -2371.56   |        21.8701   |   173:17:35   |   08:00:10   |
10936       |       -2349.56   |       -2372.51   |        22.9569   |   173:20:35   |   07:59:19   |
10937       |       -2349.65   |        -2371.1   |        21.4536   |   173:23:48   |   07:58:28   |
10938       |       -2351.42   |       -2372.25   |        20.8348   |   173:27:09   |   07:57:38   |
10939       |       -2353.79   |       -2376.65   |        22.8674   |   173:30:11   |   07:56:46   |


Iter        |      Posterior   |     Likelihood   |          Prior   |    elapsed   |        ETA   |
----------------------------------------------------------------------------------------------------
10940       |       -2352.25   |       -2374.63   |        22.3824   |   173:33:41   |   07:55:56   |
10941       |        -2357.4   |       -2376.22   |        18.8192   |   173:46:28   |   07:55:31   |
10942       |       -2352.08   |       -2371.25   |        19.1713   |   173:49:38   |   07:54:40   |
10943       |       -2352.06   |       -2368.16   |        16.0982   |   173:52:58   |   07:53:50   |
10944       |       -2353.31   |        -2366.3   |        12.9835   |   173:56:12   |   07:52:59   |
10945       |       -2352.69   |       -2367.63   |        14.9409   |   173:59:38   |   07:52:08   |
10946       |       -2350.58   |       -2366.82   |        16.2444   |   174:02:52   |   07:51:17   |
10947       |       -2350.56   |       -2366.94   |        16.3835   |   174:05:52   |   07:50:25   |
10948       |        -2348.5   |       -2366.09   |        17.5896   |   174:09:17   |   07:49:35   |
10949       |        -2350.8   |       -2366.23   |        15.4315   |   174:12:46   |   07:48:44   |
10950       |       -2352.33   |       -2367.03   |        14.6991   |   174:15:55   |   07:47:53   |
10951       |       -2351.37   |       -2367.25   |        15.8722   |   174:29:20   |   07:47:29   |
10952       |       -2350.49   |       -2368.31   |        17.8178   |   174:32:49   |   07:46:38   |
10953       |        -2349.3   |       -2368.04   |         18.739   |   174:35:53   |   07:45:47   |
10954       |       -2350.51   |       -2366.67   |        16.1634   |   174:39:00   |   07:44:55   |
10955       |       -2350.65   |       -2365.85   |        15.2066   |   174:42:09   |   07:44:03   |
10956       |       -2350.46   |       -2366.89   |        16.4382   |   174:45:12   |   07:43:12   |
10957       |       -2352.93   |       -2368.42   |        15.4853   |   174:48:30   |   07:42:20   |
10958       |       -2353.36   |       -2368.15   |         14.782   |   174:51:35   |   07:41:29   |
10959       |       -2350.11   |       -2365.18   |        15.0626   |   174:54:50   |   07:40:37   |


Iter        |      Posterior   |     Likelihood   |          Prior   |    elapsed   |        ETA   |
----------------------------------------------------------------------------------------------------
10960       |       -2350.33   |       -2366.36   |        16.0268   |   174:58:04   |   07:39:46   |
10961       |       -2350.83   |       -2367.89   |        17.0581   |   175:11:04   |   07:39:20   |
10962       |       -2349.05   |       -2366.75   |        17.6996   |   175:14:12   |   07:38:28   |
10963       |       -2351.14   |       -2364.71   |        13.5753   |   175:17:35   |   07:37:37   |
10964       |       -2356.08   |       -2367.54   |        11.4566   |   175:20:35   |   07:36:44   |
10965       |       -2352.58   |       -2364.99   |        12.4052   |   175:23:57   |   07:35:53   |
10966       |       -2347.47   |       -2363.89   |        16.4173   |   175:26:56   |   07:35:01   |
10967       |       -2348.87   |       -2366.74   |        17.8728   |   175:30:04   |   07:34:09   |
10968       |        -2347.5   |       -2367.83   |        20.3269   |   175:33:04   |   07:33:16   |
10969       |       -2346.27   |       -2366.15   |        19.8819   |   175:36:00   |   07:32:24   |
10970       |       -2348.04   |       -2368.87   |        20.8301   |   175:39:05   |   07:31:32   |
10971       |       -2345.51   |       -2367.76   |        22.2512   |   175:52:05   |   07:31:05   |
10972       |       -2345.97   |       -2369.09   |        23.1164   |   175:55:11   |   07:30:13   |
10973       |       -2346.83   |       -2370.33   |        23.4994   |   175:58:00   |   07:29:20   |
10974       |       -2352.54   |       -2375.54   |        22.9978   |   176:00:41   |   07:28:26   |
10975       |       -2345.85   |        -2368.9   |        23.0522   |   176:03:35   |   07:27:34   |
10976       |       -2345.91   |       -2368.94   |         23.033   |   176:06:44   |   07:26:41   |
10977       |       -2345.91   |       -2368.94   |         23.033   |   176:10:04   |   07:25:50   |
10978       |       -2345.91   |       -2368.94   |         23.033   |   176:13:27   |   07:24:58   |
10979       |       -2345.91   |       -2368.94   |         23.033   |   176:16:51   |   07:24:06   |


Iter        |      Posterior   |     Likelihood   |          Prior   |    elapsed   |        ETA   |
----------------------------------------------------------------------------------------------------
10980       |       -2345.91   |       -2368.94   |         23.033   |   176:20:16   |   07:23:15   |
10981       |       -2345.91   |       -2368.94   |         23.033   |   176:33:23   |   07:22:47   |
10982       |       -2345.91   |       -2368.94   |         23.033   |   176:36:31   |   07:21:55   |
10983       |       -2345.91   |       -2368.94   |         23.033   |   176:39:44   |   07:21:03   |
10984       |       -2345.91   |       -2368.94   |         23.033   |   176:42:57   |   07:20:10   |
10985       |       -2345.91   |       -2368.94   |         23.033   |   176:46:04   |   07:19:18   |
10986       |       -2345.91   |       -2368.94   |         23.033   |   176:49:26   |   07:18:26   |
10987       |       -2345.91   |       -2368.94   |         23.033   |   176:52:57   |   07:17:34   |
10988       |       -2347.83   |       -2370.17   |        22.3337   |   176:56:15   |   07:16:42   |
10989       |       -2347.65   |       -2369.98   |         22.334   |   176:59:36   |   07:15:50   |
10990       |       -2346.61   |       -2367.07   |        20.4556   |   177:02:47   |   07:14:57   |
10991       |       -2346.61   |       -2367.07   |        20.4556   |   177:16:32   |   07:14:31   |
10992       |       -2346.61   |       -2367.07   |        20.4556   |   177:20:21   |   07:13:40   |
10993       |       -2346.61   |       -2367.07   |        20.4556   |   177:23:51   |   07:12:48   |
10994       |       -2346.61   |       -2367.07   |        20.4556   |   177:27:42   |   07:11:57   |
10995       |       -2346.61   |       -2367.07   |        20.4556   |   177:31:41   |   07:11:06   |
10996       |       -2346.61   |       -2367.07   |        20.4556   |   177:35:29   |   07:10:15   |
10997       |       -2346.61   |       -2367.07   |        20.4556   |   177:39:14   |   07:09:23   |
10998       |       -2348.08   |       -2368.62   |        20.5426   |   177:42:38   |   07:08:31   |
10999       |       -2348.08   |       -2368.62   |        20.5426   |   177:46:31   |   07:07:40   |


Iter        |      Posterior   |     Likelihood   |          Prior   |    elapsed   |        ETA   |
----------------------------------------------------------------------------------------------------
11000       |       -2349.27   |       -2369.81   |        20.5427   |   177:50:18   |   07:06:48   |
11001       |       -2349.27   |       -2369.81   |        20.5427   |   178:04:15   |   07:06:21   |
11002       |       -2349.27   |       -2369.81   |        20.5427   |   178:08:01   |   07:05:30   |
11003       |       -2349.27   |       -2369.81   |        20.5427   |   178:11:39   |   07:04:38   |
11004       |        -2348.6   |       -2369.12   |        20.5171   |   178:15:15   |   07:03:46   |
11005       |        -2348.6   |       -2369.12   |        20.5171   |   178:18:54   |   07:02:54   |
11006       |        -2348.6   |       -2369.12   |        20.5171   |   178:22:38   |   07:02:02   |
11007       |        -2348.6   |       -2369.12   |        20.5171   |   178:26:23   |   07:01:10   |
11008       |        -2348.6   |       -2369.12   |        20.5171   |   178:30:04   |   07:00:18   |
11009       |       -2349.32   |       -2372.47   |        23.1506   |   178:33:19   |   06:59:25   |
11010       |       -2349.32   |       -2372.47   |        23.1506   |   178:36:33   |   06:58:32   |
11011       |       -2349.32   |       -2372.47   |        23.1506   |   178:50:02   |   06:58:03   |
11012       |       -2350.32   |       -2374.57   |        24.2498   |   178:53:23   |   06:57:10   |
11013       |       -2351.56   |       -2375.28   |        23.7172   |   178:56:39   |   06:56:17   |
11014       |       -2351.15   |       -2376.55   |        25.3941   |   178:59:45   |   06:55:23   |
11015       |       -2350.53   |       -2375.05   |        24.5137   |   179:02:43   |   06:54:29   |
11016       |       -2349.71   |       -2373.43   |        23.7223   |   179:06:05   |   06:53:36   |
11017       |       -2350.59   |       -2372.36   |        21.7675   |   179:09:27   |   06:52:43   |
11018       |       -2350.05   |          -2371   |        20.9526   |   179:12:29   |   06:51:49   |
11019       |       -2347.55   |       -2367.69   |        20.1355   |   179:16:00   |   06:50:57   |


Iter        |      Posterior   |     Likelihood   |          Prior   |    elapsed   |        ETA   |
----------------------------------------------------------------------------------------------------
11020       |       -2350.79   |       -2369.42   |        18.6277   |   179:19:05   |   06:50:03   |
11021       |       -2351.31   |        -2370.3   |        18.9885   |   179:32:41   |   06:49:33   |
11022       |       -2351.31   |       -2369.77   |        18.4596   |   179:36:16   |   06:48:40   |
11023       |       -2351.36   |       -2370.89   |         19.532   |   179:39:50   |   06:47:48   |
11024       |       -2350.76   |       -2370.12   |        19.3567   |   179:43:22   |   06:46:55   |
11025       |       -2348.87   |       -2369.48   |        20.6118   |   179:46:32   |   06:46:01   |
11026       |       -2352.01   |       -2373.52   |        21.5103   |   179:50:01   |   06:45:08   |
11027       |       -2352.01   |       -2373.52   |        21.5103   |   179:53:41   |   06:44:15   |
11028       |       -2354.23   |        -2376.1   |        21.8708   |   179:56:59   |   06:43:22   |
11029       |       -2357.91   |       -2378.53   |        20.6235   |   180:00:17   |   06:42:28   |
11030       |       -2359.18   |       -2379.71   |        20.5341   |   180:03:44   |   06:41:35   |
11031       |        -2356.2   |        -2374.1   |         17.895   |   180:17:03   |   06:41:04   |
11032       |       -2356.82   |       -2375.96   |        19.1408   |   180:20:41   |   06:40:11   |
11033       |       -2356.82   |       -2375.96   |        19.1408   |   180:24:03   |   06:39:17   |
11034       |       -2356.82   |       -2375.96   |        19.1408   |   180:27:33   |   06:38:24   |
11035       |       -2356.82   |       -2375.96   |        19.1408   |   180:31:04   |   06:37:30   |
11036       |       -2356.82   |       -2375.96   |        19.1408   |   180:34:51   |   06:36:38   |
11037       |       -2361.95   |       -2380.96   |        19.0077   |   180:38:18   |   06:35:44   |
11038       |       -2366.75   |       -2385.27   |        18.5184   |   180:41:53   |   06:34:51   |
11039       |       -2360.44   |       -2376.67   |        16.2327   |   180:45:26   |   06:33:58   |


Iter        |      Posterior   |     Likelihood   |          Prior   |    elapsed   |        ETA   |
----------------------------------------------------------------------------------------------------
11040       |       -2359.17   |       -2375.11   |        15.9405   |   180:48:58   |   06:33:04   |
11041       |       -2359.02   |       -2374.96   |        15.9396   |   181:04:10   |   06:32:36   |
11042       |        -2358.3   |       -2374.06   |         15.764   |   181:07:50   |   06:31:43   |
11043       |       -2354.56   |       -2373.37   |        18.8068   |   181:11:28   |   06:30:49   |
11044       |       -2352.06   |       -2370.23   |        18.1679   |   181:15:02   |   06:29:56   |
11045       |       -2352.04   |       -2371.53   |        19.4871   |   181:18:34   |   06:29:02   |
11046       |       -2356.89   |       -2376.61   |         19.712   |   181:22:02   |   06:28:09   |
11047       |       -2358.87   |        -2379.5   |        20.6242   |   181:25:06   |   06:27:14   |
11048       |        -2358.9   |       -2379.47   |        20.5682   |   181:28:05   |   06:26:19   |
11049       |       -2356.25   |       -2378.24   |        21.9918   |   181:31:32   |   06:25:25   |
11050       |       -2353.56   |       -2370.11   |        16.5499   |   181:34:39   |   06:24:31   |
11051       |       -2355.99   |        -2372.4   |        16.4099   |   181:47:53   |   06:23:57   |
11052       |       -2356.42   |       -2372.47   |        16.0535   |   181:51:16   |   06:23:03   |
11053       |       -2353.76   |       -2375.42   |        21.6663   |   181:54:51   |   06:22:09   |
11054       |       -2354.61   |       -2374.91   |        20.3004   |   181:57:57   |   06:21:14   |
11055       |       -2352.62   |       -2371.13   |        18.5067   |   182:00:58   |   06:20:19   |
11056       |       -2352.62   |       -2371.13   |        18.5067   |   182:04:36   |   06:19:26   |
11057       |       -2351.05   |       -2370.09   |         19.046   |   182:07:52   |   06:18:31   |
11058       |       -2352.14   |       -2372.11   |        19.9771   |   182:11:22   |   06:17:37   |
11059       |        -2351.1   |       -2368.91   |        17.8051   |   182:14:44   |   06:16:43   |


Iter        |      Posterior   |     Likelihood   |          Prior   |    elapsed   |        ETA   |
----------------------------------------------------------------------------------------------------
11060       |       -2351.42   |        -2369.8   |        18.3793   |   182:18:03   |   06:15:48   |
11061       |       -2351.21   |       -2369.57   |         18.365   |   182:30:54   |   06:15:13   |
11062       |       -2349.81   |       -2371.07   |        21.2602   |   182:34:35   |   06:14:19   |
11063       |       -2349.19   |       -2369.37   |        20.1795   |   182:37:57   |   06:13:25   |
11064       |       -2351.15   |       -2372.27   |        21.1159   |   182:41:32   |   06:12:31   |
11065       |       -2351.15   |       -2372.27   |        21.1159   |   182:45:15   |   06:11:37   |
11066       |       -2350.83   |       -2371.95   |        21.1212   |   182:48:57   |   06:10:43   |
11067       |       -2351.36   |       -2368.47   |        17.1154   |   182:52:04   |   06:09:48   |
11068       |        -2352.6   |       -2370.05   |        17.4553   |   182:55:10   |   06:08:52   |
11069       |          -2354   |       -2375.09   |        21.0905   |   182:58:17   |   06:07:57   |
11070       |       -2355.71   |       -2374.23   |        18.5203   |   183:01:22   |   06:07:02   |
11071       |       -2358.02   |       -2375.56   |        17.5357   |   183:14:36   |   06:06:27   |
11072       |       -2355.19   |       -2376.24   |        21.0496   |   183:17:27   |   06:05:31   |
11073       |       -2356.98   |       -2375.84   |        18.8638   |   183:20:39   |   06:04:36   |
11074       |       -2357.93   |       -2377.35   |        19.4185   |   183:23:48   |   06:03:40   |
11075       |        -2353.8   |        -2374.1   |        20.2911   |   183:27:10   |   06:02:45   |
11076       |       -2354.56   |       -2374.18   |        19.6213   |   183:30:12   |   06:01:50   |
11077       |       -2353.26   |       -2371.94   |        18.6763   |   183:33:21   |   06:00:54   |
11078       |       -2355.03   |       -2372.63   |        17.6012   |   183:36:35   |   05:59:59   |
11079       |       -2358.03   |       -2377.02   |        18.9898   |   183:39:35   |   05:59:03   |


Iter        |      Posterior   |     Likelihood   |          Prior   |    elapsed   |        ETA   |
----------------------------------------------------------------------------------------------------
11080       |       -2356.87   |       -2375.83   |        18.9602   |   183:42:34   |   05:58:08   |
11081       |        -2355.8   |       -2376.19   |        20.3915   |   183:55:23   |   05:57:31   |
11082       |       -2354.14   |       -2375.95   |        21.8116   |   183:58:12   |   05:56:35   |
11083       |       -2353.79   |       -2373.41   |        19.6207   |   184:00:37   |   05:55:38   |
11084       |       -2353.79   |       -2373.41   |        19.6207   |   184:04:16   |   05:54:43   |
11085       |       -2354.48   |       -2374.93   |        20.4454   |   184:07:44   |   05:53:48   |
11086       |       -2355.08   |       -2376.38   |        21.3092   |   184:10:52   |   05:52:52   |
11087       |       -2358.79   |       -2382.68   |        23.8915   |   184:13:32   |   05:51:56   |
11088       |       -2356.96   |       -2377.92   |         20.956   |   184:16:47   |   05:51:00   |
11089       |       -2360.33   |       -2381.29   |         20.956   |   184:20:14   |   05:50:05   |
11090       |        -2356.3   |       -2378.84   |         22.537   |   184:23:24   |   05:49:09   |
11091       |        -2356.3   |       -2378.84   |         22.537   |   184:35:42   |   05:48:31   |
11092       |        -2356.3   |       -2378.84   |         22.537   |   184:38:55   |   05:47:35   |
11093       |       -2357.69   |       -2378.66   |        20.9763   |   184:42:08   |   05:46:39   |
11094       |       -2363.02   |       -2383.14   |        20.1194   |   184:45:26   |   05:45:43   |
11095       |       -2357.21   |       -2376.12   |        18.9138   |   184:48:49   |   05:44:48   |
11096       |       -2357.21   |       -2376.12   |        18.9138   |   184:52:06   |   05:43:52   |
11097       |       -2357.32   |       -2375.78   |        18.4644   |   184:55:35   |   05:42:57   |
11098       |       -2353.44   |       -2372.08   |        18.6354   |   184:58:54   |   05:42:01   |
11099       |       -2347.64   |       -2367.12   |        19.4847   |   185:01:51   |   05:41:05   |


Iter        |      Posterior   |     Likelihood   |          Prior   |    elapsed   |        ETA   |
----------------------------------------------------------------------------------------------------
11100       |        -2348.1   |       -2369.44   |        21.3462   |   185:04:57   |   05:40:09   |
11101       |       -2349.61   |       -2371.65   |         22.034   |   185:17:08   |   05:39:29   |
11102       |       -2346.75   |       -2367.25   |        20.4978   |   185:20:18   |   05:38:33   |
11103       |       -2347.75   |       -2366.76   |        19.0086   |   185:23:31   |   05:37:37   |
11104       |       -2347.66   |       -2366.12   |        18.4576   |   185:26:32   |   05:36:40   |
11105       |       -2348.56   |       -2365.57   |        17.0097   |   185:29:36   |   05:35:44   |
11106       |       -2348.32   |       -2366.04   |        17.7198   |   185:32:45   |   05:34:48   |
11107       |       -2350.17   |       -2368.65   |        18.4809   |   185:35:53   |   05:33:51   |
11108       |       -2348.74   |       -2367.65   |        18.9123   |   185:39:09   |   05:32:55   |
11109       |       -2350.81   |       -2369.82   |        19.0026   |   185:42:34   |   05:32:00   |
11110       |       -2354.18   |       -2370.23   |        16.0492   |   185:45:32   |   05:31:03   |
11111       |       -2352.56   |       -2370.41   |        17.8429   |   185:57:46   |   05:30:23   |
11112       |       -2354.72   |       -2372.99   |        18.2665   |   186:00:38   |   05:29:26   |
11113       |       -2354.69   |       -2373.02   |        18.3245   |   186:03:28   |   05:28:29   |
11114       |       -2354.17   |       -2372.74   |        18.5641   |   186:06:17   |   05:27:32   |
11115       |       -2354.38   |       -2373.07   |        18.6966   |   186:08:39   |   05:26:34   |
11116       |       -2350.99   |       -2371.03   |        20.0373   |   186:11:26   |   05:25:36   |
11117       |       -2350.29   |       -2371.47   |        21.1853   |   186:13:54   |   05:24:39   |
11118       |       -2350.38   |       -2371.77   |         21.388   |   186:16:35   |   05:23:41   |
11119       |       -2354.33   |       -2374.89   |        20.5569   |   186:19:08   |   05:22:44   |


Iter        |      Posterior   |     Likelihood   |          Prior   |    elapsed   |        ETA   |
----------------------------------------------------------------------------------------------------
11120       |       -2353.22   |       -2373.15   |        19.9352   |   186:21:44   |   05:21:46   |
11121       |       -2353.47   |       -2375.39   |        21.9163   |   186:33:34   |   05:21:04   |
11122       |        -2356.5   |       -2378.16   |        21.6521   |   186:36:01   |   05:20:06   |
11123       |       -2354.25   |       -2375.52   |        21.2701   |   186:38:49   |   05:19:09   |
11124       |        -2349.8   |       -2371.57   |        21.7651   |   186:41:43   |   05:18:12   |
11125       |       -2349.19   |       -2373.39   |        24.1998   |   186:44:19   |   05:17:14   |
11126       |       -2351.61   |        -2373.3   |        21.6897   |   186:46:52   |   05:16:16   |
11127       |       -2350.85   |       -2372.88   |        22.0342   |   186:49:39   |   05:15:19   |
11128       |       -2350.85   |       -2372.88   |        22.0342   |   186:52:51   |   05:14:22   |
11129       |       -2350.73   |       -2373.22   |        22.4906   |   186:55:54   |   05:13:25   |
11130       |        -2347.9   |          -2371   |        23.0991   |   186:58:41   |   05:12:28   |
11131       |       -2349.05   |       -2374.11   |        25.0685   |   187:10:20   |   05:11:45   |
11132       |       -2351.59   |       -2376.78   |        25.1852   |   187:12:55   |   05:10:47   |
11133       |       -2352.69   |       -2376.62   |        23.9212   |   187:15:22   |   05:09:49   |
11134       |       -2349.86   |       -2371.65   |        21.7841   |   187:18:11   |   05:08:51   |
11135       |       -2352.79   |       -2372.89   |        20.0964   |   187:21:04   |   05:07:54   |
11136       |       -2347.75   |       -2369.66   |        21.9052   |   187:24:08   |   05:06:57   |
11137       |       -2350.05   |       -2372.28   |        22.2268   |   187:27:00   |   05:05:59   |
11138       |       -2348.38   |       -2371.16   |        22.7808   |   187:29:43   |   05:05:01   |
11139       |       -2347.75   |       -2372.91   |        25.1608   |   187:32:36   |   05:04:04   |


Iter        |      Posterior   |     Likelihood   |          Prior   |    elapsed   |        ETA   |
----------------------------------------------------------------------------------------------------
11140       |       -2353.73   |       -2378.59   |        24.8599   |   187:35:05   |   05:03:05   |
11141       |       -2356.01   |       -2380.46   |        24.4522   |   187:46:40   |   05:02:22   |
11142       |       -2354.93   |       -2379.56   |        24.6232   |   187:49:24   |   05:01:24   |
11143       |       -2355.04   |       -2378.68   |        23.6437   |   187:51:55   |   05:00:26   |
11144       |       -2353.46   |       -2376.63   |        23.1754   |   187:54:46   |   04:59:28   |
11145       |       -2354.59   |       -2378.31   |        23.7244   |   187:57:41   |   04:58:30   |
11146       |       -2359.79   |       -2382.66   |        22.8737   |   188:00:19   |   04:57:32   |
11147       |       -2354.51   |       -2379.36   |        24.8422   |   188:02:56   |   04:56:34   |
11148       |       -2354.09   |       -2379.63   |        25.5425   |   188:05:36   |   04:55:36   |
11149       |       -2352.67   |       -2378.69   |        26.0185   |   188:08:23   |   04:54:38   |
11150       |       -2354.19   |       -2379.25   |        25.0612   |   188:11:07   |   04:53:40   |
11151       |       -2353.36   |       -2378.35   |        24.9903   |   188:23:05   |   04:52:56   |
11152       |       -2353.36   |       -2378.11   |         24.745   |   188:25:41   |   04:51:58   |
11153       |       -2353.84   |       -2378.46   |        24.6234   |   188:28:16   |   04:50:59   |
11154       |       -2352.69   |       -2376.68   |        23.9919   |   188:31:18   |   04:50:02   |
11155       |       -2354.78   |       -2379.82   |        25.0397   |   188:34:16   |   04:49:04   |
11156       |       -2355.57   |       -2380.44   |        24.8732   |   188:36:58   |   04:48:05   |
11157       |       -2357.04   |       -2382.15   |        25.1151   |   188:39:51   |   04:47:07   |
11158       |       -2355.59   |       -2383.55   |        27.9644   |   188:42:18   |   04:46:09   |
11159       |       -2355.13   |       -2383.81   |        28.6847   |   188:44:56   |   04:45:10   |


Iter        |      Posterior   |     Likelihood   |          Prior   |    elapsed   |        ETA   |
----------------------------------------------------------------------------------------------------
11160       |       -2352.41   |       -2381.55   |        29.1408   |   188:47:45   |   04:44:12   |
11161       |        -2351.6   |       -2380.17   |        28.5673   |   188:59:24   |   04:43:27   |
11162       |       -2354.95   |       -2383.52   |        28.5699   |   189:02:01   |   04:42:29   |
11163       |       -2356.04   |       -2382.87   |        26.8277   |   189:04:52   |   04:41:30   |
11164       |       -2357.13   |       -2382.41   |        25.2795   |   189:07:41   |   04:40:32   |
11165       |       -2357.66   |       -2382.83   |        25.1699   |   189:10:26   |   04:39:34   |
11166       |       -2353.02   |       -2378.56   |        25.5404   |   189:12:51   |   04:38:35   |
11167       |       -2348.25   |       -2376.74   |        28.4852   |   189:15:25   |   04:37:36   |
11168       |       -2348.17   |       -2376.22   |        28.0438   |   189:18:08   |   04:36:37   |
11169       |       -2348.51   |       -2375.74   |        27.2244   |   189:20:44   |   04:35:39   |
11170       |       -2349.53   |       -2376.19   |        26.6591   |   189:23:37   |   04:34:40   |
11171       |       -2351.59   |        -2378.9   |        27.3036   |   189:35:52   |   04:33:55   |
11172       |       -2352.93   |       -2378.85   |        25.9198   |   189:39:02   |   04:32:57   |
11173       |       -2355.48   |       -2381.59   |        26.1116   |   189:41:53   |   04:31:59   |
11174       |       -2351.06   |       -2377.83   |        26.7734   |   189:44:54   |   04:31:01   |
11175       |       -2348.98   |       -2375.72   |        26.7388   |   189:47:34   |   04:30:02   |
11176       |       -2354.61   |       -2382.13   |         27.523   |   189:50:24   |   04:29:03   |
11177       |       -2352.53   |       -2377.97   |        25.4425   |   189:53:04   |   04:28:05   |
11178       |       -2355.28   |       -2380.56   |        25.2794   |   189:55:56   |   04:27:06   |
11179       |       -2356.36   |       -2379.29   |        22.9306   |   189:59:04   |   04:26:08   |


Iter        |      Posterior   |     Likelihood   |          Prior   |    elapsed   |        ETA   |
----------------------------------------------------------------------------------------------------
11180       |       -2350.79   |       -2372.84   |        22.0507   |   190:02:12   |   04:25:10   |
11181       |       -2349.64   |       -2370.12   |        20.4799   |   190:14:56   |   04:24:25   |
11182       |       -2348.81   |       -2371.14   |        22.3271   |   190:17:59   |   04:23:26   |
11183       |       -2350.33   |       -2371.38   |        21.0496   |   190:20:40   |   04:22:27   |
11184       |       -2352.29   |       -2374.87   |        22.5828   |   190:23:39   |   04:21:29   |
11185       |       -2351.75   |       -2373.81   |        22.0538   |   190:26:54   |   04:20:30   |
11186       |       -2350.26   |       -2370.61   |        20.3497   |   190:29:38   |   04:19:31   |
11187       |       -2348.47   |       -2369.75   |        21.2716   |   190:32:55   |   04:18:33   |
11188       |       -2349.38   |        -2372.2   |        22.8196   |   190:35:51   |   04:17:34   |
11189       |       -2346.85   |        -2370.2   |        23.3534   |   190:39:06   |   04:16:36   |
11190       |       -2345.99   |       -2370.81   |        24.8275   |   190:42:18   |   04:15:38   |
11191       |       -2346.33   |       -2369.64   |        23.3135   |   190:55:06   |   04:14:52   |
11192       |       -2349.53   |       -2370.75   |        21.2249   |   190:58:31   |   04:13:54   |
11193       |       -2347.39   |       -2371.76   |        24.3614   |   191:01:22   |   04:12:55   |
11194       |       -2348.17   |       -2372.73   |        24.5552   |   191:04:29   |   04:11:56   |
11195       |       -2347.23   |        -2371.7   |        24.4712   |   191:07:27   |   04:10:57   |
11196       |        -2346.5   |       -2371.33   |         24.837   |   191:10:21   |   04:09:58   |
11197       |       -2346.36   |       -2371.57   |        25.2117   |   191:13:15   |   04:08:59   |
11198       |       -2347.63   |       -2372.73   |        25.1054   |   191:16:12   |   04:08:00   |
11199       |       -2346.12   |       -2369.44   |         23.322   |   191:18:57   |   04:07:01   |


Iter        |      Posterior   |     Likelihood   |          Prior   |    elapsed   |        ETA   |
----------------------------------------------------------------------------------------------------
11200       |       -2347.92   |       -2372.26   |        24.3361   |   191:21:57   |   04:06:02   |
11201       |        -2349.3   |       -2372.34   |        23.0369   |   191:34:28   |   04:05:15   |
11202       |       -2346.75   |       -2369.45   |        22.7026   |   191:37:52   |   04:04:17   |
11203       |       -2347.05   |       -2372.21   |        25.1566   |   191:40:58   |   04:03:18   |
11204       |       -2348.79   |       -2375.13   |          26.34   |   191:44:04   |   04:02:19   |
11205       |       -2348.28   |       -2373.47   |        25.1864   |   191:47:06   |   04:01:20   |
11206       |       -2349.09   |       -2372.54   |        23.4522   |   191:50:18   |   04:00:21   |
11207       |        -2350.9   |       -2370.88   |        19.9842   |   191:53:42   |   03:59:22   |
11208       |       -2350.27   |       -2371.04   |        20.7697   |   191:56:53   |   03:58:23   |
11209       |       -2347.98   |       -2367.81   |        19.8287   |   192:00:02   |   03:57:24   |
11210       |       -2350.04   |       -2368.23   |        18.1907   |   192:03:26   |   03:56:25   |
11211       |       -2352.15   |       -2369.16   |        17.0098   |   192:16:21   |   03:55:38   |
11212       |       -2351.54   |       -2373.17   |        21.6359   |   192:19:33   |   03:54:39   |
11213       |       -2348.82   |       -2370.88   |        22.0589   |   192:22:32   |   03:53:40   |
11214       |       -2348.82   |       -2370.88   |        22.0589   |   192:25:37   |   03:52:40   |
11215       |       -2351.49   |       -2370.87   |        19.3818   |   192:28:34   |   03:51:41   |
11216       |        -2352.6   |       -2368.65   |        16.0512   |   192:31:39   |   03:50:42   |
11217       |       -2352.79   |       -2368.67   |        15.8839   |   192:35:09   |   03:49:43   |
11218       |       -2348.71   |        -2366.1   |        17.3907   |   192:38:20   |   03:48:44   |
11219       |       -2350.08   |       -2367.06   |         16.977   |   192:41:29   |   03:47:44   |


Iter        |      Posterior   |     Likelihood   |          Prior   |    elapsed   |        ETA   |
----------------------------------------------------------------------------------------------------
11220       |       -2348.26   |       -2366.48   |        18.2183   |   192:44:44   |   03:46:45   |
11221       |       -2348.99   |       -2366.05   |        17.0613   |   192:57:30   |   03:45:57   |
11222       |       -2350.16   |       -2365.91   |        15.7504   |   193:00:59   |   03:44:58   |
11223       |       -2346.37   |       -2362.29   |        15.9139   |   193:04:26   |   03:43:59   |
11224       |       -2347.71   |       -2362.07   |         14.358   |   193:07:40   |   03:42:59   |
11225       |       -2348.02   |       -2364.33   |        16.3087   |   193:10:54   |   03:42:00   |
11226       |       -2350.18   |       -2367.93   |        17.7521   |   193:14:09   |   03:41:01   |
11227       |       -2350.64   |       -2368.48   |        17.8374   |   193:17:37   |   03:40:01   |
11228       |       -2349.43   |        -2368.1   |         18.674   |   193:21:21   |   03:39:02   |
11229       |       -2343.04   |        -2366.9   |        23.8576   |   193:24:28   |   03:38:03   |
11230       |       -2343.07   |       -2366.82   |        23.7498   |   193:27:47   |   03:37:03   |
11231       |       -2345.35   |       -2368.54   |        23.1861   |   193:40:48   |   03:36:15   |
11232       |       -2344.18   |       -2366.48   |        22.2987   |   193:44:10   |   03:35:15   |
11233       |       -2345.57   |       -2367.95   |        22.3853   |   193:47:03   |   03:34:15   |
11234       |       -2345.55   |       -2366.55   |        21.0044   |   193:50:38   |   03:33:16   |
11235       |       -2347.41   |       -2368.32   |        20.9107   |   193:53:54   |   03:32:16   |
11236       |       -2349.17   |       -2370.74   |        21.5626   |   193:57:29   |   03:31:17   |
11237       |       -2348.99   |       -2370.57   |        21.5717   |   194:00:36   |   03:30:17   |
11238       |       -2350.12   |       -2367.94   |        17.8236   |   194:03:37   |   03:29:17   |
11239       |       -2348.77   |       -2364.99   |        16.2234   |   194:07:00   |   03:28:17   |


Iter        |      Posterior   |     Likelihood   |          Prior   |    elapsed   |        ETA   |
----------------------------------------------------------------------------------------------------
11240       |       -2348.71   |       -2367.16   |        18.4574   |   194:10:21   |   03:27:18   |
11241       |       -2351.29   |       -2364.22   |        12.9291   |   194:23:37   |   03:26:28   |
11242       |       -2349.98   |       -2366.67   |        16.6854   |   194:27:19   |   03:25:29   |
11243       |        -2349.6   |       -2363.48   |        13.8778   |   194:30:44   |   03:24:29   |
11244       |       -2349.69   |       -2364.72   |        15.0324   |   194:34:13   |   03:23:29   |
11245       |       -2351.06   |        -2366.4   |        15.3393   |   194:37:24   |   03:22:29   |
11246       |       -2350.16   |        -2363.7   |        13.5439   |   194:40:53   |   03:21:30   |
11247       |       -2355.79   |       -2367.85   |        12.0628   |   194:44:03   |   03:20:29   |
11248       |       -2351.94   |        -2361.2   |        9.26863   |   194:47:14   |   03:19:29   |
11249       |       -2350.95   |       -2361.69   |        10.7418   |   194:50:45   |   03:18:30   |
11250       |       -2350.14   |       -2361.01   |        10.8711   |   194:54:16   |   03:17:30   |
11251       |        -2349.6   |       -2361.13   |        11.5307   |   195:08:31   |   03:16:41   |
11252       |       -2346.54   |       -2365.62   |        19.0812   |   195:12:13   |   03:15:41   |
11253       |       -2344.99   |       -2364.54   |        19.5535   |   195:15:37   |   03:14:41   |
11254       |       -2345.49   |       -2364.96   |        19.4715   |   195:19:27   |   03:13:41   |
11255       |       -2346.39   |       -2365.86   |        19.4741   |   195:22:51   |   03:12:41   |
11256       |       -2346.89   |       -2366.21   |        19.3167   |   195:26:21   |   03:11:41   |
11257       |       -2346.81   |       -2367.76   |        20.9535   |   195:29:58   |   03:10:41   |
11258       |       -2346.28   |       -2367.26   |        20.9829   |   195:33:07   |   03:09:40   |
11259       |       -2347.77   |       -2368.79   |        21.0191   |   195:36:40   |   03:08:40   |


Iter        |      Posterior   |     Likelihood   |          Prior   |    elapsed   |        ETA   |
----------------------------------------------------------------------------------------------------
11260       |       -2346.02   |       -2366.08   |        20.0622   |   195:39:58   |   03:07:40   |
11261       |        -2352.1   |       -2371.25   |        19.1564   |   195:53:03   |   03:06:49   |
11262       |       -2350.41   |       -2369.43   |        19.0242   |   195:56:08   |   03:05:48   |
11263       |       -2354.25   |       -2374.01   |        19.7563   |   195:59:44   |   03:04:48   |
11264       |       -2351.03   |       -2371.32   |        20.2911   |   196:03:05   |   03:03:47   |
11265       |        -2348.7   |       -2368.82   |        20.1195   |   196:06:18   |   03:02:47   |
11266       |       -2349.09   |       -2370.78   |        21.6866   |   196:09:33   |   03:01:46   |
11267       |       -2347.01   |       -2367.57   |        20.5623   |   196:12:47   |   03:00:45   |
11268       |       -2347.16   |       -2368.09   |        20.9325   |   196:16:13   |   02:59:45   |
11269       |       -2345.89   |       -2365.89   |             20   |   196:19:29   |   02:58:44   |
11270       |        -2346.5   |       -2366.49   |        19.9943   |   196:23:04   |   02:57:44   |
11271       |        -2346.5   |       -2366.49   |        19.9943   |   196:36:26   |   02:56:52   |
11272       |       -2347.93   |       -2369.11   |         21.178   |   196:40:02   |   02:55:52   |
11273       |       -2347.46   |       -2368.41   |        20.9494   |   196:43:22   |   02:54:51   |
11274       |       -2350.46   |       -2368.11   |        17.6543   |   196:46:46   |   02:53:50   |
11275       |       -2350.49   |       -2364.91   |        14.4161   |   196:50:20   |   02:52:50   |
11276       |       -2350.17   |       -2367.93   |        17.7614   |   196:53:42   |   02:51:49   |
11277       |       -2351.94   |       -2368.91   |        16.9661   |   196:57:13   |   02:50:48   |
11278       |       -2350.84   |       -2370.34   |        19.5025   |   197:00:50   |   02:49:47   |
11279       |       -2350.43   |       -2372.26   |        21.8337   |   197:04:27   |   02:48:47   |


Iter        |      Posterior   |     Likelihood   |          Prior   |    elapsed   |        ETA   |
----------------------------------------------------------------------------------------------------
11280       |       -2352.52   |       -2372.28   |        19.7649   |   197:07:59   |   02:47:46   |
11281       |       -2351.58   |       -2373.32   |        21.7434   |   197:21:04   |   02:46:53   |
11282       |       -2352.03   |       -2376.55   |        24.5144   |   197:24:42   |   02:45:52   |
11283       |       -2345.67   |       -2369.53   |        23.8646   |   197:28:09   |   02:44:51   |
11284       |       -2350.69   |       -2373.29   |        22.5967   |   197:31:40   |   02:43:50   |
11285       |       -2350.76   |        -2373.9   |        23.1414   |   197:34:47   |   02:42:49   |
11286       |       -2353.09   |       -2374.44   |        21.3501   |   197:37:58   |   02:41:48   |
11287       |       -2351.68   |       -2373.22   |        21.5473   |   197:41:11   |   02:40:46   |
11288       |       -2353.06   |       -2375.48   |         22.421   |   197:44:30   |   02:39:45   |
11289       |       -2352.29   |       -2375.18   |        22.8883   |   197:47:27   |   02:38:44   |
11290       |       -2353.21   |       -2376.35   |        23.1405   |   197:50:20   |   02:37:42   |
11291       |       -2349.46   |       -2373.88   |        24.4212   |   198:02:23   |   02:36:48   |
11292       |       -2351.87   |       -2374.01   |        22.1335   |   198:05:04   |   02:35:46   |
11293       |       -2355.74   |       -2378.46   |        22.7196   |   198:07:58   |   02:34:44   |
11294       |       -2355.58   |          -2382   |        26.4206   |   198:10:56   |   02:33:43   |
11295       |       -2353.48   |       -2378.44   |        24.9671   |   198:14:06   |   02:32:41   |
11296       |       -2353.48   |       -2378.44   |        24.9671   |   198:17:47   |   02:31:40   |
11297       |       -2350.54   |       -2375.09   |        24.5436   |   198:21:05   |   02:30:38   |
11298       |       -2351.11   |       -2375.89   |        24.7821   |   198:24:11   |   02:29:37   |
11299       |       -2351.42   |        -2376.2   |        24.7843   |   198:27:43   |   02:28:35   |


Iter        |      Posterior   |     Likelihood   |          Prior   |    elapsed   |        ETA   |
----------------------------------------------------------------------------------------------------
11300       |       -2352.13   |       -2377.65   |        25.5213   |   198:30:48   |   02:27:34   |
11301       |       -2352.43   |       -2377.65   |        25.2268   |   198:42:45   |   02:26:38   |
11302       |       -2354.12   |       -2379.34   |        25.2243   |   198:45:51   |   02:25:37   |
11303       |       -2352.51   |       -2377.97   |         25.459   |   198:48:33   |   02:24:34   |
11304       |        -2352.8   |       -2377.46   |        24.6579   |   198:51:36   |   02:23:33   |
11305       |       -2353.44   |       -2376.99   |        23.5423   |   198:54:31   |   02:22:31   |
11306       |       -2352.74   |        -2377.6   |        24.8608   |   198:57:38   |   02:21:29   |
11307       |       -2350.88   |       -2372.09   |        21.2065   |   199:00:42   |   02:20:27   |
11308       |       -2354.78   |       -2375.91   |        21.1281   |   199:03:51   |   02:19:25   |
11309       |       -2352.14   |       -2374.26   |        22.1244   |   199:07:20   |   02:18:23   |
11310       |        -2348.3   |       -2370.47   |        22.1669   |   199:10:29   |   02:17:21   |
11311       |       -2349.02   |       -2369.47   |        20.4556   |   199:23:24   |   02:16:26   |
11312       |       -2349.68   |        -2370.2   |        20.5179   |   199:26:54   |   02:15:24   |
11313       |       -2348.54   |       -2370.63   |        22.0908   |   199:30:18   |   02:14:22   |
11314       |       -2350.71   |        -2372.9   |        22.1901   |   199:33:28   |   02:13:20   |
11315       |       -2350.72   |       -2375.94   |        25.2195   |   199:36:34   |   02:12:18   |
11316       |       -2348.38   |       -2373.81   |        25.4282   |   199:39:37   |   02:11:16   |
11317       |        -2348.6   |       -2370.98   |         22.377   |   199:42:49   |   02:10:14   |
11318       |       -2347.11   |       -2370.65   |        23.5382   |   199:45:42   |   02:09:11   |
11319       |       -2349.74   |       -2373.43   |        23.6971   |   199:48:46   |   02:08:09   |


Iter        |      Posterior   |     Likelihood   |          Prior   |    elapsed   |        ETA   |
----------------------------------------------------------------------------------------------------
11320       |       -2352.69   |       -2375.14   |         22.451   |   199:52:11   |   02:07:07   |
11321       |       -2354.47   |       -2375.31   |        20.8417   |   200:05:14   |   02:06:11   |
11322       |        -2355.5   |       -2375.34   |         19.846   |   200:08:45   |   02:05:09   |
11323       |       -2356.66   |       -2375.03   |        18.3738   |   200:12:06   |   02:04:07   |
11324       |        -2356.1   |       -2373.89   |        17.7913   |   200:15:31   |   02:03:05   |
11325       |        -2351.5   |       -2372.19   |        20.6842   |   200:18:57   |   02:02:02   |
11326       |       -2350.33   |       -2369.42   |        19.0951   |   200:21:57   |   02:01:00   |
11327       |       -2349.92   |       -2369.08   |         19.158   |   200:25:25   |   01:59:58   |
11328       |        -2354.3   |       -2368.37   |        14.0714   |   200:28:45   |   01:58:55   |
11329       |       -2351.35   |       -2366.45   |        15.1005   |   200:31:56   |   01:57:53   |
11330       |       -2352.72   |       -2367.86   |        15.1415   |   200:35:21   |   01:56:50   |
11331       |       -2355.98   |       -2374.67   |        18.6972   |   200:48:20   |   01:55:54   |
11332       |       -2356.63   |       -2370.15   |        13.5249   |   200:51:44   |   01:54:51   |
11333       |       -2355.33   |       -2370.01   |        14.6835   |   200:55:08   |   01:53:49   |
11334       |       -2355.82   |       -2368.26   |        12.4396   |   200:58:39   |   01:52:46   |
11335       |        -2357.1   |       -2368.24   |        11.1439   |   201:01:49   |   01:51:43   |
11336       |        -2358.8   |       -2371.63   |        12.8353   |   201:05:13   |   01:50:41   |
11337       |       -2353.46   |       -2371.21   |        17.7515   |   201:08:36   |   01:49:38   |
11338       |       -2351.59   |       -2370.49   |        18.9025   |   201:12:01   |   01:48:36   |
11339       |       -2351.15   |        -2371.1   |        19.9473   |   201:15:10   |   01:47:33   |


Iter        |      Posterior   |     Likelihood   |          Prior   |    elapsed   |        ETA   |
----------------------------------------------------------------------------------------------------
11340       |       -2350.87   |       -2370.84   |        19.9663   |   201:18:30   |   01:46:30   |
11341       |       -2352.66   |       -2372.72   |        20.0635   |   201:31:35   |   01:45:33   |
11342       |       -2351.75   |       -2370.64   |        18.8841   |   201:34:52   |   01:44:30   |
11343       |       -2352.89   |       -2371.43   |        18.5411   |   201:38:03   |   01:43:27   |
11344       |       -2351.42   |        -2369.7   |        18.2878   |   201:41:30   |   01:42:24   |
11345       |       -2353.67   |       -2371.46   |        17.7892   |   201:44:39   |   01:41:21   |
11346       |       -2351.56   |       -2369.05   |        17.4942   |   201:47:43   |   01:40:18   |
11347       |        -2355.3   |        -2372.5   |        17.1995   |   201:51:02   |   01:39:15   |
11348       |       -2354.02   |        -2374.2   |        20.1848   |   201:54:07   |   01:38:12   |
11349       |       -2351.51   |       -2372.86   |        21.3427   |   201:57:29   |   01:37:09   |
11350       |       -2352.49   |       -2373.59   |        21.0969   |   202:00:50   |   01:36:06   |
11351       |       -2351.35   |       -2373.69   |        22.3391   |   202:13:13   |   01:35:07   |
11352       |       -2351.96   |       -2374.55   |        22.5898   |   202:16:29   |   01:34:04   |
11353       |       -2351.96   |       -2374.55   |        22.5898   |   202:19:51   |   01:33:01   |
11354       |       -2351.96   |       -2374.55   |        22.5898   |   202:23:25   |   01:31:58   |
11355       |       -2352.65   |       -2375.25   |        22.5977   |   202:26:30   |   01:30:55   |
11356       |       -2352.65   |       -2375.25   |        22.5977   |   202:30:07   |   01:29:52   |
11357       |       -2352.65   |       -2375.25   |        22.5977   |   202:33:43   |   01:28:49   |
11358       |       -2352.65   |       -2375.25   |        22.5977   |   202:37:07   |   01:27:46   |
11359       |       -2352.65   |       -2375.25   |        22.5977   |   202:40:38   |   01:26:42   |


Iter        |      Posterior   |     Likelihood   |          Prior   |    elapsed   |        ETA   |
----------------------------------------------------------------------------------------------------
11360       |       -2352.65   |       -2375.25   |        22.5977   |   202:43:59   |   01:25:39   |
11361       |       -2353.24   |       -2376.55   |          23.31   |   202:56:31   |   01:24:40   |
11362       |       -2356.73   |       -2378.55   |        21.8291   |   202:59:46   |   01:23:36   |
11363       |       -2353.57   |       -2375.42   |        21.8529   |   203:03:09   |   01:22:33   |
11364       |        -2353.8   |       -2375.65   |        21.8557   |   203:06:28   |   01:21:30   |
11365       |       -2355.63   |       -2377.35   |        21.7191   |   203:09:32   |   01:20:26   |
11366       |       -2350.87   |       -2372.09   |        21.2194   |   203:12:36   |   01:19:22   |
11367       |       -2350.56   |       -2367.77   |        17.2119   |   203:15:51   |   01:18:19   |
11368       |       -2350.14   |       -2368.92   |         18.777   |   203:19:02   |   01:17:15   |
11369       |       -2346.78   |        -2367.6   |        20.8194   |   203:22:02   |   01:16:12   |
11370       |       -2350.64   |       -2371.94   |        21.3051   |   203:25:24   |   01:15:08   |
11371       |       -2347.59   |       -2367.13   |        19.5487   |   203:38:16   |   01:14:08   |
11372       |       -2350.22   |       -2371.86   |        21.6443   |   203:41:38   |   01:13:04   |
11373       |       -2350.32   |       -2369.56   |        19.2466   |   203:44:38   |   01:12:01   |
11374       |       -2347.94   |       -2368.75   |        20.8087   |   203:47:53   |   01:10:57   |
11375       |       -2347.25   |       -2367.96   |        20.7093   |   203:51:07   |   01:09:53   |
11376       |       -2346.28   |       -2367.59   |        21.3098   |   203:54:31   |   01:08:49   |
11377       |        -2345.6   |       -2368.53   |        22.9287   |   203:57:50   |   01:07:46   |
11378       |       -2345.43   |       -2369.18   |          23.75   |   204:01:05   |   01:06:42   |
11379       |       -2348.45   |       -2371.09   |        22.6409   |   204:04:22   |   01:05:38   |


Iter        |      Posterior   |     Likelihood   |          Prior   |    elapsed   |        ETA   |
----------------------------------------------------------------------------------------------------
11380       |       -2349.09   |       -2372.81   |        23.7261   |   204:07:40   |   01:04:34   |
11381       |       -2346.87   |       -2371.81   |        24.9393   |   204:19:36   |   01:03:33   |
11382       |        -2348.8   |       -2373.07   |         24.268   |   204:22:38   |   01:02:29   |
11383       |        -2348.7   |       -2371.18   |        22.4776   |   204:25:25   |   01:01:25   |
11384       |       -2346.94   |       -2368.95   |        22.0081   |   204:28:22   |   01:00:21   |
11385       |       -2345.92   |       -2365.63   |        19.7102   |   204:31:41   |   00:59:17   |
11386       |       -2347.96   |       -2369.97   |        22.0118   |   204:35:10   |   00:58:13   |
11387       |       -2350.33   |       -2373.45   |        23.1145   |   204:38:39   |   00:57:09   |
11388       |       -2347.31   |        -2370.4   |        23.0832   |   204:41:44   |   00:56:04   |
11389       |       -2353.22   |       -2373.86   |        20.6462   |   204:44:59   |   00:55:00   |
11390       |        -2354.3   |       -2373.77   |        19.4774   |   204:48:34   |   00:53:56   |
11391       |       -2351.69   |       -2370.94   |        19.2562   |   205:00:42   |   00:52:54   |
11392       |       -2345.44   |       -2365.12   |        19.6837   |   205:03:46   |   00:51:50   |
11393       |       -2348.22   |       -2369.07   |        20.8544   |   205:06:40   |   00:50:46   |
11394       |       -2348.02   |       -2368.86   |        20.8333   |   205:09:45   |   00:49:41   |
11395       |       -2346.97   |       -2367.84   |        20.8702   |   205:13:11   |   00:48:37   |
11396       |       -2346.61   |       -2369.89   |        23.2807   |   205:16:36   |   00:47:33   |
11397       |       -2347.42   |       -2368.36   |        20.9415   |   205:19:56   |   00:46:28   |
11398       |       -2348.75   |       -2368.57   |        19.8197   |   205:23:12   |   00:45:24   |
11399       |       -2347.59   |       -2367.19   |        19.5934   |   205:26:27   |   00:44:20   |


Iter        |      Posterior   |     Likelihood   |          Prior   |    elapsed   |        ETA   |
----------------------------------------------------------------------------------------------------
11400       |       -2347.59   |       -2367.19   |        19.5934   |   205:29:58   |   00:43:15   |
11401       |       -2346.24   |       -2367.63   |        21.3953   |   205:43:15   |   00:42:13   |
11402       |       -2348.44   |       -2369.01   |        20.5645   |   205:46:13   |   00:41:08   |
11403       |       -2348.55   |       -2369.21   |        20.6588   |   205:49:36   |   00:40:04   |
11404       |          -2350   |       -2370.35   |        20.3458   |   205:52:59   |   00:38:59   |
11405       |       -2348.64   |       -2371.65   |        23.0097   |   205:55:56   |   00:37:55   |
11406       |       -2349.47   |       -2373.66   |        24.1888   |   205:58:51   |   00:36:50   |
11407       |       -2350.89   |       -2375.44   |        24.5458   |   206:01:40   |   00:35:45   |
11408       |       -2350.54   |       -2375.36   |        24.8227   |   206:04:44   |   00:34:41   |
11409       |       -2351.77   |       -2376.31   |        24.5392   |   206:07:34   |   00:33:36   |
11410       |       -2354.21   |       -2378.75   |        24.5392   |   206:10:40   |   00:32:31   |
11411       |       -2354.21   |       -2378.75   |        24.5392   |   206:22:59   |   00:31:28   |
11412       |       -2349.24   |       -2373.79   |         24.545   |   206:26:07   |   00:30:23   |
11413       |       -2348.53   |       -2372.88   |        24.3463   |   206:29:06   |   00:29:18   |
11414       |       -2347.15   |       -2370.71   |        23.5556   |   206:31:44   |   00:28:13   |
11415       |       -2348.19   |       -2371.77   |        23.5768   |   206:34:40   |   00:27:08   |
11416       |       -2350.46   |       -2374.01   |        23.5526   |   206:37:26   |   00:26:03   |
11417       |        -2349.6   |       -2374.44   |        24.8353   |   206:40:06   |   00:24:58   |
11418       |       -2349.42   |       -2373.76   |        24.3361   |   206:42:47   |   00:23:53   |
11419       |       -2347.45   |       -2371.07   |        23.6186   |   206:45:43   |   00:22:48   |


Iter        |      Posterior   |     Likelihood   |          Prior   |    elapsed   |        ETA   |
----------------------------------------------------------------------------------------------------
11420       |       -2346.32   |       -2371.49   |        25.1713   |   206:48:27   |   00:21:43   |
11421       |       -2346.75   |       -2372.06   |        25.3053   |   207:00:28   |   00:20:39   |
11422       |        -2353.6   |       -2377.94   |        24.3359   |   207:03:27   |   00:19:34   |
11423       |       -2349.47   |       -2372.05   |        22.5776   |   207:06:28   |   00:18:29   |
11424       |       -2351.53   |       -2374.22   |        22.6959   |   207:09:45   |   00:17:24   |
11425       |       -2355.24   |       -2375.89   |        20.6468   |   207:12:42   |   00:16:19   |
11426       |       -2350.09   |       -2371.53   |          21.44   |   207:15:57   |   00:15:14   |
11427       |       -2351.94   |        -2374.8   |         22.864   |   207:18:55   |   00:14:09   |
11428       |       -2350.61   |       -2371.88   |        21.2676   |   207:21:36   |   00:13:03   |
11429       |       -2353.82   |       -2375.06   |        21.2329   |   207:24:36   |   00:11:58   |
11430       |       -2350.08   |       -2373.29   |        23.2145   |   207:27:30   |   00:10:53   |
11431       |       -2350.67   |       -2374.08   |        23.4146   |   207:39:30   |   00:09:48   |
11432       |       -2350.69   |        -2373.9   |        23.2051   |   207:42:43   |   00:08:43   |
11433       |       -2358.18   |       -2382.58   |        24.4018   |   207:45:59   |   00:07:37   |
11434       |       -2351.74   |       -2375.71   |        23.9688   |   207:48:54   |   00:06:32   |
11435       |       -2351.57   |       -2374.13   |        22.5563   |   207:51:43   |   00:05:27   |
11436       |       -2349.76   |       -2373.04   |        23.2783   |   207:55:00   |   00:04:21   |
11437       |       -2349.58   |       -2372.42   |        22.8444   |   207:57:50   |   00:03:16   |
11438       |       -2347.41   |       -2369.87   |        22.4583   |   208:01:00   |   00:02:10   |
11439       |       -2347.94   |       -2369.09   |        21.1494   |   208:04:42   |   00:01:05   |


Iter        |      Posterior   |     Likelihood   |          Prior   |    elapsed   |        ETA   |
----------------------------------------------------------------------------------------------------
11440       |       -2349.79   |        -2371.3   |        21.5072   |   208:08:04   |   00:00:00   |

                  Name                  | Param              |  Weight  |  Tried   | Accepted | Acc. Ratio| Parameters
===============================================================================================================================
Scaling                                  gamma_a                  2.0000      23173      16062      0.6931 lambda = 1.0494
Scaling                                  gamma_b                  2.0000      22735      15296      0.6728 lambda = 0.8848
UpDownScaling                            gamma_a                  1.0000      11348       7423      0.6541 lambda = 0.8559
Scaling                                  delta_a                  2.0000      22872      14705      0.6429 lambda = 0.9177
Scaling                                  delta_b                  2.0000      22941      12571      0.5480 lambda = 0.7195
UpDownScaling                            delta_a                  1.0000      11511       6396      0.5556 lambda = 0.6411
Scaling                                  rho_a                    2.0000      23214      15934      0.6864 lambda = 0.9845
Scaling                                  rho_b                    2.0000      22666      14869      0.6560 lambda = 0.9269
UpDownScaling                            rho_a                    1.0000      11360       7266      0.6396 lambda = 0.8519
Scaling                                  eta_a                    2.0000      22538      13793      0.6120 lambda = 0.9245
Scaling                                  eta_b                    2.0000      22704      15399      0.6783 lambda = 0.8455
UpDownScaling                            eta_a                    1.0000      11416       6982      0.6116 lambda = 0.7419
Scaling                                  alpha                    1.0000      11408       5481      0.4805 lambda = 2.1917
Scaling                                  turnover                 1.0000      11451       4685      0.4091 lambda = 0.1743
Scaling                                  total_speciation         1.0000      11490       4550      0.3960 lambda = 0.1174
BetaSimplex                              relative_clado           5.0000      57171      32000      0.5597 alpha = 19.8585
ElementSwapSimplex                       relative_clado           3.0000      34425       4320      0.1255 
UpDownScaling                            total_speciation         1.0000      11657       5587      0.4793 lambda = 0.3563

