
RevBayes version (1.1.0)
Build from dev_mrm (rapture-477-g991966) on Thu Feb 15 15:42:16 EST 2024

Visit the website www.RevBayes.com for more information about RevBayes.

RevBayes is free software released under the GPL license, version 3. Type 'license()' for details.

To quit RevBayes type 'quit()' or 'q()'.


> source("scripts/pteri/pteri_chromohisse_modelspec_tb_3.rev")
   Processing file "scripts/pteri/pteri_chromohisse_modelspec_tb_3.rev"
   Attempting to read the contents of file "pteridaceae_csomepruned.tree"
   Successfully read file
   Processing file "scripts/chromohisse_tp_mrm_tb.rev"
Anagenic Rates Matrix Built
Cladogenic Rates Matrix Built
All MCMC moves defined
   Warning: simulating tree under uniform model.
   Warning: simulating tree under uniform model.
GHLBDSP
Model clamped
   -2365.559
Defining Model...
Setting monitors...
		monitoring stochasitc character map
Initializing MCMC...
	Intializing from checkpoint
		Continuing main analysis
   Appending to previous MCMC simulation of 8545 iterations
   This simulation runs 1 independent replicate.
   The simulator uses 18 different moves in a random move schedule with 32 moves per iteration

Iter        |      Posterior   |     Likelihood   |          Prior   |    elapsed   |        ETA   |
----------------------------------------------------------------------------------------------------
8546        |       -2351.97   |       -2374.16   |        22.1955   |   00:03:41   |   00:01:17   |
8547        |       -2352.38   |       -2373.29   |        20.9081   |   00:07:36   |   00:02:39   |
8548        |       -2350.22   |       -2370.56   |        20.3366   |   00:11:39   |   00:04:05   |
8549        |       -2353.13   |       -2372.23   |         19.099   |   00:15:34   |   00:05:27   |
8550        |       -2351.55   |       -2370.72   |        19.1725   |   00:19:30   |   00:06:49   |
8551        |       -2350.23   |          -2369   |        18.7701   |   00:33:39   |   00:11:46   |
8552        |       -2346.64   |        -2366.7   |        20.0542   |   00:37:40   |   00:13:10   |
8553        |       -2347.69   |       -2368.39   |        20.6993   |   00:41:28   |   00:14:30   |
8554        |       -2348.71   |       -2370.92   |        22.2108   |   00:45:15   |   00:15:49   |
8555        |       -2350.17   |       -2372.29   |        22.1184   |   00:49:15   |   00:17:12   |
8556        |       -2349.19   |       -2371.96   |        22.7696   |   00:53:19   |   00:18:37   |
8557        |       -2349.55   |       -2371.68   |        22.1299   |   00:57:18   |   00:20:00   |
8558        |       -2349.06   |       -2370.97   |        21.9021   |   01:01:20   |   00:21:24   |
8559        |       -2348.44   |        -2368.8   |        20.3513   |   01:05:36   |   00:22:53   |


Iter        |      Posterior   |     Likelihood   |          Prior   |    elapsed   |        ETA   |
----------------------------------------------------------------------------------------------------
8560        |       -2348.48   |       -2368.62   |        20.1416   |   01:09:12   |   00:24:07   |
8561        |       -2347.46   |       -2366.73   |        19.2666   |   01:22:55   |   00:28:54   |
8562        |       -2346.11   |        -2365.7   |        19.5927   |   01:26:33   |   00:30:09   |
8563        |       -2347.65   |       -2368.87   |        21.2254   |   01:30:23   |   00:31:28   |
8564        |       -2346.01   |       -2365.22   |        19.2113   |   01:33:41   |   00:32:36   |
8565        |        -2345.1   |       -2366.76   |        21.6603   |   01:37:06   |   00:33:47   |
8566        |        -2345.1   |       -2366.76   |        21.6603   |   01:41:00   |   00:35:07   |
8567        |        -2345.1   |       -2366.76   |        21.6603   |   01:44:53   |   00:36:27   |
8568        |        -2345.1   |       -2366.76   |        21.6603   |   01:48:36   |   00:37:44   |
8569        |        -2345.1   |       -2366.76   |        21.6603   |   01:52:27   |   00:39:03   |
8570        |       -2343.84   |       -2365.29   |        21.4477   |   01:56:12   |   00:40:20   |
8571        |       -2343.84   |       -2365.29   |        21.4477   |   02:10:27   |   00:45:15   |
8572        |       -2343.84   |       -2365.29   |        21.4477   |   02:14:19   |   00:46:35   |
8573        |       -2349.16   |       -2370.61   |        21.4476   |   02:17:57   |   00:47:49   |
8574        |       -2344.99   |       -2366.94   |        21.9515   |   02:21:19   |   00:48:58   |
8575        |       -2348.22   |       -2370.27   |        22.0538   |   02:24:51   |   00:50:10   |
8576        |       -2350.39   |       -2372.24   |        21.8503   |   02:28:03   |   00:51:15   |
8577        |       -2345.37   |       -2369.61   |        24.2369   |   02:31:27   |   00:52:24   |
8578        |       -2345.63   |       -2368.65   |        23.0188   |   02:34:59   |   00:53:36   |
8579        |       -2345.78   |       -2368.85   |        23.0696   |   02:38:53   |   00:54:55   |


Iter        |      Posterior   |     Likelihood   |          Prior   |    elapsed   |        ETA   |
----------------------------------------------------------------------------------------------------
8580        |       -2346.42   |        -2368.6   |        22.1732   |   02:42:19   |   00:56:05   |
8581        |       -2347.16   |       -2368.32   |        21.1601   |   02:55:23   |   01:00:34   |
8582        |       -2351.18   |       -2370.53   |        19.3484   |   02:59:13   |   01:01:52   |
8583        |       -2354.42   |       -2375.82   |        21.4014   |   03:02:41   |   01:03:02   |
8584        |       -2354.44   |       -2373.53   |        19.0917   |   03:06:16   |   01:04:15   |
8585        |       -2354.78   |        -2372.7   |        17.9194   |   03:09:57   |   01:05:29   |
8586        |       -2354.62   |       -2372.42   |        17.7954   |   03:14:05   |   01:06:53   |
8587        |       -2354.62   |       -2372.42   |        17.7954   |   03:18:20   |   01:08:19   |
8588        |       -2348.66   |       -2370.37   |        21.7133   |   03:22:00   |   01:09:33   |
8589        |       -2349.88   |       -2371.12   |        21.2365   |   03:25:32   |   01:10:44   |
8590        |       -2348.37   |       -2366.63   |        18.2627   |   03:28:45   |   01:11:48   |
8591        |       -2345.74   |       -2366.04   |        20.3019   |   03:42:04   |   01:16:21   |
8592        |       -2347.63   |       -2364.59   |        16.9584   |   03:45:53   |   01:17:38   |
8593        |       -2348.79   |        -2366.9   |        18.1142   |   03:49:27   |   01:18:49   |
8594        |       -2347.29   |       -2367.98   |        20.6948   |   03:53:23   |   01:20:08   |
8595        |       -2346.63   |       -2365.44   |         18.808   |   03:56:52   |   01:21:17   |
8596        |       -2348.47   |       -2367.95   |        19.4713   |   04:01:00   |   01:22:40   |
8597        |       -2348.76   |       -2369.27   |        20.5038   |   04:04:33   |   01:23:51   |
8598        |       -2350.27   |       -2369.41   |        19.1383   |   04:08:16   |   01:25:05   |
8599        |       -2347.98   |       -2369.08   |        21.0996   |   04:11:36   |   01:26:11   |


Iter        |      Posterior   |     Likelihood   |          Prior   |    elapsed   |        ETA   |
----------------------------------------------------------------------------------------------------
8600        |       -2350.35   |       -2370.47   |        20.1168   |   04:15:08   |   01:27:22   |
8601        |       -2353.42   |       -2373.27   |        19.8558   |   04:28:30   |   01:31:54   |
8602        |       -2349.06   |          -2370   |        20.9446   |   04:32:15   |   01:33:08   |
8603        |       -2353.63   |       -2374.23   |        20.5954   |   04:35:45   |   01:34:17   |
8604        |       -2352.17   |       -2371.46   |        19.2841   |   04:39:51   |   01:35:39   |
8605        |       -2352.05   |       -2370.62   |        18.5695   |   04:43:36   |   01:36:53   |
8606        |       -2354.56   |       -2370.74   |        16.1781   |   04:47:33   |   01:38:12   |
8607        |       -2352.67   |       -2367.86   |        15.1901   |   04:50:53   |   01:39:17   |
8608        |       -2349.36   |       -2367.57   |        18.2071   |   04:54:16   |   01:40:24   |
8609        |       -2348.73   |       -2368.22   |        19.4969   |   04:57:50   |   01:41:34   |
8610        |       -2348.73   |       -2368.22   |        19.4969   |   05:02:05   |   01:42:58   |
8611        |       -2345.83   |       -2367.74   |        21.9116   |   05:15:31   |   01:47:30   |
8612        |       -2346.27   |        -2368.6   |        22.3335   |   05:19:07   |   01:48:40   |
8613        |       -2345.54   |       -2367.25   |        21.7115   |   05:22:41   |   01:49:50   |
8614        |       -2345.24   |       -2368.39   |        23.1526   |   05:26:05   |   01:50:57   |
8615        |       -2346.97   |       -2372.52   |        25.5512   |   05:29:44   |   01:52:08   |
8616        |        -2349.2   |       -2374.49   |        25.2881   |   05:32:43   |   01:53:06   |
8617        |       -2349.27   |       -2372.85   |        23.5791   |   05:36:08   |   01:54:12   |
8618        |       -2348.91   |       -2372.61   |        23.7014   |   05:39:34   |   01:55:19   |
8619        |       -2350.05   |       -2376.26   |        26.2179   |   05:43:16   |   01:56:31   |


Iter        |      Posterior   |     Likelihood   |          Prior   |    elapsed   |        ETA   |
----------------------------------------------------------------------------------------------------
8620        |       -2348.72   |       -2374.65   |        25.9255   |   05:46:37   |   01:57:36   |
8621        |       -2349.97   |       -2374.54   |        24.5638   |   05:59:26   |   02:01:54   |
8622        |       -2350.03   |       -2374.66   |        24.6271   |   06:03:11   |   02:03:07   |
8623        |       -2350.03   |       -2374.66   |        24.6271   |   06:07:06   |   02:04:23   |
8624        |       -2350.03   |       -2374.66   |        24.6271   |   06:10:41   |   02:05:33   |
8625        |       -2352.35   |       -2376.71   |        24.3595   |   06:14:05   |   02:06:38   |
8626        |       -2354.48   |       -2378.02   |        23.5487   |   06:17:16   |   02:07:39   |
8627        |       -2353.31   |       -2376.37   |        23.0598   |   06:20:49   |   02:08:48   |
8628        |       -2347.59   |       -2369.55   |        21.9631   |   06:24:13   |   02:09:53   |
8629        |       -2351.02   |       -2374.32   |        23.3026   |   06:27:42   |   02:11:00   |
8630        |       -2350.24   |       -2373.43   |        23.1918   |   06:31:12   |   02:12:08   |
8631        |       -2349.35   |       -2374.63   |        25.2779   |   06:44:09   |   02:16:26   |
8632        |       -2351.19   |       -2373.97   |        22.7869   |   06:47:45   |   02:17:36   |
8633        |       -2354.73   |       -2375.93   |        21.2035   |   06:51:12   |   02:18:42   |
8634        |       -2350.71   |       -2374.87   |        24.1615   |   06:54:48   |   02:19:51   |
8635        |       -2346.69   |       -2369.46   |        22.7736   |   06:58:24   |   02:21:00   |
8636        |       -2349.21   |        -2371.6   |        22.3892   |   07:01:54   |   02:22:06   |
8637        |       -2350.13   |       -2375.83   |        25.7011   |   07:05:06   |   02:23:07   |
8638        |       -2347.89   |       -2373.52   |        25.6262   |   07:07:52   |   02:23:59   |
8639        |       -2349.56   |       -2374.12   |        24.5578   |   07:11:13   |   02:25:03   |


Iter        |      Posterior   |     Likelihood   |          Prior   |    elapsed   |        ETA   |
----------------------------------------------------------------------------------------------------
8640        |       -2347.95   |       -2371.74   |        23.7853   |   07:14:42   |   02:26:09   |
8641        |       -2347.13   |       -2370.17   |        23.0363   |   07:27:21   |   02:30:20   |
8642        |       -2348.12   |        -2369.5   |        21.3841   |   07:30:57   |   02:31:28   |
8643        |       -2347.48   |        -2370.8   |         23.323   |   07:34:19   |   02:32:32   |
8644        |       -2349.99   |        -2373.9   |        23.9126   |   07:37:42   |   02:33:36   |
8645        |       -2350.38   |        -2374.5   |        24.1237   |   07:41:16   |   02:34:44   |
8646        |       -2350.16   |       -2374.13   |        23.9725   |   07:44:35   |   02:35:46   |
8647        |       -2347.27   |       -2372.05   |        24.7725   |   07:47:53   |   02:36:48   |
8648        |        -2348.7   |       -2375.42   |        26.7174   |   07:50:58   |   02:37:46   |
8649        |       -2347.49   |       -2372.71   |        25.2165   |   07:54:13   |   02:38:47   |
8650        |        -2347.4   |       -2372.92   |        25.5208   |   07:57:13   |   02:39:42   |
8651        |       -2347.31   |       -2372.98   |        25.6766   |   08:10:03   |   02:43:56   |
8652        |       -2348.21   |       -2374.18   |         25.974   |   08:13:32   |   02:45:01   |
8653        |       -2347.43   |       -2370.17   |        22.7396   |   08:16:58   |   02:46:05   |
8654        |       -2345.27   |       -2368.04   |        22.7767   |   08:20:41   |   02:47:15   |
8655        |       -2344.59   |       -2367.91   |        23.3217   |   08:24:16   |   02:48:22   |
8656        |       -2347.74   |       -2372.63   |        24.8906   |   08:27:33   |   02:49:23   |
8657        |       -2347.85   |       -2371.17   |        23.3184   |   08:31:01   |   02:50:28   |
8658        |       -2347.47   |        -2372.9   |        25.4298   |   08:34:21   |   02:51:30   |
8659        |       -2345.15   |       -2369.27   |        24.1141   |   08:37:20   |   02:52:25   |


Iter        |      Posterior   |     Likelihood   |          Prior   |    elapsed   |        ETA   |
----------------------------------------------------------------------------------------------------
8660        |       -2345.57   |       -2366.87   |        21.2945   |   08:40:14   |   02:53:18   |
8661        |       -2346.19   |       -2365.26   |        19.0664   |   08:53:16   |   02:57:34   |
8662        |       -2351.87   |       -2371.34   |        19.4713   |   08:56:24   |   02:58:31   |
8663        |       -2348.84   |       -2366.41   |        17.5732   |   08:59:54   |   02:59:36   |
8664        |       -2347.52   |       -2366.41   |        18.8869   |   09:03:23   |   03:00:41   |
8665        |       -2348.07   |       -2364.47   |        16.3964   |   09:06:30   |   03:01:38   |
8666        |       -2350.52   |       -2363.67   |        13.1483   |   09:09:51   |   03:02:40   |
8667        |       -2348.02   |       -2365.71   |        17.6847   |   09:13:15   |   03:03:42   |
8668        |       -2348.39   |       -2368.14   |        19.7521   |   09:16:39   |   03:04:45   |
8669        |       -2348.53   |       -2367.82   |        19.2835   |   09:20:19   |   03:05:53   |
8670        |       -2346.65   |       -2367.97   |        21.3194   |   09:23:36   |   03:06:53   |
8671        |       -2345.64   |       -2367.51   |        21.8647   |   09:37:03   |   03:11:15   |
8672        |       -2344.66   |       -2366.58   |        21.9221   |   09:40:33   |   03:12:20   |
8673        |       -2346.42   |       -2365.35   |        18.9233   |   09:43:54   |   03:13:21   |
8674        |       -2346.22   |       -2363.77   |        17.5431   |   09:47:16   |   03:14:22   |
8675        |       -2345.03   |       -2364.78   |        19.7502   |   09:50:49   |   03:15:27   |
8676        |       -2347.74   |       -2364.83   |        17.0895   |   09:54:02   |   03:16:26   |
8677        |       -2346.61   |       -2364.32   |        17.7124   |   09:57:31   |   03:17:29   |
8678        |       -2349.89   |       -2366.76   |         16.869   |   10:00:56   |   03:18:32   |
8679        |        -2345.4   |       -2362.48   |        17.0751   |   10:04:11   |   03:19:30   |


Iter        |      Posterior   |     Likelihood   |          Prior   |    elapsed   |        ETA   |
----------------------------------------------------------------------------------------------------
8680        |       -2346.01   |       -2363.05   |         17.044   |   10:07:31   |   03:20:31   |
8681        |       -2347.14   |       -2365.36   |        18.2153   |   10:20:40   |   03:24:46   |
8682        |       -2346.04   |       -2365.25   |        19.2068   |   10:23:59   |   03:25:45   |
8683        |       -2345.34   |       -2364.31   |        18.9689   |   10:27:31   |   03:26:50   |
8684        |       -2344.12   |       -2365.14   |        21.0179   |   10:30:26   |   03:27:42   |
8685        |       -2344.56   |       -2362.73   |        18.1693   |   10:33:37   |   03:28:39   |
8686        |       -2344.01   |       -2364.23   |        20.2219   |   10:36:47   |   03:29:35   |
8687        |        -2344.7   |       -2361.92   |        17.2176   |   10:40:19   |   03:30:39   |
8688        |       -2342.48   |       -2362.14   |        19.6665   |   10:43:40   |   03:31:39   |
8689        |       -2345.78   |       -2365.79   |        20.0115   |   10:47:10   |   03:32:43   |
8690        |       -2346.37   |        -2364.5   |        18.1262   |   10:50:41   |   03:33:46   |
8691        |       -2344.12   |       -2363.42   |        19.3021   |   11:03:43   |   03:37:57   |
8692        |       -2346.29   |       -2365.16   |         18.861   |   11:07:12   |   03:38:59   |
8693        |       -2344.69   |       -2363.46   |        18.7641   |   11:10:44   |   03:40:03   |
8694        |       -2347.37   |       -2365.56   |        18.1953   |   11:14:17   |   03:41:06   |
8695        |       -2349.02   |       -2367.96   |          18.94   |   11:17:38   |   03:42:06   |
8696        |       -2353.69   |       -2373.62   |        19.9266   |   11:20:57   |   03:43:05   |
8697        |       -2352.47   |       -2371.55   |        19.0793   |   11:24:23   |   03:44:06   |
8698        |       -2347.52   |       -2366.72   |        19.1926   |   11:27:51   |   03:45:08   |
8699        |       -2350.78   |       -2372.15   |        21.3671   |   11:31:08   |   03:46:06   |


Iter        |      Posterior   |     Likelihood   |          Prior   |    elapsed   |        ETA   |
----------------------------------------------------------------------------------------------------
8700        |       -2349.16   |       -2370.98   |        21.8206   |   11:34:38   |   03:47:09   |
8701        |       -2349.16   |       -2370.98   |        21.8206   |   11:48:04   |   03:51:26   |
8702        |       -2347.84   |       -2367.32   |          19.48   |   11:51:16   |   03:52:22   |
8703        |       -2355.07   |       -2376.64   |        21.5623   |   11:54:29   |   03:53:19   |
8704        |       -2351.99   |       -2371.35   |        19.3608   |   11:57:59   |   03:54:21   |
8705        |       -2350.58   |       -2371.76   |        21.1884   |   12:01:08   |   03:55:16   |
8706        |       -2351.12   |       -2372.49   |        21.3657   |   12:04:19   |   03:56:11   |
8707        |       -2350.03   |       -2371.83   |        21.7984   |   12:07:48   |   03:57:13   |
8708        |       -2348.63   |       -2371.67   |        23.0318   |   12:11:09   |   03:58:12   |
8709        |       -2346.11   |       -2368.83   |         22.725   |   12:14:12   |   03:59:05   |
8710        |       -2346.23   |        -2368.5   |        22.2706   |   12:17:18   |   03:59:58   |
8711        |       -2348.48   |       -2367.82   |        19.3325   |   12:30:08   |   04:04:02   |
8712        |        -2350.6   |       -2373.46   |        22.8666   |   12:33:21   |   04:04:58   |
8713        |       -2347.62   |       -2371.87   |        24.2493   |   12:36:49   |   04:05:59   |
8714        |        -2350.3   |       -2374.55   |        24.2534   |   12:39:54   |   04:06:52   |
8715        |       -2349.33   |       -2374.97   |         25.646   |   12:42:51   |   04:07:43   |
8716        |       -2347.46   |       -2372.44   |        24.9806   |   12:45:54   |   04:08:35   |
8717        |       -2349.42   |       -2373.53   |        24.1105   |   12:49:11   |   04:09:32   |
8718        |       -2349.06   |       -2374.29   |        25.2261   |   12:52:19   |   04:10:26   |
8719        |       -2352.92   |       -2379.41   |        26.4878   |   12:55:28   |   04:11:20   |


Iter        |      Posterior   |     Likelihood   |          Prior   |    elapsed   |        ETA   |
----------------------------------------------------------------------------------------------------
8720        |       -2350.93   |       -2373.14   |        22.2141   |   12:58:59   |   04:12:21   |
8721        |        -2349.4   |       -2375.42   |        26.0208   |   13:12:12   |   04:16:31   |
8722        |        -2349.4   |       -2375.42   |        26.0208   |   13:15:50   |   04:17:34   |
8723        |       -2351.33   |       -2376.69   |        25.3618   |   13:18:54   |   04:18:27   |
8724        |       -2348.97   |       -2372.59   |        23.6212   |   13:22:04   |   04:19:21   |
8725        |       -2348.63   |       -2369.29   |         20.656   |   13:25:25   |   04:20:19   |
8726        |       -2345.29   |       -2367.47   |        22.1794   |   13:28:46   |   04:21:16   |
8727        |       -2345.88   |       -2367.53   |        21.6506   |   13:32:21   |   04:22:18   |
8728        |       -2345.88   |       -2367.53   |        21.6506   |   13:36:08   |   04:23:24   |
8729        |       -2345.88   |       -2367.53   |        21.6506   |   13:39:45   |   04:24:27   |
8730        |       -2348.43   |       -2371.71   |        23.2786   |   13:43:07   |   04:25:24   |
8731        |          -2350   |       -2370.82   |        20.8144   |   13:55:51   |   04:29:23   |
8732        |       -2350.57   |       -2372.34   |        21.7698   |   13:59:28   |   04:30:25   |
8733        |       -2348.49   |       -2370.57   |        22.0731   |   14:02:58   |   04:31:25   |
8734        |       -2349.88   |       -2371.02   |         21.134   |   14:06:15   |   04:32:21   |
8735        |       -2347.67   |       -2367.59   |        19.9231   |   14:09:14   |   04:33:11   |
8736        |       -2348.22   |       -2368.34   |        20.1144   |   14:12:25   |   04:34:05   |
8737        |       -2350.19   |       -2368.15   |        17.9646   |   14:15:47   |   04:35:02   |
8738        |       -2350.78   |       -2368.76   |        17.9823   |   14:19:16   |   04:36:01   |
8739        |       -2350.66   |       -2371.49   |        20.8224   |   14:22:40   |   04:36:59   |


Iter        |      Posterior   |     Likelihood   |          Prior   |    elapsed   |        ETA   |
----------------------------------------------------------------------------------------------------
8740        |       -2352.84   |       -2369.36   |        16.5203   |   14:25:50   |   04:37:52   |
8741        |       -2357.96   |       -2370.21   |        12.2553   |   14:39:12   |   04:42:02   |
8742        |       -2359.98   |       -2371.13   |        11.1463   |   14:42:38   |   04:43:00   |
8743        |       -2356.87   |       -2371.29   |          14.42   |   14:46:26   |   04:44:05   |
8744        |       -2352.43   |       -2365.48   |        13.0531   |   14:50:08   |   04:45:08   |
8745        |       -2351.28   |       -2367.77   |        16.4973   |   14:53:31   |   04:46:05   |
8746        |       -2348.31   |       -2370.26   |        21.9532   |   14:56:50   |   04:47:00   |
8747        |       -2347.84   |       -2370.34   |        22.4981   |   15:00:19   |   04:47:59   |
8748        |        -2347.9   |       -2370.15   |        22.2587   |   15:03:38   |   04:48:55   |
8749        |       -2348.42   |       -2367.59   |        19.1647   |   15:06:49   |   04:49:47   |
8750        |       -2350.19   |       -2369.48   |        19.2865   |   15:10:34   |   04:50:51   |
8751        |       -2351.03   |       -2371.35   |        20.3196   |   15:23:35   |   04:54:52   |
8752        |       -2349.91   |       -2370.31   |        20.4042   |   15:26:50   |   04:55:46   |
8753        |       -2351.43   |       -2372.01   |        20.5794   |   15:30:57   |   04:56:57   |
8754        |       -2354.45   |       -2371.64   |        17.1866   |   15:35:09   |   04:58:08   |
8755        |       -2352.07   |       -2371.91   |         19.834   |   15:39:22   |   04:59:21   |
8756        |       -2351.35   |       -2370.83   |        19.4882   |   15:43:43   |   05:00:35   |
8757        |       -2348.95   |       -2368.47   |        19.5167   |   15:47:31   |   05:01:39   |
8758        |       -2346.31   |       -2366.43   |        20.1227   |   15:51:37   |   05:02:49   |
8759        |       -2345.58   |       -2365.36   |        19.7772   |   15:55:36   |   05:03:57   |


Iter        |      Posterior   |     Likelihood   |          Prior   |    elapsed   |        ETA   |
----------------------------------------------------------------------------------------------------
8760        |        -2346.2   |       -2365.31   |        19.1023   |   15:59:07   |   05:04:55   |
8761        |       -2345.94   |       -2364.93   |          18.99   |   16:12:04   |   05:08:53   |
8762        |       -2346.86   |       -2364.45   |        17.5877   |   16:15:20   |   05:09:47   |
8763        |       -2345.89   |       -2364.23   |        18.3412   |   16:18:35   |   05:10:40   |
8764        |       -2347.83   |       -2363.82   |        15.9992   |   16:22:14   |   05:11:40   |
8765        |       -2349.08   |       -2365.75   |        16.6697   |   16:25:06   |   05:12:26   |
8766        |       -2346.88   |       -2364.69   |        17.8188   |   16:28:26   |   05:13:21   |
8767        |       -2345.62   |          -2365   |        19.3825   |   16:31:30   |   05:14:10   |
8768        |       -2344.35   |       -2365.15   |        20.8066   |   16:34:37   |   05:15:00   |
8769        |       -2344.87   |       -2365.66   |        20.7876   |   16:37:53   |   05:15:53   |
8770        |       -2345.87   |       -2366.92   |        21.0458   |   16:40:53   |   05:16:41   |
8771        |       -2348.73   |       -2365.82   |        17.0959   |   16:53:56   |   05:20:40   |
8772        |       -2346.85   |       -2365.15   |        18.2922   |   16:56:55   |   05:21:28   |
8773        |       -2348.62   |       -2366.49   |        17.8708   |   17:00:21   |   05:22:23   |
8774        |       -2346.63   |       -2364.81   |        18.1808   |   17:03:41   |   05:23:17   |
8775        |       -2347.02   |       -2365.64   |        18.6145   |   17:06:43   |   05:24:06   |
8776        |       -2348.34   |       -2369.21   |        20.8754   |   17:10:02   |   05:24:59   |
8777        |       -2348.56   |       -2366.27   |        17.7043   |   17:13:21   |   05:25:53   |
8778        |       -2348.73   |       -2368.86   |        20.1324   |   17:16:30   |   05:26:43   |
8779        |       -2346.25   |       -2364.09   |        17.8351   |   17:19:45   |   05:27:35   |


Iter        |      Posterior   |     Likelihood   |          Prior   |    elapsed   |        ETA   |
----------------------------------------------------------------------------------------------------
8780        |       -2348.11   |       -2368.45   |        20.3486   |   17:23:13   |   05:28:31   |
8781        |       -2345.93   |       -2366.51   |        20.5807   |   17:36:04   |   05:32:25   |
8782        |       -2345.67   |       -2365.84   |        20.1694   |   17:39:27   |   05:33:19   |
8783        |       -2349.94   |        -2370.6   |        20.6645   |   17:42:34   |   05:34:08   |
8784        |       -2349.94   |        -2370.6   |        20.6645   |   17:46:16   |   05:35:09   |
8785        |       -2349.94   |        -2370.6   |        20.6645   |   17:49:55   |   05:36:08   |
8786        |       -2347.47   |       -2370.17   |        22.6985   |   17:53:01   |   05:36:57   |
8787        |       -2348.62   |       -2372.66   |        24.0432   |   17:56:04   |   05:37:44   |
8788        |       -2345.43   |       -2367.54   |        22.1071   |   17:59:14   |   05:38:34   |
8789        |       -2343.96   |        -2364.2   |        20.2369   |   18:02:31   |   05:39:26   |
8790        |        -2347.7   |       -2367.51   |        19.8155   |   18:05:49   |   05:40:19   |
8791        |       -2348.36   |          -2367   |        18.6331   |   18:19:11   |   05:44:20   |
8792        |       -2345.52   |       -2364.18   |        18.6601   |   18:22:33   |   05:45:14   |
8793        |       -2345.34   |       -2364.48   |        19.1487   |   18:25:57   |   05:46:08   |
8794        |       -2345.73   |       -2365.24   |        19.5114   |   18:29:16   |   05:47:00   |
8795        |       -2347.26   |       -2367.72   |        20.4571   |   18:32:38   |   05:47:53   |
8796        |       -2347.26   |       -2367.72   |        20.4571   |   18:36:11   |   05:48:50   |
8797        |       -2347.96   |       -2368.16   |        20.1998   |   18:39:22   |   05:49:40   |
8798        |       -2347.02   |        -2367.9   |        20.8831   |   18:42:26   |   05:50:27   |
8799        |       -2347.02   |        -2367.9   |        20.8831   |   18:45:59   |   05:51:23   |


Iter        |      Posterior   |     Likelihood   |          Prior   |    elapsed   |        ETA   |
----------------------------------------------------------------------------------------------------
8800        |       -2343.98   |          -2365   |         21.021   |   18:49:10   |   05:52:13   |
8801        |       -2349.12   |       -2368.56   |        19.4378   |   19:02:00   |   05:56:03   |
8802        |       -2346.02   |       -2366.13   |        20.1092   |   19:05:29   |   05:56:58   |
8803        |       -2348.13   |       -2368.99   |        20.8527   |   19:08:38   |   05:57:46   |
8804        |       -2348.41   |       -2371.29   |        22.8804   |   19:11:39   |   05:58:32   |
8805        |       -2346.11   |       -2368.92   |        22.8142   |   19:15:03   |   05:59:26   |
8806        |       -2346.03   |       -2368.68   |        22.6534   |   19:18:44   |   06:00:24   |
8807        |        -2346.8   |       -2369.48   |        22.6753   |   19:22:06   |   06:01:17   |
8808        |       -2344.86   |       -2366.78   |        21.9152   |   19:25:43   |   06:02:14   |
8809        |       -2346.11   |       -2369.58   |        23.4729   |   19:29:02   |   06:03:05   |
8810        |       -2347.23   |        -2371.6   |        24.3677   |   19:32:22   |   06:03:57   |
8811        |       -2345.28   |       -2370.88   |        25.6022   |   19:44:50   |   06:07:38   |
8812        |       -2348.84   |       -2374.37   |        25.5333   |   19:47:58   |   06:08:26   |
8813        |       -2348.72   |       -2373.06   |        24.3468   |   19:51:20   |   06:09:18   |
8814        |       -2348.42   |       -2372.98   |        24.5635   |   19:54:29   |   06:10:06   |
8815        |       -2345.68   |        -2369.9   |        24.2192   |   19:57:44   |   06:10:56   |
8816        |       -2346.33   |       -2370.47   |        24.1359   |   20:01:07   |   06:11:48   |
8817        |        -2348.5   |       -2369.98   |        21.4803   |   20:04:32   |   06:12:41   |
8818        |       -2352.17   |       -2373.05   |        20.8866   |   20:07:51   |   06:13:31   |
8819        |       -2346.73   |       -2368.35   |         21.615   |   20:11:22   |   06:14:26   |


Iter        |      Posterior   |     Likelihood   |          Prior   |    elapsed   |        ETA   |
----------------------------------------------------------------------------------------------------
8820        |       -2344.69   |       -2369.06   |        24.3703   |   20:14:22   |   06:15:11   |
8821        |       -2348.35   |       -2372.06   |        23.7135   |   20:27:04   |   06:18:55   |
8822        |       -2345.97   |       -2369.19   |         23.217   |   20:30:26   |   06:19:47   |
8823        |       -2346.34   |       -2369.34   |        22.9992   |   20:34:22   |   06:20:49   |
8824        |       -2346.55   |       -2368.61   |        22.0576   |   20:38:28   |   06:21:53   |
8825        |       -2344.72   |       -2367.47   |        22.7515   |   20:42:31   |   06:22:57   |
8826        |       -2346.87   |       -2370.91   |        24.0453   |   20:46:40   |   06:24:03   |
8827        |       -2347.99   |       -2371.95   |          23.96   |   20:50:32   |   06:25:03   |
8828        |       -2352.43   |       -2376.36   |        23.9291   |   20:54:06   |   06:25:58   |
8829        |       -2355.58   |       -2379.99   |        24.4028   |   20:57:46   |   06:26:55   |
8830        |       -2352.68   |       -2375.94   |        23.2602   |   21:01:24   |   06:27:50   |
8831        |       -2348.53   |       -2370.71   |        22.1835   |   21:15:13   |   06:31:54   |
8832        |       -2348.74   |       -2369.08   |        20.3378   |   21:19:03   |   06:32:53   |
8833        |       -2348.74   |       -2369.08   |        20.3378   |   21:23:18   |   06:34:00   |
8834        |       -2349.78   |       -2371.87   |         22.089   |   21:27:00   |   06:34:57   |
8835        |       -2351.88   |       -2375.07   |        23.1945   |   21:30:23   |   06:35:48   |
8836        |       -2349.09   |       -2372.46   |        23.3648   |   21:33:36   |   06:36:36   |
8837        |       -2349.39   |       -2369.82   |        20.4333   |   21:37:13   |   06:37:31   |
8838        |       -2349.79   |       -2370.07   |        20.2778   |   21:40:45   |   06:38:24   |
8839        |       -2350.27   |       -2369.61   |        19.3402   |   21:44:27   |   06:39:20   |


Iter        |      Posterior   |     Likelihood   |          Prior   |    elapsed   |        ETA   |
----------------------------------------------------------------------------------------------------
8840        |       -2352.28   |       -2374.17   |        21.8921   |   21:47:35   |   06:40:06   |
8841        |       -2352.28   |       -2374.17   |        21.8921   |   22:00:58   |   06:44:00   |
8842        |       -2350.84   |       -2369.99   |        19.1482   |   22:04:29   |   06:44:53   |
8843        |       -2354.43   |       -2369.63   |           15.2   |   22:07:51   |   06:45:43   |
8844        |       -2353.38   |       -2370.69   |        17.3003   |   22:11:23   |   06:46:36   |
8845        |       -2348.08   |       -2367.22   |        19.1427   |   22:14:50   |   06:47:28   |
8846        |       -2344.55   |       -2366.32   |        21.7661   |   22:18:03   |   06:48:15   |
8847        |       -2347.33   |       -2367.49   |        20.1577   |   22:21:35   |   06:49:07   |
8848        |        -2347.8   |       -2367.89   |         20.097   |   22:25:17   |   06:50:03   |
8849        |       -2347.86   |       -2367.79   |        19.9292   |   22:29:21   |   06:51:06   |
8850        |       -2347.96   |       -2364.35   |        16.3953   |   22:32:46   |   06:51:56   |
8851        |       -2347.42   |       -2365.37   |        17.9546   |   22:46:16   |   06:55:51   |
8852        |       -2345.83   |       -2365.85   |        20.0169   |   22:49:57   |   06:56:46   |
8853        |       -2349.31   |       -2368.46   |        19.1556   |   22:53:31   |   06:57:39   |
8854        |       -2348.48   |        -2369.4   |        20.9228   |   22:56:53   |   06:58:28   |
8855        |       -2347.81   |       -2369.35   |        21.5492   |   23:00:20   |   06:59:19   |
8856        |       -2352.66   |       -2378.82   |        26.1575   |   23:03:22   |   07:00:02   |
8857        |        -2348.8   |       -2373.81   |        25.0129   |   23:06:26   |   07:00:46   |
8858        |       -2352.73   |       -2377.24   |        24.5065   |   23:09:33   |   07:01:30   |
8859        |        -2354.3   |       -2378.91   |        24.6035   |   23:12:52   |   07:02:18   |


Iter        |      Posterior   |     Likelihood   |          Prior   |    elapsed   |        ETA   |
----------------------------------------------------------------------------------------------------
8860        |       -2353.54   |       -2377.97   |        24.4282   |   23:16:00   |   07:03:03   |
8861        |       -2354.49   |       -2377.94   |        23.4422   |   23:28:26   |   07:06:36   |
8862        |       -2358.89   |       -2382.03   |         23.145   |   23:31:50   |   07:07:26   |
8863        |       -2357.43   |       -2380.43   |        23.0017   |   23:35:37   |   07:08:22   |
8864        |       -2355.39   |       -2378.22   |        22.8294   |   23:39:04   |   07:09:12   |
8865        |       -2353.39   |       -2376.12   |        22.7324   |   23:42:36   |   07:10:04   |
8866        |       -2350.84   |       -2374.41   |        23.5689   |   23:45:40   |   07:10:47   |
8867        |       -2348.06   |       -2371.59   |        23.5272   |   23:48:57   |   07:11:34   |
8868        |       -2344.85   |       -2368.75   |        23.9063   |   23:52:20   |   07:12:22   |
8869        |       -2347.22   |       -2370.05   |        22.8249   |   23:55:43   |   07:13:11   |
8870        |       -2347.24   |       -2369.37   |         22.135   |   23:59:07   |   07:14:00   |
8871        |       -2347.33   |       -2369.54   |          22.21   |   24:12:05   |   07:17:42   |
8872        |       -2347.33   |       -2369.54   |          22.21   |   24:15:41   |   07:18:34   |
8873        |       -2347.33   |       -2369.54   |          22.21   |   24:19:09   |   07:19:24   |
8874        |       -2347.33   |       -2369.54   |          22.21   |   24:22:34   |   07:20:13   |
8875        |       -2347.33   |       -2369.54   |          22.21   |   24:26:09   |   07:21:05   |
8876        |       -2347.33   |       -2369.54   |          22.21   |   24:29:43   |   07:21:56   |
8877        |       -2347.33   |       -2369.54   |          22.21   |   24:33:15   |   07:22:47   |
8878        |       -2347.48   |       -2368.63   |        21.1551   |   24:36:33   |   07:23:33   |
8879        |       -2347.48   |       -2368.63   |        21.1551   |   24:40:01   |   07:24:23   |


Iter        |      Posterior   |     Likelihood   |          Prior   |    elapsed   |        ETA   |
----------------------------------------------------------------------------------------------------
8880        |       -2347.48   |       -2368.63   |        21.1551   |   24:43:40   |   07:25:16   |
8881        |       -2348.49   |        -2369.3   |        20.8041   |   24:57:03   |   07:29:03   |
8882        |       -2348.49   |        -2369.3   |        20.8041   |   25:01:06   |   07:30:03   |
8883        |       -2348.49   |        -2369.3   |        20.8041   |   25:05:26   |   07:31:08   |
8884        |       -2348.49   |        -2369.3   |        20.8041   |   25:09:14   |   07:32:03   |
8885        |       -2348.49   |        -2369.3   |        20.8041   |   25:13:00   |   07:32:57   |
8886        |       -2346.08   |       -2367.01   |        20.9314   |   25:16:26   |   07:33:46   |
8887        |       -2344.62   |       -2366.94   |         22.316   |   25:19:36   |   07:34:29   |
8888        |       -2345.03   |       -2368.59   |        23.5629   |   25:23:08   |   07:35:19   |
8889        |       -2344.12   |       -2366.05   |        21.9237   |   25:26:26   |   07:36:05   |
8890        |        -2345.8   |       -2368.44   |        22.6393   |   25:29:35   |   07:36:48   |
8891        |        -2350.3   |       -2370.32   |        20.0232   |   25:42:27   |   07:40:25   |
8892        |       -2349.77   |        -2369.6   |        19.8268   |   25:45:58   |   07:41:15   |
8893        |       -2350.55   |        -2372.2   |        21.6513   |   25:49:22   |   07:42:02   |
8894        |       -2346.79   |       -2368.88   |        22.0858   |   25:52:39   |   07:42:47   |
8895        |       -2345.09   |       -2366.65   |        21.5594   |   25:55:58   |   07:43:33   |
8896        |       -2345.48   |        -2367.5   |        22.0254   |   25:59:21   |   07:44:20   |
8897        |       -2344.58   |       -2366.86   |        22.2779   |   26:02:31   |   07:45:02   |
8898        |       -2346.11   |       -2368.97   |        22.8631   |   26:06:05   |   07:45:52   |
8899        |       -2345.58   |          -2369   |         23.418   |   26:09:20   |   07:46:37   |


Iter        |      Posterior   |     Likelihood   |          Prior   |    elapsed   |        ETA   |
----------------------------------------------------------------------------------------------------
8900        |       -2345.94   |       -2369.04   |        23.1051   |   26:12:42   |   07:47:23   |
8901        |       -2347.38   |       -2370.25   |        22.8724   |   26:25:43   |   07:51:01   |
8902        |       -2343.76   |       -2364.14   |        20.3802   |   26:28:48   |   07:51:42   |
8903        |       -2344.37   |       -2363.66   |        19.2864   |   26:32:19   |   07:52:31   |
8904        |       -2344.37   |       -2363.66   |        19.2864   |   26:36:03   |   07:53:24   |
8905        |       -2344.28   |        -2364.3   |        20.0281   |   26:39:54   |   07:54:18   |
8906        |       -2344.18   |       -2364.32   |        20.1396   |   26:43:01   |   07:55:00   |
8907        |       -2344.51   |        -2361.3   |        16.7911   |   26:46:33   |   07:55:48   |
8908        |       -2347.88   |        -2365.7   |        17.8259   |   26:50:04   |   07:56:37   |
8909        |       -2349.86   |       -2367.24   |        17.3817   |   26:53:20   |   07:57:21   |
8910        |       -2348.77   |       -2366.74   |        17.9675   |   26:56:48   |   07:58:08   |
8911        |       -2346.85   |       -2366.03   |        19.1798   |   27:10:09   |   08:01:51   |
8912        |       -2351.73   |       -2370.15   |        18.4235   |   27:13:45   |   08:02:40   |
8913        |       -2351.73   |       -2370.15   |        18.4235   |   27:17:28   |   08:03:32   |
8914        |        -2349.6   |       -2370.31   |        20.7146   |   27:20:59   |   08:04:20   |
8915        |       -2347.87   |       -2370.42   |        22.5454   |   27:24:40   |   08:05:11   |
8916        |       -2344.79   |       -2367.36   |        22.5726   |   27:28:13   |   08:05:59   |
8917        |       -2347.16   |       -2367.16   |        20.0017   |   27:31:57   |   08:06:51   |
8918        |       -2344.58   |       -2365.09   |        20.5133   |   27:35:15   |   08:07:35   |
8919        |       -2346.41   |       -2366.94   |        20.5261   |   27:38:36   |   08:08:20   |


Iter        |      Posterior   |     Likelihood   |          Prior   |    elapsed   |        ETA   |
----------------------------------------------------------------------------------------------------
8920        |       -2350.85   |        -2364.7   |        13.8557   |   27:42:23   |   08:09:12   |
8921        |       -2354.33   |       -2366.04   |         11.713   |   27:56:26   |   08:13:06   |
8922        |       -2349.64   |       -2363.98   |        14.3406   |   27:59:35   |   08:13:47   |
8923        |       -2350.19   |       -2367.36   |        17.1673   |   28:02:33   |   08:14:24   |
8924        |        -2346.9   |       -2366.95   |        20.0502   |   28:05:39   |   08:15:04   |
8925        |        -2344.2   |       -2364.24   |        20.0453   |   28:09:04   |   08:15:50   |
8926        |       -2345.31   |       -2364.02   |        18.7142   |   28:12:18   |   08:16:32   |
8927        |       -2345.56   |       -2364.22   |        18.6536   |   28:15:08   |   08:17:07   |
8928        |       -2349.41   |        -2369.3   |        19.8872   |   28:18:13   |   08:17:47   |
8929        |       -2347.39   |       -2366.68   |        19.2841   |   28:21:26   |   08:18:28   |
8930        |       -2347.07   |       -2366.95   |          19.88   |   28:24:45   |   08:19:12   |
8931        |       -2349.25   |        -2368.9   |        19.6463   |   28:38:52   |   08:23:05   |
8932        |       -2351.43   |       -2369.94   |        18.5089   |   28:42:42   |   08:23:57   |
8933        |       -2353.95   |       -2372.44   |        18.4824   |   28:46:28   |   08:24:49   |
8934        |       -2353.95   |       -2372.44   |        18.4824   |   28:50:08   |   08:25:38   |
8935        |       -2348.44   |       -2366.57   |        18.1345   |   28:53:39   |   08:26:24   |
8936        |       -2347.44   |       -2367.02   |        19.5782   |   28:57:24   |   08:27:15   |
8937        |       -2348.76   |       -2368.65   |        19.8881   |   29:00:33   |   08:27:55   |
8938        |       -2347.73   |        -2367.7   |        19.9697   |   29:04:17   |   08:28:45   |
8939        |       -2348.51   |       -2366.44   |        17.9359   |   29:07:33   |   08:29:27   |


Iter        |      Posterior   |     Likelihood   |          Prior   |    elapsed   |        ETA   |
----------------------------------------------------------------------------------------------------
8940        |       -2346.94   |       -2364.04   |        17.0946   |   29:10:41   |   08:30:07   |
8941        |       -2350.05   |       -2363.25   |        13.2073   |   29:23:46   |   08:33:41   |
8942        |       -2352.77   |       -2367.07   |        14.3059   |   29:27:50   |   08:34:36   |
8943        |       -2346.85   |       -2362.97   |        16.1184   |   29:31:25   |   08:35:24   |
8944        |       -2349.18   |       -2366.49   |        17.3145   |   29:34:39   |   08:36:05   |
8945        |       -2349.14   |       -2366.48   |        17.3376   |   29:38:23   |   08:36:54   |
8946        |       -2347.36   |       -2366.12   |        18.7579   |   29:41:39   |   08:37:36   |
8947        |       -2346.76   |       -2363.25   |         16.492   |   29:44:56   |   08:38:18   |
8948        |       -2346.55   |       -2365.26   |        18.7039   |   29:48:16   |   08:39:00   |
8949        |        -2346.2   |        -2364.6   |        18.3978   |   29:51:40   |   08:39:44   |
8950        |       -2346.05   |        -2364.5   |         18.447   |   29:55:39   |   08:40:38   |
8951        |       -2344.39   |       -2364.14   |        19.7504   |   30:08:45   |   08:44:10   |
8952        |       -2347.52   |       -2367.87   |        20.3519   |   30:12:19   |   08:44:56   |
8953        |       -2351.35   |       -2370.87   |         19.521   |   30:16:34   |   08:45:55   |
8954        |       -2352.02   |       -2371.52   |        19.4925   |   30:20:45   |   08:46:51   |
8955        |       -2353.81   |       -2373.24   |        19.4277   |   30:24:44   |   08:47:45   |
8956        |       -2352.28   |       -2373.25   |         20.977   |   30:28:52   |   08:48:41   |
8957        |       -2352.49   |       -2372.86   |        20.3725   |   30:32:44   |   08:49:32   |
8958        |       -2350.36   |       -2371.13   |        20.7734   |   30:36:21   |   08:50:19   |
8959        |        -2350.4   |       -2372.47   |        22.0739   |   30:39:36   |   08:50:59   |


Iter        |      Posterior   |     Likelihood   |          Prior   |    elapsed   |        ETA   |
----------------------------------------------------------------------------------------------------
8960        |       -2350.92   |        -2373.2   |        22.2787   |   30:43:05   |   08:51:44   |
8961        |       -2349.59   |       -2370.64   |        21.0476   |   30:55:52   |   08:55:09   |
8962        |       -2351.64   |       -2371.82   |        20.1776   |   30:58:50   |   08:55:44   |
8963        |       -2351.06   |        -2372.2   |        21.1469   |   31:01:57   |   08:56:22   |
8964        |       -2350.54   |       -2371.43   |        20.8854   |   31:05:24   |   08:57:06   |
8965        |       -2351.61   |        -2372.3   |        20.6922   |   31:08:42   |   08:57:47   |
8966        |       -2353.53   |       -2373.63   |        20.1034   |   31:12:10   |   08:58:30   |
8967        |       -2352.13   |       -2373.13   |        21.0053   |   31:15:33   |   08:59:13   |
8968        |       -2353.48   |       -2376.39   |         22.909   |   31:18:38   |   08:59:50   |
8969        |       -2352.74   |       -2376.63   |        23.8851   |   31:21:20   |   09:00:20   |
8970        |       -2351.44   |       -2375.28   |        23.8391   |   31:24:26   |   09:00:57   |
8971        |       -2353.54   |       -2378.32   |        24.7847   |   31:37:26   |   09:04:25   |
8972        |       -2351.17   |       -2373.71   |        22.5363   |   31:40:25   |   09:05:00   |
8973        |       -2349.87   |       -2371.79   |        21.9202   |   31:43:46   |   09:05:41   |
8974        |       -2350.04   |       -2375.25   |        25.2121   |   31:47:06   |   09:06:22   |
8975        |       -2350.28   |       -2374.89   |        24.6039   |   31:50:15   |   09:07:00   |
8976        |       -2352.11   |       -2376.61   |        24.4971   |   31:53:08   |   09:07:33   |
8977        |        -2350.6   |       -2373.57   |        22.9695   |   31:56:08   |   09:08:08   |
8978        |       -2353.27   |       -2376.12   |        22.8589   |   31:59:22   |   09:08:47   |
8979        |       -2350.47   |       -2374.36   |         23.885   |   32:02:25   |   09:09:23   |


Iter        |      Posterior   |     Likelihood   |          Prior   |    elapsed   |        ETA   |
----------------------------------------------------------------------------------------------------
8980        |       -2351.92   |       -2375.48   |        23.5619   |   32:05:25   |   09:09:57   |
8981        |       -2350.55   |       -2373.58   |         23.031   |   32:17:27   |   09:13:07   |
8982        |       -2351.63   |       -2374.59   |         22.958   |   32:20:36   |   09:13:44   |
8983        |       -2354.01   |       -2376.53   |        22.5227   |   32:23:57   |   09:14:25   |
8984        |        -2353.8   |       -2377.31   |        23.5057   |   32:27:02   |   09:15:01   |
8985        |       -2353.96   |       -2377.31   |        23.3524   |   32:30:18   |   09:15:40   |
8986        |       -2355.12   |       -2378.48   |        23.3687   |   32:33:14   |   09:16:14   |
8987        |       -2350.69   |       -2373.31   |         22.619   |   32:36:02   |   09:16:45   |
8988        |       -2349.07   |       -2372.36   |        23.2898   |   32:39:08   |   09:17:21   |
8989        |       -2349.07   |       -2372.36   |        23.2898   |   32:42:32   |   09:18:02   |
8990        |       -2349.37   |       -2372.66   |        23.2895   |   32:45:26   |   09:18:35   |
8991        |       -2348.72   |       -2372.18   |        23.4607   |   32:57:45   |   09:21:48   |
8992        |       -2346.86   |       -2370.95   |        24.0917   |   33:00:32   |   09:22:18   |
8993        |       -2346.89   |       -2370.06   |        23.1714   |   33:03:32   |   09:22:52   |
8994        |       -2346.96   |       -2370.44   |        23.4803   |   33:06:29   |   09:23:25   |
8995        |       -2347.16   |        -2370.3   |        23.1451   |   33:09:12   |   09:23:55   |
8996        |       -2348.34   |       -2368.87   |        20.5292   |   33:11:55   |   09:24:24   |
8997        |       -2347.29   |          -2370   |        22.7164   |   33:14:42   |   09:24:54   |
8998        |       -2346.93   |       -2370.04   |        23.1082   |   33:17:41   |   09:25:28   |
8999        |       -2350.75   |        -2374.6   |        23.8565   |   33:20:56   |   09:26:06   |


Iter        |      Posterior   |     Likelihood   |          Prior   |    elapsed   |        ETA   |
----------------------------------------------------------------------------------------------------
9000        |       -2347.23   |       -2370.44   |        23.2103   |   33:24:04   |   09:26:42   |
9001        |       -2345.23   |       -2368.33   |        23.0969   |   33:37:26   |   09:30:11   |
9002        |       -2348.44   |       -2371.99   |        23.5526   |   33:40:35   |   09:30:48   |
9003        |       -2348.36   |       -2372.31   |        23.9542   |   33:43:52   |   09:31:26   |
9004        |       -2347.14   |        -2371.3   |        24.1659   |   33:46:57   |   09:32:01   |
9005        |       -2347.14   |        -2371.3   |        24.1659   |   33:50:28   |   09:32:43   |
9006        |       -2346.48   |       -2367.61   |        21.1356   |   33:53:46   |   09:33:21   |
9007        |       -2346.48   |       -2367.61   |        21.1356   |   33:57:35   |   09:34:09   |
9008        |       -2346.48   |       -2367.61   |        21.1356   |   34:01:12   |   09:34:52   |
9009        |       -2346.48   |       -2367.61   |        21.1356   |   34:04:57   |   09:35:38   |
9010        |       -2345.94   |       -2367.03   |        21.0842   |   34:08:23   |   09:36:19   |
9011        |       -2348.68   |        -2370.3   |        21.6222   |   34:21:49   |   09:39:48   |
9012        |       -2347.97   |       -2370.49   |        22.5219   |   34:25:16   |   09:40:29   |
9013        |       -2347.97   |       -2370.49   |        22.5219   |   34:28:40   |   09:41:08   |
9014        |       -2347.97   |       -2370.49   |        22.5219   |   34:32:27   |   09:41:54   |
9015        |       -2347.97   |       -2370.49   |        22.5219   |   34:35:56   |   09:42:35   |
9016        |       -2347.97   |       -2370.49   |        22.5219   |   34:39:50   |   09:43:23   |
9017        |       -2347.97   |       -2370.49   |        22.5219   |   34:43:39   |   09:44:10   |
9018        |       -2347.97   |       -2370.49   |        22.5219   |   34:47:57   |   09:45:04   |
9019        |       -2349.57   |       -2372.42   |        22.8452   |   34:52:27   |   09:46:02   |


Iter        |      Posterior   |     Likelihood   |          Prior   |    elapsed   |        ETA   |
----------------------------------------------------------------------------------------------------
9020        |       -2349.03   |        -2371.8   |         22.769   |   34:56:43   |   09:46:56   |
9021        |       -2354.08   |       -2377.84   |        23.7618   |   35:09:44   |   09:50:17   |
9022        |        -2352.4   |       -2374.79   |        22.3855   |   35:13:31   |   09:51:02   |
9023        |       -2348.21   |       -2368.97   |        20.7634   |   35:17:17   |   09:51:47   |
9024        |       -2347.93   |       -2369.34   |        21.4076   |   35:20:50   |   09:52:29   |
9025        |       -2347.95   |       -2369.44   |        21.4877   |   35:24:33   |   09:53:13   |
9026        |       -2346.55   |       -2365.34   |        18.7985   |   35:28:21   |   09:53:59   |
9027        |       -2346.84   |       -2366.03   |        19.1925   |   35:31:58   |   09:54:41   |
9028        |       -2346.79   |       -2364.92   |        18.1286   |   35:35:29   |   09:55:22   |
9029        |       -2347.55   |        -2366.1   |        18.5588   |   35:38:39   |   09:55:57   |
9030        |        -2344.6   |       -2365.16   |          20.56   |   35:41:30   |   09:56:26   |
9031        |        -2344.6   |       -2365.16   |          20.56   |   35:55:38   |   10:00:04   |
9032        |       -2344.75   |       -2367.06   |        22.3073   |   35:59:16   |   10:00:46   |
9033        |       -2346.11   |       -2369.57   |        23.4594   |   36:02:36   |   10:01:24   |
9034        |       -2345.06   |       -2367.83   |        22.7648   |   36:05:48   |   10:01:59   |
9035        |        -2348.8   |       -2373.78   |        24.9743   |   36:09:00   |   10:02:34   |
9036        |       -2346.41   |       -2370.97   |        24.5607   |   36:12:18   |   10:03:10   |
9037        |       -2346.73   |       -2369.94   |         23.216   |   36:16:02   |   10:03:54   |
9038        |       -2346.59   |       -2369.73   |        23.1387   |   36:19:52   |   10:04:39   |
9039        |       -2349.36   |       -2369.97   |        20.6098   |   36:23:44   |   10:05:25   |


Iter        |      Posterior   |     Likelihood   |          Prior   |    elapsed   |        ETA   |
----------------------------------------------------------------------------------------------------
9040        |       -2348.09   |       -2367.62   |        19.5328   |   36:27:25   |   10:06:08   |
9041        |       -2349.95   |       -2367.44   |        17.4907   |   36:40:46   |   10:09:31   |
9042        |       -2351.59   |       -2368.39   |        16.8059   |   36:44:10   |   10:10:09   |
9043        |        -2353.4   |       -2369.17   |        15.7721   |   36:48:04   |   10:10:55   |
9044        |       -2353.43   |       -2367.43   |        13.9955   |   36:52:02   |   10:11:42   |
9045        |       -2353.02   |       -2368.64   |        15.6157   |   36:56:09   |   10:12:32   |
9046        |       -2350.44   |       -2368.44   |        17.9954   |   36:59:39   |   10:13:11   |
9047        |       -2348.78   |       -2367.32   |        18.5404   |   37:03:17   |   10:13:52   |
9048        |       -2347.58   |       -2368.41   |        20.8318   |   37:07:00   |   10:14:35   |
9049        |        -2352.8   |       -2370.38   |        17.5801   |   37:10:29   |   10:15:14   |
9050        |        -2352.8   |       -2370.38   |        17.5801   |   37:14:54   |   10:16:08   |
9051        |       -2351.03   |       -2366.83   |        15.7941   |   37:28:24   |   10:19:32   |
9052        |       -2352.16   |       -2367.13   |        14.9695   |   37:31:59   |   10:20:12   |
9053        |       -2351.22   |        -2367.9   |         16.683   |   37:35:26   |   10:20:50   |
9054        |        -2351.9   |       -2370.35   |        18.4411   |   37:38:57   |   10:21:29   |
9055        |       -2351.54   |       -2369.24   |        17.6998   |   37:42:50   |   10:22:14   |
9056        |       -2353.79   |       -2371.53   |        17.7379   |   37:46:17   |   10:22:52   |
9057        |       -2353.79   |       -2371.53   |        17.7379   |   37:50:22   |   10:23:40   |
9058        |       -2352.88   |       -2370.28   |        17.3966   |   37:54:06   |   10:24:23   |
9059        |       -2353.47   |       -2369.95   |        16.4811   |   37:57:15   |   10:24:55   |


Iter        |      Posterior   |     Likelihood   |          Prior   |    elapsed   |        ETA   |
----------------------------------------------------------------------------------------------------
9060        |       -2351.47   |       -2368.14   |        16.6678   |   38:00:44   |   10:25:33   |
9061        |       -2353.73   |       -2370.46   |        16.7271   |   38:14:02   |   10:28:53   |
9062        |       -2350.39   |       -2368.25   |         17.863   |   38:17:24   |   10:29:29   |
9063        |       -2348.51   |       -2366.23   |        17.7208   |   38:21:03   |   10:30:10   |
9064        |       -2351.59   |       -2368.22   |         16.634   |   38:24:32   |   10:30:47   |
9065        |       -2352.33   |       -2365.97   |        13.6421   |   38:27:29   |   10:31:16   |
9066        |        -2350.6   |       -2364.42   |        13.8127   |   38:31:10   |   10:31:57   |
9067        |       -2350.18   |        -2364.7   |        14.5268   |   38:34:41   |   10:32:36   |
9068        |       -2350.55   |       -2367.65   |        17.0989   |   38:38:05   |   10:33:12   |
9069        |       -2352.27   |       -2365.99   |        13.7155   |   38:41:25   |   10:33:47   |
9070        |       -2352.79   |       -2366.26   |        13.4749   |   38:44:55   |   10:34:25   |
9071        |       -2352.72   |        -2369.6   |        16.8798   |   38:58:47   |   10:37:52   |
9072        |       -2352.79   |        -2371.1   |        18.3127   |   39:02:02   |   10:38:25   |
9073        |       -2349.48   |        -2369.7   |        20.2263   |   39:05:19   |   10:38:59   |
9074        |       -2352.97   |       -2370.27   |        17.2998   |   39:08:32   |   10:39:32   |
9075        |        -2354.3   |       -2374.76   |        20.4597   |   39:11:44   |   10:40:05   |
9076        |       -2351.41   |          -2373   |        21.5903   |   39:15:01   |   10:40:38   |
9077        |       -2350.12   |       -2372.15   |        22.0251   |   39:18:13   |   10:41:11   |
9078        |       -2350.32   |        -2371.8   |        21.4781   |   39:21:34   |   10:41:46   |
9079        |       -2347.39   |       -2370.58   |        23.1812   |   39:24:48   |   10:42:19   |


Iter        |      Posterior   |     Likelihood   |          Prior   |    elapsed   |        ETA   |
----------------------------------------------------------------------------------------------------
9080        |       -2348.42   |       -2371.21   |        22.7922   |   39:28:07   |   10:42:53   |
9081        |       -2347.88   |       -2369.11   |        21.2308   |   39:40:59   |   10:46:02   |
9082        |       -2348.17   |        -2369.3   |        21.1268   |   39:44:16   |   10:46:36   |
9083        |       -2348.93   |       -2369.19   |        20.2641   |   39:47:54   |   10:47:15   |
9084        |       -2349.67   |       -2368.92   |        19.2481   |   39:51:34   |   10:47:54   |
9085        |       -2348.84   |       -2367.07   |        18.2358   |   39:55:04   |   10:48:31   |
9086        |       -2349.69   |       -2367.63   |        17.9387   |   39:58:29   |   10:49:06   |
9087        |       -2348.32   |       -2366.84   |        18.5224   |   40:01:52   |   10:49:41   |
9088        |       -2347.94   |       -2365.09   |        17.1439   |   40:05:00   |   10:50:12   |
9089        |        -2351.5   |       -2368.28   |        16.7776   |   40:08:32   |   10:50:49   |
9090        |       -2354.45   |       -2370.15   |        15.6965   |   40:12:06   |   10:51:27   |
9091        |       -2356.56   |        -2371.2   |         14.641   |   40:25:56   |   10:54:50   |
9092        |       -2351.33   |       -2364.92   |        13.5868   |   40:29:27   |   10:55:27   |
9093        |       -2352.56   |       -2367.87   |        15.3096   |   40:33:04   |   10:56:05   |
9094        |       -2347.23   |       -2364.57   |        17.3452   |   40:36:35   |   10:56:42   |
9095        |       -2348.41   |       -2364.59   |        16.1819   |   40:40:23   |   10:57:23   |
9096        |       -2348.82   |       -2362.15   |        13.3333   |   40:44:07   |   10:58:03   |
9097        |        -2349.7   |       -2363.25   |        13.5458   |   40:47:42   |   10:58:40   |
9098        |       -2352.77   |       -2366.33   |        13.5685   |   40:51:11   |   10:59:16   |
9099        |       -2351.27   |       -2366.11   |        14.8388   |   40:54:37   |   10:59:51   |


Iter        |      Posterior   |     Likelihood   |          Prior   |    elapsed   |        ETA   |
----------------------------------------------------------------------------------------------------
9100        |       -2348.37   |       -2366.88   |         18.512   |   40:57:52   |   11:00:22   |
9101        |       -2345.83   |       -2364.92   |        19.0888   |   41:10:53   |   11:03:32   |
9102        |       -2352.53   |       -2366.28   |        13.7455   |   41:14:40   |   11:04:12   |
9103        |       -2353.25   |       -2366.21   |        12.9673   |   41:18:13   |   11:04:48   |
9104        |       -2353.76   |       -2366.39   |        12.6278   |   41:21:45   |   11:05:24   |
9105        |       -2352.78   |       -2367.72   |        14.9474   |   41:25:15   |   11:06:00   |
9106        |        -2350.7   |       -2366.13   |        15.4338   |   41:28:59   |   11:06:39   |
9107        |        -2352.6   |       -2369.68   |        17.0851   |   41:32:25   |   11:07:14   |
9108        |       -2348.04   |       -2365.85   |        17.8074   |   41:35:55   |   11:07:49   |
9109        |       -2349.93   |       -2366.31   |        16.3714   |   41:39:39   |   11:08:28   |
9110        |       -2358.41   |       -2368.36   |        9.95411   |   41:43:14   |   11:09:05   |
9111        |       -2354.65   |       -2368.37   |        13.7173   |   41:57:43   |   11:12:36   |
9112        |       -2348.45   |       -2370.35   |        21.9031   |   42:01:20   |   11:13:13   |
9113        |       -2350.39   |       -2374.62   |        24.2328   |   42:04:49   |   11:13:48   |
9114        |       -2353.74   |       -2374.18   |        20.4409   |   42:08:09   |   11:14:20   |
9115        |       -2348.76   |       -2371.29   |        22.5323   |   42:11:34   |   11:14:53   |
9116        |       -2346.88   |       -2370.33   |        23.4442   |   42:15:13   |   11:15:31   |
9117        |        -2350.5   |       -2371.03   |        20.5284   |   42:18:23   |   11:16:00   |
9118        |       -2350.08   |       -2371.08   |        21.0011   |   42:21:34   |   11:16:30   |
9119        |       -2348.81   |       -2370.37   |        21.5567   |   42:24:54   |   11:17:02   |


Iter        |      Posterior   |     Likelihood   |          Prior   |    elapsed   |        ETA   |
----------------------------------------------------------------------------------------------------
9120        |       -2346.92   |       -2370.89   |        23.9722   |   42:28:11   |   11:17:33   |
9121        |       -2349.13   |       -2371.88   |        22.7559   |   42:41:08   |   11:20:38   |
9122        |       -2347.64   |       -2371.37   |        23.7278   |   42:44:41   |   11:21:14   |
9123        |        -2347.6   |       -2370.32   |        22.7286   |   42:47:57   |   11:21:44   |
9124        |       -2346.35   |       -2368.19   |        21.8429   |   42:51:17   |   11:22:16   |
9125        |       -2345.33   |          -2367   |        21.6678   |   42:54:35   |   11:22:47   |
9126        |       -2348.45   |       -2367.74   |        19.2844   |   42:58:09   |   11:23:22   |
9127        |        -2346.7   |       -2368.27   |        21.5679   |   43:01:46   |   11:23:58   |
9128        |       -2349.25   |       -2370.94   |        21.6919   |   43:05:03   |   11:24:29   |
9129        |       -2348.18   |       -2372.24   |        24.0618   |   43:08:33   |   11:25:03   |
9130        |       -2348.89   |       -2372.56   |        23.6708   |   43:12:00   |   11:25:36   |
9131        |       -2354.39   |       -2375.51   |         21.117   |   43:24:41   |   11:28:36   |
9132        |       -2350.31   |       -2368.21   |        17.8986   |   43:28:20   |   11:29:12   |
9133        |        -2350.9   |       -2369.95   |         19.048   |   43:31:38   |   11:29:43   |
9134        |       -2352.68   |       -2371.95   |        19.2621   |   43:34:44   |   11:30:10   |
9135        |        -2352.5   |       -2371.62   |        19.1112   |   43:38:10   |   11:30:43   |
9136        |       -2351.74   |       -2372.93   |        21.1993   |   43:41:53   |   11:31:20   |
9137        |        -2354.7   |       -2378.22   |        23.5163   |   43:45:06   |   11:31:49   |
9138        |       -2352.33   |       -2372.86   |        20.5298   |   43:48:11   |   11:32:16   |
9139        |       -2353.53   |       -2367.34   |        13.8138   |   43:52:01   |   11:32:55   |


Iter        |      Posterior   |     Likelihood   |          Prior   |    elapsed   |        ETA   |
----------------------------------------------------------------------------------------------------
9140        |       -2352.68   |       -2366.65   |        13.9694   |   43:55:49   |   11:33:33   |
9141        |       -2352.44   |       -2366.74   |        14.3061   |   44:09:40   |   11:36:50   |
9142        |       -2354.52   |       -2364.82   |        10.2966   |   44:13:27   |   11:37:28   |
9143        |       -2351.86   |       -2366.39   |        14.5235   |   44:17:17   |   11:38:06   |
9144        |       -2350.74   |       -2369.87   |        19.1289   |   44:20:32   |   11:38:35   |
9145        |        -2350.7   |       -2370.89   |        20.1853   |   44:23:54   |   11:39:06   |
9146        |       -2352.24   |       -2371.94   |        19.7034   |   44:27:22   |   11:39:39   |
9147        |       -2353.89   |        -2375.6   |        21.7095   |   44:31:14   |   11:40:17   |
9148        |       -2354.84   |       -2373.96   |        19.1164   |   44:35:04   |   11:40:55   |
9149        |       -2354.56   |       -2375.49   |        20.9325   |   44:38:33   |   11:41:28   |
9150        |       -2350.17   |       -2372.35   |        22.1747   |   44:41:59   |   11:42:00   |
9151        |       -2351.76   |       -2373.93   |        22.1726   |   44:54:59   |   11:45:02   |
9152        |       -2354.74   |       -2378.04   |        23.2979   |   44:58:30   |   11:45:35   |
9153        |       -2351.13   |       -2371.92   |        20.7883   |   45:01:39   |   11:46:02   |
9154        |       -2351.38   |        -2372.3   |        20.9229   |   45:04:57   |   11:46:31   |
9155        |       -2349.43   |       -2369.93   |        20.4964   |   45:08:19   |   11:47:01   |
9156        |       -2351.03   |        -2369.8   |        18.7627   |   45:12:02   |   11:47:37   |
9157        |       -2350.77   |       -2369.93   |        19.1654   |   45:15:59   |   11:48:17   |
9158        |       -2350.67   |       -2369.45   |        18.7827   |   45:19:20   |   11:48:47   |
9159        |       -2349.77   |       -2367.19   |        17.4178   |   45:22:32   |   11:49:14   |


Iter        |      Posterior   |     Likelihood   |          Prior   |    elapsed   |        ETA   |
----------------------------------------------------------------------------------------------------
9160        |       -2351.66   |       -2370.63   |        18.9724   |   45:26:08   |   11:49:48   |
9161        |       -2352.05   |        -2372.5   |        20.4462   |   45:39:18   |   11:52:51   |
9162        |       -2352.66   |       -2373.22   |        20.5546   |   45:42:51   |   11:53:24   |
9163        |       -2350.54   |       -2372.01   |        21.4727   |   45:45:53   |   11:53:48   |
9164        |       -2352.83   |        -2372.3   |        19.4655   |   45:49:20   |   11:54:20   |
9165        |       -2353.52   |       -2368.48   |        14.9629   |   45:52:46   |   11:54:50   |
9166        |       -2349.62   |       -2366.93   |        17.3112   |   45:56:20   |   11:55:23   |
9167        |       -2349.35   |       -2369.27   |        19.9219   |   45:59:45   |   11:55:54   |
9168        |       -2348.05   |       -2367.88   |         19.828   |   46:03:17   |   11:56:26   |
9169        |        -2348.5   |        -2366.1   |        17.5972   |   46:07:02   |   11:57:01   |
9170        |       -2352.76   |        -2372.7   |        19.9461   |   46:10:06   |   11:57:26   |
9171        |       -2352.07   |       -2371.23   |        19.1603   |   46:23:21   |   12:00:29   |
9172        |       -2352.23   |       -2371.33   |        19.1023   |   46:27:01   |   12:01:03   |
9173        |       -2352.89   |       -2370.18   |        17.2832   |   46:30:20   |   12:01:32   |
9174        |       -2348.12   |        -2368.8   |        20.6784   |   46:33:31   |   12:01:58   |
9175        |       -2349.12   |       -2369.87   |        20.7414   |   46:36:47   |   12:02:26   |
9176        |        -2349.3   |       -2369.61   |        20.3087   |   46:39:48   |   12:02:50   |
9177        |       -2349.73   |       -2366.93   |        17.2075   |   46:43:15   |   12:03:20   |
9178        |       -2349.16   |       -2365.49   |        16.3354   |   46:46:15   |   12:03:43   |
9179        |       -2354.12   |       -2370.33   |        16.2126   |   46:49:43   |   12:04:14   |


Iter        |      Posterior   |     Likelihood   |          Prior   |    elapsed   |        ETA   |
----------------------------------------------------------------------------------------------------
9180        |       -2350.44   |       -2369.37   |          18.93   |   46:53:15   |   12:04:45   |
9181        |       -2352.59   |        -2369.3   |        16.7045   |   47:06:20   |   12:07:44   |
9182        |       -2351.87   |       -2371.11   |        19.2311   |   47:09:40   |   12:08:13   |
9183        |       -2353.82   |       -2370.42   |        16.5987   |   47:13:07   |   12:08:43   |
9184        |       -2355.94   |       -2372.58   |        16.6339   |   47:16:46   |   12:09:16   |
9185        |       -2356.59   |       -2373.63   |        17.0389   |   47:20:19   |   12:09:47   |
9186        |       -2356.85   |       -2373.48   |         16.626   |   47:23:41   |   12:10:16   |
9187        |       -2356.85   |       -2373.48   |         16.626   |   47:27:20   |   12:10:48   |
9188        |       -2356.85   |       -2373.48   |         16.626   |   47:31:00   |   12:11:22   |
9189        |       -2356.45   |       -2373.07   |        16.6281   |   47:34:45   |   12:11:56   |
9190        |       -2356.45   |       -2373.07   |        16.6281   |   47:39:00   |   12:12:38   |
9191        |       -2356.08   |       -2373.23   |         17.149   |   47:53:12   |   12:15:53   |
9192        |       -2356.08   |       -2373.23   |         17.149   |   47:56:36   |   12:16:21   |
9193        |       -2356.08   |       -2373.23   |         17.149   |   48:00:31   |   12:16:58   |
9194        |       -2356.08   |       -2373.23   |         17.149   |   48:04:20   |   12:17:33   |
9195        |       -2356.08   |       -2373.23   |         17.149   |   48:08:11   |   12:18:08   |
9196        |        -2354.5   |       -2371.85   |        17.3508   |   48:11:54   |   12:18:41   |
9197        |        -2354.5   |       -2371.85   |        17.3508   |   48:15:20   |   12:19:10   |
9198        |        -2354.5   |       -2371.85   |        17.3508   |   48:19:06   |   12:19:44   |
9199        |        -2354.5   |       -2371.85   |        17.3508   |   48:22:29   |   12:20:12   |


Iter        |      Posterior   |     Likelihood   |          Prior   |    elapsed   |        ETA   |
----------------------------------------------------------------------------------------------------
9200        |        -2354.5   |       -2371.85   |        17.3508   |   48:25:59   |   12:20:42   |
9201        |       -2352.94   |       -2370.19   |        17.2555   |   48:39:43   |   12:23:48   |
9202        |       -2353.29   |       -2371.17   |        17.8778   |   48:43:26   |   12:24:21   |
9203        |        -2354.6   |        -2371.3   |        16.6931   |   48:47:08   |   12:24:54   |
9204        |       -2352.39   |       -2368.46   |        16.0701   |   48:50:28   |   12:25:21   |
9205        |       -2354.05   |       -2368.53   |         14.482   |   48:53:44   |   12:25:47   |
9206        |       -2350.22   |       -2367.94   |        17.7155   |   48:57:35   |   12:26:21   |
9207        |       -2350.45   |       -2366.69   |        16.2396   |   49:01:09   |   12:26:52   |
9208        |       -2349.34   |       -2363.65   |        14.3076   |   49:04:49   |   12:27:23   |
9209        |       -2349.93   |       -2364.66   |        14.7306   |   49:08:23   |   12:27:54   |
9210        |       -2348.34   |       -2364.22   |        15.8828   |   49:11:58   |   12:28:24   |
9211        |       -2347.12   |          -2363   |        15.8857   |   49:25:37   |   12:31:27   |
9212        |       -2349.11   |       -2366.66   |         17.556   |   49:29:33   |   12:32:03   |
9213        |       -2352.28   |       -2370.99   |        18.7196   |   49:33:14   |   12:32:35   |
9214        |       -2353.62   |       -2372.42   |        18.7989   |   49:36:25   |   12:32:59   |
9215        |       -2349.31   |       -2367.87   |        18.5581   |   49:39:55   |   12:33:28   |
9216        |       -2348.95   |       -2367.55   |        18.5996   |   49:43:28   |   12:33:57   |
9217        |       -2348.95   |       -2367.55   |        18.5996   |   49:46:58   |   12:34:26   |
9218        |       -2349.93   |       -2368.42   |        18.4855   |   49:50:40   |   12:34:57   |
9219        |       -2348.16   |       -2367.52   |        19.3594   |   49:54:15   |   12:35:27   |


Iter        |      Posterior   |     Likelihood   |          Prior   |    elapsed   |        ETA   |
----------------------------------------------------------------------------------------------------
9220        |       -2346.53   |       -2364.14   |        17.6132   |   49:58:08   |   12:36:02   |
9221        |       -2346.53   |       -2364.14   |        17.6132   |   50:11:51   |   12:39:05   |
9222        |       -2348.61   |       -2365.49   |        16.8798   |   50:15:33   |   12:39:36   |
9223        |       -2350.65   |       -2365.84   |        15.1823   |   50:19:01   |   12:40:04   |
9224        |       -2347.43   |       -2362.34   |        14.9145   |   50:22:27   |   12:40:31   |
9225        |       -2346.63   |       -2361.92   |         15.294   |   50:25:55   |   12:40:59   |
9226        |       -2345.54   |       -2363.46   |        17.9148   |   50:29:31   |   12:41:29   |
9227        |       -2345.54   |       -2361.06   |        15.5237   |   50:33:08   |   12:41:58   |
9228        |       -2345.11   |       -2362.27   |         17.152   |   50:36:31   |   12:42:25   |
9229        |        -2345.7   |       -2362.35   |        16.6575   |   50:40:00   |   12:42:52   |
9230        |       -2349.13   |       -2364.08   |        14.9459   |   50:43:13   |   12:43:16   |
9231        |       -2348.74   |       -2366.13   |        17.3822   |   50:56:38   |   12:46:13   |
9232        |       -2349.45   |       -2367.75   |        18.2939   |   50:59:58   |   12:46:38   |
9233        |       -2351.61   |       -2367.89   |        16.2846   |   51:03:04   |   12:47:00   |
9234        |       -2351.95   |       -2368.82   |        16.8624   |   51:06:27   |   12:47:26   |
9235        |       -2358.01   |       -2374.29   |        16.2795   |   51:09:55   |   12:47:53   |
9236        |       -2352.48   |       -2370.51   |        18.0301   |   51:13:21   |   12:48:20   |
9237        |       -2350.04   |       -2368.68   |        18.6337   |   51:16:24   |   12:48:41   |
9238        |       -2351.12   |       -2371.47   |        20.3444   |   51:19:42   |   12:49:05   |
9239        |       -2349.61   |       -2367.47   |          17.86   |   51:23:14   |   12:49:33   |


Iter        |      Posterior   |     Likelihood   |          Prior   |    elapsed   |        ETA   |
----------------------------------------------------------------------------------------------------
9240        |       -2349.28   |       -2367.31   |        18.0353   |   51:26:47   |   12:50:01   |
9241        |       -2352.71   |       -2370.33   |        17.6261   |   51:39:37   |   12:52:48   |
9242        |       -2351.68   |          -2371   |        19.3143   |   51:42:59   |   12:53:13   |
9243        |       -2351.62   |       -2370.33   |        18.7157   |   51:46:33   |   12:53:41   |
9244        |       -2355.29   |       -2375.78   |        20.4927   |   51:49:55   |   12:54:06   |
9245        |       -2353.77   |       -2374.38   |        20.6042   |   51:53:13   |   12:54:30   |
9246        |       -2355.91   |       -2377.98   |        22.0695   |   51:56:10   |   12:54:49   |
9247        |       -2355.23   |       -2377.31   |        22.0832   |   51:59:05   |   12:55:07   |
9248        |       -2356.47   |       -2381.02   |         24.546   |   52:02:03   |   12:55:26   |
9249        |       -2357.22   |       -2380.64   |        23.4228   |   52:05:10   |   12:55:48   |
9250        |       -2352.74   |       -2376.09   |        23.3524   |   52:08:12   |   12:56:07   |
9251        |       -2353.48   |       -2377.14   |        23.6606   |   52:21:30   |   12:59:00   |
9252        |       -2348.09   |       -2372.47   |        24.3863   |   52:24:50   |   12:59:24   |
9253        |       -2346.87   |       -2370.54   |        23.6728   |   52:27:55   |   12:59:44   |
9254        |       -2352.46   |       -2378.04   |        25.5863   |   52:31:02   |   13:00:05   |
9255        |       -2348.83   |       -2373.14   |        24.3047   |   52:34:08   |   13:00:26   |
9256        |       -2351.37   |       -2376.39   |        25.0208   |   52:37:13   |   13:00:46   |
9257        |       -2353.16   |       -2378.15   |        24.9908   |   52:40:30   |   13:01:09   |
9258        |       -2349.48   |       -2373.89   |        24.4012   |   52:43:39   |   13:01:30   |
9259        |       -2348.01   |       -2369.94   |        21.9298   |   52:46:40   |   13:01:50   |


Iter        |      Posterior   |     Likelihood   |          Prior   |    elapsed   |        ETA   |
----------------------------------------------------------------------------------------------------
9260        |       -2345.84   |       -2365.64   |         19.798   |   52:49:45   |   13:02:10   |
9261        |       -2345.44   |       -2365.11   |        19.6735   |   53:03:00   |   13:05:00   |
9262        |       -2345.44   |       -2365.11   |        19.6735   |   53:06:44   |   13:05:30   |
9263        |       -2345.44   |       -2365.11   |        19.6735   |   53:10:19   |   13:05:57   |
9264        |       -2344.88   |       -2365.77   |        20.8948   |   53:13:21   |   13:06:16   |
9265        |       -2344.49   |       -2365.53   |        21.0443   |   53:16:55   |   13:06:43   |
9266        |       -2344.38   |       -2365.12   |        20.7428   |   53:20:22   |   13:07:08   |
9267        |       -2348.71   |        -2365.8   |        17.0824   |   53:24:01   |   13:07:36   |
9268        |       -2345.91   |       -2366.93   |        21.0257   |   53:27:49   |   13:08:06   |
9269        |       -2346.89   |       -2367.74   |        20.8485   |   53:31:18   |   13:08:32   |
9270        |       -2345.39   |        -2364.6   |        19.2042   |   53:34:24   |   13:08:51   |
9271        |       -2344.11   |       -2363.62   |        19.5132   |   53:47:40   |   13:11:41   |
9272        |       -2349.42   |       -2366.65   |        17.2256   |   53:51:39   |   13:12:13   |
9273        |       -2347.35   |       -2368.31   |         20.963   |   53:55:17   |   13:12:41   |
9274        |       -2344.37   |        -2365.6   |        21.2291   |   53:59:12   |   13:13:12   |
9275        |       -2345.97   |       -2368.55   |         22.581   |   54:03:20   |   13:13:47   |
9276        |       -2346.61   |       -2368.66   |        22.0492   |   54:07:12   |   13:14:17   |
9277        |       -2346.51   |       -2368.55   |        22.0418   |   54:11:03   |   13:14:48   |
9278        |       -2348.89   |       -2371.86   |        22.9628   |   54:14:26   |   13:15:11   |
9279        |       -2347.04   |       -2369.96   |        22.9196   |   54:17:35   |   13:15:31   |


Iter        |      Posterior   |     Likelihood   |          Prior   |    elapsed   |        ETA   |
----------------------------------------------------------------------------------------------------
9280        |       -2347.04   |       -2369.96   |        22.9196   |   54:21:00   |   13:15:55   |
9281        |       -2347.04   |       -2369.96   |        22.9196   |   54:34:43   |   13:18:49   |
9282        |       -2347.04   |       -2369.96   |        22.9196   |   54:38:21   |   13:19:16   |
9283        |       -2347.04   |       -2369.96   |        22.9196   |   54:41:50   |   13:19:41   |
9284        |       -2347.04   |       -2369.96   |        22.9196   |   54:45:37   |   13:20:10   |
9285        |       -2347.04   |       -2369.96   |        22.9196   |   54:49:08   |   13:20:35   |
9286        |       -2347.04   |       -2369.96   |        22.9196   |   54:52:37   |   13:20:59   |
9287        |       -2347.04   |       -2369.96   |        22.9196   |   54:55:49   |   13:21:19   |
9288        |       -2347.04   |       -2369.96   |        22.9196   |   54:59:07   |   13:21:41   |
9289        |       -2347.04   |       -2369.96   |        22.9196   |   55:02:29   |   13:22:04   |
9290        |       -2345.58   |        -2368.8   |        23.2206   |   55:05:42   |   13:22:24   |
9291        |       -2346.42   |       -2369.81   |        23.3922   |   55:18:41   |   13:25:06   |
9292        |       -2346.42   |       -2369.81   |        23.3922   |   55:22:16   |   13:25:32   |
9293        |       -2346.42   |       -2369.81   |        23.3922   |   55:25:52   |   13:25:58   |
9294        |       -2346.42   |       -2369.81   |        23.3922   |   55:29:27   |   13:26:23   |
9295        |       -2346.42   |       -2369.81   |        23.3922   |   55:33:03   |   13:26:49   |
9296        |       -2345.02   |       -2368.42   |        23.3955   |   55:36:27   |   13:27:11   |
9297        |       -2345.02   |       -2368.42   |        23.3955   |   55:40:05   |   13:27:37   |
9298        |       -2345.02   |       -2368.42   |        23.3955   |   55:43:37   |   13:28:02   |
9299        |       -2345.02   |       -2368.42   |        23.3955   |   55:47:40   |   13:28:33   |


Iter        |      Posterior   |     Likelihood   |          Prior   |    elapsed   |        ETA   |
----------------------------------------------------------------------------------------------------
9300        |       -2345.02   |       -2368.42   |        23.3955   |   55:51:48   |   13:29:07   |
9301        |       -2344.81   |       -2368.15   |        23.3427   |   56:04:53   |   13:31:49   |
9302        |       -2344.81   |       -2368.15   |        23.3427   |   56:08:26   |   13:32:14   |
9303        |       -2344.81   |       -2368.15   |        23.3427   |   56:11:56   |   13:32:37   |
9304        |       -2344.81   |       -2368.15   |        23.3427   |   56:15:23   |   13:33:00   |
9305        |       -2344.81   |       -2368.15   |        23.3427   |   56:18:47   |   13:33:22   |
9306        |       -2344.81   |       -2368.15   |        23.3427   |   56:22:14   |   13:33:45   |
9307        |       -2346.77   |       -2370.23   |        23.4562   |   56:25:49   |   13:34:10   |
9308        |       -2346.77   |       -2370.23   |        23.4562   |   56:29:21   |   13:34:33   |
9309        |       -2346.77   |       -2370.23   |        23.4562   |   56:33:12   |   13:35:02   |
9310        |       -2346.77   |       -2370.23   |        23.4562   |   56:36:52   |   13:35:28   |
9311        |       -2346.04   |        -2369.1   |        23.0587   |   56:49:47   |   13:38:06   |
9312        |        -2345.2   |       -2368.25   |        23.0587   |   56:52:59   |   13:38:25   |
9313        |       -2346.94   |       -2370.06   |        23.1164   |   56:56:37   |   13:38:50   |
9314        |       -2346.94   |       -2370.06   |        23.1164   |   57:00:07   |   13:39:13   |
9315        |       -2349.47   |       -2371.63   |        22.1628   |   57:03:35   |   13:39:36   |
9316        |       -2349.47   |       -2371.63   |        22.1628   |   57:07:22   |   13:40:03   |
9317        |        -2349.5   |       -2371.21   |        21.7146   |   57:10:48   |   13:40:25   |
9318        |       -2349.16   |       -2370.83   |        21.6724   |   57:14:43   |   13:40:53   |
9319        |       -2349.16   |       -2370.83   |        21.6724   |   57:18:34   |   13:41:21   |


Iter        |      Posterior   |     Likelihood   |          Prior   |    elapsed   |        ETA   |
----------------------------------------------------------------------------------------------------
9320        |       -2349.16   |       -2370.83   |        21.6724   |   57:22:23   |   13:41:48   |
9321        |       -2349.16   |       -2370.83   |        21.6724   |   57:35:44   |   13:44:32   |
9322        |       -2349.16   |       -2370.83   |        21.6724   |   57:39:27   |   13:44:58   |
9323        |       -2346.53   |       -2367.06   |        20.5323   |   57:42:36   |   13:45:15   |
9324        |       -2350.46   |       -2371.03   |        20.5633   |   57:45:38   |   13:45:31   |
9325        |       -2350.46   |       -2371.03   |        20.5633   |   57:49:04   |   13:45:52   |
9326        |       -2350.46   |       -2371.03   |        20.5633   |   57:52:53   |   13:46:19   |
9327        |       -2350.46   |       -2371.03   |        20.5633   |   57:56:19   |   13:46:40   |
9328        |       -2350.46   |       -2371.03   |        20.5633   |   58:00:03   |   13:47:06   |
9329        |       -2350.46   |       -2371.03   |        20.5633   |   58:03:43   |   13:47:31   |
9330        |       -2350.46   |       -2371.03   |        20.5633   |   58:07:26   |   13:47:56   |
9331        |       -2350.46   |       -2371.03   |        20.5633   |   58:20:35   |   13:50:35   |
9332        |       -2350.46   |       -2371.03   |        20.5633   |   58:24:15   |   13:51:00   |
9333        |       -2350.46   |       -2371.03   |        20.5633   |   58:27:56   |   13:51:24   |
9334        |       -2348.54   |       -2370.25   |        21.7153   |   58:31:32   |   13:51:47   |
9335        |       -2358.41   |       -2379.33   |        20.9268   |   58:34:58   |   13:52:08   |
9336        |       -2357.15   |       -2373.75   |        16.6016   |   58:38:14   |   13:52:27   |
9337        |       -2355.55   |        -2377.5   |         21.952   |   58:41:41   |   13:52:48   |
9338        |       -2355.31   |       -2377.99   |        22.6849   |   58:44:42   |   13:53:02   |
9339        |        -2357.8   |          -2381   |        23.1969   |   58:47:43   |   13:53:17   |


Iter        |      Posterior   |     Likelihood   |          Prior   |    elapsed   |        ETA   |
----------------------------------------------------------------------------------------------------
9340        |       -2359.59   |       -2382.14   |        22.5583   |   58:50:34   |   13:53:30   |
9341        |       -2359.11   |       -2382.41   |        23.2952   |   59:02:37   |   13:55:52   |
9342        |       -2359.88   |       -2382.47   |        22.5902   |   59:05:29   |   13:56:05   |
9343        |       -2359.49   |       -2383.12   |         23.636   |   59:08:16   |   13:56:16   |
9344        |       -2354.28   |       -2375.36   |        21.0758   |   59:10:56   |   13:56:25   |
9345        |       -2349.17   |       -2368.68   |        19.5122   |   59:13:52   |   13:56:39   |
9346        |       -2349.21   |       -2368.08   |        18.8718   |   59:17:15   |   13:56:58   |
9347        |       -2351.89   |       -2371.56   |        19.6656   |   59:20:27   |   13:57:15   |
9348        |       -2352.37   |       -2370.58   |        18.2125   |   59:23:45   |   13:57:33   |
9349        |       -2354.34   |        -2372.2   |        17.8633   |   59:26:48   |   13:57:48   |
9350        |       -2359.51   |       -2373.47   |        13.9571   |   59:30:21   |   13:58:10   |
9351        |       -2356.69   |       -2371.94   |        15.2486   |   59:43:42   |   14:00:50   |
9352        |       -2351.12   |       -2370.41   |        19.2891   |   59:47:33   |   14:01:15   |
9353        |        -2353.4   |       -2370.69   |        17.2928   |   59:51:11   |   14:01:38   |
9354        |       -2350.69   |        -2371.7   |        21.0034   |   59:54:26   |   14:01:55   |
9355        |        -2350.8   |       -2371.54   |        20.7395   |   59:57:39   |   14:02:12   |
9356        |       -2356.24   |       -2376.05   |        19.8072   |   60:00:38   |   14:02:25   |
9357        |       -2354.28   |       -2373.54   |        19.2554   |   60:04:13   |   14:02:47   |
9358        |       -2354.27   |       -2372.73   |        18.4619   |   60:07:27   |   14:03:04   |
9359        |        -2354.2   |       -2375.54   |        21.3382   |   60:10:35   |   14:03:19   |


Iter        |      Posterior   |     Likelihood   |          Prior   |    elapsed   |        ETA   |
----------------------------------------------------------------------------------------------------
9360        |       -2351.03   |        -2373.5   |        22.4728   |   60:14:07   |   14:03:40   |
9361        |       -2352.63   |       -2372.53   |        19.8942   |   60:26:58   |   14:06:12   |
9362        |       -2349.11   |       -2370.62   |        21.5151   |   60:30:19   |   14:06:30   |
9363        |       -2356.02   |       -2374.53   |          18.51   |   60:33:18   |   14:06:43   |
9364        |       -2353.23   |       -2372.29   |         19.054   |   60:36:41   |   14:07:01   |
9365        |       -2354.65   |       -2372.29   |        17.6349   |   60:40:31   |   14:07:26   |
9366        |        -2351.8   |       -2373.04   |        21.2461   |   60:43:46   |   14:07:43   |
9367        |        -2351.3   |       -2372.32   |        21.0136   |   60:47:17   |   14:08:03   |
9368        |       -2351.51   |       -2373.03   |        21.5251   |   60:50:29   |   14:08:19   |
9369        |       -2349.58   |        -2374.9   |        25.3116   |   60:54:08   |   14:08:41   |
9370        |       -2350.28   |       -2375.78   |         25.499   |   60:57:33   |   14:09:00   |
9371        |       -2347.16   |       -2372.63   |        25.4768   |   61:10:25   |   14:11:30   |
9372        |       -2348.06   |        -2373.6   |        25.5367   |   61:13:48   |   14:11:48   |
9373        |       -2347.69   |       -2369.55   |        21.8574   |   61:17:23   |   14:12:09   |
9374        |       -2349.32   |        -2369.4   |        20.0783   |   61:20:54   |   14:12:29   |
9375        |       -2358.29   |       -2373.88   |          15.59   |   61:24:19   |   14:12:47   |
9376        |       -2356.57   |       -2371.54   |        14.9714   |   61:28:22   |   14:13:14   |
9377        |       -2356.73   |       -2371.95   |        15.2265   |   61:32:43   |   14:13:46   |
9378        |       -2355.23   |       -2368.96   |        13.7206   |   61:36:11   |   14:14:05   |
9379        |       -2353.14   |       -2367.94   |        14.8046   |   61:39:37   |   14:14:23   |


Iter        |      Posterior   |     Likelihood   |          Prior   |    elapsed   |        ETA   |
----------------------------------------------------------------------------------------------------
9380        |       -2356.35   |       -2376.15   |        19.7929   |   61:43:07   |   14:14:43   |
9381        |       -2351.85   |       -2373.02   |        21.1639   |   61:56:28   |   14:17:18   |
9382        |       -2347.23   |       -2370.39   |        23.1552   |   61:59:31   |   14:17:31   |
9383        |       -2348.61   |       -2372.41   |        23.7959   |   62:02:45   |   14:17:47   |
9384        |       -2347.46   |       -2370.99   |        23.5273   |   62:06:17   |   14:18:06   |
9385        |       -2348.18   |       -2371.37   |        23.1848   |   62:09:48   |   14:18:25   |
9386        |       -2347.06   |       -2370.54   |        23.4781   |   62:13:01   |   14:18:40   |
9387        |       -2345.69   |       -2367.82   |        22.1365   |   62:16:34   |   14:19:00   |
9388        |        -2346.2   |       -2369.51   |        23.3143   |   62:20:01   |   14:19:18   |
9389        |       -2349.18   |       -2372.89   |        23.7032   |   62:23:28   |   14:19:36   |
9390        |       -2347.79   |       -2371.27   |        23.4809   |   62:26:45   |   14:19:52   |
9391        |       -2347.09   |       -2368.84   |        21.7495   |   62:39:11   |   14:22:14   |
9392        |       -2352.17   |       -2375.37   |        23.2073   |   62:42:27   |   14:22:29   |
9393        |       -2348.62   |       -2371.08   |        22.4617   |   62:45:34   |   14:22:43   |
9394        |       -2350.45   |       -2373.15   |        22.6945   |   62:48:59   |   14:23:00   |
9395        |       -2356.69   |       -2380.37   |        23.6775   |   62:52:24   |   14:23:17   |
9396        |       -2355.33   |       -2378.04   |        22.7024   |   62:55:59   |   14:23:37   |
9397        |        -2353.3   |       -2375.06   |         21.763   |   62:58:56   |   14:23:48   |
9398        |       -2354.32   |       -2375.71   |        21.3941   |   63:02:25   |   14:24:06   |
9399        |       -2359.49   |       -2376.96   |        17.4673   |   63:05:56   |   14:24:24   |


Iter        |      Posterior   |     Likelihood   |          Prior   |    elapsed   |        ETA   |
----------------------------------------------------------------------------------------------------
9400        |       -2350.24   |       -2368.96   |        18.7194   |   63:09:28   |   14:24:43   |
9401        |       -2346.91   |       -2366.94   |        20.0241   |   63:22:53   |   14:27:17   |
9402        |       -2346.91   |       -2366.94   |        20.0241   |   63:26:26   |   14:27:36   |
9403        |       -2346.91   |       -2366.94   |        20.0241   |   63:29:58   |   14:27:54   |
9404        |       -2346.91   |       -2366.94   |        20.0241   |   63:33:38   |   14:28:14   |
9405        |       -2346.85   |        -2368.7   |        21.8527   |   63:37:26   |   14:28:36   |
9406        |       -2346.78   |       -2366.52   |        19.7349   |   63:40:57   |   14:28:54   |
9407        |       -2347.48   |       -2368.28   |        20.8014   |   63:44:11   |   14:29:09   |
9408        |        -2353.5   |       -2367.66   |        14.1583   |   63:47:29   |   14:29:24   |
9409        |       -2348.64   |       -2366.82   |         18.178   |   63:50:44   |   14:29:38   |
9410        |       -2351.87   |       -2368.84   |        16.9755   |   63:54:10   |   14:29:55   |
9411        |       -2350.58   |       -2368.77   |        18.1893   |   64:07:18   |   14:32:23   |
9412        |       -2352.74   |       -2371.35   |        18.6021   |   64:11:03   |   14:32:44   |
9413        |       -2352.74   |       -2371.35   |        18.6021   |   64:14:51   |   14:33:06   |
9414        |       -2351.69   |       -2370.93   |        19.2445   |   64:17:59   |   14:33:18   |
9415        |       -2349.87   |       -2367.41   |        17.5382   |   64:21:26   |   14:33:35   |
9416        |        -2350.4   |       -2368.42   |        18.0174   |   64:24:37   |   14:33:48   |
9417        |       -2354.76   |       -2374.59   |        19.8348   |   64:28:08   |   14:34:05   |
9418        |       -2346.08   |       -2363.43   |        17.3523   |   64:31:28   |   14:34:20   |
9419        |       -2348.67   |       -2369.29   |        20.6183   |   64:34:53   |   14:34:36   |


Iter        |      Posterior   |     Likelihood   |          Prior   |    elapsed   |        ETA   |
----------------------------------------------------------------------------------------------------
9420        |       -2345.05   |       -2366.38   |        21.3275   |   64:38:09   |   14:34:50   |
9421        |       -2345.18   |       -2366.56   |        21.3847   |   64:51:06   |   14:37:15   |
9422        |       -2346.37   |       -2365.33   |         18.957   |   64:54:22   |   14:37:29   |
9423        |       -2349.63   |       -2366.19   |        16.5654   |   64:57:51   |   14:37:46   |
9424        |       -2349.91   |       -2366.45   |        16.5333   |   65:01:10   |   14:38:00   |
9425        |       -2350.84   |       -2366.95   |        16.1166   |   65:04:23   |   14:38:13   |
9426        |       -2350.39   |       -2367.45   |        17.0507   |   65:07:41   |   14:38:27   |
9427        |       -2348.97   |       -2366.97   |        17.9992   |   65:10:53   |   14:38:40   |
9428        |       -2351.99   |       -2369.31   |        17.3183   |   65:14:22   |   14:38:56   |
9429        |       -2358.68   |       -2372.11   |        13.4327   |   65:17:54   |   14:39:13   |
9430        |       -2349.84   |       -2368.14   |        18.2956   |   65:21:34   |   14:39:32   |
9431        |        -2353.9   |       -2373.02   |        19.1204   |   65:34:41   |   14:41:58   |
9432        |       -2354.16   |       -2374.53   |        20.3702   |   65:38:08   |   14:42:14   |
9433        |       -2351.43   |       -2371.64   |        20.2113   |   65:41:38   |   14:42:30   |
9434        |       -2351.43   |       -2371.64   |        20.2113   |   65:45:18   |   14:42:49   |
9435        |       -2349.54   |       -2369.17   |        19.6317   |   65:48:59   |   14:43:07   |
9436        |       -2349.36   |       -2368.99   |        19.6303   |   65:52:45   |   14:43:27   |
9437        |       -2349.36   |       -2368.99   |        19.6303   |   65:56:30   |   14:43:47   |
9438        |       -2349.36   |       -2368.99   |        19.6303   |   65:59:55   |   14:44:02   |
9439        |        -2351.9   |        -2371.5   |        19.6048   |   66:03:26   |   14:44:18   |


Iter        |      Posterior   |     Likelihood   |          Prior   |    elapsed   |        ETA   |
----------------------------------------------------------------------------------------------------
9440        |       -2350.24   |       -2370.56   |        20.3212   |   66:06:38   |   14:44:30   |
9441        |       -2350.57   |       -2370.56   |        19.9889   |   66:19:12   |   14:46:47   |
9442        |       -2354.19   |       -2372.85   |        18.6558   |   66:22:39   |   14:47:02   |
9443        |        -2352.5   |       -2372.59   |        20.0854   |   66:26:06   |   14:47:18   |
9444        |       -2353.74   |        -2373.4   |        19.6621   |   66:29:35   |   14:47:33   |
9445        |       -2353.29   |       -2370.81   |        17.5162   |   66:33:10   |   14:47:50   |
9446        |       -2354.55   |       -2373.97   |        19.4229   |   66:36:45   |   14:48:07   |
9447        |       -2353.66   |       -2371.99   |        18.3334   |   66:40:12   |   14:48:22   |
9448        |       -2358.82   |       -2379.09   |        20.2759   |   66:43:26   |   14:48:34   |
9449        |       -2353.81   |       -2372.77   |        18.9569   |   66:46:37   |   14:48:45   |
9450        |       -2351.11   |       -2371.04   |        19.9301   |   66:49:55   |   14:48:58   |
9451        |       -2350.26   |       -2370.29   |        20.0291   |   67:02:34   |   14:51:15   |
9452        |       -2350.53   |        -2371.8   |        21.2633   |   67:05:57   |   14:51:29   |
9453        |       -2351.42   |       -2372.06   |        20.6375   |   67:09:04   |   14:51:39   |
9454        |       -2355.11   |        -2376.2   |        21.0854   |   67:12:25   |   14:51:52   |
9455        |       -2355.11   |        -2376.2   |        21.0854   |   67:16:04   |   14:52:09   |
9456        |       -2355.11   |        -2376.2   |        21.0854   |   67:19:45   |   14:52:27   |
9457        |       -2355.55   |       -2376.11   |        20.5661   |   67:23:14   |   14:52:42   |
9458        |       -2356.81   |       -2378.45   |        21.6321   |   67:26:24   |   14:52:52   |
9459        |       -2359.64   |       -2381.45   |        21.8097   |   67:29:51   |   14:53:06   |


Iter        |      Posterior   |     Likelihood   |          Prior   |    elapsed   |        ETA   |
----------------------------------------------------------------------------------------------------
9460        |       -2355.54   |       -2377.82   |        22.2758   |   67:33:28   |   14:53:23   |
9461        |       -2351.32   |       -2369.84   |        18.5184   |   67:46:10   |   14:55:39   |
9462        |       -2351.41   |        -2369.8   |        18.3859   |   67:50:04   |   14:55:59   |
9463        |       -2351.35   |       -2370.22   |         18.872   |   67:53:48   |   14:56:17   |
9464        |       -2347.73   |       -2364.86   |          17.13   |   67:57:51   |   14:56:39   |
9465        |       -2347.49   |       -2368.17   |        20.6767   |   68:01:30   |   14:56:56   |
9466        |       -2345.26   |       -2365.38   |        20.1166   |   68:05:05   |   14:57:11   |
9467        |       -2348.05   |       -2367.62   |        19.5711   |   68:08:43   |   14:57:28   |
9468        |       -2349.13   |       -2368.32   |        19.1915   |   68:11:58   |   14:57:39   |
9469        |        -2348.6   |       -2367.48   |        18.8828   |   68:15:45   |   14:57:57   |
9470        |        -2348.3   |       -2367.49   |        19.1902   |   68:18:59   |   14:58:08   |
9471        |       -2346.18   |       -2364.26   |         18.089   |   68:32:18   |   15:00:31   |
9472        |       -2349.53   |       -2365.28   |        15.7467   |   68:35:43   |   15:00:44   |
9473        |       -2348.21   |       -2364.98   |         16.768   |   68:39:17   |   15:00:59   |
9474        |        -2351.1   |       -2367.91   |        16.8142   |   68:42:56   |   15:01:15   |
9475        |       -2353.44   |        -2371.5   |        18.0539   |   68:46:15   |   15:01:27   |
9476        |       -2351.01   |        -2367.7   |        16.6885   |   68:49:54   |   15:01:43   |
9477        |       -2350.51   |       -2369.52   |        19.0147   |   68:52:57   |   15:01:51   |
9478        |       -2350.61   |       -2369.63   |        19.0154   |   68:56:37   |   15:02:07   |
9479        |       -2347.94   |       -2368.77   |        20.8286   |   68:59:53   |   15:02:18   |


Iter        |      Posterior   |     Likelihood   |          Prior   |    elapsed   |        ETA   |
----------------------------------------------------------------------------------------------------
9480        |       -2347.94   |       -2368.77   |        20.8286   |   69:03:34   |   15:02:34   |
9481        |       -2347.94   |       -2368.77   |        20.8286   |   69:16:34   |   15:04:52   |
9482        |       -2347.94   |       -2368.77   |        20.8286   |   69:20:18   |   15:05:09   |
9483        |       -2347.35   |       -2368.15   |        20.8041   |   69:23:49   |   15:05:23   |
9484        |       -2349.85   |       -2371.29   |        21.4398   |   69:27:02   |   15:05:33   |
9485        |       -2351.24   |       -2372.25   |        21.0025   |   69:30:13   |   15:05:42   |
9486        |       -2349.77   |        -2369.6   |        19.8342   |   69:33:26   |   15:05:52   |
9487        |       -2350.67   |       -2370.58   |        19.9148   |   69:36:46   |   15:06:03   |
9488        |       -2350.67   |       -2370.58   |        19.9148   |   69:40:22   |   15:06:18   |
9489        |       -2350.57   |       -2371.45   |        20.8733   |   69:44:08   |   15:06:35   |
9490        |       -2351.29   |        -2372.3   |        21.0138   |   69:47:30   |   15:06:46   |
9491        |       -2352.64   |       -2373.61   |        20.9668   |   70:00:27   |   15:09:02   |
9492        |       -2351.19   |       -2373.72   |        22.5314   |   70:03:47   |   15:09:13   |
9493        |       -2349.83   |       -2370.92   |        21.0957   |   70:07:16   |   15:09:26   |
9494        |       -2350.33   |       -2371.46   |        21.1229   |   70:10:52   |   15:09:40   |
9495        |       -2352.25   |       -2373.44   |        21.1854   |   70:14:09   |   15:09:50   |
9496        |       -2351.69   |       -2372.43   |        20.7481   |   70:17:50   |   15:10:06   |
9497        |       -2349.97   |       -2370.27   |        20.3008   |   70:21:29   |   15:10:21   |
9498        |        -2352.1   |       -2369.92   |        17.8194   |   70:24:47   |   15:10:31   |
9499        |       -2354.39   |       -2370.08   |        15.6884   |   70:28:21   |   15:10:44   |


Iter        |      Posterior   |     Likelihood   |          Prior   |    elapsed   |        ETA   |
----------------------------------------------------------------------------------------------------
9500        |       -2351.78   |       -2368.88   |        17.1026   |   70:31:47   |   15:10:56   |
9501        |       -2357.03   |       -2373.05   |        16.0243   |   70:45:33   |   15:13:22   |
9502        |       -2357.59   |       -2374.36   |        16.7655   |   70:49:10   |   15:13:36   |
9503        |       -2357.86   |       -2374.62   |         16.762   |   70:53:03   |   15:13:53   |
9504        |       -2354.01   |       -2375.31   |         21.304   |   70:56:40   |   15:14:07   |
9505        |       -2353.29   |       -2373.91   |        20.6118   |   70:59:44   |   15:14:14   |
9506        |       -2352.24   |       -2371.34   |        19.0949   |   71:03:19   |   15:14:27   |
9507        |       -2353.31   |       -2371.99   |        18.6792   |   71:06:56   |   15:14:41   |
9508        |       -2350.89   |       -2370.38   |        19.4884   |   71:10:10   |   15:14:50   |
9509        |       -2350.82   |       -2372.14   |         21.313   |   71:13:18   |   15:14:58   |
9510        |       -2353.18   |        -2375.6   |        22.4212   |   71:16:53   |   15:15:11   |
9511        |       -2353.12   |          -2375   |        21.8784   |   71:29:43   |   15:17:23   |
9512        |       -2351.98   |       -2373.54   |        21.5573   |   71:33:12   |   15:17:35   |
9513        |        -2348.3   |       -2369.85   |        21.5536   |   71:36:33   |   15:17:45   |
9514        |       -2348.86   |       -2370.21   |        21.3558   |   71:39:57   |   15:17:55   |
9515        |       -2348.45   |        -2370.7   |        22.2535   |   71:43:23   |   15:18:06   |
9516        |        -2350.6   |       -2372.31   |        21.7052   |   71:46:59   |   15:18:20   |
9517        |       -2352.22   |       -2373.49   |        21.2735   |   71:50:09   |   15:18:27   |
9518        |        -2350.5   |       -2370.94   |        20.4431   |   71:53:31   |   15:18:37   |
9519        |       -2348.61   |        -2370.6   |        21.9912   |   71:56:42   |   15:18:45   |


Iter        |      Posterior   |     Likelihood   |          Prior   |    elapsed   |        ETA   |
----------------------------------------------------------------------------------------------------
9520        |       -2348.29   |       -2369.07   |        20.7795   |   72:00:06   |   15:18:55   |
9521        |       -2348.01   |       -2370.26   |        22.2494   |   72:13:25   |   15:21:12   |
9522        |       -2347.58   |       -2370.32   |        22.7448   |   72:16:56   |   15:21:24   |
9523        |       -2347.92   |       -2371.23   |        23.3142   |   72:20:01   |   15:21:30   |
9524        |       -2349.41   |       -2372.03   |        22.6215   |   72:23:11   |   15:21:37   |
9525        |       -2353.83   |       -2372.34   |        18.5075   |   72:26:30   |   15:21:46   |
9526        |       -2356.15   |       -2377.97   |        21.8205   |   72:30:04   |   15:21:58   |
9527        |       -2351.21   |       -2375.23   |        24.0198   |   72:33:25   |   15:22:08   |
9528        |       -2351.22   |       -2375.23   |        24.0093   |   72:36:24   |   15:22:12   |
9529        |       -2352.61   |       -2376.62   |        24.0127   |   72:39:42   |   15:22:21   |
9530        |       -2348.91   |       -2373.61   |         24.703   |   72:42:47   |   15:22:27   |
9531        |       -2347.56   |       -2372.55   |        24.9945   |   72:54:54   |   15:24:27   |
9532        |       -2353.42   |       -2378.14   |        24.7196   |   72:58:04   |   15:24:34   |
9533        |       -2351.47   |       -2374.81   |        23.3384   |   73:01:14   |   15:24:41   |
9534        |       -2348.46   |       -2372.69   |        24.2286   |   73:04:28   |   15:24:48   |
9535        |       -2352.78   |       -2377.79   |         25.003   |   73:07:27   |   15:24:53   |
9536        |       -2353.35   |       -2377.46   |        24.1085   |   73:10:21   |   15:24:56   |
9537        |       -2349.72   |       -2372.16   |        22.4393   |   73:13:50   |   15:25:06   |
9538        |        -2349.8   |       -2371.86   |        22.0637   |   73:17:20   |   15:25:17   |
9539        |       -2349.71   |       -2371.32   |        21.6119   |   73:20:53   |   15:25:28   |


Iter        |      Posterior   |     Likelihood   |          Prior   |    elapsed   |        ETA   |
----------------------------------------------------------------------------------------------------
9540        |       -2351.38   |       -2373.19   |        21.8094   |   73:24:02   |   15:25:35   |
9541        |       -2352.08   |       -2373.85   |        21.7692   |   73:36:38   |   15:27:40   |
9542        |       -2352.08   |       -2373.85   |        21.7692   |   73:40:03   |   15:27:49   |
9543        |       -2351.49   |       -2374.16   |        22.6704   |   73:43:31   |   15:27:59   |
9544        |       -2350.58   |       -2373.13   |        22.5492   |   73:46:46   |   15:28:07   |
9545        |       -2348.25   |       -2370.29   |        22.0337   |   73:50:16   |   15:28:17   |
9546        |       -2348.42   |       -2370.29   |        21.8745   |   73:53:50   |   15:28:28   |
9547        |       -2346.55   |       -2369.17   |        22.6146   |   73:56:51   |   15:28:32   |
9548        |       -2347.32   |       -2368.08   |        20.7637   |   74:00:02   |   15:28:38   |
9549        |       -2346.43   |       -2367.45   |         21.015   |   74:03:37   |   15:28:50   |
9550        |       -2346.88   |       -2367.94   |        21.0546   |   74:07:06   |   15:29:00   |
9551        |       -2344.35   |       -2365.85   |         21.506   |   74:19:41   |   15:31:03   |
9552        |       -2346.29   |       -2366.18   |        19.8919   |   74:22:55   |   15:31:10   |
9553        |          -2350   |       -2366.98   |        16.9708   |   74:26:31   |   15:31:21   |
9554        |       -2348.32   |       -2367.19   |        18.8687   |   74:30:09   |   15:31:33   |
9555        |       -2346.49   |       -2364.23   |         17.747   |   74:33:44   |   15:31:44   |
9556        |       -2346.21   |          -2363   |        16.7929   |   74:37:20   |   15:31:55   |
9557        |          -2347   |       -2363.29   |        16.2917   |   74:41:03   |   15:32:07   |
9558        |       -2352.15   |          -2365   |        12.8451   |   74:44:39   |   15:32:18   |
9559        |       -2349.85   |       -2363.78   |        13.9292   |   74:48:04   |   15:32:27   |


Iter        |      Posterior   |     Likelihood   |          Prior   |    elapsed   |        ETA   |
----------------------------------------------------------------------------------------------------
9560        |       -2348.36   |       -2363.93   |        15.5705   |   74:51:31   |   15:32:36   |
9561        |       -2345.91   |       -2361.46   |        15.5514   |   75:04:33   |   15:34:44   |
9562        |       -2346.94   |       -2362.71   |        15.7718   |   75:08:04   |   15:34:53   |
9563        |       -2351.09   |       -2363.77   |        12.6807   |   75:11:44   |   15:35:05   |
9564        |       -2353.01   |       -2369.31   |        16.3023   |   75:15:05   |   15:35:12   |
9565        |       -2350.24   |          -2367   |        16.7645   |   75:18:32   |   15:35:21   |
9566        |       -2350.73   |       -2369.54   |        18.8052   |   75:22:51   |   15:35:40   |
9567        |        -2348.8   |       -2368.42   |        19.6207   |   75:26:28   |   15:35:51   |
9568        |       -2346.52   |       -2366.27   |        19.7462   |   75:29:44   |   15:35:57   |
9569        |       -2349.37   |       -2365.73   |        16.3554   |   75:32:58   |   15:36:03   |
9570        |       -2347.18   |       -2364.79   |        17.6099   |   75:36:22   |   15:36:11   |
9571        |       -2350.89   |       -2364.97   |        14.0843   |   75:49:35   |   15:38:20   |
9572        |       -2355.86   |       -2368.56   |        12.7021   |   75:53:12   |   15:38:30   |
9573        |       -2350.18   |       -2364.47   |        14.2859   |   75:57:45   |   15:38:52   |
9574        |       -2348.42   |       -2363.04   |        14.6232   |   76:01:56   |   15:39:09   |
9575        |       -2350.85   |       -2362.99   |        12.1414   |   76:05:23   |   15:39:18   |
9576        |          -2354   |       -2366.12   |        12.1182   |   76:08:50   |   15:39:26   |
9577        |       -2347.17   |       -2362.92   |        15.7456   |   76:12:17   |   15:39:34   |
9578        |       -2349.86   |        -2363.6   |        13.7358   |   76:15:37   |   15:39:40   |
9579        |        -2348.4   |       -2362.17   |         13.767   |   76:19:37   |   15:39:55   |


Iter        |      Posterior   |     Likelihood   |          Prior   |    elapsed   |        ETA   |
----------------------------------------------------------------------------------------------------
9580        |       -2346.56   |       -2363.27   |        16.7181   |   76:23:50   |   15:40:12   |
9581        |       -2346.09   |       -2366.57   |        20.4792   |   76:37:02   |   15:42:20   |
9582        |       -2346.89   |       -2366.95   |        20.0571   |   76:40:27   |   15:42:27   |
9583        |       -2347.05   |        -2362.3   |        15.2537   |   76:43:46   |   15:42:33   |
9584        |       -2344.98   |       -2364.62   |        19.6452   |   76:47:23   |   15:42:43   |
9585        |       -2343.74   |       -2363.81   |        20.0672   |   76:50:44   |   15:42:49   |
9586        |       -2346.68   |       -2364.18   |        17.5042   |   76:53:52   |   15:42:53   |
9587        |       -2342.76   |       -2363.92   |        21.1565   |   76:57:02   |   15:42:57   |
9588        |       -2343.07   |       -2366.29   |        23.2154   |   77:00:19   |   15:43:02   |
9589        |       -2344.58   |       -2366.81   |        22.2278   |   77:03:22   |   15:43:05   |
9590        |       -2344.77   |       -2367.01   |        22.2326   |   77:06:41   |   15:43:11   |
9591        |       -2345.48   |       -2365.09   |        19.6118   |   77:19:29   |   15:45:12   |
9592        |       -2346.23   |       -2364.97   |        18.7306   |   77:23:04   |   15:45:21   |
9593        |       -2347.95   |       -2363.73   |        15.7742   |   77:26:33   |   15:45:29   |
9594        |       -2345.58   |       -2365.91   |        20.3359   |   77:30:26   |   15:45:41   |
9595        |       -2349.18   |       -2363.86   |        14.6798   |   77:33:53   |   15:45:48   |
9596        |       -2354.12   |       -2365.39   |        11.2738   |   77:37:59   |   15:46:03   |
9597        |       -2353.33   |       -2367.31   |        13.9774   |   77:41:40   |   15:46:13   |
9598        |       -2351.91   |       -2365.95   |        14.0382   |   77:45:16   |   15:46:22   |
9599        |       -2353.18   |       -2367.55   |        14.3693   |   77:49:04   |   15:46:33   |


Iter        |      Posterior   |     Likelihood   |          Prior   |    elapsed   |        ETA   |
----------------------------------------------------------------------------------------------------
9600        |       -2350.31   |       -2366.26   |        15.9572   |   77:52:53   |   15:46:44   |
9601        |       -2347.37   |       -2364.72   |        17.3453   |   78:06:03   |   15:48:49   |
9602        |       -2348.79   |       -2368.74   |        19.9553   |   78:09:24   |   15:48:55   |
9603        |       -2348.79   |       -2368.74   |        19.9553   |   78:13:11   |   15:49:05   |
9604        |       -2347.88   |       -2367.93   |        20.0466   |   78:17:02   |   15:49:17   |
9605        |       -2346.39   |       -2367.62   |        21.2329   |   78:20:48   |   15:49:27   |
9606        |       -2348.21   |       -2368.63   |        20.4179   |   78:24:05   |   15:49:32   |
9607        |       -2348.51   |       -2367.84   |        19.3333   |   78:27:54   |   15:49:42   |
9608        |       -2346.63   |       -2363.18   |        16.5474   |   78:31:27   |   15:49:50   |
9609        |       -2348.04   |       -2365.01   |        16.9782   |   78:35:02   |   15:49:58   |
9610        |       -2347.81   |       -2361.21   |        13.3978   |   78:39:15   |   15:50:14   |
9611        |       -2350.75   |        -2365.5   |        14.7442   |   78:52:32   |   15:52:19   |
9612        |       -2349.08   |       -2361.86   |        12.7728   |   78:57:02   |   15:52:37   |
9613        |       -2350.55   |       -2366.46   |         15.916   |   79:01:03   |   15:52:50   |
9614        |       -2346.27   |       -2360.98   |        14.7136   |   79:04:45   |   15:52:59   |
9615        |       -2347.98   |       -2359.71   |        11.7312   |   79:08:30   |   15:53:09   |
9616        |       -2348.48   |       -2360.11   |        11.6314   |   79:12:12   |   15:53:18   |
9617        |       -2348.88   |       -2360.51   |        11.6314   |   79:16:17   |   15:53:31   |
9618        |       -2350.85   |       -2362.21   |        11.3587   |   79:20:02   |   15:53:41   |
9619        |       -2348.52   |       -2361.29   |        12.7737   |   79:24:03   |   15:53:53   |


Iter        |      Posterior   |     Likelihood   |          Prior   |    elapsed   |        ETA   |
----------------------------------------------------------------------------------------------------
9620        |       -2348.02   |       -2362.45   |        14.4293   |   79:27:46   |   15:54:02   |
9621        |       -2345.97   |       -2362.73   |        16.7648   |   79:41:08   |   15:56:07   |
9622        |       -2347.13   |       -2363.56   |        16.4282   |   79:44:39   |   15:56:14   |
9623        |       -2350.67   |       -2367.26   |        16.5935   |   79:48:09   |   15:56:20   |
9624        |       -2353.55   |       -2366.57   |        13.0181   |   79:51:45   |   15:56:27   |
9625        |       -2347.58   |       -2365.23   |        17.6512   |   79:55:17   |   15:56:33   |
9626        |       -2348.96   |       -2362.35   |        13.3899   |   79:58:34   |   15:56:37   |
9627        |       -2346.82   |          -2364   |        17.1726   |   80:02:06   |   15:56:43   |
9628        |       -2349.16   |       -2368.35   |        19.1922   |   80:06:01   |   15:56:54   |
9629        |       -2347.12   |       -2364.94   |        17.8206   |   80:09:36   |   15:57:01   |
9630        |        -2345.5   |       -2363.54   |        18.0323   |   80:12:57   |   15:57:05   |
9631        |       -2342.05   |        -2361.4   |        19.3498   |   80:26:46   |   15:59:14   |
9632        |        -2342.6   |        -2362.6   |        19.9934   |   80:30:22   |   15:59:21   |
9633        |       -2345.21   |       -2364.15   |        18.9383   |   80:33:51   |   15:59:26   |
9634        |       -2345.51   |       -2364.48   |        18.9621   |   80:37:32   |   15:59:34   |
9635        |       -2346.38   |       -2365.53   |        19.1559   |   80:41:29   |   15:59:45   |
9636        |       -2346.38   |       -2365.53   |        19.1559   |   80:45:29   |   15:59:56   |
9637        |       -2347.48   |       -2366.68   |        19.1988   |   80:49:07   |   16:00:03   |
9638        |       -2349.26   |       -2367.89   |        18.6272   |   80:52:54   |   16:00:12   |
9639        |       -2349.54   |        -2367.1   |        17.5633   |   80:56:28   |   16:00:18   |


Iter        |      Posterior   |     Likelihood   |          Prior   |    elapsed   |        ETA   |
----------------------------------------------------------------------------------------------------
9640        |       -2350.16   |        -2367.6   |        17.4386   |   81:00:02   |   16:00:24   |
9641        |       -2350.72   |       -2367.97   |        17.2424   |   81:13:36   |   16:02:29   |
9642        |       -2345.86   |       -2364.48   |        18.6193   |   81:16:41   |   16:02:29   |
9643        |       -2344.07   |       -2362.46   |        18.3947   |   81:19:49   |   16:02:30   |
9644        |       -2344.63   |       -2365.45   |        20.8233   |   81:23:15   |   16:02:34   |
9645        |       -2345.24   |       -2364.55   |        19.3043   |   81:26:56   |   16:02:41   |
9646        |       -2346.76   |       -2362.59   |        15.8302   |   81:30:29   |   16:02:47   |
9647        |       -2349.46   |       -2365.67   |        16.2158   |   81:34:15   |   16:02:55   |
9648        |       -2352.47   |       -2369.44   |        16.9634   |   81:38:06   |   16:03:04   |
9649        |       -2353.09   |       -2370.58   |        17.4847   |   81:41:47   |   16:03:11   |
9650        |       -2347.45   |       -2364.66   |        17.2126   |   81:45:50   |   16:03:22   |
9651        |        -2347.9   |       -2366.23   |        18.3311   |   81:59:41   |   16:05:29   |
9652        |       -2347.55   |       -2363.91   |        16.3609   |   82:03:40   |   16:05:39   |
9653        |       -2348.92   |       -2366.75   |        17.8321   |   82:06:56   |   16:05:41   |
9654        |        -2347.4   |        -2365.2   |        17.7921   |   82:09:54   |   16:05:39   |
9655        |       -2348.62   |       -2366.88   |         18.252   |   82:13:24   |   16:05:43   |
9656        |       -2348.62   |       -2366.88   |         18.252   |   82:17:25   |   16:05:54   |
9657        |       -2346.78   |       -2366.13   |        19.3502   |   82:20:49   |   16:05:57   |
9658        |       -2345.62   |       -2364.97   |        19.3495   |   82:24:27   |   16:06:03   |
9659        |       -2348.52   |       -2365.74   |        17.2197   |   82:27:39   |   16:06:04   |


Iter        |      Posterior   |     Likelihood   |          Prior   |    elapsed   |        ETA   |
----------------------------------------------------------------------------------------------------
9660        |       -2347.82   |       -2365.95   |         18.135   |   82:31:18   |   16:06:10   |
9661        |       -2345.83   |       -2362.43   |        16.5963   |   82:44:45   |   16:08:10   |
9662        |          -2347   |        -2364.1   |        17.1007   |   82:48:27   |   16:08:17   |
9663        |       -2346.49   |       -2367.38   |        20.8905   |   82:52:02   |   16:08:22   |
9664        |       -2348.37   |       -2369.04   |        20.6755   |   82:55:27   |   16:08:25   |
9665        |       -2347.04   |       -2369.27   |        22.2326   |   82:59:14   |   16:08:32   |
9666        |       -2347.21   |       -2369.16   |        21.9493   |   83:03:08   |   16:08:41   |
9667        |       -2346.41   |       -2368.15   |        21.7342   |   83:06:58   |   16:08:48   |
9668        |       -2345.81   |       -2367.38   |         21.568   |   83:10:16   |   16:08:50   |
9669        |       -2345.02   |       -2366.84   |        21.8131   |   83:13:53   |   16:08:55   |
9670        |       -2345.25   |       -2366.77   |        21.5162   |   83:17:09   |   16:08:56   |
9671        |       -2345.02   |       -2366.62   |        21.5966   |   83:30:44   |   16:10:57   |
9672        |       -2344.41   |       -2365.76   |        21.3507   |   83:34:21   |   16:11:02   |
9673        |       -2348.37   |       -2367.94   |        19.5686   |   83:37:48   |   16:11:05   |
9674        |       -2347.83   |       -2365.66   |        17.8268   |   83:41:09   |   16:11:06   |
9675        |       -2345.92   |       -2363.72   |        17.7976   |   83:45:22   |   16:11:18   |
9676        |       -2348.09   |       -2367.88   |        19.7916   |   83:48:56   |   16:11:22   |
9677        |        -2346.7   |       -2369.12   |        22.4107   |   83:52:31   |   16:11:27   |
9678        |       -2348.87   |       -2371.77   |        22.9036   |   83:55:43   |   16:11:26   |
9679        |       -2351.99   |       -2373.55   |        21.5557   |   83:59:15   |   16:11:30   |


Iter        |      Posterior   |     Likelihood   |          Prior   |    elapsed   |        ETA   |
----------------------------------------------------------------------------------------------------
9680        |       -2352.69   |       -2373.79   |        21.1025   |   84:02:57   |   16:11:36   |
9681        |       -2351.34   |       -2372.32   |        20.9845   |   84:17:20   |   16:13:44   |
9682        |       -2350.32   |       -2371.33   |        21.0003   |   84:20:52   |   16:13:48   |
9683        |       -2346.41   |       -2369.98   |        23.5641   |   84:24:32   |   16:13:53   |
9684        |       -2348.34   |       -2370.37   |        22.0331   |   84:28:23   |   16:14:00   |
9685        |       -2346.93   |       -2369.32   |        22.3876   |   84:32:17   |   16:14:07   |
9686        |       -2349.58   |       -2369.44   |        19.8608   |   84:36:05   |   16:14:14   |
9687        |       -2349.32   |       -2369.03   |        19.7083   |   84:39:37   |   16:14:17   |
9688        |       -2348.34   |       -2369.19   |        20.8559   |   84:43:21   |   16:14:22   |
9689        |       -2348.64   |        -2370.8   |        22.1635   |   84:47:18   |   16:14:30   |
9690        |       -2348.47   |       -2370.87   |        22.4015   |   84:51:15   |   16:14:38   |
9691        |       -2349.66   |       -2371.01   |        21.3577   |   85:04:40   |   16:16:34   |
9692        |       -2351.45   |       -2371.89   |        20.4417   |   85:08:14   |   16:16:38   |
9693        |       -2349.45   |       -2368.04   |        18.5911   |   85:11:51   |   16:16:41   |
9694        |        -2351.7   |       -2369.84   |        18.1384   |   85:15:40   |   16:16:47   |
9695        |       -2351.29   |       -2371.33   |        20.0457   |   85:19:38   |   16:16:55   |
9696        |       -2349.91   |       -2370.95   |        21.0483   |   85:23:23   |   16:17:00   |
9697        |       -2347.57   |       -2369.12   |        21.5553   |   85:27:03   |   16:17:05   |
9698        |       -2347.77   |       -2368.66   |        20.8876   |   85:31:05   |   16:17:13   |
9699        |       -2347.45   |       -2368.38   |        20.9343   |   85:34:58   |   16:17:19   |


Iter        |      Posterior   |     Likelihood   |          Prior   |    elapsed   |        ETA   |
----------------------------------------------------------------------------------------------------
9700        |       -2348.22   |       -2369.02   |         20.796   |   85:38:56   |   16:17:27   |
9701        |       -2348.03   |       -2368.07   |        20.0415   |   85:52:31   |   16:19:24   |
9702        |       -2349.21   |       -2367.89   |        18.6786   |   85:56:21   |   16:19:30   |
9703        |       -2349.33   |       -2368.28   |        18.9466   |   86:00:29   |   16:19:39   |
9704        |       -2347.34   |       -2367.93   |        20.5943   |   86:04:22   |   16:19:45   |
9705        |       -2351.66   |       -2367.85   |        16.1962   |   86:07:57   |   16:19:48   |
9706        |        -2352.4   |       -2365.97   |        13.5699   |   86:12:05   |   16:19:57   |
9707        |       -2355.61   |       -2367.68   |        12.0688   |   86:15:56   |   16:20:03   |
9708        |       -2349.36   |       -2367.25   |        17.8852   |   86:20:03   |   16:20:11   |
9709        |       -2349.39   |        -2370.8   |        21.4104   |   86:23:36   |   16:20:14   |
9710        |       -2349.19   |       -2369.16   |        19.9715   |   86:27:13   |   16:20:16   |
9711        |       -2349.85   |        -2368.4   |        18.5495   |   86:40:30   |   16:22:09   |
9712        |        -2347.6   |       -2366.59   |        18.9852   |   86:44:25   |   16:22:15   |
9713        |       -2347.62   |       -2364.46   |        16.8418   |   86:48:02   |   16:22:18   |
9714        |       -2346.07   |       -2366.43   |        20.3516   |   86:51:45   |   16:22:22   |
9715        |       -2347.23   |        -2366.4   |        19.1628   |   86:55:17   |   16:22:23   |
9716        |       -2348.36   |       -2370.13   |        21.7775   |   86:59:06   |   16:22:28   |
9717        |       -2348.23   |       -2367.41   |        19.1857   |   87:02:45   |   16:22:31   |
9718        |       -2346.16   |       -2365.21   |         19.054   |   87:06:12   |   16:22:32   |
9719        |       -2346.22   |       -2366.14   |        19.9214   |   87:09:58   |   16:22:36   |


Iter        |      Posterior   |     Likelihood   |          Prior   |    elapsed   |        ETA   |
----------------------------------------------------------------------------------------------------
9720        |       -2344.86   |       -2365.22   |        20.3626   |   87:13:43   |   16:22:40   |
9721        |       -2344.33   |       -2364.75   |        20.4195   |   87:27:10   |   16:24:33   |
9722        |       -2346.26   |       -2365.45   |        19.1955   |   87:30:47   |   16:24:35   |
9723        |        -2347.8   |       -2366.95   |        19.1504   |   87:34:45   |   16:24:41   |
9724        |        -2347.4   |       -2369.72   |        22.3186   |   87:38:16   |   16:24:42   |
9725        |       -2349.56   |       -2370.49   |        20.9303   |   87:41:59   |   16:24:45   |
9726        |       -2347.72   |       -2369.19   |        21.4731   |   87:45:52   |   16:24:50   |
9727        |       -2345.95   |       -2368.46   |        22.5077   |   87:49:26   |   16:24:52   |
9728        |       -2347.36   |          -2367   |        19.6402   |   87:52:46   |   16:24:50   |
9729        |       -2348.95   |       -2366.34   |        17.3887   |   87:56:25   |   16:24:53   |
9730        |       -2348.77   |       -2368.69   |        19.9184   |   88:00:27   |   16:24:59   |
9731        |       -2355.14   |       -2374.51   |        19.3632   |   88:14:08   |   16:26:54   |
9732        |       -2356.09   |       -2373.12   |        17.0313   |   88:17:52   |   16:26:57   |
9733        |       -2354.38   |       -2374.62   |        20.2368   |   88:21:23   |   16:26:57   |
9734        |       -2352.33   |       -2373.26   |        20.9241   |   88:25:08   |   16:27:00   |
9735        |       -2350.97   |       -2371.77   |        20.7935   |   88:28:22   |   16:26:58   |
9736        |       -2349.29   |       -2369.67   |        20.3753   |   88:31:49   |   16:26:57   |
9737        |        -2348.9   |       -2369.57   |        20.6644   |   88:35:52   |   16:27:04   |
9738        |       -2348.12   |       -2371.38   |        23.2617   |   88:39:41   |   16:27:07   |
9739        |       -2350.95   |       -2376.34   |        25.3865   |   88:43:10   |   16:27:07   |


Iter        |      Posterior   |     Likelihood   |          Prior   |    elapsed   |        ETA   |
----------------------------------------------------------------------------------------------------
9740        |       -2349.53   |       -2373.19   |         23.661   |   88:46:41   |   16:27:07   |
9741        |       -2350.95   |       -2373.85   |        22.8977   |   88:59:33   |   16:28:51   |
9742        |       -2350.64   |       -2372.85   |        22.2136   |   89:02:39   |   16:28:47   |
9743        |       -2351.87   |       -2373.92   |        22.0503   |   89:06:06   |   16:28:46   |
9744        |       -2351.87   |       -2373.92   |        22.0503   |   89:09:50   |   16:28:49   |
9745        |       -2352.44   |       -2373.91   |        21.4663   |   89:13:28   |   16:28:50   |
9746        |       -2351.81   |       -2372.53   |         20.717   |   89:16:40   |   16:28:46   |
9747        |       -2355.18   |       -2375.49   |        20.3149   |   89:20:19   |   16:28:48   |
9748        |       -2354.24   |        -2373.9   |        19.6578   |   89:24:04   |   16:28:50   |
9749        |       -2349.63   |        -2367.9   |        18.2681   |   89:27:53   |   16:28:53   |
9750        |       -2349.63   |        -2367.9   |        18.2681   |   89:32:08   |   16:29:01   |
9751        |       -2354.09   |       -2371.65   |        17.5631   |   89:46:25   |   16:30:59   |
9752        |       -2351.62   |        -2369.5   |        17.8826   |   89:49:56   |   16:30:59   |
9753        |       -2351.87   |       -2369.51   |        17.6434   |   89:53:43   |   16:31:01   |
9754        |       -2350.55   |       -2368.37   |        17.8248   |   89:57:16   |   16:31:01   |
9755        |       -2349.82   |       -2370.55   |        20.7331   |   90:00:59   |   16:31:03   |
9756        |       -2348.87   |       -2368.83   |        19.9589   |   90:04:45   |   16:31:05   |
9757        |       -2348.88   |       -2369.16   |        20.2767   |   90:08:33   |   16:31:07   |
9758        |       -2346.55   |       -2366.33   |        19.7785   |   90:12:04   |   16:31:07   |
9759        |       -2345.74   |       -2368.52   |        22.7813   |   90:15:36   |   16:31:06   |


Iter        |      Posterior   |     Likelihood   |          Prior   |    elapsed   |        ETA   |
----------------------------------------------------------------------------------------------------
9760        |       -2347.71   |       -2370.34   |        22.6249   |   90:19:14   |   16:31:07   |
9761        |       -2347.44   |       -2369.84   |        22.4063   |   90:32:59   |   16:32:58   |
9762        |       -2347.22   |       -2371.09   |        23.8706   |   90:37:06   |   16:33:04   |
9763        |       -2344.24   |       -2366.41   |        22.1635   |   90:40:51   |   16:33:05   |
9764        |       -2344.16   |       -2366.34   |        22.1721   |   90:44:21   |   16:33:04   |
9765        |       -2348.59   |       -2373.95   |        25.3672   |   90:48:12   |   16:33:07   |
9766        |       -2346.77   |       -2371.57   |        24.8018   |   90:51:52   |   16:33:07   |
9767        |       -2346.11   |       -2371.51   |        25.4019   |   90:55:35   |   16:33:08   |
9768        |       -2347.42   |       -2370.63   |        23.2125   |   90:59:17   |   16:33:09   |
9769        |       -2348.47   |       -2370.37   |        21.8941   |   91:02:50   |   16:33:08   |
9770        |       -2345.86   |       -2369.19   |        23.3286   |   91:06:38   |   16:33:10   |
9771        |       -2347.16   |       -2368.59   |        21.4299   |   91:19:58   |   16:34:55   |
9772        |       -2349.22   |       -2370.43   |         21.209   |   91:23:38   |   16:34:55   |
9773        |       -2349.35   |       -2371.98   |        22.6335   |   91:27:06   |   16:34:53   |
9774        |       -2351.02   |       -2371.59   |        20.5697   |   91:31:01   |   16:34:56   |
9775        |       -2351.39   |       -2370.73   |        19.3342   |   91:34:47   |   16:34:57   |
9776        |       -2352.86   |          -2372   |        19.1384   |   91:38:41   |   16:35:00   |
9777        |       -2356.03   |       -2368.03   |        11.9944   |   91:42:50   |   16:35:05   |
9778        |        -2356.3   |       -2369.02   |        12.7147   |   91:47:05   |   16:35:11   |
9779        |       -2359.47   |       -2367.64   |        8.16861   |   91:50:50   |   16:35:12   |


Iter        |      Posterior   |     Likelihood   |          Prior   |    elapsed   |        ETA   |
----------------------------------------------------------------------------------------------------
9780        |       -2355.86   |       -2370.56   |        14.7061   |   91:55:14   |   16:35:20   |
9781        |       -2358.77   |       -2369.58   |         10.816   |   92:09:17   |   16:37:12   |
9782        |       -2353.86   |       -2367.49   |        13.6356   |   92:13:23   |   16:37:16   |
9783        |       -2354.59   |       -2370.66   |        16.0716   |   92:17:18   |   16:37:18   |
9784        |       -2358.51   |       -2372.82   |        14.3096   |   92:20:53   |   16:37:17   |
9785        |       -2353.16   |       -2371.79   |        18.6294   |   92:24:55   |   16:37:20   |
9786        |       -2352.15   |       -2369.51   |        17.3657   |   92:28:53   |   16:37:23   |
9787        |        -2349.4   |       -2370.92   |        21.5126   |   92:32:46   |   16:37:25   |
9788        |       -2349.18   |       -2369.83   |        20.6502   |   92:36:35   |   16:37:26   |
9789        |        -2349.4   |       -2370.16   |        20.7611   |   92:40:33   |   16:37:28   |
9790        |        -2354.5   |       -2375.73   |        21.2337   |   92:44:16   |   16:37:28   |
9791        |       -2350.39   |       -2372.53   |        22.1416   |   92:57:58   |   16:39:15   |
9792        |       -2349.84   |       -2373.11   |        23.2676   |   93:01:50   |   16:39:16   |
9793        |       -2353.64   |        -2374.5   |        20.8628   |   93:05:09   |   16:39:12   |
9794        |       -2349.54   |       -2372.26   |        22.7194   |   93:08:54   |   16:39:11   |
9795        |       -2354.03   |       -2375.05   |        21.0262   |   93:12:31   |   16:39:10   |
9796        |       -2352.32   |        -2373.6   |        21.2753   |   93:16:17   |   16:39:10   |
9797        |       -2350.97   |       -2371.58   |        20.6113   |   93:19:38   |   16:39:05   |
9798        |        -2351.3   |       -2369.35   |        18.0475   |   93:23:21   |   16:39:05   |
9799        |       -2354.84   |        -2374.7   |        19.8627   |   93:27:25   |   16:39:08   |


Iter        |      Posterior   |     Likelihood   |          Prior   |    elapsed   |        ETA   |
----------------------------------------------------------------------------------------------------
9800        |       -2354.27   |       -2372.55   |        18.2843   |   93:30:58   |   16:39:05   |
9801        |          -2353   |       -2367.46   |         14.457   |   93:44:01   |   16:40:44   |
9802        |       -2354.77   |       -2367.16   |        12.3946   |   93:47:30   |   16:40:41   |
9803        |        -2354.7   |       -2367.22   |        12.5203   |   93:51:28   |   16:40:42   |
9804        |        -2354.7   |       -2367.22   |        12.5203   |   93:55:51   |   16:40:49   |
9805        |       -2353.42   |       -2367.51   |        14.0852   |   93:59:59   |   16:40:52   |
9806        |       -2353.93   |       -2368.98   |        15.0549   |   94:04:20   |   16:40:58   |
9807        |       -2353.93   |       -2368.98   |        15.0549   |   94:08:12   |   16:40:58   |
9808        |       -2353.93   |       -2368.98   |        15.0549   |   94:12:22   |   16:41:02   |
9809        |       -2354.94   |       -2368.08   |        13.1435   |   94:16:25   |   16:41:04   |
9810        |       -2355.85   |        -2368.9   |        13.0458   |   94:20:32   |   16:41:07   |
9811        |       -2358.11   |       -2370.56   |        12.4526   |   94:34:49   |   16:42:58   |
9812        |       -2352.09   |       -2368.84   |        16.7517   |   94:38:53   |   16:43:00   |
9813        |       -2350.48   |       -2370.88   |        20.4014   |   94:42:36   |   16:42:58   |
9814        |       -2350.48   |       -2370.88   |        20.4014   |   94:46:52   |   16:43:03   |
9815        |       -2350.48   |       -2370.88   |        20.4014   |   94:50:47   |   16:43:03   |
9816        |       -2350.48   |       -2370.88   |        20.4014   |   94:54:42   |   16:43:04   |
9817        |       -2349.73   |       -2370.39   |        20.6647   |   94:58:46   |   16:43:06   |
9818        |       -2349.73   |       -2370.39   |        20.6647   |   95:02:35   |   16:43:05   |
9819        |       -2349.73   |       -2370.39   |        20.6647   |   95:06:46   |   16:43:08   |


Iter        |      Posterior   |     Likelihood   |          Prior   |    elapsed   |        ETA   |
----------------------------------------------------------------------------------------------------
9820        |       -2352.61   |       -2370.57   |        17.9636   |   95:10:39   |   16:43:08   |
9821        |       -2352.62   |       -2370.73   |          18.11   |   95:24:23   |   16:44:52   |
9822        |       -2352.62   |       -2370.73   |          18.11   |   95:28:29   |   16:44:54   |
9823        |       -2353.07   |       -2369.15   |        16.0859   |   95:32:22   |   16:44:54   |
9824        |       -2350.28   |       -2372.61   |        22.3362   |   95:36:07   |   16:44:52   |
9825        |       -2352.57   |       -2376.05   |        23.4825   |   95:39:51   |   16:44:50   |
9826        |       -2355.59   |       -2376.11   |        20.5204   |   95:43:40   |   16:44:49   |
9827        |       -2355.59   |       -2376.11   |        20.5204   |   95:47:45   |   16:44:50   |
9828        |       -2355.74   |       -2376.52   |         20.778   |   95:51:32   |   16:44:49   |
9829        |       -2356.86   |       -2376.38   |        19.5258   |   95:55:35   |   16:44:50   |
9830        |       -2356.86   |       -2376.38   |        19.5258   |   95:59:29   |   16:44:50   |
9831        |       -2356.86   |       -2376.38   |        19.5258   |   96:13:28   |   16:46:35   |
9832        |       -2355.08   |        -2374.4   |        19.3167   |   96:17:13   |   16:46:32   |
9833        |       -2355.08   |        -2374.4   |        19.3167   |   96:21:32   |   16:46:36   |
9834        |       -2355.08   |        -2374.4   |        19.3167   |   96:25:52   |   16:46:40   |
9835        |       -2355.08   |        -2374.4   |        19.3167   |   96:30:09   |   16:46:43   |
9836        |       -2355.08   |        -2374.4   |        19.3167   |   96:34:20   |   16:46:45   |
9837        |       -2355.08   |        -2374.4   |        19.3167   |   96:38:02   |   16:46:42   |
9838        |       -2355.08   |        -2374.4   |        19.3167   |   96:42:11   |   16:46:44   |
9839        |       -2355.08   |        -2374.4   |        19.3167   |   96:46:04   |   16:46:43   |


Iter        |      Posterior   |     Likelihood   |          Prior   |    elapsed   |        ETA   |
----------------------------------------------------------------------------------------------------
9840        |       -2355.08   |        -2374.4   |        19.3167   |   96:50:03   |   16:46:43   |
9841        |       -2355.08   |        -2374.4   |        19.3167   |   97:03:59   |   16:48:26   |
9842        |       -2355.08   |        -2374.4   |        19.3167   |   97:08:11   |   16:48:28   |
9843        |       -2357.77   |       -2373.83   |        16.0633   |   97:12:32   |   16:48:31   |
9844        |       -2356.56   |       -2374.05   |        17.4959   |   97:17:04   |   16:48:37   |
9845        |       -2358.56   |       -2376.06   |        17.4957   |   97:20:54   |   16:48:35   |
9846        |       -2358.56   |       -2376.06   |        17.4957   |   97:24:48   |   16:48:33   |
9847        |       -2358.56   |       -2376.06   |        17.4957   |   97:29:02   |   16:48:35   |
9848        |       -2358.56   |       -2376.06   |        17.4957   |   97:33:12   |   16:48:37   |
9849        |       -2358.56   |       -2376.06   |        17.4957   |   97:37:10   |   16:48:36   |
9850        |       -2358.56   |       -2376.06   |        17.4957   |   97:41:22   |   16:48:37   |
9851        |       -2358.56   |       -2376.06   |        17.4957   |   97:55:22   |   16:50:20   |
9852        |       -2358.56   |       -2376.06   |        17.4957   |   97:59:41   |   16:50:23   |
9853        |       -2358.56   |       -2376.06   |        17.4957   |   98:03:46   |   16:50:23   |
9854        |       -2358.56   |       -2376.06   |        17.4957   |   98:07:42   |   16:50:21   |
9855        |       -2358.56   |       -2376.06   |        17.4957   |   98:11:40   |   16:50:20   |
9856        |       -2358.56   |       -2376.06   |        17.4957   |   98:15:52   |   16:50:21   |
9857        |       -2360.23   |       -2376.11   |          15.88   |   98:19:33   |   16:50:17   |
9858        |       -2360.23   |       -2376.11   |          15.88   |   98:23:44   |   16:50:18   |
9859        |       -2360.23   |       -2376.11   |          15.88   |   98:27:53   |   16:50:18   |


Iter        |      Posterior   |     Likelihood   |          Prior   |    elapsed   |        ETA   |
----------------------------------------------------------------------------------------------------
9860        |       -2360.23   |       -2376.11   |          15.88   |   98:32:11   |   16:50:20   |
9861        |       -2360.23   |       -2376.11   |          15.88   |   98:46:14   |   16:52:02   |
9862        |       -2360.23   |       -2376.11   |          15.88   |   98:50:16   |   16:52:01   |
9863        |       -2360.23   |       -2376.11   |          15.88   |   98:54:15   |   16:52:00   |
9864        |       -2360.23   |       -2376.11   |          15.88   |   98:58:19   |   16:51:59   |
9865        |       -2360.23   |       -2376.11   |          15.88   |   99:02:01   |   16:51:55   |
9866        |       -2360.23   |       -2376.11   |          15.88   |   99:06:08   |   16:51:54   |
9867        |       -2360.23   |       -2376.11   |          15.88   |   99:10:14   |   16:51:54   |
9868        |       -2360.23   |       -2376.11   |          15.88   |   99:14:10   |   16:51:52   |
9869        |       -2360.23   |       -2376.11   |          15.88   |   99:18:10   |   16:51:50   |
9870        |       -2360.23   |       -2376.11   |          15.88   |   99:22:04   |   16:51:47   |
9871        |       -2360.23   |       -2376.11   |          15.88   |   99:36:04   |   16:53:28   |
9872        |       -2360.42   |       -2373.67   |        13.2557   |   99:40:04   |   16:53:26   |
9873        |       -2360.42   |       -2373.67   |        13.2557   |   99:44:30   |   16:53:28   |
9874        |       -2360.42   |       -2373.67   |        13.2557   |   99:48:40   |   16:53:28   |
9875        |       -2360.42   |       -2373.67   |        13.2557   |   99:53:06   |   16:53:30   |
9876        |       -2360.42   |       -2373.67   |        13.2557   |   99:57:35   |   16:53:33   |
9877        |       -2360.42   |       -2373.67   |        13.2557   |   100:01:46   |   16:53:33   |
9878        |       -2365.18   |        -2378.2   |        13.0246   |   100:06:06   |   16:53:34   |
9879        |       -2362.07   |       -2376.81   |         14.745   |   100:09:41   |   16:53:28   |


Iter        |      Posterior   |     Likelihood   |          Prior   |    elapsed   |        ETA   |
----------------------------------------------------------------------------------------------------
9880        |       -2357.22   |        -2372.5   |        15.2843   |   100:13:14   |   16:53:21   |
9881        |        -2358.3   |        -2375.4   |        17.1056   |   100:26:47   |   16:54:56   |
9882        |        -2358.3   |        -2375.4   |        17.1056   |   100:30:51   |   16:54:54   |
9883        |       -2357.17   |       -2377.74   |        20.5692   |   100:34:34   |   16:54:49   |
9884        |       -2358.41   |       -2379.13   |        20.7276   |   100:38:07   |   16:54:42   |
9885        |       -2355.87   |       -2375.85   |        19.9816   |   100:41:31   |   16:54:33   |
9886        |       -2359.15   |       -2380.04   |         20.887   |   100:45:12   |   16:54:27   |
9887        |       -2355.39   |       -2378.42   |        23.0282   |   100:48:50   |   16:54:21   |
9888        |       -2361.77   |       -2380.78   |        19.0032   |   100:52:28   |   16:54:15   |
9889        |       -2362.46   |       -2381.28   |        18.8221   |   100:56:52   |   16:54:16   |
9890        |       -2362.46   |       -2381.28   |        18.8221   |   101:01:15   |   16:54:17   |
9891        |       -2365.71   |       -2383.29   |        17.5764   |   101:15:29   |   16:55:57   |
9892        |       -2357.66   |       -2380.79   |        23.1291   |   101:19:22   |   16:55:53   |
9893        |       -2356.51   |       -2381.35   |         24.847   |   101:23:05   |   16:55:47   |
9894        |       -2356.21   |       -2380.14   |        23.9278   |   101:27:00   |   16:55:43   |
9895        |       -2356.69   |        -2380.4   |         23.712   |   101:31:02   |   16:55:41   |
9896        |       -2355.94   |       -2379.05   |        23.1074   |   101:34:58   |   16:55:37   |
9897        |       -2352.89   |        -2378.5   |        25.6178   |   101:38:23   |   16:55:28   |
9898        |        -2354.5   |       -2380.76   |        26.2688   |   101:41:52   |   16:55:20   |
9899        |       -2353.53   |       -2377.55   |         24.025   |   101:45:30   |   16:55:13   |


Iter        |      Posterior   |     Likelihood   |          Prior   |    elapsed   |        ETA   |
----------------------------------------------------------------------------------------------------
9900        |       -2353.17   |        -2378.2   |        25.0221   |   101:49:22   |   16:55:08   |
9901        |       -2353.17   |        -2378.2   |        25.0221   |   102:03:14   |   16:56:43   |
9902        |       -2355.69   |       -2379.96   |        24.2758   |   102:07:02   |   16:56:38   |
9903        |       -2354.05   |        -2376.2   |        22.1503   |   102:10:24   |   16:56:28   |
9904        |       -2352.88   |       -2374.47   |        21.5912   |   102:14:10   |   16:56:22   |
9905        |       -2352.88   |       -2374.47   |        21.5912   |   102:18:08   |   16:56:18   |
9906        |       -2353.53   |       -2376.07   |        22.5376   |   102:21:52   |   16:56:12   |
9907        |       -2354.31   |       -2378.16   |        23.8454   |   102:25:22   |   16:56:03   |
9908        |        -2357.1   |       -2379.78   |        22.6768   |   102:29:00   |   16:55:56   |
9909        |       -2356.69   |       -2379.34   |        22.6436   |   102:32:47   |   16:55:50   |
9910        |       -2356.69   |       -2379.34   |        22.6436   |   102:36:25   |   16:55:42   |
9911        |       -2354.31   |       -2376.95   |        22.6463   |   102:49:20   |   16:57:07   |
9912        |       -2354.31   |       -2376.95   |        22.6463   |   102:53:16   |   16:57:02   |
9913        |       -2354.31   |       -2376.95   |        22.6463   |   102:56:58   |   16:56:55   |
9914        |       -2354.31   |       -2376.95   |        22.6463   |   103:00:47   |   16:56:49   |
9915        |       -2354.31   |       -2376.95   |        22.6463   |   103:04:25   |   16:56:42   |
9916        |       -2354.31   |       -2376.95   |        22.6463   |   103:08:04   |   16:56:34   |
9917        |       -2354.31   |       -2376.95   |        22.6463   |   103:11:49   |   16:56:27   |
9918        |       -2354.31   |       -2376.95   |        22.6463   |   103:15:47   |   16:56:23   |
9919        |       -2354.31   |       -2376.95   |        22.6463   |   103:19:46   |   16:56:18   |


Iter        |      Posterior   |     Likelihood   |          Prior   |    elapsed   |        ETA   |
----------------------------------------------------------------------------------------------------
9920        |       -2354.31   |       -2376.95   |        22.6463   |   103:23:49   |   16:56:15   |
9921        |       -2354.31   |       -2376.95   |        22.6463   |   103:37:01   |   16:57:40   |
9922        |       -2354.31   |       -2376.95   |        22.6463   |   103:40:42   |   16:57:33   |
9923        |       -2354.84   |       -2377.57   |        22.7306   |   103:44:32   |   16:57:27   |
9924        |       -2354.84   |       -2377.57   |        22.7306   |   103:48:20   |   16:57:20   |
9925        |       -2354.84   |       -2377.57   |        22.7306   |   103:52:18   |   16:57:15   |
9926        |       -2353.26   |       -2375.08   |        21.8235   |   103:56:23   |   16:57:11   |
9927        |       -2352.89   |       -2375.88   |        22.9932   |   104:00:00   |   16:57:03   |
9928        |        -2358.5   |        -2381.5   |        23.0087   |   104:04:00   |   16:56:58   |
9929        |       -2355.91   |       -2379.99   |        24.0809   |   104:07:09   |   16:56:45   |
9930        |       -2355.23   |       -2380.46   |        25.2247   |   104:10:15   |   16:56:31   |
9931        |       -2353.42   |       -2378.47   |        25.0484   |   104:22:57   |   16:57:51   |
9932        |       -2354.67   |       -2379.65   |        24.9772   |   104:26:07   |   16:57:38   |
9933        |       -2358.25   |       -2383.89   |         25.648   |   104:29:26   |   16:57:26   |
9934        |       -2358.15   |       -2383.03   |        24.8736   |   104:33:00   |   16:57:17   |
9935        |       -2356.44   |       -2380.32   |        23.8793   |   104:36:45   |   16:57:10   |
9936        |       -2353.67   |       -2379.87   |         26.205   |   104:40:07   |   16:56:58   |
9937        |       -2354.93   |       -2380.53   |        25.6025   |   104:44:02   |   16:56:52   |
9938        |       -2356.14   |       -2379.44   |        23.3046   |   104:47:25   |   16:56:41   |
9939        |       -2354.64   |       -2377.64   |        23.0018   |   104:51:13   |   16:56:34   |


Iter        |      Posterior   |     Likelihood   |          Prior   |    elapsed   |        ETA   |
----------------------------------------------------------------------------------------------------
9940        |       -2356.74   |        -2380.6   |        23.8554   |   104:55:04   |   16:56:27   |
9941        |       -2358.22   |       -2381.05   |        22.8357   |   105:09:36   |   16:58:03   |
9942        |       -2357.62   |       -2379.68   |        22.0597   |   105:13:32   |   16:57:57   |
9943        |       -2356.45   |       -2378.59   |        22.1412   |   105:17:27   |   16:57:51   |
9944        |       -2356.48   |       -2378.95   |        22.4715   |   105:21:25   |   16:57:45   |
9945        |       -2356.48   |       -2378.95   |        22.4715   |   105:25:52   |   16:57:44   |
9946        |       -2356.16   |       -2376.29   |        20.1361   |   105:29:57   |   16:57:39   |
9947        |       -2357.74   |       -2380.38   |        22.6385   |   105:34:02   |   16:57:34   |
9948        |        -2356.6   |       -2378.42   |        21.8141   |   105:38:19   |   16:57:31   |
9949        |       -2353.32   |       -2377.42   |         24.096   |   105:41:55   |   16:57:21   |
9950        |       -2357.66   |       -2383.16   |        25.5004   |   105:45:47   |   16:57:14   |
9951        |       -2352.99   |       -2379.05   |         26.055   |   105:59:14   |   16:58:39   |
9952        |       -2354.61   |       -2379.08   |        24.4751   |   106:03:08   |   16:58:32   |
9953        |       -2355.24   |       -2379.99   |        24.7543   |   106:07:20   |   16:58:27   |
9954        |       -2353.64   |       -2377.46   |        23.8161   |   106:10:52   |   16:58:17   |
9955        |       -2352.64   |        -2376.4   |        23.7602   |   106:15:01   |   16:58:12   |
9956        |       -2353.93   |       -2377.84   |        23.9121   |   106:19:26   |   16:58:10   |
9957        |       -2353.73   |       -2375.09   |        21.3591   |   106:23:14   |   16:58:02   |
9958        |       -2352.86   |       -2372.38   |        19.5243   |   106:27:13   |   16:57:55   |
9959        |       -2349.97   |       -2369.65   |        19.6785   |   106:31:02   |   16:57:47   |


Iter        |      Posterior   |     Likelihood   |          Prior   |    elapsed   |        ETA   |
----------------------------------------------------------------------------------------------------
9960        |          -2353   |       -2373.38   |        20.3794   |   106:35:11   |   16:57:42   |
9961        |       -2351.33   |        -2376.1   |        24.7731   |   106:49:36   |   16:59:15   |
9962        |       -2352.72   |       -2377.66   |        24.9392   |   106:53:41   |   16:59:09   |
9963        |       -2353.27   |       -2375.82   |        22.5409   |   106:57:45   |   16:59:03   |
9964        |       -2355.69   |       -2378.43   |        22.7403   |   107:02:06   |   16:59:00   |
9965        |       -2352.15   |       -2376.11   |        23.9537   |   107:05:45   |   16:58:50   |
9966        |       -2353.26   |        -2378.8   |        25.5384   |   107:09:38   |   16:58:42   |
9967        |       -2352.37   |       -2379.38   |        27.0031   |   107:13:19   |   16:58:32   |
9968        |       -2351.07   |       -2378.66   |        27.5894   |   107:16:53   |   16:58:21   |
9969        |       -2351.03   |       -2378.62   |        27.5899   |   107:21:05   |   16:58:16   |
9970        |       -2350.53   |       -2376.43   |        25.8984   |   107:24:52   |   16:58:07   |
9971        |       -2352.61   |       -2372.93   |        20.3138   |   107:38:35   |   16:59:32   |
9972        |       -2352.45   |       -2370.36   |        17.9097   |   107:42:35   |   16:59:25   |
9973        |       -2350.35   |       -2374.29   |        23.9439   |   107:46:06   |   16:59:13   |
9974        |       -2351.66   |       -2377.48   |         25.823   |   107:49:40   |   16:59:02   |
9975        |       -2347.88   |       -2371.17   |        23.2867   |   107:53:42   |   16:58:55   |
9976        |        -2347.4   |       -2372.62   |        25.2205   |   107:57:48   |   16:58:48   |
9977        |       -2347.79   |       -2372.05   |        24.2687   |   108:01:53   |   16:58:42   |
9978        |       -2347.84   |       -2372.11   |        24.2704   |   108:05:55   |   16:58:35   |
9979        |       -2349.67   |       -2371.86   |         22.187   |   108:09:45   |   16:58:26   |


Iter        |      Posterior   |     Likelihood   |          Prior   |    elapsed   |        ETA   |
----------------------------------------------------------------------------------------------------
9980        |       -2349.08   |       -2373.78   |        24.7002   |   108:13:35   |   16:58:16   |
9981        |        -2346.9   |       -2370.97   |        24.0719   |   108:27:48   |   16:59:45   |
9982        |       -2347.99   |       -2368.35   |        20.3566   |   108:31:31   |   16:59:35   |
9983        |       -2349.67   |       -2366.19   |        16.5191   |   108:35:24   |   16:59:26   |
9984        |       -2346.97   |       -2363.51   |        16.5472   |   108:39:21   |   16:59:18   |
9985        |       -2346.97   |        -2365.5   |        18.5268   |   108:43:04   |   16:59:07   |
9986        |       -2346.81   |       -2364.25   |        17.4379   |   108:46:37   |   16:58:55   |
9987        |       -2348.01   |       -2368.67   |        20.6582   |   108:50:24   |   16:58:45   |
9988        |       -2345.94   |       -2367.78   |        21.8481   |   108:54:13   |   16:58:35   |
9989        |       -2346.79   |       -2365.19   |        18.4085   |   108:58:08   |   16:58:27   |
9990        |       -2347.16   |       -2364.42   |        17.2533   |   109:02:03   |   16:58:18   |
9991        |        -2345.1   |       -2365.35   |        20.2453   |   109:16:22   |   16:59:46   |
9992        |       -2344.93   |       -2365.15   |        20.2268   |   109:20:11   |   16:59:36   |
9993        |       -2344.93   |       -2365.15   |        20.2268   |   109:24:25   |   16:59:30   |
9994        |       -2350.81   |       -2371.05   |        20.2374   |   109:28:34   |   16:59:23   |
9995        |       -2346.87   |       -2366.19   |        19.3186   |   109:31:49   |   16:59:08   |
9996        |       -2349.63   |       -2373.07   |        23.4468   |   109:35:08   |   16:58:53   |
9997        |       -2345.19   |       -2365.77   |        20.5784   |   109:38:27   |   16:58:38   |
9998        |       -2345.36   |       -2365.91   |        20.5434   |   109:42:38   |   16:58:32   |
9999        |       -2348.35   |       -2369.23   |        20.8799   |   109:46:23   |   16:58:21   |


Iter        |      Posterior   |     Likelihood   |          Prior   |    elapsed   |        ETA   |
----------------------------------------------------------------------------------------------------
10000       |       -2349.34   |       -2365.31   |        15.9779   |   109:50:01   |   16:58:09   |
10001       |       -2348.93   |       -2367.49   |        18.5538   |   110:04:30   |   16:59:37   |
10002       |       -2352.17   |       -2368.27   |        16.0971   |   110:08:39   |   16:59:30   |
10003       |        -2352.7   |       -2367.33   |        14.6275   |   110:12:50   |   16:59:23   |
10004       |       -2352.54   |       -2369.93   |        17.3925   |   110:16:47   |   16:59:14   |
10005       |       -2351.44   |       -2367.24   |        15.8002   |   110:21:07   |   16:59:08   |
10006       |       -2356.21   |       -2369.53   |        13.3181   |   110:25:03   |   16:58:59   |
10007       |       -2350.99   |       -2370.49   |        19.5064   |   110:29:23   |   16:58:53   |
10008       |       -2346.86   |       -2368.32   |        21.4648   |   110:33:30   |   16:58:45   |
10009       |       -2348.42   |       -2369.91   |        21.4975   |   110:37:28   |   16:58:35   |
10010       |       -2349.24   |       -2370.16   |        20.9226   |   110:41:33   |   16:58:27   |
10011       |       -2350.54   |       -2370.22   |         19.678   |   110:55:45   |   16:59:52   |
10012       |       -2349.65   |       -2369.52   |        19.8751   |   110:59:40   |   16:59:42   |
10013       |       -2348.48   |       -2367.82   |        19.3409   |   111:03:31   |   16:59:31   |
10014       |       -2350.93   |       -2372.86   |        21.9276   |   111:07:17   |   16:59:20   |
10015       |       -2355.56   |       -2377.11   |        21.5572   |   111:11:03   |   16:59:08   |
10016       |       -2353.58   |       -2377.51   |        23.9263   |   111:14:14   |   16:58:51   |
10017       |       -2350.96   |       -2372.47   |        21.5089   |   111:17:38   |   16:58:36   |
10018       |        -2351.2   |       -2376.18   |        24.9829   |   111:21:24   |   16:58:24   |
10019       |        -2354.6   |       -2376.48   |        21.8762   |   111:25:09   |   16:58:13   |


Iter        |      Posterior   |     Likelihood   |          Prior   |    elapsed   |        ETA   |
----------------------------------------------------------------------------------------------------
10020       |       -2350.26   |       -2369.37   |        19.1113   |   111:28:54   |   16:58:01   |
10021       |       -2349.85   |       -2371.48   |        21.6287   |   111:42:37   |   16:59:20   |
10022       |       -2347.41   |        -2367.7   |        20.2953   |   111:46:37   |   16:59:10   |
10023       |       -2348.11   |       -2368.67   |        20.5572   |   111:50:37   |   16:59:00   |
10024       |       -2347.27   |       -2368.03   |        20.7574   |   111:54:43   |   16:58:51   |
10025       |       -2347.72   |        -2369.1   |        21.3802   |   111:58:36   |   16:58:40   |
10026       |       -2346.36   |       -2367.44   |        21.0849   |   112:02:35   |   16:58:30   |
10027       |       -2347.52   |       -2370.06   |        22.5378   |   112:06:46   |   16:58:22   |
10028       |       -2347.82   |       -2371.09   |         23.273   |   112:10:59   |   16:58:14   |
10029       |       -2346.25   |       -2365.93   |         19.676   |   112:14:30   |   16:57:59   |
10030       |        -2346.5   |       -2366.26   |        19.7637   |   112:18:16   |   16:57:47   |
10031       |       -2346.57   |       -2368.48   |        21.9115   |   112:33:01   |   16:59:14   |
10032       |       -2348.39   |       -2370.43   |        22.0428   |   112:36:45   |   16:59:02   |
10033       |        -2345.9   |       -2366.38   |        20.4792   |   112:40:41   |   16:58:51   |
10034       |       -2346.46   |        -2366.7   |        20.2366   |   112:44:44   |   16:58:41   |
10035       |       -2347.41   |       -2366.93   |        19.5265   |   112:48:31   |   16:58:28   |
10036       |       -2349.08   |       -2370.51   |        21.4314   |   112:52:43   |   16:58:20   |
10037       |       -2350.42   |       -2370.21   |        19.7896   |   112:56:50   |   16:58:10   |
10038       |       -2348.72   |       -2368.16   |        19.4396   |   113:00:47   |   16:57:59   |
10039       |       -2348.79   |       -2368.54   |        19.7498   |   113:04:55   |   16:57:50   |


Iter        |      Posterior   |     Likelihood   |          Prior   |    elapsed   |        ETA   |
----------------------------------------------------------------------------------------------------
10040       |       -2351.66   |       -2370.69   |        19.0312   |   113:09:07   |   16:57:41   |
10041       |       -2350.93   |       -2370.34   |        19.4071   |   113:23:20   |   16:59:02   |
10042       |       -2350.76   |       -2370.12   |        19.3613   |   113:27:22   |   16:58:52   |
10043       |       -2348.13   |       -2370.21   |        22.0767   |   113:31:20   |   16:58:40   |
10044       |       -2348.32   |       -2370.26   |        21.9382   |   113:35:05   |   16:58:27   |
10045       |       -2345.92   |       -2367.98   |        22.0577   |   113:39:17   |   16:58:18   |
10046       |       -2345.44   |       -2369.59   |        24.1501   |   113:43:04   |   16:58:05   |
10047       |       -2345.04   |       -2367.61   |        22.5697   |   113:46:55   |   16:57:53   |
10048       |       -2346.26   |       -2369.09   |         22.831   |   113:50:53   |   16:57:41   |
10049       |       -2348.48   |       -2370.54   |        22.0581   |   113:54:32   |   16:57:27   |
10050       |        -2349.8   |       -2369.09   |        19.2867   |   113:58:28   |   16:57:15   |
10051       |          -2348   |       -2371.12   |        23.1164   |   114:12:16   |   16:58:32   |
10052       |       -2352.19   |       -2373.63   |         21.438   |   114:15:44   |   16:58:15   |
10053       |       -2352.76   |       -2372.09   |        19.3253   |   114:19:06   |   16:57:58   |
10054       |       -2354.12   |       -2369.78   |        15.6587   |   114:22:41   |   16:57:43   |
10055       |        -2352.6   |       -2371.99   |        19.3878   |   114:26:16   |   16:57:28   |
10056       |       -2349.36   |       -2371.92   |        22.5655   |   114:29:42   |   16:57:12   |
10057       |       -2349.36   |       -2369.94   |        20.5865   |   114:32:59   |   16:56:54   |
10058       |       -2348.38   |       -2370.84   |        22.4668   |   114:36:25   |   16:56:37   |
10059       |       -2349.02   |       -2365.84   |        16.8265   |   114:39:48   |   16:56:20   |


Iter        |      Posterior   |     Likelihood   |          Prior   |    elapsed   |        ETA   |
----------------------------------------------------------------------------------------------------
10060       |       -2347.76   |       -2366.54   |         18.777   |   114:43:12   |   16:56:03   |
10061       |       -2351.19   |       -2370.71   |        19.5193   |   114:56:50   |   16:57:17   |
10062       |       -2349.34   |       -2369.79   |        20.4503   |   115:00:28   |   16:57:02   |
10063       |       -2351.14   |       -2372.14   |         21.006   |   115:04:00   |   16:56:46   |
10064       |       -2351.31   |       -2372.41   |        21.0984   |   115:07:22   |   16:56:28   |
10065       |       -2353.07   |       -2369.92   |         16.851   |   115:11:06   |   16:56:14   |
10066       |       -2357.12   |       -2372.04   |        14.9229   |   115:14:34   |   16:55:57   |
10067       |       -2352.77   |       -2369.97   |        17.1933   |   115:18:01   |   16:55:40   |
10068       |       -2356.95   |       -2374.01   |        17.0565   |   115:21:25   |   16:55:23   |
10069       |       -2356.39   |       -2373.85   |        17.4544   |   115:25:16   |   16:55:09   |
10070       |       -2352.99   |       -2375.87   |        22.8821   |   115:28:44   |   16:54:53   |
10071       |       -2350.89   |       -2373.39   |        22.4976   |   115:41:42   |   16:55:59   |
10072       |       -2352.29   |        -2375.1   |        22.8075   |   115:45:18   |   16:55:43   |
10073       |       -2351.15   |        -2374.5   |          23.35   |   115:48:30   |   16:55:24   |
10074       |        -2350.4   |       -2372.96   |        22.5554   |   115:51:36   |   16:55:04   |
10075       |       -2350.64   |       -2372.59   |        21.9507   |   115:55:06   |   16:54:47   |
10076       |       -2352.89   |        -2373.7   |        20.8111   |   115:58:54   |   16:54:33   |
10077       |       -2351.24   |       -2371.08   |        19.8352   |   116:02:20   |   16:54:15   |
10078       |       -2351.57   |       -2370.96   |        19.3858   |   116:05:58   |   16:53:59   |
10079       |       -2351.57   |       -2370.96   |        19.3858   |   116:09:44   |   16:53:45   |


Iter        |      Posterior   |     Likelihood   |          Prior   |    elapsed   |        ETA   |
----------------------------------------------------------------------------------------------------
10080       |       -2351.38   |       -2372.48   |        21.1053   |   116:13:24   |   16:53:29   |
10081       |       -2349.38   |       -2370.86   |        21.4763   |   116:26:13   |   16:54:33   |
10082       |       -2349.65   |       -2371.34   |        21.6939   |   116:29:12   |   16:54:12   |
10083       |          -2348   |       -2369.38   |        21.3871   |   116:32:37   |   16:53:54   |
10084       |       -2348.05   |       -2371.04   |        22.9914   |   116:35:46   |   16:53:34   |
10085       |       -2349.42   |       -2372.49   |        23.0689   |   116:39:08   |   16:53:15   |
10086       |       -2346.66   |       -2371.45   |        24.7912   |   116:42:11   |   16:52:54   |
10087       |       -2347.59   |       -2372.82   |        25.2259   |   116:45:19   |   16:52:33   |
10088       |       -2348.47   |        -2373.4   |        24.9345   |   116:48:35   |   16:52:14   |
10089       |       -2347.29   |       -2372.21   |        24.9232   |   116:52:00   |   16:51:56   |
10090       |       -2349.88   |       -2373.11   |        23.2307   |   116:55:28   |   16:51:38   |
10091       |       -2349.76   |       -2372.29   |        22.5219   |   117:08:31   |   16:52:43   |
10092       |       -2348.33   |       -2370.85   |         22.522   |   117:11:37   |   16:52:22   |
10093       |       -2349.24   |       -2371.75   |        22.5119   |   117:14:34   |   16:52:00   |
10094       |        -2352.8   |       -2377.44   |          24.64   |   117:18:05   |   16:51:42   |
10095       |        -2352.4   |       -2376.18   |        23.7827   |   117:21:13   |   16:51:22   |
10096       |       -2354.66   |       -2378.23   |        23.5722   |   117:24:16   |   16:51:00   |
10097       |       -2351.34   |       -2373.69   |        22.3434   |   117:27:23   |   16:50:39   |
10098       |       -2350.45   |       -2374.72   |        24.2742   |   117:30:45   |   16:50:20   |
10099       |       -2349.76   |       -2374.28   |        24.5205   |   117:34:16   |   16:50:02   |


Iter        |      Posterior   |     Likelihood   |          Prior   |    elapsed   |        ETA   |
----------------------------------------------------------------------------------------------------
10100       |       -2349.29   |       -2372.92   |        23.6395   |   117:37:23   |   16:49:41   |
10101       |       -2352.34   |       -2373.22   |        20.8779   |   117:49:58   |   16:50:41   |
10102       |        -2350.9   |       -2373.86   |        22.9625   |   117:53:17   |   16:50:22   |
10103       |       -2352.29   |       -2375.75   |        23.4586   |   117:56:29   |   16:50:01   |
10104       |       -2351.28   |       -2377.12   |        25.8364   |   117:59:50   |   16:49:42   |
10105       |        -2351.7   |       -2375.12   |        23.4147   |   118:02:55   |   16:49:20   |
10106       |       -2356.31   |        -2379.5   |         23.188   |   118:06:16   |   16:49:01   |
10107       |       -2354.46   |       -2377.37   |        22.9075   |   118:09:30   |   16:48:40   |
10108       |       -2353.64   |       -2375.78   |        22.1365   |   118:12:39   |   16:48:19   |
10109       |       -2355.47   |        -2377.6   |        22.1367   |   118:16:20   |   16:48:02   |
10110       |       -2354.23   |       -2378.84   |        24.6117   |   118:19:43   |   16:47:43   |
10111       |       -2354.04   |        -2381.3   |        27.2533   |   118:32:14   |   16:48:41   |
10112       |       -2355.78   |       -2382.82   |        27.0383   |   118:35:24   |   16:48:20   |
10113       |       -2353.65   |        -2379.2   |        25.5547   |   118:38:36   |   16:47:59   |
10114       |       -2353.82   |       -2376.59   |        22.7693   |   118:41:51   |   16:47:38   |
10115       |       -2351.55   |       -2373.42   |         21.869   |   118:45:02   |   16:47:17   |
10116       |       -2353.33   |        -2375.5   |        22.1631   |   118:47:58   |   16:46:54   |
10117       |       -2352.87   |       -2375.83   |        22.9545   |   118:51:31   |   16:46:36   |
10118       |       -2353.49   |       -2374.66   |        21.1716   |   118:54:53   |   16:46:16   |
10119       |       -2348.54   |       -2369.11   |        20.5681   |   118:58:09   |   16:45:55   |


Iter        |      Posterior   |     Likelihood   |          Prior   |    elapsed   |        ETA   |
----------------------------------------------------------------------------------------------------
10120       |       -2351.74   |       -2368.79   |        17.0442   |   119:01:34   |   16:45:36   |
10121       |       -2351.29   |        -2370.2   |        18.9103   |   119:14:59   |   16:46:41   |
10122       |       -2350.52   |        -2371.8   |        21.2791   |   119:18:05   |   16:46:19   |
10123       |       -2351.08   |       -2371.39   |        20.3063   |   119:21:28   |   16:45:59   |
10124       |       -2349.94   |       -2370.85   |        20.9139   |   119:24:53   |   16:45:39   |
10125       |       -2350.93   |        -2370.4   |        19.4693   |   119:28:15   |   16:45:19   |
10126       |       -2347.21   |       -2369.17   |        21.9644   |   119:31:33   |   16:44:58   |
10127       |        -2346.6   |       -2368.57   |        21.9695   |   119:34:57   |   16:44:38   |
10128       |        -2346.6   |       -2368.57   |        21.9695   |   119:38:33   |   16:44:20   |
10129       |        -2347.8   |       -2370.28   |        22.4773   |   119:41:59   |   16:44:01   |
10130       |       -2349.23   |       -2371.94   |        22.7095   |   119:45:14   |   16:43:39   |
10131       |       -2349.87   |       -2371.85   |        21.9849   |   119:58:25   |   16:44:41   |
10132       |       -2349.85   |       -2371.58   |        21.7351   |   120:02:09   |   16:44:24   |
10133       |       -2350.55   |       -2372.47   |        21.9135   |   120:05:05   |   16:44:00   |
10134       |       -2351.34   |       -2370.41   |        19.0679   |   120:08:20   |   16:43:38   |
10135       |        -2351.7   |       -2371.07   |        19.3629   |   120:11:24   |   16:43:15   |
10136       |       -2353.04   |        -2372.1   |        19.0555   |   120:14:22   |   16:42:51   |
10137       |       -2357.16   |       -2371.58   |        14.4214   |   120:17:56   |   16:42:33   |
10138       |       -2358.57   |        -2371.8   |        13.2326   |   120:21:06   |   16:42:10   |
10139       |       -2354.41   |       -2371.81   |        17.3996   |   120:24:32   |   16:41:50   |


Iter        |      Posterior   |     Likelihood   |          Prior   |    elapsed   |        ETA   |
----------------------------------------------------------------------------------------------------
10140       |       -2357.55   |       -2375.72   |        18.1725   |   120:28:09   |   16:41:32   |
10141       |       -2353.95   |       -2369.58   |        15.6321   |   120:41:22   |   16:42:33   |
10142       |       -2352.72   |       -2367.75   |        15.0255   |   120:44:58   |   16:42:14   |
10143       |       -2348.06   |       -2365.73   |        17.6724   |   120:48:34   |   16:41:55   |
10144       |       -2352.67   |       -2363.53   |        10.8623   |   120:51:51   |   16:41:33   |
10145       |       -2353.07   |       -2364.98   |        11.9116   |   120:55:23   |   16:41:14   |
10146       |        -2350.9   |       -2364.45   |        13.5468   |   120:58:54   |   16:40:54   |
10147       |       -2349.34   |       -2362.76   |        13.4126   |   121:02:10   |   16:40:32   |
10148       |       -2347.56   |       -2364.17   |        16.6098   |   121:05:41   |   16:40:12   |
10149       |       -2348.62   |       -2365.59   |        16.9749   |   121:09:19   |   16:39:53   |
10150       |       -2349.73   |       -2366.14   |        16.4117   |   121:12:58   |   16:39:35   |
10151       |        -2350.6   |       -2370.27   |        19.6715   |   121:26:32   |   16:40:37   |
10152       |       -2351.39   |       -2371.76   |        20.3647   |   121:29:51   |   16:40:16   |
10153       |       -2349.95   |       -2373.14   |        23.1943   |   121:32:57   |   16:39:52   |
10154       |       -2350.63   |       -2374.77   |        24.1401   |   121:36:16   |   16:39:31   |
10155       |        -2350.6   |       -2374.47   |        23.8663   |   121:39:39   |   16:39:09   |
10156       |       -2352.06   |       -2375.66   |        23.6043   |   121:43:04   |   16:38:48   |
10157       |       -2351.99   |       -2375.39   |        23.3994   |   121:46:45   |   16:38:30   |
10158       |       -2351.99   |       -2375.39   |        23.3994   |   121:50:22   |   16:38:10   |
10159       |       -2350.21   |       -2373.31   |         23.098   |   121:54:06   |   16:37:52   |


Iter        |      Posterior   |     Likelihood   |          Prior   |    elapsed   |        ETA   |
----------------------------------------------------------------------------------------------------
10160       |       -2350.21   |       -2373.31   |         23.098   |   121:58:03   |   16:37:35   |
10161       |       -2350.21   |       -2373.31   |         23.098   |   122:10:47   |   16:38:30   |
10162       |       -2350.21   |       -2373.31   |         23.098   |   122:14:32   |   16:38:11   |
10163       |       -2350.21   |       -2373.31   |         23.098   |   122:18:22   |   16:37:53   |
10164       |       -2350.21   |       -2373.31   |         23.098   |   122:22:08   |   16:37:35   |
10165       |       -2350.21   |       -2373.31   |         23.098   |   122:26:06   |   16:37:18   |
10166       |       -2350.21   |       -2373.31   |         23.098   |   122:29:54   |   16:37:00   |
10167       |       -2350.21   |       -2373.31   |         23.098   |   122:33:12   |   16:36:37   |
10168       |       -2350.21   |       -2373.31   |         23.098   |   122:36:33   |   16:36:15   |
10169       |       -2350.21   |       -2373.31   |         23.098   |   122:40:17   |   16:35:56   |
10170       |       -2350.21   |       -2373.31   |         23.098   |   122:43:57   |   16:35:37   |
10171       |       -2359.67   |        -2381.6   |        21.9373   |   122:56:43   |   16:36:31   |
10172       |       -2356.97   |       -2379.35   |        22.3738   |   123:00:17   |   16:36:10   |
10173       |       -2356.97   |       -2379.35   |        22.3738   |   123:03:48   |   16:35:49   |
10174       |       -2356.97   |       -2379.35   |        22.3738   |   123:07:34   |   16:35:30   |
10175       |       -2356.97   |       -2379.35   |        22.3738   |   123:11:23   |   16:35:12   |
10176       |       -2356.97   |       -2379.35   |        22.3738   |   123:15:10   |   16:34:53   |
10177       |       -2356.97   |       -2379.35   |        22.3738   |   123:18:55   |   16:34:34   |
10178       |       -2356.97   |       -2379.35   |        22.3738   |   123:22:38   |   16:34:14   |
10179       |       -2356.97   |       -2379.35   |        22.3738   |   123:26:29   |   16:33:56   |


Iter        |      Posterior   |     Likelihood   |          Prior   |    elapsed   |        ETA   |
----------------------------------------------------------------------------------------------------
10180       |       -2356.09   |       -2377.34   |        21.2538   |   123:30:04   |   16:33:35   |
10181       |        -2355.8   |       -2377.38   |        21.5786   |   123:43:12   |   16:34:31   |
10182       |        -2355.8   |       -2377.38   |        21.5786   |   123:47:00   |   16:34:12   |
10183       |       -2350.53   |       -2371.62   |        21.0902   |   123:50:04   |   16:33:47   |
10184       |       -2357.54   |        -2378.5   |        20.9536   |   123:53:14   |   16:33:23   |
10185       |       -2354.38   |       -2376.27   |        21.8859   |   123:56:24   |   16:32:58   |
10186       |       -2354.38   |       -2376.27   |        21.8859   |   123:59:47   |   16:32:36   |
10187       |       -2354.38   |       -2376.27   |        21.8859   |   124:03:26   |   16:32:15   |
10188       |        -2353.9   |       -2376.93   |        23.0307   |   124:06:30   |   16:31:50   |
10189       |       -2351.36   |       -2375.94   |        24.5759   |   124:09:36   |   16:31:25   |
10190       |       -2351.31   |       -2375.28   |        23.9736   |   124:12:46   |   16:31:01   |
10191       |       -2350.22   |       -2373.91   |        23.6912   |   124:25:32   |   16:31:53   |
10192       |       -2351.65   |       -2378.02   |         26.365   |   124:28:55   |   16:31:30   |
10193       |       -2351.66   |       -2378.24   |         26.584   |   124:32:05   |   16:31:05   |
10194       |       -2352.02   |       -2378.51   |        26.4862   |   124:35:16   |   16:30:41   |
10195       |       -2352.86   |       -2378.87   |        26.0128   |   124:38:22   |   16:30:16   |
10196       |       -2352.86   |       -2378.87   |        26.0128   |   124:41:43   |   16:29:52   |
10197       |       -2357.86   |       -2385.13   |        27.2753   |   124:44:45   |   16:29:27   |
10198       |       -2351.57   |       -2378.73   |        27.1597   |   124:47:19   |   16:28:57   |
10199       |       -2352.15   |       -2378.52   |        26.3759   |   124:50:13   |   16:28:30   |


Iter        |      Posterior   |     Likelihood   |          Prior   |    elapsed   |        ETA   |
----------------------------------------------------------------------------------------------------
10200       |       -2348.71   |       -2375.08   |        26.3614   |   124:53:02   |   16:28:03   |
10201       |       -2348.77   |       -2375.03   |        26.2624   |   125:04:42   |   16:28:45   |
10202       |       -2347.59   |        -2372.1   |        24.5106   |   125:07:53   |   16:28:20   |
10203       |       -2346.86   |       -2369.14   |        22.2875   |   125:11:06   |   16:27:56   |
10204       |       -2346.11   |        -2368.4   |        22.2876   |   125:14:48   |   16:27:35   |
10205       |       -2349.18   |       -2371.69   |        22.5076   |   125:18:03   |   16:27:10   |
10206       |       -2347.96   |       -2370.89   |        22.9253   |   125:21:17   |   16:26:46   |
10207       |       -2347.05   |        -2367.6   |         20.551   |   125:24:13   |   16:26:19   |
10208       |       -2345.15   |       -2365.61   |        20.4689   |   125:27:25   |   16:25:54   |
10209       |       -2348.74   |       -2368.83   |        20.0896   |   125:30:43   |   16:25:30   |
10210       |       -2346.72   |        -2367.3   |        20.5786   |   125:34:13   |   16:25:07   |
10211       |       -2346.72   |        -2367.3   |        20.5786   |   125:47:09   |   16:25:59   |
10212       |       -2349.36   |       -2369.43   |        20.0688   |   125:50:12   |   16:25:32   |
10213       |       -2348.05   |       -2366.38   |        18.3341   |   125:53:41   |   16:25:09   |
10214       |       -2349.52   |       -2368.88   |        19.3537   |   125:56:47   |   16:24:44   |
10215       |       -2348.68   |       -2367.66   |        18.9767   |   126:00:11   |   16:24:20   |
10216       |       -2347.36   |       -2365.77   |        18.4089   |   126:03:30   |   16:23:56   |
10217       |       -2348.96   |       -2365.79   |        16.8223   |   126:06:54   |   16:23:32   |
10218       |        -2352.4   |       -2366.24   |        13.8444   |   126:10:24   |   16:23:09   |
10219       |        -2351.6   |       -2367.46   |        15.8637   |   126:13:49   |   16:22:45   |


Iter        |      Posterior   |     Likelihood   |          Prior   |    elapsed   |        ETA   |
----------------------------------------------------------------------------------------------------
10220       |       -2350.54   |       -2367.58   |        17.0437   |   126:17:25   |   16:22:23   |
10221       |       -2351.29   |       -2369.05   |        17.7676   |   126:30:41   |   16:23:16   |
10222       |       -2350.23   |       -2365.93   |        15.6999   |   126:33:58   |   16:22:51   |
10223       |       -2348.93   |        -2365.2   |        16.2696   |   126:37:26   |   16:22:28   |
10224       |       -2352.74   |       -2368.58   |        15.8311   |   126:41:01   |   16:22:05   |
10225       |        -2351.9   |       -2373.24   |        21.3408   |   126:44:11   |   16:21:39   |
10226       |       -2350.81   |       -2371.34   |        20.5302   |   126:47:32   |   16:21:15   |
10227       |       -2348.12   |       -2367.77   |        19.6593   |   126:50:59   |   16:20:51   |
10228       |       -2346.93   |       -2366.88   |        19.9499   |   126:54:22   |   16:20:27   |
10229       |       -2346.93   |       -2366.88   |        19.9499   |   126:58:08   |   16:20:06   |
10230       |       -2347.56   |       -2366.05   |        18.4901   |   127:01:21   |   16:19:40   |
10231       |       -2347.95   |        -2366.7   |        18.7439   |   127:14:22   |   16:20:30   |
10232       |       -2347.95   |        -2366.7   |        18.7439   |   127:18:09   |   16:20:08   |
10233       |       -2347.95   |        -2366.7   |        18.7439   |   127:22:06   |   16:19:48   |
10234       |       -2347.95   |        -2366.7   |        18.7439   |   127:25:56   |   16:19:27   |
10235       |       -2347.95   |        -2366.7   |        18.7439   |   127:29:41   |   16:19:05   |
10236       |       -2348.45   |       -2368.18   |        19.7331   |   127:32:56   |   16:18:40   |
10237       |       -2347.01   |       -2363.89   |         16.887   |   127:36:27   |   16:18:16   |
10238       |       -2350.29   |       -2366.23   |        15.9456   |   127:39:52   |   16:17:52   |
10239       |       -2350.01   |       -2365.68   |        15.6734   |   127:43:14   |   16:17:27   |


Iter        |      Posterior   |     Likelihood   |          Prior   |    elapsed   |        ETA   |
----------------------------------------------------------------------------------------------------
10240       |       -2350.01   |       -2365.68   |        15.6734   |   127:46:52   |   16:17:04   |
10241       |       -2349.76   |       -2365.14   |        15.3803   |   128:00:06   |   16:17:55   |
10242       |       -2348.25   |       -2364.71   |        16.4643   |   128:03:30   |   16:17:30   |
10243       |       -2349.16   |       -2367.28   |        18.1266   |   128:06:28   |   16:17:02   |
10244       |        -2349.3   |       -2369.77   |        20.4687   |   128:09:52   |   16:16:37   |
10245       |        -2349.1   |       -2367.86   |        18.7607   |   128:13:15   |   16:16:12   |
10246       |       -2349.14   |       -2366.76   |        17.6244   |   128:16:50   |   16:15:48   |
10247       |        -2350.4   |       -2367.88   |        17.4752   |   128:20:23   |   16:15:25   |
10248       |       -2345.64   |       -2366.61   |         20.972   |   128:24:03   |   16:15:02   |
10249       |        -2346.8   |       -2365.03   |        18.2281   |   128:27:23   |   16:14:36   |
10250       |       -2348.63   |       -2365.66   |        17.0271   |   128:30:57   |   16:14:12   |
10251       |       -2351.21   |       -2365.97   |         14.764   |   128:43:50   |   16:14:59   |
10252       |       -2351.95   |       -2367.29   |          15.34   |   128:47:05   |   16:14:33   |
10253       |       -2352.47   |       -2367.82   |        15.3529   |   128:50:48   |   16:14:10   |
10254       |       -2352.46   |       -2367.94   |        15.4842   |   128:54:24   |   16:13:46   |
10255       |       -2351.62   |       -2367.27   |        15.6574   |   128:57:52   |   16:13:21   |
10256       |       -2350.41   |       -2367.22   |        16.8063   |   129:01:17   |   16:12:56   |
10257       |       -2349.82   |       -2366.47   |        16.6536   |   129:04:52   |   16:12:32   |
10258       |       -2349.14   |        -2366.4   |        17.2546   |   129:08:26   |   16:12:08   |
10259       |       -2354.55   |       -2368.53   |        13.9738   |   129:12:10   |   16:11:45   |


Iter        |      Posterior   |     Likelihood   |          Prior   |    elapsed   |        ETA   |
----------------------------------------------------------------------------------------------------
10260       |       -2355.61   |       -2368.57   |        12.9647   |   129:15:53   |   16:11:22   |
10261       |       -2359.19   |       -2369.75   |        10.5628   |   129:29:36   |   16:12:14   |
10262       |       -2357.09   |       -2369.81   |        12.7258   |   129:33:21   |   16:11:51   |
10263       |       -2357.23   |       -2371.33   |        14.0959   |   129:36:51   |   16:11:26   |
10264       |       -2351.97   |       -2368.76   |        16.7882   |   129:40:42   |   16:11:04   |
10265       |       -2350.38   |       -2366.71   |         16.332   |   129:44:15   |   16:10:39   |
10266       |       -2354.02   |       -2370.54   |        16.5187   |   129:47:59   |   16:10:16   |
10267       |       -2351.42   |       -2368.33   |        16.9053   |   129:51:36   |   16:09:52   |
10268       |        -2352.2   |       -2372.37   |        20.1677   |   129:55:26   |   16:09:29   |
10269       |       -2351.56   |       -2371.43   |        19.8725   |   129:58:59   |   16:09:04   |
10270       |       -2353.23   |       -2369.99   |        16.7575   |   130:02:34   |   16:08:40   |
10271       |       -2352.41   |       -2370.72   |        18.3102   |   130:16:14   |   16:09:30   |
10272       |       -2357.48   |       -2372.77   |         15.294   |   130:19:42   |   16:09:05   |
10273       |       -2354.43   |       -2371.84   |        17.4173   |   130:23:19   |   16:08:40   |
10274       |       -2357.23   |       -2373.24   |        16.0094   |   130:26:54   |   16:08:16   |
10275       |       -2354.14   |       -2370.48   |         16.339   |   130:30:40   |   16:07:52   |
10276       |       -2353.71   |       -2370.94   |        17.2266   |   130:33:37   |   16:07:23   |
10277       |       -2351.35   |       -2368.03   |        16.6821   |   130:36:52   |   16:06:55   |
10278       |       -2349.82   |       -2368.08   |        18.2676   |   130:40:16   |   16:06:29   |
10279       |       -2349.89   |       -2370.41   |        20.5224   |   130:43:50   |   16:06:04   |


Iter        |      Posterior   |     Likelihood   |          Prior   |    elapsed   |        ETA   |
----------------------------------------------------------------------------------------------------
10280       |       -2350.88   |       -2369.16   |        18.2872   |   130:47:22   |   16:05:39   |
10281       |       -2351.19   |       -2371.96   |        20.7663   |   131:00:28   |   16:06:24   |
10282       |       -2348.91   |        -2370.3   |        21.3841   |   131:04:22   |   16:06:01   |
10283       |       -2349.47   |       -2372.99   |        23.5229   |   131:08:05   |   16:05:37   |
10284       |       -2348.05   |       -2371.69   |        23.6477   |   131:11:28   |   16:05:10   |
10285       |       -2353.03   |       -2377.42   |        24.3885   |   131:14:36   |   16:04:42   |
10286       |       -2350.03   |       -2375.17   |        25.1444   |   131:18:12   |   16:04:17   |
10287       |       -2351.35   |       -2376.47   |        25.1223   |   131:21:38   |   16:03:50   |
10288       |        -2350.2   |       -2373.58   |         23.382   |   131:25:01   |   16:03:24   |
10289       |       -2348.85   |       -2372.95   |        24.1021   |   131:28:35   |   16:02:58   |
10290       |       -2350.84   |       -2372.65   |        21.8056   |   131:31:53   |   16:02:31   |
10291       |       -2351.06   |       -2371.02   |        19.9643   |   131:45:03   |   16:03:15   |
10292       |       -2349.42   |       -2369.41   |        19.9902   |   131:48:36   |   16:02:49   |
10293       |       -2350.13   |       -2369.46   |        19.3267   |   131:52:20   |   16:02:25   |
10294       |       -2352.06   |       -2370.35   |        18.2905   |   131:55:34   |   16:01:57   |
10295       |       -2350.44   |        -2370.6   |         20.164   |   131:59:11   |   16:01:31   |
10296       |       -2361.33   |       -2380.74   |        19.4186   |   132:02:28   |   16:01:04   |
10297       |       -2355.72   |       -2376.09   |         20.366   |   132:06:18   |   16:00:40   |
10298       |       -2352.77   |        -2373.6   |        20.8247   |   132:09:48   |   16:00:13   |
10299       |       -2354.28   |       -2373.32   |        19.0422   |   132:13:17   |   15:59:47   |


Iter        |      Posterior   |     Likelihood   |          Prior   |    elapsed   |        ETA   |
----------------------------------------------------------------------------------------------------
10300       |       -2353.07   |       -2369.38   |        16.3182   |   132:16:50   |   15:59:21   |
10301       |       -2353.51   |       -2370.38   |        16.8694   |   132:36:03   |   16:00:48   |
10302       |       -2349.06   |       -2366.76   |        17.7012   |   132:39:45   |   16:00:23   |
10303       |       -2347.21   |       -2366.49   |        19.2781   |   132:43:37   |   15:59:59   |
10304       |       -2348.32   |       -2366.73   |        18.4095   |   132:47:03   |   15:59:32   |
10305       |       -2348.32   |       -2366.73   |        18.4095   |   132:50:58   |   15:59:08   |
10306       |       -2349.47   |       -2368.31   |        18.8369   |   132:54:28   |   15:58:42   |
10307       |       -2352.62   |       -2372.34   |         19.714   |   132:57:45   |   15:58:13   |
10308       |       -2351.14   |       -2371.03   |        19.8986   |   133:01:12   |   15:57:46   |
10309       |       -2352.39   |        -2373.5   |        21.1082   |   133:04:54   |   15:57:21   |
10310       |       -2348.33   |       -2368.68   |        20.3548   |   133:08:14   |   15:56:53   |
10311       |       -2352.18   |       -2371.36   |         19.173   |   133:21:26   |   15:57:35   |
10312       |       -2350.74   |        -2368.2   |        17.4584   |   133:24:55   |   15:57:08   |
10313       |       -2349.87   |       -2367.35   |        17.4813   |   133:28:37   |   15:56:42   |
10314       |       -2349.87   |       -2367.35   |        17.4813   |   133:32:28   |   15:56:18   |
10315       |       -2351.73   |       -2368.64   |        16.9163   |   133:35:36   |   15:55:48   |
10316       |       -2356.84   |       -2372.64   |        15.7974   |   133:39:22   |   15:55:23   |
10317       |       -2354.44   |       -2371.13   |        16.6951   |   133:43:09   |   15:54:58   |
10318       |       -2345.74   |       -2365.34   |        19.5961   |   133:46:46   |   15:54:31   |
10319       |        -2349.1   |       -2367.34   |        18.2345   |   133:50:14   |   15:54:04   |


Iter        |      Posterior   |     Likelihood   |          Prior   |    elapsed   |        ETA   |
----------------------------------------------------------------------------------------------------
10320       |       -2354.97   |       -2369.25   |         14.282   |   133:53:44   |   15:53:36   |
10321       |       -2354.32   |       -2369.93   |        15.6063   |   134:06:45   |   15:54:17   |
10322       |       -2349.54   |       -2367.39   |         17.853   |   134:10:14   |   15:53:49   |
10323       |       -2350.46   |       -2370.99   |         20.525   |   134:13:45   |   15:53:22   |
10324       |       -2353.14   |       -2372.76   |        19.6125   |   134:17:14   |   15:52:54   |
10325       |       -2349.92   |       -2367.91   |        17.9867   |   134:20:56   |   15:52:28   |
10326       |       -2348.48   |       -2366.34   |        17.8518   |   134:24:29   |   15:52:01   |
10327       |       -2352.25   |       -2367.91   |        15.6514   |   134:27:57   |   15:51:33   |
10328       |       -2354.18   |       -2368.29   |        14.1109   |   134:31:17   |   15:51:04   |
10329       |       -2346.72   |       -2368.08   |        21.3611   |   134:34:58   |   15:50:38   |
10330       |       -2349.04   |       -2369.21   |        20.1713   |   134:38:22   |   15:50:09   |
10331       |       -2350.17   |       -2371.16   |        20.9988   |   134:51:34   |   15:50:50   |
10332       |       -2350.87   |       -2371.68   |        20.8079   |   134:55:04   |   15:50:22   |
10333       |       -2351.99   |       -2373.45   |        21.4595   |   134:58:47   |   15:49:56   |
10334       |       -2351.29   |       -2372.23   |        20.9436   |   135:02:05   |   15:49:27   |
10335       |       -2350.17   |       -2373.06   |        22.8805   |   135:05:39   |   15:48:59   |
10336       |       -2356.01   |          -2381   |         24.985   |   135:09:09   |   15:48:31   |
10337       |        -2350.5   |       -2371.85   |        21.3457   |   135:11:53   |   15:47:58   |
10338       |       -2352.78   |       -2372.67   |        19.8867   |   135:15:20   |   15:47:29   |
10339       |          -2352   |       -2372.29   |        20.2919   |   135:19:05   |   15:47:03   |


Iter        |      Posterior   |     Likelihood   |          Prior   |    elapsed   |        ETA   |
----------------------------------------------------------------------------------------------------
10340       |       -2349.52   |       -2370.47   |         20.955   |   135:22:37   |   15:46:35   |
10341       |       -2347.88   |       -2368.54   |        20.6534   |   135:35:54   |   15:47:15   |
10342       |       -2347.88   |       -2368.54   |        20.6534   |   135:39:39   |   15:46:49   |
10343       |       -2350.05   |       -2371.15   |        21.1011   |   135:42:39   |   15:46:17   |
10344       |       -2349.67   |       -2370.12   |        20.4486   |   135:46:08   |   15:45:48   |
10345       |       -2349.25   |       -2369.97   |        20.7178   |   135:50:03   |   15:45:23   |
10346       |       -2351.71   |       -2369.64   |        17.9335   |   135:53:26   |   15:44:54   |
10347       |       -2348.83   |       -2368.71   |        19.8771   |   135:56:52   |   15:44:25   |
10348       |       -2348.68   |       -2369.75   |        21.0685   |   136:00:20   |   15:43:56   |
10349       |       -2350.05   |       -2369.69   |        19.6339   |   136:03:57   |   15:43:28   |
10350       |       -2350.98   |       -2370.07   |        19.0955   |   136:07:11   |   15:42:58   |
10351       |       -2351.72   |        -2370.7   |        18.9834   |   136:20:37   |   15:43:38   |
10352       |       -2350.32   |       -2369.32   |         19.006   |   136:24:36   |   15:43:13   |
10353       |       -2351.99   |       -2369.64   |         17.649   |   136:28:00   |   15:42:43   |
10354       |        -2355.3   |       -2372.81   |        17.5122   |   136:31:31   |   15:42:15   |
10355       |       -2350.39   |       -2369.31   |        18.9198   |   136:35:26   |   15:41:49   |
10356       |       -2353.26   |       -2372.44   |        19.1805   |   136:38:57   |   15:41:20   |
10357       |       -2351.63   |       -2373.34   |        21.7099   |   136:42:21   |   15:40:51   |
10358       |       -2349.33   |       -2372.96   |         23.636   |   136:45:42   |   15:40:21   |
10359       |        -2349.7   |       -2374.45   |        24.7446   |   136:49:06   |   15:39:51   |


Iter        |      Posterior   |     Likelihood   |          Prior   |    elapsed   |        ETA   |
----------------------------------------------------------------------------------------------------
10360       |       -2351.61   |       -2377.54   |        25.9273   |   136:52:33   |   15:39:22   |
10361       |       -2350.96   |       -2376.89   |        25.9323   |   137:05:25   |   15:39:57   |
10362       |       -2349.49   |       -2371.95   |        22.4545   |   137:08:46   |   15:39:27   |
10363       |       -2350.19   |        -2372.3   |        22.1089   |   137:11:56   |   15:38:55   |
10364       |       -2349.97   |       -2372.74   |        22.7717   |   137:15:13   |   15:38:25   |
10365       |       -2348.01   |       -2371.35   |        23.3338   |   137:18:19   |   15:37:53   |
10366       |       -2346.99   |       -2370.29   |        23.3053   |   137:21:51   |   15:37:24   |
10367       |       -2348.71   |       -2372.82   |        24.1159   |   137:25:00   |   15:36:52   |
10368       |       -2347.39   |       -2370.95   |        23.5655   |   137:27:59   |   15:36:19   |
10369       |        -2349.6   |       -2370.72   |        21.1242   |   137:31:24   |   15:35:49   |
10370       |       -2349.48   |       -2371.13   |        21.6561   |   137:34:46   |   15:35:19   |
10371       |       -2351.41   |        -2371.6   |        20.1859   |   137:47:49   |   15:35:55   |
10372       |       -2350.76   |       -2371.69   |        20.9314   |   137:51:17   |   15:35:25   |
10373       |       -2352.04   |       -2374.36   |        22.3274   |   137:54:37   |   15:34:54   |
10374       |       -2349.27   |       -2370.05   |         20.783   |   137:58:25   |   15:34:27   |
10375       |       -2347.68   |       -2367.08   |        19.3954   |   138:01:45   |   15:33:56   |
10376       |       -2346.85   |       -2368.46   |        21.6076   |   138:05:04   |   15:33:25   |
10377       |       -2345.89   |       -2366.88   |        20.9859   |   138:08:22   |   15:32:54   |
10378       |       -2347.29   |       -2367.54   |        20.2481   |   138:11:31   |   15:32:22   |
10379       |       -2348.62   |       -2369.63   |        21.0186   |   138:14:55   |   15:31:52   |


Iter        |      Posterior   |     Likelihood   |          Prior   |    elapsed   |        ETA   |
----------------------------------------------------------------------------------------------------
10380       |       -2351.43   |       -2373.05   |        21.6175   |   138:18:32   |   15:31:23   |
10381       |       -2349.81   |       -2371.03   |        21.2137   |   138:31:29   |   15:31:56   |
10382       |       -2349.71   |       -2367.58   |        17.8721   |   138:34:51   |   15:31:26   |
10383       |       -2352.22   |       -2368.93   |        16.7046   |   138:37:52   |   15:30:52   |
10384       |        -2349.6   |       -2367.84   |        18.2453   |   138:41:23   |   15:30:23   |
10385       |       -2350.89   |       -2365.96   |        15.0709   |   138:44:46   |   15:29:52   |
10386       |       -2348.34   |        -2367.7   |        19.3604   |   138:48:31   |   15:29:24   |
10387       |       -2349.12   |       -2365.03   |        15.9088   |   138:52:10   |   15:28:54   |
10388       |       -2349.79   |       -2368.15   |        18.3522   |   138:55:34   |   15:28:24   |
10389       |        -2349.2   |        -2371.9   |        22.7016   |   138:58:56   |   15:27:53   |
10390       |       -2348.59   |       -2371.01   |        22.4184   |   139:02:02   |   15:27:20   |
10391       |       -2348.51   |        -2370.5   |        21.9886   |   139:14:56   |   15:27:52   |
10392       |       -2349.14   |        -2371.9   |        22.7604   |   139:18:25   |   15:27:22   |
10393       |       -2349.61   |       -2375.55   |        25.9396   |   139:21:39   |   15:26:50   |
10394       |       -2354.86   |       -2382.22   |        27.3614   |   139:24:54   |   15:26:18   |
10395       |       -2351.17   |       -2377.35   |         26.182   |   139:28:05   |   15:25:45   |
10396       |       -2350.42   |       -2374.28   |        23.8659   |   139:31:25   |   15:25:14   |
10397       |       -2351.91   |       -2372.81   |        20.9012   |   139:34:57   |   15:24:43   |
10398       |       -2350.75   |       -2373.36   |        22.6101   |   139:38:15   |   15:24:12   |
10399       |       -2349.73   |       -2372.62   |        22.8852   |   139:41:23   |   15:23:39   |


Iter        |      Posterior   |     Likelihood   |          Prior   |    elapsed   |        ETA   |
----------------------------------------------------------------------------------------------------
10400       |       -2350.87   |       -2371.26   |        20.3857   |   139:44:51   |   15:23:08   |
10401       |       -2353.38   |       -2369.65   |        16.2775   |   139:57:50   |   15:23:40   |
10402       |       -2354.17   |       -2371.31   |        17.1363   |   140:01:22   |   15:23:09   |
10403       |       -2357.67   |       -2375.15   |        17.4758   |   140:04:55   |   15:22:39   |
10404       |       -2354.65   |       -2372.39   |        17.7384   |   140:08:21   |   15:22:08   |
10405       |       -2356.81   |       -2373.18   |        16.3616   |   140:11:42   |   15:21:36   |
10406       |       -2355.97   |       -2373.15   |        17.1792   |   140:14:59   |   15:21:04   |
10407       |       -2356.22   |       -2371.33   |        15.1142   |   140:18:37   |   15:20:34   |
10408       |       -2354.99   |       -2370.41   |        15.4103   |   140:21:55   |   15:20:02   |
10409       |       -2356.82   |       -2373.66   |        16.8339   |   140:25:25   |   15:19:31   |
10410       |       -2354.93   |       -2373.56   |        18.6311   |   140:28:45   |   15:18:59   |
10411       |        -2355.5   |       -2373.95   |        18.4546   |   140:42:03   |   15:19:32   |
10412       |        -2353.7   |       -2371.71   |        18.0115   |   140:45:44   |   15:19:02   |
10413       |       -2357.33   |       -2373.44   |        16.1117   |   140:49:21   |   15:18:31   |
10414       |       -2356.57   |       -2372.68   |        16.1103   |   140:52:18   |   15:17:57   |
10415       |       -2353.89   |        -2370.6   |        16.7164   |   140:55:39   |   15:17:24   |
10416       |       -2356.53   |       -2375.37   |        18.8355   |   140:59:04   |   15:16:53   |
10417       |       -2356.14   |       -2371.47   |        15.3317   |   141:02:23   |   15:16:20   |
10418       |       -2356.74   |       -2372.48   |        15.7423   |   141:05:32   |   15:15:47   |
10419       |       -2356.22   |       -2371.36   |        15.1395   |   141:08:45   |   15:15:13   |


Iter        |      Posterior   |     Likelihood   |          Prior   |    elapsed   |        ETA   |
----------------------------------------------------------------------------------------------------
10420       |        -2355.3   |       -2368.77   |         13.461   |   141:12:18   |   15:14:42   |
10421       |       -2354.67   |       -2365.54   |        10.8679   |   141:25:55   |   15:15:17   |
10422       |       -2356.56   |       -2368.23   |        11.6692   |   141:29:29   |   15:14:45   |
10423       |       -2356.83   |       -2366.54   |        9.71732   |   141:33:09   |   15:14:15   |
10424       |       -2351.09   |       -2365.49   |        14.4007   |   141:36:34   |   15:13:43   |
10425       |       -2353.82   |       -2365.78   |        11.9637   |   141:40:06   |   15:13:12   |
10426       |       -2354.23   |        -2367.7   |        13.4668   |   141:43:12   |   15:12:37   |
10427       |       -2354.29   |       -2366.85   |        12.5574   |   141:46:44   |   15:12:06   |
10428       |       -2352.16   |       -2365.77   |        13.6072   |   141:50:04   |   15:11:33   |
10429       |       -2349.98   |       -2368.55   |        18.5709   |   141:53:26   |   15:11:00   |
10430       |       -2349.64   |       -2369.12   |        19.4806   |   141:56:40   |   15:10:27   |
10431       |        -2349.9   |       -2370.48   |        20.5776   |   142:10:39   |   15:11:02   |
10432       |       -2348.12   |       -2369.46   |         21.337   |   142:13:48   |   15:10:28   |
10433       |       -2349.17   |        -2370.2   |        21.0323   |   142:17:04   |   15:09:55   |
10434       |       -2350.03   |       -2368.77   |        18.7452   |   142:20:25   |   15:09:22   |
10435       |       -2350.29   |       -2366.77   |        16.4854   |   142:23:48   |   15:08:49   |
10436       |       -2348.97   |       -2366.35   |        17.3839   |   142:27:17   |   15:08:17   |
10437       |       -2354.47   |       -2372.83   |        18.3672   |   142:30:46   |   15:07:45   |
10438       |       -2354.89   |       -2372.55   |        17.6672   |   142:34:06   |   15:07:12   |
10439       |       -2351.52   |       -2368.79   |        17.2646   |   142:37:49   |   15:06:41   |


Iter        |      Posterior   |     Likelihood   |          Prior   |    elapsed   |        ETA   |
----------------------------------------------------------------------------------------------------
10440       |       -2354.29   |        -2370.1   |          15.81   |   142:41:18   |   15:06:09   |
10441       |       -2351.86   |        -2372.1   |        20.2404   |   142:54:20   |   15:06:37   |
10442       |       -2351.57   |       -2372.08   |        20.5021   |   142:57:21   |   15:06:02   |
10443       |       -2352.43   |       -2372.77   |        20.3355   |   143:00:28   |   15:05:27   |
10444       |       -2350.93   |       -2368.08   |         17.154   |   143:03:40   |   15:04:53   |
10445       |       -2351.84   |       -2367.37   |        15.5253   |   143:07:11   |   15:04:20   |
10446       |       -2352.43   |       -2367.48   |        15.0517   |   143:10:25   |   15:03:46   |
10447       |        -2357.3   |       -2371.65   |        14.3492   |   143:13:57   |   15:03:14   |
10448       |       -2357.56   |       -2374.47   |        16.9014   |   143:17:25   |   15:02:41   |
10449       |       -2356.79   |       -2373.59   |        16.7983   |   143:21:02   |   15:02:09   |
10450       |       -2359.66   |       -2376.44   |        16.7817   |   143:24:24   |   15:01:36   |
10451       |       -2357.73   |        -2377.7   |         19.975   |   143:37:19   |   15:02:03   |
10452       |        -2358.3   |       -2377.31   |        19.0085   |   143:41:01   |   15:01:31   |
10453       |       -2357.34   |       -2372.32   |        14.9811   |   143:44:26   |   15:00:58   |
10454       |       -2356.03   |       -2371.68   |        15.6533   |   143:47:50   |   15:00:25   |
10455       |       -2356.48   |       -2370.91   |        14.4311   |   143:51:10   |   14:59:51   |
10456       |       -2353.27   |       -2371.74   |         18.469   |   143:54:30   |   14:59:17   |
10457       |       -2353.45   |        -2371.6   |        18.1492   |   143:57:53   |   14:58:43   |
10458       |       -2354.51   |       -2375.05   |        20.5437   |   144:01:30   |   14:58:11   |
10459       |       -2354.03   |       -2373.48   |         19.444   |   144:04:43   |   14:57:36   |


Iter        |      Posterior   |     Likelihood   |          Prior   |    elapsed   |        ETA   |
----------------------------------------------------------------------------------------------------
10460       |       -2352.75   |       -2371.13   |        18.3786   |   144:07:56   |   14:57:02   |
10461       |       -2350.37   |       -2370.62   |        20.2457   |   144:21:24   |   14:57:31   |
10462       |       -2351.38   |       -2373.78   |        22.3989   |   144:24:37   |   14:56:56   |
10463       |       -2352.17   |       -2374.56   |        22.3848   |   144:27:47   |   14:56:21   |
10464       |       -2351.58   |       -2371.68   |        20.1048   |   144:31:03   |   14:55:46   |
10465       |       -2349.16   |       -2370.35   |        21.1916   |   144:34:23   |   14:55:12   |
10466       |       -2350.97   |       -2370.85   |        19.8857   |   144:37:36   |   14:54:37   |
10467       |       -2350.97   |       -2370.85   |        19.8857   |   144:41:19   |   14:54:05   |
10468       |       -2351.26   |       -2370.89   |        19.6273   |   144:44:48   |   14:53:32   |
10469       |       -2353.64   |       -2374.13   |        20.4888   |   144:48:18   |   14:52:58   |
10470       |       -2353.44   |       -2374.26   |        20.8211   |   144:51:30   |   14:52:23   |
10471       |       -2353.33   |       -2372.91   |        19.5791   |   145:04:19   |   14:52:47   |
10472       |       -2352.67   |       -2373.13   |        20.4607   |   145:07:42   |   14:52:13   |
10473       |       -2351.46   |       -2368.51   |        17.0559   |   145:11:10   |   14:51:39   |
10474       |       -2350.16   |        -2367.4   |         17.235   |   145:14:18   |   14:51:03   |
10475       |       -2352.95   |       -2370.51   |        17.5618   |   145:17:48   |   14:50:30   |
10476       |       -2349.45   |       -2370.31   |        20.8601   |   145:21:14   |   14:49:56   |
10477       |       -2348.42   |       -2368.62   |        20.2028   |   145:24:35   |   14:49:21   |
10478       |        -2356.7   |       -2377.48   |        20.7891   |   145:28:06   |   14:48:48   |
10479       |       -2354.88   |       -2376.17   |        21.2877   |   145:31:24   |   14:48:13   |


Iter        |      Posterior   |     Likelihood   |          Prior   |    elapsed   |        ETA   |
----------------------------------------------------------------------------------------------------
10480       |       -2353.36   |       -2374.86   |        21.4974   |   145:34:47   |   14:47:38   |
10481       |       -2353.37   |       -2374.63   |        21.2547   |   145:47:59   |   14:48:04   |
10482       |       -2350.86   |       -2373.32   |        22.4598   |   145:51:24   |   14:47:29   |
10483       |        -2352.3   |        -2368.8   |        16.5085   |   145:54:49   |   14:46:55   |
10484       |       -2353.56   |       -2372.35   |        18.7896   |   145:58:28   |   14:46:22   |
10485       |       -2350.86   |       -2371.89   |        21.0253   |   146:02:02   |   14:45:48   |
10486       |       -2350.87   |       -2370.08   |        19.2043   |   146:05:28   |   14:45:14   |
10487       |       -2348.92   |       -2369.23   |        20.3136   |   146:08:53   |   14:44:39   |
10488       |       -2351.42   |       -2371.61   |          20.19   |   146:12:14   |   14:44:04   |
10489       |       -2350.91   |       -2370.65   |        19.7384   |   146:15:37   |   14:43:30   |
10490       |       -2354.71   |       -2372.19   |        17.4835   |   146:18:57   |   14:42:54   |
10491       |       -2354.96   |       -2375.44   |        20.4753   |   146:32:09   |   14:43:19   |
10492       |       -2352.17   |       -2372.65   |        20.4753   |   146:35:45   |   14:42:45   |
10493       |       -2352.17   |       -2372.65   |        20.4753   |   146:39:32   |   14:42:13   |
10494       |       -2350.72   |       -2373.97   |         23.253   |   146:42:59   |   14:41:38   |
10495       |        -2351.6   |       -2374.22   |        22.6157   |   146:46:49   |   14:41:06   |
10496       |        -2351.6   |       -2374.22   |        22.6157   |   146:50:44   |   14:40:34   |
10497       |       -2350.58   |       -2371.86   |        21.2871   |   146:54:05   |   14:39:58   |
10498       |       -2351.06   |       -2372.97   |         21.912   |   146:57:42   |   14:39:25   |
10499       |       -2351.07   |       -2373.68   |        22.6065   |   147:01:05   |   14:38:49   |


Iter        |      Posterior   |     Likelihood   |          Prior   |    elapsed   |        ETA   |
----------------------------------------------------------------------------------------------------
10500       |       -2351.19   |       -2373.97   |        22.7785   |   147:04:18   |   14:38:13   |
10501       |       -2356.36   |       -2374.17   |        17.8134   |   147:17:08   |   14:38:34   |
10502       |       -2353.26   |       -2372.25   |        18.9925   |   147:20:24   |   14:37:58   |
10503       |       -2352.49   |       -2371.48   |        18.9871   |   147:24:01   |   14:37:24   |
10504       |       -2355.11   |       -2373.17   |        18.0609   |   147:27:36   |   14:36:50   |
10505       |       -2355.15   |       -2373.27   |        18.1126   |   147:30:41   |   14:36:13   |
10506       |       -2357.01   |       -2372.95   |        15.9377   |   147:34:07   |   14:35:38   |
10507       |       -2357.77   |       -2374.22   |        16.4488   |   147:37:46   |   14:35:04   |
10508       |       -2357.72   |       -2372.76   |        15.0409   |   147:41:16   |   14:34:29   |
10509       |       -2358.27   |       -2372.16   |        13.8878   |   147:44:36   |   14:33:53   |
10510       |       -2358.04   |       -2372.29   |        14.2473   |   147:48:18   |   14:33:19   |
10511       |        -2355.7   |       -2368.45   |        12.7542   |   148:01:44   |   14:33:43   |
10512       |       -2351.27   |       -2368.99   |        17.7163   |   148:05:02   |   14:33:07   |
10513       |       -2353.38   |       -2372.55   |        19.1638   |   148:08:06   |   14:32:29   |
10514       |       -2354.17   |       -2374.86   |        20.6856   |   148:11:38   |   14:31:54   |
10515       |       -2349.47   |       -2369.91   |        20.4462   |   148:15:06   |   14:31:19   |
10516       |          -2351   |       -2370.59   |        19.5907   |   148:18:54   |   14:30:45   |
10517       |        -2350.9   |       -2367.54   |        16.6404   |   148:22:21   |   14:30:10   |
10518       |       -2350.81   |       -2367.75   |        16.9439   |   148:25:23   |   14:29:32   |
10519       |       -2347.83   |       -2366.82   |         18.985   |   148:28:56   |   14:28:57   |


Iter        |      Posterior   |     Likelihood   |          Prior   |    elapsed   |        ETA   |
----------------------------------------------------------------------------------------------------
10520       |       -2349.29   |       -2368.83   |        19.5388   |   148:32:13   |   14:28:20   |
10521       |       -2349.64   |       -2370.64   |        20.9985   |   148:45:21   |   14:28:41   |
10522       |       -2350.43   |       -2371.45   |         21.017   |   148:48:52   |   14:28:06   |
10523       |       -2350.07   |        -2371.3   |        21.2346   |   148:52:15   |   14:27:30   |
10524       |       -2349.59   |       -2372.24   |        22.6436   |   148:55:49   |   14:26:55   |
10525       |        -2351.5   |       -2371.18   |        19.6784   |   148:59:09   |   14:26:18   |
10526       |       -2353.27   |       -2372.46   |        19.1972   |   149:02:44   |   14:25:43   |
10527       |       -2354.01   |       -2370.86   |        16.8582   |   149:06:38   |   14:25:10   |
10528       |       -2353.12   |       -2371.42   |           18.3   |   149:10:06   |   14:24:34   |
10529       |       -2357.21   |       -2378.84   |        21.6304   |   149:13:25   |   14:23:57   |
10530       |       -2353.33   |       -2375.78   |         22.447   |   149:16:58   |   14:23:22   |
10531       |       -2355.08   |       -2380.02   |        24.9432   |   149:29:58   |   14:23:41   |
10532       |       -2353.38   |       -2379.19   |         25.809   |   149:33:05   |   14:23:03   |
10533       |       -2352.84   |       -2378.01   |        25.1715   |   149:36:20   |   14:22:26   |
10534       |        -2351.4   |       -2376.37   |        24.9683   |   149:39:46   |   14:21:49   |
10535       |       -2352.93   |       -2377.56   |        24.6345   |   149:43:09   |   14:21:13   |
10536       |       -2353.49   |       -2377.61   |        24.1157   |   149:46:28   |   14:20:36   |
10537       |       -2356.32   |       -2381.64   |        25.3194   |   149:49:39   |   14:19:58   |
10538       |       -2354.37   |       -2376.91   |        22.5384   |   149:52:50   |   14:19:20   |
10539       |          -2354   |       -2376.53   |        22.5383   |   149:56:26   |   14:18:45   |


Iter        |      Posterior   |     Likelihood   |          Prior   |    elapsed   |        ETA   |
----------------------------------------------------------------------------------------------------
10540       |       -2354.44   |       -2377.02   |        22.5771   |   150:00:11   |   14:18:10   |
10541       |       -2354.62   |       -2377.59   |        22.9698   |   150:13:19   |   14:18:29   |
10542       |       -2353.27   |       -2376.42   |         23.158   |   150:16:43   |   14:17:52   |
10543       |       -2351.45   |       -2375.71   |        24.2512   |   150:20:22   |   14:17:17   |
10544       |       -2350.07   |       -2374.74   |        24.6676   |   150:23:49   |   14:16:40   |
10545       |       -2355.61   |       -2378.59   |        22.9809   |   150:27:26   |   14:16:05   |
10546       |        -2356.9   |        -2375.8   |        18.9031   |   150:30:39   |   14:15:27   |
10547       |       -2358.87   |       -2377.74   |        18.8631   |   150:34:12   |   14:14:51   |
10548       |       -2357.42   |       -2376.44   |         19.028   |   150:37:55   |   14:14:15   |
10549       |       -2357.24   |       -2375.95   |        18.7067   |   150:41:36   |   14:13:40   |
10550       |       -2354.47   |       -2373.64   |        19.1701   |   150:45:30   |   14:13:06   |
10551       |       -2353.27   |       -2371.44   |        18.1709   |   150:59:02   |   14:13:26   |
10552       |          -2351   |       -2369.51   |        18.5171   |   151:02:55   |   14:12:52   |
10553       |       -2354.19   |       -2372.36   |        18.1743   |   151:06:08   |   14:12:13   |
10554       |       -2359.38   |       -2376.93   |        17.5519   |   151:09:19   |   14:11:35   |
10555       |       -2360.81   |       -2376.04   |        15.2266   |   151:12:43   |   14:10:58   |
10556       |       -2358.45   |       -2374.52   |        16.0642   |   151:16:25   |   14:10:22   |
10557       |       -2358.17   |       -2372.65   |        14.4711   |   151:20:09   |   14:09:47   |
10558       |       -2352.45   |       -2368.62   |        16.1651   |   151:23:45   |   14:09:10   |
10559       |       -2351.97   |       -2368.06   |        16.0849   |   151:27:16   |   14:08:34   |


Iter        |      Posterior   |     Likelihood   |          Prior   |    elapsed   |        ETA   |
----------------------------------------------------------------------------------------------------
10560       |       -2347.55   |       -2367.49   |        19.9318   |   151:30:33   |   14:07:56   |
10561       |       -2349.43   |       -2367.73   |        18.2998   |   151:43:57   |   14:08:14   |
10562       |       -2348.41   |       -2369.81   |        21.4005   |   151:47:11   |   14:07:36   |
10563       |       -2351.06   |       -2371.13   |        20.0716   |   151:50:23   |   14:06:57   |
10564       |       -2349.65   |       -2367.56   |        17.9135   |   151:53:46   |   14:06:19   |
10565       |       -2352.17   |       -2369.63   |        17.4552   |   151:57:04   |   14:05:41   |
10566       |       -2349.99   |       -2368.07   |        18.0817   |   152:00:01   |   14:05:01   |
10567       |       -2354.86   |       -2370.47   |        15.6102   |   152:03:25   |   14:04:23   |
10568       |       -2352.46   |       -2369.05   |        16.5847   |   152:06:41   |   14:03:45   |
10569       |       -2354.81   |       -2368.56   |         13.747   |   152:10:14   |   14:03:08   |
10570       |        -2351.3   |       -2368.48   |        17.1811   |   152:13:35   |   14:02:30   |
10571       |       -2354.42   |        -2373.9   |        19.4813   |   152:26:37   |   14:02:45   |
10572       |       -2349.98   |       -2368.66   |         18.681   |   152:29:50   |   14:02:06   |
10573       |       -2350.16   |       -2368.49   |        18.3359   |   152:33:11   |   14:01:28   |
10574       |       -2348.53   |       -2365.83   |        17.2956   |   152:36:21   |   14:00:49   |
10575       |       -2346.27   |        -2364.3   |        18.0379   |   152:39:33   |   14:00:10   |
10576       |       -2348.55   |       -2363.97   |        15.4203   |   152:42:45   |   13:59:30   |
10577       |       -2346.21   |       -2365.64   |         19.433   |   152:46:14   |   13:58:53   |
10578       |       -2345.13   |       -2363.58   |         18.448   |   152:49:16   |   13:58:13   |
10579       |       -2347.01   |       -2366.18   |        19.1642   |   152:52:40   |   13:57:35   |


Iter        |      Posterior   |     Likelihood   |          Prior   |    elapsed   |        ETA   |
----------------------------------------------------------------------------------------------------
10580       |       -2347.44   |       -2366.47   |        19.0314   |   152:56:06   |   13:56:57   |
10581       |       -2347.44   |       -2366.47   |        19.0314   |   153:09:35   |   13:57:13   |
10582       |       -2352.06   |       -2366.79   |        14.7321   |   153:12:51   |   13:56:34   |
10583       |       -2352.04   |        -2370.6   |        18.5602   |   153:16:00   |   13:55:55   |
10584       |        -2354.2   |       -2371.29   |        17.0941   |   153:19:30   |   13:55:17   |
10585       |        -2356.5   |       -2375.15   |        18.6561   |   153:22:38   |   13:54:37   |
10586       |       -2356.39   |       -2375.61   |        19.2209   |   153:25:27   |   13:53:56   |
10587       |       -2353.57   |       -2372.42   |         18.845   |   153:28:50   |   13:53:17   |
10588       |       -2352.98   |       -2372.66   |        19.6821   |   153:32:13   |   13:52:38   |
10589       |       -2352.62   |       -2373.36   |        20.7467   |   153:35:23   |   13:51:59   |
10590       |       -2354.36   |       -2374.75   |        20.3884   |   153:38:17   |   13:51:17   |
10591       |       -2356.14   |       -2375.39   |        19.2501   |   153:50:56   |   13:51:29   |
10592       |       -2351.85   |       -2374.55   |        22.7004   |   153:54:15   |   13:50:50   |
10593       |       -2350.87   |       -2370.28   |        19.4037   |   153:57:35   |   13:50:11   |
10594       |       -2351.37   |       -2365.63   |        14.2627   |   154:00:41   |   13:49:30   |
10595       |       -2352.31   |        -2366.9   |        14.5862   |   154:04:11   |   13:48:52   |
10596       |       -2351.17   |       -2366.87   |        15.6995   |   154:07:29   |   13:48:13   |
10597       |       -2350.49   |       -2368.36   |        17.8677   |   154:10:37   |   13:47:33   |
10598       |       -2350.49   |       -2368.36   |        17.8677   |   154:14:15   |   13:46:55   |
10599       |        -2350.5   |       -2368.36   |        17.8676   |   154:17:44   |   13:46:17   |


Iter        |      Posterior   |     Likelihood   |          Prior   |    elapsed   |        ETA   |
----------------------------------------------------------------------------------------------------
10600       |       -2352.09   |       -2368.51   |        16.4243   |   154:21:03   |   13:45:37   |
10601       |       -2352.27   |       -2368.26   |        15.9913   |   154:34:16   |   13:45:51   |
10602       |        -2349.8   |        -2368.5   |         18.699   |   154:37:39   |   13:45:12   |
10603       |       -2351.13   |       -2365.91   |        14.7798   |   154:40:52   |   13:44:32   |
10604       |       -2351.34   |       -2365.58   |        14.2405   |   154:44:36   |   13:43:54   |
10605       |       -2351.92   |       -2368.37   |        16.4481   |   154:48:13   |   13:43:17   |
10606       |       -2351.95   |       -2368.41   |        16.4587   |   154:51:47   |   13:42:38   |
10607       |       -2354.17   |       -2371.84   |        17.6763   |   154:54:52   |   13:41:57   |
10608       |        -2349.7   |       -2367.95   |        18.2436   |   154:58:01   |   13:41:17   |
10609       |        -2349.3   |       -2367.79   |        18.4952   |   155:01:08   |   13:40:36   |
10610       |       -2349.53   |       -2368.11   |        18.5823   |   155:04:14   |   13:39:55   |
10611       |       -2348.13   |       -2366.96   |        18.8241   |   155:17:06   |   13:40:06   |
10612       |       -2345.22   |       -2365.15   |        19.9257   |   155:20:25   |   13:39:26   |
10613       |       -2344.23   |       -2364.55   |        20.3196   |   155:24:05   |   13:38:48   |
10614       |       -2346.24   |        -2363.6   |          17.36   |   155:27:15   |   13:38:08   |
10615       |       -2346.29   |       -2366.23   |        19.9396   |   155:30:39   |   13:37:28   |
10616       |       -2347.19   |       -2367.07   |        19.8804   |   155:34:06   |   13:36:49   |
10617       |       -2347.44   |       -2367.14   |        19.6983   |   155:37:26   |   13:36:09   |
10618       |       -2348.87   |       -2365.98   |        17.1136   |   155:40:41   |   13:35:29   |
10619       |       -2347.91   |        -2365.1   |        17.1823   |   155:43:57   |   13:34:48   |


Iter        |      Posterior   |     Likelihood   |          Prior   |    elapsed   |        ETA   |
----------------------------------------------------------------------------------------------------
10620       |       -2347.49   |        -2369.1   |        21.6091   |   155:47:00   |   13:34:07   |
10621       |       -2344.22   |       -2367.57   |        23.3416   |   155:59:25   |   13:34:14   |
10622       |       -2345.61   |       -2368.59   |        22.9821   |   156:02:47   |   13:33:34   |
10623       |       -2346.78   |       -2368.42   |        21.6448   |   156:06:08   |   13:32:54   |
10624       |       -2345.59   |       -2368.14   |        22.5461   |   156:09:45   |   13:32:16   |
10625       |       -2345.59   |       -2368.14   |        22.5461   |   156:13:43   |   13:31:39   |
10626       |       -2345.97   |       -2368.83   |        22.8614   |   156:17:11   |   13:30:59   |
10627       |       -2347.37   |       -2370.27   |        22.9041   |   156:20:43   |   13:30:20   |
10628       |       -2347.37   |       -2370.27   |        22.9041   |   156:24:37   |   13:29:43   |
10629       |       -2347.66   |       -2371.13   |        23.4705   |   156:28:23   |   13:29:05   |
10630       |       -2348.01   |       -2370.34   |        22.3224   |   156:31:48   |   13:28:25   |
10631       |        -2345.7   |       -2367.01   |        21.3079   |   156:44:33   |   13:28:33   |
10632       |       -2348.06   |       -2369.69   |         21.627   |   156:47:29   |   13:27:50   |
10633       |       -2350.94   |       -2371.13   |        20.1938   |   156:50:27   |   13:27:08   |
10634       |       -2349.23   |       -2372.66   |         23.427   |   156:53:41   |   13:26:27   |
10635       |       -2348.71   |        -2373.6   |        24.8888   |   156:56:54   |   13:25:46   |
10636       |       -2349.42   |       -2373.97   |        24.5542   |   156:59:48   |   13:25:03   |
10637       |       -2348.29   |       -2373.27   |        24.9815   |   157:03:06   |   13:24:22   |
10638       |       -2351.56   |       -2374.01   |        22.4503   |   157:06:22   |   13:23:41   |
10639       |       -2348.16   |       -2369.73   |        21.5712   |   157:09:35   |   13:23:00   |


Iter        |      Posterior   |     Likelihood   |          Prior   |    elapsed   |        ETA   |
----------------------------------------------------------------------------------------------------
10640       |       -2347.54   |       -2368.64   |        21.1032   |   157:12:44   |   13:22:18   |
10641       |       -2347.47   |       -2369.74   |        22.2614   |   157:25:21   |   13:22:25   |
10642       |       -2347.37   |       -2370.89   |        23.5236   |   157:28:14   |   13:21:42   |
10643       |       -2346.76   |       -2366.17   |        19.4123   |   157:31:26   |   13:21:00   |
10644       |       -2345.72   |       -2365.76   |        20.0442   |   157:34:54   |   13:20:20   |
10645       |       -2348.85   |       -2368.79   |        19.9352   |   157:38:06   |   13:19:39   |
10646       |       -2346.84   |       -2366.53   |        19.6889   |   157:41:16   |   13:18:57   |
10647       |       -2347.35   |       -2367.42   |        20.0711   |   157:44:14   |   13:18:14   |
10648       |       -2354.04   |       -2375.83   |        21.7836   |   157:47:52   |   13:17:35   |
10649       |        -2345.3   |       -2365.77   |        20.4725   |   157:51:05   |   13:16:53   |
10650       |        -2347.4   |       -2363.26   |         15.861   |   157:54:31   |   13:16:12   |
10651       |       -2348.92   |       -2363.23   |        14.3091   |   158:07:53   |   13:16:22   |
10652       |       -2346.44   |       -2365.04   |        18.5959   |   158:11:00   |   13:15:40   |
10653       |       -2347.99   |       -2367.09   |        19.1035   |   158:14:37   |   13:15:00   |
10654       |       -2346.04   |       -2366.32   |        20.2856   |   158:17:55   |   13:14:18   |
10655       |       -2347.17   |       -2365.99   |        18.8199   |   158:21:29   |   13:13:38   |
10656       |       -2348.57   |        -2366.1   |        17.5298   |   158:24:54   |   13:12:58   |
10657       |       -2347.96   |       -2365.77   |        17.8088   |   158:28:30   |   13:12:18   |
10658       |       -2346.32   |       -2366.12   |        19.8054   |   158:32:12   |   13:11:38   |
10659       |       -2346.32   |       -2366.12   |        19.8054   |   158:35:47   |   13:10:58   |


Iter        |      Posterior   |     Likelihood   |          Prior   |    elapsed   |        ETA   |
----------------------------------------------------------------------------------------------------
10660       |       -2346.32   |       -2366.12   |        19.8054   |   158:39:29   |   13:10:18   |
10661       |       -2346.32   |       -2366.12   |        19.8054   |   158:52:57   |   13:10:27   |
10662       |       -2346.32   |       -2366.12   |        19.8054   |   158:56:52   |   13:09:49   |
10663       |        -2348.2   |       -2366.81   |        18.6101   |   159:00:29   |   13:09:08   |
10664       |       -2346.71   |       -2365.06   |        18.3518   |   159:03:59   |   13:08:28   |
10665       |       -2346.71   |       -2365.06   |        18.3518   |   159:07:43   |   13:07:48   |
10666       |       -2347.06   |       -2365.95   |        18.8893   |   159:11:24   |   13:07:08   |
10667       |       -2347.06   |       -2365.95   |        18.8893   |   159:15:02   |   13:06:28   |
10668       |       -2347.06   |       -2365.95   |        18.8893   |   159:18:48   |   13:05:48   |
10669       |       -2347.06   |       -2365.95   |        18.8893   |   159:22:26   |   13:05:08   |
10670       |       -2347.06   |       -2365.95   |        18.8893   |   159:26:16   |   13:04:29   |
10671       |       -2347.06   |       -2365.95   |        18.8893   |   159:39:30   |   13:04:36   |
10672       |       -2347.06   |       -2365.95   |        18.8893   |   159:43:09   |   13:03:55   |
10673       |       -2347.06   |       -2365.95   |        18.8893   |   159:46:45   |   13:03:15   |
10674       |       -2347.06   |       -2365.95   |        18.8893   |   159:50:12   |   13:02:33   |
10675       |       -2347.06   |       -2365.95   |        18.8893   |   159:54:02   |   13:01:54   |
10676       |       -2347.06   |       -2365.95   |        18.8893   |   159:57:48   |   13:01:14   |
10677       |       -2347.57   |       -2366.88   |        19.3125   |   160:01:23   |   13:00:33   |
10678       |       -2347.57   |       -2366.88   |        19.3125   |   160:05:13   |   12:59:53   |
10679       |       -2347.57   |       -2366.88   |        19.3125   |   160:08:52   |   12:59:13   |


Iter        |      Posterior   |     Likelihood   |          Prior   |    elapsed   |        ETA   |
----------------------------------------------------------------------------------------------------
10680       |       -2347.57   |       -2366.88   |        19.3125   |   160:12:30   |   12:58:32   |
10681       |       -2347.57   |       -2366.88   |        19.3125   |   160:25:44   |   12:58:38   |
10682       |       -2347.57   |       -2366.88   |        19.3125   |   160:29:38   |   12:57:58   |
10683       |       -2346.76   |       -2366.15   |        19.3861   |   160:33:06   |   12:57:17   |
10684       |       -2346.76   |       -2366.15   |        19.3861   |   160:36:45   |   12:56:36   |
10685       |       -2351.15   |       -2371.17   |          20.02   |   160:40:09   |   12:55:54   |
10686       |       -2353.86   |       -2373.75   |        19.8895   |   160:43:26   |   12:55:11   |
10687       |       -2356.21   |       -2375.65   |        19.4365   |   160:46:37   |   12:54:28   |
10688       |       -2356.69   |       -2374.13   |        17.4459   |   160:49:56   |   12:53:45   |
10689       |       -2353.73   |       -2371.37   |         17.646   |   160:53:20   |   12:53:03   |
10690       |       -2353.15   |       -2371.93   |        18.7734   |   160:56:40   |   12:52:21   |
10691       |       -2354.16   |       -2370.17   |        16.0084   |   161:10:00   |   12:52:26   |
10692       |       -2353.13   |       -2371.53   |        18.4014   |   161:13:36   |   12:51:45   |
10693       |       -2349.91   |       -2371.24   |        21.3338   |   161:16:58   |   12:51:02   |
10694       |       -2350.08   |       -2370.89   |        20.8077   |   161:20:10   |   12:50:19   |
10695       |       -2351.62   |       -2371.83   |        20.2101   |   161:23:46   |   12:49:37   |
10696       |       -2350.35   |       -2371.55   |        21.2047   |   161:27:18   |   12:48:56   |
10697       |       -2350.35   |       -2371.55   |        21.2047   |   161:31:03   |   12:48:15   |
10698       |        -2351.2   |       -2371.78   |        20.5797   |   161:34:27   |   12:47:32   |
10699       |       -2353.48   |       -2374.19   |        20.7062   |   161:38:03   |   12:46:51   |


Iter        |      Posterior   |     Likelihood   |          Prior   |    elapsed   |        ETA   |
----------------------------------------------------------------------------------------------------
10700       |       -2353.48   |       -2374.19   |        20.7062   |   161:41:43   |   12:46:09   |
10701       |       -2353.48   |       -2374.19   |        20.7062   |   161:54:54   |   12:46:13   |
10702       |       -2350.79   |       -2371.49   |        20.7062   |   161:58:25   |   12:45:31   |
10703       |       -2350.77   |       -2371.42   |        20.6558   |   162:01:48   |   12:44:48   |
10704       |       -2350.77   |       -2371.42   |        20.6558   |   162:05:18   |   12:44:06   |
10705       |       -2350.77   |       -2371.42   |        20.6558   |   162:08:55   |   12:43:24   |
10706       |       -2350.77   |       -2371.42   |        20.6558   |   162:12:07   |   12:42:40   |
10707       |       -2350.44   |        -2371.2   |        20.7626   |   162:15:25   |   12:41:57   |
10708       |       -2350.44   |        -2371.2   |        20.7626   |   162:19:15   |   12:41:16   |
10709       |       -2350.44   |        -2371.2   |        20.7626   |   162:22:56   |   12:40:35   |
10710       |       -2350.44   |        -2371.2   |        20.7626   |   162:26:21   |   12:39:52   |
10711       |       -2350.44   |        -2371.2   |        20.7626   |   162:39:37   |   12:39:55   |
10712       |       -2350.44   |        -2371.2   |        20.7626   |   162:43:17   |   12:39:13   |
10713       |       -2350.44   |        -2371.2   |        20.7626   |   162:46:52   |   12:38:31   |
10714       |       -2350.44   |        -2371.2   |        20.7626   |   162:50:39   |   12:37:49   |
10715       |       -2350.44   |        -2371.2   |        20.7626   |   162:54:13   |   12:37:07   |
10716       |       -2350.44   |        -2371.2   |        20.7626   |   162:57:53   |   12:36:25   |
10717       |       -2350.44   |        -2371.2   |        20.7626   |   163:01:22   |   12:35:42   |
10718       |       -2350.44   |        -2371.2   |        20.7626   |   163:04:43   |   12:34:59   |
10719       |       -2350.44   |        -2371.2   |        20.7626   |   163:08:28   |   12:34:17   |


Iter        |      Posterior   |     Likelihood   |          Prior   |    elapsed   |        ETA   |
----------------------------------------------------------------------------------------------------
10720       |       -2350.44   |        -2371.2   |        20.7626   |   163:12:13   |   12:33:35   |
10721       |       -2350.44   |        -2371.2   |        20.7626   |   163:25:25   |   12:33:37   |
10722       |       -2350.44   |        -2371.2   |        20.7626   |   163:28:52   |   12:32:54   |
10723       |       -2350.44   |        -2371.2   |        20.7626   |   163:32:29   |   12:32:12   |
10724       |       -2350.44   |        -2371.2   |        20.7626   |   163:35:41   |   12:31:27   |
10725       |       -2350.44   |        -2371.2   |        20.7626   |   163:39:26   |   12:30:45   |
10726       |       -2350.44   |        -2371.2   |        20.7626   |   163:43:07   |   12:30:03   |
10727       |       -2349.83   |       -2370.09   |        20.2517   |   163:46:29   |   12:29:19   |
10728       |       -2349.64   |        -2372.2   |        22.5624   |   163:49:55   |   12:28:36   |
10729       |       -2349.64   |        -2372.2   |        22.5624   |   163:53:33   |   12:27:53   |
10730       |       -2349.64   |        -2372.2   |        22.5624   |   163:56:56   |   12:27:10   |
10731       |       -2349.64   |        -2372.2   |        22.5624   |   164:09:38   |   12:27:08   |
10732       |       -2349.64   |        -2372.2   |        22.5624   |   164:13:12   |   12:26:25   |
10733       |       -2348.06   |        -2369.9   |        21.8322   |   164:16:19   |   12:25:40   |
10734       |       -2347.78   |       -2369.83   |        22.0502   |   164:19:57   |   12:24:57   |
10735       |       -2347.78   |       -2369.83   |        22.0502   |   164:23:45   |   12:24:15   |
10736       |       -2347.78   |       -2369.83   |        22.0502   |   164:27:20   |   12:23:32   |
10737       |       -2347.57   |       -2369.71   |         22.141   |   164:30:54   |   12:22:49   |
10738       |        -2348.7   |       -2370.49   |        21.7874   |   164:34:28   |   12:22:06   |
10739       |       -2347.07   |       -2368.07   |        20.9998   |   164:37:42   |   12:21:21   |


Iter        |      Posterior   |     Likelihood   |          Prior   |    elapsed   |        ETA   |
----------------------------------------------------------------------------------------------------
10740       |       -2347.21   |       -2368.22   |        21.0075   |   164:41:23   |   12:20:38   |
10741       |       -2348.35   |       -2368.41   |        20.0582   |   164:54:37   |   12:20:38   |
10742       |          -2348   |        -2368.1   |        20.0999   |   164:58:22   |   12:19:56   |
10743       |       -2346.72   |       -2367.07   |        20.3552   |   165:01:56   |   12:19:12   |
10744       |       -2346.27   |       -2368.49   |        22.2159   |   165:05:24   |   12:18:28   |
10745       |       -2346.92   |       -2368.69   |        21.7659   |   165:09:03   |   12:17:45   |
10746       |       -2347.57   |        -2367.2   |        19.6372   |   165:12:50   |   12:17:03   |
10747       |       -2349.07   |       -2365.88   |        16.8084   |   165:16:17   |   12:16:18   |
10748       |       -2349.54   |       -2366.23   |        16.6897   |   165:19:41   |   12:15:34   |
10749       |       -2351.54   |       -2369.01   |        17.4739   |   165:23:04   |   12:14:50   |
10750       |       -2349.61   |       -2365.42   |        15.8087   |   165:26:21   |   12:14:05   |
10751       |       -2346.64   |       -2364.33   |         17.689   |   165:39:42   |   12:14:04   |
10752       |       -2345.94   |       -2367.07   |        21.1337   |   165:43:17   |   12:13:21   |
10753       |       -2347.84   |       -2368.91   |        21.0666   |   165:46:16   |   12:12:34   |
10754       |        -2354.4   |       -2370.62   |        16.2216   |   165:49:47   |   12:11:50   |
10755       |       -2350.86   |       -2369.39   |        18.5272   |   165:52:59   |   12:11:05   |
10756       |       -2355.06   |       -2374.36   |        19.2977   |   165:56:24   |   12:10:20   |
10757       |       -2352.76   |       -2369.95   |         17.197   |   165:59:34   |   12:09:35   |
10758       |       -2350.43   |       -2367.61   |        17.1849   |   166:02:50   |   12:08:49   |
10759       |       -2347.73   |       -2364.54   |         16.812   |   166:06:00   |   12:08:04   |


Iter        |      Posterior   |     Likelihood   |          Prior   |    elapsed   |        ETA   |
----------------------------------------------------------------------------------------------------
10760       |       -2349.25   |       -2366.81   |        17.5635   |   166:09:01   |   12:07:17   |
10761       |       -2352.08   |       -2369.73   |        17.6563   |   166:22:23   |   12:07:16   |
10762       |       -2352.56   |       -2370.31   |        17.7492   |   166:25:39   |   12:06:30   |
10763       |       -2347.87   |       -2368.34   |        20.4672   |   166:28:57   |   12:05:45   |
10764       |        -2348.9   |       -2368.77   |        19.8742   |   166:32:24   |   12:05:00   |
10765       |       -2349.36   |       -2368.49   |        19.1312   |   166:35:29   |   12:04:14   |
10766       |       -2349.26   |       -2368.96   |        19.7061   |   166:38:25   |   12:03:27   |
10767       |       -2350.31   |       -2370.88   |        20.5625   |   166:41:23   |   12:02:40   |
10768       |       -2353.93   |       -2373.65   |        19.7222   |   166:44:32   |   12:01:54   |
10769       |       -2352.08   |       -2370.63   |        18.5584   |   166:47:44   |   12:01:08   |
10770       |       -2352.58   |       -2372.04   |        19.4595   |   166:51:09   |   12:00:23   |
10771       |       -2351.93   |       -2371.57   |        19.6449   |   167:04:12   |   12:00:20   |
10772       |       -2352.46   |       -2372.32   |        19.8636   |   167:07:30   |   11:59:34   |
10773       |       -2357.56   |       -2375.12   |        17.5531   |   167:10:36   |   11:58:47   |
10774       |       -2352.64   |       -2372.79   |        20.1458   |   167:13:44   |   11:58:01   |
10775       |       -2352.36   |       -2372.15   |        19.7922   |   167:16:52   |   11:57:15   |
10776       |       -2350.75   |       -2370.75   |        19.9971   |   167:19:45   |   11:56:27   |
10777       |       -2349.07   |       -2370.76   |        21.6888   |   167:22:59   |   11:55:41   |
10778       |       -2349.93   |       -2371.46   |        21.5295   |   167:26:07   |   11:54:54   |
10779       |       -2349.27   |       -2371.83   |        22.5676   |   167:29:18   |   11:54:08   |


Iter        |      Posterior   |     Likelihood   |          Prior   |    elapsed   |        ETA   |
----------------------------------------------------------------------------------------------------
10780       |       -2349.72   |       -2369.36   |        19.6439   |   167:32:28   |   11:53:22   |
10781       |       -2352.28   |       -2371.22   |        18.9392   |   167:45:12   |   11:53:16   |
10782       |       -2350.15   |       -2370.53   |        20.3771   |   167:48:50   |   11:52:31   |
10783       |       -2347.26   |        -2367.4   |        20.1407   |   167:52:06   |   11:51:45   |
10784       |        -2349.3   |       -2368.28   |        18.9837   |   167:55:18   |   11:50:59   |
10785       |       -2348.61   |       -2367.27   |        18.6579   |   167:58:50   |   11:50:14   |
10786       |       -2351.97   |       -2369.11   |        17.1349   |   168:02:14   |   11:49:28   |
10787       |       -2353.12   |       -2372.38   |        19.2572   |   168:05:40   |   11:48:43   |
10788       |       -2348.25   |       -2368.08   |        19.8307   |   168:09:07   |   11:47:57   |
10789       |       -2350.66   |       -2364.43   |        13.7723   |   168:12:45   |   11:47:12   |
10790       |       -2349.58   |       -2365.37   |        15.7884   |   168:16:03   |   11:46:26   |
10791       |       -2350.57   |       -2368.06   |        17.4862   |   168:29:16   |   11:46:21   |
10792       |       -2352.47   |       -2372.22   |        19.7471   |   168:32:32   |   11:45:35   |
10793       |       -2351.75   |       -2370.62   |        18.8732   |   168:36:00   |   11:44:49   |
10794       |       -2351.14   |       -2371.05   |        19.9068   |   168:39:26   |   11:44:03   |
10795       |       -2346.52   |       -2363.11   |        16.5912   |   168:42:44   |   11:43:17   |
10796       |        -2345.8   |       -2362.36   |        16.5601   |   168:46:14   |   11:42:31   |
10797       |        -2345.8   |       -2362.36   |        16.5601   |   168:49:59   |   11:41:47   |
10798       |        -2345.8   |       -2362.36   |        16.5601   |   168:53:36   |   11:41:02   |
10799       |        -2345.8   |       -2362.36   |        16.5601   |   168:57:24   |   11:40:17   |


Iter        |      Posterior   |     Likelihood   |          Prior   |    elapsed   |        ETA   |
----------------------------------------------------------------------------------------------------
10800       |        -2345.8   |       -2362.36   |        16.5601   |   169:01:28   |   11:39:34   |
10801       |        -2345.8   |       -2362.36   |        16.5601   |   169:14:47   |   11:39:29   |
10802       |       -2345.09   |       -2361.72   |        16.6316   |   169:18:29   |   11:38:44   |
10803       |       -2345.09   |       -2361.72   |        16.6316   |   169:22:25   |   11:38:00   |
10804       |       -2345.09   |       -2361.72   |        16.6316   |   169:25:55   |   11:37:14   |
10805       |       -2345.09   |       -2361.72   |        16.6316   |   169:29:45   |   11:36:29   |
10806       |       -2345.44   |       -2361.58   |        16.1429   |   169:33:34   |   11:35:44   |
10807       |       -2346.26   |       -2364.48   |        18.2147   |   169:37:01   |   11:34:58   |
10808       |       -2347.09   |       -2365.31   |        18.2193   |   169:40:38   |   11:34:13   |
10809       |       -2348.07   |       -2364.43   |        16.3573   |   169:44:28   |   11:33:28   |
10810       |        -2348.5   |       -2368.44   |        19.9427   |   169:47:47   |   11:32:41   |
10811       |       -2353.18   |        -2372.8   |        19.6176   |   170:00:33   |   11:32:33   |
10812       |       -2352.14   |       -2372.55   |        20.4119   |   170:04:03   |   11:31:47   |
10813       |       -2353.32   |       -2374.63   |        21.3035   |   170:07:33   |   11:31:00   |
10814       |       -2352.91   |       -2374.48   |        21.5688   |   170:10:39   |   11:30:12   |
10815       |       -2354.04   |       -2375.36   |        21.3199   |   170:13:49   |   11:29:25   |
10816       |        -2350.6   |       -2372.78   |         22.173   |   170:17:05   |   11:28:37   |
10817       |        -2347.3   |       -2366.56   |        19.2655   |   170:20:14   |   11:27:50   |
10818       |       -2351.12   |       -2371.94   |        20.8169   |   170:24:00   |   11:27:04   |
10819       |       -2349.65   |       -2370.96   |        21.3088   |   170:26:57   |   11:26:16   |


Iter        |      Posterior   |     Likelihood   |          Prior   |    elapsed   |        ETA   |
----------------------------------------------------------------------------------------------------
10820       |        -2347.3   |       -2369.74   |        22.4411   |   170:30:16   |   11:25:29   |
10821       |       -2346.39   |       -2368.39   |        21.9908   |   170:43:23   |   11:25:21   |
10822       |       -2347.86   |       -2367.35   |        19.4956   |   170:47:11   |   11:24:35   |
10823       |       -2345.52   |       -2367.39   |         21.867   |   170:50:31   |   11:23:48   |
10824       |        -2348.7   |       -2369.24   |        20.5449   |   170:53:56   |   11:23:01   |
10825       |       -2348.12   |       -2368.62   |        20.4985   |   170:57:07   |   11:22:13   |
10826       |       -2352.69   |       -2371.68   |         18.984   |   171:00:23   |   11:21:26   |
10827       |       -2352.71   |        -2371.4   |        18.6846   |   171:04:13   |   11:20:40   |
10828       |       -2352.71   |        -2371.4   |        18.6846   |   171:07:53   |   11:19:54   |
10829       |       -2350.17   |       -2368.87   |         18.696   |   171:11:37   |   11:19:08   |
10830       |       -2351.85   |       -2369.75   |        17.8949   |   171:15:11   |   11:18:22   |
10831       |       -2350.76   |       -2367.07   |        16.3138   |   171:28:30   |   11:18:14   |
10832       |        -2349.6   |       -2368.78   |        19.1799   |   171:31:57   |   11:17:27   |
10833       |        -2350.5   |       -2370.86   |        20.3639   |   171:35:21   |   11:16:39   |
10834       |       -2350.43   |       -2370.97   |        20.5318   |   171:38:57   |   11:15:53   |
10835       |       -2350.43   |       -2370.97   |        20.5318   |   171:42:44   |   11:15:07   |
10836       |       -2347.73   |       -2368.55   |        20.8179   |   171:46:18   |   11:14:20   |
10837       |       -2348.32   |       -2368.09   |        19.7689   |   171:49:32   |   11:13:32   |
10838       |       -2351.36   |       -2368.43   |        17.0695   |   171:53:11   |   11:12:45   |
10839       |        -2346.6   |       -2366.78   |        20.1769   |   171:56:40   |   11:11:58   |


Iter        |      Posterior   |     Likelihood   |          Prior   |    elapsed   |        ETA   |
----------------------------------------------------------------------------------------------------
10840       |       -2345.45   |       -2364.15   |        18.7087   |   172:00:03   |   11:11:11   |
10841       |       -2345.74   |       -2364.43   |          18.69   |   172:13:01   |   11:11:00   |
10842       |       -2345.03   |       -2363.99   |        18.9666   |   172:16:20   |   11:10:12   |
10843       |        -2348.9   |       -2366.78   |        17.8737   |   172:19:30   |   11:09:24   |
10844       |       -2349.44   |       -2366.93   |        17.4908   |   172:22:39   |   11:08:35   |
10845       |       -2349.75   |       -2368.51   |        18.7617   |   172:26:09   |   11:07:48   |
10846       |       -2349.49   |       -2368.15   |        18.6601   |   172:29:22   |   11:06:59   |
10847       |       -2351.04   |       -2369.74   |        18.7047   |   172:32:54   |   11:06:12   |
10848       |       -2352.02   |       -2364.96   |        12.9391   |   172:36:33   |   11:05:25   |
10849       |       -2352.73   |       -2367.22   |        14.4828   |   172:39:59   |   11:04:37   |
10850       |       -2349.29   |       -2367.18   |        17.8891   |   172:43:28   |   11:03:50   |
10851       |       -2351.04   |       -2366.95   |        15.9073   |   172:56:33   |   11:03:39   |
10852       |       -2350.28   |       -2371.22   |        20.9326   |   172:59:50   |   11:02:50   |
10853       |       -2348.23   |        -2371.3   |        23.0695   |   173:03:10   |   11:02:02   |
10854       |       -2347.82   |       -2370.73   |        22.9118   |   173:06:46   |   11:01:15   |
10855       |       -2349.74   |       -2373.45   |        23.7045   |   173:10:14   |   11:00:27   |
10856       |       -2354.89   |       -2381.87   |        26.9764   |   173:13:16   |   10:59:37   |
10857       |       -2356.32   |       -2382.44   |        26.1188   |   173:16:22   |   10:58:48   |
10858       |       -2351.78   |       -2376.91   |        25.1326   |   173:19:46   |   10:58:00   |
10859       |       -2350.44   |       -2376.06   |        25.6227   |   173:22:55   |   10:57:11   |


Iter        |      Posterior   |     Likelihood   |          Prior   |    elapsed   |        ETA   |
----------------------------------------------------------------------------------------------------
10860       |       -2355.28   |       -2377.68   |         22.398   |   173:26:34   |   10:56:23   |
10861       |       -2356.87   |       -2380.29   |        23.4194   |   173:39:41   |   10:56:12   |
10862       |       -2355.44   |       -2379.48   |        24.0345   |   173:42:56   |   10:55:23   |
10863       |       -2352.46   |       -2377.43   |        24.9771   |   173:46:13   |   10:54:34   |
10864       |       -2354.48   |       -2378.68   |        24.1981   |   173:49:27   |   10:53:45   |
10865       |        -2351.4   |       -2375.91   |         24.514   |   173:52:53   |   10:52:57   |
10866       |        -2352.4   |       -2378.52   |        26.1188   |   173:56:16   |   10:52:08   |
10867       |       -2352.68   |       -2378.89   |        26.2068   |   173:59:50   |   10:51:20   |
10868       |       -2351.43   |       -2376.83   |        25.3993   |   174:02:56   |   10:50:31   |
10869       |       -2352.03   |       -2378.53   |         26.499   |   174:06:05   |   10:49:41   |
10870       |       -2353.07   |       -2377.73   |        24.6604   |   174:09:07   |   10:48:51   |
10871       |       -2356.21   |       -2383.12   |        26.9101   |   174:22:04   |   10:48:38   |
10872       |       -2355.02   |       -2380.26   |        25.2356   |   174:25:30   |   10:47:50   |
10873       |       -2357.12   |       -2381.25   |          24.13   |   174:28:41   |   10:47:00   |
10874       |        -2357.3   |       -2382.03   |        24.7353   |   174:32:06   |   10:46:12   |
10875       |          -2353   |       -2378.08   |        25.0756   |   174:35:31   |   10:45:23   |
10876       |        -2353.8   |       -2380.12   |        26.3234   |   174:38:52   |   10:44:34   |
10877       |       -2351.04   |       -2376.39   |        25.3517   |   174:42:16   |   10:43:45   |
10878       |       -2347.76   |       -2371.41   |        23.6594   |   174:45:14   |   10:42:55   |
10879       |       -2347.94   |       -2371.82   |        23.8769   |   174:48:36   |   10:42:06   |


Iter        |      Posterior   |     Likelihood   |          Prior   |    elapsed   |        ETA   |
----------------------------------------------------------------------------------------------------
10880       |       -2347.94   |       -2371.82   |        23.8769   |   174:52:20   |   10:41:18   |
10881       |       -2347.94   |       -2371.82   |        23.8769   |   175:05:49   |   10:41:06   |
10882       |       -2347.94   |       -2371.82   |        23.8769   |   175:09:29   |   10:40:18   |
10883       |       -2347.99   |       -2371.86   |        23.8769   |   175:13:04   |   10:39:29   |
10884       |       -2347.21   |       -2371.56   |        24.3541   |   175:16:12   |   10:38:39   |
10885       |       -2347.21   |       -2371.56   |        24.3541   |   175:19:46   |   10:37:51   |
10886       |       -2350.49   |       -2375.13   |        24.6433   |   175:23:17   |   10:37:02   |
10887       |        -2355.7   |       -2379.69   |        23.9895   |   175:26:48   |   10:36:13   |
10888       |       -2356.74   |       -2382.24   |        25.4992   |   175:30:20   |   10:35:25   |
10889       |        -2345.1   |       -2369.53   |        24.4259   |   175:33:34   |   10:34:35   |
10890       |       -2345.89   |       -2368.99   |        23.0971   |   175:36:54   |   10:33:45   |
10891       |       -2350.22   |       -2374.31   |        24.0963   |   175:50:08   |   10:33:31   |
10892       |       -2350.41   |       -2373.72   |        23.3143   |   175:53:18   |   10:32:41   |
10893       |       -2348.87   |       -2372.65   |        23.7784   |   175:56:20   |   10:31:50   |
10894       |       -2352.36   |       -2376.45   |        24.0848   |   175:59:42   |   10:31:01   |
10895       |       -2352.04   |       -2377.95   |        25.9144   |   176:03:08   |   10:30:12   |
10896       |       -2353.35   |        -2378.6   |        25.2557   |   176:06:23   |   10:29:22   |
10897       |       -2355.58   |        -2381.1   |        25.5155   |   176:10:06   |   10:28:33   |
10898       |       -2356.46   |       -2381.65   |        25.1875   |   176:13:37   |   10:27:44   |
10899       |       -2361.72   |        -2385.8   |        24.0833   |   176:17:03   |   10:26:55   |


Iter        |      Posterior   |     Likelihood   |          Prior   |    elapsed   |        ETA   |
----------------------------------------------------------------------------------------------------
10900       |       -2365.28   |       -2390.03   |        24.7554   |   176:20:19   |   10:26:04   |
10901       |       -2367.36   |       -2390.47   |        23.1143   |   176:32:49   |   10:25:47   |
10902       |       -2363.68   |       -2384.23   |        20.5508   |   176:36:11   |   10:24:57   |
10903       |       -2361.16   |       -2382.21   |        21.0519   |   176:39:17   |   10:24:06   |
10904       |       -2358.86   |       -2380.05   |        21.1843   |   176:42:40   |   10:23:17   |
10905       |       -2354.37   |       -2378.54   |        24.1754   |   176:46:05   |   10:22:27   |
10906       |       -2353.46   |       -2378.13   |        24.6614   |   176:49:00   |   10:21:35   |
10907       |       -2351.02   |       -2375.26   |        24.2341   |   176:52:06   |   10:20:44   |
10908       |       -2348.84   |       -2370.83   |        21.9942   |   176:55:20   |   10:19:54   |
10909       |       -2348.84   |       -2370.83   |        21.9942   |   176:59:04   |   10:19:05   |
10910       |       -2348.84   |       -2370.83   |        21.9942   |   177:02:56   |   10:18:17   |
10911       |       -2348.84   |       -2370.83   |        21.9942   |   177:16:02   |   10:18:01   |
10912       |       -2348.84   |       -2370.83   |        21.9942   |   177:19:45   |   10:17:12   |
10913       |       -2348.84   |       -2370.83   |        21.9942   |   177:23:14   |   10:16:22   |
10914       |       -2348.78   |        -2372.6   |        23.8209   |   177:26:41   |   10:15:32   |
10915       |       -2348.24   |       -2372.06   |        23.8185   |   177:30:15   |   10:14:43   |
10916       |       -2347.97   |        -2371.8   |        23.8255   |   177:33:37   |   10:13:52   |
10917       |       -2347.97   |        -2371.8   |        23.8255   |   177:36:43   |   10:13:01   |
10918       |       -2349.61   |       -2373.61   |        24.0018   |   177:40:07   |   10:12:11   |
10919       |       -2349.61   |       -2373.61   |        24.0018   |   177:43:22   |   10:11:20   |


Iter        |      Posterior   |     Likelihood   |          Prior   |    elapsed   |        ETA   |
----------------------------------------------------------------------------------------------------
10920       |       -2349.61   |       -2373.61   |        24.0018   |   177:46:55   |   10:10:30   |
10921       |       -2349.61   |       -2373.61   |        24.0018   |   177:59:42   |   10:10:12   |
10922       |       -2349.49   |       -2373.16   |        23.6701   |   178:03:12   |   10:09:22   |
10923       |       -2348.55   |       -2372.01   |        23.4541   |   178:06:33   |   10:08:32   |
10924       |       -2348.85   |       -2372.28   |        23.4282   |   178:09:45   |   10:07:41   |
10925       |       -2349.25   |       -2370.98   |        21.7265   |   178:12:32   |   10:06:48   |
10926       |       -2349.28   |          -2371   |        21.7263   |   178:15:50   |   10:05:57   |
10927       |       -2350.79   |       -2370.64   |        19.8445   |   178:19:12   |   10:05:06   |
10928       |       -2351.45   |       -2370.83   |        19.3776   |   178:22:12   |   10:04:15   |
10929       |       -2349.36   |       -2371.69   |        22.3293   |   178:25:23   |   10:03:23   |
10930       |       -2349.58   |        -2370.5   |        20.9253   |   178:28:44   |   10:02:32   |
10931       |       -2347.54   |       -2369.14   |        21.5986   |   178:41:29   |   10:02:13   |
10932       |       -2349.22   |       -2372.71   |        23.4884   |   178:44:33   |   10:01:22   |
10933       |       -2350.99   |        -2374.4   |        23.4003   |   178:48:05   |   10:00:31   |
10934       |       -2350.37   |       -2376.23   |         25.855   |   178:51:35   |   09:59:41   |
10935       |       -2348.96   |       -2375.72   |        26.7568   |   178:54:38   |   09:58:49   |
10936       |       -2351.44   |       -2378.89   |        27.4503   |   178:57:32   |   09:57:56   |
10937       |       -2348.51   |       -2375.89   |        27.3862   |   179:00:56   |   09:57:06   |
10938       |       -2353.74   |       -2380.41   |        26.6764   |   179:04:02   |   09:56:14   |
10939       |       -2354.12   |       -2375.09   |        20.9681   |   179:07:29   |   09:55:23   |


Iter        |      Posterior   |     Likelihood   |          Prior   |    elapsed   |        ETA   |
----------------------------------------------------------------------------------------------------
10940       |       -2351.05   |       -2374.13   |        23.0842   |   179:11:00   |   09:54:32   |
10941       |       -2348.24   |       -2373.46   |        25.2164   |   179:24:22   |   09:54:14   |
10942       |       -2348.24   |       -2373.46   |        25.2164   |   179:28:31   |   09:53:26   |
10943       |       -2348.24   |       -2373.46   |        25.2164   |   179:32:28   |   09:52:37   |
10944       |       -2348.24   |       -2373.46   |        25.2164   |   179:36:23   |   09:51:47   |
10945       |       -2347.57   |       -2372.35   |        24.7786   |   179:40:00   |   09:50:57   |
10946       |       -2347.57   |       -2372.35   |        24.7786   |   179:44:09   |   09:50:08   |
10947       |       -2350.35   |          -2375   |        24.6421   |   179:48:14   |   09:49:19   |
10948       |       -2350.21   |        -2373.6   |        23.3928   |   179:52:02   |   09:48:29   |
10949       |       -2354.73   |       -2373.95   |        19.2241   |   179:55:47   |   09:47:39   |
10950       |       -2354.46   |       -2374.52   |        20.0573   |   179:59:21   |   09:46:48   |
10951       |       -2354.46   |       -2374.52   |        20.0573   |   180:13:13   |   09:46:31   |
10952       |       -2354.15   |       -2374.09   |        19.9336   |   180:16:47   |   09:45:40   |
10953       |       -2356.93   |        -2380.9   |        23.9749   |   180:20:39   |   09:44:50   |
10954       |       -2354.24   |       -2379.31   |        25.0633   |   180:24:14   |   09:43:59   |
10955       |       -2353.87   |       -2377.45   |        23.5792   |   180:27:44   |   09:43:08   |
10956       |       -2355.21   |       -2381.39   |        26.1756   |   180:30:41   |   09:42:15   |
10957       |       -2357.35   |       -2382.85   |        25.4991   |   180:33:50   |   09:41:23   |
10958       |       -2357.57   |       -2382.86   |        25.2835   |   180:37:04   |   09:40:31   |
10959       |       -2355.76   |       -2379.23   |        23.4719   |   180:40:34   |   09:39:40   |


Iter        |      Posterior   |     Likelihood   |          Prior   |    elapsed   |        ETA   |
----------------------------------------------------------------------------------------------------
10960       |       -2350.02   |       -2373.74   |        23.7186   |   180:44:09   |   09:38:48   |
10961       |        -2350.1   |       -2373.93   |        23.8276   |   180:57:18   |   09:38:28   |
10962       |        -2350.1   |       -2373.93   |        23.8276   |   181:01:01   |   09:37:37   |
10963       |        -2350.1   |       -2373.93   |        23.8276   |   181:05:06   |   09:36:48   |
10964       |        -2350.1   |       -2373.93   |        23.8276   |   181:08:59   |   09:35:57   |
10965       |        -2350.1   |       -2373.93   |        23.8276   |   181:13:02   |   09:35:08   |
10966       |        -2350.1   |       -2373.93   |        23.8276   |   181:16:45   |   09:34:17   |
10967       |       -2345.79   |       -2370.38   |        24.5935   |   181:20:41   |   09:33:27   |
10968       |       -2345.79   |       -2370.38   |        24.5935   |   181:24:24   |   09:32:36   |
10969       |       -2345.63   |       -2370.23   |        24.5941   |   181:27:56   |   09:31:44   |
10970       |       -2345.63   |       -2370.23   |        24.5941   |   181:31:43   |   09:30:53   |
10971       |       -2354.06   |        -2378.6   |         24.537   |   181:45:15   |   09:30:33   |
10972       |       -2353.88   |       -2377.04   |        23.1602   |   181:48:54   |   09:29:42   |
10973       |       -2352.59   |       -2375.25   |        22.6593   |   181:52:18   |   09:28:50   |
10974       |       -2351.83   |        -2373.3   |        21.4758   |   181:55:39   |   09:27:57   |
10975       |       -2351.89   |       -2372.91   |        21.0229   |   181:58:48   |   09:27:04   |
10976       |        -2353.1   |       -2374.38   |        21.2744   |   182:02:38   |   09:26:14   |
10977       |       -2350.34   |       -2372.48   |        22.1371   |   182:06:30   |   09:25:23   |
10978       |       -2348.94   |        -2372.1   |        23.1545   |   182:09:46   |   09:24:30   |
10979       |       -2348.47   |       -2371.92   |        23.4447   |   182:13:46   |   09:23:40   |


Iter        |      Posterior   |     Likelihood   |          Prior   |    elapsed   |        ETA   |
----------------------------------------------------------------------------------------------------
10980       |       -2348.62   |       -2371.79   |        23.1712   |   182:17:44   |   09:22:49   |
10981       |       -2352.36   |       -2373.72   |        21.3669   |   182:31:12   |   09:22:28   |
10982       |       -2350.34   |       -2373.45   |        23.1094   |   182:34:44   |   09:21:36   |
10983       |       -2348.98   |       -2368.71   |        19.7306   |   182:38:01   |   09:20:43   |
10984       |       -2348.52   |        -2369.9   |        21.3747   |   182:41:37   |   09:19:51   |
10985       |       -2347.91   |       -2371.17   |        23.2538   |   182:45:10   |   09:18:59   |
10986       |       -2347.25   |       -2370.88   |        23.6252   |   182:48:54   |   09:18:07   |
10987       |       -2350.49   |       -2373.66   |        23.1728   |   182:52:23   |   09:17:15   |
10988       |       -2354.05   |       -2377.03   |        22.9774   |   182:55:47   |   09:16:22   |
10989       |       -2355.31   |       -2377.83   |        22.5179   |   182:59:19   |   09:15:30   |
10990       |       -2354.54   |       -2377.12   |         22.573   |   183:02:58   |   09:14:38   |
10991       |       -2352.79   |       -2376.53   |        23.7433   |   183:15:47   |   09:14:14   |
10992       |       -2349.99   |       -2373.25   |        23.2583   |   183:18:59   |   09:13:21   |
10993       |       -2348.84   |        -2372.9   |        24.0544   |   183:22:12   |   09:12:27   |
10994       |       -2346.19   |       -2370.54   |        24.3477   |   183:25:45   |   09:11:35   |
10995       |       -2346.19   |       -2370.54   |        24.3477   |   183:29:34   |   09:10:43   |
10996       |       -2346.19   |       -2370.54   |        24.3477   |   183:33:22   |   09:09:52   |
10997       |       -2346.42   |       -2370.74   |        24.3188   |   183:36:50   |   09:08:59   |
10998       |       -2345.72   |       -2370.17   |        24.4549   |   183:40:06   |   09:08:05   |
10999       |       -2346.28   |       -2368.54   |        22.2583   |   183:43:35   |   09:07:13   |


Iter        |      Posterior   |     Likelihood   |          Prior   |    elapsed   |        ETA   |
----------------------------------------------------------------------------------------------------
11000       |       -2352.19   |       -2372.17   |        19.9801   |   183:46:54   |   09:06:19   |
11001       |       -2354.72   |       -2375.97   |        21.2481   |   183:59:32   |   09:05:54   |
11002       |       -2347.09   |       -2368.84   |        21.7494   |   184:02:49   |   09:05:00   |
11003       |       -2344.46   |       -2368.65   |        24.1856   |   184:06:05   |   09:04:07   |
11004       |       -2345.61   |       -2368.04   |        22.4218   |   184:09:13   |   09:03:13   |
11005       |       -2345.03   |       -2368.59   |        23.5569   |   184:12:27   |   09:02:19   |
11006       |       -2345.63   |       -2370.52   |         24.892   |   184:15:56   |   09:01:26   |
11007       |       -2346.19   |       -2372.03   |        25.8464   |   184:19:10   |   09:00:32   |
11008       |       -2349.06   |        -2369.3   |        20.2449   |   184:22:49   |   08:59:40   |
11009       |       -2347.51   |       -2370.42   |        22.9118   |   184:26:33   |   08:58:48   |
11010       |       -2347.51   |       -2370.42   |        22.9118   |   184:30:35   |   08:57:56   |
11011       |       -2348.97   |       -2371.99   |        23.0188   |   184:44:01   |   08:57:32   |
11012       |       -2350.59   |       -2372.88   |        22.2905   |   184:47:19   |   08:56:38   |
11013       |       -2349.46   |       -2373.77   |        24.3099   |   184:50:42   |   08:55:45   |
11014       |       -2347.88   |        -2369.9   |        22.0255   |   184:54:14   |   08:54:52   |
11015       |       -2347.96   |       -2370.66   |         22.707   |   184:57:35   |   08:53:58   |
11016       |       -2346.24   |       -2370.72   |        24.4815   |   185:00:57   |   08:53:04   |
11017       |        -2345.5   |       -2370.21   |        24.7035   |   185:04:12   |   08:52:10   |
11018       |        -2345.5   |       -2370.21   |        24.7035   |   185:07:59   |   08:51:18   |
11019       |        -2345.5   |       -2370.21   |        24.7035   |   185:11:57   |   08:50:26   |


Iter        |      Posterior   |     Likelihood   |          Prior   |    elapsed   |        ETA   |
----------------------------------------------------------------------------------------------------
11020       |       -2345.94   |       -2368.94   |        22.9938   |   185:15:17   |   08:49:32   |
11021       |       -2346.16   |       -2370.56   |        24.4049   |   185:28:40   |   08:49:07   |
11022       |       -2344.41   |        -2369.2   |        24.7896   |   185:31:43   |   08:48:12   |
11023       |       -2344.03   |       -2369.17   |        25.1406   |   185:34:19   |   08:47:16   |
11024       |       -2344.01   |       -2369.15   |        25.1399   |   185:37:44   |   08:46:22   |
11025       |       -2344.64   |       -2369.86   |        25.2226   |   185:41:12   |   08:45:28   |
11026       |       -2344.41   |       -2370.17   |        25.7526   |   185:44:35   |   08:44:34   |
11027       |       -2344.27   |       -2369.03   |        24.7619   |   185:48:04   |   08:43:41   |
11028       |       -2351.32   |       -2375.96   |        24.6414   |   185:51:17   |   08:42:46   |
11029       |       -2347.38   |       -2372.15   |        24.7727   |   185:54:30   |   08:41:52   |
11030       |       -2347.42   |       -2369.94   |        22.5233   |   185:58:05   |   08:40:58   |
11031       |       -2348.47   |       -2371.86   |        23.3933   |   186:11:27   |   08:40:32   |
11032       |       -2348.13   |        -2369.5   |         21.373   |   186:14:58   |   08:39:38   |
11033       |       -2347.57   |       -2371.24   |        23.6663   |   186:18:44   |   08:38:45   |
11034       |       -2350.55   |       -2373.84   |        23.2871   |   186:22:19   |   08:37:52   |
11035       |       -2349.06   |       -2374.53   |        25.4622   |   186:25:41   |   08:36:57   |
11036       |       -2349.06   |       -2374.53   |        25.4622   |   186:28:50   |   08:36:02   |
11037       |       -2348.15   |       -2372.19   |        24.0349   |   186:32:22   |   08:35:09   |
11038       |       -2346.91   |       -2371.62   |        24.7106   |   186:36:05   |   08:34:15   |
11039       |       -2349.11   |       -2372.75   |        23.6412   |   186:39:19   |   08:33:20   |


Iter        |      Posterior   |     Likelihood   |          Prior   |    elapsed   |        ETA   |
----------------------------------------------------------------------------------------------------
11040       |       -2353.99   |       -2377.64   |        23.6494   |   186:43:19   |   08:32:28   |
11041       |       -2347.25   |       -2367.79   |        20.5412   |   186:56:28   |   08:32:00   |
11042       |       -2346.67   |       -2367.42   |        20.7567   |   186:59:58   |   08:31:06   |
11043       |       -2348.24   |       -2366.73   |        18.4913   |   187:03:47   |   08:30:13   |
11044       |       -2348.99   |       -2366.92   |        17.9361   |   187:07:41   |   08:29:19   |
11045       |       -2348.99   |       -2366.92   |        17.9361   |   187:11:48   |   08:28:27   |
11046       |       -2348.21   |       -2366.27   |        18.0539   |   187:15:27   |   08:27:33   |
11047       |       -2347.93   |        -2366.1   |        18.1675   |   187:19:44   |   08:26:41   |
11048       |       -2347.96   |        -2365.3   |        17.3352   |   187:23:41   |   08:25:48   |
11049       |       -2347.34   |       -2364.57   |        17.2371   |   187:27:19   |   08:24:54   |
11050       |       -2347.04   |       -2364.27   |        17.2371   |   187:31:22   |   08:24:01   |
11051       |       -2347.04   |       -2364.27   |        17.2371   |   187:45:08   |   08:23:34   |
11052       |       -2346.97   |       -2365.08   |        18.1075   |   187:48:52   |   08:22:40   |
11053       |       -2347.03   |       -2368.54   |         21.512   |   187:52:04   |   08:21:45   |
11054       |       -2345.63   |       -2365.38   |        19.7471   |   187:55:18   |   08:20:49   |
11055       |        -2347.8   |       -2367.79   |        19.9894   |   187:58:22   |   08:19:54   |
11056       |       -2346.58   |       -2366.97   |        20.3838   |   188:01:49   |   08:18:59   |
11057       |       -2346.04   |       -2367.26   |        21.2187   |   188:05:12   |   08:18:04   |
11058       |       -2344.87   |       -2367.03   |        22.1664   |   188:08:23   |   08:17:08   |
11059       |       -2344.34   |       -2364.75   |        20.4162   |   188:12:00   |   08:16:14   |


Iter        |      Posterior   |     Likelihood   |          Prior   |    elapsed   |        ETA   |
----------------------------------------------------------------------------------------------------
11060       |       -2344.34   |       -2364.75   |        20.4162   |   188:15:42   |   08:15:20   |
11061       |       -2343.65   |       -2364.99   |        21.3424   |   188:28:24   |   08:14:49   |
11062       |       -2345.07   |       -2364.25   |        19.1772   |   188:31:46   |   08:13:54   |
11063       |        -2344.1   |       -2363.87   |        19.7747   |   188:34:51   |   08:12:58   |
11064       |       -2346.66   |       -2364.03   |        17.3785   |   188:38:17   |   08:12:03   |
11065       |       -2344.43   |       -2363.61   |        19.1805   |   188:41:56   |   08:11:08   |
11066       |       -2345.28   |       -2365.08   |        19.7964   |   188:45:31   |   08:10:14   |
11067       |       -2344.01   |       -2364.96   |        20.9463   |   188:49:01   |   08:09:19   |
11068       |       -2342.34   |       -2363.94   |        21.5999   |   188:52:18   |   08:08:23   |
11069       |        -2341.9   |       -2362.53   |        20.6317   |   188:55:53   |   08:07:28   |
11070       |       -2342.35   |       -2364.15   |        21.8008   |   188:59:18   |   08:06:33   |
11071       |        -2345.6   |       -2366.64   |        21.0477   |   189:12:01   |   08:06:01   |
11072       |       -2343.47   |       -2362.94   |         19.474   |   189:15:38   |   08:05:07   |
11073       |       -2345.07   |       -2364.18   |        19.1026   |   189:18:53   |   08:04:11   |
11074       |       -2346.35   |       -2370.54   |         24.188   |   189:21:58   |   08:03:14   |
11075       |       -2344.94   |       -2367.14   |        22.1966   |   189:25:18   |   08:02:19   |
11076       |       -2347.56   |       -2372.31   |        24.7504   |   189:28:30   |   08:01:23   |
11077       |       -2346.79   |       -2371.69   |        24.9024   |   189:31:13   |   08:00:25   |
11078       |       -2345.36   |       -2369.26   |        23.8971   |   189:34:19   |   07:59:29   |
11079       |       -2347.36   |       -2370.98   |        23.6201   |   189:37:38   |   07:58:33   |


Iter        |      Posterior   |     Likelihood   |          Prior   |    elapsed   |        ETA   |
----------------------------------------------------------------------------------------------------
11080       |       -2346.14   |       -2367.89   |        21.7463   |   189:40:59   |   07:57:37   |
11081       |       -2347.98   |       -2370.74   |        22.7632   |   189:53:54   |   07:57:06   |
11082       |       -2346.94   |       -2369.91   |        22.9704   |   189:57:11   |   07:56:10   |
11083       |       -2347.27   |       -2371.38   |        24.1098   |   190:00:24   |   07:55:13   |
11084       |       -2351.23   |       -2372.99   |        21.7552   |   190:03:15   |   07:54:16   |
11085       |       -2348.55   |       -2369.94   |        21.3842   |   190:06:17   |   07:53:19   |
11086       |       -2350.38   |       -2372.87   |        22.4869   |   190:09:22   |   07:52:23   |
11087       |       -2348.95   |       -2372.81   |        23.8629   |   190:12:34   |   07:51:26   |
11088       |       -2349.45   |        -2371.2   |         21.749   |   190:15:44   |   07:50:30   |
11089       |       -2349.96   |       -2371.58   |        21.6253   |   190:19:10   |   07:49:34   |
11090       |        -2349.4   |       -2371.39   |        21.9887   |   190:22:37   |   07:48:38   |
11091       |        -2347.3   |        -2368.9   |           21.6   |   190:35:23   |   07:48:05   |
11092       |       -2348.23   |       -2370.62   |        22.3881   |   190:38:52   |   07:47:09   |
11093       |       -2348.24   |       -2371.22   |        22.9813   |   190:42:23   |   07:46:14   |
11094       |       -2347.17   |       -2368.22   |         21.046   |   190:45:50   |   07:45:18   |
11095       |       -2353.25   |       -2373.26   |        20.0046   |   190:49:02   |   07:44:21   |
11096       |       -2350.42   |       -2370.64   |        20.2192   |   190:52:17   |   07:43:25   |
11097       |       -2350.32   |       -2369.09   |        18.7673   |   190:55:55   |   07:42:29   |
11098       |        -2351.5   |       -2369.52   |        18.0207   |   190:59:19   |   07:41:33   |
11099       |       -2354.41   |          -2373   |        18.5858   |   191:02:37   |   07:40:36   |


Iter        |      Posterior   |     Likelihood   |          Prior   |    elapsed   |        ETA   |
----------------------------------------------------------------------------------------------------
11100       |       -2352.72   |       -2368.36   |        15.6401   |   191:05:50   |   07:39:39   |
11101       |       -2351.11   |       -2367.95   |        16.8379   |   191:19:16   |   07:39:07   |
11102       |       -2349.34   |       -2369.06   |        19.7175   |   191:22:39   |   07:38:11   |
11103       |       -2352.49   |       -2372.18   |        19.6971   |   191:26:13   |   07:37:15   |
11104       |       -2352.54   |        -2371.2   |        18.6609   |   191:30:04   |   07:36:19   |
11105       |       -2352.08   |       -2372.77   |        20.6987   |   191:33:14   |   07:35:22   |
11106       |       -2353.14   |       -2375.92   |        22.7731   |   191:36:44   |   07:34:26   |
11107       |        -2351.9   |        -2373.8   |        21.9018   |   191:39:41   |   07:33:29   |
11108       |       -2349.19   |       -2370.77   |        21.5796   |   191:43:06   |   07:32:32   |
11109       |       -2349.18   |        -2371.6   |        22.4202   |   191:46:23   |   07:31:35   |
11110       |       -2350.12   |       -2374.93   |        24.8105   |   191:50:02   |   07:30:39   |
11111       |       -2350.05   |       -2372.86   |        22.8146   |   192:02:51   |   07:30:05   |
11112       |       -2356.53   |       -2378.25   |        21.7192   |   192:06:31   |   07:29:09   |
11113       |       -2357.19   |       -2376.24   |        19.0419   |   192:09:56   |   07:28:12   |
11114       |       -2354.63   |       -2371.79   |        17.1594   |   192:13:07   |   07:27:15   |
11115       |       -2354.95   |       -2373.67   |         18.721   |   192:16:32   |   07:26:18   |
11116       |       -2355.78   |       -2378.68   |        22.8979   |   192:19:48   |   07:25:21   |
11117       |       -2358.67   |        -2381.8   |        23.1368   |   192:23:19   |   07:24:24   |
11118       |       -2359.91   |       -2384.63   |        24.7176   |   192:26:28   |   07:23:27   |
11119       |       -2354.96   |       -2377.41   |        22.4419   |   192:29:47   |   07:22:30   |


Iter        |      Posterior   |     Likelihood   |          Prior   |    elapsed   |        ETA   |
----------------------------------------------------------------------------------------------------
11120       |       -2352.82   |       -2377.37   |        24.5565   |   192:33:05   |   07:21:33   |
11121       |        -2351.2   |       -2374.99   |        23.7899   |   192:46:19   |   07:20:58   |
11122       |       -2350.41   |       -2373.96   |         23.549   |   192:50:04   |   07:20:02   |
11123       |       -2349.44   |       -2371.94   |        22.5055   |   192:53:44   |   07:19:06   |
11124       |       -2350.92   |       -2372.58   |        21.6642   |   192:57:00   |   07:18:08   |
11125       |       -2350.71   |       -2369.65   |        18.9437   |   193:00:24   |   07:17:11   |
11126       |       -2350.94   |        -2371.6   |        20.6593   |   193:03:27   |   07:16:13   |
11127       |       -2353.66   |       -2369.67   |        16.0062   |   193:06:44   |   07:15:16   |
11128       |       -2350.57   |       -2370.22   |        19.6588   |   193:10:06   |   07:14:18   |
11129       |       -2354.03   |       -2373.09   |        19.0567   |   193:13:28   |   07:13:21   |
11130       |       -2351.43   |       -2372.95   |        21.5161   |   193:16:36   |   07:12:23   |
11131       |       -2351.84   |       -2371.95   |        20.1093   |   193:29:40   |   07:11:48   |
11132       |       -2351.05   |       -2370.42   |        19.3691   |   193:33:03   |   07:10:50   |
11133       |       -2351.65   |       -2373.83   |        22.1734   |   193:36:10   |   07:09:52   |
11134       |       -2348.24   |          -2369   |        20.7587   |   193:39:23   |   07:08:55   |
11135       |       -2349.27   |        -2370.2   |        20.9353   |   193:42:32   |   07:07:57   |
11136       |       -2348.31   |       -2369.47   |         21.164   |   193:46:03   |   07:06:59   |
11137       |       -2352.05   |       -2367.31   |        15.2653   |   193:49:24   |   07:06:02   |
11138       |       -2350.56   |       -2370.06   |        19.5011   |   193:52:47   |   07:05:04   |
11139       |       -2349.65   |        -2366.9   |        17.2556   |   193:56:27   |   07:04:07   |


Iter        |      Posterior   |     Likelihood   |          Prior   |    elapsed   |        ETA   |
----------------------------------------------------------------------------------------------------
11140       |       -2361.45   |       -2382.98   |        21.5375   |   194:00:01   |   07:03:10   |
11141       |       -2352.37   |       -2374.73   |        22.3533   |   194:13:02   |   07:02:34   |
11142       |       -2351.47   |        -2374.6   |        23.1254   |   194:16:04   |   07:01:35   |
11143       |       -2352.29   |       -2377.58   |        25.2905   |   194:19:12   |   07:00:37   |
11144       |       -2351.25   |       -2374.22   |        22.9689   |   194:22:39   |   06:59:39   |
11145       |       -2351.65   |       -2373.81   |        22.1562   |   194:26:05   |   06:58:42   |
11146       |        -2350.7   |       -2375.56   |        24.8653   |   194:29:23   |   06:57:44   |
11147       |       -2350.26   |       -2373.55   |        23.2806   |   194:32:30   |   06:56:45   |
11148       |       -2349.89   |       -2372.99   |        23.0911   |   194:35:22   |   06:55:46   |
11149       |       -2350.67   |        -2373.7   |        23.0289   |   194:38:22   |   06:54:48   |
11150       |       -2351.68   |       -2374.21   |        22.5378   |   194:41:25   |   06:53:49   |
11151       |       -2358.63   |       -2377.58   |        18.9469   |   194:53:55   |   06:53:10   |
11152       |       -2354.03   |       -2375.85   |        21.8291   |   194:57:32   |   06:52:13   |
11153       |       -2349.76   |        -2371.4   |        21.6458   |   195:00:46   |   06:51:15   |
11154       |       -2351.55   |        -2373.6   |        22.0536   |   195:04:08   |   06:50:17   |
11155       |       -2352.22   |       -2373.34   |        21.1228   |   195:07:32   |   06:49:19   |
11156       |       -2352.34   |       -2370.39   |        18.0501   |   195:10:50   |   06:48:20   |
11157       |       -2352.34   |       -2370.39   |        18.0501   |   195:14:33   |   06:47:23   |
11158       |       -2352.34   |       -2370.39   |        18.0501   |   195:18:27   |   06:46:26   |
11159       |       -2352.34   |       -2370.39   |        18.0501   |   195:22:08   |   06:45:28   |


Iter        |      Posterior   |     Likelihood   |          Prior   |    elapsed   |        ETA   |
----------------------------------------------------------------------------------------------------
11160       |       -2354.53   |       -2378.14   |         23.607   |   195:25:34   |   06:44:30   |
11161       |       -2353.63   |       -2376.63   |        22.9998   |   195:38:34   |   06:43:52   |
11162       |       -2353.19   |       -2375.57   |        22.3818   |   195:41:50   |   06:42:53   |
11163       |       -2354.12   |       -2376.14   |        22.0279   |   195:45:17   |   06:41:55   |
11164       |       -2355.47   |       -2374.69   |        19.2235   |   195:48:39   |   06:40:57   |
11165       |       -2353.46   |       -2373.46   |        20.0038   |   195:51:55   |   06:39:58   |
11166       |       -2353.62   |       -2375.42   |        21.7978   |   195:55:29   |   06:39:00   |
11167       |       -2353.83   |        -2375.6   |        21.7734   |   195:59:02   |   06:38:02   |
11168       |       -2354.73   |       -2372.65   |        17.9153   |   196:02:26   |   06:37:03   |
11169       |       -2354.02   |       -2370.63   |        16.6106   |   196:05:52   |   06:36:05   |
11170       |       -2353.66   |       -2368.99   |        15.3229   |   196:09:09   |   06:35:06   |
11171       |       -2355.33   |       -2372.23   |        16.9041   |   196:22:37   |   06:34:28   |
11172       |       -2356.07   |       -2372.11   |         16.034   |   196:26:08   |   06:33:30   |
11173       |       -2353.74   |       -2370.12   |        16.3774   |   196:29:47   |   06:32:32   |
11174       |       -2358.08   |       -2367.14   |         9.0603   |   196:33:12   |   06:31:33   |
11175       |       -2360.58   |        -2368.7   |        8.11646   |   196:37:00   |   06:30:35   |
11176       |       -2358.55   |       -2368.79   |        10.2494   |   196:40:41   |   06:29:37   |
11177       |          -2354   |       -2367.33   |        13.3302   |   196:44:26   |   06:28:39   |
11178       |       -2350.95   |       -2366.59   |        15.6414   |   196:48:05   |   06:27:41   |
11179       |       -2348.25   |        -2368.5   |        20.2508   |   196:51:40   |   06:26:42   |


Iter        |      Posterior   |     Likelihood   |          Prior   |    elapsed   |        ETA   |
----------------------------------------------------------------------------------------------------
11180       |       -2348.71   |       -2369.09   |         20.379   |   196:55:12   |   06:25:44   |
11181       |       -2349.37   |       -2369.45   |        20.0773   |   197:08:22   |   06:25:04   |
11182       |       -2349.68   |       -2366.35   |        16.6669   |   197:11:31   |   06:24:05   |
11183       |       -2352.15   |        -2368.7   |        16.5487   |   197:15:00   |   06:23:06   |
11184       |       -2353.02   |        -2370.6   |        17.5713   |   197:18:19   |   06:22:07   |
11185       |       -2354.74   |       -2368.31   |         13.572   |   197:21:31   |   06:21:07   |
11186       |       -2349.51   |       -2366.11   |        16.5989   |   197:24:43   |   06:20:08   |
11187       |       -2356.14   |       -2369.12   |        12.9854   |   197:28:25   |   06:19:09   |
11188       |       -2354.21   |       -2371.26   |        17.0467   |   197:31:41   |   06:18:10   |
11189       |       -2351.43   |       -2369.27   |        17.8351   |   197:35:11   |   06:17:11   |
11190       |       -2352.09   |       -2373.57   |         21.484   |   197:38:41   |   06:16:12   |
11191       |       -2351.87   |       -2374.59   |        22.7165   |   197:51:50   |   06:15:32   |
11192       |       -2354.89   |       -2377.07   |        22.1797   |   197:55:02   |   06:14:32   |
11193       |       -2355.52   |       -2376.06   |        20.5445   |   197:58:11   |   06:13:32   |
11194       |       -2356.04   |       -2377.89   |        21.8481   |   198:01:15   |   06:12:32   |
11195       |          -2354   |       -2373.09   |        19.0857   |   198:04:36   |   06:11:33   |
11196       |       -2351.03   |       -2369.95   |         18.913   |   198:08:12   |   06:10:34   |
11197       |       -2352.96   |       -2371.37   |        18.4179   |   198:11:47   |   06:09:35   |
11198       |       -2354.36   |       -2371.69   |        17.3291   |   198:15:20   |   06:08:36   |
11199       |       -2353.34   |       -2373.32   |        19.9869   |   198:18:54   |   06:07:37   |


Iter        |      Posterior   |     Likelihood   |          Prior   |    elapsed   |        ETA   |
----------------------------------------------------------------------------------------------------
11200       |       -2353.61   |       -2372.56   |         18.946   |   198:22:35   |   06:06:38   |
11201       |       -2354.67   |       -2371.11   |        16.4384   |   198:36:03   |   06:05:57   |
11202       |       -2350.96   |       -2367.08   |         16.123   |   198:39:47   |   06:04:58   |
11203       |       -2350.96   |       -2367.08   |         16.123   |   198:43:54   |   06:04:00   |
11204       |       -2353.68   |       -2369.48   |        15.8037   |   198:47:46   |   06:03:01   |
11205       |       -2348.49   |       -2366.54   |        18.0535   |   198:51:29   |   06:02:02   |
11206       |       -2350.25   |       -2368.21   |        17.9596   |   198:55:22   |   06:01:03   |
11207       |       -2348.29   |       -2367.02   |        18.7352   |   198:59:12   |   06:00:04   |
11208       |       -2346.92   |       -2367.38   |        20.4636   |   199:03:10   |   05:59:06   |
11209       |       -2348.02   |       -2366.94   |        18.9174   |   199:06:47   |   05:58:06   |
11210       |       -2349.13   |       -2369.24   |        20.1107   |   199:10:31   |   05:57:07   |
11211       |       -2348.06   |       -2368.12   |        20.0594   |   199:24:06   |   05:56:26   |
11212       |       -2348.64   |        -2368.6   |        19.9606   |   199:27:43   |   05:55:26   |
11213       |       -2348.64   |        -2368.6   |        19.9606   |   199:31:39   |   05:54:27   |
11214       |       -2349.15   |       -2370.77   |         21.615   |   199:35:41   |   05:53:28   |
11215       |       -2350.03   |       -2370.39   |        20.3637   |   199:39:12   |   05:52:29   |
11216       |        -2356.8   |       -2375.25   |        18.4537   |   199:43:06   |   05:51:30   |
11217       |       -2356.05   |       -2374.52   |        18.4687   |   199:47:11   |   05:50:31   |
11218       |       -2351.93   |       -2371.89   |        19.9595   |   199:51:07   |   05:49:32   |
11219       |        -2353.7   |       -2371.84   |        18.1458   |   199:55:19   |   05:48:33   |


Iter        |      Posterior   |     Likelihood   |          Prior   |    elapsed   |        ETA   |
----------------------------------------------------------------------------------------------------
11220       |       -2351.27   |       -2370.42   |        19.1441   |   199:59:00   |   05:47:33   |
11221       |       -2352.94   |       -2368.98   |        16.0344   |   200:12:48   |   05:46:51   |
11222       |       -2354.24   |       -2370.59   |         16.343   |   200:16:53   |   05:45:52   |
11223       |       -2351.37   |       -2370.05   |        18.6772   |   200:20:39   |   05:44:53   |
11224       |          -2354   |       -2372.86   |         18.858   |   200:24:47   |   05:43:54   |
11225       |       -2354.94   |       -2375.33   |         20.383   |   200:28:17   |   05:42:53   |
11226       |        -2356.8   |       -2373.11   |        16.3127   |   200:32:22   |   05:41:54   |
11227       |       -2356.71   |          -2374   |        17.2828   |   200:36:17   |   05:40:55   |
11228       |       -2361.84   |       -2372.21   |        10.3696   |   200:40:00   |   05:39:55   |
11229       |       -2358.96   |        -2373.2   |        14.2397   |   200:44:00   |   05:38:56   |
11230       |       -2358.73   |       -2378.19   |         19.466   |   200:47:48   |   05:37:56   |
11231       |       -2359.92   |        -2382.1   |        22.1743   |   201:01:41   |   05:37:13   |
11232       |       -2367.92   |       -2388.17   |         20.242   |   201:05:38   |   05:36:13   |
11233       |       -2362.54   |       -2386.97   |        24.4304   |   201:09:16   |   05:35:13   |
11234       |       -2363.74   |       -2386.18   |        22.4361   |   201:13:11   |   05:34:13   |
11235       |       -2362.83   |       -2383.37   |        20.5366   |   201:16:35   |   05:33:13   |
11236       |       -2360.96   |       -2383.05   |        22.0881   |   201:20:04   |   05:32:12   |
11237       |       -2361.14   |       -2383.98   |        22.8353   |   201:23:43   |   05:31:12   |
11238       |       -2358.33   |       -2382.28   |        23.9536   |   201:27:09   |   05:30:11   |
11239       |       -2359.44   |       -2381.84   |        22.4016   |   201:30:38   |   05:29:11   |


Iter        |      Posterior   |     Likelihood   |          Prior   |    elapsed   |        ETA   |
----------------------------------------------------------------------------------------------------
11240       |       -2360.81   |        -2381.2   |        20.3897   |   201:34:16   |   05:28:10   |
11241       |       -2358.48   |       -2376.81   |        18.3234   |   201:47:35   |   05:27:26   |
11242       |       -2357.12   |        -2375.6   |        18.4827   |   201:51:27   |   05:26:26   |
11243       |       -2358.39   |       -2377.68   |        19.2853   |   201:55:23   |   05:25:25   |
11244       |       -2361.04   |       -2379.35   |        18.3105   |   201:58:49   |   05:24:25   |
11245       |       -2357.56   |       -2379.36   |        21.8005   |   202:02:26   |   05:23:24   |
11246       |       -2354.83   |       -2376.74   |        21.9159   |   202:05:58   |   05:22:23   |
11247       |       -2355.43   |       -2377.38   |        21.9572   |   202:09:44   |   05:21:23   |
11248       |       -2353.89   |       -2376.75   |        22.8655   |   202:13:29   |   05:20:22   |
11249       |       -2353.89   |       -2376.75   |        22.8655   |   202:17:20   |   05:19:22   |
11250       |        -2355.3   |       -2379.84   |        24.5406   |   202:20:28   |   05:18:21   |
11251       |       -2355.95   |       -2380.88   |        24.9299   |   202:33:57   |   05:17:35   |
11252       |       -2357.08   |       -2381.12   |        24.0382   |   202:37:33   |   05:16:34   |
11253       |       -2357.72   |        -2383.3   |        25.5842   |   202:41:09   |   05:15:33   |
11254       |       -2352.54   |       -2377.57   |         25.028   |   202:44:47   |   05:14:33   |
11255       |       -2352.54   |       -2377.57   |         25.028   |   202:48:40   |   05:13:32   |
11256       |       -2352.66   |       -2376.26   |        23.5922   |   202:52:04   |   05:12:31   |
11257       |       -2351.83   |       -2374.78   |         22.956   |   202:55:29   |   05:11:29   |
11258       |       -2351.92   |       -2376.06   |        24.1383   |   202:58:35   |   05:10:28   |
11259       |       -2355.33   |       -2377.12   |        21.7945   |   203:02:00   |   05:09:26   |


Iter        |      Posterior   |     Likelihood   |          Prior   |    elapsed   |        ETA   |
----------------------------------------------------------------------------------------------------
11260       |       -2353.05   |       -2376.56   |        23.5191   |   203:05:42   |   05:08:25   |
11261       |       -2352.82   |       -2374.92   |        22.0966   |   203:18:52   |   05:07:39   |
11262       |       -2351.57   |       -2373.32   |          21.75   |   203:22:51   |   05:06:38   |
11263       |       -2352.26   |       -2373.05   |        20.7959   |   203:26:48   |   05:05:37   |
11264       |       -2358.04   |       -2372.23   |        14.1929   |   203:30:39   |   05:04:36   |
11265       |       -2353.93   |       -2371.93   |         18.007   |   203:34:28   |   05:03:35   |
11266       |       -2354.16   |       -2375.54   |          21.38   |   203:37:58   |   05:02:34   |
11267       |       -2354.65   |        -2371.3   |        16.6439   |   203:41:56   |   05:01:33   |
11268       |        -2354.7   |       -2369.72   |         15.021   |   203:45:51   |   05:00:32   |
11269       |       -2354.46   |       -2370.25   |        15.7936   |   203:49:47   |   04:59:31   |
11270       |       -2355.19   |        -2368.2   |        13.0171   |   203:53:20   |   04:58:30   |
11271       |       -2356.13   |       -2371.82   |        15.6933   |   204:07:02   |   04:57:43   |
11272       |       -2354.35   |       -2370.05   |        15.7021   |   204:11:03   |   04:56:42   |
11273       |       -2354.37   |       -2369.64   |        15.2642   |   204:14:32   |   04:55:40   |
11274       |        -2355.1   |       -2371.71   |        16.6117   |   204:18:14   |   04:54:39   |
11275       |        -2353.9   |       -2374.37   |        20.4661   |   204:22:14   |   04:53:38   |
11276       |       -2353.15   |       -2373.44   |        20.2823   |   204:26:01   |   04:52:37   |
11277       |       -2352.49   |       -2373.74   |        21.2449   |   204:29:41   |   04:51:35   |
11278       |       -2356.27   |       -2376.51   |        20.2446   |   204:33:10   |   04:50:33   |
11279       |       -2356.79   |       -2378.72   |        21.9369   |   204:37:03   |   04:49:32   |


Iter        |      Posterior   |     Likelihood   |          Prior   |    elapsed   |        ETA   |
----------------------------------------------------------------------------------------------------
11280       |       -2357.88   |       -2374.06   |        16.1746   |   204:41:11   |   04:48:31   |
11281       |       -2361.26   |       -2377.69   |        16.4302   |   204:55:30   |   04:47:44   |
11282       |       -2357.11   |       -2373.15   |         16.038   |   205:00:07   |   04:46:44   |
11283       |       -2357.08   |       -2373.02   |        15.9338   |   205:04:09   |   04:45:42   |
11284       |       -2357.52   |       -2375.14   |         17.624   |   205:08:09   |   04:44:41   |
11285       |       -2354.87   |       -2373.17   |        18.2975   |   205:11:58   |   04:43:39   |
11286       |       -2354.95   |       -2373.43   |        18.4836   |   205:15:29   |   04:42:37   |
11287       |       -2353.08   |       -2370.89   |        17.8113   |   205:19:02   |   04:41:35   |
11288       |       -2352.87   |       -2370.69   |        17.8215   |   205:23:02   |   04:40:33   |
11289       |       -2356.38   |       -2376.26   |        19.8783   |   205:26:28   |   04:39:31   |
11290       |        -2357.1   |       -2378.97   |        21.8653   |   205:30:04   |   04:38:29   |
11291       |       -2359.17   |       -2383.21   |        24.0361   |   205:42:32   |   04:37:39   |
11292       |       -2350.57   |       -2373.05   |        22.4741   |   205:45:51   |   04:36:36   |
11293       |       -2352.27   |       -2370.94   |        18.6672   |   205:49:16   |   04:35:34   |
11294       |       -2350.01   |        -2370.2   |        20.1874   |   205:52:53   |   04:34:31   |
11295       |        -2349.1   |       -2371.69   |        22.5888   |   205:56:17   |   04:33:29   |
11296       |       -2349.46   |       -2374.88   |         25.421   |   205:59:44   |   04:32:26   |
11297       |       -2350.18   |        -2375.5   |        25.3142   |   206:03:17   |   04:31:24   |
11298       |       -2349.42   |       -2374.84   |        25.4271   |   206:06:43   |   04:30:21   |
11299       |       -2350.36   |       -2375.64   |        25.2818   |   206:10:09   |   04:29:19   |


Iter        |      Posterior   |     Likelihood   |          Prior   |    elapsed   |        ETA   |
----------------------------------------------------------------------------------------------------
11300       |        -2349.6   |       -2373.54   |        23.9331   |   206:13:29   |   04:28:16   |
11301       |       -2351.66   |       -2373.21   |        21.5532   |   206:26:35   |   04:27:26   |
11302       |       -2349.88   |       -2372.11   |        22.2326   |   206:30:22   |   04:26:24   |
11303       |       -2353.35   |       -2374.66   |         21.314   |   206:34:02   |   04:25:21   |
11304       |       -2351.23   |       -2373.11   |        21.8755   |   206:38:06   |   04:24:19   |
11305       |       -2352.48   |       -2371.89   |        19.4133   |   206:41:50   |   04:23:17   |
11306       |       -2352.65   |       -2374.61   |         21.957   |   206:45:48   |   04:22:14   |
11307       |       -2349.53   |       -2371.33   |         21.802   |   206:49:30   |   04:21:12   |
11308       |       -2350.49   |          -2371   |        20.5069   |   206:53:19   |   04:20:09   |
11309       |       -2348.65   |       -2368.46   |        19.8072   |   206:57:11   |   04:19:07   |
11310       |       -2347.63   |       -2368.41   |        20.7758   |   207:00:59   |   04:18:05   |
11311       |       -2347.91   |       -2368.65   |        20.7373   |   207:14:24   |   04:17:14   |
11312       |       -2346.33   |        -2365.9   |        19.5711   |   207:17:55   |   04:16:11   |
11313       |       -2346.77   |       -2366.34   |        19.5711   |   207:22:30   |   04:15:09   |
11314       |       -2348.86   |       -2365.62   |        16.7606   |   207:26:11   |   04:14:06   |
11315       |        -2346.1   |       -2365.43   |        19.3292   |   207:29:49   |   04:13:04   |
11316       |       -2344.65   |       -2366.64   |        21.9908   |   207:33:24   |   04:12:01   |
11317       |       -2349.04   |       -2371.79   |        22.7499   |   207:37:18   |   04:10:58   |
11318       |       -2352.28   |       -2370.76   |        18.4819   |   207:40:48   |   04:09:55   |
11319       |       -2349.43   |       -2369.31   |        19.8775   |   207:44:43   |   04:08:52   |


Iter        |      Posterior   |     Likelihood   |          Prior   |    elapsed   |        ETA   |
----------------------------------------------------------------------------------------------------
11320       |       -2350.85   |       -2369.98   |        19.1336   |   207:48:30   |   04:07:49   |
11321       |       -2349.86   |       -2368.65   |        18.7892   |   208:01:52   |   04:06:58   |
11322       |       -2351.57   |       -2372.98   |        21.4144   |   208:06:03   |   04:05:55   |
11323       |       -2358.45   |       -2376.82   |        18.3706   |   208:09:36   |   04:04:52   |
11324       |       -2358.45   |       -2376.82   |        18.3706   |   208:13:13   |   04:03:49   |
11325       |       -2354.28   |       -2374.81   |        20.5261   |   208:16:15   |   04:02:45   |
11326       |       -2355.65   |       -2376.96   |        21.3117   |   208:19:52   |   04:01:41   |
11327       |       -2355.51   |       -2376.84   |        21.3278   |   208:23:38   |   04:00:38   |
11328       |       -2355.51   |       -2376.84   |        21.3278   |   208:27:33   |   03:59:35   |
11329       |       -2354.35   |       -2375.99   |        21.6372   |   208:31:13   |   03:58:32   |
11330       |       -2354.29   |       -2373.21   |        18.9196   |   208:34:45   |   03:57:28   |
11331       |       -2355.05   |       -2371.97   |        16.9278   |   208:48:18   |   03:56:36   |
11332       |       -2353.75   |       -2369.48   |        15.7375   |   208:52:00   |   03:55:33   |
11333       |       -2352.47   |       -2368.15   |        15.6812   |   208:55:37   |   03:54:29   |
11334       |        -2351.3   |        -2368.7   |        17.3972   |   208:59:27   |   03:53:26   |
11335       |       -2351.07   |       -2367.84   |        16.7702   |   209:03:09   |   03:52:22   |
11336       |       -2352.03   |       -2369.52   |         17.494   |   209:06:37   |   03:51:19   |
11337       |       -2348.86   |        -2365.9   |        17.0422   |   209:10:06   |   03:50:15   |
11338       |       -2352.12   |       -2365.99   |        13.8645   |   209:13:52   |   03:49:11   |
11339       |        -2354.1   |       -2369.06   |        14.9648   |   209:17:36   |   03:48:08   |


Iter        |      Posterior   |     Likelihood   |          Prior   |    elapsed   |        ETA   |
----------------------------------------------------------------------------------------------------
11340       |       -2352.93   |       -2374.01   |        21.0862   |   209:21:34   |   03:47:04   |
11341       |       -2353.88   |        -2373.1   |        19.2248   |   209:35:11   |   03:46:12   |
11342       |       -2350.49   |       -2369.89   |        19.3944   |   209:39:14   |   03:45:08   |
11343       |       -2349.99   |       -2371.79   |        21.7973   |   209:42:36   |   03:44:04   |
11344       |       -2351.84   |       -2372.93   |        21.0919   |   209:46:19   |   03:43:00   |
11345       |       -2350.27   |       -2372.34   |        22.0635   |   209:50:11   |   03:41:57   |
11346       |       -2349.43   |       -2368.07   |         18.639   |   209:53:47   |   03:40:53   |
11347       |       -2350.77   |       -2369.12   |        18.3502   |   209:57:46   |   03:39:49   |
11348       |       -2349.46   |       -2371.77   |        22.3082   |   210:01:28   |   03:38:45   |
11349       |       -2349.26   |       -2369.87   |        20.6059   |   210:04:54   |   03:37:41   |
11350       |       -2349.28   |       -2368.05   |        18.7774   |   210:08:26   |   03:36:37   |
11351       |       -2346.55   |       -2365.85   |        19.3004   |   210:21:53   |   03:35:43   |
11352       |       -2347.25   |       -2365.09   |        17.8369   |   210:25:18   |   03:34:38   |
11353       |       -2348.18   |       -2366.88   |        18.7044   |   210:28:38   |   03:33:34   |
11354       |       -2348.29   |       -2369.16   |        20.8719   |   210:32:24   |   03:32:30   |
11355       |       -2349.82   |       -2369.03   |        19.2061   |   210:35:45   |   03:31:25   |
11356       |       -2351.53   |       -2369.96   |        18.4301   |   210:39:06   |   03:30:21   |
11357       |       -2355.09   |       -2370.46   |        15.3733   |   210:42:30   |   03:29:16   |
11358       |       -2354.57   |       -2369.82   |         15.247   |   210:46:05   |   03:28:12   |
11359       |       -2355.05   |       -2370.25   |         15.208   |   210:49:25   |   03:27:07   |


Iter        |      Posterior   |     Likelihood   |          Prior   |    elapsed   |        ETA   |
----------------------------------------------------------------------------------------------------
11360       |       -2357.28   |       -2372.79   |        15.5127   |   210:53:28   |   03:26:03   |
11361       |       -2354.58   |       -2370.06   |        15.4804   |   211:07:32   |   03:25:09   |
11362       |       -2354.16   |       -2370.45   |        16.2801   |   211:11:16   |   03:24:05   |
11363       |       -2352.25   |       -2370.75   |        18.5026   |   211:14:49   |   03:23:00   |
11364       |       -2356.68   |        -2369.4   |        12.7204   |   211:18:29   |   03:21:56   |
11365       |        -2356.8   |       -2374.29   |        17.4958   |   211:22:10   |   03:20:51   |
11366       |       -2357.07   |       -2371.47   |        14.3946   |   211:25:34   |   03:19:46   |
11367       |       -2352.52   |       -2368.79   |        16.2684   |   211:29:20   |   03:18:42   |
11368       |       -2351.37   |       -2370.73   |        19.3579   |   211:32:49   |   03:17:37   |
11369       |       -2353.47   |       -2372.23   |        18.7589   |   211:36:07   |   03:16:32   |
11370       |       -2356.09   |       -2376.74   |        20.6486   |   211:40:00   |   03:15:28   |
11371       |       -2359.81   |       -2382.19   |        22.3808   |   211:53:01   |   03:14:32   |
11372       |       -2359.07   |       -2381.48   |        22.4192   |   211:56:27   |   03:13:27   |
11373       |       -2358.83   |       -2380.42   |        21.5986   |   211:59:49   |   03:12:22   |
11374       |       -2360.86   |       -2380.45   |        19.5937   |   212:03:15   |   03:11:17   |
11375       |       -2358.57   |       -2378.99   |        20.4258   |   212:06:48   |   03:10:12   |
11376       |       -2358.82   |       -2379.21   |        20.3844   |   212:10:25   |   03:09:07   |
11377       |       -2356.35   |        -2376.8   |        20.4564   |   212:14:12   |   03:08:02   |
11378       |       -2359.77   |       -2378.29   |         18.527   |   212:17:43   |   03:06:57   |
11379       |       -2356.39   |       -2376.52   |        20.1347   |   212:21:09   |   03:05:52   |


Iter        |      Posterior   |     Likelihood   |          Prior   |    elapsed   |        ETA   |
----------------------------------------------------------------------------------------------------
11380       |       -2355.33   |       -2375.48   |        20.1453   |   212:24:45   |   03:04:47   |
11381       |       -2356.84   |       -2377.21   |        20.3718   |   212:38:21   |   03:03:50   |
11382       |       -2355.41   |       -2377.38   |        21.9745   |   212:42:09   |   03:02:45   |
11383       |       -2351.91   |        -2374.2   |        22.2987   |   212:45:51   |   03:01:40   |
11384       |       -2351.91   |        -2374.2   |        22.2987   |   212:49:46   |   03:00:35   |
11385       |       -2353.35   |       -2376.69   |        23.3387   |   212:53:38   |   02:59:30   |
11386       |        -2356.5   |       -2378.61   |        22.1016   |   212:56:56   |   02:58:25   |
11387       |       -2355.58   |       -2377.86   |        22.2792   |   213:00:29   |   02:57:20   |
11388       |       -2353.09   |       -2374.27   |        21.1759   |   213:03:42   |   02:56:14   |
11389       |       -2353.89   |        -2375.5   |        21.6065   |   213:06:54   |   02:55:08   |
11390       |       -2353.77   |       -2375.39   |        21.6231   |   213:10:15   |   02:54:03   |
11391       |       -2350.69   |       -2371.79   |        21.1048   |   213:23:16   |   02:53:05   |
11392       |       -2348.79   |       -2370.24   |        21.4559   |   213:26:45   |   02:52:00   |
11393       |        -2350.5   |       -2367.51   |        17.0022   |   213:29:55   |   02:50:54   |
11394       |       -2350.75   |       -2368.22   |        17.4681   |   213:33:26   |   02:49:48   |
11395       |       -2350.53   |       -2365.98   |        15.4515   |   213:37:03   |   02:48:43   |
11396       |       -2352.15   |       -2368.67   |        16.5178   |   213:40:39   |   02:47:37   |
11397       |       -2351.37   |       -2368.46   |        17.0891   |   213:44:14   |   02:46:32   |
11398       |       -2349.72   |       -2364.09   |         14.368   |   213:47:33   |   02:45:26   |
11399       |       -2351.46   |       -2365.54   |        14.0758   |   213:50:40   |   02:44:20   |


Iter        |      Posterior   |     Likelihood   |          Prior   |    elapsed   |        ETA   |
----------------------------------------------------------------------------------------------------
11400       |       -2349.15   |       -2363.07   |        13.9225   |   213:54:17   |   02:43:14   |
11401       |        -2349.5   |       -2363.29   |        13.7902   |   214:07:57   |   02:42:16   |
11402       |       -2348.49   |       -2362.52   |        14.0314   |   214:11:40   |   02:41:10   |
11403       |       -2348.39   |       -2362.54   |        14.1519   |   214:15:01   |   02:40:04   |
11404       |       -2349.38   |       -2363.37   |        13.9852   |   214:18:26   |   02:38:58   |
11405       |       -2350.62   |       -2363.68   |         13.058   |   214:22:05   |   02:37:53   |
11406       |       -2349.65   |        -2363.3   |        13.6513   |   214:26:18   |   02:36:47   |
11407       |       -2353.25   |       -2364.57   |        11.3184   |   214:29:49   |   02:35:41   |
11408       |       -2352.58   |       -2361.76   |        9.17604   |   214:33:46   |   02:34:36   |
11409       |       -2353.59   |        -2362.7   |        9.11087   |   214:37:20   |   02:33:30   |
11410       |       -2351.77   |       -2364.04   |        12.2679   |   214:41:09   |   02:32:24   |
11411       |       -2350.27   |       -2365.19   |        14.9265   |   214:54:48   |   02:31:25   |
11412       |        -2349.3   |        -2365.9   |        16.6049   |   214:58:24   |   02:30:19   |
11413       |        -2349.3   |        -2365.9   |        16.6049   |   215:02:15   |   02:29:13   |
11414       |       -2349.26   |       -2365.15   |        15.8926   |   215:06:24   |   02:28:07   |
11415       |       -2350.84   |        -2363.2   |        12.3584   |   215:10:21   |   02:27:01   |
11416       |       -2350.53   |       -2364.28   |        13.7533   |   215:14:19   |   02:25:55   |
11417       |       -2353.27   |       -2364.82   |        11.5459   |   215:18:04   |   02:24:49   |
11418       |       -2353.77   |       -2368.29   |          14.52   |   215:21:59   |   02:23:43   |
11419       |       -2354.81   |       -2370.68   |         15.863   |   215:25:32   |   02:22:37   |


Iter        |      Posterior   |     Likelihood   |          Prior   |    elapsed   |        ETA   |
----------------------------------------------------------------------------------------------------
11420       |       -2353.32   |       -2368.38   |        15.0568   |   215:33:07   |   02:21:33   |
11421       |       -2352.35   |       -2369.99   |         17.643   |   215:46:42   |   02:20:33   |
11422       |       -2353.51   |       -2369.42   |        15.9157   |   215:50:18   |   02:19:27   |
11423       |       -2349.06   |       -2361.94   |        12.8828   |   215:54:16   |   02:18:21   |
11424       |       -2349.43   |        -2362.3   |        12.8698   |   215:58:01   |   02:17:14   |
11425       |       -2348.64   |          -2362   |        13.3607   |   216:01:23   |   02:16:08   |
11426       |       -2347.59   |       -2362.22   |        14.6324   |   216:05:08   |   02:15:01   |
11427       |       -2352.32   |       -2365.24   |        12.9213   |   216:08:37   |   02:13:55   |
11428       |       -2349.41   |       -2363.94   |        14.5314   |   216:12:12   |   02:12:48   |
11429       |       -2347.09   |       -2361.35   |        14.2612   |   216:15:39   |   02:11:41   |
11430       |       -2347.02   |       -2363.09   |        16.0738   |   216:19:19   |   02:10:35   |
11431       |       -2348.15   |       -2364.38   |        16.2292   |   216:33:01   |   02:09:34   |
11432       |        -2345.4   |       -2363.02   |        17.6178   |   216:36:27   |   02:08:27   |
11433       |       -2344.07   |       -2362.24   |        18.1668   |   216:40:07   |   02:07:21   |
11434       |       -2344.87   |       -2363.03   |        18.1588   |   216:43:31   |   02:06:14   |
11435       |        -2347.3   |       -2362.95   |        15.6502   |   216:46:56   |   02:05:07   |
11436       |       -2347.32   |       -2362.97   |        15.6486   |   216:50:32   |   02:04:00   |
11437       |        -2352.9   |       -2367.24   |        14.3382   |   216:53:57   |   02:02:53   |
11438       |       -2346.55   |        -2362.1   |        15.5476   |   216:57:39   |   02:01:46   |
11439       |       -2350.71   |       -2364.58   |        13.8648   |   217:01:14   |   02:00:39   |


Iter        |      Posterior   |     Likelihood   |          Prior   |    elapsed   |        ETA   |
----------------------------------------------------------------------------------------------------
11440       |        -2348.4   |       -2364.15   |        15.7547   |   217:04:57   |   01:59:32   |
11441       |        -2348.4   |       -2363.45   |        15.0505   |   217:18:06   |   01:58:31   |
11442       |       -2345.39   |       -2360.73   |        15.3353   |   217:22:08   |   01:57:24   |
11443       |       -2345.96   |       -2361.79   |        15.8348   |   217:26:00   |   01:56:17   |
11444       |       -2350.81   |       -2365.02   |        14.2129   |   217:29:39   |   01:55:10   |
11445       |       -2347.07   |       -2365.48   |        18.4134   |   217:33:09   |   01:54:03   |
11446       |       -2345.27   |       -2364.07   |        18.7987   |   217:36:28   |   01:52:55   |
11447       |       -2346.23   |       -2364.52   |        18.2854   |   217:39:54   |   01:51:48   |
11448       |       -2346.55   |       -2363.42   |        16.8697   |   217:43:06   |   01:50:41   |
11449       |       -2349.56   |       -2367.21   |        17.6493   |   217:46:38   |   01:49:33   |
11450       |       -2348.02   |       -2367.39   |        19.3642   |   217:50:08   |   01:48:26   |
11451       |       -2346.77   |       -2368.35   |        21.5802   |   218:03:00   |   01:47:23   |
11452       |       -2348.07   |       -2368.95   |        20.8712   |   218:06:31   |   01:46:16   |
11453       |       -2348.12   |       -2372.59   |        24.4677   |   218:09:58   |   01:45:08   |
11454       |       -2345.42   |       -2370.49   |        25.0704   |   218:13:14   |   01:44:01   |
11455       |       -2346.39   |       -2370.03   |        23.6449   |   218:16:29   |   01:42:53   |
11456       |       -2347.61   |       -2371.49   |         23.883   |   218:19:31   |   01:41:46   |
11457       |       -2347.69   |        -2369.8   |        22.1047   |   218:22:39   |   01:40:38   |
11458       |       -2347.64   |       -2369.22   |        21.5789   |   218:26:08   |   01:39:30   |
11459       |       -2347.77   |       -2369.48   |        21.7083   |   218:29:32   |   01:38:23   |


Iter        |      Posterior   |     Likelihood   |          Prior   |    elapsed   |        ETA   |
----------------------------------------------------------------------------------------------------
11460       |       -2348.23   |       -2369.63   |        21.3916   |   218:33:21   |   01:37:15   |
11461       |       -2349.35   |       -2371.18   |        21.8309   |   218:46:29   |   01:36:12   |
11462       |       -2349.35   |       -2371.18   |        21.8309   |   218:50:31   |   01:35:04   |
11463       |       -2349.56   |       -2373.46   |        23.9021   |   218:54:07   |   01:33:57   |
11464       |       -2348.54   |       -2368.39   |        19.8502   |   218:57:27   |   01:32:49   |
11465       |       -2350.19   |       -2371.23   |        21.0398   |   219:01:03   |   01:31:41   |
11466       |       -2348.85   |       -2370.48   |        21.6253   |   219:04:49   |   01:30:34   |
11467       |       -2348.55   |       -2370.61   |        22.0644   |   219:08:52   |   01:29:26   |
11468       |       -2349.47   |       -2371.65   |        22.1811   |   219:12:37   |   01:28:18   |
11469       |       -2351.14   |       -2372.92   |        21.7819   |   219:16:01   |   01:27:10   |
11470       |       -2350.56   |       -2371.72   |        21.1592   |   219:19:13   |   01:26:02   |
11471       |       -2348.61   |       -2368.63   |        20.0184   |   219:32:05   |   01:24:58   |
11472       |       -2345.01   |       -2364.73   |        19.7182   |   219:35:16   |   01:23:50   |
11473       |       -2350.81   |       -2368.53   |        17.7166   |   219:38:45   |   01:22:42   |
11474       |       -2348.48   |       -2370.65   |        22.1796   |   219:42:30   |   01:21:34   |
11475       |       -2346.73   |       -2370.98   |        24.2538   |   219:46:02   |   01:20:26   |
11476       |       -2350.48   |       -2374.65   |        24.1706   |   219:49:14   |   01:19:18   |
11477       |       -2350.31   |       -2377.52   |        27.2152   |   219:52:29   |   01:18:09   |
11478       |       -2351.21   |       -2378.58   |        27.3707   |   219:55:48   |   01:17:01   |
11479       |       -2352.36   |       -2378.44   |        26.0826   |   219:59:11   |   01:15:53   |


Iter        |      Posterior   |     Likelihood   |          Prior   |    elapsed   |        ETA   |
----------------------------------------------------------------------------------------------------
11480       |       -2352.38   |       -2380.48   |        28.1026   |   220:02:18   |   01:14:45   |
11481       |       -2354.81   |       -2382.12   |        27.3101   |   220:15:00   |   01:13:39   |
11482       |          -2354   |       -2380.98   |        26.9787   |   220:18:27   |   01:12:31   |
11483       |       -2353.87   |       -2379.94   |         26.066   |   220:22:05   |   01:11:23   |
11484       |       -2354.48   |       -2381.34   |        26.8539   |   220:25:37   |   01:10:15   |
11485       |       -2355.69   |       -2380.27   |        24.5874   |   220:29:20   |   01:09:06   |
11486       |        -2353.9   |       -2376.23   |        22.3347   |   220:32:41   |   01:07:58   |
11487       |       -2354.01   |        -2375.8   |        21.7843   |   220:36:15   |   01:06:49   |
11488       |       -2353.19   |       -2376.09   |         22.894   |   220:39:40   |   01:05:41   |
11489       |       -2350.51   |       -2372.76   |        22.2562   |   220:43:13   |   01:04:33   |
11490       |       -2348.51   |       -2373.33   |        24.8202   |   220:46:34   |   01:03:24   |
11491       |       -2348.35   |       -2374.16   |        25.8057   |   220:59:13   |   01:02:18   |
11492       |       -2351.39   |       -2378.09   |        26.7027   |   221:02:44   |   01:01:09   |
11493       |       -2348.72   |       -2374.95   |         26.231   |   221:05:46   |   01:00:01   |
11494       |        -2347.6   |       -2372.87   |        25.2736   |   221:08:58   |   00:58:52   |
11495       |       -2348.12   |       -2373.25   |        25.1284   |   221:12:16   |   00:57:43   |
11496       |       -2350.18   |       -2370.42   |        20.2348   |   221:15:47   |   00:56:35   |
11497       |       -2348.63   |       -2368.71   |         20.074   |   221:19:27   |   00:55:26   |
11498       |       -2346.85   |       -2367.53   |        20.6851   |   221:23:05   |   00:54:17   |
11499       |       -2347.19   |       -2367.71   |        20.5123   |   221:26:20   |   00:53:08   |


Iter        |      Posterior   |     Likelihood   |          Prior   |    elapsed   |        ETA   |
----------------------------------------------------------------------------------------------------
11500       |       -2346.33   |       -2366.81   |        20.4847   |   221:29:48   |   00:52:00   |
11501       |        -2346.2   |       -2366.29   |        20.0887   |   221:43:14   |   00:50:53   |
11502       |        -2346.2   |       -2366.29   |        20.0887   |   221:47:21   |   00:49:44   |
11503       |        -2346.2   |       -2366.29   |        20.0887   |   221:51:42   |   00:48:36   |
11504       |       -2346.66   |       -2366.63   |        19.9696   |   221:55:59   |   00:47:27   |
11505       |       -2349.61   |       -2371.26   |        21.6521   |   221:59:58   |   00:46:18   |
11506       |       -2350.78   |       -2376.05   |        25.2682   |   222:04:01   |   00:45:09   |
11507       |       -2350.78   |       -2376.05   |        25.2682   |   222:07:55   |   00:44:00   |
11508       |       -2352.47   |       -2375.98   |        23.5095   |   222:12:02   |   00:42:51   |
11509       |       -2349.89   |       -2373.67   |          23.78   |   222:16:04   |   00:41:42   |
11510       |       -2353.36   |       -2374.67   |        21.3088   |   222:20:07   |   00:40:33   |
11511       |       -2350.83   |       -2369.64   |        18.8119   |   222:34:48   |   00:39:26   |
11512       |       -2350.83   |        -2369.9   |        19.0685   |   222:39:01   |   00:38:17   |
11513       |       -2349.68   |       -2370.12   |        20.4376   |   222:42:59   |   00:37:08   |
11514       |        -2347.5   |        -2365.8   |        18.2993   |   222:47:02   |   00:35:59   |
11515       |       -2349.75   |        -2365.5   |        15.7553   |   222:51:25   |   00:34:50   |
11516       |       -2351.37   |       -2370.99   |        19.6147   |   222:55:35   |   00:33:40   |
11517       |       -2350.42   |       -2367.79   |        17.3692   |   222:59:40   |   00:32:31   |
11518       |       -2346.55   |       -2368.41   |        21.8551   |   223:03:41   |   00:31:22   |
11519       |       -2346.84   |       -2369.03   |        22.1874   |   223:07:44   |   00:30:13   |


Iter        |      Posterior   |     Likelihood   |          Prior   |    elapsed   |        ETA   |
----------------------------------------------------------------------------------------------------
11520       |       -2346.19   |       -2369.04   |         22.845   |   223:11:29   |   00:29:03   |
11521       |       -2347.49   |       -2370.63   |        23.1465   |   223:25:56   |   00:27:55   |
11522       |        -2345.5   |       -2368.66   |        23.1647   |   223:29:40   |   00:26:46   |
11523       |       -2345.36   |       -2369.39   |         24.032   |   223:33:27   |   00:25:36   |
11524       |       -2346.91   |       -2370.49   |        23.5856   |   223:36:59   |   00:24:26   |
11525       |       -2348.14   |       -2367.15   |         19.009   |   223:40:35   |   00:23:17   |
11526       |       -2348.91   |       -2366.85   |        17.9479   |   223:44:37   |   00:22:07   |
11527       |       -2352.75   |       -2370.71   |        17.9559   |   223:49:09   |   00:20:58   |
11528       |       -2349.91   |       -2367.52   |        17.6073   |   223:53:09   |   00:19:48   |
11529       |       -2351.47   |       -2369.54   |        18.0648   |   223:57:19   |   00:18:38   |
11530       |       -2352.29   |        -2372.8   |        20.5117   |   224:01:34   |   00:17:29   |
11531       |       -2355.12   |       -2374.75   |        19.6353   |   224:16:31   |   00:16:20   |
11532       |       -2356.93   |        -2376.2   |        19.2667   |   224:20:19   |   00:15:10   |
11533       |       -2351.51   |       -2370.45   |        18.9381   |   224:24:11   |   00:14:00   |
11534       |       -2351.16   |       -2370.78   |        19.6219   |   224:28:03   |   00:12:50   |
11535       |       -2350.51   |        -2370.4   |        19.8858   |   224:32:20   |   00:11:40   |
11536       |       -2348.48   |       -2368.58   |         20.099   |   224:36:26   |   00:10:30   |
11537       |          -2349   |       -2369.46   |        20.4628   |   224:40:38   |   00:09:20   |
11538       |       -2347.73   |       -2364.87   |        17.1442   |   224:44:43   |   00:08:10   |
11539       |       -2352.57   |       -2372.01   |        19.4323   |   224:48:46   |   00:07:00   |


Iter        |      Posterior   |     Likelihood   |          Prior   |    elapsed   |        ETA   |
----------------------------------------------------------------------------------------------------
11540       |       -2351.42   |       -2370.57   |        19.1533   |   224:52:33   |   00:05:50   |
11541       |       -2352.37   |        -2374.3   |        21.9305   |   225:07:21   |   00:04:40   |
11542       |       -2352.15   |       -2374.41   |        22.2681   |   225:11:17   |   00:03:30   |
11543       |       -2352.56   |       -2373.94   |         21.387   |   225:15:12   |   00:02:20   |
11544       |       -2353.28   |       -2375.17   |         21.889   |   225:19:05   |   00:01:10   |
11545       |       -2350.62   |       -2374.36   |        23.7373   |   225:22:55   |   00:00:00   |

                  Name                  | Param              |  Weight  |  Tried   | Accepted | Acc. Ratio| Parameters
===============================================================================================================================
Scaling                                  gamma_a                  2.0000      23145      15545      0.6716 lambda = 1.1491
Scaling                                  gamma_b                  2.0000      23010      14871      0.6463 lambda = 1.0490
UpDownScaling                            gamma_a                  1.0000      11572       7350      0.6352 lambda = 0.9172
Scaling                                  delta_a                  2.0000      23228      14425      0.6210 lambda = 0.9978
Scaling                                  delta_b                  2.0000      23137      12250      0.5295 lambda = 0.7682
UpDownScaling                            delta_a                  1.0000      11556       6067      0.5250 lambda = 0.7248
Scaling                                  rho_a                    2.0000      22853      15098      0.6607 lambda = 1.1366
Scaling                                  rho_b                    2.0000      23099      14416      0.6241 lambda = 0.9923
UpDownScaling                            rho_a                    1.0000      11382       6949      0.6105 lambda = 0.8756
Scaling                                  eta_a                    2.0000      23348      14202      0.6083 lambda = 0.9678
Scaling                                  eta_b                    2.0000      23183      14963      0.6454 lambda = 1.0300
UpDownScaling                            eta_a                    1.0000      11509       6881      0.5979 lambda = 0.8237
Scaling                                  alpha                    1.0000      11557       5333      0.4615 lambda = 2.3042
Scaling                                  turnover                 1.0000      11677       4713      0.4036 lambda = 0.1826
Scaling                                  total_speciation         1.0000      11444       4253      0.3716 lambda = 0.1238
BetaSimplex                              relative_clado           5.0000      57735      31139      0.5393 alpha = 18.5962
ElementSwapSimplex                       relative_clado           3.0000      34499       4334      0.1256 
UpDownScaling                            total_speciation         1.0000      11506       5112      0.4443 lambda = 0.4063

