
RevBayes version (1.1.0)
Build from dev_mrm (rapture-477-g991966) on Thu Feb 15 15:42:16 EST 2024

Visit the website www.RevBayes.com for more information about RevBayes.

RevBayes is free software released under the GPL license, version 3. Type 'license()' for details.

To quit RevBayes type 'quit()' or 'q()'.


> source("scripts/pteri/pteri_chromohisse_modelspec_tb_2.rev")
   Processing file "scripts/pteri/pteri_chromohisse_modelspec_tb_2.rev"
   Attempting to read the contents of file "pteridaceae_csomepruned.tree"
   Successfully read file
   Processing file "scripts/chromohisse_tp_mrm_tb.rev"
Anagenic Rates Matrix Built
Cladogenic Rates Matrix Built
All MCMC moves defined
   Warning: simulating tree under uniform model.
   Warning: simulating tree under uniform model.
GHLBDSP
Model clamped
   -2365.559
Defining Model...
Setting monitors...
		monitoring stochasitc character map
Initializing MCMC...
	Intializing from checkpoint
		Continuing main analysis
   Appending to previous MCMC simulation of 7315 iterations
   This simulation runs 1 independent replicate.
   The simulator uses 18 different moves in a random move schedule with 32 moves per iteration

Iter        |      Posterior   |     Likelihood   |          Prior   |    elapsed   |        ETA   |
----------------------------------------------------------------------------------------------------
7316        |       -2348.97   |       -2373.14   |        24.1687   |   00:02:59   |   00:01:13   |
7317        |       -2348.75   |       -2373.67   |        24.9189   |   00:06:15   |   00:02:33   |
7318        |       -2348.41   |       -2372.95   |         24.541   |   00:09:22   |   00:03:50   |
7319        |       -2348.12   |       -2373.62   |        25.5051   |   00:12:40   |   00:05:11   |


Iter        |      Posterior   |     Likelihood   |          Prior   |    elapsed   |        ETA   |
----------------------------------------------------------------------------------------------------
7320        |       -2349.67   |       -2374.27   |        24.6013   |   00:15:37   |   00:06:23   |
7321        |       -2350.76   |       -2373.09   |        22.3383   |   00:27:51   |   00:11:23   |
7322        |        -2350.6   |       -2371.51   |        20.9107   |   00:30:46   |   00:12:34   |
7323        |       -2351.39   |        -2372.3   |        20.9082   |   00:34:07   |   00:13:56   |
7324        |       -2346.85   |       -2368.89   |        22.0375   |   00:37:22   |   00:15:15   |
7325        |       -2348.79   |       -2368.65   |        19.8648   |   00:40:42   |   00:16:36   |
7326        |       -2348.14   |       -2368.02   |        19.8779   |   00:43:43   |   00:17:50   |
7327        |       -2348.66   |       -2368.54   |        19.8789   |   00:47:30   |   00:19:22   |
7328        |       -2350.29   |       -2371.57   |        21.2841   |   00:50:50   |   00:20:43   |
7329        |       -2349.86   |       -2371.75   |        21.8932   |   00:53:57   |   00:21:58   |
7330        |       -2347.28   |       -2369.03   |        21.7565   |   00:57:09   |   00:23:16   |
7331        |       -2345.31   |       -2365.38   |        20.0692   |   01:10:08   |   00:28:32   |
7332        |       -2347.31   |       -2370.37   |        23.0622   |   01:13:20   |   00:29:50   |
7333        |       -2349.13   |       -2371.65   |        22.5226   |   01:16:17   |   00:31:01   |
7334        |       -2349.63   |       -2372.07   |        22.4481   |   01:19:34   |   00:32:20   |
7335        |       -2350.91   |       -2370.49   |        19.5852   |   01:22:31   |   00:33:31   |
7336        |       -2351.07   |       -2372.22   |        21.1525   |   01:25:49   |   00:34:50   |
7337        |       -2352.65   |       -2374.94   |        22.2887   |   01:28:52   |   00:36:04   |
7338        |       -2353.26   |       -2376.39   |        23.1318   |   01:31:59   |   00:37:19   |
7339        |       -2354.53   |       -2375.24   |        20.7132   |   01:34:53   |   00:38:28   |


Iter        |      Posterior   |     Likelihood   |          Prior   |    elapsed   |        ETA   |
----------------------------------------------------------------------------------------------------
7340        |       -2354.92   |       -2375.78   |         20.852   |   01:38:05   |   00:39:45   |
7341        |       -2350.42   |       -2372.63   |        22.2071   |   01:51:08   |   00:45:01   |
7342        |       -2350.97   |       -2372.23   |         21.263   |   01:54:23   |   00:46:19   |
7343        |       -2349.34   |       -2369.22   |        19.8786   |   01:58:00   |   00:47:45   |
7344        |       -2349.05   |       -2370.16   |        21.1133   |   02:01:07   |   00:48:59   |
7345        |       -2350.58   |       -2371.17   |        20.5903   |   02:04:37   |   00:50:23   |
7346        |       -2348.53   |       -2371.56   |        23.0246   |   02:07:51   |   00:51:40   |
7347        |       -2348.16   |       -2373.03   |         24.877   |   02:10:51   |   00:52:51   |
7348        |       -2346.35   |       -2371.33   |        24.9776   |   02:13:34   |   00:53:55   |
7349        |       -2346.17   |       -2371.42   |        25.2528   |   02:16:49   |   00:55:13   |
7350        |       -2347.91   |        -2372.8   |        24.8895   |   02:20:11   |   00:56:33   |
7351        |       -2348.63   |       -2372.74   |        24.1077   |   02:32:41   |   01:01:33   |
7352        |        -2348.5   |        -2372.8   |           24.3   |   02:35:48   |   01:02:47   |
7353        |       -2348.39   |       -2372.47   |        24.0828   |   02:39:02   |   01:04:03   |
7354        |       -2351.39   |       -2374.53   |        23.1357   |   02:42:20   |   01:05:21   |
7355        |       -2349.58   |       -2372.53   |        22.9564   |   02:45:30   |   01:06:36   |
7356        |       -2348.92   |       -2373.19   |        24.2696   |   02:48:49   |   01:07:54   |
7357        |       -2350.85   |       -2374.32   |        23.4764   |   02:51:46   |   01:09:03   |
7358        |       -2354.53   |       -2375.57   |        21.0373   |   02:55:01   |   01:10:20   |
7359        |       -2355.46   |       -2375.65   |        20.1918   |   02:58:03   |   01:11:31   |


Iter        |      Posterior   |     Likelihood   |          Prior   |    elapsed   |        ETA   |
----------------------------------------------------------------------------------------------------
7360        |       -2354.49   |       -2373.49   |        18.9938   |   03:01:33   |   01:12:53   |
7361        |          -2348   |       -2370.89   |        22.8906   |   03:14:06   |   01:17:53   |
7362        |       -2349.96   |       -2371.12   |        21.1538   |   03:16:58   |   01:19:00   |
7363        |       -2349.96   |       -2370.54   |        20.5838   |   03:20:10   |   01:20:15   |
7364        |       -2349.24   |        -2368.7   |        19.4567   |   03:23:15   |   01:21:26   |
7365        |       -2347.94   |       -2368.85   |        20.9061   |   03:26:47   |   01:22:49   |
7366        |       -2350.31   |       -2371.48   |        21.1725   |   03:30:04   |   01:24:06   |
7367        |       -2349.86   |       -2373.12   |        23.2657   |   03:32:45   |   01:25:08   |
7368        |       -2351.18   |       -2376.18   |        24.9938   |   03:35:45   |   01:26:17   |
7369        |       -2350.28   |       -2375.48   |        25.2056   |   03:38:47   |   01:27:27   |
7370        |       -2350.08   |       -2372.76   |        22.6866   |   03:41:55   |   01:28:40   |
7371        |        -2350.9   |       -2374.68   |        23.7884   |   03:54:11   |   01:33:32   |
7372        |        -2349.5   |       -2372.99   |        23.4928   |   03:56:55   |   01:34:34   |
7373        |       -2351.54   |       -2373.96   |        22.4165   |   04:00:07   |   01:35:48   |
7374        |       -2352.31   |       -2371.66   |        19.3459   |   04:03:17   |   01:37:01   |
7375        |       -2349.34   |       -2370.31   |        20.9608   |   04:06:21   |   01:38:12   |
7376        |       -2349.69   |       -2369.62   |         19.924   |   04:09:40   |   01:39:28   |
7377        |       -2349.63   |       -2368.94   |        19.3146   |   04:12:44   |   01:40:39   |
7378        |       -2352.55   |       -2372.35   |        19.7983   |   04:15:48   |   01:41:49   |
7379        |       -2351.99   |       -2370.53   |        18.5377   |   04:18:53   |   01:43:00   |


Iter        |      Posterior   |     Likelihood   |          Prior   |    elapsed   |        ETA   |
----------------------------------------------------------------------------------------------------
7380        |       -2351.26   |       -2369.57   |        18.3136   |   04:22:13   |   01:44:16   |
7381        |       -2351.18   |       -2370.71   |        19.5211   |   04:35:29   |   01:49:30   |
7382        |       -2354.33   |       -2375.34   |        21.0088   |   04:38:43   |   01:50:44   |
7383        |       -2354.22   |        -2374.8   |        20.5816   |   04:42:13   |   01:52:04   |
7384        |       -2356.04   |       -2376.66   |        20.6243   |   04:45:26   |   01:53:17   |
7385        |        -2359.7   |       -2378.71   |        19.0084   |   04:48:26   |   01:54:26   |
7386        |       -2362.37   |       -2380.88   |        18.5172   |   04:51:41   |   01:55:40   |
7387        |        -2360.7   |       -2377.87   |        17.1621   |   04:54:40   |   01:56:47   |
7388        |       -2358.61   |        -2377.8   |        19.1913   |   04:58:05   |   01:58:05   |
7389        |       -2355.76   |       -2377.05   |         21.281   |   05:01:19   |   01:59:19   |
7390        |       -2355.62   |       -2376.33   |        20.7123   |   05:04:46   |   02:00:37   |
7391        |       -2359.33   |       -2379.84   |        20.5045   |   05:17:39   |   02:05:40   |
7392        |       -2357.87   |       -2377.08   |        19.2086   |   05:20:43   |   02:06:49   |
7393        |       -2363.02   |       -2381.36   |        18.3414   |   05:23:52   |   02:08:00   |
7394        |       -2353.23   |       -2374.53   |        21.3018   |   05:26:57   |   02:09:09   |
7395        |       -2352.76   |       -2376.15   |          23.39   |   05:29:52   |   02:10:15   |
7396        |       -2350.67   |       -2373.02   |        22.3479   |   05:32:44   |   02:11:19   |
7397        |       -2352.08   |       -2373.88   |        21.8088   |   05:35:50   |   02:12:28   |
7398        |       -2349.49   |       -2370.69   |        21.1954   |   05:38:47   |   02:13:34   |
7399        |        -2346.8   |       -2369.09   |        22.2845   |   05:41:57   |   02:14:45   |


Iter        |      Posterior   |     Likelihood   |          Prior   |    elapsed   |        ETA   |
----------------------------------------------------------------------------------------------------
7400        |       -2350.42   |       -2372.22   |        21.7952   |   05:44:54   |   02:15:51   |
7401        |       -2353.34   |       -2372.97   |        19.6375   |   05:57:33   |   02:20:46   |
7402        |       -2348.75   |       -2369.44   |        20.6862   |   06:00:49   |   02:21:59   |
7403        |       -2350.35   |       -2371.74   |        21.3895   |   06:04:05   |   02:23:12   |
7404        |       -2349.85   |       -2371.46   |        21.6179   |   06:07:11   |   02:24:21   |
7405        |       -2348.24   |       -2373.33   |         25.087   |   06:10:07   |   02:25:26   |
7406        |       -2347.58   |       -2370.92   |        23.3438   |   06:13:17   |   02:26:37   |
7407        |       -2346.72   |       -2371.11   |        24.3878   |   06:16:19   |   02:27:44   |
7408        |       -2350.56   |       -2376.77   |        26.2118   |   06:19:29   |   02:28:54   |
7409        |       -2348.96   |       -2375.47   |        26.5095   |   06:22:42   |   02:30:06   |
7410        |       -2349.05   |       -2374.09   |        25.0429   |   06:25:32   |   02:31:08   |
7411        |       -2350.62   |       -2376.12   |        25.4974   |   06:37:59   |   02:35:56   |
7412        |       -2348.41   |       -2374.56   |        26.1501   |   06:41:16   |   02:37:09   |
7413        |       -2347.53   |       -2374.08   |        26.5595   |   06:44:02   |   02:38:10   |
7414        |       -2346.17   |        -2371.5   |        25.3266   |   06:47:00   |   02:39:15   |
7415        |       -2345.78   |       -2370.03   |        24.2541   |   06:49:53   |   02:40:18   |
7416        |       -2348.23   |       -2370.02   |         21.784   |   06:52:46   |   02:41:21   |
7417        |       -2350.24   |       -2372.83   |        22.5866   |   06:55:54   |   02:42:30   |
7418        |       -2352.65   |        -2375.2   |         22.542   |   06:59:10   |   02:43:41   |
7419        |       -2350.78   |       -2370.13   |         19.348   |   07:02:34   |   02:44:56   |


Iter        |      Posterior   |     Likelihood   |          Prior   |    elapsed   |        ETA   |
----------------------------------------------------------------------------------------------------
7420        |       -2351.79   |       -2371.86   |         20.066   |   07:06:04   |   02:46:14   |
7421        |       -2353.48   |       -2371.15   |        17.6622   |   07:19:08   |   02:51:15   |
7422        |       -2354.49   |       -2374.76   |        20.2683   |   07:22:15   |   02:52:23   |
7423        |       -2352.22   |       -2370.78   |        18.5616   |   07:25:28   |   02:53:33   |
7424        |       -2352.81   |       -2373.69   |        20.8763   |   07:28:40   |   02:54:42   |
7425        |       -2350.39   |       -2372.25   |        21.8539   |   07:31:50   |   02:55:51   |
7426        |       -2350.53   |       -2371.99   |        21.4675   |   07:35:19   |   02:57:08   |
7427        |       -2348.41   |       -2369.72   |        21.3156   |   07:38:48   |   02:58:24   |
7428        |       -2350.28   |       -2366.18   |         15.905   |   07:42:06   |   02:59:36   |
7429        |       -2351.59   |       -2368.43   |        16.8455   |   07:44:59   |   03:00:38   |
7430        |       -2351.12   |       -2369.35   |         18.223   |   07:48:21   |   03:01:51   |
7431        |       -2351.52   |       -2368.31   |        16.7876   |   08:01:18   |   03:06:47   |
7432        |       -2350.37   |       -2367.39   |         17.021   |   08:04:38   |   03:07:59   |
7433        |       -2350.37   |       -2367.39   |         17.021   |   08:08:17   |   03:09:19   |
7434        |       -2353.77   |       -2372.32   |        18.5517   |   08:11:33   |   03:10:29   |
7435        |       -2354.21   |       -2373.32   |        19.1108   |   08:14:18   |   03:11:28   |
7436        |       -2351.36   |       -2371.06   |        19.6999   |   08:17:18   |   03:12:32   |
7437        |       -2356.78   |       -2375.64   |        18.8532   |   08:20:23   |   03:13:38   |
7438        |       -2349.75   |       -2370.64   |        20.8837   |   08:23:27   |   03:14:43   |
7439        |       -2352.51   |       -2368.49   |         15.983   |   08:26:52   |   03:15:57   |


Iter        |      Posterior   |     Likelihood   |          Prior   |    elapsed   |        ETA   |
----------------------------------------------------------------------------------------------------
7440        |       -2355.63   |       -2369.78   |        14.1447   |   08:29:50   |   03:17:00   |
7441        |       -2348.31   |       -2365.03   |        16.7242   |   08:43:05   |   03:22:02   |
7442        |       -2349.92   |       -2366.29   |         16.379   |   08:45:52   |   03:23:00   |
7443        |       -2349.41   |       -2365.69   |        16.2783   |   08:49:16   |   03:24:13   |
7444        |       -2352.84   |        -2366.3   |        13.4605   |   08:52:40   |   03:25:26   |
7445        |        -2351.3   |       -2364.76   |        13.4552   |   08:55:33   |   03:26:27   |
7446        |       -2352.01   |       -2367.02   |        15.0038   |   08:58:52   |   03:27:37   |
7447        |       -2347.29   |        -2369.4   |        22.1015   |   09:01:56   |   03:28:42   |
7448        |       -2347.08   |       -2368.51   |        21.4293   |   09:04:53   |   03:29:44   |
7449        |       -2345.97   |          -2370   |        24.0281   |   09:08:04   |   03:30:52   |
7450        |       -2348.66   |       -2373.97   |        25.3153   |   09:11:07   |   03:31:56   |
7451        |       -2349.42   |       -2371.78   |        22.3615   |   09:22:57   |   03:36:23   |
7452        |       -2351.08   |       -2371.12   |        20.0387   |   09:25:52   |   03:37:24   |
7453        |       -2349.57   |       -2369.79   |        20.2123   |   09:28:52   |   03:38:26   |
7454        |       -2350.16   |       -2368.99   |        18.8324   |   09:31:56   |   03:39:31   |
7455        |       -2346.15   |       -2367.79   |        21.6462   |   09:35:00   |   03:40:35   |
7456        |        -2347.6   |       -2370.59   |        22.9905   |   09:38:15   |   03:41:43   |
7457        |        -2345.9   |       -2365.62   |        19.7267   |   09:41:21   |   03:42:48   |
7458        |       -2345.36   |       -2365.95   |        20.5896   |   09:44:33   |   03:43:55   |
7459        |       -2345.37   |       -2366.06   |         20.687   |   09:48:03   |   03:45:09   |


Iter        |      Posterior   |     Likelihood   |          Prior   |    elapsed   |        ETA   |
----------------------------------------------------------------------------------------------------
7460        |       -2345.13   |       -2366.06   |        20.9208   |   09:51:05   |   03:46:12   |
7461        |       -2348.08   |       -2371.72   |        23.6397   |   10:04:11   |   03:51:06   |
7462        |       -2348.22   |        -2373.1   |        24.8881   |   10:06:56   |   03:52:03   |
7463        |       -2350.96   |       -2374.44   |        23.4813   |   10:10:00   |   03:53:06   |
7464        |       -2352.12   |       -2374.49   |        22.3677   |   10:13:11   |   03:54:12   |
7465        |       -2348.32   |       -2369.06   |        20.7461   |   10:16:11   |   03:55:14   |
7466        |       -2347.68   |        -2369.3   |        21.6117   |   10:18:48   |   03:56:07   |
7467        |       -2346.49   |       -2370.19   |         23.702   |   10:21:56   |   03:57:12   |
7468        |        -2346.8   |       -2371.19   |        24.3891   |   10:25:03   |   03:58:17   |
7469        |       -2347.22   |       -2369.71   |        22.4906   |   10:27:25   |   03:59:04   |
7470        |       -2346.17   |       -2368.57   |        22.3942   |   10:30:12   |   04:00:00   |
7471        |       -2347.39   |          -2370   |        22.6128   |   10:42:55   |   04:04:44   |
7472        |       -2346.95   |       -2369.72   |        22.7618   |   10:45:44   |   04:05:41   |
7473        |       -2348.87   |       -2373.85   |        24.9709   |   10:48:37   |   04:06:40   |
7474        |       -2347.13   |       -2372.44   |        25.3088   |   10:51:54   |   04:07:47   |
7475        |       -2348.85   |       -2372.45   |         23.599   |   10:54:54   |   04:08:49   |
7476        |       -2348.19   |       -2373.05   |        24.8646   |   10:57:39   |   04:09:44   |
7477        |       -2348.96   |       -2374.35   |        25.3854   |   11:00:31   |   04:10:42   |
7478        |       -2349.47   |        -2374.2   |        24.7337   |   11:03:28   |   04:11:42   |
7479        |       -2346.15   |       -2371.58   |        25.4289   |   11:06:13   |   04:12:37   |


Iter        |      Posterior   |     Likelihood   |          Prior   |    elapsed   |        ETA   |
----------------------------------------------------------------------------------------------------
7480        |       -2347.99   |       -2372.67   |        24.6762   |   11:09:19   |   04:13:40   |
7481        |       -2349.96   |       -2371.91   |        21.9517   |   11:22:08   |   04:18:24   |
7482        |       -2348.49   |       -2370.51   |        22.0182   |   11:25:21   |   04:19:30   |
7483        |       -2348.26   |        -2369.7   |        21.4415   |   11:28:20   |   04:20:30   |
7484        |       -2349.04   |       -2369.29   |        20.2547   |   11:31:29   |   04:21:34   |
7485        |       -2350.89   |        -2372.1   |        21.2028   |   11:34:20   |   04:22:31   |
7486        |       -2351.15   |       -2374.25   |        23.1037   |   11:37:16   |   04:23:30   |
7487        |       -2350.55   |       -2375.24   |        24.6941   |   11:40:05   |   04:24:26   |
7488        |       -2351.51   |       -2376.69   |        25.1866   |   11:43:24   |   04:25:33   |
7489        |       -2349.68   |       -2373.46   |        23.7739   |   11:46:22   |   04:26:32   |
7490        |       -2352.03   |       -2373.78   |        21.7583   |   11:49:11   |   04:27:28   |
7491        |       -2352.19   |       -2372.64   |        20.4526   |   12:02:18   |   04:32:17   |
7492        |       -2351.86   |       -2372.08   |        20.2252   |   12:05:09   |   04:33:14   |
7493        |       -2346.12   |       -2369.19   |        23.0644   |   12:08:23   |   04:34:19   |
7494        |       -2346.76   |        -2369.9   |        23.1343   |   12:11:17   |   04:35:16   |
7495        |       -2347.28   |       -2369.65   |         22.372   |   12:14:25   |   04:36:19   |
7496        |       -2347.44   |       -2367.59   |        20.1446   |   12:17:44   |   04:37:26   |
7497        |       -2346.96   |       -2366.92   |        19.9585   |   12:21:16   |   04:38:37   |
7498        |       -2346.07   |       -2369.33   |        23.2616   |   12:24:25   |   04:39:40   |
7499        |       -2348.32   |       -2372.22   |        23.8997   |   12:27:35   |   04:40:43   |


Iter        |      Posterior   |     Likelihood   |          Prior   |    elapsed   |        ETA   |
----------------------------------------------------------------------------------------------------
7500        |       -2349.31   |       -2373.15   |        23.8356   |   12:30:32   |   04:41:42   |
7501        |       -2351.14   |       -2376.49   |        25.3567   |   12:43:01   |   04:46:14   |
7502        |       -2353.04   |       -2379.98   |        26.9346   |   12:46:12   |   04:47:17   |
7503        |       -2350.01   |       -2373.45   |        23.4471   |   12:49:05   |   04:48:14   |
7504        |       -2351.72   |       -2374.27   |         22.547   |   12:51:48   |   04:49:06   |
7505        |       -2348.53   |       -2369.21   |        20.6812   |   12:54:45   |   04:50:04   |
7506        |       -2347.72   |       -2367.37   |         19.653   |   12:57:47   |   04:51:04   |
7507        |       -2345.58   |       -2366.08   |        20.4951   |   13:01:02   |   04:52:08   |
7508        |       -2349.08   |       -2371.25   |        22.1668   |   13:03:55   |   04:53:04   |
7509        |          -2345   |        -2367.3   |        22.2969   |   13:06:58   |   04:54:04   |
7510        |       -2346.83   |       -2368.28   |        21.4521   |   13:09:56   |   04:55:02   |
7511        |       -2347.73   |       -2370.75   |        23.0178   |   13:22:33   |   04:59:36   |
7512        |       -2347.59   |       -2371.17   |        23.5802   |   13:25:27   |   05:00:32   |
7513        |       -2351.38   |       -2376.07   |         24.691   |   13:28:09   |   05:01:24   |
7514        |       -2354.39   |       -2379.03   |        24.6445   |   13:30:49   |   05:02:14   |
7515        |       -2350.13   |       -2374.87   |        24.7392   |   13:33:19   |   05:03:01   |
7516        |       -2348.26   |       -2372.55   |        24.2855   |   13:36:08   |   05:03:55   |
7517        |       -2348.43   |       -2370.97   |        22.5449   |   13:39:10   |   05:04:54   |
7518        |        -2347.2   |       -2369.89   |         22.699   |   13:42:08   |   05:05:52   |
7519        |       -2347.83   |       -2369.67   |        21.8422   |   13:45:19   |   05:06:54   |


Iter        |      Posterior   |     Likelihood   |          Prior   |    elapsed   |        ETA   |
----------------------------------------------------------------------------------------------------
7520        |       -2345.82   |       -2366.88   |        21.0565   |   13:48:32   |   05:07:56   |
7521        |       -2348.12   |       -2370.11   |        21.9907   |   14:01:28   |   05:12:35   |
7522        |       -2348.79   |       -2371.17   |        22.3801   |   14:04:24   |   05:13:32   |
7523        |       -2352.21   |       -2373.17   |        20.9631   |   14:07:30   |   05:14:31   |
7524        |       -2353.52   |       -2373.07   |        19.5563   |   14:10:42   |   05:15:33   |
7525        |       -2353.52   |       -2373.07   |        19.5563   |   14:13:58   |   05:16:37   |
7526        |       -2357.19   |          -2375   |        17.8109   |   14:17:08   |   05:17:38   |
7527        |       -2359.27   |       -2380.53   |         21.256   |   14:20:20   |   05:18:40   |
7528        |       -2355.71   |       -2377.03   |        21.3228   |   14:23:29   |   05:19:40   |
7529        |       -2355.79   |       -2377.12   |        21.3246   |   14:26:41   |   05:20:42   |
7530        |       -2356.97   |       -2378.33   |        21.3633   |   14:30:08   |   05:21:49   |
7531        |       -2357.01   |       -2378.37   |        21.3629   |   14:43:11   |   05:26:29   |
7532        |       -2352.57   |       -2374.07   |         21.501   |   14:46:24   |   05:27:30   |
7533        |        -2349.9   |        -2371.6   |        21.7008   |   14:49:21   |   05:28:26   |
7534        |       -2347.51   |       -2369.58   |        22.0718   |   14:52:35   |   05:29:28   |
7535        |        -2349.1   |       -2371.87   |        22.7705   |   14:55:31   |   05:30:23   |
7536        |       -2346.16   |       -2367.41   |          21.25   |   14:58:29   |   05:31:19   |
7537        |       -2344.31   |       -2366.47   |        22.1528   |   15:01:28   |   05:32:15   |
7538        |       -2346.31   |       -2370.74   |        24.4296   |   15:03:39   |   05:32:54   |
7539        |       -2345.87   |       -2369.41   |        23.5351   |   15:06:25   |   05:33:45   |


Iter        |      Posterior   |     Likelihood   |          Prior   |    elapsed   |        ETA   |
----------------------------------------------------------------------------------------------------
7540        |       -2344.82   |       -2367.92   |        23.1011   |   15:09:15   |   05:34:38   |
7541        |       -2346.05   |       -2365.88   |         19.823   |   15:21:56   |   05:39:08   |
7542        |       -2347.41   |       -2368.74   |        21.3313   |   15:24:56   |   05:40:04   |
7543        |        -2348.6   |       -2369.97   |        21.3684   |   15:27:56   |   05:41:00   |
7544        |       -2346.45   |       -2367.74   |        21.2817   |   15:31:03   |   05:41:59   |
7545        |       -2348.23   |       -2367.03   |        18.7992   |   15:34:17   |   05:43:00   |
7546        |       -2347.92   |       -2367.44   |        19.5128   |   15:37:05   |   05:43:51   |
7547        |       -2346.15   |       -2367.31   |        21.1623   |   15:40:17   |   05:44:51   |
7548        |       -2345.99   |       -2368.63   |        22.6393   |   15:43:26   |   05:45:51   |
7549        |       -2346.79   |       -2369.44   |        22.6473   |   15:46:09   |   05:46:40   |
7550        |       -2348.53   |       -2370.65   |        22.1212   |   15:49:05   |   05:47:34   |
7551        |       -2352.75   |       -2375.82   |        23.0727   |   16:01:35   |   05:51:58   |
7552        |       -2348.81   |       -2370.75   |        21.9379   |   16:04:37   |   05:52:55   |
7553        |       -2351.05   |       -2373.38   |        22.3362   |   16:07:36   |   05:53:50   |
7554        |       -2351.98   |       -2374.03   |        22.0496   |   16:10:23   |   05:54:40   |
7555        |       -2351.25   |       -2373.51   |        22.2592   |   16:13:43   |   05:55:43   |
7556        |       -2352.57   |       -2370.24   |        17.6691   |   16:16:59   |   05:56:44   |
7557        |        -2351.1   |       -2371.78   |        20.6859   |   16:20:13   |   05:57:44   |
7558        |       -2357.89   |       -2376.01   |        18.1214   |   16:23:49   |   05:58:52   |
7559        |       -2352.14   |       -2373.18   |        21.0415   |   16:27:03   |   05:59:52   |


Iter        |      Posterior   |     Likelihood   |          Prior   |    elapsed   |        ETA   |
----------------------------------------------------------------------------------------------------
7560        |       -2350.92   |       -2370.28   |        19.3586   |   16:30:14   |   06:00:51   |
7561        |       -2350.92   |       -2370.28   |        19.3586   |   16:43:25   |   06:05:28   |
7562        |       -2349.54   |       -2371.53   |        21.9836   |   16:46:17   |   06:06:20   |
7563        |       -2348.82   |        -2369.2   |        20.3805   |   16:49:20   |   06:07:16   |
7564        |       -2350.91   |       -2369.98   |        19.0774   |   16:52:28   |   06:08:13   |
7565        |       -2354.11   |       -2371.48   |        17.3697   |   16:55:33   |   06:09:10   |
7566        |       -2354.32   |       -2371.75   |         17.424   |   16:58:43   |   06:10:08   |
7567        |       -2355.08   |       -2370.06   |         14.976   |   17:01:58   |   06:11:07   |
7568        |       -2354.93   |       -2368.64   |        13.7137   |   17:05:07   |   06:12:05   |
7569        |       -2356.96   |       -2372.79   |         15.822   |   17:08:23   |   06:13:05   |
7570        |       -2356.96   |       -2372.79   |         15.822   |   17:11:45   |   06:14:07   |
7571        |       -2359.16   |       -2374.08   |         14.914   |   17:24:53   |   06:18:42   |
7572        |       -2359.16   |       -2374.08   |         14.914   |   17:28:21   |   06:19:46   |
7573        |       -2359.16   |       -2374.08   |         14.914   |   17:31:59   |   06:20:53   |
7574        |       -2359.16   |       -2374.08   |         14.914   |   17:35:19   |   06:21:54   |
7575        |       -2358.11   |       -2372.04   |        13.9328   |   17:38:47   |   06:22:58   |
7576        |       -2352.99   |       -2368.83   |        15.8396   |   17:41:42   |   06:23:50   |
7577        |       -2353.16   |          -2369   |        15.8392   |   17:45:18   |   06:24:57   |
7578        |        -2350.5   |       -2368.82   |        18.3156   |   17:48:34   |   06:25:56   |
7579        |       -2351.48   |       -2367.75   |        16.2669   |   17:51:58   |   06:26:58   |


Iter        |      Posterior   |     Likelihood   |          Prior   |    elapsed   |        ETA   |
----------------------------------------------------------------------------------------------------
7580        |        -2352.3   |       -2371.27   |        18.9627   |   17:54:55   |   06:27:50   |
7581        |       -2353.25   |       -2369.05   |        15.7948   |   18:08:13   |   06:32:27   |
7582        |       -2353.25   |       -2369.05   |        15.7948   |   18:11:33   |   06:33:27   |
7583        |       -2355.05   |          -2370   |        14.9513   |   18:14:59   |   06:34:30   |
7584        |       -2352.38   |       -2368.96   |        16.5883   |   18:18:16   |   06:35:29   |
7585        |        -2355.4   |        -2371.8   |        16.4002   |   18:21:28   |   06:36:26   |
7586        |       -2352.78   |       -2370.92   |        18.1421   |   18:24:24   |   06:37:17   |
7587        |        -2352.1   |       -2368.86   |        16.7632   |   18:27:26   |   06:38:11   |
7588        |       -2351.65   |       -2368.52   |        16.8608   |   18:30:22   |   06:39:02   |
7589        |       -2349.04   |       -2370.24   |        21.1964   |   18:33:40   |   06:40:02   |
7590        |       -2348.37   |       -2369.48   |        21.1082   |   18:37:04   |   06:41:03   |
7591        |       -2349.26   |       -2372.46   |        23.1975   |   18:49:40   |   06:45:22   |
7592        |       -2350.29   |       -2372.58   |         22.293   |   18:52:34   |   06:46:12   |
7593        |       -2350.76   |       -2372.34   |        21.5755   |   18:55:30   |   06:47:03   |
7594        |       -2350.76   |       -2372.34   |        21.5755   |   18:59:00   |   06:48:06   |
7595        |       -2351.88   |       -2373.24   |        21.3565   |   19:02:04   |   06:49:00   |
7596        |       -2352.18   |       -2372.43   |        20.2551   |   19:05:08   |   06:49:54   |
7597        |       -2352.04   |        -2371.5   |        19.4595   |   19:08:04   |   06:50:44   |
7598        |       -2352.18   |       -2375.85   |        23.6703   |   19:11:04   |   06:51:36   |
7599        |       -2352.17   |       -2374.87   |        22.6971   |   19:14:09   |   06:52:30   |


Iter        |      Posterior   |     Likelihood   |          Prior   |    elapsed   |        ETA   |
----------------------------------------------------------------------------------------------------
7600        |       -2351.45   |       -2374.27   |        22.8183   |   19:17:28   |   06:53:29   |
7601        |       -2353.18   |       -2375.47   |        22.2963   |   19:30:07   |   06:57:47   |
7602        |       -2353.33   |       -2376.17   |        22.8422   |   19:33:21   |   06:58:44   |
7603        |       -2357.33   |       -2380.41   |        23.0722   |   19:36:40   |   06:59:43   |
7604        |        -2351.7   |       -2374.66   |         22.957   |   19:39:38   |   07:00:33   |
7605        |        -2350.7   |       -2373.05   |        22.3476   |   19:42:37   |   07:01:25   |
7606        |       -2349.54   |       -2373.36   |        23.8207   |   19:45:38   |   07:02:16   |
7607        |       -2352.26   |       -2374.68   |        22.4162   |   19:48:48   |   07:03:11   |
7608        |       -2353.02   |       -2375.72   |        22.7008   |   19:51:47   |   07:04:02   |
7609        |       -2352.27   |       -2374.57   |        22.3034   |   19:55:01   |   07:04:59   |
7610        |       -2349.83   |       -2373.41   |        23.5782   |   19:57:58   |   07:05:49   |
7611        |       -2351.42   |       -2373.47   |        22.0456   |   20:10:40   |   07:10:07   |
7612        |       -2351.96   |       -2373.82   |        21.8559   |   20:13:52   |   07:11:02   |
7613        |       -2349.93   |       -2371.41   |        21.4747   |   20:16:54   |   07:11:54   |
7614        |       -2350.44   |       -2373.17   |        22.7228   |   20:19:35   |   07:12:38   |
7615        |       -2351.57   |       -2371.56   |        19.9878   |   20:22:41   |   07:13:31   |
7616        |       -2350.28   |       -2370.48   |        20.1913   |   20:25:43   |   07:14:22   |
7617        |       -2352.72   |       -2374.43   |        21.7054   |   20:28:42   |   07:15:12   |
7618        |       -2354.68   |       -2374.44   |        19.7596   |   20:31:40   |   07:16:02   |
7619        |       -2352.11   |       -2370.61   |        18.4944   |   20:34:39   |   07:16:53   |


Iter        |      Posterior   |     Likelihood   |          Prior   |    elapsed   |        ETA   |
----------------------------------------------------------------------------------------------------
7620        |       -2355.06   |        -2372.3   |        17.2456   |   20:38:07   |   07:17:53   |
7621        |       -2354.91   |       -2370.55   |        15.6376   |   20:51:25   |   07:22:22   |
7622        |       -2355.87   |       -2371.44   |        15.5745   |   20:54:29   |   07:23:13   |
7623        |       -2354.34   |       -2373.25   |        18.9035   |   20:57:26   |   07:24:03   |
7624        |       -2351.29   |       -2371.59   |        20.3023   |   21:00:30   |   07:24:54   |
7625        |       -2353.44   |       -2371.31   |        17.8696   |   21:03:22   |   07:25:41   |
7626        |       -2357.31   |        -2373.1   |         15.791   |   21:06:35   |   07:26:36   |
7627        |       -2353.25   |       -2369.93   |        16.6798   |   21:09:39   |   07:27:27   |
7628        |       -2351.83   |       -2372.58   |        20.7496   |   21:12:47   |   07:28:20   |
7629        |       -2349.52   |       -2369.64   |        20.1168   |   21:15:39   |   07:29:07   |
7630        |       -2350.81   |       -2369.97   |        19.1588   |   21:18:43   |   07:29:58   |
7631        |       -2352.43   |       -2372.66   |        20.2316   |   21:31:38   |   07:34:17   |
7632        |       -2355.42   |       -2372.59   |        17.1687   |   21:34:42   |   07:35:08   |
7633        |       -2357.57   |        -2375.5   |        17.9254   |   21:37:46   |   07:35:59   |
7634        |       -2354.59   |       -2374.34   |        19.7474   |   21:40:42   |   07:36:47   |
7635        |       -2354.15   |       -2374.51   |        20.3617   |   21:43:30   |   07:37:32   |
7636        |       -2352.95   |       -2375.19   |        22.2359   |   21:46:21   |   07:38:19   |
7637        |       -2352.71   |       -2376.94   |        24.2344   |   21:49:12   |   07:39:05   |
7638        |       -2354.09   |       -2378.44   |        24.3495   |   21:52:35   |   07:40:02   |
7639        |       -2353.42   |       -2377.17   |        23.7427   |   21:55:33   |   07:40:50   |


Iter        |      Posterior   |     Likelihood   |          Prior   |    elapsed   |        ETA   |
----------------------------------------------------------------------------------------------------
7640        |       -2357.38   |       -2378.83   |        21.4545   |   21:58:28   |   07:41:38   |
7641        |       -2356.16   |       -2376.19   |        20.0246   |   22:11:03   |   07:45:48   |
7642        |       -2358.33   |       -2378.59   |        20.2571   |   22:14:07   |   07:46:38   |
7643        |       -2354.31   |        -2378.5   |        24.1937   |   22:17:07   |   07:47:27   |
7644        |       -2354.59   |          -2379   |        24.4099   |   22:20:05   |   07:48:15   |
7645        |       -2354.15   |       -2378.67   |        24.5237   |   22:23:29   |   07:49:12   |
7646        |       -2351.67   |       -2375.18   |        23.5147   |   22:26:43   |   07:50:06   |
7647        |       -2355.88   |       -2380.84   |        24.9583   |   22:30:04   |   07:51:01   |
7648        |       -2353.89   |       -2375.73   |        21.8428   |   22:32:59   |   07:51:48   |
7649        |       -2354.51   |       -2377.49   |        22.9818   |   22:36:06   |   07:52:39   |
7650        |       -2355.34   |       -2377.76   |        22.4111   |   22:39:25   |   07:53:34   |
7651        |       -2353.39   |       -2376.02   |        22.6349   |   22:52:07   |   07:57:45   |
7652        |       -2352.88   |       -2375.37   |        22.4918   |   22:55:18   |   07:58:37   |
7653        |       -2350.75   |       -2371.04   |        20.2946   |   22:58:23   |   07:59:27   |
7654        |       -2353.02   |        -2375.3   |        22.2826   |   23:01:31   |   08:00:17   |
7655        |       -2354.68   |       -2376.42   |        21.7443   |   23:04:41   |   08:01:09   |
7656        |       -2358.83   |       -2380.63   |        21.8002   |   23:08:06   |   08:02:06   |
7657        |       -2358.86   |       -2380.27   |        21.4025   |   23:11:25   |   08:03:00   |
7658        |       -2360.73   |       -2382.78   |        22.0582   |   23:14:52   |   08:03:57   |
7659        |       -2358.51   |       -2378.95   |        20.4453   |   23:18:00   |   08:04:48   |


Iter        |      Posterior   |     Likelihood   |          Prior   |    elapsed   |        ETA   |
----------------------------------------------------------------------------------------------------
7660        |       -2360.25   |       -2378.71   |        18.4624   |   23:20:57   |   08:05:34   |
7661        |       -2356.06   |       -2376.31   |        20.2482   |   23:33:51   |   08:09:48   |
7662        |          -2356   |       -2378.82   |        22.8212   |   23:36:45   |   08:10:33   |
7663        |       -2358.02   |       -2380.16   |        22.1461   |   23:39:54   |   08:11:23   |
7664        |        -2356.6   |        -2378.8   |        22.1999   |   23:42:50   |   08:12:09   |
7665        |       -2354.75   |       -2378.36   |        23.6068   |   23:45:55   |   08:12:58   |
7666        |       -2350.75   |       -2374.79   |        24.0428   |   23:48:59   |   08:13:47   |
7667        |       -2348.78   |       -2370.77   |        21.9932   |   23:52:00   |   08:14:34   |
7668        |       -2349.63   |       -2373.04   |        23.4044   |   23:54:51   |   08:15:18   |
7669        |       -2350.98   |       -2374.35   |        23.3668   |   23:58:09   |   08:16:11   |
7670        |       -2350.49   |       -2375.13   |        24.6448   |   24:01:10   |   08:16:59   |
7671        |       -2351.66   |       -2374.73   |        23.0706   |   24:13:52   |   08:21:06   |
7672        |       -2352.67   |       -2375.72   |        23.0539   |   24:16:49   |   08:21:52   |
7673        |       -2350.15   |       -2374.85   |        24.7003   |   24:19:47   |   08:22:38   |
7674        |       -2348.56   |        -2371.3   |        22.7359   |   24:22:39   |   08:23:22   |
7675        |       -2351.12   |       -2376.06   |        24.9356   |   24:25:49   |   08:24:12   |
7676        |       -2353.23   |       -2375.72   |        22.4989   |   24:29:12   |   08:25:06   |
7677        |       -2350.62   |       -2373.23   |        22.6018   |   24:32:27   |   08:25:58   |
7678        |        -2350.3   |       -2371.75   |        21.4541   |   24:35:39   |   08:26:48   |
7679        |       -2347.71   |       -2371.54   |        23.8212   |   24:38:51   |   08:27:39   |


Iter        |      Posterior   |     Likelihood   |          Prior   |    elapsed   |        ETA   |
----------------------------------------------------------------------------------------------------
7680        |       -2347.39   |       -2370.76   |        23.3738   |   24:41:58   |   08:28:27   |
7681        |        -2347.1   |       -2369.07   |         21.964   |   24:54:15   |   08:32:24   |
7682        |        -2347.1   |       -2368.99   |        21.8833   |   24:57:38   |   08:33:18   |
7683        |       -2346.72   |       -2369.57   |        22.8486   |   25:00:33   |   08:34:03   |
7684        |       -2347.82   |       -2371.41   |        23.5942   |   25:03:46   |   08:34:53   |
7685        |        -2346.2   |       -2369.08   |         22.874   |   25:06:54   |   08:35:41   |
7686        |       -2346.27   |       -2369.26   |        22.9825   |   25:10:17   |   08:36:35   |
7687        |       -2350.35   |       -2372.67   |        22.3165   |   25:13:24   |   08:37:23   |
7688        |       -2349.14   |       -2369.79   |        20.6424   |   25:16:20   |   08:38:07   |
7689        |       -2349.65   |       -2368.58   |        18.9372   |   25:19:47   |   08:39:02   |
7690        |       -2349.62   |       -2368.58   |        18.9528   |   25:23:20   |   08:39:59   |
7691        |       -2349.62   |       -2368.58   |        18.9528   |   25:36:29   |   08:44:12   |
7692        |       -2349.79   |       -2371.64   |         21.854   |   25:39:53   |   08:45:06   |
7693        |       -2347.63   |       -2370.79   |         23.168   |   25:43:05   |   08:45:55   |
7694        |        -2349.8   |       -2369.27   |        19.4735   |   25:46:07   |   08:46:41   |
7695        |       -2350.36   |       -2367.98   |         17.628   |   25:49:06   |   08:47:26   |
7696        |       -2348.56   |       -2367.01   |        18.4532   |   25:52:02   |   08:48:10   |
7697        |       -2346.63   |        -2369.9   |        23.2754   |   25:55:19   |   08:49:00   |
7698        |       -2347.03   |       -2371.46   |        24.4289   |   25:58:28   |   08:49:48   |
7699        |       -2350.89   |       -2376.49   |        25.5977   |   26:01:22   |   08:50:31   |


Iter        |      Posterior   |     Likelihood   |          Prior   |    elapsed   |        ETA   |
----------------------------------------------------------------------------------------------------
7700        |       -2351.25   |       -2376.67   |        25.4203   |   26:04:53   |   08:51:27   |
7701        |       -2351.33   |       -2375.63   |        24.3021   |   26:17:40   |   08:55:31   |
7702        |       -2352.86   |       -2376.13   |        23.2711   |   26:20:36   |   08:56:14   |
7703        |       -2351.31   |       -2377.51   |        26.2016   |   26:23:51   |   08:57:03   |
7704        |       -2348.47   |       -2373.92   |        25.4491   |   26:26:54   |   08:57:49   |
7705        |        -2344.5   |       -2369.49   |        24.9857   |   26:29:46   |   08:58:31   |
7706        |       -2351.09   |       -2375.32   |        24.2319   |   26:32:59   |   08:59:19   |
7707        |       -2346.27   |       -2369.42   |        23.1509   |   26:35:43   |   08:59:58   |
7708        |       -2349.77   |       -2371.91   |        22.1326   |   26:38:53   |   09:00:46   |
7709        |       -2354.21   |       -2377.02   |        22.8095   |   26:41:59   |   09:01:32   |
7710        |       -2344.87   |       -2367.98   |        23.1061   |   26:45:10   |   09:02:20   |
7711        |       -2344.54   |       -2368.06   |        23.5233   |   26:57:56   |   09:06:22   |
7712        |       -2343.93   |       -2366.49   |        22.5623   |   27:00:50   |   09:07:04   |
7713        |       -2343.17   |       -2366.97   |         23.794   |   27:03:50   |   09:07:48   |
7714        |       -2345.75   |       -2368.67   |        22.9205   |   27:06:55   |   09:08:33   |
7715        |       -2342.73   |        -2366.3   |        23.5634   |   27:09:52   |   09:09:16   |
7716        |       -2344.78   |       -2368.47   |        23.6977   |   27:12:47   |   09:09:58   |
7717        |       -2347.22   |       -2371.67   |        24.4511   |   27:15:40   |   09:10:39   |
7718        |       -2346.52   |       -2371.65   |        25.1247   |   27:18:36   |   09:11:21   |
7719        |       -2346.54   |       -2371.51   |        24.9771   |   27:21:38   |   09:12:06   |


Iter        |      Posterior   |     Likelihood   |          Prior   |    elapsed   |        ETA   |
----------------------------------------------------------------------------------------------------
7720        |       -2346.35   |       -2369.36   |        23.0107   |   27:24:34   |   09:12:48   |
7721        |       -2346.67   |       -2371.38   |        24.7117   |   27:37:06   |   09:16:43   |
7722        |       -2350.24   |       -2373.95   |        23.7085   |   27:40:09   |   09:17:28   |
7723        |       -2349.48   |       -2372.44   |        22.9621   |   27:43:14   |   09:18:12   |
7724        |       -2350.56   |       -2372.35   |        21.7932   |   27:46:00   |   09:18:51   |
7725        |       -2350.28   |        -2373.1   |        22.8203   |   27:48:59   |   09:19:34   |
7726        |       -2350.28   |        -2373.1   |        22.8203   |   27:52:21   |   09:20:24   |
7727        |       -2348.39   |       -2370.82   |         22.426   |   27:55:24   |   09:21:08   |
7728        |       -2350.37   |       -2372.33   |        21.9589   |   27:58:37   |   09:21:55   |
7729        |        -2350.8   |       -2373.81   |        23.0025   |   28:01:47   |   09:22:41   |
7730        |        -2350.8   |       -2373.81   |        23.0025   |   28:05:10   |   09:23:32   |
7731        |       -2348.85   |       -2370.27   |          21.42   |   28:17:40   |   09:27:25   |
7732        |        -2347.9   |       -2370.37   |        22.4646   |   28:20:46   |   09:28:10   |
7733        |       -2345.93   |       -2370.23   |        24.2992   |   28:24:00   |   09:28:57   |
7734        |       -2348.11   |       -2371.13   |        23.0267   |   28:27:14   |   09:29:44   |
7735        |       -2347.78   |       -2369.93   |        22.1524   |   28:30:18   |   09:30:28   |
7736        |       -2347.46   |       -2370.04   |        22.5839   |   28:33:30   |   09:31:14   |
7737        |        -2348.6   |       -2371.28   |        22.6831   |   28:36:13   |   09:31:51   |
7738        |       -2347.06   |       -2370.37   |        23.3097   |   28:39:27   |   09:32:37   |
7739        |       -2348.27   |       -2374.46   |        26.1932   |   28:42:19   |   09:33:17   |


Iter        |      Posterior   |     Likelihood   |          Prior   |    elapsed   |        ETA   |
----------------------------------------------------------------------------------------------------
7740        |       -2348.12   |       -2374.21   |        26.0889   |   28:45:05   |   09:33:54   |
7741        |       -2350.38   |       -2373.63   |        23.2418   |   28:57:43   |   09:37:49   |
7742        |       -2350.42   |        -2376.4   |        25.9827   |   29:00:41   |   09:38:30   |
7743        |       -2357.82   |       -2383.43   |        25.6025   |   29:04:06   |   09:39:20   |
7744        |       -2356.18   |       -2381.25   |        25.0653   |   29:07:02   |   09:40:00   |
7745        |       -2355.36   |       -2380.25   |        24.8927   |   29:10:13   |   09:40:46   |
7746        |       -2355.64   |       -2381.19   |        25.5548   |   29:13:24   |   09:41:31   |
7747        |       -2353.91   |       -2377.82   |        23.9008   |   29:16:24   |   09:42:13   |
7748        |       -2354.89   |       -2379.13   |        24.2432   |   29:19:10   |   09:42:49   |
7749        |       -2354.03   |       -2378.16   |        24.1223   |   29:22:19   |   09:43:34   |
7750        |       -2353.87   |       -2378.18   |         24.318   |   29:25:41   |   09:44:23   |
7751        |       -2351.54   |       -2378.13   |        26.5917   |   29:38:26   |   09:48:17   |
7752        |       -2351.23   |       -2377.75   |        26.5198   |   29:41:17   |   09:48:56   |
7753        |        -2349.2   |       -2375.25   |        26.0521   |   29:44:14   |   09:49:36   |
7754        |       -2351.86   |       -2375.11   |        23.2586   |   29:47:20   |   09:50:19   |
7755        |       -2353.53   |       -2375.39   |        21.8601   |   29:50:26   |   09:51:02   |
7756        |       -2352.72   |       -2376.92   |        24.2016   |   29:53:46   |   09:51:49   |
7757        |       -2351.94   |       -2376.62   |        24.6871   |   29:56:58   |   09:52:34   |
7758        |        -2354.4   |        -2378.8   |        24.4033   |   30:00:33   |   09:53:27   |
7759        |       -2355.76   |       -2381.24   |        25.4826   |   30:03:40   |   09:54:10   |


Iter        |      Posterior   |     Likelihood   |          Prior   |    elapsed   |        ETA   |
----------------------------------------------------------------------------------------------------
7760        |       -2357.73   |        -2383.1   |        25.3691   |   30:06:21   |   09:54:44   |
7761        |       -2354.56   |        -2380.4   |        25.8454   |   30:18:47   |   09:58:31   |
7762        |       -2354.69   |       -2381.41   |         26.724   |   30:21:50   |   09:59:13   |
7763        |       -2358.31   |       -2384.51   |        26.1945   |   30:24:47   |   09:59:52   |
7764        |       -2358.01   |       -2384.44   |        26.4236   |   30:28:06   |   10:00:39   |
7765        |       -2359.46   |       -2383.59   |        24.1293   |   30:30:50   |   10:01:14   |
7766        |       -2351.13   |        -2372.6   |        21.4696   |   30:33:38   |   10:01:50   |
7767        |       -2351.41   |       -2372.71   |        21.2974   |   30:37:23   |   10:02:45   |
7768        |       -2352.14   |       -2374.19   |        22.0505   |   30:40:38   |   10:03:30   |
7769        |       -2353.49   |       -2371.79   |         18.306   |   30:43:57   |   10:04:17   |
7770        |       -2351.58   |       -2371.37   |        19.7908   |   30:46:57   |   10:04:57   |
7771        |       -2351.69   |       -2372.65   |        20.9641   |   30:59:51   |   10:08:51   |
7772        |       -2350.37   |       -2367.23   |        16.8579   |   31:03:15   |   10:09:39   |
7773        |        -2350.9   |       -2364.97   |        14.0774   |   31:06:44   |   10:10:28   |
7774        |       -2351.88   |        -2368.8   |        16.9238   |   31:09:52   |   10:11:10   |
7775        |       -2349.04   |       -2366.47   |          17.43   |   31:13:35   |   10:12:04   |
7776        |       -2349.81   |        -2369.2   |        19.3923   |   31:16:43   |   10:12:46   |
7777        |       -2349.62   |       -2370.31   |        20.6901   |   31:19:59   |   10:13:31   |
7778        |        -2346.6   |       -2366.62   |        20.0184   |   31:23:04   |   10:14:12   |
7779        |       -2347.02   |        -2368.5   |        21.4819   |   31:26:18   |   10:14:56   |


Iter        |      Posterior   |     Likelihood   |          Prior   |    elapsed   |        ETA   |
----------------------------------------------------------------------------------------------------
7780        |       -2346.87   |       -2369.57   |        22.7034   |   31:29:32   |   10:15:40   |
7781        |       -2350.07   |       -2369.15   |        19.0791   |   31:42:13   |   10:19:29   |
7782        |       -2349.28   |       -2369.35   |        20.0746   |   31:45:15   |   10:20:08   |
7783        |       -2347.32   |       -2367.13   |        19.8137   |   31:48:27   |   10:20:51   |
7784        |       -2351.42   |       -2376.51   |        25.0952   |   31:51:28   |   10:21:31   |
7785        |       -2352.46   |       -2376.63   |        24.1751   |   31:54:16   |   10:22:06   |
7786        |        -2350.6   |        -2374.9   |        24.3033   |   31:57:17   |   10:22:45   |
7787        |        -2349.5   |       -2373.65   |        24.1491   |   32:00:27   |   10:23:27   |
7788        |       -2347.99   |       -2370.98   |        22.9909   |   32:03:12   |   10:24:01   |
7789        |        -2346.9   |       -2370.25   |        23.3539   |   32:06:21   |   10:24:43   |
7790        |        -2346.4   |       -2368.19   |        21.7907   |   32:09:19   |   10:25:21   |
7791        |       -2346.32   |       -2367.96   |        21.6433   |   32:22:31   |   10:29:18   |
7792        |       -2345.98   |       -2367.59   |        21.6085   |   32:25:31   |   10:29:56   |
7793        |       -2348.94   |       -2367.23   |        18.2904   |   32:28:35   |   10:30:36   |
7794        |       -2347.29   |       -2367.12   |        19.8276   |   32:31:50   |   10:31:19   |
7795        |       -2346.75   |       -2366.39   |        19.6426   |   32:35:17   |   10:32:06   |
7796        |       -2349.21   |       -2367.51   |        18.2967   |   32:38:37   |   10:32:51   |
7797        |       -2349.21   |       -2367.73   |        18.5215   |   32:42:14   |   10:33:41   |
7798        |       -2349.79   |       -2372.94   |        23.1479   |   32:46:00   |   10:34:34   |
7799        |       -2351.53   |       -2375.61   |        24.0829   |   32:49:11   |   10:35:16   |


Iter        |      Posterior   |     Likelihood   |          Prior   |    elapsed   |        ETA   |
----------------------------------------------------------------------------------------------------
7800        |       -2350.47   |       -2373.73   |        23.2598   |   32:52:42   |   10:36:04   |
7801        |        -2348.2   |       -2371.13   |        22.9248   |   33:05:12   |   10:39:45   |
7802        |       -2345.41   |        -2367.8   |        22.3895   |   33:08:44   |   10:40:33   |
7803        |       -2345.96   |       -2365.62   |        19.6529   |   33:12:27   |   10:41:25   |
7804        |        -2347.7   |       -2365.48   |        17.7827   |   33:15:48   |   10:42:09   |
7805        |       -2345.11   |       -2362.52   |        17.4061   |   33:19:26   |   10:42:59   |
7806        |        -2345.3   |       -2363.03   |        17.7321   |   33:23:01   |   10:43:48   |
7807        |       -2344.85   |       -2363.14   |        18.2879   |   33:26:37   |   10:44:37   |
7808        |        -2345.6   |       -2364.61   |        19.0178   |   33:30:11   |   10:45:25   |
7809        |       -2344.08   |       -2365.24   |        21.1648   |   33:33:34   |   10:46:10   |
7810        |       -2346.08   |       -2366.87   |        20.7937   |   33:37:19   |   10:47:02   |
7811        |       -2346.08   |       -2366.87   |        20.7937   |   33:51:05   |   10:51:06   |
7812        |       -2346.08   |       -2366.87   |        20.7937   |   33:54:50   |   10:51:58   |
7813        |       -2347.66   |       -2366.66   |        18.9965   |   33:58:18   |   10:52:44   |
7814        |       -2347.84   |       -2364.86   |        17.0271   |   34:01:52   |   10:53:31   |
7815        |       -2347.68   |          -2365   |        17.3276   |   34:05:01   |   10:54:11   |
7816        |        -2346.5   |       -2366.46   |        19.9652   |   34:08:12   |   10:54:52   |
7817        |       -2346.47   |       -2364.39   |        17.9196   |   34:11:36   |   10:55:36   |
7818        |       -2345.81   |       -2365.35   |        19.5377   |   34:15:04   |   10:56:22   |
7819        |       -2346.83   |       -2366.29   |        19.4637   |   34:18:41   |   10:57:10   |


Iter        |      Posterior   |     Likelihood   |          Prior   |    elapsed   |        ETA   |
----------------------------------------------------------------------------------------------------
7820        |       -2345.84   |       -2365.38   |        19.5408   |   34:22:17   |   10:57:58   |
7821        |       -2345.91   |       -2365.63   |        19.7275   |   34:36:29   |   11:02:09   |
7822        |       -2350.36   |       -2367.91   |        17.5526   |   34:40:07   |   11:02:58   |
7823        |       -2350.36   |       -2367.91   |        17.5526   |   34:44:05   |   11:03:52   |
7824        |       -2350.36   |       -2367.91   |        17.5526   |   34:48:05   |   11:04:48   |
7825        |       -2351.43   |        -2364.8   |        13.3682   |   34:51:57   |   11:05:40   |
7826        |          -2350   |       -2363.57   |        13.5718   |   34:55:21   |   11:06:24   |
7827        |       -2354.18   |       -2367.14   |        12.9509   |   34:58:56   |   11:07:11   |
7828        |       -2352.85   |          -2371   |        18.1512   |   35:02:27   |   11:07:57   |
7829        |       -2351.32   |       -2369.77   |         18.444   |   35:05:53   |   11:08:41   |
7830        |       -2351.32   |       -2369.77   |         18.444   |   35:09:37   |   11:09:31   |
7831        |       -2351.32   |       -2369.77   |         18.444   |   35:24:28   |   11:13:52   |
7832        |       -2351.32   |       -2369.77   |         18.444   |   35:28:12   |   11:14:42   |
7833        |       -2351.26   |        -2369.7   |         18.442   |   35:31:47   |   11:15:29   |
7834        |       -2350.19   |       -2365.97   |        15.7828   |   35:35:14   |   11:16:13   |
7835        |       -2351.72   |       -2366.02   |        14.2988   |   35:38:47   |   11:16:59   |
7836        |       -2350.75   |       -2367.14   |        16.3918   |   35:42:30   |   11:17:48   |
7837        |       -2351.61   |       -2368.75   |        17.1473   |   35:46:04   |   11:18:34   |
7838        |       -2348.51   |       -2367.75   |        19.2459   |   35:49:41   |   11:19:21   |
7839        |       -2350.68   |        -2369.4   |        18.7216   |   35:53:13   |   11:20:06   |


Iter        |      Posterior   |     Likelihood   |          Prior   |    elapsed   |        ETA   |
----------------------------------------------------------------------------------------------------
7840        |       -2350.73   |       -2365.56   |        14.8317   |   35:56:54   |   11:20:54   |
7841        |       -2349.92   |       -2364.94   |        15.0235   |   36:11:12   |   11:25:03   |
7842        |       -2352.53   |       -2368.03   |        15.4953   |   36:15:12   |   11:25:57   |
7843        |       -2350.58   |       -2368.73   |        18.1558   |   36:18:55   |   11:26:45   |
7844        |        -2355.3   |       -2373.38   |        18.0747   |   36:22:24   |   11:27:29   |
7845        |        -2353.8   |       -2370.05   |        16.2506   |   36:26:00   |   11:28:15   |
7846        |       -2350.01   |       -2367.54   |        17.5294   |   36:29:30   |   11:28:59   |
7847        |       -2352.71   |       -2370.11   |        17.4022   |   36:32:36   |   11:29:36   |
7848        |       -2353.46   |       -2367.69   |        14.2298   |   36:36:31   |   11:30:28   |
7849        |       -2349.87   |       -2366.35   |          16.48   |   36:39:57   |   11:31:10   |
7850        |       -2349.64   |       -2365.83   |        16.1903   |   36:43:43   |   11:31:59   |
7851        |       -2350.56   |       -2365.85   |        15.2973   |   36:57:52   |   11:36:04   |
7852        |       -2348.55   |       -2367.26   |        18.7099   |   37:01:08   |   11:36:43   |
7853        |       -2354.74   |        -2371.2   |        16.4533   |   37:04:39   |   11:37:27   |
7854        |       -2348.33   |       -2365.92   |         17.588   |   37:08:05   |   11:38:09   |
7855        |       -2348.86   |       -2366.36   |         17.496   |   37:11:22   |   11:38:48   |
7856        |        -2351.8   |       -2370.14   |        18.3454   |   37:14:34   |   11:39:26   |
7857        |       -2355.32   |        -2373.7   |        18.3776   |   37:17:44   |   11:40:03   |
7858        |       -2351.64   |       -2371.28   |        19.6422   |   37:21:14   |   11:40:46   |
7859        |       -2350.75   |          -2368   |        17.2475   |   37:24:39   |   11:41:28   |


Iter        |      Posterior   |     Likelihood   |          Prior   |    elapsed   |        ETA   |
----------------------------------------------------------------------------------------------------
7860        |       -2349.85   |       -2366.92   |        17.0724   |   37:28:13   |   11:42:12   |
7861        |       -2347.06   |       -2367.32   |        20.2589   |   37:41:52   |   11:46:05   |
7862        |       -2348.19   |       -2369.58   |        21.3901   |   37:45:12   |   11:46:45   |
7863        |       -2347.42   |       -2368.59   |        21.1747   |   37:48:45   |   11:47:29   |
7864        |       -2345.46   |       -2367.02   |        21.5591   |   37:52:13   |   11:48:11   |
7865        |       -2347.17   |       -2368.95   |         21.782   |   37:55:58   |   11:48:58   |
7866        |       -2348.55   |       -2369.51   |        20.9572   |   37:59:04   |   11:49:33   |
7867        |       -2351.73   |       -2368.84   |        17.1082   |   38:02:39   |   11:50:17   |
7868        |       -2349.77   |       -2369.03   |        19.2574   |   38:06:11   |   11:51:01   |
7869        |       -2348.09   |       -2366.79   |        18.7043   |   38:09:43   |   11:51:44   |
7870        |       -2347.32   |       -2367.33   |        20.0159   |   38:13:23   |   11:52:29   |
7871        |          -2348   |       -2367.14   |        19.1337   |   38:27:34   |   11:56:30   |
7872        |       -2348.01   |        -2368.3   |        20.2843   |   38:30:53   |   11:57:09   |
7873        |       -2348.45   |       -2367.31   |        18.8676   |   38:34:18   |   11:57:50   |
7874        |       -2349.09   |        -2368.2   |        19.1068   |   38:37:52   |   11:58:33   |
7875        |       -2347.52   |       -2367.66   |         20.135   |   38:41:16   |   11:59:13   |
7876        |       -2349.05   |       -2370.57   |        21.5269   |   38:44:38   |   11:59:52   |
7877        |       -2347.81   |       -2368.85   |        21.0423   |   38:47:53   |   12:00:30   |
7878        |       -2347.36   |       -2369.15   |        21.7991   |   38:51:07   |   12:01:06   |
7879        |       -2347.25   |       -2368.82   |        21.5669   |   38:54:44   |   12:01:50   |


Iter        |      Posterior   |     Likelihood   |          Prior   |    elapsed   |        ETA   |
----------------------------------------------------------------------------------------------------
7880        |       -2347.82   |       -2368.41   |        20.5882   |   38:58:25   |   12:02:35   |
7881        |       -2348.18   |       -2367.36   |        19.1805   |   39:12:14   |   12:06:28   |
7882        |       -2351.22   |       -2369.23   |        18.0133   |   39:15:33   |   12:07:06   |
7883        |       -2351.45   |          -2368   |        16.5466   |   39:19:04   |   12:07:48   |
7884        |       -2354.47   |       -2367.98   |         13.508   |   39:22:46   |   12:08:32   |
7885        |       -2347.66   |       -2364.85   |        17.1868   |   39:26:29   |   12:09:18   |
7886        |       -2347.95   |       -2368.14   |        20.1901   |   39:29:52   |   12:09:57   |
7887        |       -2348.24   |       -2367.58   |        19.3466   |   39:33:12   |   12:10:35   |
7888        |       -2349.41   |       -2367.77   |        18.3682   |   39:36:38   |   12:11:14   |
7889        |        -2349.9   |       -2371.47   |        21.5753   |   39:39:41   |   12:11:47   |
7890        |        -2352.1   |       -2374.89   |        22.7889   |   39:42:51   |   12:12:22   |
7891        |       -2347.76   |       -2368.68   |        20.9205   |   39:56:34   |   12:16:11   |
7892        |       -2346.52   |       -2366.25   |        19.7235   |   39:59:37   |   12:16:43   |
7893        |       -2347.26   |       -2364.93   |        17.6685   |   40:02:52   |   12:17:19   |
7894        |       -2346.76   |       -2365.72   |        18.9594   |   40:06:35   |   12:18:04   |
7895        |       -2347.26   |       -2366.27   |        19.0114   |   40:10:21   |   12:18:49   |
7896        |       -2352.83   |       -2368.68   |        15.8511   |   40:14:01   |   12:19:33   |
7897        |       -2352.83   |       -2368.68   |        15.8511   |   40:18:03   |   12:20:23   |
7898        |       -2352.25   |       -2368.51   |        16.2591   |   40:21:46   |   12:21:07   |
7899        |       -2350.35   |       -2366.14   |        15.7887   |   40:25:17   |   12:21:48   |


Iter        |      Posterior   |     Likelihood   |          Prior   |    elapsed   |        ETA   |
----------------------------------------------------------------------------------------------------
7900        |       -2350.57   |       -2366.76   |        16.1871   |   40:28:19   |   12:22:19   |
7901        |       -2352.14   |       -2367.13   |        14.9864   |   40:42:16   |   12:26:11   |
7902        |       -2350.41   |       -2367.49   |        17.0818   |   40:45:48   |   12:26:51   |
7903        |       -2353.32   |       -2372.96   |        19.6424   |   40:49:25   |   12:27:33   |
7904        |       -2348.25   |       -2367.85   |        19.5998   |   40:52:27   |   12:28:05   |
7905        |        -2347.5   |       -2367.77   |        20.2747   |   40:55:50   |   12:28:42   |
7906        |       -2349.74   |       -2369.11   |        19.3656   |   40:59:17   |   12:29:21   |
7907        |       -2352.55   |       -2371.92   |        19.3698   |   41:02:41   |   12:29:59   |
7908        |       -2353.18   |       -2371.64   |        18.4548   |   41:06:17   |   12:30:40   |
7909        |       -2353.19   |       -2371.68   |        18.4917   |   41:09:53   |   12:31:21   |
7910        |       -2351.81   |       -2370.28   |        18.4673   |   41:13:22   |   12:32:00   |
7911        |       -2351.84   |       -2367.63   |         15.788   |   41:27:07   |   12:35:47   |
7912        |       -2355.92   |       -2370.25   |        14.3327   |   41:30:39   |   12:36:26   |
7913        |       -2356.19   |       -2368.63   |        12.4406   |   41:34:22   |   12:37:10   |
7914        |       -2356.76   |        -2368.5   |        11.7413   |   41:38:14   |   12:37:55   |
7915        |        -2355.3   |        -2372.7   |         17.403   |   41:41:50   |   12:38:36   |
7916        |       -2353.44   |       -2371.73   |        18.2868   |   41:45:00   |   12:39:09   |
7917        |       -2354.34   |        -2372.4   |        18.0614   |   41:48:13   |   12:39:43   |
7918        |       -2350.46   |       -2367.96   |         17.499   |   41:51:52   |   12:40:24   |
7919        |       -2347.56   |       -2366.13   |        18.5719   |   41:55:24   |   12:41:04   |


Iter        |      Posterior   |     Likelihood   |          Prior   |    elapsed   |        ETA   |
----------------------------------------------------------------------------------------------------
7920        |        -2348.2   |       -2363.94   |        15.7342   |   41:58:51   |   12:41:41   |
7921        |       -2348.58   |       -2365.34   |        16.7636   |   42:12:30   |   12:45:24   |
7922        |          -2348   |       -2366.14   |        18.1383   |   42:16:09   |   12:46:05   |
7923        |       -2347.87   |       -2365.22   |        17.3541   |   42:19:36   |   12:46:43   |
7924        |       -2346.26   |       -2365.54   |        19.2864   |   42:22:55   |   12:47:18   |
7925        |       -2348.72   |       -2365.57   |        16.8468   |   42:26:06   |   12:47:50   |
7926        |       -2346.92   |       -2365.35   |        18.4271   |   42:29:17   |   12:48:23   |
7927        |       -2346.45   |       -2367.84   |        21.3969   |   42:32:38   |   12:48:58   |
7928        |       -2345.67   |       -2366.41   |        20.7345   |   42:35:57   |   12:49:33   |
7929        |       -2348.73   |       -2367.98   |        19.2479   |   42:39:19   |   12:50:09   |
7930        |       -2349.89   |       -2369.12   |        19.2337   |   42:43:06   |   12:50:52   |
7931        |       -2348.36   |       -2367.62   |        19.2628   |   42:57:25   |   12:54:45   |
7932        |       -2345.64   |       -2366.29   |        20.6456   |   43:01:10   |   12:55:27   |
7933        |       -2346.62   |       -2366.05   |        19.4286   |   43:04:48   |   12:56:07   |
7934        |       -2348.23   |       -2367.44   |        19.2017   |   43:08:18   |   12:56:45   |
7935        |       -2345.04   |       -2364.19   |        19.1474   |   43:11:52   |   12:57:23   |
7936        |        -2344.4   |       -2365.99   |        21.5926   |   43:15:04   |   12:57:55   |
7937        |       -2346.95   |       -2368.49   |        21.5321   |   43:18:13   |   12:58:27   |
7938        |       -2349.12   |        -2365.3   |        16.1839   |   43:21:27   |   12:58:59   |
7939        |       -2347.44   |       -2365.39   |        17.9476   |   43:25:08   |   12:59:40   |


Iter        |      Posterior   |     Likelihood   |          Prior   |    elapsed   |        ETA   |
----------------------------------------------------------------------------------------------------
7940        |       -2347.94   |       -2365.71   |        17.7659   |   43:28:57   |   13:00:23   |
7941        |       -2347.94   |       -2365.71   |        17.7659   |   43:42:42   |   13:04:04   |
7942        |       -2347.77   |       -2365.38   |        17.6148   |   43:46:08   |   13:04:39   |
7943        |       -2345.99   |       -2364.12   |        18.1285   |   43:49:28   |   13:05:13   |
7944        |        -2348.4   |       -2365.86   |        17.4551   |   43:53:18   |   13:05:56   |
7945        |       -2346.62   |       -2363.29   |        16.6719   |   43:56:50   |   13:06:34   |
7946        |       -2346.76   |       -2363.33   |        16.5755   |   44:00:08   |   13:07:07   |
7947        |       -2348.76   |       -2363.59   |        14.8319   |   44:03:27   |   13:07:40   |
7948        |       -2346.85   |       -2362.99   |        16.1412   |   44:06:52   |   13:08:15   |
7949        |       -2347.33   |       -2364.83   |        17.5031   |   44:10:18   |   13:08:51   |
7950        |       -2346.55   |       -2367.04   |        20.4936   |   44:13:38   |   13:09:24   |
7951        |       -2347.09   |       -2367.87   |        20.7782   |   44:27:23   |   13:13:04   |
7952        |       -2350.45   |       -2370.53   |        20.0797   |   44:30:19   |   13:13:30   |
7953        |       -2350.53   |       -2373.72   |        23.1894   |   44:33:38   |   13:14:03   |
7954        |       -2349.84   |       -2373.75   |        23.9101   |   44:37:00   |   13:14:37   |
7955        |       -2350.92   |       -2374.59   |        23.6667   |   44:39:54   |   13:15:02   |
7956        |       -2351.91   |       -2373.85   |        21.9442   |   44:43:17   |   13:15:36   |
7957        |       -2346.88   |       -2369.58   |         22.702   |   44:46:56   |   13:16:15   |
7958        |       -2345.38   |       -2367.69   |        22.3053   |   44:50:19   |   13:16:49   |
7959        |       -2345.19   |       -2365.16   |        19.9769   |   44:53:37   |   13:17:21   |


Iter        |      Posterior   |     Likelihood   |          Prior   |    elapsed   |        ETA   |
----------------------------------------------------------------------------------------------------
7960        |       -2344.23   |       -2367.08   |        22.8433   |   44:56:56   |   13:17:53   |
7961        |       -2344.23   |       -2367.08   |        22.8433   |   45:10:37   |   13:21:30   |
7962        |       -2345.45   |       -2366.02   |        20.5723   |   45:13:55   |   13:22:02   |
7963        |       -2346.61   |       -2366.21   |        19.5988   |   45:17:39   |   13:22:42   |
7964        |       -2345.32   |       -2365.43   |        20.1141   |   45:21:10   |   13:23:17   |
7965        |       -2344.39   |       -2364.67   |        20.2714   |   45:24:46   |   13:23:55   |
7966        |        -2347.8   |       -2366.64   |        18.8383   |   45:28:16   |   13:24:30   |
7967        |       -2349.53   |       -2366.82   |        17.2921   |   45:31:41   |   13:25:04   |
7968        |       -2347.91   |       -2367.64   |        19.7354   |   45:35:11   |   13:25:39   |
7969        |       -2346.12   |       -2366.85   |        20.7321   |   45:38:39   |   13:26:13   |
7970        |       -2345.81   |       -2366.97   |        21.1652   |   45:42:09   |   13:26:49   |
7971        |       -2346.63   |       -2365.51   |        18.8752   |   45:55:24   |   13:30:16   |
7972        |       -2350.78   |       -2368.53   |         17.756   |   45:59:06   |   13:30:54   |
7973        |       -2350.72   |       -2369.25   |          18.53   |   46:02:50   |   13:31:33   |
7974        |       -2346.84   |       -2367.79   |        20.9485   |   46:06:28   |   13:32:10   |
7975        |       -2346.96   |       -2367.33   |        20.3692   |   46:10:01   |   13:32:46   |
7976        |       -2346.96   |       -2367.33   |        20.3692   |   46:13:43   |   13:33:24   |
7977        |       -2347.64   |        -2368.5   |        20.8573   |   46:17:30   |   13:34:03   |
7978        |       -2349.04   |       -2367.64   |        18.5973   |   46:20:57   |   13:34:37   |
7979        |       -2349.51   |       -2369.14   |        19.6268   |   46:24:09   |   13:35:06   |


Iter        |      Posterior   |     Likelihood   |          Prior   |    elapsed   |        ETA   |
----------------------------------------------------------------------------------------------------
7980        |       -2347.73   |       -2369.77   |         22.037   |   46:27:38   |   13:35:40   |
7981        |       -2347.24   |       -2367.87   |        20.6258   |   46:41:09   |   13:39:10   |
7982        |       -2347.92   |       -2367.86   |        19.9321   |   46:44:41   |   13:39:45   |
7983        |       -2349.17   |        -2369.8   |        20.6338   |   46:48:06   |   13:40:18   |
7984        |       -2348.36   |       -2368.89   |        20.5292   |   46:51:45   |   13:40:54   |
7985        |       -2350.75   |       -2371.15   |        20.3977   |   46:55:33   |   13:41:34   |
7986        |       -2349.92   |       -2371.64   |        21.7161   |   46:58:56   |   13:42:06   |
7987        |       -2349.56   |       -2369.63   |        20.0768   |   47:02:38   |   13:42:43   |
7988        |       -2350.16   |       -2370.12   |        19.9596   |   47:06:20   |   13:43:20   |
7989        |       -2348.95   |       -2369.01   |         20.058   |   47:09:47   |   13:43:53   |
7990        |       -2344.51   |       -2364.99   |        20.4784   |   47:13:20   |   13:44:28   |
7991        |       -2346.24   |       -2365.55   |        19.3132   |   47:27:00   |   13:47:59   |
7992        |       -2345.69   |       -2365.11   |        19.4162   |   47:30:52   |   13:48:38   |
7993        |       -2347.47   |       -2366.74   |        19.2663   |   47:34:27   |   13:49:13   |
7994        |       -2347.18   |        -2367.2   |        20.0177   |   47:38:03   |   13:49:48   |
7995        |       -2349.25   |       -2366.94   |        17.6919   |   47:41:25   |   13:50:19   |
7996        |       -2347.59   |       -2366.17   |        18.5882   |   47:44:49   |   13:50:51   |
7997        |       -2350.08   |       -2367.38   |        17.3009   |   47:48:12   |   13:51:22   |
7998        |        -2352.7   |        -2370.6   |        17.9025   |   47:51:41   |   13:51:55   |
7999        |       -2349.73   |        -2366.1   |        16.3707   |   47:55:16   |   13:52:29   |


Iter        |      Posterior   |     Likelihood   |          Prior   |    elapsed   |        ETA   |
----------------------------------------------------------------------------------------------------
8000        |       -2348.32   |       -2367.42   |         19.099   |   47:59:00   |   13:53:06   |
8001        |       -2348.65   |       -2367.82   |        19.1692   |   48:12:56   |   13:56:40   |
8002        |          -2352   |       -2371.24   |         19.239   |   48:16:34   |   13:57:15   |
8003        |       -2351.19   |       -2370.96   |        19.7684   |   48:20:13   |   13:57:50   |
8004        |       -2351.19   |          -2371   |        19.8174   |   48:23:55   |   13:58:26   |
8005        |       -2351.67   |       -2371.56   |        19.8943   |   48:27:23   |   13:58:58   |
8006        |        -2350.7   |       -2368.97   |        18.2617   |   48:30:58   |   13:59:32   |
8007        |       -2346.12   |       -2368.32   |        22.2033   |   48:34:34   |   14:00:07   |
8008        |       -2349.68   |       -2370.81   |        21.1283   |   48:37:50   |   14:00:35   |
8009        |       -2350.46   |       -2371.62   |        21.1523   |   48:41:44   |   14:01:14   |
8010        |        -2347.6   |        -2370.2   |        22.5967   |   48:45:08   |   14:01:45   |
8011        |       -2345.47   |        -2367.9   |        22.4288   |   48:58:25   |   14:05:06   |
8012        |       -2348.04   |       -2369.56   |        21.5239   |   49:01:38   |   14:05:33   |
8013        |       -2347.93   |       -2368.43   |        20.5013   |   49:04:52   |   14:06:00   |
8014        |       -2348.73   |       -2369.12   |        20.3927   |   49:08:27   |   14:06:33   |
8015        |       -2348.73   |       -2369.12   |        20.3927   |   49:12:15   |   14:07:11   |
8016        |       -2348.73   |       -2369.12   |        20.3927   |   49:16:12   |   14:07:50   |
8017        |       -2347.89   |       -2368.22   |        20.3226   |   49:19:36   |   14:08:20   |
8018        |       -2349.77   |       -2369.68   |        19.9133   |   49:22:58   |   14:08:49   |
8019        |       -2351.15   |       -2370.89   |        19.7406   |   49:26:34   |   14:09:23   |


Iter        |      Posterior   |     Likelihood   |          Prior   |    elapsed   |        ETA   |
----------------------------------------------------------------------------------------------------
8020        |       -2348.46   |       -2369.14   |        20.6747   |   49:29:43   |   14:09:48   |
8021        |       -2347.65   |       -2369.41   |        21.7608   |   49:43:04   |   14:13:09   |
8022        |       -2349.17   |       -2369.99   |        20.8197   |   49:46:24   |   14:13:37   |
8023        |       -2348.52   |       -2368.31   |        19.7967   |   49:49:46   |   14:14:06   |
8024        |       -2348.57   |       -2368.85   |        20.2845   |   49:53:18   |   14:14:38   |
8025        |       -2353.37   |       -2368.89   |        15.5123   |   49:56:45   |   14:15:08   |
8026        |       -2356.07   |       -2374.38   |        18.3148   |   50:00:16   |   14:15:40   |
8027        |       -2354.88   |       -2373.18   |        18.2946   |   50:03:57   |   14:16:14   |
8028        |       -2354.92   |        -2372.5   |        17.5854   |   50:07:33   |   14:16:47   |
8029        |       -2357.89   |       -2373.61   |        15.7177   |   50:11:25   |   14:17:24   |
8030        |       -2354.66   |       -2370.09   |        15.4303   |   50:14:59   |   14:17:56   |
8031        |       -2355.33   |       -2371.94   |        16.6138   |   50:29:36   |   14:21:36   |
8032        |       -2353.45   |       -2369.75   |        16.3034   |   50:33:17   |   14:22:10   |
8033        |       -2352.49   |          -2368   |        15.5079   |   50:36:47   |   14:22:41   |
8034        |       -2351.19   |       -2366.39   |        15.1949   |   50:40:21   |   14:23:12   |
8035        |       -2351.19   |       -2366.39   |        15.1949   |   50:44:27   |   14:23:53   |
8036        |       -2350.63   |       -2365.42   |        14.7918   |   50:48:22   |   14:24:30   |
8037        |       -2349.71   |       -2367.89   |        18.1761   |   50:51:43   |   14:24:58   |
8038        |       -2348.56   |       -2367.34   |        18.7837   |   50:55:09   |   14:25:27   |
8039        |       -2347.32   |       -2366.12   |        18.8011   |   50:58:37   |   14:25:57   |


Iter        |      Posterior   |     Likelihood   |          Prior   |    elapsed   |        ETA   |
----------------------------------------------------------------------------------------------------
8040        |       -2347.45   |       -2366.18   |        18.7358   |   51:02:20   |   14:26:31   |
8041        |        -2348.1   |       -2364.21   |        16.1185   |   51:15:45   |   14:29:49   |
8042        |       -2348.65   |       -2365.08   |        16.4335   |   51:19:05   |   14:30:16   |
8043        |       -2348.26   |       -2364.63   |        16.3644   |   51:22:53   |   14:30:51   |
8044        |        -2347.4   |       -2365.54   |        18.1434   |   51:26:18   |   14:31:19   |
8045        |        -2347.6   |       -2365.85   |        18.2512   |   51:29:38   |   14:31:46   |
8046        |       -2349.88   |       -2367.65   |        17.7635   |   51:33:08   |   14:32:16   |
8047        |       -2351.55   |       -2366.93   |        15.3801   |   51:36:25   |   14:32:42   |
8048        |       -2349.12   |        -2365.3   |        16.1766   |   51:40:07   |   14:33:15   |
8049        |       -2349.02   |       -2366.35   |        17.3325   |   51:43:31   |   14:33:43   |
8050        |       -2350.58   |       -2365.15   |        14.5669   |   51:46:59   |   14:34:12   |
8051        |        -2351.9   |       -2364.27   |        12.3657   |   52:00:27   |   14:37:29   |
8052        |       -2350.03   |       -2364.53   |        14.5033   |   52:03:58   |   14:37:59   |
8053        |       -2349.83   |       -2365.16   |        15.3351   |   52:07:19   |   14:38:25   |
8054        |       -2347.95   |       -2363.57   |        15.6204   |   52:11:08   |   14:39:00   |
8055        |       -2347.55   |       -2363.55   |        15.9993   |   52:14:49   |   14:39:32   |
8056        |       -2346.28   |       -2365.56   |        19.2885   |   52:18:12   |   14:39:59   |
8057        |       -2346.62   |       -2362.95   |        16.3247   |   52:21:18   |   14:40:21   |
8058        |        -2346.1   |        -2364.3   |        18.2059   |   52:24:32   |   14:40:45   |
8059        |       -2347.36   |       -2364.57   |        17.2128   |   52:27:45   |   14:41:10   |


Iter        |      Posterior   |     Likelihood   |          Prior   |    elapsed   |        ETA   |
----------------------------------------------------------------------------------------------------
8060        |        -2345.9   |       -2363.26   |        17.3664   |   52:30:46   |   14:41:30   |
8061        |       -2348.71   |       -2363.07   |        14.3533   |   52:43:56   |   14:44:41   |
8062        |       -2347.31   |        -2361.3   |         13.993   |   52:47:10   |   14:45:05   |
8063        |       -2348.59   |        -2361.7   |        13.1129   |   52:50:21   |   14:45:28   |
8064        |       -2352.41   |       -2362.54   |        10.1304   |   52:53:21   |   14:45:48   |
8065        |       -2348.59   |       -2363.25   |        14.6553   |   52:56:32   |   14:46:11   |
8066        |       -2349.05   |       -2363.62   |        14.5718   |   52:59:39   |   14:46:33   |
8067        |       -2348.41   |       -2363.11   |        14.6996   |   53:02:45   |   14:46:55   |
8068        |       -2346.36   |       -2361.83   |        15.4655   |   53:05:54   |   14:47:17   |
8069        |       -2346.97   |       -2362.79   |        15.8128   |   53:08:45   |   14:47:35   |
8070        |       -2349.17   |       -2364.13   |        14.9608   |   53:11:38   |   14:47:52   |
8071        |        -2348.4   |        -2364.7   |        16.3014   |   53:24:55   |   14:51:04   |
8072        |        -2348.4   |        -2364.7   |        16.3014   |   53:28:28   |   14:51:32   |
8073        |       -2350.84   |       -2366.67   |        15.8292   |   53:31:44   |   14:51:56   |
8074        |       -2351.57   |       -2367.66   |        16.0832   |   53:34:48   |   14:52:17   |
8075        |       -2352.89   |        -2368.2   |        15.3129   |   53:38:24   |   14:52:46   |
8076        |       -2349.13   |       -2364.02   |        14.8849   |   53:41:27   |   14:53:07   |
8077        |       -2347.51   |       -2364.63   |        17.1205   |   53:44:38   |   14:53:29   |
8078        |       -2346.75   |       -2364.65   |        17.9044   |   53:47:37   |   14:53:48   |
8079        |       -2348.74   |       -2369.18   |        20.4336   |   53:50:45   |   14:54:09   |


Iter        |      Posterior   |     Likelihood   |          Prior   |    elapsed   |        ETA   |
----------------------------------------------------------------------------------------------------
8080        |        -2346.2   |       -2366.61   |        20.4121   |   53:53:50   |   14:54:30   |
8081        |        -2346.2   |       -2366.09   |        19.8895   |   54:06:39   |   14:57:32   |
8082        |       -2347.41   |       -2368.29   |        20.8878   |   54:09:57   |   14:57:56   |
8083        |       -2347.83   |       -2369.33   |        21.4948   |   54:12:57   |   14:58:15   |
8084        |       -2348.61   |       -2368.34   |         19.737   |   54:16:08   |   14:58:37   |
8085        |       -2348.61   |       -2368.34   |         19.737   |   54:19:33   |   14:59:02   |
8086        |       -2348.61   |       -2368.34   |         19.737   |   54:22:49   |   14:59:26   |
8087        |       -2349.61   |       -2367.95   |        18.3333   |   54:25:57   |   14:59:46   |
8088        |       -2351.02   |        -2371.1   |        20.0783   |   54:29:18   |   15:00:11   |
8089        |       -2348.22   |       -2368.39   |        20.1701   |   54:32:15   |   15:00:29   |
8090        |        -2349.3   |       -2368.61   |        19.3036   |   54:35:09   |   15:00:46   |
8091        |       -2345.62   |        -2364.5   |        18.8841   |   54:48:23   |   15:03:53   |
8092        |       -2345.36   |       -2362.77   |        17.4108   |   54:51:21   |   15:04:11   |
8093        |       -2345.16   |        -2364.8   |        19.6483   |   54:54:23   |   15:04:30   |
8094        |          -2345   |       -2363.47   |        18.4647   |   54:57:24   |   15:04:48   |
8095        |       -2343.71   |       -2361.36   |        17.6443   |   55:00:27   |   15:05:07   |
8096        |       -2347.46   |       -2366.72   |        19.2587   |   55:03:30   |   15:05:26   |
8097        |       -2345.56   |       -2363.81   |        18.2573   |   55:06:16   |   15:05:40   |
8098        |       -2348.86   |       -2367.88   |        19.0226   |   55:09:21   |   15:06:00   |
8099        |       -2347.09   |       -2366.61   |         19.522   |   55:12:36   |   15:06:22   |


Iter        |      Posterior   |     Likelihood   |          Prior   |    elapsed   |        ETA   |
----------------------------------------------------------------------------------------------------
8100        |       -2345.16   |       -2364.76   |        19.6013   |   55:15:34   |   15:06:39   |
8101        |       -2344.72   |       -2364.14   |        19.4128   |   55:28:04   |   15:09:33   |
8102        |       -2344.67   |       -2364.04   |        19.3653   |   55:31:01   |   15:09:50   |
8103        |        -2346.9   |       -2366.01   |        19.1053   |   55:34:04   |   15:10:09   |
8104        |       -2346.87   |          -2366   |        19.1314   |   55:37:12   |   15:10:28   |
8105        |       -2348.36   |       -2366.86   |        18.5021   |   55:40:24   |   15:10:49   |
8106        |        -2346.6   |       -2366.32   |        19.7117   |   55:43:40   |   15:11:11   |
8107        |       -2345.77   |       -2365.89   |        20.1174   |   55:46:51   |   15:11:32   |
8108        |       -2348.16   |        -2364.5   |        16.3342   |   55:50:11   |   15:11:55   |
8109        |       -2347.96   |       -2366.77   |        18.8127   |   55:53:22   |   15:12:15   |
8110        |       -2347.36   |       -2366.58   |        19.2197   |   55:56:12   |   15:12:30   |
8111        |       -2347.92   |       -2368.98   |        21.0514   |   56:09:13   |   15:15:30   |
8112        |        -2349.1   |       -2368.71   |        19.6098   |   56:12:43   |   15:15:56   |
8113        |       -2347.56   |       -2370.48   |        22.9185   |   56:15:43   |   15:16:13   |
8114        |       -2346.72   |        -2368.4   |        21.6797   |   56:18:55   |   15:16:33   |
8115        |       -2348.27   |       -2370.77   |        22.5083   |   56:22:05   |   15:16:53   |
8116        |        -2348.4   |       -2371.12   |        22.7132   |   56:25:06   |   15:17:10   |
8117        |       -2348.02   |       -2369.71   |        21.6892   |   56:28:23   |   15:17:32   |
8118        |       -2349.62   |       -2371.18   |        21.5591   |   56:31:36   |   15:17:52   |
8119        |       -2349.62   |       -2371.18   |        21.5591   |   56:35:11   |   15:18:19   |


Iter        |      Posterior   |     Likelihood   |          Prior   |    elapsed   |        ETA   |
----------------------------------------------------------------------------------------------------
8120        |       -2349.97   |       -2371.16   |        21.1845   |   56:38:10   |   15:18:35   |
8121        |       -2348.59   |       -2368.86   |        20.2633   |   56:50:58   |   15:21:31   |
8122        |       -2346.98   |       -2368.22   |        21.2436   |   56:54:09   |   15:21:50   |
8123        |       -2347.04   |       -2365.94   |        18.9022   |   56:57:31   |   15:22:13   |
8124        |       -2347.43   |       -2366.37   |        18.9381   |   57:00:39   |   15:22:31   |
8125        |       -2346.81   |       -2368.79   |        21.9736   |   57:03:55   |   15:22:52   |
8126        |       -2349.19   |       -2365.97   |        16.7811   |   57:06:51   |   15:23:07   |
8127        |       -2348.96   |       -2364.34   |        15.3823   |   57:10:08   |   15:23:28   |
8128        |        -2350.3   |       -2368.02   |        17.7207   |   57:13:22   |   15:23:48   |
8129        |        -2350.6   |       -2366.99   |        16.3933   |   57:16:24   |   15:24:05   |
8130        |       -2348.65   |       -2364.82   |        16.1763   |   57:19:45   |   15:24:27   |
8131        |       -2350.59   |       -2368.97   |        18.3742   |   57:32:33   |   15:27:21   |
8132        |       -2346.96   |       -2367.34   |        20.3788   |   57:35:13   |   15:27:32   |
8133        |       -2347.22   |       -2365.99   |        18.7658   |   57:38:10   |   15:27:47   |
8134        |       -2346.35   |       -2366.24   |        19.8829   |   57:41:11   |   15:28:03   |
8135        |       -2346.86   |       -2365.19   |        18.3221   |   57:44:46   |   15:28:28   |
8136        |       -2348.65   |       -2366.86   |        18.2104   |   57:47:43   |   15:28:43   |
8137        |       -2350.43   |       -2366.89   |        16.4624   |   57:50:58   |   15:29:03   |
8138        |       -2348.02   |       -2364.68   |        16.6667   |   57:54:03   |   15:29:20   |
8139        |        -2348.3   |       -2364.43   |        16.1275   |   57:57:03   |   15:29:36   |


Iter        |      Posterior   |     Likelihood   |          Prior   |    elapsed   |        ETA   |
----------------------------------------------------------------------------------------------------
8140        |       -2347.63   |        -2366.1   |        18.4649   |   58:00:15   |   15:29:55   |
8141        |       -2348.15   |       -2369.45   |        21.3024   |   58:13:12   |   15:32:50   |
8142        |       -2347.63   |       -2366.71   |        19.0776   |   58:16:18   |   15:33:07   |
8143        |       -2349.43   |       -2369.47   |        20.0427   |   58:19:25   |   15:33:24   |
8144        |       -2348.16   |       -2369.98   |        21.8241   |   58:22:15   |   15:33:37   |
8145        |       -2349.36   |       -2371.23   |        21.8669   |   58:25:30   |   15:33:56   |
8146        |       -2349.27   |       -2372.33   |        23.0569   |   58:28:32   |   15:34:12   |
8147        |       -2350.48   |       -2371.02   |        20.5444   |   58:31:30   |   15:34:26   |
8148        |       -2348.56   |       -2371.12   |        22.5579   |   58:34:16   |   15:34:38   |
8149        |       -2347.67   |       -2369.14   |        21.4688   |   58:37:03   |   15:34:49   |
8150        |       -2351.72   |       -2371.86   |        20.1398   |   58:39:45   |   15:35:00   |
8151        |       -2352.42   |       -2372.82   |        20.3945   |   58:52:27   |   15:37:49   |
8152        |        -2351.4   |       -2369.15   |        17.7536   |   58:55:50   |   15:38:10   |
8153        |       -2352.15   |       -2370.79   |        18.6396   |   58:59:13   |   15:38:31   |
8154        |       -2350.47   |       -2370.53   |        20.0673   |   59:02:05   |   15:38:44   |
8155        |        -2354.1   |       -2372.77   |        18.6729   |   59:05:13   |   15:39:00   |
8156        |       -2352.56   |        -2372.9   |        20.3432   |   59:08:29   |   15:39:19   |
8157        |       -2353.79   |       -2370.76   |        16.9726   |   59:11:35   |   15:39:35   |
8158        |        -2352.1   |       -2369.05   |        16.9564   |   59:14:48   |   15:39:53   |
8159        |       -2353.92   |       -2367.56   |         13.642   |   59:17:52   |   15:40:09   |


Iter        |      Posterior   |     Likelihood   |          Prior   |    elapsed   |        ETA   |
----------------------------------------------------------------------------------------------------
8160        |       -2354.45   |       -2368.81   |        14.3622   |   59:20:56   |   15:40:25   |
8161        |       -2354.45   |       -2368.81   |        14.3622   |   59:34:28   |   15:43:26   |
8162        |       -2350.03   |       -2366.64   |        16.6118   |   59:37:51   |   15:43:46   |
8163        |       -2353.09   |       -2367.01   |        13.9236   |   59:41:02   |   15:44:03   |
8164        |       -2356.17   |       -2368.42   |         12.247   |   59:44:12   |   15:44:20   |
8165        |       -2356.95   |       -2369.75   |        12.7956   |   59:47:21   |   15:44:37   |
8166        |       -2358.24   |       -2370.21   |        11.9644   |   59:50:40   |   15:44:56   |
8167        |       -2358.44   |       -2370.17   |        11.7316   |   59:54:04   |   15:45:16   |
8168        |       -2354.63   |        -2371.6   |        16.9628   |   59:57:16   |   15:45:33   |
8169        |       -2359.46   |       -2375.42   |        15.9579   |   60:00:19   |   15:45:48   |
8170        |       -2358.81   |       -2372.88   |        14.0719   |   60:03:51   |   15:46:10   |
8171        |       -2355.73   |       -2370.78   |        15.0472   |   60:16:52   |   15:49:02   |
8172        |       -2351.99   |       -2369.17   |        17.1752   |   60:20:14   |   15:49:21   |
8173        |       -2351.28   |       -2369.09   |        17.8115   |   60:23:24   |   15:49:37   |
8174        |        -2354.9   |       -2369.04   |        14.1447   |   60:26:26   |   15:49:51   |
8175        |       -2352.27   |       -2371.54   |        19.2728   |   60:29:52   |   15:50:12   |
8176        |       -2351.42   |       -2370.02   |         18.605   |   60:32:56   |   15:50:26   |
8177        |       -2349.08   |       -2368.28   |        19.2011   |   60:36:24   |   15:50:47   |
8178        |       -2349.65   |       -2368.21   |        18.5617   |   60:39:45   |   15:51:06   |
8179        |       -2349.39   |       -2366.85   |        17.4531   |   60:42:50   |   15:51:21   |


Iter        |      Posterior   |     Likelihood   |          Prior   |    elapsed   |        ETA   |
----------------------------------------------------------------------------------------------------
8180        |       -2349.56   |       -2367.66   |        18.1001   |   60:45:54   |   15:51:35   |
8181        |       -2347.81   |        -2369.3   |        21.4908   |   60:58:33   |   15:54:19   |
8182        |       -2348.25   |       -2368.94   |        20.6966   |   61:01:22   |   15:54:29   |
8183        |       -2347.49   |       -2365.89   |        18.4025   |   61:04:20   |   15:54:42   |
8184        |       -2348.51   |       -2366.94   |        18.4281   |   61:07:20   |   15:54:55   |
8185        |        -2350.7   |       -2367.52   |        16.8146   |   61:10:18   |   15:55:07   |
8186        |       -2352.11   |        -2369.1   |         16.986   |   61:13:11   |   15:55:18   |
8187        |       -2353.34   |       -2369.37   |        16.0279   |   61:16:13   |   15:55:32   |
8188        |       -2353.34   |       -2369.37   |        16.0279   |   61:19:47   |   15:55:53   |
8189        |       -2351.03   |       -2367.19   |        16.1596   |   61:23:16   |   15:56:14   |
8190        |       -2351.17   |       -2368.02   |        16.8528   |   61:26:19   |   15:56:27   |
8191        |       -2354.01   |       -2367.39   |        13.3788   |   61:39:16   |   15:59:15   |
8192        |       -2353.66   |       -2367.06   |        13.3984   |   61:42:48   |   15:59:36   |
8193        |       -2352.72   |       -2368.19   |        15.4692   |   61:45:50   |   15:59:49   |
8194        |       -2355.94   |       -2369.19   |        13.2477   |   61:48:53   |   16:00:02   |
8195        |       -2355.99   |       -2369.54   |        13.5437   |   61:52:01   |   16:00:16   |
8196        |       -2354.69   |       -2367.93   |        13.2437   |   61:55:21   |   16:00:34   |
8197        |       -2354.44   |        -2367.9   |        13.4652   |   61:58:52   |   16:00:54   |
8198        |        -2349.8   |       -2367.19   |        17.3899   |   62:02:07   |   16:01:10   |
8199        |       -2348.81   |       -2368.04   |        19.2241   |   62:05:05   |   16:01:22   |


Iter        |      Posterior   |     Likelihood   |          Prior   |    elapsed   |        ETA   |
----------------------------------------------------------------------------------------------------
8200        |       -2349.75   |       -2364.43   |        14.6766   |   62:08:36   |   16:01:42   |
8201        |       -2350.57   |       -2369.98   |        19.4117   |   62:22:01   |   16:04:35   |
8202        |       -2349.14   |          -2368   |        18.8602   |   62:25:10   |   16:04:49   |
8203        |       -2348.05   |       -2365.28   |        17.2321   |   62:28:26   |   16:05:05   |
8204        |       -2349.44   |       -2363.49   |        14.0441   |   62:31:28   |   16:05:18   |
8205        |       -2354.24   |       -2366.22   |        11.9796   |   62:34:37   |   16:05:32   |
8206        |       -2353.82   |       -2365.21   |        11.3917   |   62:38:16   |   16:05:54   |
8207        |       -2351.25   |       -2365.36   |         14.105   |   62:41:41   |   16:06:12   |
8208        |       -2349.76   |       -2370.39   |        20.6308   |   62:45:00   |   16:06:28   |
8209        |       -2349.62   |       -2371.06   |        21.4353   |   62:48:07   |   16:06:42   |
8210        |       -2350.59   |        -2371.2   |        20.6064   |   62:51:17   |   16:06:56   |
8211        |       -2352.06   |       -2369.68   |        17.6167   |   63:04:22   |   16:09:42   |
8212        |        -2357.3   |        -2374.6   |        17.2934   |   63:07:30   |   16:09:56   |
8213        |       -2350.97   |       -2370.23   |        19.2661   |   63:10:47   |   16:10:11   |
8214        |       -2350.24   |       -2372.05   |        21.8198   |   63:13:56   |   16:10:25   |
8215        |       -2348.91   |       -2370.49   |        21.5783   |   63:17:14   |   16:10:41   |
8216        |       -2347.18   |       -2369.09   |        21.9167   |   63:20:31   |   16:10:56   |
8217        |       -2350.12   |       -2371.74   |        21.6253   |   63:23:45   |   16:11:11   |
8218        |       -2353.67   |       -2375.33   |        21.6645   |   63:27:11   |   16:11:29   |
8219        |       -2350.83   |        -2371.9   |        21.0628   |   63:30:35   |   16:11:46   |


Iter        |      Posterior   |     Likelihood   |          Prior   |    elapsed   |        ETA   |
----------------------------------------------------------------------------------------------------
8220        |       -2350.88   |       -2372.67   |        21.7872   |   63:33:45   |   16:11:59   |
8221        |       -2351.42   |       -2374.47   |        23.0503   |   63:46:26   |   16:14:38   |
8222        |       -2350.22   |       -2373.13   |        22.9111   |   63:49:45   |   16:14:54   |
8223        |       -2350.22   |       -2373.13   |        22.9111   |   63:53:23   |   16:15:14   |
8224        |       -2353.03   |       -2375.51   |        22.4825   |   63:56:44   |   16:15:30   |
8225        |       -2356.15   |        -2378.6   |          22.45   |   64:00:13   |   16:15:48   |
8226        |       -2351.04   |       -2373.83   |        22.7808   |   64:03:18   |   16:16:00   |
8227        |       -2351.19   |       -2371.94   |        20.7533   |   64:06:54   |   16:16:20   |
8228        |       -2350.12   |       -2370.53   |         20.415   |   64:10:29   |   16:16:39   |
8229        |       -2349.18   |       -2369.17   |        19.9914   |   64:14:08   |   16:16:59   |
8230        |       -2350.09   |       -2370.34   |        20.2431   |   64:17:32   |   16:17:16   |
8231        |       -2349.09   |       -2368.91   |        19.8183   |   64:30:24   |   16:19:56   |
8232        |       -2348.15   |       -2368.25   |        20.1009   |   64:33:39   |   16:20:10   |
8233        |       -2348.72   |        -2367.9   |        19.1731   |   64:36:56   |   16:20:25   |
8234        |        -2347.9   |        -2370.4   |        22.4998   |   64:40:21   |   16:20:41   |
8235        |       -2351.17   |       -2374.44   |        23.2657   |   64:43:31   |   16:20:54   |
8236        |       -2355.11   |       -2373.61   |        18.4977   |   64:46:58   |   16:21:10   |
8237        |       -2351.47   |       -2370.46   |        18.9862   |   64:50:44   |   16:21:32   |
8238        |       -2351.34   |       -2370.08   |        18.7361   |   64:54:20   |   16:21:51   |
8239        |       -2351.36   |       -2372.08   |        20.7232   |   64:57:50   |   16:22:08   |


Iter        |      Posterior   |     Likelihood   |          Prior   |    elapsed   |        ETA   |
----------------------------------------------------------------------------------------------------
8240        |       -2353.14   |       -2373.12   |        19.9835   |   65:01:02   |   16:22:21   |
8241        |       -2351.42   |       -2371.99   |        20.5761   |   65:14:01   |   16:25:02   |
8242        |       -2354.78   |       -2378.78   |         23.999   |   65:17:28   |   16:25:18   |
8243        |       -2357.08   |       -2380.75   |        23.6725   |   65:20:50   |   16:25:33   |
8244        |       -2353.93   |       -2378.83   |        24.8973   |   65:24:06   |   16:25:47   |
8245        |       -2353.63   |       -2378.64   |        25.0081   |   65:27:20   |   16:26:00   |
8246        |       -2353.99   |       -2378.54   |        24.5531   |   65:30:13   |   16:26:07   |
8247        |       -2354.46   |       -2377.88   |        23.4153   |   65:33:16   |   16:26:17   |
8248        |       -2349.58   |       -2371.18   |        21.6015   |   65:36:10   |   16:26:25   |
8249        |       -2351.22   |       -2370.77   |        19.5496   |   65:39:22   |   16:26:37   |
8250        |       -2353.01   |       -2371.87   |        18.8503   |   65:42:36   |   16:26:50   |
8251        |       -2352.28   |       -2372.87   |        20.5942   |   65:55:25   |   16:29:27   |
8252        |          -2356   |       -2378.33   |        22.3302   |   65:58:46   |   16:29:41   |
8253        |       -2358.05   |       -2379.13   |        21.0829   |   66:02:26   |   16:30:00   |
8254        |       -2352.41   |       -2373.29   |        20.8739   |   66:05:42   |   16:30:13   |
8255        |       -2352.43   |       -2371.02   |        18.5946   |   66:09:00   |   16:30:26   |
8256        |       -2352.44   |       -2370.71   |        18.2735   |   66:12:18   |   16:30:40   |
8257        |       -2354.27   |       -2370.67   |        16.4028   |   66:15:28   |   16:30:51   |
8258        |       -2354.25   |        -2375.4   |        21.1557   |   66:18:51   |   16:31:05   |
8259        |          -2355   |       -2376.02   |        21.0292   |   66:22:18   |   16:31:21   |


Iter        |      Posterior   |     Likelihood   |          Prior   |    elapsed   |        ETA   |
----------------------------------------------------------------------------------------------------
8260        |       -2357.14   |       -2378.59   |        21.4537   |   66:25:25   |   16:31:31   |
8261        |       -2358.94   |       -2375.62   |        16.6839   |   66:38:02   |   16:34:03   |
8262        |       -2359.65   |       -2378.21   |        18.5638   |   66:41:16   |   16:34:15   |
8263        |       -2357.82   |       -2377.51   |        19.6946   |   66:44:34   |   16:34:28   |
8264        |       -2356.99   |       -2375.02   |        18.0272   |   66:47:39   |   16:34:38   |
8265        |       -2356.58   |       -2373.39   |        16.8102   |   66:51:13   |   16:34:55   |
8266        |       -2356.79   |        -2372.8   |        16.0069   |   66:54:12   |   16:35:03   |
8267        |       -2356.47   |       -2373.94   |        17.4617   |   66:57:45   |   16:35:19   |
8268        |       -2354.59   |       -2374.56   |        19.9738   |   67:00:58   |   16:35:30   |
8269        |       -2356.93   |       -2373.65   |        16.7205   |   67:04:27   |   16:35:46   |
8270        |       -2357.47   |       -2375.08   |        17.6048   |   67:07:25   |   16:35:53   |
8271        |       -2356.84   |       -2376.52   |        19.6772   |   67:20:21   |   16:38:29   |
8272        |       -2358.54   |       -2378.62   |        20.0769   |   67:23:28   |   16:38:38   |
8273        |       -2358.54   |       -2378.62   |        20.0769   |   67:27:02   |   16:38:55   |
8274        |       -2356.65   |        -2375.9   |        19.2562   |   67:30:22   |   16:39:07   |
8275        |       -2353.61   |       -2374.21   |        20.6037   |   67:33:34   |   16:39:18   |
8276        |       -2352.04   |       -2372.46   |        20.4191   |   67:37:00   |   16:39:32   |
8277        |        -2351.2   |       -2371.85   |        20.6452   |   67:40:23   |   16:39:45   |
8278        |       -2351.87   |        -2374.5   |         22.635   |   67:43:22   |   16:39:53   |
8279        |       -2352.91   |       -2374.52   |        21.6124   |   67:46:40   |   16:40:05   |


Iter        |      Posterior   |     Likelihood   |          Prior   |    elapsed   |        ETA   |
----------------------------------------------------------------------------------------------------
8280        |       -2351.31   |       -2372.85   |        21.5405   |   67:49:46   |   16:40:14   |
8281        |       -2351.79   |       -2373.01   |        21.2244   |   68:02:30   |   16:42:45   |
8282        |       -2353.83   |       -2370.04   |        16.2124   |   68:05:41   |   16:42:55   |
8283        |       -2353.83   |       -2370.04   |        16.2124   |   68:09:30   |   16:43:14   |
8284        |       -2354.51   |       -2370.37   |        15.8611   |   68:13:06   |   16:43:30   |
8285        |       -2353.61   |       -2369.68   |        16.0712   |   68:16:27   |   16:43:43   |
8286        |        -2355.3   |       -2367.84   |        12.5392   |   68:19:28   |   16:43:50   |
8287        |       -2355.29   |       -2366.59   |        11.3073   |   68:23:14   |   16:44:08   |
8288        |       -2358.21   |       -2368.64   |        10.4238   |   68:26:47   |   16:44:23   |
8289        |       -2356.69   |       -2366.35   |        9.65777   |   68:30:26   |   16:44:40   |
8290        |       -2359.14   |        -2370.1   |        10.9591   |   68:33:44   |   16:44:51   |
8291        |       -2360.72   |       -2371.84   |        11.1181   |   68:47:36   |   16:47:37   |
8292        |       -2359.55   |       -2370.93   |         11.379   |   68:50:56   |   16:47:49   |
8293        |       -2359.94   |       -2371.38   |        11.4336   |   68:54:40   |   16:48:06   |
8294        |       -2355.19   |       -2370.35   |         15.156   |   68:57:59   |   16:48:18   |
8295        |       -2355.21   |       -2370.36   |        15.1557   |   69:01:16   |   16:48:28   |
8296        |       -2353.86   |       -2371.78   |        17.9148   |   69:04:25   |   16:48:37   |
8297        |       -2354.29   |       -2372.85   |        18.5586   |   69:07:37   |   16:48:47   |
8298        |       -2349.87   |       -2368.77   |        18.9028   |   69:10:49   |   16:48:56   |
8299        |       -2350.45   |          -2368   |        17.5522   |   69:13:54   |   16:49:04   |


Iter        |      Posterior   |     Likelihood   |          Prior   |    elapsed   |        ETA   |
----------------------------------------------------------------------------------------------------
8300        |       -2350.08   |       -2368.79   |        18.7114   |   69:16:50   |   16:49:09   |
8301        |       -2349.68   |       -2370.96   |        21.2766   |   69:29:33   |   16:51:37   |
8302        |       -2348.42   |       -2371.03   |        22.6082   |   69:32:42   |   16:51:45   |
8303        |       -2348.48   |       -2370.43   |        21.9439   |   69:35:56   |   16:51:55   |
8304        |       -2346.88   |       -2368.68   |        21.7977   |   69:38:40   |   16:51:57   |
8305        |       -2346.44   |       -2368.95   |        22.5051   |   69:41:58   |   16:52:07   |
8306        |       -2346.56   |       -2367.86   |        21.3066   |   69:45:08   |   16:52:16   |
8307        |       -2348.64   |       -2370.23   |        21.5962   |   69:48:23   |   16:52:25   |
8308        |        -2353.6   |       -2376.05   |        22.4434   |   69:51:49   |   16:52:38   |
8309        |       -2352.82   |       -2376.03   |        23.2149   |   69:54:58   |   16:52:46   |
8310        |       -2350.31   |       -2373.19   |        22.8806   |   69:58:08   |   16:52:54   |
8311        |        -2347.8   |       -2370.02   |        22.2184   |   70:10:46   |   16:55:19   |
8312        |       -2347.11   |       -2367.89   |        20.7786   |   70:14:02   |   16:55:29   |
8313        |       -2352.37   |        -2373.2   |        20.8276   |   70:17:00   |   16:55:34   |
8314        |       -2348.49   |       -2369.85   |        21.3647   |   70:20:21   |   16:55:44   |
8315        |       -2348.49   |       -2369.85   |        21.3647   |   70:23:56   |   16:55:58   |
8316        |       -2349.06   |       -2370.16   |        21.0941   |   70:27:16   |   16:56:09   |
8317        |       -2349.64   |       -2370.44   |        20.7952   |   70:30:52   |   16:56:23   |
8318        |       -2350.18   |       -2371.96   |        21.7851   |   70:34:00   |   16:56:30   |
8319        |       -2354.14   |       -2369.69   |        15.5452   |   70:37:20   |   16:56:40   |


Iter        |      Posterior   |     Likelihood   |          Prior   |    elapsed   |        ETA   |
----------------------------------------------------------------------------------------------------
8320        |       -2352.07   |       -2371.61   |        19.5414   |   70:40:40   |   16:56:50   |
8321        |       -2351.64   |       -2370.34   |        18.7003   |   70:53:37   |   16:59:18   |
8322        |        -2349.3   |       -2370.74   |        21.4443   |   70:56:39   |   16:59:24   |
8323        |       -2348.87   |       -2370.69   |        21.8211   |   70:59:55   |   16:59:33   |
8324        |       -2352.09   |        -2372.3   |        20.2098   |   71:03:21   |   16:59:44   |
8325        |       -2349.93   |       -2368.94   |        19.0146   |   71:06:45   |   16:59:55   |
8326        |        -2349.8   |       -2368.19   |        18.3913   |   71:10:06   |   17:00:05   |
8327        |        -2349.2   |       -2368.24   |        19.0391   |   71:13:11   |   17:00:11   |
8328        |       -2352.28   |       -2370.68   |        18.4042   |   71:16:24   |   17:00:19   |
8329        |       -2353.95   |       -2370.08   |        16.1285   |   71:19:40   |   17:00:27   |
8330        |       -2353.55   |       -2370.99   |        17.4464   |   71:22:36   |   17:00:31   |
8331        |       -2351.74   |       -2370.04   |        18.3075   |   71:35:44   |   17:03:00   |
8332        |       -2351.24   |       -2371.08   |        19.8353   |   71:39:10   |   17:03:11   |
8333        |       -2353.66   |       -2373.25   |         19.589   |   71:42:10   |   17:03:16   |
8334        |       -2350.28   |       -2368.35   |        18.0738   |   71:45:38   |   17:03:27   |
8335        |       -2352.32   |       -2368.34   |        16.0277   |   71:49:00   |   17:03:36   |
8336        |       -2355.59   |       -2371.96   |        16.3668   |   71:52:08   |   17:03:43   |
8337        |       -2349.87   |       -2365.95   |        16.0759   |   71:55:25   |   17:03:51   |
8338        |       -2355.15   |       -2371.19   |        16.0404   |   71:58:56   |   17:04:03   |
8339        |       -2351.92   |       -2371.16   |        19.2383   |   72:02:17   |   17:04:12   |


Iter        |      Posterior   |     Likelihood   |          Prior   |    elapsed   |        ETA   |
----------------------------------------------------------------------------------------------------
8340        |       -2349.65   |       -2369.68   |        20.0358   |   72:05:24   |   17:04:18   |
8341        |       -2351.78   |       -2372.63   |        20.8414   |   72:18:47   |   17:06:49   |
8342        |       -2347.67   |       -2368.36   |        20.6939   |   72:22:06   |   17:06:58   |
8343        |       -2349.77   |       -2370.74   |        20.9669   |   72:25:20   |   17:07:05   |
8344        |       -2350.04   |       -2371.46   |        21.4174   |   72:28:32   |   17:07:12   |
8345        |       -2352.94   |       -2374.15   |        21.2077   |   72:31:49   |   17:07:19   |
8346        |        -2353.6   |       -2374.18   |        20.5769   |   72:34:59   |   17:07:26   |
8347        |       -2348.87   |       -2370.04   |          21.17   |   72:38:27   |   17:07:36   |
8348        |       -2351.97   |       -2378.08   |          26.11   |   72:41:43   |   17:07:43   |
8349        |       -2352.49   |       -2376.47   |        23.9835   |   72:45:02   |   17:07:51   |
8350        |       -2351.71   |       -2378.18   |         26.474   |   72:48:06   |   17:07:56   |
8351        |       -2350.89   |       -2376.84   |        25.9579   |   73:00:24   |   17:10:11   |
8352        |        -2351.1   |       -2376.14   |         25.039   |   73:03:45   |   17:10:19   |
8353        |       -2352.05   |       -2377.61   |        25.5543   |   73:07:00   |   17:10:26   |
8354        |       -2354.23   |       -2380.86   |        26.6338   |   73:10:04   |   17:10:30   |
8355        |        -2354.6   |       -2379.65   |        25.0497   |   73:13:07   |   17:10:34   |
8356        |       -2351.03   |       -2376.23   |        25.1951   |   73:16:22   |   17:10:41   |
8357        |       -2348.99   |       -2374.98   |        25.9878   |   73:19:32   |   17:10:47   |
8358        |       -2349.62   |       -2376.38   |          26.76   |   73:22:51   |   17:10:54   |
8359        |       -2350.12   |       -2376.59   |        26.4744   |   73:25:26   |   17:10:52   |


Iter        |      Posterior   |     Likelihood   |          Prior   |    elapsed   |        ETA   |
----------------------------------------------------------------------------------------------------
8360        |       -2348.68   |       -2371.45   |        22.7737   |   73:28:32   |   17:10:56   |
8361        |       -2348.53   |        -2372.8   |        24.2786   |   73:41:15   |   17:13:15   |
8362        |       -2348.09   |       -2371.42   |         23.325   |   73:44:39   |   17:13:24   |
8363        |       -2346.57   |       -2371.79   |        25.2219   |   73:47:51   |   17:13:30   |
8364        |       -2347.52   |       -2369.97   |        22.4507   |   73:50:50   |   17:13:32   |
8365        |       -2347.99   |       -2371.73   |        23.7392   |   73:54:00   |   17:13:37   |
8366        |       -2346.05   |       -2369.93   |        23.8788   |   73:57:06   |   17:13:41   |
8367        |       -2348.13   |       -2370.27   |        22.1401   |   74:00:38   |   17:13:51   |
8368        |       -2353.66   |          -2377   |        23.3407   |   74:03:53   |   17:13:58   |
8369        |       -2352.34   |       -2372.68   |        20.3382   |   74:07:12   |   17:14:05   |
8370        |       -2353.33   |       -2373.15   |        19.8216   |   74:10:32   |   17:14:12   |
8371        |       -2351.56   |       -2372.33   |        20.7691   |   74:24:10   |   17:16:42   |
8372        |       -2347.34   |       -2372.32   |        24.9826   |   74:27:15   |   17:16:46   |
8373        |       -2349.24   |       -2372.73   |        23.4916   |   74:30:31   |   17:16:52   |
8374        |       -2348.53   |       -2372.74   |        24.2099   |   74:33:54   |   17:17:00   |
8375        |       -2348.23   |       -2371.57   |        23.3333   |   74:36:49   |   17:17:01   |
8376        |       -2348.19   |       -2370.79   |        22.5929   |   74:39:49   |   17:17:03   |
8377        |       -2347.73   |       -2371.34   |        23.6071   |   74:43:06   |   17:17:09   |
8378        |       -2347.48   |       -2370.89   |        23.4143   |   74:46:20   |   17:17:14   |
8379        |       -2350.33   |       -2373.56   |        23.2212   |   74:49:32   |   17:17:19   |


Iter        |      Posterior   |     Likelihood   |          Prior   |    elapsed   |        ETA   |
----------------------------------------------------------------------------------------------------
8380        |       -2349.62   |       -2372.88   |        23.2622   |   74:52:48   |   17:17:25   |
8381        |        -2348.7   |       -2372.86   |        24.1531   |   75:05:44   |   17:19:44   |
8382        |       -2347.92   |       -2372.31   |        24.3824   |   75:08:57   |   17:19:49   |
8383        |        -2348.9   |        -2372.5   |        23.5985   |   75:12:07   |   17:19:53   |
8384        |       -2348.32   |       -2371.35   |        23.0314   |   75:14:55   |   17:19:52   |
8385        |       -2345.49   |       -2368.66   |        23.1699   |   75:17:46   |   17:19:52   |
8386        |       -2344.59   |       -2367.24   |        22.6508   |   75:20:43   |   17:19:53   |
8387        |       -2345.04   |       -2367.64   |        22.6058   |   75:24:03   |   17:19:59   |
8388        |       -2344.33   |       -2366.08   |        21.7487   |   75:26:54   |   17:19:58   |
8389        |       -2345.72   |       -2367.36   |        21.6381   |   75:29:48   |   17:19:58   |
8390        |       -2347.04   |       -2370.19   |        23.1509   |   75:32:54   |   17:20:01   |
8391        |       -2346.48   |       -2368.99   |        22.5087   |   75:45:27   |   17:22:14   |
8392        |       -2349.29   |       -2368.94   |        19.6519   |   75:48:29   |   17:22:16   |
8393        |       -2353.52   |       -2370.65   |        17.1269   |   75:51:37   |   17:22:19   |
8394        |       -2349.98   |       -2368.59   |        18.6129   |   75:54:54   |   17:22:24   |
8395        |       -2349.98   |       -2368.59   |        18.6129   |   75:58:40   |   17:22:36   |
8396        |       -2349.09   |       -2367.96   |        18.8725   |   76:02:19   |   17:22:46   |
8397        |       -2348.95   |       -2367.76   |         18.811   |   76:05:19   |   17:22:47   |
8398        |       -2347.63   |       -2367.11   |        19.4828   |   76:08:43   |   17:22:53   |
8399        |       -2344.45   |       -2364.96   |        20.5009   |   76:12:03   |   17:22:59   |


Iter        |      Posterior   |     Likelihood   |          Prior   |    elapsed   |        ETA   |
----------------------------------------------------------------------------------------------------
8400        |        -2344.6   |       -2365.69   |        21.0917   |   76:15:12   |   17:23:02   |
8401        |       -2345.73   |       -2367.32   |          21.59   |   76:27:55   |   17:25:15   |
8402        |        -2347.9   |       -2368.24   |        20.3432   |   76:30:45   |   17:25:14   |
8403        |       -2347.77   |       -2367.71   |        19.9471   |   76:33:48   |   17:25:15   |
8404        |       -2345.32   |       -2365.83   |        20.5129   |   76:37:13   |   17:25:22   |
8405        |       -2346.01   |       -2371.34   |        25.3333   |   76:40:31   |   17:25:26   |
8406        |       -2347.11   |       -2370.78   |        23.6737   |   76:43:47   |   17:25:31   |
8407        |       -2345.63   |       -2369.24   |         23.613   |   76:47:10   |   17:25:36   |
8408        |       -2345.63   |       -2369.24   |         23.613   |   76:50:44   |   17:25:45   |
8409        |       -2345.63   |       -2369.24   |         23.613   |   76:54:11   |   17:25:51   |
8410        |       -2345.63   |       -2369.24   |         23.613   |   76:57:42   |   17:25:58   |
8411        |       -2345.63   |       -2369.24   |         23.613   |   77:10:24   |   17:28:11   |
8412        |       -2345.63   |       -2369.24   |         23.613   |   77:14:05   |   17:28:20   |
8413        |       -2350.14   |       -2374.48   |        24.3415   |   77:17:39   |   17:28:28   |
8414        |       -2349.49   |       -2374.32   |         24.825   |   77:20:57   |   17:28:32   |
8415        |       -2349.52   |       -2374.85   |        25.3289   |   77:24:17   |   17:28:37   |
8416        |       -2349.02   |       -2372.25   |        23.2257   |   77:27:34   |   17:28:41   |
8417        |       -2348.47   |       -2371.75   |        23.2808   |   77:30:28   |   17:28:39   |
8418        |       -2348.75   |       -2371.65   |        22.9068   |   77:33:36   |   17:28:41   |
8419        |       -2345.56   |       -2367.09   |        21.5282   |   77:36:44   |   17:28:43   |


Iter        |      Posterior   |     Likelihood   |          Prior   |    elapsed   |        ETA   |
----------------------------------------------------------------------------------------------------
8420        |       -2348.81   |       -2369.07   |        20.2553   |   77:40:16   |   17:28:50   |
8421        |       -2348.17   |       -2370.07   |        21.8965   |   77:52:55   |   17:31:00   |
8422        |       -2344.66   |       -2366.92   |        22.2629   |   77:55:51   |   17:30:59   |
8423        |       -2345.06   |       -2367.42   |        22.3585   |   77:58:56   |   17:30:59   |
8424        |       -2350.93   |        -2370.6   |        19.6695   |   78:01:54   |   17:30:58   |
8425        |       -2352.27   |       -2373.85   |        21.5842   |   78:04:49   |   17:30:57   |
8426        |       -2348.25   |       -2371.15   |        22.8996   |   78:07:51   |   17:30:57   |
8427        |       -2348.25   |        -2368.5   |        20.2538   |   78:10:49   |   17:30:56   |
8428        |       -2347.39   |       -2368.01   |        20.6198   |   78:14:20   |   17:31:02   |
8429        |       -2347.23   |       -2367.69   |        20.4599   |   78:17:29   |   17:31:04   |
8430        |       -2348.34   |       -2367.88   |        19.5431   |   78:20:51   |   17:31:08   |
8431        |       -2351.71   |        -2368.1   |        16.3845   |   78:33:18   |   17:33:14   |
8432        |       -2351.44   |       -2370.13   |        18.6848   |   78:36:33   |   17:33:16   |
8433        |       -2349.03   |       -2369.24   |        20.2038   |   78:39:41   |   17:33:17   |
8434        |       -2351.66   |       -2372.53   |        20.8696   |   78:42:42   |   17:33:17   |
8435        |       -2352.63   |       -2373.09   |        20.4565   |   78:46:11   |   17:33:22   |
8436        |       -2353.46   |       -2377.58   |         24.116   |   78:49:26   |   17:33:24   |
8437        |       -2358.29   |       -2383.77   |        25.4816   |   78:52:18   |   17:33:22   |
8438        |       -2359.43   |       -2384.47   |        25.0408   |   78:55:06   |   17:33:18   |
8439        |       -2356.82   |       -2381.16   |        24.3428   |   78:57:56   |   17:33:14   |


Iter        |      Posterior   |     Likelihood   |          Prior   |    elapsed   |        ETA   |
----------------------------------------------------------------------------------------------------
8440        |          -2351   |       -2374.52   |        23.5189   |   79:00:52   |   17:33:12   |
8441        |       -2349.39   |       -2373.49   |        24.1059   |   79:13:27   |   17:35:19   |
8442        |       -2348.91   |       -2373.06   |        24.1476   |   79:16:42   |   17:35:21   |
8443        |       -2349.41   |        -2368.7   |        19.2973   |   79:20:08   |   17:35:25   |
8444        |       -2349.25   |       -2366.87   |        17.6214   |   79:23:09   |   17:35:24   |
8445        |       -2350.34   |       -2369.48   |        19.1331   |   79:26:02   |   17:35:21   |
8446        |       -2351.07   |        -2370.2   |        19.1335   |   79:29:30   |   17:35:26   |
8447        |       -2353.03   |       -2374.82   |        21.7918   |   79:32:34   |   17:35:25   |
8448        |       -2352.49   |       -2376.15   |        23.6673   |   79:35:42   |   17:35:25   |
8449        |       -2347.97   |       -2372.58   |        24.6112   |   79:38:48   |   17:35:25   |
8450        |       -2351.21   |       -2371.89   |        20.6732   |   79:41:52   |   17:35:24   |
8451        |       -2353.18   |       -2373.05   |        19.8751   |   79:54:47   |   17:37:33   |
8452        |       -2354.45   |       -2373.29   |        18.8466   |   79:58:03   |   17:37:35   |
8453        |       -2349.82   |       -2370.84   |        21.0192   |   80:01:12   |   17:37:35   |
8454        |       -2349.82   |       -2370.84   |        21.0192   |   80:04:39   |   17:37:39   |
8455        |       -2349.82   |       -2370.84   |        21.0192   |   80:08:03   |   17:37:42   |
8456        |       -2349.82   |       -2370.84   |        21.0192   |   80:11:46   |   17:37:50   |
8457        |       -2349.82   |       -2370.84   |        21.0192   |   80:15:24   |   17:37:56   |
8458        |       -2349.82   |       -2370.84   |        21.0192   |   80:18:55   |   17:38:01   |
8459        |       -2349.82   |       -2370.84   |        21.0192   |   80:22:26   |   17:38:05   |


Iter        |      Posterior   |     Likelihood   |          Prior   |    elapsed   |        ETA   |
----------------------------------------------------------------------------------------------------
8460        |       -2349.82   |       -2370.84   |        21.0192   |   80:25:53   |   17:38:09   |
8461        |       -2352.33   |       -2373.25   |        20.9152   |   80:38:49   |   17:40:17   |
8462        |       -2352.33   |       -2373.25   |        20.9152   |   80:42:14   |   17:40:20   |
8463        |       -2352.33   |       -2373.25   |        20.9152   |   80:45:50   |   17:40:26   |
8464        |       -2354.44   |       -2375.35   |          20.91   |   80:49:11   |   17:40:28   |
8465        |       -2354.44   |       -2375.35   |          20.91   |   80:52:54   |   17:40:35   |
8466        |       -2354.44   |       -2375.35   |          20.91   |   80:56:27   |   17:40:39   |
8467        |       -2354.44   |       -2375.35   |          20.91   |   81:00:06   |   17:40:45   |
8468        |       -2354.44   |       -2375.35   |          20.91   |   81:03:44   |   17:40:51   |
8469        |       -2354.44   |       -2375.35   |          20.91   |   81:07:24   |   17:40:57   |
8470        |       -2354.44   |       -2375.35   |          20.91   |   81:11:00   |   17:41:02   |
8471        |       -2354.44   |       -2375.35   |          20.91   |   81:24:04   |   17:43:10   |
8472        |       -2354.44   |       -2375.35   |          20.91   |   81:27:47   |   17:43:17   |
8473        |       -2354.44   |       -2375.35   |          20.91   |   81:31:26   |   17:43:22   |
8474        |       -2354.54   |       -2375.35   |        20.8059   |   81:34:29   |   17:43:20   |
8475        |       -2354.54   |       -2375.35   |        20.8059   |   81:38:06   |   17:43:25   |
8476        |       -2354.54   |       -2375.35   |        20.8059   |   81:41:44   |   17:43:30   |
8477        |       -2354.54   |       -2375.35   |        20.8059   |   81:45:33   |   17:43:37   |
8478        |       -2354.54   |       -2375.35   |        20.8059   |   81:49:36   |   17:43:48   |
8479        |       -2354.74   |       -2376.33   |        21.5936   |   81:53:24   |   17:43:55   |


Iter        |      Posterior   |     Likelihood   |          Prior   |    elapsed   |        ETA   |
----------------------------------------------------------------------------------------------------
8480        |       -2355.07   |       -2376.67   |        21.6008   |   81:57:27   |   17:44:05   |
8481        |       -2354.77   |       -2376.78   |        22.0154   |   82:11:28   |   17:46:25   |
8482        |       -2355.12   |       -2378.86   |        23.7398   |   82:15:02   |   17:46:29   |
8483        |       -2354.19   |          -2378   |        23.8089   |   82:18:26   |   17:46:30   |
8484        |       -2352.09   |       -2372.93   |        20.8409   |   82:21:47   |   17:46:31   |
8485        |       -2350.82   |       -2371.05   |        20.2278   |   82:24:48   |   17:46:28   |
8486        |       -2352.49   |       -2372.86   |        20.3707   |   82:28:03   |   17:46:27   |
8487        |       -2348.95   |       -2367.96   |        19.0071   |   82:31:38   |   17:46:31   |
8488        |        -2350.6   |       -2367.48   |        16.8828   |   82:35:18   |   17:46:36   |
8489        |       -2359.85   |          -2379   |        19.1487   |   82:38:34   |   17:46:35   |
8490        |       -2358.14   |       -2377.01   |        18.8677   |   82:42:04   |   17:46:38   |
8491        |       -2358.28   |       -2376.81   |        18.5217   |   82:56:10   |   17:48:57   |
8492        |       -2356.15   |        -2376.6   |        20.4466   |   82:59:14   |   17:48:54   |
8493        |       -2353.26   |       -2374.82   |        21.5596   |   83:02:41   |   17:48:55   |
8494        |       -2352.43   |       -2374.74   |        22.3111   |   83:05:55   |   17:48:54   |
8495        |        -2353.3   |       -2372.98   |        19.6881   |   83:09:29   |   17:48:57   |
8496        |       -2348.44   |          -2370   |        21.5614   |   83:13:03   |   17:49:00   |
8497        |       -2348.99   |        -2370.5   |        21.5117   |   83:16:09   |   17:48:57   |
8498        |       -2350.96   |        -2373.1   |        22.1405   |   83:19:51   |   17:49:02   |
8499        |          -2352   |       -2375.43   |        23.4299   |   83:23:00   |   17:49:00   |


Iter        |      Posterior   |     Likelihood   |          Prior   |    elapsed   |        ETA   |
----------------------------------------------------------------------------------------------------
8500        |       -2351.15   |       -2374.67   |        23.5134   |   83:26:14   |   17:48:58   |
8501        |       -2352.27   |        -2376.7   |        24.4288   |   83:39:29   |   17:51:05   |
8502        |       -2351.37   |       -2375.81   |        24.4431   |   83:42:31   |   17:51:01   |
8503        |       -2351.46   |       -2375.56   |        24.1068   |   83:45:39   |   17:50:58   |
8504        |       -2350.66   |       -2375.47   |        24.8122   |   83:48:54   |   17:50:56   |
8505        |        -2348.6   |       -2371.89   |        23.2946   |   83:52:23   |   17:50:58   |
8506        |       -2348.37   |       -2371.43   |        23.0628   |   83:56:16   |   17:51:04   |
8507        |       -2348.37   |       -2371.43   |        23.0628   |   83:59:46   |   17:51:06   |
8508        |       -2350.91   |       -2370.55   |        19.6343   |   84:02:54   |   17:51:03   |
8509        |       -2348.47   |       -2367.95   |         19.479   |   84:06:26   |   17:51:05   |
8510        |       -2348.99   |       -2369.38   |        20.3971   |   84:09:41   |   17:51:03   |
8511        |       -2347.63   |       -2371.86   |        24.2308   |   84:24:09   |   17:53:24   |
8512        |        -2347.9   |       -2372.35   |        24.4492   |   84:27:55   |   17:53:28   |
8513        |       -2348.37   |       -2372.94   |        24.5701   |   84:31:16   |   17:53:28   |
8514        |       -2350.21   |       -2373.97   |        23.7597   |   84:34:47   |   17:53:29   |
8515        |       -2352.44   |       -2377.48   |        25.0441   |   84:37:50   |   17:53:24   |
8516        |       -2349.89   |       -2374.69   |        24.8059   |   84:41:04   |   17:53:22   |
8517        |          -2347   |       -2370.89   |        23.8942   |   84:44:25   |   17:53:21   |
8518        |       -2347.84   |       -2369.83   |        21.9874   |   84:47:43   |   17:53:19   |
8519        |       -2349.83   |       -2373.19   |        23.3573   |   84:51:02   |   17:53:18   |


Iter        |      Posterior   |     Likelihood   |          Prior   |    elapsed   |        ETA   |
----------------------------------------------------------------------------------------------------
8520        |       -2349.23   |       -2372.43   |        23.2084   |   84:54:35   |   17:53:19   |
8521        |       -2349.49   |        -2372.7   |        23.2158   |   85:08:38   |   17:55:33   |
8522        |       -2349.49   |        -2372.7   |        23.2158   |   85:12:21   |   17:55:37   |
8523        |       -2351.03   |       -2374.06   |        23.0264   |   85:15:49   |   17:55:37   |
8524        |       -2350.32   |       -2373.21   |        22.8923   |   85:19:24   |   17:55:39   |
8525        |       -2355.69   |       -2378.03   |        22.3407   |   85:22:59   |   17:55:40   |
8526        |        -2351.8   |       -2374.63   |        22.8296   |   85:26:17   |   17:55:38   |
8527        |       -2353.49   |       -2377.06   |        23.5707   |   85:29:33   |   17:55:35   |
8528        |       -2350.59   |       -2372.44   |        21.8486   |   85:32:53   |   17:55:34   |
8529        |       -2350.75   |       -2371.38   |        20.6231   |   85:36:10   |   17:55:31   |
8530        |       -2350.66   |       -2371.29   |        20.6262   |   85:39:28   |   17:55:29   |
8531        |       -2354.61   |       -2379.24   |        24.6273   |   85:53:26   |   17:57:41   |
8532        |       -2351.17   |       -2374.27   |        23.1026   |   85:56:24   |   17:57:34   |
8533        |       -2350.52   |        -2372.8   |        22.2809   |   85:59:41   |   17:57:31   |
8534        |       -2353.86   |       -2373.59   |         19.735   |   86:03:03   |   17:57:30   |
8535        |       -2349.83   |        -2370.6   |        20.7679   |   86:06:34   |   17:57:30   |
8536        |       -2351.83   |       -2373.46   |        21.6348   |   86:09:35   |   17:57:24   |
8537        |        -2353.9   |       -2373.89   |        19.9978   |   86:12:36   |   17:57:17   |
8538        |       -2352.09   |       -2369.14   |        17.0518   |   86:15:56   |   17:57:15   |
8539        |          -2352   |       -2371.46   |        19.4658   |   86:19:19   |   17:57:13   |


Iter        |      Posterior   |     Likelihood   |          Prior   |    elapsed   |        ETA   |
----------------------------------------------------------------------------------------------------
8540        |       -2352.34   |       -2370.24   |        17.9007   |   86:22:43   |   17:57:12   |
8541        |       -2353.63   |       -2371.12   |        17.4895   |   86:36:13   |   17:59:16   |
8542        |          -2354   |       -2371.41   |        17.4133   |   86:39:14   |   17:59:09   |
8543        |       -2353.26   |       -2372.11   |        18.8423   |   86:42:37   |   17:59:08   |
8544        |       -2356.12   |        -2378.9   |        22.7829   |   86:45:46   |   17:59:03   |
8545        |       -2352.21   |        -2374.9   |        22.6971   |   86:48:57   |   17:58:58   |
8546        |       -2350.05   |       -2372.39   |        22.3428   |   86:52:07   |   17:58:53   |
8547        |        -2352.3   |       -2371.56   |        19.2588   |   86:55:24   |   17:58:50   |
8548        |       -2353.02   |       -2371.76   |        18.7437   |   86:58:58   |   17:58:50   |
8549        |       -2351.05   |       -2369.61   |        18.5614   |   87:02:09   |   17:58:45   |
8550        |       -2350.06   |       -2369.05   |        18.9838   |   87:05:31   |   17:58:43   |
8551        |       -2351.95   |        -2368.8   |        16.8507   |   87:19:46   |   18:00:55   |
8552        |       -2352.98   |       -2370.43   |         17.445   |   87:23:09   |   18:00:52   |
8553        |       -2351.32   |       -2371.79   |        20.4725   |   87:26:36   |   18:00:50   |
8554        |       -2350.98   |       -2371.14   |        20.1616   |   87:30:00   |   18:00:48   |
8555        |       -2347.38   |        -2369.2   |        21.8138   |   87:33:00   |   18:00:41   |
8556        |       -2348.17   |       -2370.09   |        21.9138   |   87:36:42   |   18:00:42   |
8557        |       -2349.58   |       -2373.46   |        23.8818   |   87:40:10   |   18:00:40   |
8558        |       -2351.17   |       -2374.18   |        23.0145   |   87:43:32   |   18:00:37   |
8559        |       -2350.27   |       -2371.55   |        21.2831   |   87:47:04   |   18:00:36   |


Iter        |      Posterior   |     Likelihood   |          Prior   |    elapsed   |        ETA   |
----------------------------------------------------------------------------------------------------
8560        |       -2352.98   |       -2372.52   |        19.5409   |   87:50:27   |   18:00:33   |
8561        |       -2352.91   |       -2372.34   |         19.429   |   88:04:51   |   18:02:46   |
8562        |       -2355.29   |       -2373.78   |        18.4948   |   88:08:14   |   18:02:43   |
8563        |       -2353.67   |       -2372.51   |        18.8397   |   88:11:44   |   18:02:41   |
8564        |       -2353.62   |       -2370.71   |        17.0878   |   88:15:13   |   18:02:39   |
8565        |       -2355.12   |       -2373.96   |        18.8392   |   88:18:39   |   18:02:37   |
8566        |       -2353.38   |       -2370.56   |        17.1814   |   88:22:18   |   18:02:37   |
8567        |       -2355.13   |       -2372.74   |        17.6102   |   88:25:46   |   18:02:34   |
8568        |       -2352.38   |       -2372.22   |        19.8427   |   88:29:08   |   18:02:31   |
8569        |       -2351.07   |       -2371.77   |        20.6972   |   88:32:25   |   18:02:26   |
8570        |       -2355.22   |       -2374.35   |        19.1249   |   88:35:50   |   18:02:23   |
8571        |       -2354.94   |       -2374.92   |        19.9836   |   88:49:23   |   18:04:24   |
8572        |       -2360.39   |       -2380.62   |        20.2251   |   88:52:31   |   18:04:17   |
8573        |       -2353.77   |       -2374.71   |        20.9401   |   88:55:50   |   18:04:13   |
8574        |        -2355.2   |       -2376.84   |        21.6363   |   88:59:17   |   18:04:10   |
8575        |       -2355.05   |       -2377.13   |        22.0788   |   89:02:33   |   18:04:05   |
8576        |       -2355.49   |       -2378.63   |         23.141   |   89:05:45   |   18:03:59   |
8577        |       -2356.54   |       -2381.18   |        24.6365   |   89:08:59   |   18:03:53   |
8578        |       -2356.36   |       -2381.16   |        24.7979   |   89:12:09   |   18:03:46   |
8579        |       -2355.61   |       -2380.78   |        25.1724   |   89:15:30   |   18:03:42   |


Iter        |      Posterior   |     Likelihood   |          Prior   |    elapsed   |        ETA   |
----------------------------------------------------------------------------------------------------
8580        |       -2357.25   |       -2381.17   |        23.9125   |   89:18:31   |   18:03:34   |
8581        |       -2358.82   |       -2380.16   |        21.3382   |   89:32:04   |   18:05:33   |
8582        |       -2357.49   |       -2382.52   |         25.029   |   89:35:11   |   18:05:26   |
8583        |        -2358.8   |       -2384.89   |        26.0937   |   89:38:42   |   18:05:23   |
8584        |       -2355.47   |       -2378.99   |        23.5172   |   89:42:02   |   18:05:18   |
8585        |       -2355.47   |       -2378.99   |        23.5172   |   89:45:55   |   18:05:20   |
8586        |       -2355.47   |       -2378.99   |        23.5172   |   89:49:44   |   18:05:21   |
8587        |       -2354.93   |       -2378.12   |        23.1891   |   89:53:23   |   18:05:20   |
8588        |       -2354.86   |       -2375.63   |        20.7735   |   89:56:47   |   18:05:15   |
8589        |       -2354.86   |       -2375.63   |        20.7735   |   90:00:43   |   18:05:17   |
8590        |       -2355.97   |       -2377.53   |        21.5615   |   90:04:21   |   18:05:16   |
8591        |       -2353.77   |        -2376.5   |        22.7239   |   90:17:54   |   18:07:14   |
8592        |       -2357.49   |       -2377.76   |        20.2666   |   90:21:16   |   18:07:09   |
8593        |       -2358.83   |       -2378.68   |        19.8522   |   90:24:30   |   18:07:02   |
8594        |       -2356.93   |       -2376.14   |        19.2144   |   90:27:38   |   18:06:54   |
8595        |       -2358.45   |       -2377.81   |         19.359   |   90:31:33   |   18:06:56   |
8596        |       -2358.42   |       -2376.92   |        18.4938   |   90:35:10   |   18:06:54   |
8597        |       -2359.03   |       -2377.27   |        18.2304   |   90:38:54   |   18:06:53   |
8598        |       -2359.85   |       -2379.07   |        19.2192   |   90:42:37   |   18:06:52   |
8599        |       -2359.81   |       -2379.03   |         19.222   |   90:46:22   |   18:06:51   |


Iter        |      Posterior   |     Likelihood   |          Prior   |    elapsed   |        ETA   |
----------------------------------------------------------------------------------------------------
8600        |       -2361.27   |       -2380.31   |        19.0396   |   90:49:44   |   18:06:46   |
8601        |       -2358.36   |       -2378.09   |        19.7256   |   91:03:48   |   18:08:49   |
8602        |       -2360.33   |        -2378.7   |        18.3654   |   91:07:31   |   18:08:47   |
8603        |       -2355.53   |       -2372.98   |        17.4413   |   91:11:00   |   18:08:43   |
8604        |       -2359.06   |       -2376.58   |        17.5194   |   91:14:14   |   18:08:36   |
8605        |       -2359.77   |       -2377.59   |        17.8151   |   91:17:25   |   18:08:28   |
8606        |       -2358.34   |        -2376.3   |        17.9559   |   91:21:05   |   18:08:26   |
8607        |       -2357.94   |       -2373.65   |        15.7024   |   91:24:20   |   18:08:19   |
8608        |       -2356.45   |       -2370.71   |        14.2585   |   91:27:50   |   18:08:15   |
8609        |       -2355.54   |       -2368.69   |        13.1438   |   91:31:34   |   18:08:14   |
8610        |       -2353.52   |       -2368.87   |        15.3521   |   91:35:31   |   18:08:15   |
8611        |       -2352.59   |       -2371.74   |        19.1482   |   91:50:44   |   18:10:29   |
8612        |       -2353.96   |       -2373.56   |        19.5966   |   91:54:35   |   18:10:29   |
8613        |       -2358.09   |       -2378.32   |        20.2295   |   91:58:01   |   18:10:24   |
8614        |       -2353.75   |       -2371.71   |        17.9646   |   92:01:27   |   18:10:18   |
8615        |       -2354.14   |       -2371.11   |        16.9747   |   92:04:50   |   18:10:13   |
8616        |       -2355.96   |       -2373.39   |        17.4302   |   92:08:17   |   18:10:07   |
8617        |       -2354.87   |       -2372.72   |        17.8455   |   92:11:57   |   18:10:05   |
8618        |       -2349.62   |       -2368.71   |        19.0872   |   92:15:26   |   18:10:00   |
8619        |       -2348.68   |       -2371.16   |        22.4763   |   92:18:54   |   18:09:54   |


Iter        |      Posterior   |     Likelihood   |          Prior   |    elapsed   |        ETA   |
----------------------------------------------------------------------------------------------------
8620        |          -2349   |       -2373.48   |         24.484   |   92:22:11   |   18:09:47   |
8621        |       -2347.18   |       -2371.71   |        24.5314   |   92:35:41   |   18:11:40   |
8622        |       -2347.48   |       -2372.21   |        24.7324   |   92:38:58   |   18:11:32   |
8623        |       -2348.38   |       -2372.88   |        24.4987   |   92:42:19   |   18:11:26   |
8624        |       -2348.34   |       -2368.84   |        20.5008   |   92:45:36   |   18:11:18   |
8625        |       -2346.55   |       -2368.43   |        21.8821   |   92:49:08   |   18:11:13   |
8626        |       -2348.54   |       -2371.21   |        22.6753   |   92:52:43   |   18:11:09   |
8627        |       -2348.42   |        -2370.2   |        21.7751   |   92:55:58   |   18:11:01   |
8628        |       -2350.57   |       -2369.62   |        19.0513   |   92:59:20   |   18:10:54   |
8629        |       -2350.13   |       -2369.85   |          19.72   |   93:02:58   |   18:10:50   |
8630        |       -2347.84   |       -2370.59   |        22.7504   |   93:05:57   |   18:10:39   |
8631        |          -2351   |       -2373.25   |        22.2534   |   93:19:42   |   18:12:33   |
8632        |       -2350.69   |       -2372.49   |         21.801   |   93:23:16   |   18:12:28   |
8633        |        -2349.9   |       -2370.92   |        21.0205   |   93:26:30   |   18:12:20   |
8634        |       -2347.85   |       -2371.95   |        24.0978   |   93:29:45   |   18:12:11   |
8635        |       -2352.37   |       -2376.97   |        24.6057   |   93:33:06   |   18:12:04   |
8636        |       -2348.77   |       -2372.69   |        23.9196   |   93:36:26   |   18:11:56   |
8637        |       -2349.61   |       -2372.15   |        22.5433   |   93:39:42   |   18:11:47   |
8638        |       -2348.27   |       -2372.43   |        24.1609   |   93:43:10   |   18:11:41   |
8639        |        -2347.9   |       -2370.49   |        22.5863   |   93:46:28   |   18:11:33   |


Iter        |      Posterior   |     Likelihood   |          Prior   |    elapsed   |        ETA   |
----------------------------------------------------------------------------------------------------
8640        |       -2349.49   |       -2370.82   |        21.3333   |   93:49:45   |   18:11:24   |
8641        |       -2349.34   |       -2370.74   |        21.4006   |   94:03:24   |   18:13:16   |
8642        |       -2348.81   |       -2369.65   |        20.8416   |   94:06:44   |   18:13:08   |
8643        |       -2351.25   |       -2371.41   |        20.1564   |   94:10:16   |   18:13:03   |
8644        |       -2353.71   |       -2368.93   |        15.2188   |   94:13:51   |   18:12:57   |
8645        |       -2352.67   |       -2366.43   |        13.7583   |   94:17:12   |   18:12:49   |
8646        |       -2348.62   |       -2367.14   |        18.5168   |   94:20:38   |   18:12:42   |
8647        |       -2349.13   |       -2366.69   |        17.5612   |   94:24:05   |   18:12:35   |
8648        |       -2351.55   |       -2370.58   |        19.0287   |   94:27:45   |   18:12:31   |
8649        |       -2356.71   |       -2374.88   |         18.173   |   94:31:05   |   18:12:23   |
8650        |       -2357.33   |       -2373.24   |        15.9188   |   94:34:46   |   18:12:18   |
8651        |       -2358.53   |       -2374.18   |        15.6459   |   94:48:45   |   18:14:13   |
8652        |       -2358.59   |       -2372.75   |        14.1619   |   94:52:41   |   18:14:11   |
8653        |       -2358.59   |       -2372.75   |        14.1619   |   94:56:40   |   18:14:10   |
8654        |       -2358.39   |       -2372.55   |        14.1619   |   95:00:23   |   18:14:05   |
8655        |       -2356.34   |        -2371.2   |        14.8605   |   95:03:55   |   18:13:59   |
8656        |       -2355.77   |       -2370.49   |        14.7247   |   95:07:37   |   18:13:54   |
8657        |       -2360.65   |       -2378.11   |        17.4607   |   95:11:02   |   18:13:47   |
8658        |       -2362.17   |       -2379.18   |        17.0177   |   95:14:17   |   18:13:37   |
8659        |       -2355.08   |       -2373.58   |         18.501   |   95:18:02   |   18:13:33   |


Iter        |      Posterior   |     Likelihood   |          Prior   |    elapsed   |        ETA   |
----------------------------------------------------------------------------------------------------
8660        |       -2356.23   |       -2375.57   |         19.343   |   95:21:39   |   18:13:27   |
8661        |       -2355.94   |       -2375.74   |         19.803   |   95:35:27   |   18:15:18   |
8662        |       -2352.19   |       -2372.93   |        20.7448   |   95:38:58   |   18:15:11   |
8663        |       -2354.27   |       -2374.81   |         20.539   |   95:42:20   |   18:15:02   |
8664        |       -2349.02   |       -2370.61   |        21.5918   |   95:45:43   |   18:14:53   |
8665        |       -2347.45   |       -2367.04   |        19.5926   |   95:49:01   |   18:14:44   |
8666        |       -2349.94   |       -2370.97   |        21.0386   |   95:52:23   |   18:14:35   |
8667        |       -2346.53   |       -2368.07   |        21.5399   |   95:55:48   |   18:14:26   |
8668        |       -2351.99   |       -2370.01   |        18.0139   |   95:58:51   |   18:14:14   |
8669        |       -2348.04   |       -2366.31   |        18.2737   |   96:02:19   |   18:14:06   |
8670        |       -2352.32   |       -2370.96   |        18.6357   |   96:05:45   |   18:13:57   |
8671        |       -2357.02   |       -2373.77   |          16.75   |   96:19:37   |   18:15:48   |
8672        |       -2352.65   |       -2370.68   |        18.0311   |   96:22:39   |   18:15:34   |
8673        |       -2349.13   |       -2369.98   |        20.8482   |   96:26:11   |   18:15:27   |
8674        |       -2355.78   |       -2377.65   |        21.8734   |   96:29:45   |   18:15:20   |
8675        |       -2353.62   |       -2372.53   |        18.9093   |   96:32:58   |   18:15:09   |
8676        |       -2352.46   |       -2371.64   |        19.1813   |   96:36:18   |   18:14:59   |
8677        |       -2349.65   |       -2371.76   |        22.1096   |   96:39:32   |   18:14:48   |
8678        |       -2352.27   |       -2374.65   |        22.3793   |   96:42:57   |   18:14:39   |
8679        |       -2351.92   |       -2374.12   |        22.1946   |   96:46:18   |   18:14:29   |


Iter        |      Posterior   |     Likelihood   |          Prior   |    elapsed   |        ETA   |
----------------------------------------------------------------------------------------------------
8680        |       -2351.19   |       -2374.69   |        23.4989   |   96:49:48   |   18:14:21   |
8681        |       -2352.47   |       -2372.28   |        19.8028   |   97:04:09   |   18:16:15   |
8682        |       -2348.66   |       -2373.94   |        25.2818   |   97:07:25   |   18:16:04   |
8683        |       -2349.73   |       -2373.56   |        23.8304   |   97:10:42   |   18:15:54   |
8684        |       -2349.38   |       -2374.32   |        24.9363   |   97:14:14   |   18:15:45   |
8685        |       -2350.63   |       -2375.89   |        25.2617   |   97:17:21   |   18:15:33   |
8686        |       -2350.04   |       -2376.84   |        26.7989   |   97:20:25   |   18:15:19   |
8687        |       -2350.77   |       -2375.75   |        24.9841   |   97:23:43   |   18:15:09   |
8688        |       -2351.15   |       -2375.79   |        24.6405   |   97:27:08   |   18:14:59   |
8689        |       -2354.03   |       -2378.23   |        24.2068   |   97:30:20   |   18:14:47   |
8690        |       -2356.91   |       -2380.13   |        23.2181   |   97:33:54   |   18:14:39   |
8691        |       -2354.22   |       -2377.67   |        23.4525   |   97:47:45   |   18:16:26   |
8692        |          -2356   |       -2380.62   |        24.6201   |   97:51:02   |   18:16:15   |
8693        |       -2357.15   |       -2380.72   |        23.5756   |   97:54:11   |   18:16:02   |
8694        |       -2360.06   |       -2381.15   |        21.0938   |   97:57:33   |   18:15:52   |
8695        |       -2360.49   |       -2382.13   |        21.6383   |   98:01:18   |   18:15:46   |
8696        |        -2358.4   |       -2380.59   |        22.1919   |   98:04:48   |   18:15:37   |
8697        |       -2361.69   |       -2384.97   |        23.2808   |   98:08:16   |   18:15:27   |
8698        |       -2361.23   |       -2384.89   |        23.6618   |   98:11:50   |   18:15:19   |
8699        |       -2362.15   |       -2383.95   |        21.8007   |   98:15:05   |   18:15:07   |


Iter        |      Posterior   |     Likelihood   |          Prior   |    elapsed   |        ETA   |
----------------------------------------------------------------------------------------------------
8700        |       -2360.04   |       -2380.06   |        20.0167   |   98:18:13   |   18:14:53   |
8701        |       -2356.78   |       -2377.46   |          20.68   |   98:32:33   |   18:16:45   |
8702        |       -2355.84   |       -2373.99   |        18.1512   |   98:35:52   |   18:16:33   |
8703        |       -2355.68   |       -2373.38   |        17.6999   |   98:39:15   |   18:16:23   |
8704        |       -2357.19   |       -2372.39   |        15.2014   |   98:42:50   |   18:16:14   |
8705        |       -2353.06   |       -2373.33   |        20.2712   |   98:46:21   |   18:16:05   |
8706        |       -2357.96   |       -2375.73   |        17.7694   |   98:49:33   |   18:15:52   |
8707        |       -2362.68   |       -2380.27   |        17.5929   |   98:53:16   |   18:15:44   |
8708        |       -2356.65   |       -2377.15   |        20.5028   |   98:56:36   |   18:15:33   |
8709        |       -2356.41   |       -2378.46   |        22.0532   |   98:59:50   |   18:15:20   |
8710        |       -2356.35   |       -2379.65   |         23.293   |   99:03:00   |   18:15:07   |
8711        |       -2358.17   |       -2381.18   |        23.0083   |   99:15:50   |   18:16:40   |
8712        |        -2353.9   |       -2374.88   |        20.9722   |   99:19:02   |   18:16:27   |
8713        |       -2353.59   |       -2373.23   |        19.6353   |   99:22:05   |   18:16:12   |
8714        |       -2356.08   |       -2373.61   |        17.5319   |   99:25:23   |   18:16:00   |
8715        |       -2360.81   |       -2382.29   |        21.4792   |   99:28:31   |   18:15:46   |
8716        |       -2360.74   |       -2382.24   |        21.5002   |   99:31:31   |   18:15:30   |
8717        |       -2359.55   |       -2379.51   |        19.9582   |   99:34:37   |   18:15:15   |
8718        |       -2352.57   |       -2372.34   |        19.7654   |   99:37:43   |   18:15:01   |
8719        |       -2351.42   |       -2372.39   |        20.9637   |   99:41:03   |   18:14:49   |


Iter        |      Posterior   |     Likelihood   |          Prior   |    elapsed   |        ETA   |
----------------------------------------------------------------------------------------------------
8720        |       -2355.57   |       -2373.64   |        18.0654   |   99:44:17   |   18:14:36   |
8721        |       -2356.35   |       -2374.12   |        17.7657   |   99:57:43   |   18:16:14   |
8722        |       -2353.51   |       -2372.88   |        19.3742   |   100:01:18   |   18:16:05   |
8723        |       -2356.25   |       -2376.37   |        20.1209   |   100:04:49   |   18:15:54   |
8724        |       -2354.43   |       -2375.55   |        21.1178   |   100:08:05   |   18:15:41   |
8725        |       -2350.67   |       -2372.02   |        21.3534   |   100:11:23   |   18:15:29   |
8726        |        -2350.6   |       -2372.89   |         22.291   |   100:14:29   |   18:15:14   |
8727        |        -2353.1   |       -2375.67   |        22.5689   |   100:17:46   |   18:15:01   |
8728        |       -2351.95   |       -2371.17   |          19.22   |   100:21:28   |   18:14:52   |
8729        |       -2355.07   |       -2372.23   |        17.1609   |   100:25:00   |   18:14:42   |
8730        |       -2353.41   |       -2372.49   |        19.0821   |   100:28:12   |   18:14:28   |
8731        |       -2353.97   |        -2369.8   |        15.8223   |   100:41:25   |   18:16:02   |
8732        |       -2352.54   |       -2371.23   |        18.6914   |   100:44:43   |   18:15:49   |
8733        |       -2351.52   |       -2372.92   |        21.4013   |   100:48:06   |   18:15:37   |
8734        |       -2354.64   |       -2374.76   |        20.1186   |   100:51:16   |   18:15:22   |
8735        |       -2353.22   |       -2372.92   |        19.6985   |   100:54:24   |   18:15:07   |
8736        |       -2353.87   |       -2373.57   |        19.6985   |   100:58:04   |   18:14:58   |
8737        |       -2355.48   |       -2377.22   |        21.7386   |   101:01:34   |   18:14:47   |
8738        |       -2355.79   |       -2377.77   |        21.9701   |   101:05:13   |   18:14:37   |
8739        |       -2354.15   |       -2374.63   |        20.4833   |   101:08:30   |   18:14:23   |


Iter        |      Posterior   |     Likelihood   |          Prior   |    elapsed   |        ETA   |
----------------------------------------------------------------------------------------------------
8740        |       -2354.15   |       -2374.63   |        20.4833   |   101:12:15   |   18:14:15   |
8741        |       -2354.61   |       -2375.09   |        20.4816   |   101:25:36   |   18:15:50   |
8742        |       -2360.52   |       -2380.02   |         19.501   |   101:29:10   |   18:15:39   |
8743        |       -2353.26   |       -2372.87   |        19.6102   |   101:32:21   |   18:15:24   |
8744        |       -2353.32   |       -2373.13   |         19.811   |   101:35:36   |   18:15:10   |
8745        |       -2353.32   |       -2373.13   |         19.811   |   101:39:08   |   18:14:59   |
8746        |       -2353.32   |       -2373.13   |         19.811   |   101:42:52   |   18:14:49   |
8747        |       -2350.93   |       -2368.52   |        17.5921   |   101:46:20   |   18:14:37   |
8748        |       -2350.82   |       -2368.41   |        17.5924   |   101:50:07   |   18:14:29   |
8749        |       -2350.42   |       -2370.53   |        20.1152   |   101:53:25   |   18:14:15   |
8750        |        -2349.1   |       -2370.29   |        21.1997   |   101:56:43   |   18:14:01   |
8751        |          -2349   |       -2370.26   |        21.2557   |   102:22:30   |   18:17:48   |
8752        |        -2349.4   |       -2368.44   |        19.0424   |   102:25:41   |   18:17:32   |
8753        |        -2349.4   |       -2368.44   |        19.0424   |   102:29:23   |   18:17:22   |
8754        |       -2347.82   |       -2369.36   |        21.5379   |   102:32:43   |   18:17:08   |
8755        |       -2350.04   |       -2369.82   |        19.7743   |   102:35:59   |   18:16:53   |
8756        |       -2350.19   |       -2370.22   |        20.0331   |   102:39:02   |   18:16:36   |
8757        |       -2353.06   |       -2373.95   |        20.8857   |   102:42:12   |   18:16:20   |
8758        |       -2350.91   |       -2370.52   |        19.6036   |   102:44:53   |   18:15:59   |
8759        |        -2350.5   |       -2370.96   |        20.4538   |   102:48:13   |   18:15:45   |


Iter        |      Posterior   |     Likelihood   |          Prior   |    elapsed   |        ETA   |
----------------------------------------------------------------------------------------------------
8760        |       -2352.48   |       -2371.67   |        19.1943   |   102:51:36   |   18:15:31   |
8761        |        -2351.5   |       -2372.76   |        21.2572   |   103:04:30   |   18:16:59   |
8762        |       -2352.79   |        -2373.9   |        21.1132   |   103:07:38   |   18:16:42   |
8763        |       -2353.07   |       -2370.85   |        17.7805   |   103:10:55   |   18:16:27   |
8764        |       -2353.52   |       -2371.26   |         17.742   |   103:14:17   |   18:16:13   |
8765        |       -2353.94   |       -2370.48   |        16.5386   |   103:17:24   |   18:15:56   |
8766        |       -2357.17   |       -2372.58   |        15.4061   |   103:20:36   |   18:15:40   |
8767        |       -2358.77   |       -2374.46   |        15.6934   |   103:23:17   |   18:15:19   |
8768        |       -2354.56   |        -2371.8   |        17.2392   |   103:26:33   |   18:15:03   |
8769        |       -2355.02   |       -2369.29   |        14.2701   |   103:29:46   |   18:14:47   |
8770        |       -2357.13   |       -2372.18   |        15.0442   |   103:33:07   |   18:14:33   |
8771        |       -2359.03   |       -2371.91   |        12.8841   |   103:45:50   |   18:15:57   |
8772        |       -2359.29   |       -2372.08   |        12.7908   |   103:49:14   |   18:15:43   |
8773        |          -2357   |        -2371.9   |        14.9069   |   103:52:36   |   18:15:28   |
8774        |       -2354.61   |       -2373.68   |        19.0672   |   103:55:27   |   18:15:08   |
8775        |       -2355.83   |       -2374.35   |        18.5194   |   103:58:29   |   18:14:50   |
8776        |        -2353.8   |       -2367.64   |        13.8349   |   104:01:30   |   18:14:32   |
8777        |       -2360.17   |       -2370.39   |        10.2228   |   104:04:47   |   18:14:16   |
8778        |       -2356.91   |       -2370.24   |        13.3338   |   104:08:00   |   18:14:00   |
8779        |       -2353.42   |       -2371.16   |        17.7382   |   104:11:22   |   18:13:45   |


Iter        |      Posterior   |     Likelihood   |          Prior   |    elapsed   |        ETA   |
----------------------------------------------------------------------------------------------------
8780        |       -2351.91   |        -2373.2   |        21.2949   |   104:14:25   |   18:13:27   |
8781        |       -2351.71   |       -2372.64   |        20.9219   |   104:27:05   |   18:14:49   |
8782        |       -2353.02   |        -2373.9   |        20.8843   |   104:30:17   |   18:14:33   |
8783        |       -2352.43   |       -2373.31   |         20.879   |   104:33:37   |   18:14:17   |
8784        |       -2352.88   |       -2373.37   |        20.4876   |   104:36:45   |   18:14:00   |
8785        |       -2353.64   |       -2373.61   |         19.969   |   104:39:46   |   18:13:41   |
8786        |       -2353.55   |       -2373.96   |        20.4087   |   104:42:57   |   18:13:24   |
8787        |       -2352.92   |       -2373.08   |         20.153   |   104:45:57   |   18:13:05   |
8788        |       -2353.61   |        -2373.8   |         20.182   |   104:49:04   |   18:12:47   |
8789        |       -2355.27   |       -2376.99   |        21.7131   |   104:52:06   |   18:12:28   |
8790        |       -2357.14   |       -2375.29   |        18.1527   |   104:55:11   |   18:12:10   |
8791        |       -2354.27   |       -2372.68   |        18.4119   |   105:08:10   |   18:13:34   |
8792        |       -2356.53   |       -2375.36   |        18.8295   |   105:11:28   |   18:13:18   |
8793        |       -2360.47   |       -2378.49   |        18.0167   |   105:14:33   |   18:12:59   |
8794        |        -2361.8   |       -2379.27   |        17.4738   |   105:17:32   |   18:12:40   |
8795        |       -2362.09   |       -2381.28   |        19.1914   |   105:20:44   |   18:12:23   |
8796        |       -2361.85   |       -2379.14   |        17.2968   |   105:24:08   |   18:12:07   |
8797        |       -2362.25   |       -2377.31   |        15.0514   |   105:27:45   |   18:11:54   |
8798        |       -2361.33   |       -2379.05   |        17.7214   |   105:31:07   |   18:11:38   |
8799        |       -2355.82   |       -2379.75   |        23.9374   |   105:34:46   |   18:11:25   |


Iter        |      Posterior   |     Likelihood   |          Prior   |    elapsed   |        ETA   |
----------------------------------------------------------------------------------------------------
8800        |       -2358.46   |       -2378.71   |        20.2436   |   105:38:15   |   18:11:11   |
8801        |       -2363.59   |       -2386.87   |        23.2794   |   105:52:25   |   18:12:46   |
8802        |       -2356.11   |       -2377.24   |        21.1294   |   105:56:06   |   18:12:34   |
8803        |       -2356.11   |       -2377.24   |        21.1294   |   106:00:07   |   18:12:24   |
8804        |          -2357   |       -2375.37   |        18.3696   |   106:03:48   |   18:12:11   |
8805        |       -2356.07   |       -2374.76   |          18.69   |   106:07:23   |   18:11:57   |
8806        |       -2357.44   |       -2373.68   |        16.2452   |   106:10:53   |   18:11:43   |
8807        |       -2356.79   |       -2372.28   |        15.4898   |   106:14:03   |   18:11:24   |
8808        |       -2356.19   |       -2372.36   |        16.1672   |   106:17:46   |   18:11:12   |
8809        |       -2359.31   |       -2374.05   |        14.7352   |   106:21:37   |   18:11:00   |
8810        |          -2357   |       -2372.77   |         15.774   |   106:25:20   |   18:10:47   |
8811        |       -2355.51   |       -2374.13   |        18.6193   |   106:39:41   |   18:12:23   |
8812        |       -2355.51   |       -2374.13   |        18.6193   |   106:43:47   |   18:12:14   |
8813        |       -2355.51   |       -2374.13   |        18.6193   |   106:47:36   |   18:12:02   |
8814        |       -2355.51   |       -2374.13   |        18.6193   |   106:51:31   |   18:11:51   |
8815        |       -2355.51   |       -2374.13   |        18.6193   |   106:55:30   |   18:11:41   |
8816        |       -2355.51   |       -2374.13   |        18.6193   |   106:59:34   |   18:11:31   |
8817        |       -2355.51   |       -2374.13   |        18.6193   |   107:03:48   |   18:11:23   |
8818        |       -2355.51   |       -2374.13   |        18.6193   |   107:07:54   |   18:11:14   |
8819        |       -2355.02   |       -2373.01   |        17.9919   |   107:11:07   |   18:10:56   |


Iter        |      Posterior   |     Likelihood   |          Prior   |    elapsed   |        ETA   |
----------------------------------------------------------------------------------------------------
8820        |       -2355.52   |        -2374.1   |        18.5868   |   107:14:33   |   18:10:39   |
8821        |       -2355.52   |        -2374.1   |        18.5868   |   107:29:05   |   18:12:16   |
8822        |       -2355.52   |        -2374.1   |        18.5868   |   107:33:02   |   18:12:05   |
8823        |       -2355.52   |        -2374.1   |        18.5868   |   107:36:58   |   18:11:53   |
8824        |       -2355.52   |        -2374.1   |        18.5868   |   107:40:31   |   18:11:38   |
8825        |       -2356.16   |       -2372.96   |        16.8008   |   107:44:25   |   18:11:26   |
8826        |       -2356.33   |       -2370.87   |        14.5447   |   107:48:19   |   18:11:14   |
8827        |       -2353.73   |       -2371.45   |        17.7234   |   107:52:24   |   18:11:04   |
8828        |       -2352.38   |        -2370.7   |        18.3199   |   107:56:04   |   18:10:50   |
8829        |       -2353.34   |       -2372.27   |        18.9315   |   107:59:47   |   18:10:36   |
8830        |       -2352.59   |       -2371.59   |        19.0031   |   108:03:16   |   18:10:20   |
8831        |       -2352.59   |       -2371.59   |        19.0031   |   108:17:36   |   18:11:53   |
8832        |       -2352.59   |       -2371.59   |        19.0031   |   108:21:23   |   18:11:39   |
8833        |       -2352.03   |       -2371.02   |        18.9944   |   108:25:16   |   18:11:27   |
8834        |       -2352.03   |       -2371.02   |        18.9944   |   108:29:12   |   18:11:15   |
8835        |       -2350.73   |       -2369.75   |        19.0202   |   108:33:12   |   18:11:03   |
8836        |       -2351.39   |       -2370.35   |        18.9604   |   108:36:38   |   18:10:46   |
8837        |       -2351.39   |       -2370.35   |        18.9604   |   108:40:11   |   18:10:30   |
8838        |       -2351.39   |       -2370.35   |        18.9604   |   108:43:55   |   18:10:16   |
8839        |       -2351.39   |       -2370.35   |        18.9604   |   108:47:39   |   18:10:02   |


Iter        |      Posterior   |     Likelihood   |          Prior   |    elapsed   |        ETA   |
----------------------------------------------------------------------------------------------------
8840        |       -2351.39   |       -2370.35   |        18.9604   |   108:51:16   |   18:09:46   |
8841        |       -2353.44   |        -2372.4   |        18.9604   |   109:05:30   |   18:11:17   |
8842        |       -2351.28   |       -2369.17   |        17.8853   |   109:09:02   |   18:11:00   |
8843        |        -2351.8   |       -2367.85   |        16.0518   |   109:12:33   |   18:10:43   |
8844        |       -2351.39   |       -2368.79   |        17.3965   |   109:16:01   |   18:10:26   |
8845        |       -2350.43   |       -2369.09   |        18.6543   |   109:19:53   |   18:10:13   |
8846        |       -2350.43   |       -2369.09   |        18.6543   |   109:23:54   |   18:10:01   |
8847        |       -2350.43   |       -2369.09   |        18.6543   |   109:28:02   |   18:09:50   |
8848        |          -2353   |        -2371.2   |        18.1982   |   109:31:26   |   18:09:32   |
8849        |       -2353.75   |       -2372.84   |        19.0906   |   109:35:11   |   18:09:18   |
8850        |        -2352.8   |       -2371.28   |        18.4765   |   109:38:39   |   18:09:00   |
8851        |       -2354.48   |          -2371   |        16.5192   |   109:52:25   |   18:10:25   |
8852        |       -2352.96   |       -2370.47   |        17.5058   |   109:56:00   |   18:10:08   |
8853        |       -2355.03   |       -2369.72   |        14.6901   |   109:59:35   |   18:09:52   |
8854        |       -2356.93   |       -2368.76   |        11.8262   |   110:03:00   |   18:09:33   |
8855        |       -2360.77   |       -2372.53   |        11.7617   |   110:06:34   |   18:09:16   |
8856        |       -2356.13   |       -2369.27   |         13.139   |   110:10:29   |   18:09:03   |
8857        |       -2358.11   |       -2371.18   |         13.072   |   110:14:14   |   18:08:48   |
8858        |       -2356.31   |       -2373.05   |        16.7371   |   110:17:46   |   18:08:31   |
8859        |        -2353.2   |       -2373.98   |        20.7808   |   110:21:41   |   18:08:17   |


Iter        |      Posterior   |     Likelihood   |          Prior   |    elapsed   |        ETA   |
----------------------------------------------------------------------------------------------------
8860        |       -2352.56   |       -2372.69   |          20.13   |   110:25:09   |   18:07:59   |
8861        |        -2354.3   |       -2374.81   |        20.5159   |   110:38:33   |   18:09:19   |
8862        |       -2350.49   |        -2371.3   |        20.8048   |   110:41:51   |   18:08:59   |
8863        |       -2352.07   |       -2369.23   |        17.1623   |   110:45:40   |   18:08:44   |
8864        |       -2354.06   |       -2371.53   |        17.4725   |   110:48:57   |   18:08:24   |
8865        |       -2352.26   |        -2372.4   |        20.1497   |   110:52:42   |   18:08:08   |
8866        |       -2357.35   |       -2377.17   |         19.812   |   110:56:09   |   18:07:50   |
8867        |       -2353.44   |       -2374.31   |        20.8714   |   110:59:44   |   18:07:32   |
8868        |        -2353.4   |       -2374.14   |        20.7411   |   111:03:25   |   18:07:16   |
8869        |       -2357.55   |       -2378.11   |        20.5588   |   111:06:59   |   18:06:59   |
8870        |       -2361.47   |       -2382.45   |        20.9822   |   111:10:28   |   18:06:40   |
8871        |       -2360.87   |       -2383.14   |        22.2748   |   111:24:15   |   18:08:02   |
8872        |       -2354.96   |       -2376.03   |        21.0733   |   111:27:42   |   18:07:43   |
8873        |       -2354.84   |       -2373.25   |        18.4147   |   111:30:53   |   18:07:22   |
8874        |       -2354.57   |       -2375.35   |        20.7786   |   111:34:24   |   18:07:04   |
8875        |       -2354.87   |       -2377.59   |        22.7133   |   111:37:40   |   18:06:43   |
8876        |       -2356.72   |       -2378.72   |        21.9956   |   111:41:04   |   18:06:23   |
8877        |       -2360.21   |       -2380.92   |        20.7035   |   111:44:19   |   18:06:02   |
8878        |       -2354.14   |       -2374.69   |        20.5537   |   111:47:44   |   18:05:43   |
8879        |       -2350.31   |       -2371.74   |        21.4352   |   111:51:18   |   18:05:25   |


Iter        |      Posterior   |     Likelihood   |          Prior   |    elapsed   |        ETA   |
----------------------------------------------------------------------------------------------------
8880        |        -2351.7   |       -2372.61   |         20.917   |   111:54:47   |   18:05:06   |
8881        |        -2351.6   |       -2372.95   |        21.3419   |   112:08:23   |   18:06:25   |
8882        |       -2350.14   |       -2371.09   |        20.9422   |   112:11:46   |   18:06:05   |
8883        |       -2353.03   |        -2373.6   |        20.5717   |   112:15:08   |   18:05:44   |
8884        |       -2353.85   |       -2374.52   |        20.6677   |   112:18:46   |   18:05:27   |
8885        |       -2350.93   |       -2372.18   |        21.2476   |   112:22:15   |   18:05:08   |
8886        |       -2349.67   |       -2369.52   |        19.8517   |   112:25:46   |   18:04:49   |
8887        |       -2352.45   |       -2369.88   |        17.4319   |   112:29:19   |   18:04:30   |
8888        |       -2352.68   |       -2370.53   |        17.8553   |   112:32:46   |   18:04:10   |
8889        |       -2351.33   |       -2368.48   |        17.1484   |   112:35:53   |   18:03:47   |
8890        |       -2351.33   |       -2368.48   |        17.1484   |   112:40:00   |   18:03:34   |
8891        |       -2351.33   |       -2368.48   |        17.1484   |   112:54:14   |   18:04:58   |
8892        |       -2351.33   |       -2368.48   |        17.1484   |   112:58:03   |   18:04:42   |
8893        |       -2351.33   |       -2368.48   |        17.1484   |   113:01:57   |   18:04:26   |
8894        |       -2352.31   |       -2369.45   |        17.1468   |   113:05:32   |   18:04:07   |
8895        |       -2352.31   |       -2369.45   |        17.1468   |   113:09:18   |   18:03:50   |
8896        |       -2352.31   |       -2369.45   |        17.1468   |   113:13:07   |   18:03:34   |
8897        |       -2352.31   |       -2369.45   |        17.1468   |   113:16:46   |   18:03:15   |
8898        |       -2351.75   |       -2368.91   |        17.1533   |   113:20:02   |   18:02:54   |
8899        |       -2351.75   |       -2368.91   |        17.1533   |   113:23:29   |   18:02:33   |


Iter        |      Posterior   |     Likelihood   |          Prior   |    elapsed   |        ETA   |
----------------------------------------------------------------------------------------------------
8900        |       -2351.75   |       -2368.91   |        17.1533   |   113:27:00   |   18:02:14   |
8901        |       -2351.75   |       -2368.91   |        17.1533   |   113:40:13   |   18:03:26   |
8902        |       -2351.75   |       -2368.91   |        17.1533   |   113:43:13   |   18:03:02   |
8903        |       -2352.65   |       -2369.38   |        16.7276   |   113:46:37   |   18:02:41   |
8904        |       -2352.65   |       -2369.38   |        16.7276   |   113:50:05   |   18:02:21   |
8905        |       -2354.62   |       -2370.63   |        16.0081   |   113:53:02   |   18:01:55   |
8906        |       -2351.31   |       -2368.74   |        17.4294   |   113:56:05   |   18:01:31   |
8907        |       -2349.95   |        -2368.7   |         18.748   |   113:58:50   |   18:01:04   |
8908        |       -2353.84   |       -2369.25   |        15.4152   |   114:01:58   |   18:00:40   |
8909        |       -2351.29   |        -2367.5   |        16.2152   |   114:04:55   |   18:00:15   |
8910        |       -2350.71   |       -2371.19   |        20.4813   |   114:07:57   |   17:59:50   |
8911        |       -2348.66   |       -2368.93   |        20.2657   |   114:20:42   |   18:00:57   |
8912        |       -2351.21   |       -2370.86   |        19.6447   |   114:23:30   |   18:00:30   |
8913        |       -2350.31   |       -2370.57   |        20.2626   |   114:26:23   |   18:00:04   |
8914        |       -2348.22   |       -2367.12   |         18.908   |   114:29:06   |   17:59:36   |
8915        |       -2351.07   |        -2369.2   |        18.1243   |   114:32:15   |   17:59:12   |
8916        |       -2350.77   |       -2365.18   |        14.4146   |   114:35:01   |   17:58:45   |
8917        |       -2347.58   |        -2366.3   |         18.728   |   114:38:12   |   17:58:21   |
8918        |       -2346.53   |       -2367.05   |        20.5155   |   114:41:08   |   17:57:55   |
8919        |       -2346.14   |       -2368.96   |        22.8207   |   114:44:08   |   17:57:30   |


Iter        |      Posterior   |     Likelihood   |          Prior   |    elapsed   |        ETA   |
----------------------------------------------------------------------------------------------------
8920        |       -2347.23   |        -2367.9   |        20.6685   |   114:47:15   |   17:57:05   |
8921        |       -2345.56   |       -2365.58   |        20.0211   |   115:00:07   |   17:58:12   |
8922        |        -2344.5   |       -2364.52   |        20.0225   |   115:03:16   |   17:57:48   |
8923        |       -2345.23   |       -2366.91   |        21.6831   |   115:06:20   |   17:57:23   |
8924        |       -2345.72   |       -2366.49   |        20.7791   |   115:09:34   |   17:57:00   |
8925        |       -2349.71   |        -2369.7   |        19.9847   |   115:12:55   |   17:56:38   |
8926        |       -2349.65   |       -2368.17   |         18.521   |   115:16:11   |   17:56:14   |
8927        |       -2350.76   |       -2368.95   |         18.188   |   115:19:17   |   17:55:50   |
8928        |       -2350.12   |       -2368.06   |        17.9351   |   115:22:26   |   17:55:25   |
8929        |       -2347.03   |        -2370.4   |         23.373   |   115:25:22   |   17:54:59   |
8930        |       -2347.91   |       -2369.84   |        21.9273   |   115:28:34   |   17:54:35   |
8931        |       -2345.81   |       -2368.62   |        22.8022   |   115:41:12   |   17:55:38   |
8932        |        -2347.2   |       -2368.76   |         21.567   |   115:43:44   |   17:55:08   |
8933        |       -2345.98   |       -2367.85   |        21.8709   |   115:46:17   |   17:54:38   |
8934        |       -2347.64   |       -2369.13   |        21.4859   |   115:49:21   |   17:54:13   |
8935        |        -2349.6   |       -2366.26   |        16.6581   |   115:52:26   |   17:53:47   |
8936        |        -2348.8   |        -2369.3   |        20.4964   |   115:55:04   |   17:53:18   |
8937        |       -2350.34   |       -2373.29   |        22.9468   |   115:57:56   |   17:52:50   |
8938        |        -2347.7   |       -2370.47   |        22.7664   |   116:00:56   |   17:52:24   |
8939        |       -2348.41   |       -2368.97   |        20.5542   |   116:03:35   |   17:51:55   |


Iter        |      Posterior   |     Likelihood   |          Prior   |    elapsed   |        ETA   |
----------------------------------------------------------------------------------------------------
8940        |       -2348.35   |       -2367.61   |        19.2614   |   116:06:43   |   17:51:30   |
8941        |       -2347.33   |       -2367.56   |         20.231   |   116:19:16   |   17:52:31   |
8942        |        -2347.2   |          -2368   |        20.7932   |   116:21:59   |   17:52:02   |
8943        |       -2345.33   |        -2365.4   |        20.0678   |   116:24:21   |   17:51:30   |
8944        |       -2345.57   |       -2365.61   |        20.0396   |   116:27:15   |   17:51:03   |
8945        |       -2345.26   |       -2366.67   |        21.4094   |   116:30:24   |   17:50:38   |
8946        |       -2344.11   |       -2365.57   |        21.4616   |   116:33:19   |   17:50:10   |
8947        |       -2346.37   |       -2366.85   |        20.4786   |   116:36:04   |   17:49:42   |
8948        |       -2347.34   |       -2365.42   |        18.0776   |   116:38:55   |   17:49:14   |
8949        |       -2344.08   |       -2363.92   |        19.8393   |   116:42:05   |   17:48:49   |
8950        |       -2343.38   |       -2366.74   |        23.3605   |   116:45:01   |   17:48:21   |
8951        |       -2345.13   |       -2369.31   |        24.1864   |   116:57:15   |   17:49:19   |
8952        |       -2347.71   |       -2368.28   |        20.5663   |   117:00:14   |   17:48:52   |
8953        |       -2345.64   |       -2370.57   |        24.9354   |   117:03:07   |   17:48:24   |
8954        |       -2346.41   |       -2371.17   |        24.7647   |   117:05:47   |   17:47:54   |
8955        |       -2348.84   |       -2373.83   |        24.9861   |   117:08:45   |   17:47:27   |
8956        |       -2345.59   |       -2368.86   |        23.2707   |   117:11:47   |   17:47:00   |
8957        |       -2346.64   |       -2369.59   |        22.9469   |   117:14:25   |   17:46:30   |
8958        |          -2349   |          -2372   |        23.0073   |   117:17:07   |   17:46:00   |
8959        |       -2346.15   |       -2364.25   |         18.098   |   117:20:04   |   17:45:33   |


Iter        |      Posterior   |     Likelihood   |          Prior   |    elapsed   |        ETA   |
----------------------------------------------------------------------------------------------------
8960        |       -2346.05   |       -2363.23   |        17.1833   |   117:23:02   |   17:45:06   |
8961        |       -2347.42   |       -2364.34   |        16.9291   |   117:36:23   |   17:46:12   |
8962        |       -2348.62   |       -2364.59   |        15.9706   |   117:39:08   |   17:45:43   |
8963        |       -2346.35   |       -2367.07   |         20.721   |   117:42:07   |   17:45:15   |
8964        |       -2347.64   |       -2368.66   |        21.0207   |   117:44:38   |   17:44:44   |
8965        |        -2348.9   |       -2371.23   |         22.326   |   117:47:31   |   17:44:15   |
8966        |       -2348.17   |        -2368.7   |        20.5271   |   117:50:39   |   17:43:49   |
8967        |       -2347.89   |       -2369.16   |        21.2685   |   117:53:37   |   17:43:22   |
8968        |       -2350.62   |       -2368.45   |        17.8299   |   117:56:23   |   17:42:52   |
8969        |       -2349.15   |       -2367.66   |        18.5053   |   117:59:08   |   17:42:22   |
8970        |       -2348.02   |       -2369.89   |        21.8672   |   118:02:20   |   17:41:57   |
8971        |       -2349.69   |       -2368.85   |        19.1582   |   118:14:27   |   17:42:51   |
8972        |       -2349.89   |       -2370.89   |        21.0036   |   118:17:02   |   17:42:20   |
8973        |       -2350.24   |        -2371.4   |        21.1654   |   118:19:50   |   17:41:50   |
8974        |       -2350.84   |       -2370.24   |        19.4004   |   118:22:26   |   17:41:19   |
8975        |        -2359.3   |       -2380.04   |        20.7475   |   118:25:29   |   17:40:52   |
8976        |        -2355.5   |       -2372.75   |        17.2477   |   118:28:28   |   17:40:24   |
8977        |       -2355.13   |       -2370.73   |        15.5989   |   118:31:27   |   17:39:56   |
8978        |       -2354.16   |        -2371.5   |        17.3396   |   118:34:30   |   17:39:29   |
8979        |        -2348.8   |       -2366.18   |        17.3715   |   118:37:32   |   17:39:01   |


Iter        |      Posterior   |     Likelihood   |          Prior   |    elapsed   |        ETA   |
----------------------------------------------------------------------------------------------------
8980        |       -2347.05   |       -2367.23   |        20.1801   |   118:40:31   |   17:38:33   |
8981        |       -2346.59   |       -2366.38   |        19.7808   |   118:53:02   |   17:39:30   |
8982        |       -2345.53   |          -2365   |        19.4771   |   118:55:36   |   17:38:58   |
8983        |       -2346.38   |        -2366.4   |        20.0135   |   118:58:19   |   17:38:28   |
8984        |       -2346.98   |       -2366.55   |        19.5726   |   119:01:24   |   17:38:00   |
8985        |        -2346.6   |       -2367.67   |        21.0671   |   119:04:18   |   17:37:31   |
8986        |       -2347.52   |       -2367.54   |        20.0151   |   119:07:20   |   17:37:04   |
8987        |       -2346.13   |       -2366.71   |        20.5817   |   119:10:11   |   17:36:34   |
8988        |       -2349.14   |       -2368.68   |        19.5406   |   119:13:12   |   17:36:06   |
8989        |       -2351.45   |       -2372.33   |        20.8805   |   119:16:05   |   17:35:37   |
8990        |       -2348.21   |       -2370.26   |        22.0452   |   119:18:51   |   17:35:06   |
8991        |       -2350.83   |       -2371.29   |        20.4585   |   119:31:16   |   17:36:01   |
8992        |       -2346.82   |       -2367.77   |        20.9482   |   119:34:11   |   17:35:32   |
8993        |       -2348.61   |       -2371.12   |        22.5088   |   119:37:06   |   17:35:03   |
8994        |       -2348.41   |       -2371.19   |        22.7747   |   119:40:08   |   17:34:35   |
8995        |        -2348.3   |       -2371.27   |        22.9712   |   119:42:49   |   17:34:03   |
8996        |       -2346.72   |       -2368.36   |        21.6476   |   119:45:42   |   17:33:34   |
8997        |       -2346.61   |       -2368.45   |          21.84   |   119:48:25   |   17:33:03   |
8998        |       -2347.47   |        -2370.7   |        23.2288   |   119:51:20   |   17:32:33   |
8999        |       -2347.77   |       -2370.43   |          22.66   |   119:54:06   |   17:32:03   |


Iter        |      Posterior   |     Likelihood   |          Prior   |    elapsed   |        ETA   |
----------------------------------------------------------------------------------------------------
9000        |       -2348.08   |       -2369.34   |        21.2595   |   119:56:41   |   17:31:30   |
9001        |       -2347.28   |       -2368.45   |        21.1693   |   120:09:05   |   17:32:24   |
9002        |       -2347.38   |       -2368.13   |        20.7404   |   120:12:04   |   17:31:55   |
9003        |       -2344.77   |       -2366.16   |        21.3879   |   120:14:54   |   17:31:25   |
9004        |       -2346.56   |       -2367.68   |        21.1202   |   120:18:00   |   17:30:57   |
9005        |       -2353.78   |       -2374.27   |        20.4867   |   120:20:52   |   17:30:27   |
9006        |       -2345.95   |       -2365.24   |         19.286   |   120:23:31   |   17:29:55   |
9007        |       -2347.09   |       -2365.37   |        18.2816   |   120:26:20   |   17:29:24   |
9008        |       -2348.51   |       -2366.05   |        17.5418   |   120:29:19   |   17:28:55   |
9009        |       -2348.79   |        -2366.6   |        17.8123   |   120:32:11   |   17:28:25   |
9010        |       -2348.57   |       -2366.16   |        17.5877   |   120:35:21   |   17:27:57   |
9011        |       -2347.37   |        -2365.1   |        17.7289   |   120:47:57   |   17:28:51   |
9012        |       -2347.37   |        -2365.1   |        17.7289   |   120:50:53   |   17:28:22   |
9013        |       -2347.37   |        -2365.1   |        17.7289   |   120:54:07   |   17:27:54   |
9014        |       -2346.95   |       -2365.16   |        18.2046   |   120:57:17   |   17:27:27   |
9015        |       -2348.42   |       -2366.42   |        18.0007   |   121:00:09   |   17:26:56   |
9016        |       -2348.94   |       -2369.73   |         20.787   |   121:02:55   |   17:26:25   |
9017        |        -2352.1   |        -2371.9   |        19.8048   |   121:05:48   |   17:25:54   |
9018        |       -2346.74   |       -2367.87   |        21.1301   |   121:08:36   |   17:25:23   |
9019        |        -2345.7   |       -2368.05   |        22.3498   |   121:11:35   |   17:24:54   |


Iter        |      Posterior   |     Likelihood   |          Prior   |    elapsed   |        ETA   |
----------------------------------------------------------------------------------------------------
9020        |       -2346.07   |       -2365.97   |        19.9057   |   121:14:15   |   17:24:21   |
9021        |       -2346.31   |       -2367.95   |        21.6316   |   121:27:24   |   17:25:19   |
9022        |       -2348.94   |       -2369.54   |        20.5973   |   121:30:13   |   17:24:48   |
9023        |       -2346.92   |       -2369.41   |        22.4849   |   121:33:02   |   17:24:17   |
9024        |       -2350.41   |       -2370.59   |        20.1838   |   121:36:12   |   17:23:48   |
9025        |       -2349.69   |       -2372.15   |        22.4601   |   121:39:11   |   17:23:19   |
9026        |       -2348.85   |       -2370.82   |         21.966   |   121:41:56   |   17:22:47   |
9027        |          -2347   |        -2367.7   |        20.7044   |   121:44:53   |   17:22:16   |
9028        |        -2350.6   |       -2371.73   |         21.126   |   121:47:50   |   17:21:46   |
9029        |       -2347.57   |       -2367.56   |        19.9977   |   121:50:19   |   17:21:12   |
9030        |       -2349.51   |       -2371.38   |        21.8689   |   121:53:08   |   17:20:41   |
9031        |       -2352.16   |       -2373.75   |        21.5955   |   122:05:46   |   17:21:33   |
9032        |       -2352.65   |       -2374.29   |        21.6347   |   122:08:41   |   17:21:02   |
9033        |        -2350.9   |       -2370.47   |        19.5738   |   122:11:51   |   17:20:33   |
9034        |       -2347.31   |       -2367.77   |        20.4592   |   122:14:30   |   17:20:00   |
9035        |       -2347.28   |       -2369.44   |        22.1584   |   122:17:19   |   17:19:29   |
9036        |       -2350.07   |       -2371.67   |        21.6039   |   122:20:14   |   17:18:58   |
9037        |       -2348.46   |       -2370.76   |        22.3016   |   122:23:16   |   17:18:28   |
9038        |       -2347.55   |        -2370.7   |        23.1493   |   122:26:09   |   17:17:57   |
9039        |       -2345.46   |       -2368.68   |        23.2199   |   122:29:09   |   17:17:27   |


Iter        |      Posterior   |     Likelihood   |          Prior   |    elapsed   |        ETA   |
----------------------------------------------------------------------------------------------------
9040        |       -2349.93   |       -2372.24   |        22.3045   |   122:32:01   |   17:16:55   |
9041        |       -2349.09   |       -2372.44   |        23.3537   |   122:44:48   |   17:17:48   |
9042        |       -2349.09   |       -2372.44   |        23.3537   |   122:48:14   |   17:17:21   |
9043        |       -2347.33   |       -2371.68   |        24.3428   |   122:51:27   |   17:16:52   |
9044        |       -2347.33   |       -2371.68   |        24.3428   |   122:54:39   |   17:16:23   |
9045        |       -2347.33   |       -2371.68   |        24.3428   |   122:57:44   |   17:15:54   |
9046        |       -2345.93   |       -2370.08   |        24.1455   |   123:01:03   |   17:15:26   |
9047        |       -2345.66   |       -2368.56   |        22.9014   |   123:04:05   |   17:14:55   |
9048        |       -2346.32   |       -2370.37   |        24.0474   |   123:06:49   |   17:14:22   |
9049        |       -2346.36   |       -2370.48   |        24.1154   |   123:09:21   |   17:13:48   |
9050        |        -2344.7   |       -2370.08   |         25.378   |   123:11:58   |   17:13:14   |
9051        |       -2346.08   |       -2370.53   |        24.4454   |   123:24:24   |   17:14:02   |
9052        |       -2352.45   |       -2376.19   |        23.7428   |   123:27:22   |   17:13:31   |
9053        |       -2346.82   |       -2371.06   |        24.2373   |   123:30:12   |   17:12:59   |
9054        |       -2347.36   |       -2369.75   |         22.389   |   123:33:05   |   17:12:27   |
9055        |       -2347.95   |        -2371.2   |        23.2436   |   123:35:53   |   17:11:55   |
9056        |       -2345.37   |       -2371.01   |        25.6382   |   123:38:44   |   17:11:22   |
9057        |       -2345.95   |       -2371.94   |        25.9884   |   123:41:30   |   17:10:49   |
9058        |       -2348.22   |       -2371.38   |        23.1564   |   123:44:34   |   17:10:19   |
9059        |       -2349.28   |       -2372.06   |        22.7754   |   123:47:33   |   17:09:48   |


Iter        |      Posterior   |     Likelihood   |          Prior   |    elapsed   |        ETA   |
----------------------------------------------------------------------------------------------------
9060        |       -2349.28   |       -2372.06   |        22.7757   |   123:50:57   |   17:09:20   |
9061        |       -2349.03   |        -2371.8   |        22.7716   |   124:03:43   |   17:10:10   |
9062        |       -2347.25   |       -2369.88   |        22.6267   |   124:06:26   |   17:09:36   |
9063        |       -2348.11   |       -2369.44   |        21.3229   |   124:09:31   |   17:09:06   |
9064        |       -2346.94   |       -2369.07   |        22.1257   |   124:12:18   |   17:08:33   |
9065        |       -2349.93   |       -2368.07   |        18.1384   |   124:15:20   |   17:08:02   |
9066        |        -2349.5   |        -2368.4   |        18.9007   |   124:18:19   |   17:07:30   |
9067        |        -2350.4   |       -2369.81   |        19.4085   |   124:20:59   |   17:06:56   |
9068        |       -2349.86   |          -2370   |        20.1435   |   124:24:03   |   17:06:25   |
9069        |       -2348.77   |       -2368.32   |        19.5555   |   124:27:01   |   17:05:54   |
9070        |       -2350.67   |       -2370.03   |        19.3566   |   124:30:08   |   17:05:23   |
9071        |       -2350.02   |       -2371.74   |        21.7184   |   124:42:47   |   17:06:11   |
9072        |       -2353.32   |       -2375.49   |        22.1744   |   124:45:52   |   17:05:40   |
9073        |       -2354.33   |        -2374.8   |        20.4747   |   124:48:43   |   17:05:07   |
9074        |       -2354.77   |       -2372.75   |        17.9751   |   124:52:00   |   17:04:38   |
9075        |       -2355.95   |       -2369.27   |        13.3232   |   124:55:01   |   17:04:06   |
9076        |       -2351.51   |       -2368.81   |        17.3062   |   124:57:49   |   17:03:33   |
9077        |       -2352.04   |       -2369.96   |         17.918   |   125:00:48   |   17:03:01   |
9078        |       -2353.18   |       -2375.59   |        22.4062   |   125:03:55   |   17:02:30   |
9079        |       -2349.68   |       -2373.46   |        23.7815   |   125:06:33   |   17:01:55   |


Iter        |      Posterior   |     Likelihood   |          Prior   |    elapsed   |        ETA   |
----------------------------------------------------------------------------------------------------
9080        |        -2351.1   |       -2373.14   |        22.0382   |   125:09:10   |   17:01:20   |
9081        |       -2349.81   |       -2370.43   |        20.6218   |   125:21:38   |   17:02:06   |
9082        |        -2351.6   |       -2368.34   |         16.741   |   125:24:39   |   17:01:34   |
9083        |       -2351.91   |       -2368.91   |        16.9974   |   125:27:55   |   17:01:04   |
9084        |       -2357.44   |       -2376.94   |        19.4946   |   125:30:52   |   17:00:31   |
9085        |       -2352.89   |       -2373.18   |        20.2926   |   125:34:19   |   17:00:03   |
9086        |       -2348.78   |       -2370.68   |        21.8948   |   125:37:19   |   16:59:31   |
9087        |       -2349.34   |       -2371.23   |        21.8948   |   125:40:39   |   16:59:01   |
9088        |       -2353.89   |       -2374.39   |        20.4999   |   125:43:18   |   16:58:26   |
9089        |        -2353.2   |       -2375.12   |         21.927   |   125:46:22   |   16:57:55   |
9090        |       -2353.22   |        -2375.2   |         21.971   |   125:49:37   |   16:57:24   |
9091        |          -2352   |       -2373.61   |         21.613   |   126:02:08   |   16:58:09   |
9092        |       -2353.76   |        -2375.2   |        21.4395   |   126:04:56   |   16:57:35   |
9093        |       -2350.74   |       -2372.94   |         22.207   |   126:07:51   |   16:57:02   |
9094        |       -2352.96   |       -2372.92   |        19.9549   |   126:10:34   |   16:56:27   |
9095        |       -2354.18   |       -2377.32   |        23.1381   |   126:13:49   |   16:55:56   |
9096        |       -2351.93   |       -2374.03   |        22.1012   |   126:16:40   |   16:55:23   |
9097        |       -2352.29   |       -2373.89   |        21.6009   |   126:19:46   |   16:54:51   |
9098        |       -2351.58   |        -2373.9   |        22.3178   |   126:22:42   |   16:54:18   |
9099        |       -2352.69   |       -2371.21   |        18.5203   |   126:25:52   |   16:53:46   |


Iter        |      Posterior   |     Likelihood   |          Prior   |    elapsed   |        ETA   |
----------------------------------------------------------------------------------------------------
9100        |       -2349.57   |       -2371.08   |         21.502   |   126:28:38   |   16:53:12   |
9101        |       -2352.92   |       -2371.07   |        18.1466   |   126:41:18   |   16:53:57   |
9102        |       -2352.39   |        -2368.6   |        16.2121   |   126:44:29   |   16:53:25   |
9103        |       -2351.73   |       -2367.58   |        15.8551   |   126:47:53   |   16:52:56   |
9104        |       -2350.96   |       -2369.53   |        18.5751   |   126:51:01   |   16:52:24   |
9105        |       -2350.27   |       -2370.19   |        19.9242   |   126:54:18   |   16:51:53   |
9106        |       -2348.32   |       -2367.75   |        19.4357   |   126:57:39   |   16:51:23   |
9107        |       -2347.05   |       -2368.05   |        20.9965   |   127:01:08   |   16:50:54   |
9108        |       -2350.77   |       -2369.85   |        19.0777   |   127:04:14   |   16:50:22   |
9109        |       -2349.65   |       -2369.97   |        20.3198   |   127:07:29   |   16:49:51   |
9110        |       -2352.35   |       -2376.07   |        23.7239   |   127:10:42   |   16:49:19   |
9111        |       -2351.62   |       -2373.73   |        22.1048   |   127:23:22   |   16:50:03   |
9112        |       -2354.22   |       -2376.35   |        22.1299   |   127:26:33   |   16:49:31   |
9113        |       -2353.25   |       -2375.21   |        21.9635   |   127:29:55   |   16:49:01   |
9114        |       -2355.12   |       -2377.12   |        22.0025   |   127:33:01   |   16:48:28   |
9115        |        -2355.8   |       -2377.57   |        21.7726   |   127:36:30   |   16:47:59   |
9116        |       -2352.58   |       -2375.12   |         22.542   |   127:39:38   |   16:47:26   |
9117        |       -2358.27   |       -2382.99   |        24.7214   |   127:42:32   |   16:46:52   |
9118        |       -2350.17   |       -2374.07   |        23.8983   |   127:45:40   |   16:46:20   |
9119        |       -2349.76   |       -2373.92   |        24.1626   |   127:48:38   |   16:45:46   |


Iter        |      Posterior   |     Likelihood   |          Prior   |    elapsed   |        ETA   |
----------------------------------------------------------------------------------------------------
9120        |       -2350.08   |        -2375.3   |        25.2196   |   127:51:44   |   16:45:13   |
9121        |       -2350.08   |        -2375.3   |        25.2196   |   128:04:27   |   16:45:56   |
9122        |       -2349.05   |        -2374.4   |        25.3474   |   128:07:41   |   16:45:24   |
9123        |       -2348.89   |       -2372.58   |        23.6899   |   128:10:40   |   16:44:51   |
9124        |       -2349.21   |       -2373.85   |        24.6383   |   128:13:22   |   16:44:15   |
9125        |       -2348.69   |       -2374.02   |        25.3254   |   128:16:15   |   16:43:40   |
9126        |        -2348.9   |       -2374.91   |        26.0084   |   128:18:56   |   16:43:04   |
9127        |       -2348.01   |       -2374.04   |        26.0262   |   128:21:46   |   16:42:29   |
9128        |       -2347.13   |       -2372.74   |         25.603   |   128:24:34   |   16:41:53   |
9129        |       -2348.01   |        -2371.9   |        23.8825   |   128:27:40   |   16:41:20   |
9130        |        -2353.5   |       -2376.77   |        23.2716   |   128:30:29   |   16:40:45   |
9131        |       -2357.42   |       -2379.07   |        21.6456   |   128:42:51   |   16:41:24   |
9132        |       -2355.96   |       -2379.97   |        24.0111   |   128:46:05   |   16:40:52   |
9133        |       -2350.89   |       -2373.68   |        22.7926   |   128:49:06   |   16:40:18   |
9134        |       -2350.57   |       -2374.02   |         23.454   |   128:52:04   |   16:39:44   |
9135        |       -2348.06   |       -2370.58   |        22.5249   |   128:55:06   |   16:39:10   |
9136        |        -2349.9   |        -2372.5   |         22.604   |   128:58:01   |   16:38:35   |
9137        |       -2353.43   |       -2377.26   |        23.8304   |   129:01:04   |   16:38:01   |
9138        |       -2352.33   |       -2376.13   |        23.7988   |   129:04:04   |   16:37:27   |
9139        |       -2350.53   |        -2374.4   |        23.8723   |   129:07:13   |   16:36:54   |


Iter        |      Posterior   |     Likelihood   |          Prior   |    elapsed   |        ETA   |
----------------------------------------------------------------------------------------------------
9140        |       -2348.88   |       -2373.14   |        24.2577   |   129:10:12   |   16:36:19   |
9141        |       -2348.59   |       -2370.63   |        22.0362   |   129:22:33   |   16:36:57   |
9142        |        -2351.3   |          -2372   |        20.7034   |   129:25:34   |   16:36:23   |
9143        |       -2351.05   |       -2372.23   |        21.1827   |   129:28:31   |   16:35:48   |
9144        |       -2351.87   |       -2372.75   |        20.8777   |   129:31:40   |   16:35:15   |
9145        |       -2352.57   |       -2374.73   |        22.1521   |   129:34:49   |   16:34:42   |
9146        |       -2352.33   |        -2375.2   |         22.868   |   129:38:03   |   16:34:09   |
9147        |       -2350.98   |       -2374.56   |        23.5802   |   129:41:20   |   16:33:36   |
9148        |       -2349.68   |       -2372.37   |         22.688   |   129:44:10   |   16:33:01   |
9149        |       -2347.95   |        -2370.1   |        22.1509   |   129:47:14   |   16:32:26   |
9150        |       -2348.21   |       -2369.62   |        21.4086   |   129:50:37   |   16:31:55   |
9151        |       -2350.56   |       -2366.73   |        16.1701   |   130:03:41   |   16:32:37   |
9152        |       -2350.17   |       -2366.36   |        16.1877   |   130:07:17   |   16:32:07   |
9153        |        -2348.1   |       -2367.18   |        19.0796   |   130:10:43   |   16:31:35   |
9154        |       -2348.79   |       -2365.96   |        17.1742   |   130:14:01   |   16:31:03   |
9155        |       -2353.34   |       -2370.37   |        17.0293   |   130:17:07   |   16:30:28   |
9156        |       -2351.66   |       -2369.45   |        17.7939   |   130:20:31   |   16:29:56   |
9157        |       -2353.02   |       -2372.22   |        19.2057   |   130:23:44   |   16:29:23   |
9158        |       -2350.86   |       -2369.03   |        18.1683   |   130:26:44   |   16:28:48   |
9159        |       -2350.43   |       -2368.91   |         18.478   |   130:29:44   |   16:28:13   |


Iter        |      Posterior   |     Likelihood   |          Prior   |    elapsed   |        ETA   |
----------------------------------------------------------------------------------------------------
9160        |       -2348.81   |       -2367.85   |        19.0416   |   130:32:35   |   16:27:37   |
9161        |       -2345.19   |       -2366.58   |        21.3901   |   130:45:18   |   16:28:15   |
9162        |       -2345.21   |       -2368.79   |        23.5742   |   130:48:04   |   16:27:38   |
9163        |       -2345.47   |       -2369.06   |        23.5854   |   130:51:30   |   16:27:06   |
9164        |       -2346.21   |       -2369.65   |        23.4435   |   130:54:50   |   16:26:34   |
9165        |       -2346.63   |       -2369.54   |        22.9078   |   130:57:40   |   16:25:57   |
9166        |       -2346.13   |       -2367.99   |        21.8502   |   131:00:32   |   16:25:21   |
9167        |       -2343.97   |       -2367.61   |         23.636   |   131:03:34   |   16:24:46   |
9168        |       -2344.59   |       -2367.11   |        22.5199   |   131:06:32   |   16:24:10   |
9169        |       -2345.47   |       -2369.54   |         24.072   |   131:09:31   |   16:23:34   |
9170        |       -2345.47   |       -2369.54   |         24.072   |   131:12:50   |   16:23:01   |
9171        |       -2345.96   |       -2370.07   |        24.1027   |   131:25:27   |   16:23:38   |
9172        |       -2346.32   |       -2370.49   |        24.1622   |   131:28:44   |   16:23:04   |
9173        |       -2346.94   |       -2371.29   |          24.35   |   131:31:42   |   16:22:29   |
9174        |       -2345.66   |        -2370.6   |          24.94   |   131:34:29   |   16:21:51   |
9175        |       -2347.97   |       -2372.38   |        24.4144   |   131:37:16   |   16:21:14   |
9176        |       -2348.08   |       -2372.15   |        24.0793   |   131:40:04   |   16:20:37   |
9177        |        -2347.3   |       -2372.76   |          25.46   |   131:43:24   |   16:20:03   |
9178        |       -2348.37   |       -2371.95   |        23.5833   |   131:46:09   |   16:19:26   |
9179        |       -2345.82   |       -2367.76   |        21.9369   |   131:49:04   |   16:18:49   |


Iter        |      Posterior   |     Likelihood   |          Prior   |    elapsed   |        ETA   |
----------------------------------------------------------------------------------------------------
9180        |       -2347.56   |       -2370.19   |        22.6264   |   131:52:21   |   16:18:16   |
9181        |       -2347.56   |       -2370.19   |        22.6264   |   132:05:10   |   16:18:53   |
9182        |          -2347   |          -2369   |        22.0027   |   132:08:29   |   16:18:19   |
9183        |       -2347.77   |       -2365.74   |        17.9749   |   132:11:32   |   16:17:43   |
9184        |       -2347.99   |       -2365.68   |        17.6915   |   132:14:50   |   16:17:09   |
9185        |       -2346.87   |       -2366.81   |        19.9318   |   132:18:11   |   16:16:36   |
9186        |       -2346.47   |       -2368.35   |        21.8751   |   132:21:28   |   16:16:02   |
9187        |       -2346.91   |       -2369.08   |        22.1683   |   132:24:18   |   16:15:25   |
9188        |       -2346.91   |       -2369.08   |        22.1683   |   132:27:40   |   16:14:51   |
9189        |       -2348.46   |       -2370.99   |        22.5299   |   132:30:26   |   16:14:13   |
9190        |       -2348.07   |       -2368.99   |        20.9132   |   132:33:02   |   16:13:34   |
9191        |       -2347.73   |       -2368.63   |        20.8968   |   132:45:47   |   16:14:09   |
9192        |       -2349.48   |       -2369.09   |        19.6028   |   132:48:43   |   16:13:32   |
9193        |       -2348.98   |       -2369.99   |        21.0146   |   132:52:04   |   16:12:59   |
9194        |       -2346.75   |       -2367.76   |         21.006   |   132:54:35   |   16:12:19   |
9195        |       -2348.51   |       -2366.41   |        17.9013   |   132:57:31   |   16:11:42   |
9196        |       -2347.08   |        -2364.4   |         17.316   |   133:00:41   |   16:11:06   |
9197        |       -2346.49   |       -2367.32   |        20.8299   |   133:03:38   |   16:10:30   |
9198        |       -2344.84   |          -2365   |        20.1628   |   133:06:24   |   16:09:51   |
9199        |        -2347.9   |       -2366.44   |        18.5365   |   133:09:17   |   16:09:14   |


Iter        |      Posterior   |     Likelihood   |          Prior   |    elapsed   |        ETA   |
----------------------------------------------------------------------------------------------------
9200        |       -2348.54   |       -2366.83   |        18.2882   |   133:12:43   |   16:08:40   |
9201        |       -2350.07   |       -2367.86   |        17.7841   |   133:25:55   |   16:09:18   |
9202        |       -2349.18   |       -2366.35   |        17.1618   |   133:28:51   |   16:08:41   |
9203        |        -2350.6   |       -2367.94   |        17.3412   |   133:31:42   |   16:08:03   |
9204        |       -2350.96   |       -2368.58   |        17.6187   |   133:34:45   |   16:07:26   |
9205        |       -2352.89   |       -2369.64   |        16.7517   |   133:37:28   |   16:06:47   |
9206        |       -2353.27   |        -2366.8   |        13.5317   |   133:40:45   |   16:06:13   |
9207        |       -2350.78   |       -2364.64   |        13.8621   |   133:43:35   |   16:05:35   |
9208        |       -2349.24   |       -2369.69   |        20.4482   |   133:46:43   |   16:04:59   |
9209        |       -2346.86   |       -2367.87   |        21.0074   |   133:49:22   |   16:04:19   |
9210        |       -2346.07   |       -2366.37   |        20.2985   |   133:52:20   |   16:03:42   |
9211        |        -2347.2   |       -2367.58   |        20.3768   |   134:04:49   |   16:04:13   |
9212        |       -2345.42   |        -2365.4   |        19.9838   |   134:07:52   |   16:03:36   |
9213        |       -2347.18   |       -2369.08   |        21.9012   |   134:10:28   |   16:02:56   |
9214        |       -2349.37   |       -2371.33   |        21.9655   |   134:13:11   |   16:02:17   |
9215        |       -2348.24   |       -2371.06   |        22.8208   |   134:16:13   |   16:01:40   |
9216        |       -2345.71   |       -2368.59   |        22.8857   |   134:19:05   |   16:01:02   |
9217        |       -2347.03   |       -2367.22   |        20.1846   |   134:22:15   |   16:00:26   |
9218        |       -2346.33   |       -2366.75   |        20.4238   |   134:25:16   |   15:59:49   |
9219        |       -2347.98   |       -2366.39   |         18.405   |   134:28:08   |   15:59:10   |


Iter        |      Posterior   |     Likelihood   |          Prior   |    elapsed   |        ETA   |
----------------------------------------------------------------------------------------------------
9220        |       -2345.81   |       -2364.81   |        18.9959   |   134:31:07   |   15:58:33   |
9221        |       -2347.43   |       -2368.47   |        21.0329   |   134:43:20   |   15:59:01   |
9222        |       -2347.43   |       -2368.47   |        21.0329   |   134:46:37   |   15:58:25   |
9223        |       -2347.43   |       -2368.47   |        21.0329   |   134:49:42   |   15:57:49   |
9224        |       -2346.07   |       -2366.02   |        19.9511   |   134:52:40   |   15:57:11   |
9225        |        -2348.2   |        -2366.1   |        17.8965   |   134:56:00   |   15:56:36   |
9226        |        -2346.4   |       -2366.69   |        20.2861   |   134:58:56   |   15:55:57   |
9227        |       -2346.97   |       -2367.01   |        20.0388   |   135:02:09   |   15:55:21   |
9228        |       -2346.71   |        -2366.8   |        20.0865   |   135:05:12   |   15:54:44   |
9229        |       -2350.27   |       -2367.29   |        17.0186   |   135:08:35   |   15:54:09   |
9230        |       -2346.35   |       -2365.88   |        19.5353   |   135:11:12   |   15:53:29   |
9231        |       -2347.23   |       -2366.49   |        19.2579   |   135:23:49   |   15:53:58   |
9232        |       -2348.43   |        -2367.4   |        18.9746   |   135:26:49   |   15:53:21   |
9233        |       -2348.14   |       -2369.26   |        21.1233   |   135:29:44   |   15:52:42   |
9234        |       -2351.21   |       -2371.17   |        19.9598   |   135:32:44   |   15:52:04   |
9235        |       -2346.15   |       -2366.44   |        20.2898   |   135:35:47   |   15:51:27   |
9236        |       -2345.25   |       -2365.49   |        20.2318   |   135:38:54   |   15:50:49   |
9237        |       -2344.05   |       -2363.29   |        19.2441   |   135:41:58   |   15:50:12   |
9238        |       -2344.69   |       -2362.57   |        17.8752   |   135:45:18   |   15:49:36   |
9239        |        -2347.8   |       -2366.26   |        18.4659   |   135:48:37   |   15:49:00   |


Iter        |      Posterior   |     Likelihood   |          Prior   |    elapsed   |        ETA   |
----------------------------------------------------------------------------------------------------
9240        |       -2348.73   |       -2367.21   |        18.4814   |   135:51:50   |   15:48:24   |
9241        |       -2347.24   |       -2366.31   |        19.0726   |   136:04:52   |   15:48:55   |
9242        |       -2347.46   |       -2368.24   |        20.7796   |   136:08:00   |   15:48:18   |
9243        |       -2352.25   |       -2375.06   |        22.8096   |   136:11:05   |   15:47:40   |
9244        |       -2355.53   |       -2378.05   |        22.5255   |   136:14:00   |   15:47:01   |
9245        |       -2357.32   |       -2382.21   |         24.882   |   136:16:59   |   15:46:23   |
9246        |       -2354.38   |       -2377.02   |        22.6415   |   136:19:58   |   15:45:44   |
9247        |       -2350.85   |       -2372.59   |        21.7357   |   136:23:01   |   15:45:06   |
9248        |       -2347.48   |       -2369.74   |        22.2593   |   136:26:10   |   15:44:29   |
9249        |        -2349.5   |       -2370.95   |        21.4449   |   136:29:15   |   15:43:51   |
9250        |       -2350.05   |       -2371.36   |        21.3155   |   136:32:22   |   15:43:13   |
9251        |       -2351.93   |       -2372.99   |         21.061   |   136:44:59   |   15:43:41   |
9252        |        -2349.7   |       -2371.29   |        21.5873   |   136:48:07   |   15:43:03   |
9253        |       -2350.07   |       -2371.36   |        21.2966   |   136:51:10   |   15:42:25   |
9254        |       -2352.48   |       -2374.34   |        21.8545   |   136:54:35   |   15:41:49   |
9255        |       -2352.06   |       -2369.57   |        17.5066   |   136:57:53   |   15:41:12   |
9256        |       -2356.88   |        -2375.9   |        19.0215   |   137:00:54   |   15:40:34   |
9257        |       -2353.08   |       -2374.71   |        21.6372   |   137:03:46   |   15:39:54   |
9258        |       -2350.79   |        -2369.4   |        18.6082   |   137:06:58   |   15:39:17   |
9259        |       -2352.78   |       -2370.64   |         17.856   |   137:10:07   |   15:38:39   |


Iter        |      Posterior   |     Likelihood   |          Prior   |    elapsed   |        ETA   |
----------------------------------------------------------------------------------------------------
9260        |       -2352.14   |       -2367.98   |        15.8409   |   137:13:28   |   15:38:02   |
9261        |       -2350.82   |       -2368.81   |        17.9881   |   137:26:30   |   15:38:32   |
9262        |       -2354.85   |       -2372.47   |        17.6208   |   137:29:57   |   15:37:56   |
9263        |       -2354.12   |       -2372.61   |        18.4882   |   137:33:10   |   15:37:18   |
9264        |       -2352.41   |       -2367.96   |        15.5491   |   137:36:26   |   15:36:41   |
9265        |       -2355.25   |       -2372.98   |        17.7368   |   137:39:20   |   15:36:01   |
9266        |       -2352.56   |       -2370.44   |        17.8876   |   137:42:46   |   15:35:25   |
9267        |       -2356.31   |       -2369.56   |        13.2536   |   137:46:10   |   15:34:48   |
9268        |       -2357.83   |       -2371.22   |        13.3935   |   137:49:24   |   15:34:11   |
9269        |        -2351.8   |       -2369.76   |        17.9621   |   137:52:31   |   15:33:32   |
9270        |       -2352.63   |       -2370.53   |        17.9046   |   137:55:58   |   15:32:56   |
9271        |       -2353.97   |       -2371.29   |        17.3152   |   138:09:12   |   15:33:26   |
9272        |       -2353.97   |       -2371.29   |        17.3152   |   138:12:49   |   15:32:51   |
9273        |       -2353.49   |       -2370.81   |        17.3152   |   138:16:03   |   15:32:13   |
9274        |       -2353.49   |       -2370.81   |        17.3152   |   138:19:39   |   15:31:37   |
9275        |       -2353.49   |       -2370.81   |        17.3152   |   138:23:19   |   15:31:02   |
9276        |       -2353.49   |       -2370.81   |        17.3152   |   138:27:02   |   15:30:27   |
9277        |       -2353.49   |       -2370.81   |        17.3152   |   138:30:26   |   15:29:51   |
9278        |       -2353.49   |       -2370.81   |        17.3152   |   138:33:55   |   15:29:14   |
9279        |       -2353.84   |       -2371.57   |        17.7298   |   138:37:14   |   15:28:37   |


Iter        |      Posterior   |     Likelihood   |          Prior   |    elapsed   |        ETA   |
----------------------------------------------------------------------------------------------------
9280        |       -2353.84   |       -2371.57   |        17.7298   |   138:40:58   |   15:28:02   |
9281        |       -2353.84   |       -2371.57   |        17.7298   |   138:54:13   |   15:28:31   |
9282        |       -2353.84   |       -2371.57   |        17.7298   |   138:58:00   |   15:27:56   |
9283        |       -2353.84   |       -2371.57   |        17.7298   |   139:01:40   |   15:27:21   |
9284        |       -2356.06   |       -2374.89   |        18.8309   |   139:05:19   |   15:26:45   |
9285        |       -2356.06   |       -2374.89   |        18.8309   |   139:08:52   |   15:26:09   |
9286        |       -2355.94   |       -2372.66   |        16.7161   |   139:12:14   |   15:25:31   |
9287        |       -2353.46   |       -2371.16   |           17.7   |   139:15:06   |   15:24:50   |
9288        |        -2352.4   |       -2370.56   |          18.16   |   139:18:17   |   15:24:11   |
9289        |       -2350.65   |          -2369   |        18.3554   |   139:21:13   |   15:23:31   |
9290        |       -2353.27   |       -2372.31   |         19.037   |   139:24:25   |   15:22:52   |
9291        |       -2349.07   |       -2366.65   |        17.5864   |   139:36:58   |   15:23:15   |
9292        |       -2350.26   |       -2367.73   |        17.4727   |   139:40:21   |   15:22:37   |
9293        |       -2350.26   |       -2367.73   |        17.4727   |   139:43:50   |   15:22:00   |
9294        |       -2347.76   |       -2364.05   |        16.2944   |   139:46:54   |   15:21:20   |
9295        |       -2348.07   |       -2364.93   |         16.858   |   139:50:07   |   15:20:42   |
9296        |       -2351.27   |        -2367.4   |        16.1285   |   139:53:13   |   15:20:02   |
9297        |       -2351.68   |       -2364.88   |        13.2061   |   139:56:39   |   15:19:24   |
9298        |       -2350.66   |       -2365.81   |        15.1577   |   139:59:37   |   15:18:44   |
9299        |       -2351.51   |       -2371.85   |         20.337   |   140:02:55   |   15:18:05   |


Iter        |      Posterior   |     Likelihood   |          Prior   |    elapsed   |        ETA   |
----------------------------------------------------------------------------------------------------
9300        |       -2355.44   |        -2380.8   |         25.364   |   140:06:06   |   15:17:26   |
9301        |       -2349.44   |       -2371.49   |        22.0568   |   140:19:03   |   15:17:50   |
9302        |       -2348.28   |       -2369.06   |        20.7838   |   140:21:53   |   15:17:09   |
9303        |        -2347.7   |       -2368.71   |          21.01   |   140:25:04   |   15:16:29   |
9304        |       -2348.31   |       -2367.66   |        19.3537   |   140:28:07   |   15:15:49   |
9305        |       -2347.54   |       -2370.29   |        22.7448   |   140:31:16   |   15:15:09   |
9306        |       -2346.72   |       -2368.76   |        22.0326   |   140:34:20   |   15:14:29   |
9307        |       -2346.96   |       -2368.06   |        21.1023   |   140:37:42   |   15:13:50   |
9308        |       -2345.54   |        -2370.2   |        24.6563   |   140:40:48   |   15:13:10   |
9309        |       -2346.13   |       -2369.58   |        23.4477   |   140:43:48   |   15:12:30   |
9310        |       -2346.79   |       -2369.08   |        22.2921   |   140:46:34   |   15:11:47   |
9311        |       -2348.79   |       -2372.53   |        23.7345   |   140:59:10   |   15:12:08   |
9312        |       -2349.67   |       -2367.25   |        17.5759   |   141:02:14   |   15:11:28   |
9313        |          -2348   |       -2368.51   |        20.5134   |   141:05:21   |   15:10:48   |
9314        |       -2348.86   |       -2370.36   |        21.5037   |   141:08:30   |   15:10:07   |
9315        |       -2351.84   |       -2373.17   |        21.3311   |   141:11:18   |   15:09:25   |
9316        |        -2349.8   |       -2370.52   |        20.7199   |   141:14:22   |   15:08:44   |
9317        |        -2349.6   |       -2370.58   |         20.976   |   141:17:50   |   15:08:06   |
9318        |       -2350.75   |       -2371.87   |        21.1192   |   141:20:49   |   15:07:25   |
9319        |       -2348.11   |       -2369.11   |        20.9973   |   141:23:50   |   15:06:44   |


Iter        |      Posterior   |     Likelihood   |          Prior   |    elapsed   |        ETA   |
----------------------------------------------------------------------------------------------------
9320        |       -2350.19   |       -2371.22   |        21.0279   |   141:27:07   |   15:06:04   |
9321        |       -2350.65   |       -2370.28   |         19.625   |   141:39:36   |   15:06:24   |
9322        |       -2349.05   |       -2371.13   |         22.082   |   141:42:37   |   15:05:43   |
9323        |       -2348.48   |       -2369.09   |        20.6091   |   141:45:30   |   15:05:00   |
9324        |        -2352.9   |       -2372.21   |        19.3131   |   141:48:44   |   15:04:20   |
9325        |        -2350.1   |       -2371.11   |        21.0076   |   141:51:55   |   15:03:40   |
9326        |       -2349.56   |       -2370.16   |        20.6003   |   141:55:00   |   15:02:59   |
9327        |       -2348.34   |       -2370.29   |        21.9486   |   141:58:11   |   15:02:19   |
9328        |       -2346.77   |       -2367.49   |        20.7135   |   142:01:11   |   15:01:37   |
9329        |       -2349.16   |       -2367.24   |        18.0851   |   142:04:31   |   15:00:58   |
9330        |       -2350.56   |       -2368.18   |        17.6186   |   142:07:53   |   15:00:19   |
9331        |       -2350.05   |       -2370.01   |        19.9613   |   142:21:02   |   15:00:41   |
9332        |       -2349.51   |       -2370.73   |        21.2233   |   142:23:57   |   14:59:59   |
9333        |       -2353.42   |       -2372.55   |        19.1255   |   142:27:12   |   14:59:19   |
9334        |       -2350.43   |        -2368.7   |        18.2636   |   142:30:02   |   14:58:36   |
9335        |       -2350.77   |       -2369.56   |        18.7845   |   142:33:15   |   14:57:55   |
9336        |       -2350.95   |       -2370.18   |        19.2296   |   142:36:27   |   14:57:15   |
9337        |       -2347.48   |       -2369.85   |         22.365   |   142:39:35   |   14:56:34   |
9338        |       -2348.44   |       -2371.76   |         23.321   |   142:42:35   |   14:55:52   |
9339        |       -2348.01   |       -2369.26   |        21.2547   |   142:45:27   |   14:55:09   |


Iter        |      Posterior   |     Likelihood   |          Prior   |    elapsed   |        ETA   |
----------------------------------------------------------------------------------------------------
9340        |        -2347.2   |       -2368.04   |        20.8416   |   142:48:28   |   14:54:27   |
9341        |       -2348.28   |        -2369.1   |         20.814   |   143:01:40   |   14:54:49   |
9342        |       -2348.06   |       -2366.67   |        18.6062   |   143:04:41   |   14:54:07   |
9343        |       -2348.98   |       -2368.39   |        19.4137   |   143:07:53   |   14:53:26   |
9344        |       -2350.04   |       -2374.77   |         24.726   |   143:10:58   |   14:52:44   |
9345        |       -2349.51   |       -2371.67   |        22.1604   |   143:13:57   |   14:52:02   |
9346        |       -2349.69   |        -2372.6   |        22.9125   |   143:16:56   |   14:51:20   |
9347        |       -2350.43   |       -2373.74   |        23.3059   |   143:20:04   |   14:50:38   |
9348        |       -2350.88   |       -2371.95   |         21.068   |   143:22:57   |   14:49:55   |
9349        |       -2347.94   |       -2368.25   |        20.3033   |   143:26:14   |   14:49:15   |
9350        |       -2347.01   |       -2369.67   |        22.6677   |   143:29:22   |   14:48:33   |
9351        |       -2347.01   |       -2369.67   |        22.6677   |   143:42:22   |   14:48:53   |
9352        |       -2347.72   |       -2370.15   |        22.4365   |   143:45:44   |   14:48:12   |
9353        |       -2350.48   |       -2372.98   |           22.5   |   143:48:59   |   14:47:31   |
9354        |       -2349.28   |       -2371.21   |        21.9382   |   143:52:11   |   14:46:50   |
9355        |       -2350.91   |       -2372.41   |        21.5014   |   143:54:47   |   14:46:05   |
9356        |       -2350.17   |        -2373.6   |        23.4365   |   143:57:52   |   14:45:23   |
9357        |       -2349.91   |       -2374.35   |         24.444   |   144:01:02   |   14:44:41   |
9358        |       -2347.09   |       -2371.07   |        23.9828   |   144:03:52   |   14:43:58   |
9359        |       -2347.28   |       -2371.49   |        24.2063   |   144:07:03   |   14:43:16   |


Iter        |      Posterior   |     Likelihood   |          Prior   |    elapsed   |        ETA   |
----------------------------------------------------------------------------------------------------
9360        |       -2349.37   |       -2374.86   |        25.4975   |   144:10:03   |   14:42:33   |
9361        |       -2348.16   |       -2372.55   |        24.3931   |   144:22:04   |   14:42:46   |
9362        |       -2348.82   |       -2373.56   |        24.7362   |   144:24:43   |   14:42:01   |
9363        |       -2348.05   |       -2372.54   |        24.4952   |   144:27:37   |   14:41:17   |
9364        |        -2350.4   |       -2374.56   |        24.1669   |   144:30:27   |   14:40:33   |
9365        |       -2347.41   |       -2370.81   |        23.4014   |   144:33:31   |   14:39:51   |
9366        |       -2346.13   |       -2367.67   |         21.546   |   144:36:32   |   14:39:08   |
9367        |       -2348.93   |       -2369.36   |        20.4233   |   144:39:34   |   14:38:25   |
9368        |       -2348.72   |       -2366.46   |        17.7467   |   144:42:20   |   14:37:41   |
9369        |       -2349.52   |       -2365.81   |        16.2884   |   144:45:26   |   14:36:58   |
9370        |       -2349.53   |       -2365.33   |        15.7999   |   144:48:47   |   14:36:17   |
9371        |       -2349.47   |       -2366.78   |        17.3019   |   145:01:53   |   14:36:35   |
9372        |       -2347.05   |       -2366.12   |        19.0737   |   145:05:03   |   14:35:53   |
9373        |       -2347.05   |       -2366.12   |        19.0737   |   145:08:35   |   14:35:13   |
9374        |       -2348.19   |        -2367.2   |        19.0154   |   145:12:03   |   14:34:33   |
9375        |       -2347.27   |       -2366.97   |        19.6917   |   145:15:09   |   14:33:50   |
9376        |       -2347.64   |       -2366.96   |        19.3237   |   145:18:17   |   14:33:07   |
9377        |       -2349.14   |       -2369.25   |        20.1112   |   145:21:15   |   14:32:24   |
9378        |       -2349.99   |       -2369.95   |         19.958   |   145:24:17   |   14:31:41   |
9379        |       -2348.64   |        -2368.5   |        19.8614   |   145:27:21   |   14:30:58   |


Iter        |      Posterior   |     Likelihood   |          Prior   |    elapsed   |        ETA   |
----------------------------------------------------------------------------------------------------
9380        |       -2349.72   |       -2371.21   |        21.4956   |   145:30:23   |   14:30:14   |
9381        |       -2351.33   |       -2375.23   |        23.8925   |   145:42:57   |   14:30:28   |
9382        |       -2350.57   |       -2374.14   |        23.5685   |   145:45:54   |   14:29:44   |
9383        |       -2353.14   |       -2375.39   |        22.2495   |   145:48:52   |   14:29:00   |
9384        |        -2352.8   |       -2374.97   |        22.1675   |   145:51:59   |   14:28:17   |
9385        |       -2354.11   |       -2377.79   |        23.6783   |   145:54:48   |   14:27:33   |
9386        |       -2356.38   |       -2379.81   |        23.4334   |   145:57:35   |   14:26:48   |
9387        |       -2356.54   |        -2379.3   |         22.752   |   146:00:22   |   14:26:03   |
9388        |       -2357.51   |       -2380.15   |        22.6344   |   146:03:20   |   14:25:19   |
9389        |       -2356.82   |       -2378.44   |        21.6238   |   146:06:21   |   14:24:35   |
9390        |        -2356.4   |       -2378.63   |        22.2327   |   146:09:36   |   14:23:53   |
9391        |       -2356.28   |       -2375.93   |        19.6507   |   146:22:28   |   14:24:07   |
9392        |       -2350.57   |       -2372.54   |        21.9746   |   146:25:28   |   14:23:23   |
9393        |       -2352.09   |       -2371.56   |        19.4696   |   146:28:27   |   14:22:39   |
9394        |       -2349.99   |       -2367.26   |        17.2642   |   146:31:53   |   14:21:58   |
9395        |       -2348.52   |       -2371.99   |        23.4698   |   146:34:45   |   14:21:13   |
9396        |       -2350.25   |       -2374.27   |        24.0217   |   146:38:01   |   14:20:30   |
9397        |       -2350.11   |       -2366.91   |        16.7965   |   146:40:46   |   14:19:45   |
9398        |       -2348.89   |       -2366.26   |        17.3734   |   146:44:00   |   14:19:02   |
9399        |       -2350.25   |       -2365.35   |        15.0994   |   146:47:21   |   14:18:20   |


Iter        |      Posterior   |     Likelihood   |          Prior   |    elapsed   |        ETA   |
----------------------------------------------------------------------------------------------------
9400        |        -2350.7   |       -2369.01   |        18.3078   |   146:50:30   |   14:17:37   |
9401        |        -2348.1   |       -2367.27   |        19.1618   |   147:03:45   |   14:17:52   |
9402        |       -2349.02   |       -2367.19   |        18.1715   |   147:06:43   |   14:17:08   |
9403        |       -2349.76   |       -2367.96   |         18.199   |   147:09:48   |   14:16:24   |
9404        |       -2348.06   |       -2366.45   |        18.3877   |   147:12:47   |   14:15:39   |
9405        |       -2351.82   |       -2366.33   |        14.5134   |   147:15:52   |   14:14:55   |
9406        |       -2352.27   |       -2370.02   |        17.7543   |   147:19:04   |   14:14:12   |
9407        |       -2350.91   |        -2370.5   |        19.5837   |   147:22:17   |   14:13:29   |
9408        |       -2347.93   |        -2369.8   |         21.869   |   147:25:27   |   14:12:45   |
9409        |       -2349.79   |       -2372.94   |        23.1443   |   147:28:26   |   14:12:01   |
9410        |        -2352.7   |        -2374.1   |        21.3971   |   147:31:16   |   14:11:15   |
9411        |       -2352.28   |       -2376.17   |        23.8935   |   147:43:49   |   14:11:26   |
9412        |       -2349.68   |       -2373.95   |        24.2727   |   147:46:55   |   14:10:42   |
9413        |       -2350.73   |       -2374.74   |        24.0124   |   147:49:39   |   14:09:56   |
9414        |       -2350.29   |       -2375.25   |        24.9601   |   147:52:39   |   14:09:11   |
9415        |       -2352.41   |       -2376.28   |        23.8725   |   147:55:34   |   14:08:26   |
9416        |       -2351.67   |       -2375.81   |        24.1391   |   147:58:39   |   14:07:41   |
9417        |       -2350.07   |       -2372.52   |        22.4494   |   148:01:31   |   14:06:56   |
9418        |       -2355.21   |       -2377.57   |         22.361   |   148:04:13   |   14:06:09   |
9419        |       -2351.46   |       -2376.39   |        24.9253   |   148:07:21   |   14:05:25   |


Iter        |      Posterior   |     Likelihood   |          Prior   |    elapsed   |        ETA   |
----------------------------------------------------------------------------------------------------
9420        |       -2350.37   |       -2373.91   |        23.5463   |   148:10:12   |   14:04:39   |
9421        |       -2352.04   |       -2371.44   |        19.3993   |   148:22:37   |   14:04:48   |
9422        |       -2352.72   |       -2371.87   |        19.1471   |   148:25:29   |   14:04:02   |
9423        |       -2352.21   |       -2370.47   |        18.2616   |   148:28:36   |   14:03:18   |
9424        |       -2351.68   |       -2368.48   |         16.804   |   148:31:34   |   14:02:33   |
9425        |       -2351.98   |       -2370.99   |        19.0156   |   148:34:06   |   14:01:45   |
9426        |       -2354.31   |        -2373.5   |        19.1982   |   148:36:49   |   14:00:58   |
9427        |       -2354.31   |        -2373.5   |        19.1982   |   148:40:05   |   14:00:14   |
9428        |       -2354.31   |        -2373.5   |        19.1982   |   148:43:03   |   13:59:29   |
9429        |       -2351.64   |       -2373.03   |        21.3928   |   148:45:55   |   13:58:43   |
9430        |       -2355.44   |       -2373.54   |        18.0925   |   148:49:04   |   13:57:59   |
9431        |       -2353.21   |       -2372.37   |        19.1614   |   149:01:45   |   13:58:08   |
9432        |       -2355.36   |       -2375.01   |         19.646   |   149:04:48   |   13:57:23   |
9433        |       -2351.75   |       -2370.61   |        18.8598   |   149:07:27   |   13:56:36   |
9434        |       -2350.11   |       -2369.09   |        18.9799   |   149:10:18   |   13:55:49   |
9435        |       -2349.07   |       -2368.04   |        18.9678   |   149:13:29   |   13:55:05   |
9436        |        -2352.9   |        -2372.2   |        19.2988   |   149:16:51   |   13:54:21   |
9437        |       -2351.37   |       -2370.86   |        19.4898   |   149:19:51   |   13:53:36   |
9438        |       -2349.69   |       -2369.15   |        19.4621   |   149:22:46   |   13:52:50   |
9439        |       -2349.51   |       -2373.13   |        23.6189   |   149:25:44   |   13:52:04   |


Iter        |      Posterior   |     Likelihood   |          Prior   |    elapsed   |        ETA   |
----------------------------------------------------------------------------------------------------
9440        |       -2351.51   |        -2375.6   |        24.0867   |   149:28:45   |   13:51:19   |
9441        |       -2348.78   |       -2372.54   |        23.7583   |   149:41:03   |   13:51:25   |
9442        |       -2350.12   |       -2374.63   |        24.5168   |   149:44:10   |   13:50:40   |
9443        |        -2353.8   |       -2378.58   |        24.7788   |   149:46:58   |   13:49:53   |
9444        |       -2349.15   |       -2373.07   |        23.9189   |   149:49:52   |   13:49:06   |
9445        |       -2349.15   |       -2373.07   |        23.9189   |   149:52:53   |   13:48:21   |
9446        |        -2349.6   |        -2373.6   |        23.9985   |   149:55:52   |   13:47:35   |
9447        |       -2351.02   |       -2375.13   |        24.1098   |   149:58:46   |   13:46:48   |
9448        |       -2348.57   |       -2372.82   |        24.2521   |   150:01:34   |   13:46:01   |
9449        |       -2348.57   |       -2372.82   |        24.2521   |   150:04:34   |   13:45:16   |
9450        |       -2348.69   |       -2372.95   |        24.2608   |   150:07:30   |   13:44:29   |
9451        |       -2349.57   |        -2374.5   |        24.9333   |   150:19:39   |   13:44:33   |
9452        |       -2347.08   |       -2370.64   |         23.566   |   150:22:52   |   13:43:49   |
9453        |       -2347.17   |       -2369.92   |         22.754   |   150:25:57   |   13:43:03   |
9454        |       -2347.17   |       -2369.92   |         22.754   |   150:29:24   |   13:42:19   |
9455        |       -2347.17   |       -2369.92   |         22.754   |   150:32:56   |   13:41:36   |
9456        |       -2347.17   |       -2369.92   |         22.754   |   150:35:55   |   13:40:50   |
9457        |       -2348.26   |       -2372.42   |        24.1619   |   150:39:00   |   13:40:04   |
9458        |       -2352.19   |       -2374.27   |        22.0754   |   150:42:18   |   13:39:19   |
9459        |       -2351.95   |        -2375.7   |        23.7492   |   150:45:41   |   13:38:35   |


Iter        |      Posterior   |     Likelihood   |          Prior   |    elapsed   |        ETA   |
----------------------------------------------------------------------------------------------------
9460        |       -2351.66   |       -2374.67   |        23.0053   |   150:48:44   |   13:37:49   |
9461        |       -2349.71   |       -2371.87   |         22.166   |   151:01:38   |   13:37:57   |
9462        |       -2349.24   |       -2372.55   |        23.3126   |   151:04:38   |   13:37:10   |
9463        |       -2355.61   |       -2376.42   |        20.8119   |   151:07:53   |   13:36:25   |
9464        |       -2353.64   |       -2375.48   |        21.8406   |   151:10:57   |   13:35:39   |
9465        |       -2353.91   |        -2373.5   |        19.5828   |   151:14:00   |   13:34:53   |
9466        |        -2349.5   |       -2372.52   |        23.0192   |   151:17:17   |   13:34:08   |
9467        |       -2349.04   |       -2373.36   |        24.3132   |   151:20:24   |   13:33:22   |
9468        |          -2348   |       -2372.95   |        24.9441   |   151:23:19   |   13:32:35   |
9469        |       -2352.59   |       -2374.04   |        21.4425   |   151:26:29   |   13:31:49   |
9470        |       -2352.59   |       -2375.75   |         23.156   |   151:29:52   |   13:31:04   |
9471        |       -2351.21   |       -2374.69   |        23.4848   |   151:42:37   |   13:31:10   |
9472        |       -2350.31   |       -2373.82   |        23.5124   |   151:45:45   |   13:30:24   |
9473        |       -2350.16   |       -2374.32   |         24.151   |   151:49:09   |   13:29:39   |
9474        |       -2351.24   |        -2375.8   |        24.5563   |   151:52:17   |   13:28:53   |
9475        |       -2352.77   |       -2374.58   |        21.8192   |   151:55:24   |   13:28:07   |
9476        |       -2352.76   |       -2373.95   |        21.1898   |   151:58:32   |   13:27:21   |
9477        |       -2352.97   |       -2376.29   |        23.3212   |   152:01:27   |   13:26:33   |
9478        |       -2349.81   |       -2372.63   |        22.8163   |   152:04:39   |   13:25:47   |
9479        |        -2348.6   |        -2372.4   |        23.8041   |   152:07:39   |   13:25:00   |


Iter        |      Posterior   |     Likelihood   |          Prior   |    elapsed   |        ETA   |
----------------------------------------------------------------------------------------------------
9480        |       -2350.65   |       -2374.08   |         23.427   |   152:10:50   |   13:24:14   |
9481        |       -2350.71   |       -2373.97   |        23.2539   |   152:23:27   |   13:24:18   |
9482        |       -2351.02   |       -2369.77   |        18.7558   |   152:26:18   |   13:23:30   |
9483        |       -2353.75   |        -2372.2   |        18.4551   |   152:29:44   |   13:22:45   |
9484        |       -2350.55   |       -2373.83   |        23.2788   |   152:32:58   |   13:21:59   |
9485        |       -2350.63   |       -2374.25   |         23.615   |   152:36:06   |   13:21:13   |
9486        |       -2350.85   |       -2374.54   |        23.6835   |   152:39:25   |   13:20:27   |
9487        |       -2353.62   |       -2376.85   |        23.2258   |   152:42:25   |   13:19:40   |
9488        |       -2355.21   |       -2375.28   |        20.0697   |   152:45:34   |   13:18:53   |
9489        |       -2354.99   |       -2375.17   |        20.1817   |   152:48:51   |   13:18:07   |
9490        |          -2352   |       -2374.03   |        22.0254   |   152:51:47   |   13:17:20   |
9491        |       -2348.53   |       -2369.85   |        21.3194   |   153:04:30   |   13:17:23   |
9492        |       -2347.35   |       -2369.25   |        21.8913   |   153:07:35   |   13:16:36   |
9493        |       -2349.66   |       -2367.55   |         17.893   |   153:10:51   |   13:15:50   |
9494        |       -2348.44   |       -2366.09   |         17.645   |   153:14:21   |   13:15:05   |
9495        |       -2350.58   |       -2367.76   |        17.1857   |   153:17:51   |   13:14:20   |
9496        |       -2350.55   |       -2368.93   |        18.3747   |   153:21:25   |   13:13:35   |
9497        |       -2348.36   |        -2367.7   |        19.3396   |   153:24:57   |   13:12:50   |
9498        |       -2348.88   |       -2371.06   |         22.186   |   153:28:19   |   13:12:04   |
9499        |       -2352.25   |        -2373.2   |        20.9554   |   153:31:16   |   13:11:16   |


Iter        |      Posterior   |     Likelihood   |          Prior   |    elapsed   |        ETA   |
----------------------------------------------------------------------------------------------------
9500        |       -2352.67   |       -2375.63   |        22.9585   |   153:34:25   |   13:10:29   |
9501        |       -2351.35   |       -2371.36   |        20.0096   |   153:47:28   |   13:10:33   |
9502        |        -2349.5   |       -2370.83   |        21.3337   |   153:50:30   |   13:09:46   |
9503        |       -2348.46   |       -2366.24   |        17.7803   |   153:53:38   |   13:08:59   |
9504        |       -2345.82   |       -2370.34   |        24.5143   |   153:56:44   |   13:08:11   |
9505        |       -2344.36   |       -2365.81   |        21.4541   |   153:59:52   |   13:07:24   |
9506        |       -2344.14   |       -2366.34   |         22.198   |   154:02:58   |   13:06:36   |
9507        |       -2343.32   |       -2367.46   |        24.1343   |   154:06:01   |   13:05:49   |
9508        |       -2343.06   |       -2367.95   |        24.8834   |   154:08:32   |   13:04:58   |
9509        |        -2343.2   |       -2367.86   |         24.662   |   154:11:40   |   13:04:11   |
9510        |        -2345.3   |       -2369.92   |        24.6135   |   154:14:49   |   13:03:23   |
9511        |       -2350.63   |       -2374.84   |        24.2123   |   154:27:37   |   13:03:25   |
9512        |       -2346.83   |       -2370.54   |        23.7115   |   154:30:49   |   13:02:38   |
9513        |       -2345.92   |       -2368.91   |        22.9969   |   154:33:49   |   13:01:50   |
9514        |       -2345.77   |       -2367.25   |        21.4845   |   154:37:01   |   13:01:02   |
9515        |       -2347.22   |       -2371.47   |        24.2484   |   154:40:01   |   13:00:14   |
9516        |       -2347.22   |       -2368.22   |        21.0014   |   154:43:03   |   12:59:26   |
9517        |       -2349.28   |       -2372.79   |        23.5161   |   154:46:21   |   12:58:39   |
9518        |          -2349   |        -2370.1   |        21.1018   |   154:49:34   |   12:57:52   |
9519        |       -2346.66   |       -2367.63   |        20.9634   |   154:52:41   |   12:57:04   |


Iter        |      Posterior   |     Likelihood   |          Prior   |    elapsed   |        ETA   |
----------------------------------------------------------------------------------------------------
9520        |       -2347.55   |       -2368.53   |        20.9841   |   154:55:42   |   12:56:16   |
9521        |       -2344.47   |       -2365.74   |        21.2711   |   155:08:32   |   12:56:16   |
9522        |       -2347.48   |       -2365.71   |        18.2276   |   155:11:59   |   12:55:30   |
9523        |       -2346.15   |       -2365.83   |        19.6778   |   155:15:08   |   12:54:42   |
9524        |       -2349.15   |       -2366.23   |        17.0771   |   155:18:06   |   12:53:53   |
9525        |       -2348.75   |        -2369.4   |         20.653   |   155:21:08   |   12:53:05   |
9526        |       -2348.29   |       -2369.91   |        21.6173   |   155:23:54   |   12:52:15   |
9527        |       -2349.83   |       -2369.55   |        19.7146   |   155:27:02   |   12:51:27   |
9528        |       -2349.94   |       -2366.99   |        17.0562   |   155:30:09   |   12:50:39   |
9529        |       -2347.14   |       -2368.64   |         21.502   |   155:33:17   |   12:49:51   |
9530        |       -2347.57   |       -2369.25   |        21.6744   |   155:36:23   |   12:49:03   |
9531        |       -2349.98   |       -2371.03   |          21.05   |   155:49:25   |   12:49:03   |
9532        |       -2350.86   |       -2373.98   |        23.1235   |   155:52:32   |   12:48:15   |
9533        |       -2348.49   |       -2370.56   |        22.0634   |   155:55:46   |   12:47:27   |
9534        |        -2346.7   |       -2367.24   |        20.5412   |   155:58:51   |   12:46:39   |
9535        |       -2347.87   |        -2367.6   |        19.7213   |   156:02:03   |   12:45:51   |
9536        |       -2348.26   |       -2367.26   |        18.9982   |   156:05:14   |   12:45:02   |
9537        |       -2348.83   |       -2367.11   |        18.2743   |   156:08:39   |   12:44:15   |
9538        |       -2347.28   |        -2368.5   |        21.2177   |   156:11:50   |   12:43:27   |
9539        |       -2349.58   |       -2371.14   |        21.5628   |   156:15:03   |   12:42:39   |


Iter        |      Posterior   |     Likelihood   |          Prior   |    elapsed   |        ETA   |
----------------------------------------------------------------------------------------------------
9540        |       -2349.43   |       -2373.73   |        24.3038   |   156:17:42   |   12:41:48   |
9541        |       -2349.69   |       -2374.42   |        24.7362   |   156:30:25   |   12:41:47   |
9542        |       -2350.94   |       -2375.54   |        24.6002   |   156:33:24   |   12:40:57   |
9543        |        -2348.3   |        -2370.5   |        22.2083   |   156:36:29   |   12:40:08   |
9544        |        -2348.3   |        -2370.5   |        22.2083   |   156:40:06   |   12:39:22   |
9545        |        -2348.3   |        -2370.5   |        22.2083   |   156:43:30   |   12:38:35   |
9546        |       -2349.11   |       -2371.31   |        22.1998   |   156:46:56   |   12:37:47   |
9547        |       -2348.99   |       -2369.55   |        20.5666   |   156:50:06   |   12:36:59   |
9548        |       -2349.59   |       -2368.76   |        19.1772   |   156:53:36   |   12:36:12   |
9549        |       -2349.59   |       -2368.76   |        19.1772   |   156:57:06   |   12:35:25   |
9550        |       -2348.47   |       -2368.21   |        19.7451   |   157:00:33   |   12:34:37   |
9551        |       -2347.25   |       -2367.33   |        20.0844   |   157:13:49   |   12:34:37   |
9552        |       -2346.92   |       -2367.19   |        20.2792   |   157:17:13   |   12:33:49   |
9553        |       -2346.86   |       -2367.24   |        20.3877   |   157:20:19   |   12:33:00   |
9554        |       -2344.97   |       -2368.92   |        23.9517   |   157:23:40   |   12:32:12   |
9555        |       -2344.97   |       -2368.92   |        23.9517   |   157:27:12   |   12:31:25   |
9556        |       -2348.33   |       -2370.21   |        21.8781   |   157:30:26   |   12:30:36   |
9557        |       -2345.59   |       -2367.77   |         22.179   |   157:33:27   |   12:29:47   |
9558        |       -2351.07   |        -2373.6   |        22.5336   |   157:36:22   |   12:28:57   |
9559        |       -2352.62   |       -2374.26   |        21.6461   |   157:39:11   |   12:28:06   |


Iter        |      Posterior   |     Likelihood   |          Prior   |    elapsed   |        ETA   |
----------------------------------------------------------------------------------------------------
9560        |       -2351.13   |       -2372.34   |        21.2133   |   157:42:42   |   12:27:18   |
9561        |       -2353.55   |       -2376.54   |        22.9908   |   157:55:55   |   12:27:17   |
9562        |        -2349.6   |       -2372.02   |        22.4154   |   157:59:09   |   12:26:28   |
9563        |       -2346.84   |       -2366.78   |        19.9424   |   158:01:56   |   12:25:37   |
9564        |       -2347.19   |       -2367.77   |        20.5793   |   158:05:17   |   12:24:49   |
9565        |       -2346.94   |       -2367.58   |        20.6365   |   158:08:31   |   12:24:00   |
9566        |        -2345.4   |       -2365.85   |        20.4477   |   158:11:37   |   12:23:10   |
9567        |       -2345.89   |       -2366.28   |        20.3867   |   158:14:44   |   12:22:20   |
9568        |       -2346.91   |       -2364.65   |        17.7379   |   158:17:47   |   12:21:31   |
9569        |       -2345.93   |       -2363.29   |        17.3583   |   158:20:55   |   12:20:41   |
9570        |       -2346.93   |       -2363.63   |        16.6955   |   158:24:05   |   12:19:52   |
9571        |       -2348.23   |       -2362.76   |        14.5302   |   158:37:08   |   12:19:48   |
9572        |       -2348.92   |       -2363.75   |         14.823   |   158:40:14   |   12:18:58   |
9573        |       -2350.93   |       -2364.21   |        13.2802   |   158:43:38   |   12:18:10   |
9574        |       -2350.13   |        -2364.2   |        14.0733   |   158:46:58   |   12:17:21   |
9575        |       -2349.44   |       -2364.38   |        14.9404   |   158:50:04   |   12:16:31   |
9576        |       -2349.44   |       -2364.38   |        14.9404   |   158:53:39   |   12:15:43   |
9577        |       -2349.44   |       -2364.38   |        14.9404   |   158:56:56   |   12:14:54   |
9578        |       -2349.44   |       -2364.38   |        14.9404   |   159:00:38   |   12:14:07   |
9579        |       -2349.84   |       -2364.67   |        14.8309   |   159:03:52   |   12:13:18   |


Iter        |      Posterior   |     Likelihood   |          Prior   |    elapsed   |        ETA   |
----------------------------------------------------------------------------------------------------
9580        |       -2349.84   |       -2364.67   |        14.8309   |   159:07:20   |   12:12:29   |
9581        |       -2349.21   |       -2363.99   |        14.7889   |   159:20:42   |   12:12:26   |
9582        |       -2346.28   |        -2364.6   |        18.3163   |   159:24:07   |   12:11:37   |
9583        |       -2346.28   |        -2364.6   |        18.3163   |   159:27:37   |   12:10:49   |
9584        |       -2346.28   |        -2364.6   |        18.3163   |   159:31:14   |   12:10:01   |
9585        |       -2346.28   |        -2364.6   |        18.3163   |   159:34:43   |   12:09:13   |
9586        |       -2344.26   |       -2365.44   |        21.1809   |   159:37:56   |   12:08:23   |
9587        |       -2345.97   |       -2365.14   |        19.1668   |   159:40:58   |   12:07:32   |
9588        |       -2345.24   |       -2364.39   |        19.1571   |   159:44:23   |   12:06:43   |
9589        |       -2347.91   |       -2366.69   |        18.7741   |   159:47:43   |   12:05:54   |
9590        |       -2346.61   |       -2366.97   |        20.3651   |   159:51:04   |   12:05:04   |
9591        |       -2348.54   |       -2370.35   |        21.8109   |   160:03:59   |   12:04:58   |
9592        |       -2348.47   |       -2368.31   |        19.8413   |   160:07:12   |   12:04:08   |
9593        |       -2349.55   |       -2367.88   |        18.3255   |   160:09:52   |   12:03:16   |
9594        |       -2347.35   |       -2364.77   |        17.4204   |   160:12:56   |   12:02:25   |
9595        |       -2347.79   |       -2370.24   |        22.4523   |   160:15:57   |   12:01:34   |
9596        |       -2344.71   |       -2368.71   |        24.0012   |   160:18:48   |   12:00:42   |
9597        |       -2344.93   |       -2368.92   |        23.9888   |   160:21:40   |   11:59:50   |
9598        |       -2346.96   |       -2370.15   |        23.1877   |   160:24:39   |   11:58:59   |
9599        |       -2347.31   |       -2372.43   |        25.1226   |   160:27:13   |   11:58:06   |


Iter        |      Posterior   |     Likelihood   |          Prior   |    elapsed   |        ETA   |
----------------------------------------------------------------------------------------------------
9600        |       -2348.42   |       -2373.31   |        24.8877   |   160:29:58   |   11:57:13   |
9601        |       -2349.01   |        -2370.9   |         21.895   |   160:41:40   |   11:57:01   |
9602        |       -2348.28   |       -2373.73   |        25.4567   |   160:44:17   |   11:56:08   |
9603        |       -2347.83   |       -2372.37   |        24.5462   |   160:47:03   |   11:55:15   |
9604        |       -2348.34   |       -2372.36   |        24.0282   |   160:49:31   |   11:54:22   |
9605        |       -2348.47   |          -2372   |        23.5289   |   160:52:37   |   11:53:31   |
9606        |       -2349.87   |       -2370.61   |        20.7397   |   160:55:03   |   11:52:37   |
9607        |       -2349.61   |        -2370.1   |        20.4938   |   160:58:03   |   11:51:45   |
9608        |       -2348.75   |       -2369.32   |        20.5707   |   161:00:52   |   11:50:53   |
9609        |       -2349.04   |       -2371.92   |        22.8794   |   161:03:37   |   11:50:00   |
9610        |       -2349.07   |        -2370.2   |        21.1347   |   161:06:54   |   11:49:10   |
9611        |       -2350.49   |       -2371.56   |        21.0695   |   161:19:29   |   11:49:00   |
9612        |        -2348.8   |       -2370.96   |        22.1638   |   161:22:08   |   11:48:07   |
9613        |       -2351.51   |        -2370.5   |         18.992   |   161:25:04   |   11:47:15   |
9614        |       -2351.68   |       -2369.78   |         18.101   |   161:27:54   |   11:46:23   |
9615        |       -2352.39   |       -2370.49   |        18.0944   |   161:30:58   |   11:45:31   |
9616        |       -2352.15   |       -2371.36   |        19.2163   |   161:33:58   |   11:44:40   |
9617        |       -2350.42   |        -2369.3   |        18.8804   |   161:36:39   |   11:43:46   |
9618        |       -2350.88   |       -2365.94   |        15.0575   |   161:39:34   |   11:42:54   |
9619        |       -2350.71   |       -2369.31   |        18.5992   |   161:42:28   |   11:42:02   |


Iter        |      Posterior   |     Likelihood   |          Prior   |    elapsed   |        ETA   |
----------------------------------------------------------------------------------------------------
9620        |       -2350.18   |        -2366.3   |        16.1239   |   161:45:15   |   11:41:09   |
9621        |       -2348.67   |       -2365.88   |        17.2084   |   161:57:44   |   11:40:58   |
9622        |       -2349.22   |        -2367.6   |         18.372   |   162:00:33   |   11:40:05   |
9623        |       -2349.96   |       -2365.04   |        15.0841   |   162:03:27   |   11:39:13   |
9624        |       -2354.09   |       -2369.46   |        15.3699   |   162:06:28   |   11:38:21   |
9625        |       -2352.69   |       -2370.05   |         17.365   |   162:09:37   |   11:37:29   |
9626        |       -2351.67   |       -2367.04   |        15.3789   |   162:12:29   |   11:36:37   |
9627        |       -2352.31   |       -2368.27   |        15.9618   |   162:15:26   |   11:35:44   |
9628        |       -2349.79   |       -2367.11   |        17.3185   |   162:18:24   |   11:34:52   |
9629        |       -2350.15   |       -2366.18   |        16.0296   |   162:21:27   |   11:34:00   |
9630        |       -2349.63   |       -2365.78   |        16.1484   |   162:24:10   |   11:33:07   |
9631        |       -2350.79   |       -2369.32   |         18.537   |   162:37:15   |   11:32:57   |
9632        |       -2346.59   |       -2369.26   |        22.6718   |   162:40:14   |   11:32:05   |
9633        |       -2346.79   |          -2370   |        23.2106   |   162:43:03   |   11:31:12   |
9634        |       -2350.03   |       -2373.62   |        23.5869   |   162:45:58   |   11:30:19   |
9635        |       -2348.81   |       -2372.52   |        23.7117   |   162:48:51   |   11:29:26   |
9636        |        -2346.9   |       -2370.16   |        23.2636   |   162:51:25   |   11:28:32   |
9637        |        -2345.9   |       -2370.23   |        24.3232   |   162:54:07   |   11:27:38   |
9638        |       -2348.76   |       -2373.05   |        24.2832   |   162:56:51   |   11:26:45   |
9639        |       -2348.01   |       -2372.14   |        24.1287   |   162:59:44   |   11:25:52   |


Iter        |      Posterior   |     Likelihood   |          Prior   |    elapsed   |        ETA   |
----------------------------------------------------------------------------------------------------
9640        |        -2346.7   |       -2369.46   |        22.7526   |   163:02:24   |   11:24:58   |
9641        |       -2347.97   |       -2370.58   |        22.6096   |   163:15:04   |   11:24:46   |
9642        |       -2349.75   |       -2371.46   |        21.7146   |   163:18:00   |   11:23:53   |
9643        |       -2347.46   |       -2369.27   |        21.8054   |   163:20:37   |   11:22:59   |
9644        |       -2350.99   |       -2371.27   |        20.2858   |   163:23:16   |   11:22:04   |
9645        |       -2352.46   |       -2375.42   |        22.9588   |   163:26:05   |   11:21:11   |
9646        |       -2346.63   |          -2370   |        23.3648   |   163:28:48   |   11:20:17   |
9647        |       -2345.13   |       -2367.82   |        22.6826   |   163:31:20   |   11:19:22   |
9648        |       -2343.85   |       -2366.36   |        22.5019   |   163:33:47   |   11:18:27   |
9649        |       -2346.89   |       -2362.97   |        16.0859   |   163:36:23   |   11:17:33   |
9650        |       -2346.04   |        -2363.5   |        17.4542   |   163:39:04   |   11:16:39   |
9651        |       -2349.08   |       -2366.18   |        17.1052   |   163:51:56   |   11:16:26   |
9652        |       -2349.02   |       -2366.24   |        17.2195   |   163:55:10   |   11:15:34   |
9653        |       -2351.23   |       -2372.18   |        20.9517   |   163:58:07   |   11:14:41   |
9654        |       -2349.77   |       -2369.29   |        19.5137   |   164:00:46   |   11:13:47   |
9655        |       -2347.35   |       -2367.96   |        20.6136   |   164:03:40   |   11:12:53   |
9656        |       -2345.71   |       -2367.96   |         22.251   |   164:06:36   |   11:12:00   |
9657        |        -2346.6   |       -2366.38   |        19.7864   |   164:09:21   |   11:11:06   |
9658        |       -2348.34   |       -2370.67   |        22.3241   |   164:12:12   |   11:10:12   |
9659        |       -2348.76   |        -2373.4   |        24.6399   |   164:15:00   |   11:09:18   |


Iter        |      Posterior   |     Likelihood   |          Prior   |    elapsed   |        ETA   |
----------------------------------------------------------------------------------------------------
9660        |       -2352.06   |       -2375.18   |        23.1173   |   164:17:54   |   11:08:25   |
9661        |       -2348.66   |       -2371.84   |        23.1778   |   164:30:38   |   11:08:11   |
9662        |        -2351.2   |       -2369.05   |         17.845   |   164:33:30   |   11:07:17   |
9663        |       -2346.89   |       -2368.27   |        21.3782   |   164:36:18   |   11:06:23   |
9664        |       -2347.91   |       -2364.79   |        16.8813   |   164:38:58   |   11:05:28   |
9665        |       -2346.78   |       -2366.56   |        19.7812   |   164:41:52   |   11:04:35   |
9666        |       -2348.17   |       -2366.44   |        18.2638   |   164:44:46   |   11:03:41   |
9667        |       -2346.16   |       -2365.12   |        18.9601   |   164:47:38   |   11:02:47   |
9668        |       -2348.33   |       -2368.11   |        19.7885   |   164:50:13   |   11:01:52   |
9669        |       -2347.64   |       -2365.47   |        17.8323   |   164:53:00   |   11:00:57   |
9670        |       -2348.29   |       -2366.18   |        17.8958   |   164:55:38   |   11:00:03   |
9671        |        -2345.2   |       -2365.89   |        20.6934   |   165:08:44   |   10:59:49   |
9672        |       -2346.47   |       -2365.68   |        19.2149   |   165:11:25   |   10:58:54   |
9673        |       -2347.26   |       -2364.27   |        17.0034   |   165:14:18   |   10:58:00   |
9674        |       -2347.71   |       -2366.15   |        18.4369   |   165:17:08   |   10:57:06   |
9675        |        -2349.5   |       -2366.25   |        16.7463   |   165:20:03   |   10:56:12   |
9676        |       -2350.69   |        -2366.7   |        16.0162   |   165:23:08   |   10:55:19   |
9677        |       -2351.18   |       -2367.07   |        15.8936   |   165:26:30   |   10:54:26   |
9678        |       -2350.61   |       -2369.84   |        19.2304   |   165:29:40   |   10:53:33   |
9679        |       -2348.67   |       -2367.72   |        19.0455   |   165:32:53   |   10:52:40   |


Iter        |      Posterior   |     Likelihood   |          Prior   |    elapsed   |        ETA   |
----------------------------------------------------------------------------------------------------
9680        |       -2347.86   |       -2368.88   |         21.021   |   165:35:53   |   10:51:47   |
9681        |       -2348.63   |       -2369.68   |         21.048   |   165:48:23   |   10:51:30   |
9682        |       -2350.25   |          -2372   |        21.7472   |   165:51:03   |   10:50:35   |
9683        |        -2348.2   |       -2368.34   |        20.1327   |   165:53:14   |   10:49:38   |
9684        |       -2350.86   |       -2371.01   |        20.1493   |   165:55:58   |   10:48:43   |
9685        |       -2348.33   |       -2367.02   |        18.6982   |   165:58:37   |   10:47:47   |
9686        |       -2347.93   |       -2365.78   |        17.8581   |   166:01:29   |   10:46:53   |
9687        |       -2350.06   |       -2364.73   |        14.6758   |   166:04:25   |   10:45:59   |
9688        |       -2349.85   |       -2367.18   |         17.332   |   166:07:24   |   10:45:04   |
9689        |       -2349.24   |       -2365.75   |        16.5112   |   166:10:23   |   10:44:10   |
9690        |       -2346.86   |       -2365.89   |        19.0315   |   166:13:34   |   10:43:17   |
9691        |        -2348.4   |       -2367.43   |        19.0325   |   166:26:28   |   10:43:01   |
9692        |       -2350.48   |       -2369.31   |        18.8297   |   166:29:45   |   10:42:08   |
9693        |       -2350.48   |       -2369.31   |        18.8297   |   166:33:04   |   10:41:15   |
9694        |       -2350.48   |       -2369.31   |        18.8297   |   166:36:34   |   10:40:22   |
9695        |       -2349.83   |       -2368.04   |        18.2107   |   166:39:40   |   10:39:29   |
9696        |       -2349.83   |       -2368.04   |        18.2107   |   166:42:55   |   10:38:35   |
9697        |       -2350.38   |       -2368.38   |        17.9996   |   166:46:03   |   10:37:41   |
9698        |       -2350.37   |       -2368.64   |        18.2664   |   166:49:07   |   10:36:47   |
9699        |       -2350.37   |       -2368.64   |        18.2664   |   166:52:32   |   10:35:54   |


Iter        |      Posterior   |     Likelihood   |          Prior   |    elapsed   |        ETA   |
----------------------------------------------------------------------------------------------------
9700        |       -2348.37   |       -2366.36   |        17.9852   |   166:55:39   |   10:35:00   |
9701        |       -2349.66   |       -2366.66   |        17.0028   |   167:08:23   |   10:34:43   |
9702        |       -2349.44   |       -2365.08   |        15.6456   |   167:11:37   |   10:33:49   |
9703        |       -2347.54   |       -2364.85   |        17.3114   |   167:14:34   |   10:32:54   |
9704        |        -2347.8   |       -2365.54   |        17.7352   |   167:17:43   |   10:32:00   |
9705        |       -2345.29   |       -2363.45   |        18.1565   |   167:20:46   |   10:31:06   |
9706        |       -2344.83   |       -2362.95   |         18.118   |   167:24:05   |   10:30:12   |
9707        |       -2346.57   |       -2366.33   |        19.7633   |   167:27:08   |   10:29:18   |
9708        |       -2347.73   |       -2363.82   |         16.087   |   167:29:58   |   10:28:22   |
9709        |       -2350.58   |       -2367.85   |         17.265   |   167:33:11   |   10:27:28   |
9710        |       -2345.87   |       -2363.65   |        17.7721   |   167:36:08   |   10:26:33   |
9711        |       -2346.02   |       -2362.05   |        16.0336   |   167:48:18   |   10:26:13   |
9712        |       -2345.47   |       -2363.01   |        17.5378   |   167:50:46   |   10:25:16   |
9713        |       -2350.36   |       -2367.87   |        17.5162   |   167:53:40   |   10:24:21   |
9714        |       -2345.62   |        -2360.7   |        15.0807   |   167:56:58   |   10:23:27   |
9715        |       -2346.24   |       -2361.05   |        14.8116   |   168:00:17   |   10:22:33   |
9716        |       -2345.45   |       -2359.89   |        14.4422   |   168:03:06   |   10:21:37   |
9717        |       -2345.68   |       -2359.97   |        14.2871   |   168:05:58   |   10:20:42   |
9718        |        -2347.7   |       -2363.87   |        16.1696   |   168:09:16   |   10:19:48   |
9719        |       -2347.47   |       -2363.43   |        15.9597   |   168:12:06   |   10:18:52   |


Iter        |      Posterior   |     Likelihood   |          Prior   |    elapsed   |        ETA   |
----------------------------------------------------------------------------------------------------
9720        |       -2348.05   |       -2364.52   |        16.4645   |   168:15:24   |   10:17:58   |
9721        |       -2348.62   |       -2364.21   |        15.5888   |   168:28:17   |   10:17:39   |
9722        |       -2348.35   |       -2365.13   |        16.7753   |   168:31:12   |   10:16:44   |
9723        |       -2348.59   |       -2365.45   |        16.8625   |   168:34:00   |   10:15:48   |
9724        |        -2348.7   |       -2365.01   |         16.311   |   168:36:52   |   10:14:52   |
9725        |        -2348.2   |       -2364.05   |        15.8514   |   168:40:02   |   10:13:57   |
9726        |        -2347.5   |       -2365.94   |         18.438   |   168:43:17   |   10:13:03   |
9727        |       -2346.88   |       -2363.47   |        16.5869   |   168:46:50   |   10:12:10   |
9728        |        -2345.2   |       -2362.64   |         17.437   |   168:49:54   |   10:11:15   |
9729        |       -2349.37   |       -2366.38   |        17.0126   |   168:53:13   |   10:10:20   |
9730        |       -2347.03   |       -2363.69   |        16.6639   |   168:56:16   |   10:09:25   |
9731        |          -2348   |       -2364.25   |         16.247   |   169:14:36   |   10:09:25   |
9732        |       -2348.45   |       -2364.15   |        15.7003   |   169:17:29   |   10:08:29   |
9733        |       -2346.91   |       -2364.82   |        17.9093   |   169:20:30   |   10:07:33   |
9734        |       -2346.72   |       -2361.85   |        15.1285   |   169:23:15   |   10:06:37   |
9735        |       -2347.18   |       -2363.35   |        16.1689   |   169:26:11   |   10:05:41   |
9736        |       -2346.62   |       -2364.28   |        17.6645   |   169:29:16   |   10:04:45   |
9737        |       -2344.53   |        -2363.4   |        18.8724   |   169:32:25   |   10:03:50   |
9738        |       -2345.91   |        -2366.1   |        20.1871   |   169:35:34   |   10:02:55   |
9739        |        -2346.3   |       -2365.53   |        19.2298   |   169:38:31   |   10:01:59   |


Iter        |      Posterior   |     Likelihood   |          Prior   |    elapsed   |        ETA   |
----------------------------------------------------------------------------------------------------
9740        |       -2346.67   |       -2365.03   |         18.356   |   169:41:32   |   10:01:03   |
9741        |       -2345.67   |       -2365.95   |        20.2759   |   169:54:44   |   10:00:44   |
9742        |       -2347.69   |        -2367.7   |        20.0164   |   169:57:34   |   09:59:47   |
9743        |       -2347.93   |       -2363.82   |        15.8955   |   170:00:37   |   09:58:51   |
9744        |       -2347.24   |       -2365.59   |         18.348   |   170:03:25   |   09:57:55   |
9745        |       -2347.06   |       -2365.61   |        18.5455   |   170:06:31   |   09:56:59   |
9746        |       -2346.66   |       -2363.31   |        16.6505   |   170:09:38   |   09:56:04   |
9747        |       -2350.58   |        -2366.9   |        16.3208   |   170:12:28   |   09:55:07   |
9748        |       -2349.89   |       -2362.45   |        12.5593   |   170:15:37   |   09:54:11   |
9749        |        -2349.8   |       -2362.31   |        12.5094   |   170:19:00   |   09:53:17   |
9750        |       -2350.51   |       -2363.02   |        12.5098   |   170:22:27   |   09:52:22   |
9751        |       -2350.29   |       -2362.56   |        12.2751   |   170:35:30   |   09:52:01   |
9752        |        -2351.6   |       -2362.81   |        11.2025   |   170:38:46   |   09:51:06   |
9753        |       -2351.36   |       -2364.62   |        13.2524   |   170:41:54   |   09:50:10   |
9754        |       -2353.08   |       -2367.99   |         14.915   |   170:44:43   |   09:49:13   |
9755        |       -2354.52   |       -2367.41   |        12.8935   |   170:47:35   |   09:48:16   |
9756        |       -2351.45   |       -2364.33   |        12.8788   |   170:50:47   |   09:47:21   |
9757        |       -2350.36   |       -2363.17   |        12.8036   |   170:53:47   |   09:46:24   |
9758        |       -2350.11   |       -2365.34   |        15.2325   |   170:57:04   |   09:45:29   |
9759        |       -2349.35   |       -2366.94   |         17.586   |   170:59:52   |   09:44:32   |


Iter        |      Posterior   |     Likelihood   |          Prior   |    elapsed   |        ETA   |
----------------------------------------------------------------------------------------------------
9760        |       -2348.81   |       -2365.55   |         16.749   |   171:02:54   |   09:43:35   |
9761        |       -2349.07   |       -2366.47   |         17.405   |   171:16:11   |   09:43:14   |
9762        |        -2352.6   |       -2368.85   |        16.2447   |   171:19:16   |   09:42:18   |
9763        |       -2350.78   |       -2366.95   |        16.1683   |   171:22:30   |   09:41:22   |
9764        |       -2348.17   |       -2364.35   |        16.1807   |   171:25:40   |   09:40:26   |
9765        |       -2345.38   |       -2362.67   |        17.2906   |   171:28:59   |   09:39:30   |
9766        |       -2346.85   |       -2365.09   |        18.2329   |   171:32:13   |   09:38:34   |
9767        |       -2345.63   |       -2363.99   |        18.3606   |   171:35:16   |   09:37:38   |
9768        |        -2346.5   |       -2366.77   |        20.2683   |   171:38:36   |   09:36:42   |
9769        |       -2347.21   |       -2364.04   |         16.836   |   171:41:59   |   09:35:47   |
9770        |       -2347.37   |        -2368.1   |        20.7287   |   171:44:49   |   09:34:50   |
9771        |       -2344.86   |       -2364.61   |         19.752   |   171:57:30   |   09:34:25   |
9772        |       -2344.41   |       -2364.64   |        20.2354   |   172:00:56   |   09:33:30   |
9773        |        -2347.6   |       -2365.65   |        18.0531   |   172:03:54   |   09:32:33   |
9774        |       -2348.22   |       -2366.13   |         17.911   |   172:07:08   |   09:31:36   |
9775        |        -2345.5   |       -2367.94   |        22.4356   |   172:10:11   |   09:30:40   |
9776        |       -2345.73   |       -2368.58   |        22.8508   |   172:13:02   |   09:29:42   |
9777        |       -2347.33   |        -2371.4   |        24.0754   |   172:16:09   |   09:28:46   |
9778        |       -2345.77   |        -2369.2   |        23.4354   |   172:18:56   |   09:27:48   |
9779        |       -2345.15   |       -2369.21   |        24.0616   |   172:21:58   |   09:26:51   |


Iter        |      Posterior   |     Likelihood   |          Prior   |    elapsed   |        ETA   |
----------------------------------------------------------------------------------------------------
9780        |       -2345.58   |       -2369.77   |        24.1913   |   172:24:40   |   09:25:53   |
9781        |       -2348.25   |        -2371.2   |        22.9493   |   172:36:46   |   09:25:26   |
9782        |       -2348.79   |       -2371.12   |        22.3325   |   172:40:02   |   09:24:29   |
9783        |       -2348.97   |       -2371.64   |         22.672   |   172:42:54   |   09:23:32   |
9784        |       -2349.12   |          -2372   |        22.8765   |   172:46:04   |   09:22:35   |
9785        |       -2347.84   |       -2370.72   |        22.8857   |   172:48:55   |   09:21:37   |
9786        |       -2346.68   |       -2369.36   |        22.6845   |   172:51:59   |   09:20:40   |
9787        |       -2347.63   |       -2368.91   |        21.2759   |   172:55:16   |   09:19:44   |
9788        |       -2345.78   |       -2365.14   |        19.3541   |   172:58:22   |   09:18:47   |
9789        |       -2347.14   |       -2365.96   |        18.8188   |   173:01:29   |   09:17:50   |
9790        |       -2346.29   |       -2366.03   |        19.7389   |   173:04:25   |   09:16:52   |
9791        |       -2346.29   |       -2366.03   |        19.7389   |   173:17:24   |   09:16:27   |
9792        |       -2344.24   |       -2365.95   |        21.7105   |   173:20:36   |   09:15:30   |
9793        |       -2345.32   |       -2364.11   |        18.7912   |   173:23:49   |   09:14:33   |
9794        |       -2345.94   |       -2364.28   |         18.341   |   173:26:52   |   09:13:36   |
9795        |       -2347.81   |        -2363.4   |        15.5853   |   173:29:59   |   09:12:38   |
9796        |       -2348.02   |       -2364.23   |        16.2176   |   173:33:04   |   09:11:41   |
9797        |       -2346.68   |       -2366.94   |        20.2585   |   173:36:11   |   09:10:44   |
9798        |       -2348.48   |       -2366.27   |        17.7848   |   173:39:22   |   09:09:47   |
9799        |       -2349.51   |       -2368.75   |        19.2437   |   173:42:18   |   09:08:49   |


Iter        |      Posterior   |     Likelihood   |          Prior   |    elapsed   |        ETA   |
----------------------------------------------------------------------------------------------------
9800        |       -2350.84   |       -2369.72   |        18.8801   |   173:45:37   |   09:07:52   |
9801        |       -2348.41   |       -2367.99   |        19.5811   |   173:58:39   |   09:07:26   |
9802        |       -2348.41   |       -2367.99   |        19.5811   |   174:02:15   |   09:06:30   |
9803        |       -2348.41   |       -2367.99   |        19.5811   |   174:05:48   |   09:05:34   |
9804        |       -2347.32   |       -2368.06   |        20.7363   |   174:09:01   |   09:04:37   |
9805        |       -2347.28   |       -2370.25   |        22.9634   |   174:11:57   |   09:03:39   |
9806        |       -2348.24   |       -2368.35   |         20.106   |   174:15:16   |   09:02:42   |
9807        |       -2346.71   |       -2368.98   |        22.2635   |   174:18:11   |   09:01:43   |
9808        |       -2347.42   |       -2369.38   |        21.9634   |   174:21:24   |   09:00:46   |
9809        |       -2350.34   |       -2372.93   |        22.5874   |   174:24:24   |   08:59:48   |
9810        |       -2345.78   |        -2369.8   |         24.022   |   174:27:30   |   08:58:50   |
9811        |       -2347.94   |       -2372.16   |        24.2244   |   174:40:06   |   08:58:22   |
9812        |       -2346.03   |        -2369.5   |        23.4713   |   174:43:12   |   08:57:24   |
9813        |        -2345.3   |       -2369.15   |        23.8543   |   174:45:57   |   08:56:25   |
9814        |        -2344.2   |       -2367.68   |        23.4753   |   174:48:57   |   08:55:27   |
9815        |       -2345.17   |       -2368.66   |        23.4898   |   174:51:52   |   08:54:28   |
9816        |       -2346.58   |       -2370.44   |         23.856   |   174:55:07   |   08:53:31   |
9817        |       -2347.47   |       -2370.64   |        23.1708   |   174:57:54   |   08:52:32   |
9818        |       -2346.53   |       -2369.02   |        22.4899   |   175:00:49   |   08:51:33   |
9819        |       -2347.48   |       -2371.82   |        24.3391   |   175:03:27   |   08:50:34   |


Iter        |      Posterior   |     Likelihood   |          Prior   |    elapsed   |        ETA   |
----------------------------------------------------------------------------------------------------
9820        |       -2349.34   |       -2375.39   |        26.0563   |   175:06:29   |   08:49:36   |
9821        |       -2347.46   |       -2373.24   |        25.7745   |   175:18:45   |   08:49:05   |
9822        |       -2348.26   |       -2369.91   |        21.6468   |   175:21:46   |   08:48:07   |
9823        |       -2351.78   |       -2375.46   |        23.6701   |   175:24:46   |   08:47:08   |
9824        |       -2353.87   |       -2374.32   |        20.4468   |   175:27:56   |   08:46:10   |
9825        |        -2356.8   |       -2374.74   |        17.9417   |   175:31:17   |   08:45:13   |
9826        |       -2353.49   |       -2374.41   |        20.9223   |   175:34:28   |   08:44:15   |
9827        |       -2358.28   |        -2380.2   |        21.9179   |   175:37:36   |   08:43:17   |
9828        |       -2355.96   |       -2376.96   |        21.0018   |   175:40:55   |   08:42:19   |
9829        |       -2357.24   |       -2376.27   |        19.0347   |   175:44:16   |   08:41:22   |
9830        |       -2355.29   |        -2374.5   |        19.2135   |   175:47:16   |   08:40:23   |
9831        |       -2355.29   |        -2374.5   |        19.2135   |   176:00:25   |   08:39:54   |
9832        |       -2355.29   |        -2374.5   |        19.2135   |   176:03:42   |   08:38:56   |
9833        |       -2355.29   |        -2374.5   |        19.2135   |   176:06:45   |   08:37:58   |
9834        |       -2355.29   |        -2374.5   |        19.2135   |   176:10:18   |   08:37:00   |
9835        |       -2355.29   |        -2374.5   |        19.2135   |   176:13:35   |   08:36:02   |
9836        |       -2355.29   |        -2374.5   |        19.2135   |   176:16:58   |   08:35:05   |
9837        |       -2355.29   |        -2374.5   |        19.2135   |   176:20:09   |   08:34:06   |
9838        |       -2355.29   |        -2374.5   |        19.2135   |   176:23:26   |   08:33:08   |
9839        |       -2355.29   |        -2374.5   |        19.2135   |   176:26:46   |   08:32:10   |


Iter        |      Posterior   |     Likelihood   |          Prior   |    elapsed   |        ETA   |
----------------------------------------------------------------------------------------------------
9840        |       -2355.29   |        -2374.5   |        19.2135   |   176:30:14   |   08:31:12   |
9841        |       -2355.29   |        -2374.5   |        19.2135   |   176:43:09   |   08:30:42   |
9842        |       -2355.29   |        -2374.5   |        19.2135   |   176:46:33   |   08:29:44   |
9843        |       -2355.29   |        -2374.5   |        19.2135   |   176:49:56   |   08:28:46   |
9844        |       -2355.29   |        -2374.5   |        19.2135   |   176:53:19   |   08:27:48   |
9845        |       -2357.64   |       -2376.43   |        18.7833   |   176:56:46   |   08:26:50   |
9846        |       -2357.64   |       -2376.43   |        18.7833   |   177:00:11   |   08:25:52   |
9847        |       -2357.64   |       -2376.43   |        18.7833   |   177:03:36   |   08:24:54   |
9848        |       -2357.64   |       -2376.43   |        18.7833   |   177:07:02   |   08:23:56   |
9849        |       -2357.64   |       -2376.43   |        18.7833   |   177:10:34   |   08:22:58   |
9850        |       -2357.64   |       -2376.43   |        18.7833   |   177:14:00   |   08:22:00   |
9851        |       -2357.64   |       -2376.43   |        18.7833   |   177:27:20   |   08:21:30   |
9852        |       -2351.93   |       -2369.19   |        17.2515   |   177:30:55   |   08:20:32   |
9853        |       -2350.91   |       -2368.16   |        17.2523   |   177:34:18   |   08:19:34   |
9854        |       -2350.91   |       -2368.16   |        17.2523   |   177:37:29   |   08:18:35   |
9855        |       -2350.91   |       -2368.16   |        17.2523   |   177:40:58   |   08:17:37   |
9856        |       -2350.91   |       -2368.16   |        17.2523   |   177:44:40   |   08:16:39   |
9857        |       -2350.91   |       -2368.16   |        17.2523   |   177:48:11   |   08:15:41   |
9858        |       -2350.91   |       -2368.16   |        17.2523   |   177:51:44   |   08:14:43   |
9859        |       -2350.91   |       -2368.16   |        17.2523   |   177:55:08   |   08:13:44   |


Iter        |      Posterior   |     Likelihood   |          Prior   |    elapsed   |        ETA   |
----------------------------------------------------------------------------------------------------
9860        |       -2350.91   |       -2368.16   |        17.2523   |   177:58:40   |   08:12:46   |
9861        |       -2350.91   |       -2368.16   |        17.2523   |   178:11:55   |   08:12:15   |
9862        |       -2350.91   |       -2368.16   |        17.2523   |   178:15:32   |   08:11:17   |
9863        |        -2353.3   |       -2370.69   |        17.3841   |   178:19:04   |   08:10:18   |
9864        |        -2353.3   |       -2370.97   |        17.6744   |   178:22:17   |   08:09:19   |
9865        |       -2353.66   |        -2369.2   |        15.5383   |   178:25:15   |   08:08:19   |
9866        |       -2353.38   |       -2369.56   |         16.174   |   178:28:34   |   08:07:20   |
9867        |       -2351.25   |       -2370.83   |        19.5764   |   178:31:54   |   08:06:21   |
9868        |       -2352.62   |       -2372.73   |        20.1037   |   178:34:38   |   08:05:21   |
9869        |        -2350.9   |       -2370.98   |        20.0716   |   178:37:44   |   08:04:21   |
9870        |       -2353.87   |       -2370.25   |         16.379   |   178:40:52   |   08:03:21   |
9871        |        -2348.5   |       -2368.87   |        20.3693   |   178:54:04   |   08:02:49   |
9872        |       -2346.97   |       -2368.41   |        21.4383   |   178:57:03   |   08:01:49   |
9873        |       -2347.89   |       -2369.02   |         21.131   |   179:00:20   |   08:00:49   |
9874        |       -2347.82   |       -2367.12   |        19.3022   |   179:03:34   |   07:59:50   |
9875        |       -2348.73   |       -2367.41   |        18.6769   |   179:06:55   |   07:58:50   |
9876        |       -2346.76   |       -2367.44   |        20.6873   |   179:10:08   |   07:57:51   |
9877        |       -2346.21   |       -2367.77   |        21.5572   |   179:13:29   |   07:56:52   |
9878        |       -2346.44   |       -2368.56   |        22.1184   |   179:16:41   |   07:55:52   |
9879        |       -2347.35   |       -2371.06   |         23.713   |   179:19:40   |   07:54:52   |


Iter        |      Posterior   |     Likelihood   |          Prior   |    elapsed   |        ETA   |
----------------------------------------------------------------------------------------------------
9880        |       -2348.63   |       -2372.13   |        23.5042   |   179:22:53   |   07:53:52   |
9881        |       -2348.85   |       -2372.37   |        23.5238   |   179:43:58   |   07:53:39   |
9882        |       -2352.01   |       -2372.41   |        20.4004   |   179:47:22   |   07:52:40   |
9883        |       -2347.87   |       -2370.66   |        22.7891   |   179:50:16   |   07:51:39   |
9884        |       -2347.75   |       -2370.58   |        22.8284   |   179:53:29   |   07:50:39   |
9885        |       -2347.91   |       -2369.19   |        21.2724   |   179:56:40   |   07:49:39   |
9886        |       -2350.35   |       -2371.59   |        21.2426   |   180:00:04   |   07:48:39   |
9887        |       -2349.56   |       -2373.45   |        23.8889   |   180:02:56   |   07:47:38   |
9888        |          -2351   |       -2374.06   |        23.0576   |   180:06:02   |   07:46:38   |
9889        |       -2352.03   |       -2374.97   |        22.9384   |   180:09:09   |   07:45:38   |
9890        |       -2350.71   |       -2371.97   |        21.2621   |   180:12:25   |   07:44:38   |
9891        |       -2347.13   |       -2369.71   |        22.5791   |   180:25:03   |   07:44:02   |
9892        |        -2349.9   |       -2372.51   |        22.6036   |   180:28:05   |   07:43:01   |
9893        |       -2349.34   |       -2371.44   |         22.097   |   180:31:37   |   07:42:02   |
9894        |       -2348.32   |        -2370.4   |        22.0828   |   180:34:52   |   07:41:02   |
9895        |       -2349.53   |       -2369.73   |        20.2036   |   180:37:59   |   07:40:01   |
9896        |       -2350.27   |       -2370.48   |        20.2033   |   180:41:23   |   07:39:01   |
9897        |       -2354.58   |       -2375.61   |        21.0219   |   180:44:30   |   07:38:01   |
9898        |        -2354.6   |       -2373.58   |        18.9795   |   180:48:02   |   07:37:01   |
9899        |       -2354.49   |       -2372.38   |         17.884   |   180:51:04   |   07:36:00   |


Iter        |      Posterior   |     Likelihood   |          Prior   |    elapsed   |        ETA   |
----------------------------------------------------------------------------------------------------
9900        |       -2349.86   |       -2367.87   |         18.009   |   180:54:13   |   07:34:59   |
9901        |       -2349.86   |       -2367.87   |         18.009   |   181:07:52   |   07:34:25   |
9902        |       -2352.79   |        -2371.5   |        18.7048   |   181:11:21   |   07:33:25   |
9903        |       -2350.21   |       -2368.47   |        18.2607   |   181:14:31   |   07:32:25   |
9904        |       -2350.21   |       -2368.47   |        18.2607   |   181:18:13   |   07:31:25   |
9905        |       -2353.35   |       -2371.04   |        17.6929   |   181:21:33   |   07:30:25   |
9906        |       -2355.05   |          -2372   |        16.9415   |   181:25:04   |   07:29:25   |
9907        |       -2351.59   |       -2371.84   |        20.2488   |   181:28:10   |   07:28:24   |
9908        |       -2352.33   |       -2374.79   |        22.4577   |   181:31:28   |   07:27:23   |
9909        |       -2352.86   |       -2375.33   |        22.4738   |   181:34:27   |   07:26:22   |
9910        |       -2351.44   |       -2375.19   |         23.747   |   181:37:28   |   07:25:21   |
9911        |        -2351.4   |       -2373.44   |        22.0364   |   181:49:55   |   07:24:43   |
9912        |       -2350.03   |       -2372.05   |        22.0157   |   181:53:08   |   07:23:42   |
9913        |       -2350.03   |       -2372.05   |        22.0157   |   181:56:38   |   07:22:42   |
9914        |       -2351.54   |       -2372.67   |        21.1323   |   181:59:54   |   07:21:41   |
9915        |       -2352.23   |       -2374.47   |        22.2348   |   182:03:01   |   07:20:39   |
9916        |       -2352.42   |       -2374.53   |        22.1096   |   182:06:21   |   07:19:39   |
9917        |       -2351.66   |       -2373.02   |          21.36   |   182:09:38   |   07:18:38   |
9918        |        -2354.1   |       -2375.88   |        21.7835   |   182:12:49   |   07:17:37   |
9919        |        -2355.2   |          -2377   |        21.7964   |   182:16:07   |   07:16:36   |


Iter        |      Posterior   |     Likelihood   |          Prior   |    elapsed   |        ETA   |
----------------------------------------------------------------------------------------------------
9920        |        -2355.2   |          -2377   |        21.7964   |   182:19:32   |   07:15:35   |
9921        |       -2358.77   |       -2382.08   |        23.3134   |   182:32:27   |   07:14:57   |
9922        |       -2356.21   |       -2379.63   |        23.4116   |   182:35:35   |   07:13:56   |
9923        |       -2356.21   |       -2379.63   |        23.4116   |   182:39:05   |   07:12:55   |
9924        |       -2356.21   |       -2379.63   |        23.4116   |   182:42:26   |   07:11:54   |
9925        |       -2351.03   |       -2374.45   |        23.4116   |   182:46:02   |   07:10:54   |
9926        |       -2351.03   |       -2374.45   |        23.4116   |   182:49:26   |   07:09:53   |
9927        |       -2351.03   |       -2374.45   |        23.4116   |   182:52:59   |   07:08:52   |
9928        |       -2351.03   |       -2374.45   |        23.4116   |   182:56:26   |   07:07:52   |
9929        |       -2351.03   |       -2374.45   |        23.4116   |   182:59:46   |   07:06:50   |
9930        |       -2351.03   |       -2374.45   |        23.4116   |   183:03:20   |   07:05:50   |
9931        |       -2351.03   |       -2374.45   |        23.4116   |   183:16:20   |   07:05:11   |
9932        |       -2351.03   |       -2374.45   |        23.4116   |   183:19:33   |   07:04:10   |
9933        |       -2347.13   |       -2371.55   |        24.4162   |   183:22:51   |   07:03:08   |
9934        |       -2346.36   |       -2370.81   |        24.4425   |   183:25:43   |   07:02:06   |
9935        |       -2345.55   |       -2369.88   |         24.332   |   183:28:30   |   07:01:03   |
9936        |       -2347.21   |       -2372.05   |         24.838   |   183:31:37   |   07:00:01   |
9937        |       -2348.73   |       -2372.69   |        23.9657   |   183:34:46   |   06:58:59   |
9938        |       -2347.34   |        -2371.3   |        23.9598   |   183:37:52   |   06:57:57   |
9939        |       -2347.27   |       -2371.23   |        23.9658   |   183:41:17   |   06:56:56   |


Iter        |      Posterior   |     Likelihood   |          Prior   |    elapsed   |        ETA   |
----------------------------------------------------------------------------------------------------
9940        |       -2347.27   |       -2371.23   |        23.9658   |   183:44:40   |   06:55:55   |
9941        |       -2350.08   |       -2374.17   |        24.0844   |   183:57:29   |   06:55:15   |
9942        |       -2348.81   |       -2372.19   |        23.3746   |   184:00:44   |   06:54:13   |
9943        |       -2351.21   |       -2376.39   |         25.182   |   184:03:44   |   06:53:10   |
9944        |       -2346.48   |        -2369.3   |        22.8195   |   184:06:52   |   06:52:08   |
9945        |       -2346.18   |       -2368.38   |        22.1997   |   184:10:14   |   06:51:07   |
9946        |        -2346.3   |       -2367.55   |        21.2459   |   184:13:31   |   06:50:05   |
9947        |       -2345.07   |       -2365.08   |         20.014   |   184:16:39   |   06:49:03   |
9948        |       -2347.37   |       -2368.92   |        21.5445   |   184:19:57   |   06:48:01   |
9949        |       -2346.84   |       -2369.57   |        22.7342   |   184:22:59   |   06:46:58   |
9950        |       -2346.75   |       -2368.11   |         21.357   |   184:26:06   |   06:45:56   |
9951        |       -2346.84   |       -2368.77   |        21.9392   |   184:38:28   |   06:45:14   |
9952        |       -2347.08   |       -2368.74   |        21.6617   |   184:41:35   |   06:44:12   |
9953        |       -2350.26   |       -2371.72   |         21.456   |   184:44:58   |   06:43:10   |
9954        |       -2348.36   |       -2369.96   |        21.6042   |   184:47:50   |   06:42:07   |
9955        |       -2349.45   |       -2371.24   |        21.7911   |   184:50:42   |   06:41:04   |
9956        |       -2349.51   |       -2371.85   |        22.3454   |   184:53:50   |   06:40:01   |
9957        |       -2351.44   |       -2373.26   |         21.816   |   184:56:58   |   06:38:59   |
9958        |       -2350.95   |       -2372.09   |        21.1393   |   185:00:00   |   06:37:56   |
9959        |        -2350.7   |       -2367.75   |        17.0463   |   185:03:12   |   06:36:54   |


Iter        |      Posterior   |     Likelihood   |          Prior   |    elapsed   |        ETA   |
----------------------------------------------------------------------------------------------------
9960        |       -2348.44   |       -2365.64   |        17.1955   |   185:06:02   |   06:35:50   |
9961        |       -2347.85   |       -2367.96   |        20.1112   |   185:18:50   |   06:35:08   |
9962        |       -2349.14   |       -2370.75   |        21.6088   |   185:22:12   |   06:34:06   |
9963        |        -2349.3   |       -2368.49   |        19.1935   |   185:25:29   |   06:33:04   |
9964        |        -2348.3   |       -2367.78   |         19.476   |   185:28:45   |   06:32:01   |
9965        |       -2351.62   |       -2369.72   |        18.0984   |   185:31:48   |   06:30:58   |
9966        |       -2350.72   |       -2367.99   |        17.2662   |   185:35:04   |   06:29:56   |
9967        |       -2352.28   |       -2366.28   |        13.9988   |   185:38:25   |   06:28:54   |
9968        |       -2351.27   |       -2366.08   |        14.8095   |   185:41:36   |   06:27:51   |
9969        |       -2351.97   |       -2367.41   |         15.443   |   185:44:50   |   06:26:48   |
9970        |       -2353.93   |       -2369.38   |        15.4491   |   185:47:39   |   06:25:45   |
9971        |       -2352.77   |       -2367.25   |         14.479   |   186:00:35   |   06:25:02   |
9972        |       -2356.61   |       -2368.48   |        11.8697   |   186:03:33   |   06:23:59   |
9973        |        -2354.7   |       -2370.67   |        15.9695   |   186:06:49   |   06:22:56   |
9974        |        -2355.8   |       -2371.79   |        15.9906   |   186:09:43   |   06:21:52   |
9975        |       -2353.79   |       -2372.48   |         18.698   |   186:12:58   |   06:20:49   |
9976        |       -2351.35   |       -2370.54   |        19.1897   |   186:16:19   |   06:19:47   |
9977        |        -2350.2   |       -2369.91   |         19.714   |   186:19:30   |   06:18:44   |
9978        |       -2348.21   |        -2367.9   |        19.6884   |   186:22:55   |   06:17:41   |
9979        |       -2352.32   |       -2372.64   |        20.3134   |   186:26:10   |   06:16:38   |


Iter        |      Posterior   |     Likelihood   |          Prior   |    elapsed   |        ETA   |
----------------------------------------------------------------------------------------------------
9980        |       -2345.08   |       -2366.42   |         21.343   |   186:29:17   |   06:15:35   |
9981        |       -2346.85   |       -2367.11   |        20.2635   |   186:41:49   |   06:14:51   |
9982        |       -2346.85   |       -2367.11   |        20.2635   |   186:45:13   |   06:13:48   |
9983        |       -2347.69   |       -2366.06   |        18.3743   |   186:48:16   |   06:12:44   |
9984        |        -2346.2   |       -2365.16   |        18.9546   |   186:51:36   |   06:11:41   |
9985        |       -2345.82   |       -2365.39   |        19.5725   |   186:54:44   |   06:10:38   |
9986        |       -2348.76   |       -2370.17   |         21.412   |   186:57:56   |   06:09:35   |
9987        |       -2347.68   |       -2368.74   |         21.058   |   187:01:07   |   06:08:31   |
9988        |       -2345.86   |       -2367.36   |        21.4956   |   187:04:12   |   06:07:28   |
9989        |       -2344.91   |       -2366.32   |        21.4027   |   187:07:18   |   06:06:24   |
9990        |       -2345.91   |       -2366.49   |        20.5826   |   187:10:10   |   06:05:20   |
9991        |       -2347.28   |        -2369.2   |        21.9183   |   187:22:48   |   06:04:35   |
9992        |       -2347.38   |        -2370.1   |        22.7244   |   187:25:44   |   06:03:31   |
9993        |       -2345.39   |       -2368.35   |        22.9619   |   187:28:42   |   06:02:27   |
9994        |       -2347.76   |       -2370.33   |        22.5711   |   187:32:09   |   06:01:24   |
9995        |       -2348.66   |       -2371.37   |         22.714   |   187:35:34   |   06:00:21   |
9996        |       -2348.31   |       -2368.14   |        19.8303   |   187:39:00   |   05:59:18   |
9997        |       -2346.32   |       -2367.93   |        21.6093   |   187:42:04   |   05:58:14   |
9998        |       -2348.28   |       -2370.43   |        22.1443   |   187:45:25   |   05:57:11   |
9999        |       -2349.38   |       -2372.69   |        23.3068   |   187:48:34   |   05:56:07   |


Iter        |      Posterior   |     Likelihood   |          Prior   |    elapsed   |        ETA   |
----------------------------------------------------------------------------------------------------
10000       |       -2347.65   |       -2370.05   |        22.4001   |   187:51:28   |   05:55:03   |
10001       |       -2345.92   |       -2366.87   |        20.9491   |   188:03:54   |   05:54:16   |
10002       |       -2347.48   |       -2366.36   |        18.8859   |   188:07:16   |   05:53:13   |
10003       |       -2345.08   |       -2365.35   |        20.2746   |   188:10:34   |   05:52:09   |
10004       |       -2345.95   |        -2367.3   |        21.3499   |   188:13:44   |   05:51:05   |
10005       |       -2347.36   |       -2368.37   |        21.0109   |   188:16:33   |   05:50:01   |
10006       |       -2347.74   |       -2367.95   |        20.2047   |   188:19:24   |   05:48:56   |
10007       |       -2347.76   |        -2366.3   |        18.5395   |   188:22:35   |   05:47:52   |
10008       |       -2348.56   |       -2366.98   |        18.4136   |   188:25:58   |   05:46:48   |
10009       |        -2349.6   |       -2366.77   |        17.1667   |   188:28:56   |   05:45:44   |
10010       |       -2350.02   |       -2366.41   |        16.3831   |   188:32:12   |   05:44:40   |
10011       |       -2349.07   |       -2365.45   |        16.3799   |   188:45:43   |   05:43:55   |
10012       |       -2348.87   |       -2365.99   |        17.1235   |   188:48:46   |   05:42:51   |
10013       |       -2347.25   |       -2365.82   |        18.5639   |   188:51:58   |   05:41:46   |
10014       |       -2345.53   |       -2365.43   |        19.8989   |   188:54:50   |   05:40:42   |
10015       |       -2347.98   |        -2367.2   |        19.2195   |   188:57:58   |   05:39:37   |
10016       |       -2348.14   |       -2367.41   |         19.265   |   189:01:01   |   05:38:33   |
10017       |       -2348.46   |        -2372.2   |        23.7402   |   189:04:00   |   05:37:28   |
10018       |        -2349.2   |       -2371.14   |        21.9411   |   189:07:15   |   05:36:24   |
10019       |       -2348.04   |       -2370.06   |        22.0112   |   189:10:31   |   05:35:20   |


Iter        |      Posterior   |     Likelihood   |          Prior   |    elapsed   |        ETA   |
----------------------------------------------------------------------------------------------------
10020       |       -2348.07   |       -2370.03   |        21.9592   |   189:13:38   |   05:34:15   |
10021       |       -2348.23   |       -2370.69   |         22.468   |   189:27:04   |   05:33:29   |
10022       |       -2348.75   |       -2370.53   |        21.7735   |   189:30:09   |   05:32:24   |
10023       |       -2351.86   |       -2372.33   |        20.4769   |   189:33:13   |   05:31:20   |
10024       |       -2352.68   |       -2370.76   |        18.0751   |   189:36:40   |   05:30:16   |
10025       |       -2348.94   |       -2370.86   |        21.9242   |   189:40:02   |   05:29:11   |
10026       |        -2350.7   |       -2372.87   |        22.1731   |   189:43:14   |   05:28:07   |
10027       |       -2347.59   |        -2368.3   |        20.7093   |   189:46:34   |   05:27:03   |
10028       |       -2347.79   |       -2368.66   |        20.8682   |   189:49:33   |   05:25:58   |
10029       |       -2348.31   |       -2369.47   |        21.1584   |   189:53:09   |   05:24:54   |
10030       |       -2348.07   |       -2368.62   |        20.5565   |   189:56:23   |   05:23:49   |
10031       |       -2350.13   |       -2370.91   |        20.7834   |   190:09:11   |   05:23:01   |
10032       |       -2351.74   |       -2372.29   |        20.5498   |   190:12:23   |   05:21:56   |
10033       |       -2353.02   |       -2377.38   |        24.3565   |   190:15:36   |   05:20:51   |
10034       |       -2349.82   |       -2372.22   |        22.3983   |   190:18:31   |   05:19:46   |
10035       |       -2347.17   |        -2370.1   |        22.9361   |   190:21:34   |   05:18:41   |
10036       |       -2349.48   |       -2371.45   |        21.9657   |   190:24:32   |   05:17:36   |
10037       |       -2347.35   |       -2368.82   |        21.4646   |   190:27:29   |   05:16:30   |
10038       |       -2348.02   |       -2367.37   |        19.3559   |   190:30:33   |   05:15:25   |
10039       |       -2347.11   |       -2369.87   |        22.7514   |   190:33:35   |   05:14:20   |


Iter        |      Posterior   |     Likelihood   |          Prior   |    elapsed   |        ETA   |
----------------------------------------------------------------------------------------------------
10040       |       -2345.95   |       -2367.74   |        21.7845   |   190:36:38   |   05:13:15   |
10041       |        -2351.4   |       -2373.36   |        21.9549   |   190:49:32   |   05:12:26   |
10042       |       -2350.57   |       -2374.96   |        24.3943   |   190:52:44   |   05:11:21   |
10043       |       -2350.52   |       -2373.61   |        23.0855   |   190:55:56   |   05:10:16   |
10044       |       -2350.39   |       -2368.14   |        17.7535   |   190:58:55   |   05:09:10   |
10045       |       -2348.34   |        -2366.2   |        17.8597   |   191:02:10   |   05:08:05   |
10046       |       -2349.34   |       -2367.18   |        17.8399   |   191:05:41   |   05:07:00   |
10047       |       -2346.77   |       -2364.82   |        18.0507   |   191:09:13   |   05:05:56   |
10048       |       -2346.58   |       -2365.55   |        18.9654   |   191:12:29   |   05:04:51   |
10049       |       -2344.44   |       -2366.18   |        21.7388   |   191:15:31   |   05:03:45   |
10050       |       -2347.32   |       -2366.68   |        19.3559   |   191:18:47   |   05:02:40   |
10051       |       -2348.01   |       -2369.98   |        21.9768   |   191:31:56   |   05:01:50   |
10052       |       -2350.86   |        -2369.3   |        18.4472   |   191:35:10   |   05:00:45   |
10053       |       -2354.26   |       -2372.76   |        18.4955   |   191:38:11   |   04:59:39   |
10054       |       -2350.59   |       -2369.86   |          19.27   |   191:41:23   |   04:58:34   |
10055       |       -2346.25   |       -2365.45   |        19.2011   |   191:44:51   |   04:57:29   |
10056       |       -2345.24   |       -2365.37   |        20.1254   |   191:47:53   |   04:56:23   |
10057       |       -2343.18   |       -2365.34   |        22.1554   |   191:50:59   |   04:55:18   |
10058       |       -2345.18   |       -2368.33   |        23.1508   |   191:54:11   |   04:54:12   |
10059       |       -2347.41   |       -2369.23   |        21.8203   |   191:57:08   |   04:53:06   |


Iter        |      Posterior   |     Likelihood   |          Prior   |    elapsed   |        ETA   |
----------------------------------------------------------------------------------------------------
10060       |        -2346.5   |        -2368.4   |        21.8976   |   192:00:18   |   04:52:00   |
10061       |        -2347.6   |       -2369.02   |        21.4228   |   192:12:52   |   04:51:09   |
10062       |       -2350.15   |       -2369.87   |        19.7209   |   192:16:03   |   04:50:03   |
10063       |       -2347.14   |       -2368.48   |        21.3417   |   192:19:18   |   04:48:58   |
10064       |        -2350.3   |       -2371.62   |        21.3127   |   192:22:07   |   04:47:51   |
10065       |        -2350.3   |       -2371.62   |        21.3127   |   192:25:44   |   04:46:46   |
10066       |       -2348.16   |       -2368.61   |        20.4415   |   192:29:05   |   04:45:41   |
10067       |       -2347.05   |       -2367.45   |        20.3988   |   192:32:17   |   04:44:35   |
10068       |       -2347.68   |          -2368   |        20.3181   |   192:35:34   |   04:43:29   |
10069       |       -2347.68   |          -2368   |        20.3181   |   192:39:06   |   04:42:24   |
10070       |       -2346.15   |        -2365.4   |         19.251   |   192:42:30   |   04:41:18   |
10071       |       -2345.73   |        -2363.3   |        17.5696   |   192:55:24   |   04:40:26   |
10072       |       -2348.62   |       -2365.84   |        17.2247   |   192:58:46   |   04:39:21   |
10073       |        -2347.5   |       -2366.42   |        18.9168   |   193:02:08   |   04:38:15   |
10074       |       -2345.91   |       -2366.81   |        20.9046   |   193:05:04   |   04:37:08   |
10075       |        -2344.7   |       -2365.62   |        20.9222   |   193:08:27   |   04:36:03   |
10076       |       -2343.02   |       -2363.48   |        20.4603   |   193:11:58   |   04:34:57   |
10077       |       -2343.02   |       -2363.48   |        20.4603   |   193:15:08   |   04:33:51   |
10078       |        -2344.3   |       -2366.51   |        22.2101   |   193:18:17   |   04:32:45   |
10079       |       -2344.62   |       -2365.87   |        21.2493   |   193:21:39   |   04:31:39   |


Iter        |      Posterior   |     Likelihood   |          Prior   |    elapsed   |        ETA   |
----------------------------------------------------------------------------------------------------
10080       |       -2348.24   |        -2366.9   |        18.6583   |   193:24:51   |   04:30:32   |
10081       |       -2347.51   |        -2368.1   |        20.5921   |   193:37:49   |   04:29:40   |
10082       |       -2348.87   |       -2367.67   |        18.7975   |   193:40:58   |   04:28:33   |
10083       |          -2347   |       -2365.64   |        18.6374   |   193:44:03   |   04:27:27   |
10084       |        -2348.3   |       -2365.63   |        17.3339   |   193:47:31   |   04:26:21   |
10085       |       -2348.95   |       -2364.94   |        15.9957   |   193:50:52   |   04:25:15   |
10086       |       -2352.47   |       -2367.27   |        14.8027   |   193:54:15   |   04:24:09   |
10087       |       -2352.74   |       -2368.83   |        16.0961   |   193:57:31   |   04:23:02   |
10088       |       -2349.63   |       -2366.91   |        17.2741   |   194:01:05   |   04:21:56   |
10089       |       -2351.18   |       -2368.01   |        16.8352   |   194:04:33   |   04:20:50   |
10090       |       -2347.73   |       -2366.32   |        18.5904   |   194:07:50   |   04:19:44   |
10091       |       -2351.88   |       -2369.08   |        17.2018   |   194:20:44   |   04:18:50   |
10092       |       -2350.92   |        -2368.5   |        17.5832   |   194:24:13   |   04:17:44   |
10093       |       -2353.06   |       -2369.48   |        16.4201   |   194:27:20   |   04:16:37   |
10094       |       -2352.73   |       -2370.34   |        17.6163   |   194:30:32   |   04:15:31   |
10095       |       -2352.67   |          -2367   |        14.3385   |   194:33:50   |   04:14:24   |
10096       |       -2353.85   |       -2370.76   |        16.9075   |   194:37:23   |   04:13:18   |
10097       |       -2352.08   |       -2371.04   |        18.9565   |   194:40:44   |   04:12:11   |
10098       |       -2354.02   |       -2375.89   |        21.8745   |   194:44:08   |   04:11:05   |
10099       |       -2354.67   |       -2377.32   |        22.6423   |   194:47:34   |   04:09:58   |


Iter        |      Posterior   |     Likelihood   |          Prior   |    elapsed   |        ETA   |
----------------------------------------------------------------------------------------------------
10100       |        -2354.3   |       -2376.47   |        22.1681   |   194:51:04   |   04:08:52   |
10101       |        -2354.3   |       -2376.47   |        22.1681   |   195:04:26   |   04:07:58   |
10102       |       -2353.58   |       -2375.64   |        22.0543   |   195:07:48   |   04:06:51   |
10103       |       -2352.63   |       -2374.77   |        22.1429   |   195:11:13   |   04:05:44   |
10104       |       -2351.56   |       -2374.21   |        22.6483   |   195:14:29   |   04:04:37   |
10105       |       -2351.35   |        -2372.1   |        20.7524   |   195:18:04   |   04:03:31   |
10106       |       -2350.09   |       -2369.34   |         19.244   |   195:21:24   |   04:02:24   |
10107       |       -2350.08   |       -2370.31   |        20.2298   |   195:24:57   |   04:01:17   |
10108       |        -2350.4   |       -2370.43   |        20.0324   |   195:27:51   |   04:00:10   |
10109       |       -2349.58   |       -2371.78   |        22.1934   |   195:31:07   |   03:59:03   |
10110       |       -2349.34   |       -2368.86   |        19.5179   |   195:34:12   |   03:57:56   |
10111       |       -2350.35   |       -2369.93   |        19.5774   |   195:47:18   |   03:57:00   |
10112       |       -2351.05   |       -2370.29   |        19.2442   |   195:50:52   |   03:55:54   |
10113       |        -2349.6   |       -2369.12   |        19.5186   |   195:54:27   |   03:54:47   |
10114       |       -2352.76   |       -2372.39   |        19.6279   |   195:57:28   |   03:53:39   |
10115       |       -2347.33   |       -2368.99   |        21.6569   |   196:00:42   |   03:52:32   |
10116       |       -2353.63   |        -2375.6   |        21.9739   |   196:03:54   |   03:51:25   |
10117       |       -2357.47   |       -2379.31   |        21.8321   |   196:06:45   |   03:50:17   |
10118       |       -2351.87   |        -2374.7   |        22.8277   |   196:09:56   |   03:49:09   |
10119       |       -2352.54   |       -2375.75   |         23.206   |   196:12:50   |   03:48:02   |


Iter        |      Posterior   |     Likelihood   |          Prior   |    elapsed   |        ETA   |
----------------------------------------------------------------------------------------------------
10120       |       -2351.88   |       -2374.52   |        22.6369   |   196:16:18   |   03:46:54   |
10121       |       -2351.88   |       -2374.52   |        22.6369   |   196:28:46   |   03:45:58   |
10122       |       -2353.34   |       -2375.96   |        22.6211   |   196:32:09   |   03:44:50   |
10123       |       -2352.97   |       -2374.75   |        21.7811   |   196:35:44   |   03:43:43   |
10124       |       -2356.33   |       -2377.99   |        21.6597   |   196:38:51   |   03:42:35   |
10125       |       -2349.82   |       -2372.34   |        22.5132   |   196:42:07   |   03:41:28   |
10126       |        -2352.2   |       -2372.46   |        20.2611   |   196:45:24   |   03:40:20   |
10127       |       -2353.47   |       -2373.61   |         20.141   |   196:48:41   |   03:39:13   |
10128       |       -2353.47   |       -2373.61   |         20.141   |   196:52:08   |   03:38:05   |
10129       |       -2354.76   |       -2374.26   |        19.5051   |   196:55:16   |   03:36:57   |
10130       |       -2351.01   |       -2372.57   |         21.559   |   196:58:26   |   03:35:50   |
10131       |       -2354.22   |       -2376.75   |         22.538   |   197:10:40   |   03:34:52   |
10132       |       -2355.68   |       -2377.84   |        22.1549   |   197:13:58   |   03:33:44   |
10133       |        -2352.7   |       -2376.02   |        23.3283   |   197:16:54   |   03:32:36   |
10134       |       -2352.48   |       -2375.71   |        23.2317   |   197:19:56   |   03:31:28   |
10135       |        -2353.1   |       -2373.67   |        20.5715   |   197:22:56   |   03:30:19   |
10136       |        -2352.2   |       -2374.25   |        22.0517   |   197:25:56   |   03:29:11   |
10137       |       -2351.13   |       -2373.19   |        22.0632   |   197:28:42   |   03:28:03   |
10138       |       -2354.26   |       -2377.28   |        23.0163   |   197:31:36   |   03:26:55   |
10139       |       -2351.79   |        -2374.8   |        23.0099   |   197:34:44   |   03:25:46   |


Iter        |      Posterior   |     Likelihood   |          Prior   |    elapsed   |        ETA   |
----------------------------------------------------------------------------------------------------
10140       |       -2350.29   |       -2373.74   |        23.4473   |   197:37:44   |   03:24:38   |
10141       |       -2350.29   |       -2373.74   |        23.4473   |   197:50:21   |   03:23:40   |
10142       |       -2347.85   |        -2371.6   |        23.7475   |   197:53:40   |   03:22:32   |
10143       |       -2347.42   |        -2371.3   |        23.8773   |   197:56:39   |   03:21:23   |
10144       |       -2348.31   |       -2372.36   |        24.0453   |   197:59:46   |   03:20:15   |
10145       |        -2348.4   |       -2370.66   |        22.2696   |   198:02:44   |   03:19:07   |
10146       |        -2348.5   |       -2372.46   |        23.9575   |   198:05:46   |   03:17:58   |
10147       |       -2347.05   |       -2370.08   |        23.0331   |   198:08:40   |   03:16:50   |
10148       |       -2348.94   |       -2372.44   |        23.4988   |   198:11:45   |   03:15:41   |
10149       |       -2350.77   |       -2373.94   |        23.1752   |   198:14:41   |   03:14:33   |
10150       |       -2349.58   |       -2372.98   |        23.4024   |   198:17:44   |   03:13:24   |
10151       |       -2347.62   |       -2371.65   |         24.026   |   198:30:40   |   03:12:25   |
10152       |       -2347.91   |        -2371.7   |        23.7951   |   198:33:32   |   03:11:16   |
10153       |       -2347.46   |       -2372.08   |        24.6227   |   198:36:44   |   03:10:08   |
10154       |       -2349.36   |       -2373.88   |          24.52   |   198:39:36   |   03:08:59   |
10155       |       -2350.93   |       -2375.15   |        24.2116   |   198:42:03   |   03:07:50   |
10156       |       -2351.43   |       -2375.67   |        24.2392   |   198:45:15   |   03:06:41   |
10157       |       -2353.29   |       -2377.46   |        24.1773   |   198:48:34   |   03:05:33   |
10158       |        -2351.7   |       -2374.96   |        23.2654   |   198:51:25   |   03:04:24   |
10159       |       -2352.64   |       -2375.49   |        22.8578   |   198:54:14   |   03:03:15   |


Iter        |      Posterior   |     Likelihood   |          Prior   |    elapsed   |        ETA   |
----------------------------------------------------------------------------------------------------
10160       |       -2357.38   |       -2380.08   |        22.6975   |   198:57:11   |   03:02:06   |
10161       |       -2353.27   |       -2376.82   |        23.5464   |   199:09:57   |   03:01:06   |
10162       |       -2352.36   |       -2375.04   |        22.6855   |   199:12:41   |   02:59:57   |
10163       |       -2352.36   |       -2375.05   |        22.6908   |   199:15:46   |   02:58:48   |
10164       |       -2353.64   |       -2375.89   |        22.2462   |   199:18:24   |   02:57:39   |
10165       |       -2352.43   |       -2374.73   |        22.3077   |   199:21:00   |   02:56:30   |
10166       |       -2350.53   |       -2374.41   |        23.8789   |   199:24:13   |   02:55:21   |
10167       |       -2349.63   |       -2372.28   |        22.6599   |   199:27:19   |   02:54:12   |
10168       |       -2347.79   |       -2371.28   |        23.4916   |   199:30:27   |   02:53:03   |
10169       |       -2351.63   |        -2374.2   |        22.5672   |   199:33:25   |   02:51:54   |
10170       |       -2350.65   |        -2373.1   |        22.4498   |   199:36:32   |   02:50:45   |
10171       |       -2353.54   |       -2376.52   |        22.9849   |   199:49:02   |   02:49:44   |
10172       |       -2350.83   |       -2373.32   |        22.4856   |   199:52:09   |   02:48:35   |
10173       |       -2350.16   |       -2372.29   |        22.1257   |   199:55:20   |   02:47:26   |
10174       |       -2352.89   |       -2376.51   |        23.6132   |   199:58:18   |   02:46:16   |
10175       |        -2350.9   |       -2375.11   |        24.2109   |   200:01:31   |   02:45:07   |
10176       |       -2350.52   |       -2374.95   |        24.4367   |   200:04:33   |   02:43:58   |
10177       |        -2354.8   |       -2378.69   |        23.8809   |   200:07:18   |   02:42:49   |
10178       |       -2350.27   |       -2373.77   |        23.5013   |   200:10:30   |   02:41:39   |
10179       |       -2349.98   |       -2373.34   |        23.3664   |   200:13:34   |   02:40:30   |


Iter        |      Posterior   |     Likelihood   |          Prior   |    elapsed   |        ETA   |
----------------------------------------------------------------------------------------------------
10180       |       -2347.87   |       -2371.13   |        23.2662   |   200:16:27   |   02:39:21   |
10181       |       -2349.89   |       -2373.09   |        23.1979   |   200:28:44   |   02:38:19   |
10182       |       -2349.92   |        -2374.6   |        24.6869   |   200:31:42   |   02:37:09   |
10183       |        -2352.2   |       -2374.36   |        22.1644   |   200:34:39   |   02:36:00   |
10184       |       -2349.59   |       -2373.13   |        23.5447   |   200:37:50   |   02:34:50   |
10185       |       -2351.08   |       -2376.31   |        25.2351   |   200:40:45   |   02:33:41   |
10186       |       -2347.91   |       -2373.75   |        25.8419   |   200:43:46   |   02:32:31   |
10187       |       -2348.53   |       -2374.48   |        25.9469   |   200:46:44   |   02:31:22   |
10188       |       -2350.55   |        -2377.1   |        26.5507   |   200:49:52   |   02:30:12   |
10189       |       -2349.95   |       -2375.66   |        25.7024   |   200:52:56   |   02:29:02   |
10190       |        -2350.4   |       -2374.57   |        24.1764   |   200:55:45   |   02:27:53   |
10191       |       -2348.18   |       -2372.21   |        24.0381   |   201:08:02   |   02:26:50   |
10192       |       -2348.09   |       -2372.27   |        24.1813   |   201:11:12   |   02:25:40   |
10193       |       -2350.03   |          -2372   |        21.9721   |   201:14:23   |   02:24:31   |
10194       |       -2351.78   |       -2376.26   |        24.4721   |   201:17:26   |   02:23:21   |
10195       |       -2351.78   |       -2376.26   |        24.4721   |   201:20:57   |   02:22:11   |
10196       |       -2353.02   |       -2378.74   |        25.7245   |   201:24:11   |   02:21:02   |
10197       |        -2352.9   |       -2378.44   |        25.5447   |   201:27:23   |   02:19:52   |
10198       |       -2352.89   |       -2377.07   |        24.1782   |   201:30:21   |   02:18:42   |
10199       |       -2354.86   |       -2378.98   |        24.1173   |   201:33:19   |   02:17:32   |


Iter        |      Posterior   |     Likelihood   |          Prior   |    elapsed   |        ETA   |
----------------------------------------------------------------------------------------------------
10200       |       -2356.29   |       -2378.62   |         22.325   |   201:36:33   |   02:16:22   |
10201       |       -2350.94   |       -2373.04   |         22.098   |   201:49:23   |   02:15:19   |
10202       |       -2351.79   |       -2374.98   |        23.1907   |   201:52:40   |   02:14:09   |
10203       |        -2350.7   |       -2372.84   |        22.1354   |   201:55:21   |   02:12:59   |
10204       |       -2351.74   |       -2374.94   |        23.2012   |   201:58:14   |   02:11:49   |
10205       |       -2347.79   |       -2369.54   |        21.7568   |   202:01:25   |   02:10:39   |
10206       |       -2345.97   |        -2368.3   |          22.33   |   202:04:45   |   02:09:29   |
10207       |        -2347.1   |       -2369.25   |        22.1493   |   202:08:03   |   02:08:19   |
10208       |       -2349.07   |        -2372.6   |        23.5357   |   202:10:45   |   02:07:09   |
10209       |       -2347.06   |        -2372.7   |        25.6436   |   202:13:26   |   02:05:58   |
10210       |       -2348.49   |       -2372.52   |        24.0295   |   202:16:16   |   02:04:48   |
10211       |       -2346.97   |       -2371.37   |        24.3984   |   202:28:13   |   02:03:43   |
10212       |       -2349.73   |       -2372.72   |         22.989   |   202:31:19   |   02:02:33   |
10213       |       -2348.85   |        -2371.4   |        22.5445   |   202:34:25   |   02:01:23   |
10214       |        -2349.1   |       -2371.51   |        22.4152   |   202:37:48   |   02:00:13   |
10215       |       -2351.99   |       -2374.77   |        22.7826   |   202:40:52   |   01:59:02   |
10216       |       -2351.36   |       -2374.25   |        22.8964   |   202:44:06   |   01:57:52   |
10217       |       -2347.61   |       -2371.31   |        23.7016   |   202:46:49   |   01:56:42   |
10218       |       -2347.27   |       -2371.99   |         24.723   |   202:49:51   |   01:55:31   |
10219       |       -2350.34   |       -2374.27   |        23.9302   |   202:53:00   |   01:54:21   |


Iter        |      Posterior   |     Likelihood   |          Prior   |    elapsed   |        ETA   |
----------------------------------------------------------------------------------------------------
10220       |       -2349.19   |       -2370.97   |        21.7828   |   202:55:56   |   01:53:10   |
10221       |       -2348.39   |       -2371.48   |        23.0855   |   203:08:12   |   01:52:05   |
10222       |        -2352.1   |       -2374.81   |        22.7095   |   203:11:11   |   01:50:54   |
10223       |       -2352.86   |       -2374.05   |        21.1945   |   203:13:52   |   01:49:44   |
10224       |       -2350.31   |       -2371.94   |        21.6389   |   203:17:00   |   01:48:33   |
10225       |       -2350.18   |       -2372.27   |        22.0944   |   203:20:01   |   01:47:23   |
10226       |       -2349.36   |       -2370.43   |        21.0682   |   203:23:27   |   01:46:12   |
10227       |       -2348.82   |       -2369.24   |        20.4175   |   203:26:10   |   01:45:01   |
10228       |       -2349.13   |       -2371.29   |        22.1542   |   203:29:10   |   01:43:51   |
10229       |       -2348.14   |       -2370.82   |        22.6802   |   203:31:53   |   01:42:40   |
10230       |       -2346.06   |       -2368.46   |        22.4008   |   203:34:56   |   01:41:29   |
10231       |        -2347.3   |       -2368.99   |         21.689   |   203:47:28   |   01:40:23   |
10232       |       -2348.95   |       -2371.04   |        22.0998   |   203:50:20   |   01:39:12   |
10233       |       -2348.33   |       -2370.23   |        21.9037   |   203:52:55   |   01:38:01   |
10234       |       -2347.88   |        -2368.7   |        20.8201   |   203:55:35   |   01:36:50   |
10235       |       -2349.55   |       -2369.07   |        19.5205   |   203:58:22   |   01:35:39   |
10236       |       -2356.54   |       -2374.71   |        18.1749   |   204:01:37   |   01:34:28   |
10237       |       -2353.92   |       -2371.43   |        17.5141   |   204:04:57   |   01:33:17   |
10238       |       -2353.92   |       -2371.43   |        17.5141   |   204:08:23   |   01:32:07   |
10239       |       -2353.92   |       -2371.43   |        17.5141   |   204:11:34   |   01:30:56   |


Iter        |      Posterior   |     Likelihood   |          Prior   |    elapsed   |        ETA   |
----------------------------------------------------------------------------------------------------
10240       |       -2353.92   |       -2371.43   |        17.5141   |   204:14:53   |   01:29:45   |
10241       |       -2353.92   |       -2371.43   |        17.5141   |   204:27:32   |   01:28:38   |
10242       |       -2353.92   |       -2371.43   |        17.5141   |   204:30:54   |   01:27:27   |
10243       |       -2353.92   |       -2371.43   |        17.5141   |   204:34:25   |   01:26:16   |
10244       |       -2353.92   |       -2371.43   |        17.5141   |   204:37:40   |   01:25:05   |
10245       |       -2353.92   |       -2371.43   |        17.5141   |   204:41:07   |   01:23:54   |
10246       |       -2349.02   |       -2370.03   |        21.0168   |   204:43:51   |   01:22:43   |
10247       |        -2352.7   |       -2373.02   |        20.3234   |   204:46:47   |   01:21:32   |
10248       |       -2353.95   |       -2374.37   |        20.4204   |   204:49:16   |   01:20:20   |
10249       |       -2357.37   |       -2378.05   |        20.6887   |   204:52:00   |   01:19:09   |
10250       |       -2350.89   |       -2374.19   |        23.3036   |   204:54:40   |   01:17:57   |
10251       |       -2350.77   |        -2373.4   |        22.6285   |   205:06:31   |   01:16:49   |
10252       |       -2352.64   |        -2375.7   |        23.0641   |   205:09:14   |   01:15:38   |
10253       |       -2350.22   |       -2373.63   |        23.4077   |   205:11:56   |   01:14:27   |
10254       |       -2349.49   |        -2372.2   |        22.7162   |   205:14:48   |   01:13:15   |
10255       |       -2349.31   |        -2372.7   |        23.3869   |   205:17:26   |   01:12:04   |
10256       |       -2349.33   |       -2372.84   |        23.5092   |   205:20:09   |   01:10:52   |
10257       |       -2349.33   |       -2372.84   |        23.5092   |   205:23:11   |   01:09:41   |
10258       |       -2350.72   |       -2373.31   |        22.5936   |   205:26:00   |   01:08:29   |
10259       |       -2349.52   |       -2373.26   |        23.7338   |   205:28:38   |   01:07:17   |


Iter        |      Posterior   |     Likelihood   |          Prior   |    elapsed   |        ETA   |
----------------------------------------------------------------------------------------------------
10260       |       -2348.07   |       -2372.18   |        24.1164   |   205:31:04   |   01:06:06   |
10261       |       -2348.57   |       -2372.15   |        23.5826   |   205:42:38   |   01:04:57   |
10262       |       -2349.66   |       -2372.71   |        23.0561   |   205:45:05   |   01:03:45   |
10263       |       -2347.06   |       -2369.48   |        22.4192   |   205:47:41   |   01:02:33   |
10264       |       -2348.03   |       -2370.44   |        22.4178   |   205:50:34   |   01:01:22   |
10265       |       -2350.16   |       -2371.61   |        21.4547   |   205:53:01   |   01:00:10   |
10266       |        -2348.6   |       -2370.57   |        21.9737   |   205:55:34   |   00:58:58   |
10267       |       -2347.68   |       -2370.28   |        22.5946   |   205:58:31   |   00:57:46   |
10268       |        -2348.8   |       -2372.65   |        23.8477   |   206:01:07   |   00:56:34   |
10269       |       -2352.15   |        -2375.2   |        23.0436   |   206:03:48   |   00:55:23   |
10270       |       -2348.22   |       -2371.24   |        23.0148   |   206:06:33   |   00:54:11   |
10271       |       -2350.44   |       -2373.68   |        23.2365   |   206:18:31   |   00:53:01   |
10272       |        -2348.1   |       -2370.41   |        22.3106   |   206:21:16   |   00:51:49   |
10273       |       -2348.57   |       -2372.43   |        23.8595   |   206:23:54   |   00:50:37   |
10274       |       -2351.33   |       -2374.24   |        22.9177   |   206:26:38   |   00:49:25   |
10275       |       -2348.59   |       -2373.89   |        25.3049   |   206:29:14   |   00:48:13   |
10276       |       -2347.54   |       -2371.92   |        24.3779   |   206:31:32   |   00:47:01   |
10277       |        -2347.6   |       -2371.98   |        24.3766   |   206:34:32   |   00:45:49   |
10278       |       -2347.41   |       -2371.24   |        23.8381   |   206:37:09   |   00:44:37   |
10279       |       -2349.06   |       -2372.27   |        23.2068   |   206:40:01   |   00:43:25   |


Iter        |      Posterior   |     Likelihood   |          Prior   |    elapsed   |        ETA   |
----------------------------------------------------------------------------------------------------
10280       |       -2349.72   |       -2372.25   |        22.5268   |   206:42:28   |   00:42:13   |
10281       |        -2349.6   |       -2371.81   |        22.2165   |   206:54:01   |   00:41:03   |
10282       |       -2347.45   |       -2369.59   |        22.1374   |   206:56:54   |   00:39:51   |
10283       |       -2348.17   |       -2371.26   |        23.0922   |   207:00:07   |   00:38:39   |
10284       |       -2345.55   |       -2370.86   |        25.3183   |   207:03:09   |   00:37:26   |
10285       |       -2344.68   |       -2370.17   |        25.4931   |   207:06:07   |   00:36:14   |
10286       |       -2344.26   |       -2369.88   |        25.6249   |   207:08:44   |   00:35:02   |
10287       |       -2343.32   |       -2367.84   |        24.5162   |   207:11:40   |   00:33:50   |
10288       |       -2345.17   |       -2369.46   |          24.29   |   207:14:21   |   00:32:37   |
10289       |       -2344.73   |       -2369.11   |         24.381   |   207:17:15   |   00:31:25   |
10290       |       -2343.49   |        -2367.3   |        23.8046   |   207:20:00   |   00:30:13   |
10291       |       -2344.15   |       -2368.41   |        24.2524   |   207:32:26   |   00:29:02   |
10292       |        -2344.3   |       -2367.85   |        23.5546   |   207:35:21   |   00:27:50   |
10293       |       -2344.12   |       -2367.79   |         23.675   |   207:38:17   |   00:26:37   |
10294       |       -2345.77   |       -2367.88   |        22.1035   |   207:41:00   |   00:25:25   |
10295       |       -2346.33   |       -2368.56   |        22.2371   |   207:44:26   |   00:24:12   |
10296       |       -2345.46   |       -2367.28   |        21.8214   |   207:47:32   |   00:23:00   |
10297       |       -2346.61   |       -2372.33   |        25.7108   |   207:50:22   |   00:21:47   |
10298       |       -2350.41   |       -2375.31   |        24.8979   |   207:53:07   |   00:20:35   |
10299       |       -2345.93   |       -2368.38   |        22.4488   |   207:56:15   |   00:19:22   |


Iter        |      Posterior   |     Likelihood   |          Prior   |    elapsed   |        ETA   |
----------------------------------------------------------------------------------------------------
10300       |       -2347.73   |       -2370.16   |         22.433   |   207:59:33   |   00:18:10   |
10301       |       -2349.83   |        -2372.8   |        22.9768   |   208:12:19   |   00:16:58   |
10302       |       -2352.77   |       -2374.45   |        21.6876   |   208:15:27   |   00:15:46   |
10303       |       -2349.38   |       -2373.63   |        24.2518   |   208:18:41   |   00:14:33   |
10304       |       -2352.75   |       -2375.36   |        22.6097   |   208:21:37   |   00:13:20   |
10305       |       -2350.46   |        -2372.2   |        21.7444   |   208:24:51   |   00:12:08   |
10306       |       -2348.34   |       -2368.67   |        20.3359   |   208:28:11   |   00:10:55   |
10307       |       -2347.84   |       -2370.77   |         22.932   |   208:31:39   |   00:09:42   |
10308       |       -2348.08   |       -2370.42   |        22.3441   |   208:34:54   |   00:08:29   |
10309       |       -2346.56   |       -2369.39   |        22.8232   |   208:38:13   |   00:07:17   |
10310       |       -2346.69   |       -2369.93   |        23.2446   |   208:41:36   |   00:06:04   |
10311       |       -2349.69   |       -2372.93   |        23.2444   |   208:54:02   |   00:04:51   |
10312       |       -2352.53   |       -2373.41   |        20.8755   |   208:57:18   |   00:03:38   |
10313       |       -2350.72   |       -2375.78   |        25.0631   |   209:00:33   |   00:02:25   |
10314       |       -2349.05   |        -2373.7   |        24.6515   |   209:03:44   |   00:01:12   |
10315       |       -2348.86   |       -2373.47   |        24.6073   |   209:07:16   |   00:00:00   |

                  Name                  | Param              |  Weight  |  Tried   | Accepted | Acc. Ratio| Parameters
===============================================================================================================================
Scaling                                  gamma_a                  2.0000      20507      14636      0.7137 lambda = 1.0219
Scaling                                  gamma_b                  2.0000      20637      14519      0.7035 lambda = 0.8892
UpDownScaling                            gamma_a                  1.0000      10313       7081      0.6866 lambda = 0.8838
Scaling                                  delta_a                  2.0000      20698      13841      0.6687 lambda = 0.9380
Scaling                                  delta_b                  2.0000      20794      11851      0.5699 lambda = 0.7341
UpDownScaling                            delta_a                  1.0000      10296       5893      0.5724 lambda = 0.6703
Scaling                                  rho_a                    2.0000      20728      14539      0.7014 lambda = 1.0173
Scaling                                  rho_b                    2.0000      20646      13813      0.6690 lambda = 0.9023
UpDownScaling                            rho_a                    1.0000      10205       6781      0.6645 lambda = 0.7706
Scaling                                  eta_a                    2.0000      20806      13698      0.6584 lambda = 0.9576
Scaling                                  eta_b                    2.0000      20537      14224      0.6926 lambda = 0.9252
UpDownScaling                            eta_a                    1.0000      10331       6552      0.6342 lambda = 0.8528
Scaling                                  alpha                    1.0000      10425       4295      0.4120 lambda = 3.6182
Scaling                                  turnover                 1.0000      10460       4748      0.4539 lambda = 0.1505
Scaling                                  total_speciation         1.0000      10439       4394      0.4209 lambda = 0.1127
BetaSimplex                              relative_clado           5.0000      50920      29287      0.5752 alpha = 19.7801
ElementSwapSimplex                       relative_clado           3.0000      31090       4097      0.1318 
UpDownScaling                            total_speciation         1.0000      10248       5075      0.4952 lambda = 0.3358

