
RevBayes version (1.1.0)
Build from dev_mrm (rapture-477-g991966) on Thu Feb 15 15:42:16 EST 2024

Visit the website www.RevBayes.com for more information about RevBayes.

RevBayes is free software released under the GPL license, version 3. Type 'license()' for details.

To quit RevBayes type 'quit()' or 'q()'.


> source("scripts/pteri/pteri_chromohisse_modelspec_tb_5.rev")
   Processing file "scripts/pteri/pteri_chromohisse_modelspec_tb_5.rev"
   Attempting to read the contents of file "pteridaceae_csomepruned.tree"
   Successfully read file
   Processing file "scripts/chromohisse_tp_mrm_tb.rev"
Anagenic Rates Matrix Built
Cladogenic Rates Matrix Built
All MCMC moves defined
   Warning: simulating tree under uniform model.
   Warning: simulating tree under uniform model.
GHLBDSP
Model clamped
   -2365.559
Defining Model...
Setting monitors...
		monitoring stochasitc character map
Initializing MCMC...
	Intializing from checkpoint
		Continuing main analysis
   Appending to previous MCMC simulation of 7575 iterations
   This simulation runs 1 independent replicate.
   The simulator uses 18 different moves in a random move schedule with 32 moves per iteration

Iter        |      Posterior   |     Likelihood   |          Prior   |    elapsed   |        ETA   |
----------------------------------------------------------------------------------------------------
7576        |       -2351.68   |       -2373.28   |         21.594   |   00:02:56   |   00:01:09   |
7577        |       -2350.29   |       -2374.63   |        24.3343   |   00:05:43   |   00:02:15   |
7578        |       -2350.84   |       -2376.21   |        25.3788   |   00:08:52   |   00:03:30   |
7579        |       -2348.82   |       -2373.27   |        24.4524   |   00:11:49   |   00:04:40   |


Iter        |      Posterior   |     Likelihood   |          Prior   |    elapsed   |        ETA   |
----------------------------------------------------------------------------------------------------
7580        |       -2350.92   |       -2372.49   |        21.5702   |   00:15:01   |   00:05:56   |
7581        |       -2353.37   |       -2376.26   |         22.894   |   00:27:43   |   00:10:56   |
7582        |       -2354.28   |       -2377.81   |        23.5271   |   00:31:01   |   00:12:14   |
7583        |       -2352.28   |       -2374.89   |        22.6095   |   00:34:22   |   00:13:33   |
7584        |       -2350.51   |       -2372.93   |        22.4198   |   00:37:18   |   00:14:42   |
7585        |       -2351.16   |       -2372.65   |        21.4902   |   00:40:24   |   00:15:55   |
7586        |       -2354.13   |       -2376.24   |        22.1064   |   00:43:24   |   00:17:06   |
7587        |       -2353.43   |       -2374.09   |        20.6619   |   00:46:30   |   00:18:18   |
7588        |       -2355.11   |       -2375.21   |         20.098   |   00:49:56   |   00:19:39   |
7589        |       -2350.47   |       -2373.11   |        22.6412   |   00:53:17   |   00:20:57   |
7590        |       -2347.97   |       -2369.82   |        21.8473   |   00:56:20   |   00:22:09   |
7591        |       -2346.52   |       -2369.49   |        22.9694   |   01:08:51   |   00:27:03   |
7592        |       -2346.21   |       -2367.52   |        21.3114   |   01:12:11   |   00:28:21   |
7593        |       -2345.45   |       -2367.29   |        21.8401   |   01:15:16   |   00:29:33   |
7594        |       -2345.13   |       -2367.58   |        22.4556   |   01:18:15   |   00:30:43   |
7595        |       -2349.05   |       -2371.17   |        22.1261   |   01:21:30   |   00:31:58   |
7596        |       -2345.56   |       -2366.69   |        21.1234   |   01:24:55   |   00:33:18   |
7597        |       -2345.68   |       -2365.34   |        19.6616   |   01:28:18   |   00:34:36   |
7598        |       -2345.68   |       -2365.34   |        19.6616   |   01:32:05   |   00:36:04   |
7599        |       -2345.88   |       -2367.07   |        21.1806   |   01:35:53   |   00:37:33   |


Iter        |      Posterior   |     Likelihood   |          Prior   |    elapsed   |        ETA   |
----------------------------------------------------------------------------------------------------
7600        |       -2344.69   |       -2367.28   |        22.5914   |   01:39:17   |   00:38:51   |
7601        |       -2346.22   |       -2368.44   |        22.2176   |   01:52:06   |   00:43:51   |
7602        |        -2346.6   |       -2370.28   |        23.6803   |   01:55:20   |   00:45:06   |
7603        |       -2347.14   |       -2368.89   |        21.7437   |   01:58:21   |   00:46:15   |
7604        |       -2351.25   |       -2369.99   |        18.7409   |   02:01:29   |   00:47:27   |
7605        |       -2345.88   |       -2365.07   |        19.1892   |   02:04:52   |   00:48:45   |
7606        |       -2348.14   |       -2366.39   |        18.2432   |   02:08:03   |   00:49:59   |
7607        |       -2349.11   |       -2369.34   |        20.2308   |   02:11:32   |   00:51:19   |
7608        |       -2351.41   |       -2372.62   |        21.2006   |   02:14:36   |   00:52:29   |
7609        |       -2349.12   |       -2365.69   |        16.5745   |   02:17:57   |   00:53:46   |
7610        |       -2348.28   |       -2366.85   |        18.5703   |   02:21:03   |   00:54:57   |
7611        |       -2350.34   |       -2369.26   |        18.9219   |   02:34:17   |   01:00:05   |
7612        |       -2350.22   |       -2370.85   |        20.6338   |   02:37:31   |   01:01:18   |
7613        |       -2346.47   |       -2369.08   |         22.613   |   02:40:41   |   01:02:31   |
7614        |       -2346.54   |       -2369.62   |         23.076   |   02:43:47   |   01:03:41   |
7615        |       -2343.64   |       -2366.73   |        23.0931   |   02:47:05   |   01:04:56   |
7616        |       -2343.43   |       -2368.96   |        25.5307   |   02:50:19   |   01:06:10   |
7617        |       -2343.95   |       -2368.76   |        24.8128   |   02:53:19   |   01:07:18   |
7618        |       -2348.15   |       -2372.39   |        24.2442   |   02:56:09   |   01:08:22   |
7619        |        -2345.6   |       -2368.85   |        23.2496   |   02:59:18   |   01:09:33   |


Iter        |      Posterior   |     Likelihood   |          Prior   |    elapsed   |        ETA   |
----------------------------------------------------------------------------------------------------
7620        |       -2349.38   |       -2373.31   |        23.9344   |   03:02:19   |   01:10:42   |
7621        |       -2351.01   |       -2374.73   |        23.7199   |   03:15:17   |   01:15:41   |
7622        |       -2351.25   |       -2374.85   |         23.601   |   03:18:32   |   01:16:55   |
7623        |       -2352.55   |       -2374.52   |        21.9757   |   03:21:49   |   01:18:09   |
7624        |       -2349.62   |       -2374.25   |        24.6282   |   03:24:54   |   01:19:18   |
7625        |       -2350.96   |       -2374.44   |        23.4728   |   03:28:13   |   01:20:33   |
7626        |       -2350.96   |       -2374.44   |        23.4728   |   03:31:30   |   01:21:47   |
7627        |       -2350.96   |       -2374.44   |        23.4728   |   03:35:00   |   01:23:06   |
7628        |       -2350.96   |       -2374.44   |        23.4728   |   03:38:16   |   01:24:19   |
7629        |       -2350.96   |       -2374.44   |        23.4728   |   03:41:42   |   01:25:36   |
7630        |       -2350.96   |       -2374.44   |        23.4728   |   03:45:09   |   01:26:54   |
7631        |       -2350.96   |       -2374.44   |        23.4728   |   03:58:06   |   01:31:51   |
7632        |       -2350.96   |       -2374.44   |        23.4728   |   04:01:30   |   01:33:07   |
7633        |       -2350.96   |       -2374.44   |        23.4728   |   04:04:59   |   01:34:25   |
7634        |       -2350.96   |       -2374.44   |        23.4728   |   04:08:34   |   01:35:45   |
7635        |       -2350.96   |       -2374.44   |        23.4728   |   04:11:48   |   01:36:57   |
7636        |       -2350.96   |       -2374.44   |        23.4728   |   04:15:16   |   01:38:14   |
7637        |       -2350.96   |       -2374.44   |        23.4728   |   04:18:40   |   01:39:30   |
7638        |       -2350.96   |       -2374.44   |        23.4728   |   04:22:08   |   01:40:47   |
7639        |       -2350.96   |       -2374.44   |        23.4728   |   04:25:35   |   01:42:04   |


Iter        |      Posterior   |     Likelihood   |          Prior   |    elapsed   |        ETA   |
----------------------------------------------------------------------------------------------------
7640        |       -2350.96   |       -2374.44   |        23.4728   |   04:29:08   |   01:43:23   |
7641        |       -2350.96   |       -2374.44   |        23.4728   |   04:42:17   |   01:48:23   |
7642        |       -2350.96   |       -2374.44   |        23.4728   |   04:45:52   |   01:49:42   |
7643        |       -2350.96   |       -2374.44   |        23.4728   |   04:49:28   |   01:51:02   |
7644        |       -2350.96   |       -2374.44   |        23.4728   |   04:53:04   |   01:52:22   |
7645        |       -2350.96   |       -2374.44   |        23.4728   |   04:56:29   |   01:53:37   |
7646        |       -2350.96   |       -2374.44   |        23.4728   |   04:59:50   |   01:54:51   |
7647        |       -2350.96   |       -2374.44   |        23.4728   |   05:03:11   |   01:56:05   |
7648        |       -2350.96   |       -2374.44   |        23.4728   |   05:06:35   |   01:57:20   |
7649        |       -2350.96   |       -2374.44   |        23.4728   |   05:09:47   |   01:58:30   |
7650        |       -2350.96   |       -2374.44   |        23.4728   |   05:13:21   |   01:59:48   |
7651        |       -2350.96   |       -2374.44   |        23.4728   |   05:26:14   |   02:04:40   |
7652        |       -2350.96   |       -2374.44   |        23.4728   |   05:29:39   |   02:05:55   |
7653        |       -2350.96   |       -2374.44   |        23.4728   |   05:33:06   |   02:07:10   |
7654        |       -2351.93   |       -2375.93   |        24.0066   |   05:36:29   |   02:08:24   |
7655        |       -2351.03   |       -2373.12   |        22.0867   |   05:39:36   |   02:09:32   |
7656        |       -2351.03   |       -2373.12   |        22.0867   |   05:43:11   |   02:10:50   |
7657        |       -2351.57   |       -2373.66   |        22.0864   |   05:46:42   |   02:12:07   |
7658        |        -2350.2   |       -2372.66   |        22.4643   |   05:50:17   |   02:13:25   |
7659        |        -2350.2   |       -2372.66   |        22.4643   |   05:53:36   |   02:14:37   |


Iter        |      Posterior   |     Likelihood   |          Prior   |    elapsed   |        ETA   |
----------------------------------------------------------------------------------------------------
7660        |        -2350.2   |       -2372.66   |        22.4643   |   05:57:04   |   02:15:52   |
7661        |       -2350.24   |       -2373.74   |        23.5047   |   06:10:25   |   02:20:53   |
7662        |       -2350.24   |       -2373.74   |        23.5047   |   06:13:58   |   02:22:10   |
7663        |       -2350.24   |       -2373.74   |        23.5047   |   06:17:40   |   02:23:30   |
7664        |          -2358   |       -2382.89   |         24.897   |   06:21:02   |   02:24:43   |
7665        |       -2350.92   |       -2376.94   |        26.0197   |   06:23:38   |   02:25:38   |
7666        |       -2350.27   |       -2375.48   |        25.2138   |   06:26:41   |   02:26:44   |
7667        |       -2348.14   |       -2371.63   |        23.4908   |   06:29:56   |   02:27:53   |
7668        |       -2349.27   |       -2371.74   |        22.4633   |   06:32:51   |   02:28:55   |
7669        |       -2349.44   |       -2373.53   |        24.0867   |   06:35:35   |   02:29:53   |
7670        |       -2348.04   |       -2373.64   |        25.5991   |   06:38:39   |   02:30:59   |
7671        |       -2346.76   |       -2370.83   |        24.0734   |   06:50:55   |   02:35:33   |
7672        |       -2347.34   |        -2369.7   |        22.3514   |   06:53:44   |   02:36:33   |
7673        |       -2347.44   |       -2368.27   |        20.8377   |   06:56:53   |   02:37:40   |
7674        |       -2345.61   |       -2365.83   |        20.2269   |   07:00:00   |   02:38:46   |
7675        |       -2345.84   |       -2365.42   |        19.5842   |   07:03:09   |   02:39:53   |
7676        |       -2346.87   |       -2369.53   |        22.6607   |   07:06:11   |   02:40:57   |
7677        |       -2348.07   |       -2370.24   |        22.1636   |   07:09:30   |   02:42:07   |
7678        |       -2351.44   |       -2373.16   |        21.7127   |   07:12:43   |   02:43:16   |
7679        |       -2351.75   |       -2375.07   |        23.3203   |   07:15:32   |   02:44:15   |


Iter        |      Posterior   |     Likelihood   |          Prior   |    elapsed   |        ETA   |
----------------------------------------------------------------------------------------------------
7680        |       -2351.14   |       -2373.01   |        21.8646   |   07:18:44   |   02:45:22   |
7681        |       -2351.05   |       -2373.07   |        22.0157   |   07:31:30   |   02:50:06   |
7682        |       -2349.81   |       -2369.59   |        19.7736   |   07:34:45   |   02:51:15   |
7683        |       -2352.74   |       -2373.59   |        20.8525   |   07:37:57   |   02:52:22   |
7684        |       -2347.52   |       -2367.77   |        20.2538   |   07:40:50   |   02:53:22   |
7685        |       -2345.16   |       -2367.39   |        22.2243   |   07:44:05   |   02:54:31   |
7686        |       -2345.16   |       -2367.39   |        22.2243   |   07:47:36   |   02:55:45   |
7687        |       -2345.63   |       -2367.75   |        22.1267   |   07:50:48   |   02:56:52   |
7688        |       -2347.59   |        -2371.8   |        24.2177   |   07:54:00   |   02:57:59   |
7689        |       -2346.04   |       -2370.31   |        24.2681   |   07:56:55   |   02:59:00   |
7690        |       -2346.04   |       -2370.31   |        24.2681   |   07:59:58   |   03:00:03   |
7691        |       -2346.01   |       -2369.58   |        23.5722   |   08:12:11   |   03:04:33   |
7692        |       -2346.87   |       -2369.64   |        22.7667   |   08:15:08   |   03:05:34   |
7693        |       -2346.75   |       -2368.27   |        21.5227   |   08:18:13   |   03:06:38   |
7694        |        -2347.4   |       -2365.67   |        18.2668   |   08:21:10   |   03:07:39   |
7695        |       -2347.87   |          -2367   |        19.1319   |   08:24:24   |   03:08:46   |
7696        |       -2346.59   |       -2365.74   |        19.1481   |   08:27:37   |   03:09:53   |
7697        |       -2345.85   |        -2368.4   |        22.5461   |   08:30:47   |   03:10:59   |
7698        |       -2346.62   |       -2367.24   |        20.6193   |   08:33:26   |   03:11:53   |
7699        |       -2345.61   |       -2368.78   |        23.1675   |   08:36:16   |   03:12:51   |


Iter        |      Posterior   |     Likelihood   |          Prior   |    elapsed   |        ETA   |
----------------------------------------------------------------------------------------------------
7700        |       -2345.84   |       -2369.37   |        23.5256   |   08:39:09   |   03:13:50   |
7701        |       -2350.66   |       -2372.89   |        22.2338   |   08:51:24   |   03:18:19   |
7702        |       -2349.44   |       -2372.51   |        23.0666   |   08:54:32   |   03:19:23   |
7703        |       -2349.47   |        -2372.6   |        23.1335   |   08:57:38   |   03:20:27   |
7704        |       -2350.77   |        -2372.4   |        21.6271   |   09:00:21   |   03:21:22   |
7705        |       -2348.87   |       -2370.97   |        22.1011   |   09:03:01   |   03:22:15   |
7706        |       -2347.47   |       -2368.85   |        21.3822   |   09:06:02   |   03:23:17   |
7707        |       -2349.86   |       -2371.77   |        21.9076   |   09:09:07   |   03:24:20   |
7708        |       -2347.62   |       -2369.54   |        21.9131   |   09:11:57   |   03:25:17   |
7709        |       -2350.21   |       -2372.77   |         22.561   |   09:14:52   |   03:26:17   |
7710        |       -2349.12   |       -2373.29   |        24.1791   |   09:17:47   |   03:27:16   |
7711        |       -2350.69   |       -2373.83   |        23.1412   |   09:29:37   |   03:31:33   |
7712        |       -2350.69   |       -2373.83   |        23.1412   |   09:32:31   |   03:32:32   |
7713        |       -2349.63   |       -2373.34   |        23.7065   |   09:35:21   |   03:33:29   |
7714        |       -2351.16   |       -2374.95   |         23.784   |   09:37:46   |   03:34:17   |
7715        |       -2350.02   |       -2373.38   |        23.3556   |   09:40:27   |   03:35:10   |
7716        |        -2351.8   |       -2375.18   |        23.3841   |   09:43:04   |   03:36:02   |
7717        |        -2349.3   |       -2371.91   |        22.6116   |   09:45:50   |   03:36:57   |
7718        |       -2347.68   |       -2370.03   |        22.3483   |   09:48:42   |   03:37:55   |
7719        |       -2348.13   |       -2371.93   |        23.8015   |   09:51:17   |   03:38:46   |


Iter        |      Posterior   |     Likelihood   |          Prior   |    elapsed   |        ETA   |
----------------------------------------------------------------------------------------------------
7720        |       -2349.38   |       -2374.85   |        25.4677   |   09:53:57   |   03:39:39   |
7721        |        -2351.6   |       -2376.68   |        25.0795   |   10:06:16   |   03:44:06   |
7722        |       -2354.05   |        -2379.3   |        25.2535   |   10:08:47   |   03:44:55   |
7723        |       -2349.68   |       -2373.77   |        24.0853   |   10:11:39   |   03:45:52   |
7724        |       -2348.88   |       -2374.28   |        25.4003   |   10:14:37   |   03:46:51   |
7725        |       -2351.31   |       -2375.63   |        24.3169   |   10:17:57   |   03:47:58   |
7726        |       -2351.41   |       -2373.65   |         22.239   |   10:21:20   |   03:49:07   |
7727        |       -2352.69   |       -2374.21   |        21.5178   |   10:24:54   |   03:50:19   |
7728        |       -2349.16   |       -2374.39   |        25.2228   |   10:28:06   |   03:51:23   |
7729        |          -2350   |       -2375.24   |        25.2433   |   10:31:20   |   03:52:28   |
7730        |       -2349.85   |       -2374.85   |        24.9993   |   10:34:06   |   03:53:22   |
7731        |       -2348.58   |        -2371.6   |        23.0224   |   10:46:13   |   03:57:43   |
7732        |       -2349.41   |       -2370.04   |        20.6243   |   10:49:20   |   03:58:45   |
7733        |       -2347.39   |       -2367.34   |        19.9541   |   10:52:21   |   03:59:44   |
7734        |       -2348.21   |        -2367.4   |        19.1905   |   10:55:21   |   04:00:44   |
7735        |       -2346.73   |       -2366.32   |        19.5919   |   10:58:19   |   04:01:42   |
7736        |       -2349.15   |       -2369.93   |        20.7833   |   11:01:33   |   04:02:46   |
7737        |       -2350.04   |       -2369.43   |        19.3867   |   11:04:17   |   04:03:39   |
7738        |       -2349.49   |       -2367.92   |        18.4318   |   11:06:56   |   04:04:31   |
7739        |       -2348.89   |       -2367.61   |        18.7279   |   11:09:42   |   04:05:24   |


Iter        |      Posterior   |     Likelihood   |          Prior   |    elapsed   |        ETA   |
----------------------------------------------------------------------------------------------------
7740        |       -2348.93   |       -2367.08   |        18.1469   |   11:12:45   |   04:06:24   |
7741        |       -2349.48   |       -2367.52   |        18.0393   |   11:25:45   |   04:11:03   |
7742        |        -2348.6   |       -2367.08   |        18.4835   |   11:28:36   |   04:11:58   |
7743        |        -2347.5   |       -2367.13   |        19.6289   |   11:31:33   |   04:12:56   |
7744        |       -2347.54   |       -2368.72   |        21.1849   |   11:34:35   |   04:13:55   |
7745        |       -2347.83   |       -2367.38   |         19.554   |   11:37:33   |   04:14:52   |
7746        |       -2350.33   |       -2369.28   |        18.9539   |   11:40:41   |   04:15:54   |
7747        |        -2355.8   |       -2369.37   |        13.5699   |   11:43:53   |   04:16:56   |
7748        |       -2352.31   |       -2367.42   |        15.1028   |   11:46:55   |   04:17:55   |
7749        |       -2352.34   |       -2368.83   |        16.4829   |   11:49:43   |   04:18:49   |
7750        |       -2355.18   |       -2371.25   |        16.0682   |   11:52:42   |   04:19:47   |
7751        |       -2353.88   |       -2371.43   |        17.5524   |   12:05:39   |   04:24:23   |
7752        |       -2358.74   |          -2380   |        21.2661   |   12:08:45   |   04:25:23   |
7753        |       -2356.37   |       -2374.24   |        17.8728   |   12:11:43   |   04:26:20   |
7754        |       -2356.81   |       -2373.25   |        16.4384   |   12:14:46   |   04:27:19   |
7755        |       -2351.27   |       -2369.83   |        18.5588   |   12:17:45   |   04:28:16   |
7756        |       -2351.39   |       -2369.91   |        18.5216   |   12:20:55   |   04:29:17   |
7757        |       -2350.46   |       -2370.66   |        20.2054   |   12:23:44   |   04:30:11   |
7758        |       -2350.17   |       -2371.01   |        20.8402   |   12:27:10   |   04:31:18   |
7759        |       -2351.88   |       -2372.72   |        20.8469   |   12:30:18   |   04:32:18   |


Iter        |      Posterior   |     Likelihood   |          Prior   |    elapsed   |        ETA   |
----------------------------------------------------------------------------------------------------
7760        |       -2351.86   |       -2373.36   |        21.5049   |   12:33:38   |   04:33:23   |
7761        |       -2350.71   |       -2373.13   |        22.4121   |   12:46:38   |   04:37:58   |
7762        |       -2354.03   |       -2373.79   |        19.7536   |   12:50:11   |   04:39:07   |
7763        |       -2353.59   |       -2375.85   |         22.253   |   12:53:30   |   04:40:11   |
7764        |       -2351.96   |       -2377.25   |         25.287   |   12:56:38   |   04:41:11   |
7765        |       -2354.64   |       -2377.77   |        23.1231   |   12:59:48   |   04:42:11   |
7766        |       -2353.09   |       -2376.55   |        23.4629   |   13:03:02   |   04:43:13   |
7767        |       -2356.04   |       -2380.88   |        24.8371   |   13:06:12   |   04:44:14   |
7768        |       -2359.34   |       -2383.78   |        24.4356   |   13:09:15   |   04:45:11   |
7769        |       -2357.43   |       -2382.69   |        25.2626   |   13:12:28   |   04:46:13   |
7770        |       -2356.72   |       -2380.82   |        24.0913   |   13:16:04   |   04:47:22   |
7771        |       -2359.26   |       -2384.32   |        25.0681   |   13:28:59   |   04:51:54   |
7772        |       -2354.39   |       -2378.17   |        23.7816   |   13:32:19   |   04:52:57   |
7773        |       -2359.03   |          -2381   |        21.9666   |   13:35:26   |   04:53:56   |
7774        |       -2357.91   |       -2379.78   |        21.8694   |   13:38:32   |   04:54:55   |
7775        |       -2355.46   |       -2379.62   |        24.1537   |   13:42:00   |   04:56:01   |
7776        |       -2356.38   |       -2380.27   |        23.8897   |   13:45:11   |   04:57:01   |
7777        |       -2354.23   |       -2379.65   |        25.4205   |   13:48:31   |   04:58:04   |
7778        |       -2354.09   |       -2377.78   |        23.6834   |   13:51:44   |   04:59:05   |
7779        |       -2354.55   |       -2376.02   |        21.4716   |   13:54:56   |   05:00:05   |


Iter        |      Posterior   |     Likelihood   |          Prior   |    elapsed   |        ETA   |
----------------------------------------------------------------------------------------------------
7780        |       -2355.48   |        -2379.6   |        24.1209   |   13:57:54   |   05:01:01   |
7781        |       -2357.94   |       -2381.51   |        23.5697   |   14:10:38   |   05:05:26   |
7782        |       -2355.47   |       -2378.55   |        23.0834   |   14:13:45   |   05:06:24   |
7783        |       -2355.22   |       -2378.23   |        23.0163   |   14:17:01   |   05:07:26   |
7784        |       -2355.29   |       -2374.71   |        19.4204   |   14:20:17   |   05:08:27   |
7785        |       -2355.12   |        -2376.8   |        21.6849   |   14:23:50   |   05:09:34   |
7786        |       -2358.19   |        -2374.9   |         16.701   |   14:27:11   |   05:10:37   |
7787        |       -2358.04   |       -2374.21   |        16.1728   |   14:30:34   |   05:11:41   |
7788        |        -2359.4   |       -2376.65   |        17.2485   |   14:33:41   |   05:12:39   |
7789        |       -2357.04   |       -2377.58   |        20.5353   |   14:37:01   |   05:13:41   |
7790        |        -2354.8   |       -2374.95   |        20.1454   |   14:40:26   |   05:14:45   |
7791        |       -2354.86   |       -2375.01   |         20.146   |   14:53:42   |   05:19:21   |
7792        |       -2354.86   |       -2375.01   |         20.146   |   14:57:18   |   05:20:28   |
7793        |       -2355.76   |       -2376.34   |        20.5886   |   15:00:58   |   05:21:38   |
7794        |       -2352.89   |       -2372.49   |        19.6005   |   15:04:18   |   05:22:39   |
7795        |       -2354.71   |        -2373.7   |        18.9838   |   15:07:39   |   05:23:42   |
7796        |       -2355.42   |       -2376.79   |        21.3764   |   15:10:52   |   05:24:41   |
7797        |       -2355.79   |       -2371.96   |        16.1776   |   15:14:14   |   05:25:43   |
7798        |       -2359.89   |       -2372.45   |        12.5654   |   15:17:59   |   05:26:54   |
7799        |       -2358.16   |       -2373.06   |        14.9013   |   15:21:35   |   05:28:01   |


Iter        |      Posterior   |     Likelihood   |          Prior   |    elapsed   |        ETA   |
----------------------------------------------------------------------------------------------------
7800        |       -2358.22   |       -2376.36   |         18.136   |   15:24:58   |   05:29:04   |
7801        |       -2356.15   |       -2376.53   |        20.3747   |   15:37:53   |   05:33:30   |
7802        |       -2350.15   |       -2371.05   |        20.8965   |   15:40:54   |   05:34:24   |
7803        |        -2349.7   |       -2372.67   |        22.9745   |   15:43:32   |   05:35:11   |
7804        |       -2347.87   |       -2371.74   |        23.8748   |   15:46:46   |   05:36:10   |
7805        |       -2348.43   |       -2372.49   |        24.0596   |   15:50:02   |   05:37:10   |
7806        |       -2350.88   |       -2377.66   |        26.7809   |   15:53:17   |   05:38:09   |
7807        |       -2351.05   |       -2374.48   |        23.4343   |   15:56:10   |   05:39:00   |
7808        |       -2351.12   |        -2375.4   |        24.2844   |   15:59:34   |   05:40:03   |
7809        |       -2352.48   |        -2370.8   |        18.3122   |   16:02:47   |   05:41:01   |
7810        |       -2353.67   |       -2372.36   |        18.6918   |   16:06:30   |   05:42:10   |
7811        |        -2350.5   |       -2372.69   |        22.1908   |   16:19:19   |   05:46:32   |
7812        |       -2353.52   |       -2372.43   |        18.9147   |   16:22:19   |   05:47:25   |
7813        |       -2354.32   |       -2370.71   |        16.3911   |   16:25:44   |   05:48:28   |
7814        |       -2352.91   |       -2369.35   |         16.432   |   16:29:34   |   05:49:39   |
7815        |       -2352.84   |       -2375.56   |        22.7216   |   16:32:38   |   05:50:33   |
7816        |       -2353.41   |       -2373.63   |        20.2166   |   16:35:57   |   05:51:33   |
7817        |       -2352.22   |       -2375.38   |        23.1604   |   16:39:41   |   05:52:42   |
7818        |       -2353.45   |       -2375.92   |        22.4767   |   16:43:14   |   05:53:47   |
7819        |        -2352.4   |       -2374.86   |        22.4583   |   16:46:23   |   05:54:43   |


Iter        |      Posterior   |     Likelihood   |          Prior   |    elapsed   |        ETA   |
----------------------------------------------------------------------------------------------------
7820        |        -2352.4   |       -2374.86   |        22.4583   |   16:49:58   |   05:55:48   |
7821        |       -2352.87   |       -2376.07   |        23.2034   |   17:03:02   |   06:00:14   |
7822        |       -2352.79   |        -2376.1   |        23.3052   |   17:06:07   |   06:01:08   |
7823        |       -2352.51   |       -2373.79   |        21.2809   |   17:09:30   |   06:02:09   |
7824        |       -2349.36   |        -2370.9   |        21.5445   |   17:12:25   |   06:03:00   |
7825        |       -2352.52   |       -2373.61   |        21.0864   |   17:15:44   |   06:03:59   |
7826        |       -2351.49   |       -2375.76   |        24.2673   |   17:18:59   |   06:04:57   |
7827        |       -2351.16   |        -2375.9   |        24.7332   |   17:22:03   |   06:05:51   |
7828        |       -2351.79   |        -2376.3   |        24.5102   |   17:25:24   |   06:06:51   |
7829        |       -2353.77   |       -2375.84   |        22.0667   |   17:28:15   |   06:07:40   |
7830        |       -2353.77   |       -2375.68   |        21.9125   |   17:31:03   |   06:08:28   |
7831        |       -2355.71   |       -2378.02   |        22.3087   |   17:44:06   |   06:12:51   |
7832        |       -2358.12   |       -2382.04   |        23.9202   |   17:47:07   |   06:13:44   |
7833        |       -2355.37   |       -2378.98   |        23.6177   |   17:50:09   |   06:14:36   |
7834        |       -2357.16   |       -2381.04   |        23.8737   |   17:53:00   |   06:15:25   |
7835        |       -2357.33   |       -2380.21   |        22.8821   |   17:56:04   |   06:16:18   |
7836        |       -2355.75   |       -2378.89   |        23.1407   |   17:58:56   |   06:17:07   |
7837        |       -2352.82   |       -2375.91   |        23.0931   |   18:02:05   |   06:18:02   |
7838        |       -2354.46   |       -2376.96   |        22.5007   |   18:05:06   |   06:18:54   |
7839        |       -2355.22   |        -2377.6   |        22.3745   |   18:07:57   |   06:19:43   |


Iter        |      Posterior   |     Likelihood   |          Prior   |    elapsed   |        ETA   |
----------------------------------------------------------------------------------------------------
7840        |       -2354.24   |          -2372   |        17.7634   |   18:11:13   |   06:20:40   |
7841        |       -2353.47   |       -2371.91   |        18.4407   |   18:24:36   |   06:25:09   |
7842        |       -2351.27   |       -2371.64   |        20.3727   |   18:27:47   |   06:26:04   |
7843        |       -2353.35   |       -2374.68   |        21.3336   |   18:31:04   |   06:27:01   |
7844        |       -2352.98   |       -2373.35   |        20.3688   |   18:34:20   |   06:27:58   |
7845        |       -2353.21   |       -2374.95   |        21.7462   |   18:37:50   |   06:28:59   |
7846        |       -2352.99   |       -2374.63   |        21.6407   |   18:41:03   |   06:29:55   |
7847        |       -2351.19   |       -2371.93   |        20.7393   |   18:44:04   |   06:30:46   |
7848        |       -2354.76   |       -2373.98   |        19.2245   |   18:47:07   |   06:31:38   |
7849        |       -2354.67   |       -2376.13   |        21.4646   |   18:50:20   |   06:32:34   |
7850        |       -2354.46   |       -2377.74   |        23.2758   |   18:53:14   |   06:33:23   |
7851        |       -2359.24   |       -2373.92   |        14.6826   |   19:05:58   |   06:37:36   |
7852        |       -2356.49   |       -2373.18   |        16.6927   |   19:09:27   |   06:38:37   |
7853        |       -2355.85   |       -2374.63   |        18.7811   |   19:13:06   |   06:39:41   |
7854        |       -2353.04   |       -2372.98   |        19.9401   |   19:16:32   |   06:40:40   |
7855        |       -2351.22   |       -2369.03   |        17.8022   |   19:19:47   |   06:41:36   |
7856        |       -2353.54   |       -2374.37   |        20.8323   |   19:22:59   |   06:42:30   |
7857        |       -2354.23   |       -2374.78   |        20.5496   |   19:26:12   |   06:43:25   |
7858        |       -2353.33   |       -2373.72   |        20.3949   |   19:29:18   |   06:44:17   |
7859        |       -2351.58   |       -2373.14   |        21.5581   |   19:32:23   |   06:45:09   |


Iter        |      Posterior   |     Likelihood   |          Prior   |    elapsed   |        ETA   |
----------------------------------------------------------------------------------------------------
7860        |        -2353.5   |       -2374.68   |        21.1796   |   19:35:38   |   06:46:05   |
7861        |       -2353.83   |       -2375.63   |        21.7968   |   19:47:50   |   06:50:05   |
7862        |       -2352.54   |       -2372.02   |        19.4772   |   19:50:48   |   06:50:55   |
7863        |       -2353.99   |       -2371.38   |        17.3892   |   19:53:58   |   06:51:48   |
7864        |       -2351.14   |       -2370.28   |        19.1399   |   19:57:01   |   06:52:39   |
7865        |       -2351.97   |       -2370.99   |        19.0208   |   20:00:02   |   06:53:29   |
7866        |       -2353.71   |       -2373.29   |        19.5874   |   20:03:16   |   06:54:23   |
7867        |        -2352.7   |       -2370.17   |        17.4773   |   20:06:35   |   06:55:20   |
7868        |        -2355.2   |        -2370.7   |        15.5017   |   20:09:51   |   06:56:15   |
7869        |       -2359.17   |       -2370.28   |        11.1127   |   20:13:04   |   06:57:09   |
7870        |       -2355.24   |       -2368.71   |        13.4788   |   20:16:32   |   06:58:08   |
7871        |       -2354.59   |       -2368.03   |        13.4414   |   20:31:09   |   07:02:56   |
7872        |       -2356.25   |       -2370.06   |        13.8157   |   20:34:26   |   07:03:51   |
7873        |       -2359.05   |       -2369.99   |        10.9357   |   20:37:50   |   07:04:49   |
7874        |       -2354.55   |        -2370.3   |        15.7459   |   20:41:24   |   07:05:50   |
7875        |       -2357.87   |       -2373.24   |        15.3758   |   20:44:43   |   07:06:45   |
7876        |       -2351.13   |       -2369.43   |        18.2971   |   20:48:15   |   07:07:45   |
7877        |       -2352.07   |       -2372.88   |        20.8127   |   20:51:16   |   07:08:34   |
7878        |       -2350.43   |       -2367.42   |        16.9879   |   20:54:30   |   07:09:28   |
7879        |       -2353.78   |       -2370.71   |        16.9347   |   20:57:50   |   07:10:23   |


Iter        |      Posterior   |     Likelihood   |          Prior   |    elapsed   |        ETA   |
----------------------------------------------------------------------------------------------------
7880        |       -2351.34   |       -2367.75   |         16.411   |   21:01:08   |   07:11:18   |
7881        |       -2351.34   |       -2367.75   |         16.411   |   21:14:58   |   07:15:49   |
7882        |       -2350.65   |       -2366.78   |        16.1355   |   21:18:46   |   07:16:54   |
7883        |       -2349.52   |       -2367.14   |        17.6152   |   21:22:18   |   07:17:53   |
7884        |       -2351.92   |        -2371.7   |        19.7803   |   21:25:42   |   07:18:50   |
7885        |       -2352.04   |        -2374.3   |        22.2618   |   21:28:39   |   07:19:37   |
7886        |       -2349.64   |       -2371.55   |        21.9151   |   21:31:59   |   07:20:32   |
7887        |       -2351.08   |       -2372.77   |        21.6925   |   21:35:09   |   07:21:24   |
7888        |       -2347.52   |       -2368.52   |        20.9993   |   21:38:15   |   07:22:14   |
7889        |       -2346.94   |       -2368.84   |        21.8948   |   21:41:37   |   07:23:10   |
7890        |       -2348.86   |       -2370.47   |        21.6135   |   21:44:46   |   07:24:01   |
7891        |       -2347.82   |       -2368.04   |        20.2153   |   21:57:19   |   07:28:03   |
7892        |       -2350.41   |       -2370.53   |         20.117   |   22:00:30   |   07:28:55   |
7893        |       -2350.16   |       -2371.45   |        21.2904   |   22:03:54   |   07:29:51   |
7894        |       -2349.29   |       -2369.85   |        20.5549   |   22:07:12   |   07:30:45   |
7895        |       -2350.82   |       -2373.37   |        22.5416   |   22:10:47   |   07:31:44   |
7896        |       -2349.99   |       -2369.28   |        19.2944   |   22:13:52   |   07:32:33   |
7897        |       -2350.77   |       -2369.89   |        19.1245   |   22:17:08   |   07:33:26   |
7898        |       -2348.43   |       -2369.93   |        21.5011   |   22:20:39   |   07:34:24   |
7899        |        -2350.4   |       -2372.21   |         21.812   |   22:23:50   |   07:35:15   |


Iter        |      Posterior   |     Likelihood   |          Prior   |    elapsed   |        ETA   |
----------------------------------------------------------------------------------------------------
7900        |       -2348.95   |       -2370.13   |        21.1857   |   22:26:58   |   07:36:05   |
7901        |       -2346.95   |        -2369.5   |        22.5475   |   22:39:47   |   07:40:12   |
7902        |       -2346.61   |       -2369.16   |        22.5456   |   22:43:12   |   07:41:07   |
7903        |       -2346.32   |       -2370.42   |        24.1045   |   22:46:21   |   07:41:57   |
7904        |        -2346.4   |       -2368.92   |        22.5258   |   22:49:31   |   07:42:48   |
7905        |       -2347.04   |       -2370.87   |        23.8252   |   22:52:39   |   07:43:37   |
7906        |       -2347.81   |       -2366.88   |        19.0744   |   22:55:48   |   07:44:27   |
7907        |        -2352.1   |       -2367.49   |         15.384   |   22:58:54   |   07:45:16   |
7908        |       -2351.87   |          -2366   |        14.1268   |   23:02:18   |   07:46:11   |
7909        |       -2350.39   |       -2365.82   |        15.4355   |   23:05:20   |   07:46:58   |
7910        |        -2348.8   |       -2367.36   |        18.5597   |   23:08:36   |   07:47:50   |
7911        |       -2347.13   |       -2365.59   |        18.4568   |   23:21:23   |   07:51:54   |
7912        |       -2348.97   |       -2366.49   |        17.5179   |   23:24:46   |   07:52:48   |
7913        |       -2348.26   |       -2367.06   |        18.7919   |   23:27:38   |   07:53:32   |
7914        |       -2356.01   |       -2371.58   |        15.5697   |   23:30:52   |   07:54:23   |
7915        |       -2352.47   |       -2367.62   |        15.1489   |   23:34:07   |   07:55:14   |
7916        |       -2353.59   |       -2369.99   |        16.3962   |   23:37:31   |   07:56:08   |
7917        |       -2351.91   |       -2367.62   |        15.7068   |   23:40:48   |   07:57:00   |
7918        |       -2350.67   |       -2369.69   |        19.0167   |   23:44:32   |   07:58:01   |
7919        |       -2349.11   |       -2370.93   |        21.8201   |   23:47:48   |   07:58:52   |


Iter        |      Posterior   |     Likelihood   |          Prior   |    elapsed   |        ETA   |
----------------------------------------------------------------------------------------------------
7920        |       -2349.09   |       -2370.04   |        20.9449   |   23:50:49   |   07:59:38   |
7921        |       -2350.57   |       -2370.15   |        19.5736   |   24:04:04   |   08:03:50   |
7922        |       -2348.02   |       -2369.41   |        21.3862   |   24:07:10   |   08:04:38   |
7923        |       -2348.78   |       -2370.51   |        21.7267   |   24:10:18   |   08:05:26   |
7924        |       -2347.21   |       -2368.23   |         21.022   |   24:13:19   |   08:06:12   |
7925        |       -2346.66   |        -2369.1   |        22.4415   |   24:16:36   |   08:07:03   |
7926        |       -2349.09   |       -2368.94   |         19.849   |   24:19:46   |   08:07:52   |
7927        |        -2352.8   |       -2368.36   |         15.557   |   24:23:11   |   08:08:46   |
7928        |       -2349.14   |        -2366.7   |        17.5597   |   24:26:21   |   08:09:35   |
7929        |       -2349.14   |        -2366.7   |        17.5597   |   24:30:05   |   08:10:35   |
7930        |       -2349.42   |       -2365.59   |        16.1744   |   24:33:36   |   08:11:30   |
7931        |        -2347.1   |       -2366.47   |        19.3752   |   24:47:00   |   08:15:43   |
7932        |       -2347.18   |       -2367.46   |        20.2834   |   24:49:53   |   08:16:26   |
7933        |       -2345.74   |       -2368.19   |        22.4579   |   24:53:14   |   08:17:18   |
7934        |       -2345.45   |       -2369.03   |        23.5783   |   24:56:24   |   08:18:06   |
7935        |       -2350.61   |       -2373.02   |        22.4132   |   24:59:20   |   08:18:49   |
7936        |       -2351.54   |       -2372.47   |        20.9298   |   25:02:22   |   08:19:35   |
7937        |       -2351.02   |       -2373.32   |        22.3008   |   25:05:40   |   08:20:26   |
7938        |       -2349.19   |       -2371.99   |        22.7987   |   25:09:18   |   08:21:23   |
7939        |       -2346.65   |        -2370.2   |        23.5505   |   25:12:39   |   08:22:14   |


Iter        |      Posterior   |     Likelihood   |          Prior   |    elapsed   |        ETA   |
----------------------------------------------------------------------------------------------------
7940        |       -2348.26   |       -2373.58   |         25.314   |   25:15:40   |   08:22:59   |
7941        |       -2345.05   |       -2368.92   |        23.8722   |   25:28:26   |   08:26:58   |
7942        |       -2345.05   |       -2368.92   |        23.8722   |   25:31:47   |   08:27:49   |
7943        |       -2349.94   |       -2373.64   |        23.6994   |   25:35:14   |   08:28:42   |
7944        |        -2351.9   |       -2376.24   |        24.3342   |   25:38:24   |   08:29:30   |
7945        |       -2355.83   |       -2380.51   |         24.671   |   25:41:29   |   08:30:16   |
7946        |       -2352.05   |        -2377.5   |          25.45   |   25:44:38   |   08:31:03   |
7947        |       -2352.18   |        -2377.1   |        24.9239   |   25:47:35   |   08:31:46   |
7948        |       -2354.95   |       -2381.34   |        26.3881   |   25:50:38   |   08:32:31   |
7949        |       -2356.09   |       -2379.28   |        23.1898   |   25:53:42   |   08:33:16   |
7950        |       -2356.23   |       -2379.44   |        23.2157   |   25:57:10   |   08:34:09   |
7951        |       -2354.44   |       -2378.24   |        23.7959   |   26:10:32   |   08:38:18   |
7952        |       -2351.31   |       -2377.31   |        26.0068   |   26:14:01   |   08:39:11   |
7953        |       -2351.88   |       -2370.95   |        19.0686   |   26:16:53   |   08:39:52   |
7954        |       -2350.14   |       -2368.63   |        18.4893   |   26:19:52   |   08:40:35   |
7955        |       -2352.11   |       -2369.02   |        16.9126   |   26:22:55   |   08:41:20   |
7956        |        -2350.5   |       -2367.31   |        16.8124   |   26:26:04   |   08:42:06   |
7957        |       -2350.18   |       -2366.88   |        16.7049   |   26:29:24   |   08:42:56   |
7958        |       -2348.04   |       -2365.57   |        17.5297   |   26:32:52   |   08:43:48   |
7959        |       -2347.52   |       -2367.37   |        19.8455   |   26:36:01   |   08:44:35   |


Iter        |      Posterior   |     Likelihood   |          Prior   |    elapsed   |        ETA   |
----------------------------------------------------------------------------------------------------
7960        |       -2345.98   |       -2366.61   |        20.6266   |   26:38:54   |   08:45:16   |
7961        |       -2348.55   |       -2365.58   |        17.0353   |   26:51:45   |   08:49:13   |
7962        |       -2348.03   |       -2365.85   |        17.8234   |   26:54:39   |   08:49:54   |
7963        |       -2350.16   |       -2367.18   |        17.0179   |   26:57:55   |   08:50:42   |
7964        |        -2347.5   |       -2367.84   |         20.348   |   27:01:05   |   08:51:28   |
7965        |       -2347.64   |       -2369.45   |         21.816   |   27:04:27   |   08:52:18   |
7966        |       -2345.99   |       -2368.17   |        22.1882   |   27:07:30   |   08:53:02   |
7967        |       -2347.37   |       -2366.17   |        18.8038   |   27:10:27   |   08:53:43   |
7968        |       -2344.49   |       -2365.42   |         20.927   |   27:13:30   |   08:54:27   |
7969        |       -2344.98   |       -2366.93   |        21.9488   |   27:16:47   |   08:55:15   |
7970        |       -2346.64   |       -2368.72   |        22.0779   |   27:19:52   |   08:55:59   |
7971        |       -2346.11   |       -2366.89   |        20.7714   |   27:32:45   |   08:59:55   |
7972        |       -2347.44   |       -2367.78   |        20.3466   |   27:36:12   |   09:00:46   |
7973        |       -2348.36   |       -2372.01   |         23.659   |   27:39:49   |   09:01:41   |
7974        |       -2346.74   |       -2369.61   |        22.8709   |   27:42:48   |   09:02:22   |
7975        |       -2343.89   |       -2368.19   |        24.2979   |   27:46:00   |   09:03:08   |
7976        |       -2346.67   |       -2369.49   |         22.822   |   27:48:57   |   09:03:49   |
7977        |        -2345.4   |       -2368.04   |        22.6392   |   27:52:05   |   09:04:34   |
7978        |       -2344.77   |       -2368.35   |        23.5708   |   27:55:14   |   09:05:19   |
7979        |       -2343.64   |       -2367.04   |        23.3971   |   27:58:24   |   09:06:04   |


Iter        |      Posterior   |     Likelihood   |          Prior   |    elapsed   |        ETA   |
----------------------------------------------------------------------------------------------------
7980        |       -2346.61   |       -2370.68   |        24.0702   |   28:01:35   |   09:06:49   |
7981        |        -2345.8   |        -2370.3   |        24.4939   |   28:14:13   |   09:10:39   |
7982        |       -2343.53   |       -2366.73   |        23.1989   |   28:17:09   |   09:11:19   |
7983        |        -2347.1   |       -2369.41   |        22.3094   |   28:19:59   |   09:11:58   |
7984        |       -2344.53   |       -2364.77   |        20.2378   |   28:23:00   |   09:12:39   |
7985        |       -2344.53   |       -2364.77   |        20.2378   |   28:26:13   |   09:13:25   |
7986        |       -2344.69   |        -2364.4   |        19.7045   |   28:29:28   |   09:14:11   |
7987        |       -2343.98   |       -2362.09   |        18.1095   |   28:32:44   |   09:14:58   |
7988        |       -2344.98   |       -2365.58   |        20.6039   |   28:35:50   |   09:15:41   |
7989        |       -2347.82   |       -2367.78   |        19.9641   |   28:38:55   |   09:16:24   |
7990        |       -2345.88   |        -2364.5   |        18.6143   |   28:42:01   |   09:17:07   |
7991        |       -2345.28   |       -2363.45   |        18.1707   |   28:54:44   |   09:20:56   |
7992        |        -2343.7   |       -2361.92   |         18.221   |   28:57:36   |   09:21:35   |
7993        |        -2344.9   |       -2361.01   |        16.1099   |   29:00:45   |   09:22:19   |
7994        |        -2345.4   |       -2362.18   |         16.781   |   29:03:44   |   09:22:59   |
7995        |       -2343.58   |       -2361.45   |        17.8747   |   29:06:47   |   09:23:41   |
7996        |       -2345.23   |       -2363.03   |        17.7996   |   29:10:13   |   09:24:30   |
7997        |        -2346.7   |       -2363.87   |        17.1696   |   29:13:06   |   09:25:08   |
7998        |       -2347.25   |       -2365.51   |        18.2507   |   29:16:06   |   09:25:49   |
7999        |        -2350.5   |       -2370.34   |        19.8373   |   29:19:21   |   09:26:34   |


Iter        |      Posterior   |     Likelihood   |          Prior   |    elapsed   |        ETA   |
----------------------------------------------------------------------------------------------------
8000        |       -2350.53   |       -2370.43   |        19.8999   |   29:22:44   |   09:27:22   |
8001        |       -2349.02   |       -2370.61   |        21.5835   |   29:36:08   |   09:31:23   |
8002        |       -2349.09   |        -2369.7   |        20.6158   |   29:39:20   |   09:32:08   |
8003        |       -2349.14   |       -2369.89   |        20.7579   |   29:42:38   |   09:32:54   |
8004        |       -2351.12   |       -2371.28   |        20.1682   |   29:46:09   |   09:33:44   |
8005        |       -2349.93   |       -2369.79   |        19.8628   |   29:49:22   |   09:34:28   |
8006        |       -2351.54   |       -2369.73   |        18.1885   |   29:52:31   |   09:35:11   |
8007        |       -2351.88   |        -2369.7   |        17.8254   |   29:55:57   |   09:35:59   |
8008        |       -2348.55   |       -2367.14   |        18.5891   |   29:59:08   |   09:36:43   |
8009        |       -2348.52   |       -2367.73   |        19.2151   |   30:02:07   |   09:37:22   |
8010        |       -2353.41   |       -2372.73   |        19.3191   |   30:05:22   |   09:38:07   |
8011        |        -2350.2   |       -2368.57   |         18.368   |   30:18:07   |   09:41:54   |
8012        |       -2352.67   |       -2367.61   |        14.9412   |   30:21:13   |   09:42:35   |
8013        |       -2352.97   |       -2367.78   |        14.8124   |   30:24:24   |   09:43:18   |
8014        |       -2356.79   |       -2373.18   |        16.3902   |   30:27:37   |   09:44:02   |
8015        |       -2357.92   |       -2376.26   |        18.3442   |   30:30:48   |   09:44:45   |
8016        |       -2355.13   |       -2373.14   |        18.0149   |   30:33:25   |   09:45:17   |
8017        |       -2355.57   |       -2373.65   |         18.085   |   30:36:56   |   09:46:06   |
8018        |       -2351.05   |       -2366.57   |        15.5234   |   30:40:12   |   09:46:51   |
8019        |       -2352.13   |       -2366.86   |        14.7293   |   30:43:23   |   09:47:33   |


Iter        |      Posterior   |     Likelihood   |          Prior   |    elapsed   |        ETA   |
----------------------------------------------------------------------------------------------------
8020        |       -2352.85   |       -2365.49   |        12.6425   |   30:46:45   |   09:48:20   |
8021        |       -2353.06   |       -2365.44   |        12.3753   |   31:01:05   |   09:52:35   |
8022        |       -2355.69   |       -2368.49   |        12.8001   |   31:04:55   |   09:53:30   |
8023        |        -2357.5   |       -2368.99   |         11.491   |   31:08:27   |   09:54:19   |
8024        |       -2352.88   |       -2365.37   |         12.487   |   31:11:58   |   09:55:08   |
8025        |       -2355.18   |       -2370.14   |        14.9567   |   31:15:19   |   09:55:53   |
8026        |       -2353.25   |       -2368.28   |        15.0325   |   31:18:57   |   09:56:44   |
8027        |       -2350.44   |       -2365.97   |        15.5342   |   31:22:47   |   09:57:38   |
8028        |       -2346.02   |       -2366.42   |         20.404   |   31:26:15   |   09:58:26   |
8029        |       -2343.77   |       -2364.43   |        20.6656   |   31:29:32   |   09:59:10   |
8030        |       -2343.76   |       -2365.18   |        21.4265   |   31:32:38   |   09:59:50   |
8031        |       -2348.22   |       -2366.34   |        18.1282   |   31:45:32   |   10:03:37   |
8032        |       -2347.25   |       -2368.44   |        21.1923   |   31:48:45   |   10:04:19   |
8033        |        -2349.2   |       -2370.37   |        21.1727   |   31:52:22   |   10:05:09   |
8034        |       -2351.11   |       -2372.57   |        21.4594   |   31:55:35   |   10:05:51   |
8035        |          -2350   |       -2369.37   |        19.3665   |   31:59:22   |   10:06:44   |
8036        |       -2346.07   |       -2365.32   |        19.2499   |   32:02:31   |   10:07:25   |
8037        |       -2344.51   |       -2365.95   |         21.436   |   32:05:42   |   10:08:06   |
8038        |       -2345.55   |       -2367.18   |        21.6323   |   32:08:38   |   10:08:43   |
8039        |       -2348.04   |          -2370   |        21.9564   |   32:11:55   |   10:09:26   |


Iter        |      Posterior   |     Likelihood   |          Prior   |    elapsed   |        ETA   |
----------------------------------------------------------------------------------------------------
8040        |       -2347.28   |       -2368.97   |        21.6831   |   32:15:13   |   10:10:10   |
8041        |       -2347.28   |       -2368.97   |        21.6831   |   32:28:35   |   10:14:04   |
8042        |       -2347.28   |       -2368.97   |        21.6831   |   32:31:59   |   10:14:49   |
8043        |       -2347.28   |       -2368.97   |        21.6831   |   32:35:20   |   10:15:33   |
8044        |       -2347.28   |       -2368.97   |        21.6831   |   32:38:33   |   10:16:14   |
8045        |       -2346.31   |       -2367.92   |        21.6059   |   32:41:32   |   10:16:51   |
8046        |       -2349.46   |       -2371.04   |        21.5782   |   32:44:34   |   10:17:29   |
8047        |        -2347.2   |       -2366.76   |        19.5582   |   32:47:45   |   10:18:10   |
8048        |       -2351.37   |       -2368.81   |        17.4468   |   32:50:54   |   10:18:50   |
8049        |       -2351.87   |       -2370.74   |         18.869   |   32:54:05   |   10:19:31   |
8050        |       -2352.07   |       -2369.93   |         17.865   |   32:57:21   |   10:20:13   |
8051        |       -2352.05   |       -2370.13   |        18.0759   |   33:10:18   |   10:23:57   |
8052        |        -2351.5   |        -2370.5   |        18.9999   |   33:13:33   |   10:24:39   |
8053        |       -2349.54   |        -2368.7   |        19.1645   |   33:16:52   |   10:25:22   |
8054        |       -2352.09   |        -2372.8   |        20.7138   |   33:20:15   |   10:26:06   |
8055        |       -2349.93   |       -2369.67   |        19.7412   |   33:23:33   |   10:26:48   |
8056        |       -2351.72   |       -2370.28   |        18.5608   |   33:26:50   |   10:27:30   |
8057        |       -2350.29   |       -2371.16   |        20.8649   |   33:29:58   |   10:28:09   |
8058        |       -2346.14   |       -2367.14   |        21.0043   |   33:33:09   |   10:28:49   |
8059        |       -2346.41   |       -2367.49   |        21.0825   |   33:36:09   |   10:29:26   |


Iter        |      Posterior   |     Likelihood   |          Prior   |    elapsed   |        ETA   |
----------------------------------------------------------------------------------------------------
8060        |       -2347.49   |       -2368.76   |        21.2698   |   33:39:25   |   10:30:07   |
8061        |       -2347.16   |       -2364.91   |        17.7486   |   33:52:05   |   10:33:44   |
8062        |       -2348.07   |       -2367.16   |          19.09   |   33:55:43   |   10:34:33   |
8063        |       -2347.87   |       -2366.33   |        18.4591   |   33:59:08   |   10:35:17   |
8064        |        -2348.3   |       -2367.22   |        18.9224   |   34:02:20   |   10:35:56   |
8065        |       -2349.67   |       -2368.29   |        18.6217   |   34:05:43   |   10:36:40   |
8066        |       -2348.33   |       -2366.52   |        18.1899   |   34:09:02   |   10:37:22   |
8067        |       -2349.17   |        -2367.1   |        17.9305   |   34:12:06   |   10:37:59   |
8068        |       -2347.18   |       -2364.69   |         17.508   |   34:15:35   |   10:38:44   |
8069        |       -2349.59   |       -2364.98   |        15.3899   |   34:18:56   |   10:39:26   |
8070        |       -2348.41   |       -2364.92   |         16.509   |   34:22:06   |   10:40:05   |
8071        |        -2346.7   |       -2364.31   |        17.6122   |   34:35:21   |   10:43:52   |
8072        |       -2351.58   |       -2362.22   |        10.6417   |   34:38:43   |   10:44:34   |
8073        |       -2351.77   |        -2362.7   |         10.934   |   34:42:07   |   10:45:17   |
8074        |       -2349.31   |       -2361.31   |        11.9952   |   34:45:32   |   10:46:00   |
8075        |       -2347.58   |       -2361.43   |         13.851   |   34:48:52   |   10:46:42   |
8076        |       -2345.61   |       -2363.78   |        18.1743   |   34:52:15   |   10:47:24   |
8077        |       -2348.04   |       -2366.38   |        18.3398   |   34:55:26   |   10:48:03   |
8078        |        -2348.9   |       -2368.14   |        19.2337   |   34:58:37   |   10:48:42   |
8079        |       -2348.46   |       -2366.01   |        17.5419   |   35:01:43   |   10:49:19   |


Iter        |      Posterior   |     Likelihood   |          Prior   |    elapsed   |        ETA   |
----------------------------------------------------------------------------------------------------
8080        |       -2348.81   |        -2365.4   |        16.5919   |   35:04:49   |   10:49:56   |
8081        |       -2348.72   |       -2365.43   |        16.7118   |   35:21:54   |   10:54:52   |
8082        |       -2348.72   |       -2365.43   |        16.7118   |   35:25:26   |   10:55:37   |
8083        |       -2349.59   |       -2365.97   |        16.3809   |   35:28:52   |   10:56:19   |
8084        |       -2346.68   |       -2366.19   |        19.5102   |   35:32:01   |   10:56:57   |
8085        |       -2344.63   |       -2366.92   |        22.2867   |   35:35:23   |   10:57:39   |
8086        |       -2343.25   |        -2365.5   |        22.2456   |   35:38:44   |   10:58:20   |
8087        |       -2343.83   |       -2365.79   |         21.957   |   35:42:11   |   10:59:03   |
8088        |       -2345.79   |       -2367.79   |        21.9944   |   35:45:18   |   10:59:39   |
8089        |       -2347.85   |       -2368.03   |        20.1852   |   35:48:10   |   11:00:11   |
8090        |       -2348.46   |       -2368.92   |        20.4579   |   35:51:40   |   11:00:55   |
8091        |       -2346.55   |       -2365.87   |        19.3262   |   36:04:17   |   11:04:27   |
8092        |       -2350.11   |       -2369.73   |        19.6268   |   36:07:26   |   11:05:04   |
8093        |       -2348.25   |       -2367.64   |        19.3907   |   36:10:46   |   11:05:44   |
8094        |       -2346.21   |       -2365.83   |        19.6196   |   36:14:05   |   11:06:24   |
8095        |       -2347.62   |       -2366.26   |        18.6335   |   36:17:08   |   11:06:59   |
8096        |       -2351.09   |        -2366.8   |        15.7105   |   36:20:22   |   11:07:37   |
8097        |       -2347.98   |       -2365.35   |        17.3752   |   36:23:18   |   11:08:10   |
8098        |       -2349.33   |       -2367.05   |        17.7179   |   36:26:34   |   11:08:49   |
8099        |       -2348.88   |       -2364.56   |        15.6732   |   36:30:11   |   11:09:34   |


Iter        |      Posterior   |     Likelihood   |          Prior   |    elapsed   |        ETA   |
----------------------------------------------------------------------------------------------------
8100        |       -2347.73   |       -2363.42   |        15.6866   |   36:33:42   |   11:10:17   |
8101        |       -2346.32   |       -2365.01   |        18.6816   |   36:46:18   |   11:13:47   |
8102        |       -2348.97   |       -2364.22   |        15.2519   |   36:49:45   |   11:14:29   |
8103        |       -2346.84   |       -2365.24   |        18.3949   |   36:53:19   |   11:15:13   |
8104        |       -2346.79   |       -2366.63   |        19.8404   |   36:56:51   |   11:15:56   |
8105        |       -2347.35   |       -2366.88   |         19.527   |   37:00:07   |   11:16:34   |
8106        |       -2346.15   |       -2363.48   |         17.331   |   37:03:11   |   11:17:09   |
8107        |       -2343.65   |       -2362.69   |        19.0385   |   37:06:22   |   11:17:46   |
8108        |        -2344.8   |       -2364.67   |          19.87   |   37:09:38   |   11:18:24   |
8109        |       -2345.15   |       -2365.72   |        20.5675   |   37:12:57   |   11:19:03   |
8110        |       -2345.03   |       -2363.21   |        18.1839   |   37:16:24   |   11:19:44   |
8111        |       -2345.95   |       -2365.51   |        19.5556   |   37:29:23   |   11:23:19   |
8112        |       -2344.85   |       -2363.95   |        19.1011   |   37:32:51   |   11:24:01   |
8113        |        -2347.5   |       -2360.87   |         13.365   |   37:36:08   |   11:24:39   |
8114        |        -2343.1   |       -2361.82   |        18.7221   |   37:39:30   |   11:25:18   |
8115        |       -2342.52   |        -2363.1   |        20.5802   |   37:42:51   |   11:25:57   |
8116        |       -2345.54   |       -2364.43   |        18.8928   |   37:46:03   |   11:26:34   |
8117        |       -2345.23   |        -2364.6   |        19.3763   |   37:49:27   |   11:27:14   |
8118        |       -2348.09   |       -2369.53   |        21.4417   |   37:52:43   |   11:27:51   |
8119        |       -2346.57   |       -2366.17   |        19.5989   |   37:56:02   |   11:28:30   |


Iter        |      Posterior   |     Likelihood   |          Prior   |    elapsed   |        ETA   |
----------------------------------------------------------------------------------------------------
8120        |       -2346.34   |       -2365.98   |        19.6443   |   37:59:32   |   11:29:11   |
8121        |       -2346.48   |       -2366.17   |        19.6917   |   38:12:42   |   11:32:48   |
8122        |       -2345.34   |       -2364.12   |        18.7798   |   38:16:11   |   11:33:29   |
8123        |       -2347.99   |       -2366.12   |        18.1326   |   38:19:40   |   11:34:10   |
8124        |       -2345.47   |        -2367.5   |        22.0294   |   38:23:14   |   11:34:52   |
8125        |       -2345.72   |       -2368.19   |        22.4717   |   38:26:26   |   11:35:28   |
8126        |       -2345.39   |       -2366.56   |        21.1756   |   38:29:14   |   11:35:57   |
8127        |       -2344.34   |       -2366.78   |         22.445   |   38:32:16   |   11:36:29   |
8128        |       -2343.96   |       -2368.12   |        24.1649   |   38:34:59   |   11:36:56   |
8129        |       -2346.68   |       -2368.26   |        21.5798   |   38:38:03   |   11:37:29   |
8130        |       -2347.53   |       -2367.69   |        20.1602   |   38:41:04   |   11:38:01   |
8131        |        -2347.5   |        -2366.2   |        18.7001   |   38:54:07   |   11:41:35   |
8132        |       -2346.99   |       -2368.46   |        21.4681   |   38:57:20   |   11:42:10   |
8133        |       -2347.43   |       -2369.82   |        22.3949   |   39:00:06   |   11:42:38   |
8134        |       -2346.29   |       -2370.03   |        23.7378   |   39:02:49   |   11:43:04   |
8135        |       -2347.71   |       -2367.94   |        20.2306   |   39:06:03   |   11:43:40   |
8136        |       -2348.63   |       -2369.65   |        21.0225   |   39:09:35   |   11:44:21   |
8137        |       -2347.55   |       -2369.98   |        22.4309   |   39:12:50   |   11:44:57   |
8138        |       -2347.67   |       -2367.95   |        20.2734   |   39:15:57   |   11:45:30   |
8139        |       -2346.75   |       -2364.48   |        17.7322   |   39:19:16   |   11:46:07   |


Iter        |      Posterior   |     Likelihood   |          Prior   |    elapsed   |        ETA   |
----------------------------------------------------------------------------------------------------
8140        |        -2348.8   |       -2365.53   |        16.7302   |   39:22:27   |   11:46:42   |
8141        |       -2349.03   |       -2366.82   |        17.7929   |   39:36:16   |   11:50:27   |
8142        |       -2347.97   |       -2366.35   |        18.3844   |   39:39:49   |   11:51:08   |
8143        |       -2345.33   |       -2365.91   |         20.582   |   39:43:10   |   11:51:45   |
8144        |       -2347.96   |       -2367.04   |        19.0852   |   39:46:23   |   11:52:20   |
8145        |       -2346.96   |       -2365.62   |        18.6635   |   39:49:50   |   11:52:59   |
8146        |       -2346.21   |       -2369.46   |        23.2422   |   39:53:01   |   11:53:33   |
8147        |       -2350.81   |       -2375.02   |        24.2106   |   39:56:14   |   11:54:08   |
8148        |       -2346.89   |       -2370.06   |        23.1681   |   39:59:14   |   11:54:38   |
8149        |       -2345.77   |          -2368   |        22.2312   |   40:02:48   |   11:55:19   |
8150        |       -2348.34   |       -2373.49   |         25.157   |   40:06:21   |   11:55:59   |
8151        |       -2348.04   |        -2370.7   |        22.6554   |   40:18:57   |   11:59:21   |
8152        |       -2347.39   |       -2368.59   |        21.1999   |   40:22:15   |   11:59:57   |
8153        |       -2346.11   |        -2367.7   |        21.5875   |   40:25:12   |   12:00:27   |
8154        |       -2346.43   |       -2368.54   |        22.1064   |   40:28:24   |   12:01:00   |
8155        |       -2347.72   |       -2369.77   |        22.0532   |   40:31:38   |   12:01:35   |
8156        |       -2347.39   |       -2369.98   |        22.5911   |   40:34:37   |   12:02:05   |
8157        |        -2349.9   |       -2372.43   |        22.5274   |   40:37:43   |   12:02:37   |
8158        |        -2348.2   |       -2369.45   |         21.252   |   40:40:42   |   12:03:06   |
8159        |       -2347.13   |       -2372.67   |        25.5433   |   40:43:48   |   12:03:38   |


Iter        |      Posterior   |     Likelihood   |          Prior   |    elapsed   |        ETA   |
----------------------------------------------------------------------------------------------------
8160        |       -2346.71   |       -2370.23   |         23.526   |   40:46:48   |   12:04:08   |
8161        |       -2347.66   |       -2371.22   |        23.5656   |   40:59:29   |   12:07:30   |
8162        |       -2345.46   |       -2369.26   |           23.8   |   41:02:45   |   12:08:04   |
8163        |       -2348.83   |        -2367.9   |        19.0753   |   41:05:53   |   12:08:37   |
8164        |       -2352.38   |       -2372.47   |        20.0899   |   41:09:20   |   12:09:14   |
8165        |       -2345.86   |       -2366.61   |        20.7567   |   41:12:40   |   12:09:50   |
8166        |       -2345.27   |       -2369.42   |        24.1498   |   41:16:05   |   12:10:27   |
8167        |       -2347.51   |       -2370.77   |         23.257   |   41:19:09   |   12:10:57   |
8168        |        -2344.7   |       -2365.97   |        21.2688   |   41:22:13   |   12:11:28   |
8169        |       -2344.84   |       -2365.44   |        20.6011   |   41:25:42   |   12:12:06   |
8170        |       -2347.87   |       -2367.77   |        19.9057   |   41:28:30   |   12:12:32   |
8171        |       -2347.62   |       -2366.78   |        19.1579   |   41:41:07   |   12:15:51   |
8172        |       -2342.91   |       -2361.72   |        18.8119   |   41:44:27   |   12:16:26   |
8173        |       -2342.59   |       -2361.58   |        18.9862   |   41:47:49   |   12:17:02   |
8174        |       -2343.63   |       -2362.82   |        19.1932   |   41:51:28   |   12:17:42   |
8175        |       -2343.63   |       -2362.82   |        19.1932   |   41:54:40   |   12:18:15   |
8176        |       -2343.63   |       -2362.82   |        19.1932   |   41:58:19   |   12:18:55   |
8177        |       -2343.06   |       -2363.88   |        20.8215   |   42:01:21   |   12:19:24   |
8178        |       -2345.15   |       -2366.37   |        21.2226   |   42:04:36   |   12:19:58   |
8179        |       -2347.14   |       -2368.45   |         21.304   |   42:07:57   |   12:20:33   |


Iter        |      Posterior   |     Likelihood   |          Prior   |    elapsed   |        ETA   |
----------------------------------------------------------------------------------------------------
8180        |       -2345.87   |       -2367.08   |         21.211   |   42:10:59   |   12:21:02   |
8181        |       -2346.53   |       -2367.61   |        21.0816   |   42:23:46   |   12:24:22   |
8182        |          -2346   |       -2365.61   |        19.6125   |   42:26:41   |   12:24:49   |
8183        |       -2347.19   |       -2366.84   |         19.656   |   42:30:06   |   12:25:25   |
8184        |       -2347.19   |       -2366.84   |         19.656   |   42:33:46   |   12:26:05   |
8185        |       -2345.21   |       -2364.99   |        19.7858   |   42:36:58   |   12:26:37   |
8186        |       -2345.21   |       -2364.99   |        19.7858   |   42:40:26   |   12:27:14   |
8187        |       -2345.21   |       -2364.99   |        19.7858   |   42:43:59   |   12:27:52   |
8188        |       -2346.16   |       -2365.94   |        19.7859   |   42:47:16   |   12:28:25   |
8189        |       -2346.16   |       -2365.94   |        19.7859   |   42:50:41   |   12:29:00   |
8190        |       -2346.16   |       -2365.94   |        19.7859   |   42:54:16   |   12:29:38   |
8191        |       -2346.16   |       -2365.94   |        19.7859   |   43:07:20   |   12:33:02   |
8192        |       -2344.11   |       -2363.88   |        19.7731   |   43:10:49   |   12:33:39   |
8193        |       -2346.92   |       -2364.22   |        17.2911   |   43:14:11   |   12:34:13   |
8194        |       -2347.89   |       -2365.55   |        17.6556   |   43:17:37   |   12:34:48   |
8195        |       -2347.57   |       -2365.09   |        17.5146   |   43:20:51   |   12:35:20   |
8196        |       -2345.06   |       -2363.82   |        18.7579   |   43:24:16   |   12:35:55   |
8197        |       -2345.11   |          -2364   |        18.8905   |   43:27:39   |   12:36:29   |
8198        |       -2348.68   |       -2367.43   |        18.7551   |   43:30:49   |   12:37:00   |
8199        |       -2346.09   |       -2363.34   |        17.2547   |   43:34:07   |   12:37:32   |


Iter        |      Posterior   |     Likelihood   |          Prior   |    elapsed   |        ETA   |
----------------------------------------------------------------------------------------------------
8200        |       -2346.36   |       -2363.61   |        17.2444   |   43:37:43   |   12:38:10   |
8201        |       -2349.72   |       -2366.14   |        16.4259   |   43:51:25   |   12:41:44   |
8202        |        -2350.4   |       -2365.67   |         15.264   |   43:54:47   |   12:42:17   |
8203        |       -2352.12   |       -2370.66   |        18.5395   |   43:58:05   |   12:42:50   |
8204        |       -2348.04   |       -2365.48   |         17.445   |   44:01:11   |   12:43:18   |
8205        |       -2345.98   |       -2363.55   |        17.5662   |   44:04:21   |   12:43:48   |
8206        |       -2349.85   |        -2363.7   |        13.8514   |   44:07:14   |   12:44:13   |
8207        |        -2348.8   |       -2362.96   |        14.1615   |   44:11:00   |   12:44:54   |
8208        |          -2349   |        -2363.3   |        14.3047   |   44:13:56   |   12:45:20   |
8209        |       -2349.56   |       -2361.38   |        11.8172   |   44:17:13   |   12:45:51   |
8210        |       -2346.71   |       -2364.14   |        17.4245   |   44:20:21   |   12:46:20   |
8211        |       -2349.72   |       -2365.44   |        15.7163   |   44:33:08   |   12:49:36   |
8212        |       -2346.78   |       -2363.84   |        17.0603   |   44:36:15   |   12:50:05   |
8213        |       -2343.29   |       -2361.12   |        17.8345   |   44:39:21   |   12:50:33   |
8214        |       -2342.63   |       -2361.33   |        18.7026   |   44:42:45   |   12:51:07   |
8215        |       -2341.98   |       -2362.95   |        20.9671   |   44:45:29   |   12:51:29   |
8216        |       -2345.08   |       -2363.42   |        18.3388   |   44:48:15   |   12:51:51   |
8217        |       -2343.42   |       -2359.79   |        16.3732   |   44:51:40   |   12:52:25   |
8218        |       -2343.61   |       -2361.75   |        18.1457   |   44:54:35   |   12:52:49   |
8219        |       -2345.16   |        -2364.9   |         19.743   |   44:57:33   |   12:53:15   |


Iter        |      Posterior   |     Likelihood   |          Prior   |    elapsed   |        ETA   |
----------------------------------------------------------------------------------------------------
8220        |       -2345.12   |       -2366.13   |        21.0138   |   45:00:47   |   12:53:45   |
8221        |       -2346.72   |       -2366.65   |        19.9313   |   45:13:37   |   12:57:00   |
8222        |       -2348.45   |       -2368.55   |        20.0939   |   45:16:47   |   12:57:29   |
8223        |       -2348.41   |       -2365.97   |        17.5535   |   45:19:50   |   12:57:56   |
8224        |       -2347.77   |       -2364.75   |        16.9798   |   45:22:56   |   12:58:24   |
8225        |       -2347.77   |       -2364.75   |        16.9798   |   45:26:10   |   12:58:54   |
8226        |       -2350.11   |       -2368.65   |        18.5382   |   45:29:18   |   12:59:22   |
8227        |       -2352.49   |       -2370.77   |         18.274   |   45:32:13   |   12:59:46   |
8228        |        -2345.1   |       -2362.59   |        17.4848   |   45:35:07   |   13:00:10   |
8229        |        -2345.1   |       -2362.59   |        17.4848   |   45:38:33   |   13:00:43   |
8230        |       -2344.57   |       -2362.04   |        17.4692   |   45:41:48   |   13:01:13   |
8231        |       -2343.11   |       -2362.71   |        19.6021   |   45:55:11   |   13:04:36   |
8232        |       -2346.65   |       -2368.14   |        21.4909   |   45:58:25   |   13:05:06   |
8233        |       -2344.46   |       -2363.49   |        19.0316   |   46:01:30   |   13:05:32   |
8234        |       -2346.42   |       -2365.79   |        19.3731   |   46:04:23   |   13:05:56   |
8235        |       -2346.82   |        -2366.4   |        19.5785   |   46:07:24   |   13:06:21   |
8236        |       -2347.32   |        -2366.7   |        19.3759   |   46:10:19   |   13:06:45   |
8237        |       -2345.55   |       -2364.01   |        18.4598   |   46:13:22   |   13:07:11   |
8238        |       -2345.53   |       -2363.99   |        18.4598   |   46:16:45   |   13:07:43   |
8239        |       -2345.77   |       -2362.92   |        17.1495   |   46:19:53   |   13:08:10   |


Iter        |      Posterior   |     Likelihood   |          Prior   |    elapsed   |        ETA   |
----------------------------------------------------------------------------------------------------
8240        |       -2348.36   |       -2364.23   |        15.8728   |   46:22:59   |   13:08:37   |
8241        |        -2348.2   |        -2363.5   |        15.3024   |   46:35:39   |   13:11:46   |
8242        |       -2347.96   |        -2364.1   |        16.1349   |   46:38:59   |   13:12:17   |
8243        |       -2349.65   |       -2367.12   |        17.4669   |   46:42:02   |   13:12:42   |
8244        |       -2347.36   |       -2364.91   |        17.5477   |   46:44:47   |   13:13:03   |
8245        |       -2347.56   |       -2364.28   |        16.7209   |   46:47:47   |   13:13:28   |
8246        |       -2347.59   |       -2364.22   |        16.6355   |   46:50:53   |   13:13:54   |
8247        |       -2346.31   |        -2363.4   |        17.0952   |   46:53:58   |   13:14:20   |
8248        |        -2347.2   |       -2365.39   |        18.1939   |   46:56:58   |   13:14:44   |
8249        |        -2345.3   |       -2364.71   |        19.4056   |   46:59:50   |   13:15:07   |
8250        |       -2347.33   |       -2367.51   |        20.1799   |   47:02:44   |   13:15:29   |
8251        |        -2349.3   |       -2369.38   |        20.0877   |   47:15:28   |   13:18:38   |
8252        |       -2346.92   |       -2367.31   |        20.3897   |   47:18:39   |   13:19:06   |
8253        |       -2346.05   |       -2367.39   |        21.3331   |   47:21:40   |   13:19:30   |
8254        |       -2347.62   |        -2367.7   |        20.0877   |   47:24:41   |   13:19:54   |
8255        |       -2346.49   |       -2366.09   |        19.5951   |   47:28:06   |   13:20:26   |
8256        |       -2348.04   |       -2367.36   |        19.3182   |   47:31:19   |   13:20:53   |
8257        |       -2345.49   |       -2365.18   |         19.689   |   47:34:53   |   13:21:27   |
8258        |       -2345.06   |       -2364.58   |        19.5161   |   47:38:01   |   13:21:53   |
8259        |       -2345.18   |       -2364.98   |        19.8056   |   47:40:51   |   13:22:14   |


Iter        |      Posterior   |     Likelihood   |          Prior   |    elapsed   |        ETA   |
----------------------------------------------------------------------------------------------------
8260        |       -2343.53   |       -2363.25   |        19.7124   |   47:43:48   |   13:22:37   |
8261        |       -2343.53   |       -2363.25   |        19.7124   |   47:56:58   |   13:25:52   |
8262        |       -2343.53   |       -2363.25   |        19.7124   |   48:00:17   |   13:26:21   |
8263        |       -2343.51   |       -2365.63   |        22.1156   |   48:03:30   |   13:26:48   |
8264        |       -2344.63   |       -2365.71   |        21.0777   |   48:06:36   |   13:27:13   |
8265        |       -2346.33   |       -2367.34   |        21.0119   |   48:09:42   |   13:27:38   |
8266        |       -2347.68   |       -2369.11   |        21.4242   |   48:12:46   |   13:28:03   |
8267        |       -2348.41   |       -2367.79   |        19.3766   |   48:15:49   |   13:28:27   |
8268        |       -2351.94   |       -2370.28   |        18.3393   |   48:19:07   |   13:28:56   |
8269        |       -2351.64   |       -2370.96   |        19.3186   |   48:22:28   |   13:29:25   |
8270        |       -2348.29   |       -2370.02   |        21.7225   |   48:26:03   |   13:29:58   |
8271        |       -2347.49   |       -2368.57   |        21.0789   |   48:38:37   |   13:33:01   |
8272        |       -2347.48   |       -2368.51   |        21.0374   |   48:41:58   |   13:33:30   |
8273        |       -2346.22   |       -2366.83   |        20.6147   |   48:44:57   |   13:33:52   |
8274        |       -2348.21   |       -2365.98   |        17.7776   |   48:48:28   |   13:34:24   |
8275        |       -2347.97   |       -2366.12   |         18.151   |   48:51:47   |   13:34:52   |
8276        |       -2348.78   |       -2365.32   |        16.5411   |   48:54:59   |   13:35:18   |
8277        |        -2348.7   |       -2368.62   |         19.922   |   48:58:01   |   13:35:42   |
8278        |       -2348.84   |       -2370.26   |        21.4163   |   49:01:06   |   13:36:06   |
8279        |       -2349.38   |       -2368.27   |        18.8865   |   49:04:46   |   13:36:40   |


Iter        |      Posterior   |     Likelihood   |          Prior   |    elapsed   |        ETA   |
----------------------------------------------------------------------------------------------------
8280        |       -2348.17   |       -2368.38   |        20.2074   |   49:07:57   |   13:37:05   |
8281        |       -2347.98   |        -2370.3   |        22.3124   |   49:20:51   |   13:40:12   |
8282        |       -2345.88   |       -2370.93   |        25.0456   |   49:23:44   |   13:40:33   |
8283        |       -2345.97   |       -2370.63   |        24.6592   |   49:27:01   |   13:41:00   |
8284        |       -2345.73   |        -2370.1   |        24.3782   |   49:30:20   |   13:41:28   |
8285        |       -2346.78   |        -2371.6   |        24.8157   |   49:33:18   |   13:41:49   |
8286        |        -2346.3   |       -2371.45   |        25.1488   |   49:36:26   |   13:42:14   |
8287        |       -2352.17   |        -2376.7   |        24.5305   |   49:39:27   |   13:42:36   |
8288        |       -2355.02   |       -2377.69   |        22.6764   |   49:42:46   |   13:43:04   |
8289        |       -2354.84   |       -2377.28   |        22.4355   |   49:45:38   |   13:43:23   |
8290        |       -2349.99   |       -2372.38   |        22.3907   |   49:49:05   |   13:43:53   |
8291        |       -2348.39   |       -2371.45   |        23.0634   |   50:01:56   |   13:46:58   |
8292        |       -2350.53   |       -2373.76   |        23.2293   |   50:05:12   |   13:47:24   |
8293        |       -2351.54   |        -2373.2   |        21.6574   |   50:08:07   |   13:47:44   |
8294        |       -2352.39   |       -2373.37   |         20.979   |   50:11:13   |   13:48:08   |
8295        |       -2351.75   |       -2372.91   |         21.168   |   50:14:02   |   13:48:27   |
8296        |       -2355.19   |       -2373.37   |        18.1881   |   50:17:09   |   13:48:50   |
8297        |        -2351.8   |       -2369.54   |        17.7359   |   50:20:32   |   13:49:18   |
8298        |       -2350.43   |       -2369.71   |        19.2859   |   50:23:26   |   13:49:38   |
8299        |       -2353.31   |       -2370.77   |        17.4634   |   50:26:54   |   13:50:07   |


Iter        |      Posterior   |     Likelihood   |          Prior   |    elapsed   |        ETA   |
----------------------------------------------------------------------------------------------------
8300        |       -2349.35   |       -2366.47   |        17.1265   |   50:30:00   |   13:50:30   |
8301        |       -2349.62   |       -2367.32   |        17.6987   |   50:42:47   |   13:53:32   |
8302        |       -2350.96   |       -2368.89   |         17.926   |   50:45:59   |   13:53:57   |
8303        |       -2346.66   |       -2367.16   |        20.5005   |   50:48:53   |   13:54:17   |
8304        |       -2350.14   |       -2371.07   |        20.9259   |   50:52:08   |   13:54:42   |
8305        |       -2350.61   |       -2369.08   |         18.463   |   50:55:26   |   13:55:08   |
8306        |       -2349.62   |        -2368.3   |        18.6756   |   50:58:49   |   13:55:35   |
8307        |       -2347.21   |       -2366.56   |        19.3443   |   51:01:59   |   13:55:59   |
8308        |       -2347.21   |       -2366.56   |        19.3443   |   51:05:40   |   13:56:31   |
8309        |       -2347.18   |       -2366.92   |        19.7374   |   51:08:58   |   13:56:57   |
8310        |        -2346.4   |       -2368.07   |        21.6714   |   51:12:04   |   13:57:19   |
8311        |       -2344.88   |       -2365.37   |        20.4974   |   51:24:39   |   14:00:17   |
8312        |       -2343.69   |       -2365.71   |        22.0141   |   51:27:42   |   14:00:38   |
8313        |       -2345.58   |       -2369.69   |        24.1032   |   51:30:51   |   14:01:01   |
8314        |        -2345.8   |       -2368.79   |        22.9912   |   51:33:44   |   14:01:20   |
8315        |       -2346.58   |       -2370.35   |        23.7676   |   51:36:47   |   14:01:41   |
8316        |       -2347.11   |       -2370.78   |        23.6745   |   51:39:54   |   14:02:04   |
8317        |       -2346.21   |       -2370.11   |        23.8991   |   51:42:51   |   14:02:23   |
8318        |       -2348.89   |       -2373.35   |        24.4616   |   51:45:31   |   14:02:38   |
8319        |       -2349.92   |        -2374.8   |        24.8806   |   51:48:35   |   14:03:00   |


Iter        |      Posterior   |     Likelihood   |          Prior   |    elapsed   |        ETA   |
----------------------------------------------------------------------------------------------------
8320        |       -2351.23   |       -2376.16   |        24.9295   |   51:51:14   |   14:03:14   |
8321        |       -2349.14   |       -2373.69   |        24.5544   |   52:03:03   |   14:05:58   |
8322        |        -2348.2   |       -2372.19   |        23.9924   |   52:05:40   |   14:06:12   |
8323        |       -2346.46   |       -2372.47   |        26.0047   |   52:08:33   |   14:06:30   |
8324        |       -2346.24   |       -2372.33   |        26.0842   |   52:11:10   |   14:06:44   |
8325        |       -2348.74   |        -2376.1   |        27.3641   |   52:14:15   |   14:07:05   |
8326        |        -2347.9   |       -2374.63   |        26.7227   |   52:16:58   |   14:07:21   |
8327        |       -2350.17   |       -2376.43   |        26.2566   |   52:19:36   |   14:07:34   |
8328        |       -2353.31   |       -2379.98   |        26.6689   |   52:22:22   |   14:07:51   |
8329        |       -2346.82   |        -2371.3   |        24.4826   |   52:25:29   |   14:08:12   |
8330        |       -2348.36   |       -2371.42   |        23.0643   |   52:28:16   |   14:08:28   |
8331        |       -2349.55   |       -2371.75   |        22.2036   |   52:40:53   |   14:11:24   |
8332        |       -2349.81   |       -2371.82   |        22.0045   |   52:43:50   |   14:11:42   |
8333        |        -2347.5   |       -2370.56   |        23.0574   |   52:46:43   |   14:12:00   |
8334        |       -2346.77   |       -2372.53   |        25.7608   |   52:49:54   |   14:12:22   |
8335        |       -2349.84   |       -2374.96   |        25.1202   |   52:52:58   |   14:12:43   |
8336        |        -2348.2   |        -2373.8   |        25.5989   |   52:56:02   |   14:13:03   |
8337        |       -2346.39   |       -2371.02   |        24.6395   |   52:58:53   |   14:13:20   |
8338        |       -2347.89   |       -2372.56   |        24.6723   |   53:02:02   |   14:13:42   |
8339        |       -2346.52   |       -2370.73   |        24.2083   |   53:04:51   |   14:13:58   |


Iter        |      Posterior   |     Likelihood   |          Prior   |    elapsed   |        ETA   |
----------------------------------------------------------------------------------------------------
8340        |       -2346.02   |       -2370.64   |        24.6233   |   53:08:00   |   14:14:20   |
8341        |       -2347.68   |       -2370.43   |        22.7548   |   53:26:33   |   14:18:49   |
8342        |       -2345.68   |       -2368.65   |        22.9682   |   53:29:56   |   14:19:14   |
8343        |        -2350.9   |       -2373.95   |        23.0555   |   53:33:07   |   14:19:36   |
8344        |       -2347.38   |       -2370.43   |        23.0532   |   53:36:23   |   14:19:59   |
8345        |       -2347.38   |       -2370.43   |        23.0532   |   53:39:34   |   14:20:21   |
8346        |       -2347.38   |       -2370.43   |        23.0532   |   53:43:00   |   14:20:46   |
8347        |       -2347.38   |       -2370.43   |        23.0532   |   53:46:18   |   14:21:10   |
8348        |       -2347.38   |       -2370.43   |        23.0532   |   53:49:36   |   14:21:33   |
8349        |       -2345.79   |       -2368.72   |        22.9338   |   53:52:55   |   14:21:57   |
8350        |       -2345.13   |       -2367.06   |        21.9305   |   53:56:13   |   14:22:20   |
8351        |       -2345.13   |       -2367.06   |        21.9305   |   54:09:22   |   14:25:21   |
8352        |       -2344.69   |       -2367.25   |        22.5585   |   54:12:34   |   14:25:42   |
8353        |       -2347.29   |       -2368.22   |        20.9384   |   54:15:42   |   14:26:03   |
8354        |       -2346.11   |       -2367.01   |        20.9028   |   54:19:02   |   14:26:26   |
8355        |       -2346.11   |       -2367.01   |        20.9028   |   54:22:25   |   14:26:51   |
8356        |       -2344.73   |       -2365.92   |        21.1865   |   54:25:36   |   14:27:12   |
8357        |       -2347.15   |       -2368.76   |        21.6065   |   54:28:37   |   14:27:30   |
8358        |       -2346.41   |       -2368.75   |        22.3316   |   54:32:02   |   14:27:55   |
8359        |       -2346.19   |        -2366.9   |        20.7088   |   54:35:18   |   14:28:17   |


Iter        |      Posterior   |     Likelihood   |          Prior   |    elapsed   |        ETA   |
----------------------------------------------------------------------------------------------------
8360        |       -2345.15   |       -2366.75   |        21.5998   |   54:38:22   |   14:28:36   |
8361        |       -2352.48   |       -2370.05   |        17.5659   |   54:51:37   |   14:31:37   |
8362        |       -2349.24   |       -2366.15   |         16.913   |   54:55:00   |   14:32:01   |
8363        |       -2347.58   |       -2365.85   |        18.2722   |   54:58:25   |   14:32:25   |
8364        |       -2346.25   |       -2365.83   |        19.5868   |   55:01:39   |   14:32:46   |
8365        |       -2346.85   |       -2367.13   |         20.286   |   55:05:14   |   14:33:13   |
8366        |       -2346.95   |          -2366   |        19.0438   |   55:08:24   |   14:33:33   |
8367        |       -2347.44   |       -2367.21   |        19.7669   |   55:11:28   |   14:33:52   |
8368        |       -2346.57   |       -2367.03   |        20.4639   |   55:15:05   |   14:34:19   |
8369        |       -2348.28   |        -2367.8   |        19.5195   |   55:18:12   |   14:34:39   |
8370        |       -2348.38   |       -2367.58   |        19.1986   |   55:21:42   |   14:35:04   |
8371        |        -2346.1   |       -2368.09   |        21.9873   |   55:34:32   |   14:37:56   |
8372        |       -2345.74   |       -2366.43   |        20.6826   |   55:37:41   |   14:38:16   |
8373        |       -2345.74   |       -2366.43   |        20.6826   |   55:41:15   |   14:38:42   |
8374        |       -2345.65   |       -2366.42   |        20.7726   |   55:44:58   |   14:39:10   |
8375        |       -2344.84   |       -2365.48   |        20.6431   |   55:48:23   |   14:39:34   |
8376        |       -2344.96   |       -2365.26   |        20.2969   |   55:51:50   |   14:39:58   |
8377        |       -2346.32   |       -2364.63   |        18.3041   |   55:54:53   |   14:40:16   |
8378        |       -2347.38   |       -2365.83   |        18.4477   |   55:58:11   |   14:40:37   |
8379        |       -2346.79   |       -2365.24   |        18.4464   |   56:01:43   |   14:41:03   |


Iter        |      Posterior   |     Likelihood   |          Prior   |    elapsed   |        ETA   |
----------------------------------------------------------------------------------------------------
8380        |       -2350.97   |       -2369.35   |        18.3801   |   56:04:50   |   14:41:21   |
8381        |       -2350.49   |       -2370.62   |        20.1332   |   56:17:54   |   14:44:16   |
8382        |       -2349.54   |       -2370.79   |        21.2429   |   56:21:11   |   14:44:37   |
8383        |       -2350.03   |       -2373.65   |        23.6194   |   56:24:06   |   14:44:52   |
8384        |       -2349.41   |        -2373.6   |        24.1897   |   56:27:23   |   14:45:13   |
8385        |       -2349.39   |        -2373.6   |        24.2072   |   56:30:28   |   14:45:31   |
8386        |       -2349.08   |       -2371.43   |        22.3502   |   56:33:35   |   14:45:49   |
8387        |       -2349.08   |       -2371.43   |        22.3502   |   56:36:53   |   14:46:10   |
8388        |       -2349.08   |       -2371.43   |        22.3502   |   56:40:29   |   14:46:36   |
8389        |       -2349.35   |       -2369.08   |        19.7292   |   56:43:40   |   14:46:55   |
8390        |        -2350.3   |       -2369.88   |        19.5864   |   56:46:45   |   14:47:13   |
8391        |       -2353.39   |       -2372.53   |        19.1432   |   57:00:06   |   14:50:10   |
8392        |       -2349.35   |       -2365.42   |        16.0752   |   57:03:40   |   14:50:35   |
8393        |       -2353.17   |       -2368.55   |        15.3783   |   57:06:39   |   14:50:51   |
8394        |       -2353.28   |       -2368.23   |        14.9551   |   57:09:40   |   14:51:07   |
8395        |        -2346.6   |        -2363.6   |        16.9929   |   57:13:08   |   14:51:30   |
8396        |        -2346.7   |       -2364.28   |        17.5809   |   57:16:25   |   14:51:50   |
8397        |        -2346.7   |       -2364.28   |        17.5809   |   57:20:01   |   14:52:15   |
8398        |        -2346.7   |       -2364.28   |        17.5809   |   57:23:42   |   14:52:42   |
8399        |        -2349.5   |        -2368.3   |        18.7998   |   57:26:49   |   14:52:59   |


Iter        |      Posterior   |     Likelihood   |          Prior   |    elapsed   |        ETA   |
----------------------------------------------------------------------------------------------------
8400        |       -2350.99   |       -2373.89   |        22.8987   |   57:29:32   |   14:53:10   |
8401        |       -2353.76   |       -2377.48   |        23.7205   |   57:42:05   |   14:55:54   |
8402        |        -2352.2   |       -2377.19   |        24.9886   |   57:45:14   |   14:56:12   |
8403        |       -2349.79   |       -2372.66   |        22.8726   |   57:48:18   |   14:56:28   |
8404        |        -2350.2   |        -2371.4   |        21.1953   |   57:51:27   |   14:56:46   |
8405        |       -2349.44   |       -2369.93   |        20.4974   |   57:54:37   |   14:57:04   |
8406        |       -2349.77   |        -2370.9   |        21.1234   |   57:58:02   |   14:57:26   |
8407        |       -2348.72   |       -2371.16   |        22.4485   |   58:01:05   |   14:57:42   |
8408        |       -2349.86   |       -2370.58   |         20.721   |   58:04:19   |   14:58:00   |
8409        |       -2348.44   |       -2368.97   |        20.5236   |   58:07:36   |   14:58:20   |
8410        |       -2352.32   |       -2373.08   |        20.7637   |   58:10:52   |   14:58:39   |
8411        |       -2347.11   |       -2367.73   |        20.6184   |   58:23:37   |   15:01:25   |
8412        |       -2348.27   |       -2368.83   |         20.562   |   58:26:51   |   15:01:43   |
8413        |       -2345.93   |       -2368.09   |        22.1595   |   58:29:57   |   15:01:59   |
8414        |       -2345.66   |          -2368   |        22.3456   |   58:33:02   |   15:02:15   |
8415        |       -2344.96   |       -2365.93   |        20.9694   |   58:36:09   |   15:02:32   |
8416        |       -2345.56   |        -2367.5   |        21.9378   |   58:39:36   |   15:02:54   |
8417        |       -2344.92   |       -2366.67   |        21.7446   |   58:43:14   |   15:03:18   |
8418        |       -2344.92   |       -2366.67   |        21.7446   |   58:46:41   |   15:03:39   |
8419        |       -2344.92   |       -2366.67   |        21.7446   |   58:50:16   |   15:04:03   |


Iter        |      Posterior   |     Likelihood   |          Prior   |    elapsed   |        ETA   |
----------------------------------------------------------------------------------------------------
8420        |       -2342.93   |       -2364.48   |        21.5466   |   58:53:12   |   15:04:16   |
8421        |        -2344.9   |       -2364.67   |        19.7646   |   59:05:38   |   15:06:56   |
8422        |       -2343.27   |       -2364.73   |        21.4636   |   59:08:23   |   15:07:06   |
8423        |       -2344.66   |       -2367.71   |        23.0488   |   59:11:23   |   15:07:20   |
8424        |        -2347.2   |       -2368.37   |        21.1727   |   59:14:09   |   15:07:31   |
8425        |       -2348.06   |        -2368.8   |        20.7408   |   59:17:18   |   15:07:47   |
8426        |       -2345.84   |       -2366.81   |        20.9635   |   59:20:39   |   15:08:07   |
8427        |       -2345.22   |       -2363.34   |        18.1256   |   59:24:00   |   15:08:26   |
8428        |       -2350.32   |       -2366.39   |        16.0655   |   59:27:30   |   15:08:48   |
8429        |        -2347.7   |       -2363.41   |        15.7112   |   59:30:33   |   15:09:03   |
8430        |       -2347.09   |       -2364.13   |         17.037   |   59:33:52   |   15:09:21   |
8431        |       -2346.42   |       -2363.99   |        17.5743   |   59:47:27   |   15:12:17   |
8432        |       -2349.53   |       -2367.27   |        17.7388   |   59:51:10   |   15:12:41   |
8433        |       -2349.53   |       -2367.27   |        17.7388   |   59:54:44   |   15:13:04   |
8434        |       -2348.11   |       -2365.92   |        17.8095   |   59:57:59   |   15:13:21   |
8435        |       -2346.77   |       -2366.52   |        19.7486   |   60:01:15   |   15:13:39   |
8436        |       -2345.39   |       -2364.47   |        19.0836   |   60:04:39   |   15:13:58   |
8437        |        -2344.1   |       -2364.37   |        20.2677   |   60:08:04   |   15:14:18   |
8438        |       -2342.39   |       -2363.61   |        21.2105   |   60:11:10   |   15:14:33   |
8439        |       -2342.23   |       -2362.24   |        20.0096   |   60:14:23   |   15:14:50   |


Iter        |      Posterior   |     Likelihood   |          Prior   |    elapsed   |        ETA   |
----------------------------------------------------------------------------------------------------
8440        |        -2344.9   |       -2366.27   |        21.3687   |   60:17:28   |   15:15:04   |
8441        |       -2350.04   |       -2371.39   |        21.3536   |   60:29:56   |   15:17:41   |
8442        |       -2349.02   |       -2368.86   |        19.8313   |   60:33:01   |   15:17:56   |
8443        |        -2349.8   |       -2372.06   |        22.2509   |   60:36:20   |   15:18:14   |
8444        |       -2347.47   |       -2367.58   |        20.1039   |   60:39:01   |   15:18:22   |
8445        |       -2345.54   |       -2366.33   |        20.7854   |   60:42:13   |   15:18:38   |
8446        |       -2343.98   |       -2365.39   |        21.4105   |   60:45:29   |   15:18:55   |
8447        |       -2344.59   |       -2365.64   |         21.051   |   60:48:35   |   15:19:09   |
8448        |       -2345.27   |       -2363.66   |        18.3895   |   60:51:29   |   15:19:21   |
8449        |       -2345.27   |       -2363.66   |        18.3895   |   60:55:20   |   15:19:46   |
8450        |       -2344.47   |        -2363.9   |         19.434   |   60:59:03   |   15:20:10   |
8451        |       -2346.76   |       -2365.99   |         19.234   |   61:12:06   |   15:22:54   |
8452        |       -2350.69   |       -2369.54   |        18.8505   |   61:15:08   |   15:23:07   |
8453        |       -2351.14   |       -2372.02   |        20.8871   |   61:18:23   |   15:23:24   |
8454        |        -2348.6   |       -2367.06   |        18.4581   |   61:21:24   |   15:23:36   |
8455        |       -2350.22   |       -2367.27   |        17.0547   |   61:24:41   |   15:23:53   |
8456        |       -2351.01   |       -2368.15   |        17.1351   |   61:27:59   |   15:24:10   |
8457        |       -2350.28   |       -2366.71   |        16.4353   |   61:31:25   |   15:24:29   |
8458        |        -2354.9   |       -2369.67   |        14.7723   |   61:35:16   |   15:24:54   |
8459        |       -2349.54   |       -2363.54   |        14.0019   |   61:38:38   |   15:25:12   |


Iter        |      Posterior   |     Likelihood   |          Prior   |    elapsed   |        ETA   |
----------------------------------------------------------------------------------------------------
8460        |        -2346.4   |       -2363.07   |        16.6721   |   61:41:56   |   15:25:29   |
8461        |       -2349.65   |       -2366.64   |        16.9909   |   61:55:37   |   15:28:21   |
8462        |       -2348.27   |       -2364.36   |        16.0914   |   61:58:42   |   15:28:34   |
8463        |       -2348.81   |       -2366.25   |        17.4402   |   62:01:29   |   15:28:43   |
8464        |       -2345.72   |       -2364.71   |        18.9856   |   62:04:42   |   15:28:58   |
8465        |       -2343.07   |       -2364.03   |         20.969   |   62:07:34   |   15:29:08   |
8466        |       -2343.33   |       -2363.15   |        19.8192   |   62:10:08   |   15:29:13   |
8467        |       -2342.51   |       -2363.92   |        21.4092   |   62:13:25   |   15:29:29   |
8468        |       -2340.93   |       -2363.09   |        22.1565   |   62:17:01   |   15:29:50   |
8469        |        -2344.4   |       -2365.91   |        21.5026   |   62:20:22   |   15:30:07   |
8470        |       -2344.19   |          -2366   |        21.8066   |   62:23:19   |   15:30:18   |
8471        |       -2344.23   |       -2364.63   |        20.3999   |   62:36:02   |   15:32:54   |
8472        |       -2345.74   |       -2365.98   |        20.2395   |   62:39:10   |   15:33:08   |
8473        |       -2344.35   |       -2363.81   |        19.4615   |   62:42:28   |   15:33:24   |
8474        |       -2345.03   |       -2363.97   |        18.9457   |   62:45:46   |   15:33:39   |
8475        |       -2345.66   |       -2364.21   |        18.5515   |   62:48:39   |   15:33:49   |
8476        |       -2347.65   |       -2366.24   |        18.5969   |   62:52:09   |   15:34:08   |
8477        |        -2349.1   |       -2369.29   |        20.1933   |   62:55:12   |   15:34:20   |
8478        |       -2349.44   |       -2370.23   |        20.7934   |   62:58:25   |   15:34:34   |
8479        |       -2349.44   |       -2370.23   |        20.7934   |   63:01:52   |   15:34:52   |


Iter        |      Posterior   |     Likelihood   |          Prior   |    elapsed   |        ETA   |
----------------------------------------------------------------------------------------------------
8480        |       -2349.44   |       -2370.23   |        20.7934   |   63:05:28   |   15:35:12   |
8481        |       -2350.46   |       -2371.66   |        21.1994   |   63:18:34   |   15:37:53   |
8482        |       -2351.17   |       -2370.18   |         19.004   |   63:21:46   |   15:38:06   |
8483        |          -2350   |       -2370.15   |        20.1446   |   63:24:43   |   15:38:17   |
8484        |       -2346.14   |       -2366.94   |        20.7959   |   63:27:45   |   15:38:28   |
8485        |       -2344.87   |       -2366.15   |        21.2772   |   63:30:47   |   15:38:39   |
8486        |       -2344.46   |       -2365.42   |         20.962   |   63:34:00   |   15:38:53   |
8487        |       -2344.66   |        -2366.3   |        21.6416   |   63:37:11   |   15:39:06   |
8488        |       -2344.66   |        -2366.3   |        21.6416   |   63:40:48   |   15:39:26   |
8489        |        -2346.4   |       -2366.03   |        19.6357   |   63:43:58   |   15:39:39   |
8490        |       -2346.71   |       -2366.79   |        20.0759   |   63:47:03   |   15:39:51   |
8491        |       -2346.93   |       -2366.96   |        20.0357   |   63:59:49   |   15:42:25   |
8492        |       -2346.27   |       -2365.91   |        19.6396   |   64:03:18   |   15:42:43   |
8493        |       -2346.15   |       -2366.09   |        19.9412   |   64:06:33   |   15:42:57   |
8494        |       -2344.74   |       -2365.56   |        20.8204   |   64:09:35   |   15:43:08   |
8495        |       -2347.32   |          -2367   |        19.6772   |   64:12:17   |   15:43:13   |
8496        |       -2344.14   |       -2362.06   |        17.9226   |   64:15:10   |   15:43:22   |
8497        |       -2343.59   |       -2360.06   |        16.4696   |   64:18:24   |   15:43:35   |
8498        |       -2343.27   |       -2360.47   |        17.1932   |   64:21:49   |   15:43:52   |
8499        |       -2343.01   |       -2363.11   |        20.1047   |   64:25:07   |   15:44:06   |


Iter        |      Posterior   |     Likelihood   |          Prior   |    elapsed   |        ETA   |
----------------------------------------------------------------------------------------------------
8500        |       -2343.38   |       -2362.96   |        19.5774   |   64:28:32   |   15:44:22   |
8501        |       -2342.91   |       -2362.85   |        19.9431   |   64:41:24   |   15:46:57   |
8502        |       -2347.58   |       -2367.26   |        19.6733   |   64:44:49   |   15:47:12   |
8503        |       -2343.81   |        -2362.8   |        18.9892   |   64:48:20   |   15:47:30   |
8504        |       -2343.29   |       -2364.06   |        20.7678   |   64:51:48   |   15:47:46   |
8505        |       -2343.29   |       -2364.06   |        20.7678   |   64:55:27   |   15:48:05   |
8506        |       -2343.29   |       -2364.06   |        20.7678   |   64:59:13   |   15:48:26   |
8507        |       -2347.98   |       -2371.72   |        23.7374   |   65:02:27   |   15:48:39   |
8508        |       -2346.65   |       -2370.95   |        24.2923   |   65:05:48   |   15:48:54   |
8509        |       -2347.58   |       -2372.09   |         24.505   |   65:09:00   |   15:49:06   |
8510        |       -2346.08   |       -2370.54   |        24.4618   |   65:11:47   |   15:49:12   |
8511        |       -2349.95   |       -2374.24   |        24.2901   |   65:24:11   |   15:51:39   |
8512        |       -2348.22   |       -2372.55   |         24.322   |   65:26:53   |   15:51:44   |
8513        |       -2349.52   |       -2371.85   |        22.3307   |   65:29:24   |   15:51:46   |
8514        |       -2346.06   |       -2366.67   |        20.6086   |   65:31:48   |   15:51:46   |
8515        |       -2345.71   |       -2366.21   |        20.4994   |   65:34:54   |   15:51:57   |
8516        |       -2345.86   |       -2365.22   |        19.3663   |   65:38:04   |   15:52:08   |
8517        |       -2344.85   |       -2364.42   |        19.5768   |   65:41:32   |   15:52:24   |
8518        |       -2344.85   |       -2364.42   |        19.5768   |   65:45:07   |   15:52:42   |
8519        |       -2349.01   |       -2368.22   |        19.2119   |   65:48:37   |   15:52:58   |


Iter        |      Posterior   |     Likelihood   |          Prior   |    elapsed   |        ETA   |
----------------------------------------------------------------------------------------------------
8520        |       -2346.89   |       -2366.06   |        19.1755   |   65:51:57   |   15:53:11   |
8521        |       -2346.79   |       -2367.55   |        20.7564   |   66:04:36   |   15:55:40   |
8522        |       -2346.99   |       -2366.76   |        19.7691   |   66:07:28   |   15:55:47   |
8523        |       -2347.05   |       -2370.87   |        23.8177   |   66:10:34   |   15:55:57   |
8524        |       -2348.22   |       -2370.85   |        22.6327   |   66:13:26   |   15:56:03   |
8525        |        -2346.7   |       -2367.66   |        20.9572   |   66:16:31   |   15:56:13   |
8526        |       -2348.73   |       -2368.02   |        19.2892   |   66:19:39   |   15:56:24   |
8527        |       -2350.44   |       -2366.87   |        16.4337   |   66:23:00   |   15:56:37   |
8528        |        -2349.7   |       -2367.15   |        17.4436   |   66:26:48   |   15:56:57   |
8529        |       -2350.93   |       -2363.57   |        12.6452   |   66:30:24   |   15:57:14   |
8530        |       -2346.69   |       -2364.39   |        17.7076   |   66:33:53   |   15:57:30   |
8531        |       -2347.62   |       -2365.43   |        17.8042   |   66:47:16   |   16:00:07   |
8532        |       -2348.56   |       -2366.46   |        17.8986   |   66:50:39   |   16:00:21   |
8533        |       -2344.86   |       -2366.08   |         21.215   |   66:53:53   |   16:00:32   |
8534        |       -2344.91   |       -2365.89   |        20.9782   |   66:57:14   |   16:00:45   |
8535        |       -2345.81   |       -2366.33   |        20.5191   |   67:00:16   |   16:00:54   |
8536        |       -2344.11   |       -2363.66   |        19.5457   |   67:03:21   |   16:01:03   |
8537        |       -2345.49   |       -2367.17   |        21.6746   |   67:06:31   |   16:01:13   |
8538        |       -2344.07   |       -2365.24   |        21.1669   |   67:09:33   |   16:01:22   |
8539        |       -2345.43   |       -2364.53   |        19.1018   |   67:12:39   |   16:01:31   |


Iter        |      Posterior   |     Likelihood   |          Prior   |    elapsed   |        ETA   |
----------------------------------------------------------------------------------------------------
8540        |       -2345.49   |       -2362.59   |         17.103   |   67:15:43   |   16:01:40   |
8541        |       -2345.03   |       -2359.06   |        14.0291   |   67:28:22   |   16:04:05   |
8542        |       -2347.05   |        -2360.7   |         13.652   |   67:31:18   |   16:04:12   |
8543        |       -2345.66   |       -2359.37   |        13.7103   |   67:34:40   |   16:04:25   |
8544        |       -2349.65   |       -2363.02   |        13.3642   |   67:37:49   |   16:04:35   |
8545        |       -2351.04   |       -2365.98   |          14.94   |   67:41:04   |   16:04:46   |
8546        |       -2352.58   |       -2366.24   |        13.6672   |   67:44:17   |   16:04:56   |
8547        |        -2351.1   |       -2365.26   |         14.163   |   67:47:46   |   16:05:11   |
8548        |       -2350.17   |       -2365.52   |        15.3443   |   67:51:02   |   16:05:22   |
8549        |       -2351.86   |       -2363.78   |        11.9183   |   67:54:27   |   16:05:35   |
8550        |       -2346.42   |       -2362.21   |        15.7905   |   67:57:31   |   16:05:43   |
8551        |       -2347.06   |       -2361.67   |        14.6121   |   68:10:49   |   16:08:17   |
8552        |       -2343.76   |       -2360.98   |        17.2215   |   68:14:27   |   16:08:33   |
8553        |       -2344.73   |        -2363.5   |        18.7651   |   68:17:41   |   16:08:43   |
8554        |       -2343.76   |       -2362.64   |        18.8836   |   68:20:58   |   16:08:54   |
8555        |       -2343.02   |       -2360.63   |        17.6192   |   68:24:16   |   16:09:05   |
8556        |       -2345.05   |       -2362.56   |        17.5183   |   68:27:03   |   16:09:09   |
8557        |       -2344.46   |       -2361.76   |        17.3023   |   68:29:53   |   16:09:14   |
8558        |       -2349.38   |       -2366.82   |        17.4357   |   68:33:07   |   16:09:24   |
8559        |       -2347.89   |       -2365.39   |        17.4937   |   68:36:09   |   16:09:31   |


Iter        |      Posterior   |     Likelihood   |          Prior   |    elapsed   |        ETA   |
----------------------------------------------------------------------------------------------------
8560        |       -2348.85   |       -2370.52   |        21.6713   |   68:38:54   |   16:09:34   |
8561        |       -2352.25   |       -2374.46   |        22.2172   |   68:51:41   |   16:11:59   |
8562        |       -2352.14   |       -2374.15   |        22.0096   |   68:54:45   |   16:12:06   |
8563        |       -2352.14   |        -2373.9   |        21.7604   |   68:58:15   |   16:12:20   |
8564        |       -2348.77   |       -2370.91   |        22.1451   |   69:01:41   |   16:12:33   |
8565        |       -2346.59   |       -2367.63   |        21.0342   |   69:04:50   |   16:12:41   |
8566        |       -2350.48   |       -2374.16   |        23.6764   |   69:08:00   |   16:12:50   |
8567        |       -2351.29   |       -2376.39   |        25.0955   |   69:11:25   |   16:13:02   |
8568        |       -2350.66   |        -2375.9   |        25.2361   |   69:14:57   |   16:13:16   |
8569        |       -2349.92   |       -2373.74   |        23.8147   |   69:18:18   |   16:13:27   |
8570        |       -2348.47   |       -2372.23   |        23.7517   |   69:21:35   |   16:13:37   |
8571        |        -2348.4   |       -2372.51   |        24.1038   |   69:34:21   |   16:16:00   |
8572        |       -2350.41   |       -2374.74   |        24.3269   |   69:37:39   |   16:16:10   |
8573        |       -2350.73   |       -2373.89   |        23.1574   |   69:41:11   |   16:16:24   |
8574        |       -2349.95   |       -2372.65   |        22.6984   |   69:44:39   |   16:16:36   |
8575        |       -2348.37   |       -2371.08   |        22.7104   |   69:48:14   |   16:16:50   |
8576        |       -2348.27   |       -2368.68   |        20.4061   |   69:51:33   |   16:17:01   |
8577        |       -2348.27   |       -2368.68   |        20.4061   |   69:55:11   |   16:17:15   |
8578        |       -2348.27   |       -2368.68   |        20.4061   |   69:58:32   |   16:17:26   |
8579        |       -2348.27   |       -2368.68   |        20.4061   |   70:02:00   |   16:17:38   |


Iter        |      Posterior   |     Likelihood   |          Prior   |    elapsed   |        ETA   |
----------------------------------------------------------------------------------------------------
8580        |       -2346.92   |       -2367.12   |         20.202   |   70:05:28   |   16:17:50   |
8581        |       -2346.92   |       -2367.12   |         20.202   |   70:18:57   |   16:20:22   |
8582        |       -2346.92   |       -2367.12   |         20.202   |   70:22:44   |   16:20:38   |
8583        |       -2346.92   |       -2367.12   |         20.202   |   70:26:24   |   16:20:53   |
8584        |       -2346.92   |       -2367.12   |         20.202   |   70:30:02   |   16:21:07   |
8585        |       -2346.92   |       -2367.12   |         20.202   |   70:33:56   |   16:21:25   |
8586        |       -2349.68   |       -2369.79   |        20.1111   |   70:37:20   |   16:21:36   |
8587        |       -2347.01   |       -2367.62   |        20.6134   |   70:41:04   |   16:21:51   |
8588        |       -2349.15   |       -2369.08   |        19.9345   |   70:44:24   |   16:22:01   |
8589        |       -2347.55   |        -2368.7   |        21.1461   |   70:47:40   |   16:22:10   |
8590        |       -2347.02   |       -2366.19   |        19.1692   |   70:51:11   |   16:22:22   |
8591        |       -2351.38   |       -2371.31   |        19.9312   |   71:04:38   |   16:24:52   |
8592        |       -2351.83   |       -2373.43   |        21.5921   |   71:07:49   |   16:24:59   |
8593        |       -2350.17   |       -2374.53   |        24.3576   |   71:10:47   |   16:25:04   |
8594        |       -2349.62   |       -2373.52   |        23.8972   |   71:14:01   |   16:25:12   |
8595        |       -2350.47   |       -2372.89   |        22.4222   |   71:17:13   |   16:25:19   |
8596        |       -2348.44   |       -2371.46   |        23.0179   |   71:20:22   |   16:25:26   |
8597        |       -2349.59   |       -2368.89   |         19.306   |   71:23:40   |   16:25:35   |
8598        |       -2349.06   |       -2367.61   |        18.5533   |   71:26:49   |   16:25:41   |
8599        |        -2347.7   |       -2367.49   |         19.791   |   71:29:57   |   16:25:48   |


Iter        |      Posterior   |     Likelihood   |          Prior   |    elapsed   |        ETA   |
----------------------------------------------------------------------------------------------------
8600        |       -2345.03   |       -2367.71   |        22.6789   |   71:33:11   |   16:25:56   |
8601        |       -2346.11   |       -2366.07   |        19.9594   |   71:46:03   |   16:28:16   |
8602        |       -2352.07   |       -2371.34   |        19.2707   |   71:49:06   |   16:28:21   |
8603        |       -2345.67   |       -2367.51   |        21.8451   |   71:52:27   |   16:28:30   |
8604        |       -2345.51   |       -2367.32   |        21.8097   |   71:55:29   |   16:28:35   |
8605        |       -2349.44   |       -2368.06   |        18.6143   |   71:58:21   |   16:28:37   |
8606        |       -2346.09   |       -2368.69   |        22.6048   |   72:01:30   |   16:28:43   |
8607        |       -2345.85   |       -2368.64   |         22.798   |   72:04:43   |   16:28:51   |
8608        |       -2345.24   |       -2367.87   |        22.6316   |   72:07:46   |   16:28:55   |
8609        |       -2345.45   |       -2369.62   |        24.1687   |   72:11:02   |   16:29:03   |
8610        |       -2346.27   |       -2367.74   |        21.4665   |   72:14:22   |   16:29:12   |
8611        |       -2347.25   |       -2368.98   |         21.735   |   72:27:04   |   16:31:28   |
8612        |       -2346.46   |       -2369.33   |        22.8653   |   72:30:05   |   16:31:32   |
8613        |       -2345.98   |       -2368.55   |        22.5669   |   72:33:30   |   16:31:42   |
8614        |       -2349.87   |       -2373.32   |        23.4528   |   72:37:05   |   16:31:54   |
8615        |       -2348.42   |       -2372.13   |        23.7098   |   72:40:34   |   16:32:04   |
8616        |       -2349.34   |        -2372.5   |        23.1603   |   72:43:30   |   16:32:07   |
8617        |        -2345.1   |       -2367.86   |        22.7619   |   72:46:47   |   16:32:14   |
8618        |       -2349.09   |       -2371.59   |        22.5038   |   72:50:08   |   16:32:22   |
8619        |       -2347.82   |       -2372.97   |        25.1543   |   72:53:29   |   16:32:31   |


Iter        |      Posterior   |     Likelihood   |          Prior   |    elapsed   |        ETA   |
----------------------------------------------------------------------------------------------------
8620        |       -2349.62   |       -2374.77   |        25.1507   |   72:56:56   |   16:32:40   |
8621        |       -2350.04   |       -2375.78   |        25.7421   |   73:09:44   |   16:34:57   |
8622        |       -2348.93   |       -2373.21   |         24.283   |   73:12:42   |   16:35:00   |
8623        |       -2350.05   |       -2372.47   |        22.4178   |   73:16:09   |   16:35:09   |
8624        |       -2353.19   |       -2375.44   |        22.2515   |   73:19:29   |   16:35:17   |
8625        |       -2347.86   |       -2370.75   |        22.8959   |   73:22:44   |   16:35:24   |
8626        |       -2350.79   |       -2372.29   |         21.504   |   73:26:05   |   16:35:31   |
8627        |       -2350.16   |       -2369.06   |        18.8942   |   73:29:29   |   16:35:40   |
8628        |       -2349.74   |       -2368.83   |        19.0904   |   73:32:42   |   16:35:46   |
8629        |       -2348.28   |       -2370.22   |         21.936   |   73:35:57   |   16:35:52   |
8630        |       -2346.47   |       -2369.35   |        22.8875   |   73:39:09   |   16:35:58   |
8631        |       -2349.59   |       -2369.56   |         19.975   |   73:52:02   |   16:38:14   |
8632        |       -2350.06   |       -2370.82   |        20.7574   |   73:55:28   |   16:38:23   |
8633        |       -2349.82   |       -2370.42   |        20.6041   |   73:58:31   |   16:38:26   |
8634        |       -2346.76   |       -2368.63   |        21.8754   |   74:01:52   |   16:38:34   |
8635        |       -2348.58   |       -2370.46   |        21.8837   |   74:05:02   |   16:38:39   |
8636        |       -2348.58   |       -2370.46   |        21.8837   |   74:08:42   |   16:38:50   |
8637        |       -2350.16   |       -2371.71   |        21.5494   |   74:12:06   |   16:38:58   |
8638        |       -2351.03   |       -2373.03   |        22.0041   |   74:15:05   |   16:39:00   |
8639        |       -2349.24   |       -2372.16   |        22.9185   |   74:18:00   |   16:39:02   |


Iter        |      Posterior   |     Likelihood   |          Prior   |    elapsed   |        ETA   |
----------------------------------------------------------------------------------------------------
8640        |        -2348.1   |       -2369.67   |         21.575   |   74:21:04   |   16:39:05   |
8641        |       -2348.98   |       -2371.54   |        22.5596   |   74:33:55   |   16:41:20   |
8642        |       -2349.63   |       -2372.53   |        22.9019   |   74:36:37   |   16:41:18   |
8643        |       -2348.47   |       -2369.59   |         21.118   |   74:39:03   |   16:41:13   |
8644        |       -2348.95   |       -2370.08   |        21.1306   |   74:42:04   |   16:41:15   |
8645        |       -2351.49   |       -2369.63   |        18.1418   |   74:45:04   |   16:41:17   |
8646        |       -2351.96   |       -2369.62   |        17.6631   |   74:47:55   |   16:41:17   |
8647        |       -2350.84   |       -2368.45   |        17.6095   |   74:51:14   |   16:41:23   |
8648        |       -2350.65   |       -2369.46   |        18.8058   |   74:54:15   |   16:41:26   |
8649        |       -2350.55   |       -2372.13   |        21.5848   |   74:57:18   |   16:41:28   |
8650        |       -2351.52   |       -2372.35   |        20.8339   |   75:00:50   |   16:41:37   |
8651        |       -2351.65   |       -2372.11   |        20.4615   |   75:13:55   |   16:43:54   |
8652        |       -2359.35   |       -2375.22   |        15.8742   |   75:16:55   |   16:43:55   |
8653        |       -2352.83   |       -2371.74   |         18.901   |   75:20:08   |   16:44:00   |
8654        |       -2354.76   |       -2375.15   |        20.3956   |   75:22:58   |   16:44:00   |
8655        |       -2350.73   |       -2371.87   |        21.1405   |   75:25:56   |   16:44:01   |
8656        |       -2353.47   |       -2375.02   |        21.5428   |   75:28:40   |   16:43:59   |
8657        |       -2354.09   |       -2377.15   |        23.0673   |   75:32:02   |   16:44:05   |
8658        |       -2349.87   |       -2369.81   |        19.9395   |   75:34:45   |   16:44:03   |
8659        |       -2349.87   |       -2369.81   |        19.9395   |   75:38:11   |   16:44:10   |


Iter        |      Posterior   |     Likelihood   |          Prior   |    elapsed   |        ETA   |
----------------------------------------------------------------------------------------------------
8660        |       -2350.05   |       -2370.03   |        19.9733   |   75:41:29   |   16:44:15   |
8661        |       -2349.85   |       -2370.34   |        20.4833   |   75:54:01   |   16:46:23   |
8662        |       -2350.96   |       -2371.18   |         20.225   |   75:57:22   |   16:46:29   |
8663        |       -2350.69   |       -2371.17   |        20.4745   |   76:00:19   |   16:46:30   |
8664        |       -2350.72   |        -2370.9   |        20.1782   |   76:03:36   |   16:46:35   |
8665        |       -2349.58   |       -2370.82   |        21.2394   |   76:06:40   |   16:46:36   |
8666        |       -2349.94   |        -2370.2   |        20.2588   |   76:09:58   |   16:46:42   |
8667        |       -2350.02   |       -2370.38   |        20.3612   |   76:13:15   |   16:46:46   |
8668        |       -2351.78   |       -2371.73   |        19.9505   |   76:16:16   |   16:46:47   |
8669        |       -2355.02   |       -2375.49   |        20.4627   |   76:19:26   |   16:46:51   |
8670        |       -2355.02   |       -2375.49   |        20.4627   |   76:22:53   |   16:46:57   |
8671        |       -2353.97   |       -2376.48   |        22.5036   |   76:35:36   |   16:49:06   |
8672        |       -2353.12   |       -2376.11   |        22.9964   |   76:38:33   |   16:49:06   |
8673        |        -2355.8   |       -2377.86   |        22.0585   |   76:41:38   |   16:49:08   |
8674        |       -2355.68   |       -2378.44   |        22.7674   |   76:44:55   |   16:49:13   |
8675        |       -2354.81   |       -2380.11   |        25.2928   |   76:47:54   |   16:49:13   |
8676        |       -2355.01   |       -2379.15   |        24.1476   |   76:50:52   |   16:49:13   |
8677        |       -2356.76   |       -2381.25   |        24.4893   |   76:53:45   |   16:49:12   |
8678        |       -2352.58   |       -2374.46   |        21.8773   |   76:56:35   |   16:49:10   |
8679        |       -2351.53   |       -2373.56   |        22.0277   |   76:59:42   |   16:49:12   |


Iter        |      Posterior   |     Likelihood   |          Prior   |    elapsed   |        ETA   |
----------------------------------------------------------------------------------------------------
8680        |       -2352.04   |        -2371.9   |        19.8592   |   77:03:06   |   16:49:18   |
8681        |       -2353.22   |       -2376.58   |        23.3621   |   77:15:38   |   16:51:23   |
8682        |       -2353.34   |        -2376.7   |        23.3588   |   77:18:16   |   16:51:18   |
8683        |       -2353.21   |       -2376.41   |        23.1975   |   77:21:22   |   16:51:20   |
8684        |       -2353.04   |       -2374.93   |        21.8814   |   77:24:25   |   16:51:21   |
8685        |       -2355.59   |       -2377.12   |        21.5251   |   77:27:34   |   16:51:23   |
8686        |       -2354.38   |       -2376.65   |        22.2728   |   77:30:46   |   16:51:25   |
8687        |       -2355.29   |       -2378.09   |        22.8063   |   77:33:53   |   16:51:27   |
8688        |       -2356.54   |       -2379.28   |        22.7345   |   77:36:57   |   16:51:28   |
8689        |       -2354.15   |       -2378.04   |        23.8909   |   77:40:06   |   16:51:30   |
8690        |       -2353.04   |       -2378.07   |        25.0325   |   77:43:13   |   16:51:31   |
8691        |        -2351.4   |        -2375.4   |        23.9965   |   77:55:29   |   16:53:31   |
8692        |        -2349.4   |       -2372.68   |        23.2842   |   77:58:12   |   16:53:27   |
8693        |       -2349.39   |       -2372.13   |        22.7384   |   78:00:58   |   16:53:24   |
8694        |       -2349.51   |       -2371.61   |        22.1023   |   78:04:13   |   16:53:27   |
8695        |       -2350.87   |       -2368.78   |        17.9168   |   78:07:18   |   16:53:28   |
8696        |        -2346.3   |       -2365.68   |        19.3743   |   78:10:43   |   16:53:33   |
8697        |       -2345.73   |       -2365.02   |         19.284   |   78:13:51   |   16:53:34   |
8698        |       -2345.64   |       -2362.29   |        16.6508   |   78:16:51   |   16:53:33   |
8699        |       -2346.06   |       -2362.12   |        16.0585   |   78:19:53   |   16:53:33   |


Iter        |      Posterior   |     Likelihood   |          Prior   |    elapsed   |        ETA   |
----------------------------------------------------------------------------------------------------
8700        |       -2346.52   |       -2364.43   |        17.9051   |   78:23:15   |   16:53:37   |
8701        |       -2348.15   |       -2366.96   |        18.8104   |   78:35:45   |   16:55:39   |
8702        |       -2344.65   |       -2363.05   |        18.4019   |   78:38:54   |   16:55:41   |
8703        |       -2343.85   |       -2362.54   |        18.6893   |   78:41:55   |   16:55:40   |
8704        |       -2343.27   |       -2363.77   |        20.4924   |   78:45:26   |   16:55:46   |
8705        |        -2342.1   |       -2360.75   |        18.6559   |   78:48:16   |   16:55:43   |
8706        |       -2341.74   |       -2363.16   |        21.4175   |   78:51:32   |   16:55:45   |
8707        |       -2341.73   |        -2361.5   |        19.7759   |   78:54:50   |   16:55:48   |
8708        |       -2341.73   |        -2361.5   |        19.7759   |   78:58:20   |   16:55:54   |
8709        |       -2341.73   |        -2361.5   |        19.7759   |   79:01:57   |   16:56:00   |
8710        |       -2343.56   |       -2363.54   |        19.9816   |   79:05:10   |   16:56:02   |
8711        |       -2343.78   |       -2362.05   |        18.2691   |   79:18:04   |   16:58:08   |
8712        |       -2343.04   |       -2362.91   |        19.8682   |   79:21:07   |   16:58:07   |
8713        |       -2344.13   |       -2363.35   |         19.219   |   79:24:29   |   16:58:11   |
8714        |       -2347.35   |       -2366.09   |        18.7403   |   79:27:48   |   16:58:13   |
8715        |       -2346.93   |       -2364.65   |         17.721   |   79:30:57   |   16:58:14   |
8716        |       -2346.29   |       -2365.34   |        19.0525   |   79:33:50   |   16:58:11   |
8717        |       -2349.83   |       -2365.33   |        15.5025   |   79:36:53   |   16:58:10   |
8718        |        -2347.9   |       -2364.69   |        16.7923   |   79:39:56   |   16:58:09   |
8719        |       -2346.38   |       -2366.57   |        20.1997   |   79:43:22   |   16:58:13   |


Iter        |      Posterior   |     Likelihood   |          Prior   |    elapsed   |        ETA   |
----------------------------------------------------------------------------------------------------
8720        |       -2345.47   |       -2365.76   |        20.2884   |   79:46:22   |   16:58:12   |
8721        |       -2346.91   |       -2368.56   |        21.6468   |   79:59:16   |   17:00:16   |
8722        |       -2345.01   |       -2368.92   |        23.9029   |   80:02:00   |   17:00:11   |
8723        |       -2345.88   |        -2368.2   |        22.3205   |   80:04:50   |   17:00:07   |
8724        |       -2349.22   |        -2372.4   |        23.1728   |   80:07:58   |   17:00:07   |
8725        |       -2347.86   |        -2370.7   |        22.8435   |   80:11:00   |   17:00:05   |
8726        |       -2347.07   |       -2369.97   |           22.9   |   80:14:14   |   17:00:06   |
8727        |       -2349.54   |       -2369.81   |        20.2675   |   80:17:38   |   17:00:09   |
8728        |       -2344.31   |       -2365.32   |        21.0063   |   80:20:54   |   17:00:11   |
8729        |       -2344.07   |       -2366.11   |        22.0423   |   80:23:54   |   17:00:09   |
8730        |       -2343.81   |       -2366.51   |        22.6988   |   80:27:05   |   17:00:09   |
8731        |       -2344.74   |       -2367.63   |        22.8878   |   80:39:43   |   17:02:09   |
8732        |        -2344.4   |       -2365.91   |        21.5033   |   80:42:31   |   17:02:04   |
8733        |       -2347.74   |       -2365.59   |        17.8492   |   80:45:44   |   17:02:04   |
8734        |       -2344.11   |       -2362.52   |        18.4071   |   80:48:56   |   17:02:05   |
8735        |       -2345.66   |       -2360.45   |        14.7936   |   80:52:09   |   17:02:05   |
8736        |       -2345.67   |       -2364.35   |        18.6805   |   80:55:32   |   17:02:07   |
8737        |       -2345.54   |       -2365.24   |        19.6971   |   80:58:40   |   17:02:06   |
8738        |       -2344.91   |       -2364.96   |         20.051   |   81:01:59   |   17:02:08   |
8739        |       -2346.53   |       -2363.34   |        16.8082   |   81:05:09   |   17:02:07   |


Iter        |      Posterior   |     Likelihood   |          Prior   |    elapsed   |        ETA   |
----------------------------------------------------------------------------------------------------
8740        |       -2347.84   |       -2363.74   |        15.8979   |   81:08:19   |   17:02:07   |
8741        |       -2344.27   |        -2364.8   |        20.5298   |   81:21:34   |   17:04:13   |
8742        |       -2343.28   |       -2364.74   |        21.4535   |   81:24:39   |   17:04:12   |
8743        |       -2349.43   |       -2362.99   |        13.5536   |   81:27:57   |   17:04:12   |
8744        |       -2345.77   |       -2361.75   |        15.9875   |   81:31:24   |   17:04:15   |
8745        |       -2345.04   |       -2362.34   |        17.2991   |   81:34:51   |   17:04:18   |
8746        |       -2345.97   |       -2361.61   |        15.6457   |   81:38:07   |   17:04:18   |
8747        |       -2344.45   |        -2362.8   |        18.3468   |   81:41:05   |   17:04:15   |
8748        |       -2345.37   |       -2363.84   |        18.4721   |   81:44:34   |   17:04:18   |
8749        |       -2343.92   |       -2362.43   |        18.5152   |   81:48:02   |   17:04:21   |
8750        |       -2345.49   |       -2363.56   |        18.0778   |   81:51:35   |   17:04:24   |
8751        |       -2345.13   |       -2364.65   |        19.5201   |   82:04:23   |   17:06:24   |
8752        |       -2346.87   |       -2366.08   |        19.2076   |   82:08:01   |   17:06:28   |
8753        |        -2348.9   |       -2371.04   |        22.1343   |   82:11:07   |   17:06:26   |
8754        |       -2345.55   |       -2371.31   |        25.7532   |   82:14:22   |   17:06:26   |
8755        |       -2345.59   |       -2371.41   |        25.8134   |   82:17:15   |   17:06:21   |
8756        |       -2346.01   |       -2371.41   |         25.409   |   82:19:56   |   17:06:14   |
8757        |       -2346.45   |       -2371.41   |        24.9656   |   82:23:03   |   17:06:12   |
8758        |       -2347.18   |       -2369.83   |        22.6549   |   82:26:29   |   17:06:14   |
8759        |       -2348.01   |       -2373.72   |        25.7092   |   82:30:02   |   17:06:17   |


Iter        |      Posterior   |     Likelihood   |          Prior   |    elapsed   |        ETA   |
----------------------------------------------------------------------------------------------------
8760        |       -2348.89   |       -2374.47   |        25.5843   |   82:33:11   |   17:06:15   |
8761        |       -2343.42   |       -2367.62   |        24.2028   |   82:45:31   |   17:08:07   |
8762        |        -2346.1   |       -2367.45   |        21.3516   |   82:48:24   |   17:08:02   |
8763        |       -2342.75   |       -2363.09   |        20.3454   |   82:51:29   |   17:07:59   |
8764        |       -2342.81   |       -2363.49   |        20.6861   |   82:54:32   |   17:07:56   |
8765        |       -2342.81   |       -2363.49   |        20.6861   |   82:58:08   |   17:08:00   |
8766        |       -2345.45   |       -2366.02   |        20.5638   |   83:01:01   |   17:07:54   |
8767        |       -2345.24   |        -2365.6   |        20.3632   |   83:04:31   |   17:07:56   |
8768        |       -2345.24   |        -2365.6   |        20.3632   |   83:07:52   |   17:07:57   |
8769        |       -2347.72   |       -2365.52   |        17.7925   |   83:11:09   |   17:07:56   |
8770        |       -2347.88   |       -2366.98   |        19.1016   |   83:14:23   |   17:07:55   |
8771        |        -2346.9   |       -2361.93   |        15.0297   |   83:27:14   |   17:09:52   |
8772        |       -2348.17   |       -2366.06   |        17.8941   |   83:30:23   |   17:09:50   |
8773        |       -2346.27   |       -2364.54   |        18.2739   |   83:33:23   |   17:09:45   |
8774        |       -2345.93   |        -2364.2   |        18.2707   |   83:36:40   |   17:09:44   |
8775        |       -2345.93   |        -2364.2   |        18.2707   |   83:40:20   |   17:09:48   |
8776        |       -2345.58   |       -2363.85   |        18.2731   |   83:44:02   |   17:09:52   |
8777        |       -2347.86   |       -2367.71   |        19.8516   |   83:47:20   |   17:09:52   |
8778        |       -2347.56   |       -2367.44   |        19.8841   |   83:50:53   |   17:09:54   |
8779        |       -2347.57   |       -2367.33   |        19.7608   |   83:54:06   |   17:09:52   |


Iter        |      Posterior   |     Likelihood   |          Prior   |    elapsed   |        ETA   |
----------------------------------------------------------------------------------------------------
8780        |        -2350.5   |       -2370.29   |        19.7928   |   83:57:16   |   17:09:49   |
8781        |       -2349.48   |       -2368.67   |        19.1879   |   84:10:06   |   17:11:45   |
8782        |       -2346.11   |       -2367.44   |        21.3336   |   84:13:13   |   17:11:42   |
8783        |       -2347.66   |       -2368.23   |        20.5777   |   84:16:21   |   17:11:38   |
8784        |       -2346.65   |       -2368.63   |        21.9801   |   84:19:13   |   17:11:32   |
8785        |       -2347.27   |       -2369.58   |        22.3031   |   84:22:08   |   17:11:26   |
8786        |          -2347   |       -2371.27   |        24.2689   |   84:24:40   |   17:11:15   |
8787        |       -2344.49   |       -2367.44   |        22.9539   |   84:27:11   |   17:11:04   |
8788        |       -2344.48   |       -2366.88   |        22.4039   |   84:30:11   |   17:10:59   |
8789        |       -2345.51   |       -2366.78   |        21.2621   |   84:33:29   |   17:10:58   |
8790        |       -2343.14   |        -2364.1   |        20.9562   |   84:36:47   |   17:10:57   |
8791        |       -2344.64   |       -2364.93   |        20.2809   |   84:49:35   |   17:12:51   |
8792        |       -2344.34   |       -2363.45   |        19.1168   |   84:52:52   |   17:12:49   |
8793        |       -2344.37   |       -2365.47   |        21.1003   |   84:56:05   |   17:12:46   |
8794        |       -2344.82   |       -2365.59   |        20.7647   |   84:59:16   |   17:12:43   |
8795        |       -2344.79   |       -2361.58   |         16.791   |   85:02:16   |   17:12:38   |
8796        |       -2344.35   |       -2364.67   |        20.3243   |   85:05:38   |   17:12:37   |
8797        |       -2346.46   |       -2367.26   |        20.8027   |   85:08:33   |   17:12:30   |
8798        |       -2350.61   |       -2371.71   |        21.1061   |   85:11:46   |   17:12:27   |
8799        |       -2350.69   |       -2372.69   |        22.0021   |   85:15:05   |   17:12:26   |


Iter        |      Posterior   |     Likelihood   |          Prior   |    elapsed   |        ETA   |
----------------------------------------------------------------------------------------------------
8800        |       -2348.53   |       -2370.89   |        22.3576   |   85:18:26   |   17:12:24   |
8801        |       -2347.66   |       -2369.89   |        22.2252   |   85:31:09   |   17:14:16   |
8802        |       -2347.07   |       -2369.66   |        22.5968   |   85:33:50   |   17:14:06   |
8803        |        -2347.4   |       -2371.31   |        23.9076   |   85:36:53   |   17:14:01   |
8804        |       -2348.53   |       -2372.43   |        23.8993   |   85:39:42   |   17:13:53   |
8805        |       -2350.14   |       -2374.99   |        24.8483   |   85:42:23   |   17:13:43   |
8806        |       -2347.23   |       -2372.76   |        25.5351   |   85:44:57   |   17:13:32   |
8807        |       -2349.12   |       -2374.84   |        25.7141   |   85:47:33   |   17:13:22   |
8808        |       -2347.62   |       -2373.38   |        25.7536   |   85:50:21   |   17:13:13   |
8809        |       -2347.41   |       -2373.66   |        26.2503   |   85:53:09   |   17:13:05   |
8810        |       -2347.47   |       -2373.64   |        26.1753   |   85:56:09   |   17:12:59   |
8811        |       -2346.67   |       -2372.38   |        25.7123   |   86:08:08   |   17:14:40   |
8812        |       -2348.81   |       -2372.03   |        23.2219   |   86:11:13   |   17:14:35   |
8813        |       -2348.81   |       -2372.03   |        23.2219   |   86:14:36   |   17:14:34   |
8814        |       -2348.81   |       -2372.03   |        23.2219   |   86:17:55   |   17:14:31   |
8815        |       -2348.81   |       -2372.03   |        23.2219   |   86:21:23   |   17:14:30   |
8816        |       -2348.81   |       -2372.03   |        23.2219   |   86:24:55   |   17:14:30   |
8817        |       -2348.81   |       -2372.03   |        23.2219   |   86:27:55   |   17:14:24   |
8818        |       -2350.89   |       -2372.72   |        21.8275   |   86:30:59   |   17:14:18   |
8819        |       -2351.63   |       -2375.09   |        23.4585   |   86:34:16   |   17:14:15   |


Iter        |      Posterior   |     Likelihood   |          Prior   |    elapsed   |        ETA   |
----------------------------------------------------------------------------------------------------
8820        |       -2351.91   |       -2376.57   |        24.6635   |   86:37:24   |   17:14:10   |
8821        |       -2353.09   |       -2377.85   |        24.7588   |   86:49:59   |   17:15:58   |
8822        |       -2350.98   |       -2374.56   |        23.5769   |   86:53:06   |   17:15:53   |
8823        |        -2354.7   |        -2377.4   |        22.7027   |   86:56:12   |   17:15:47   |
8824        |       -2355.51   |       -2375.72   |        20.2084   |   86:59:22   |   17:15:42   |
8825        |       -2354.09   |        -2376.6   |        22.5118   |   87:02:29   |   17:15:37   |
8826        |       -2355.07   |       -2376.43   |          21.36   |   87:05:39   |   17:15:32   |
8827        |       -2354.66   |       -2378.17   |        23.5124   |   87:08:49   |   17:15:27   |
8828        |       -2353.98   |        -2378.4   |        24.4202   |   87:11:52   |   17:15:21   |
8829        |       -2353.01   |       -2378.25   |        25.2403   |   87:14:54   |   17:15:14   |
8830        |       -2353.01   |       -2378.25   |        25.2403   |   87:18:14   |   17:15:11   |
8831        |       -2353.01   |       -2378.25   |        25.2403   |   87:31:01   |   17:17:00   |
8832        |       -2352.78   |       -2377.39   |        24.6017   |   87:34:01   |   17:16:52   |
8833        |       -2350.92   |       -2375.86   |        24.9385   |   87:37:02   |   17:16:45   |
8834        |       -2350.34   |       -2375.73   |        25.3931   |   87:40:11   |   17:16:40   |
8835        |       -2352.79   |       -2379.21   |        26.4129   |   87:43:10   |   17:16:32   |
8836        |       -2350.33   |       -2376.35   |        26.0196   |   87:46:10   |   17:16:25   |
8837        |       -2351.99   |       -2378.31   |        26.3217   |   87:48:51   |   17:16:14   |
8838        |       -2355.88   |       -2382.04   |        26.1581   |   87:51:35   |   17:16:03   |
8839        |       -2354.16   |       -2380.49   |        26.3316   |   87:54:38   |   17:15:57   |


Iter        |      Posterior   |     Likelihood   |          Prior   |    elapsed   |        ETA   |
----------------------------------------------------------------------------------------------------
8840        |       -2352.09   |       -2378.18   |        26.0862   |   87:57:28   |   17:15:47   |
8841        |       -2350.04   |        -2376.8   |        26.7634   |   88:09:30   |   17:17:26   |
8842        |       -2349.26   |       -2374.27   |        25.0149   |   88:12:52   |   17:17:22   |
8843        |        -2349.5   |       -2374.99   |        25.4926   |   88:15:52   |   17:17:15   |
8844        |       -2353.65   |        -2379.4   |        25.7479   |   88:18:47   |   17:17:06   |
8845        |       -2353.67   |       -2382.44   |        28.7645   |   88:21:47   |   17:16:58   |
8846        |       -2351.91   |       -2378.97   |        27.0562   |   88:24:30   |   17:16:47   |
8847        |       -2350.48   |       -2377.89   |          27.41   |   88:27:21   |   17:16:38   |
8848        |       -2352.91   |       -2379.81   |        26.9029   |   88:30:03   |   17:16:26   |
8849        |       -2353.09   |       -2381.73   |        28.6415   |   88:32:52   |   17:16:16   |
8850        |       -2351.92   |       -2379.68   |        27.7548   |   88:35:22   |   17:16:02   |
8851        |       -2350.97   |       -2378.03   |         27.056   |   88:47:35   |   17:17:42   |
8852        |       -2351.86   |       -2378.47   |        26.6141   |   88:50:30   |   17:17:33   |
8853        |       -2352.36   |       -2378.48   |        26.1261   |   88:53:36   |   17:17:26   |
8854        |       -2352.58   |       -2378.94   |         26.366   |   88:56:32   |   17:17:17   |
8855        |       -2351.88   |       -2378.17   |        26.2869   |   88:59:38   |   17:17:10   |
8856        |       -2349.74   |        -2374.9   |        25.1618   |   89:02:30   |   17:17:00   |
8857        |       -2353.46   |       -2381.08   |         27.613   |   89:05:16   |   17:16:49   |
8858        |        -2351.4   |       -2378.62   |        27.2156   |   89:07:56   |   17:16:37   |
8859        |       -2354.08   |       -2381.72   |        27.6441   |   89:10:54   |   17:16:28   |


Iter        |      Posterior   |     Likelihood   |          Prior   |    elapsed   |        ETA   |
----------------------------------------------------------------------------------------------------
8860        |       -2353.01   |       -2379.94   |        26.9288   |   89:13:39   |   17:16:17   |
8861        |       -2355.55   |       -2381.94   |        26.3935   |   89:26:11   |   17:17:59   |
8862        |       -2352.61   |       -2378.92   |        26.3079   |   89:29:03   |   17:17:49   |
8863        |       -2353.32   |       -2379.47   |        26.1412   |   89:32:35   |   17:17:46   |
8864        |       -2353.87   |       -2378.98   |        25.1055   |   89:35:45   |   17:17:40   |
8865        |       -2350.93   |       -2376.09   |        25.1668   |   89:39:01   |   17:17:34   |
8866        |       -2353.07   |       -2375.45   |        22.3712   |   89:42:06   |   17:17:26   |
8867        |       -2356.39   |       -2377.85   |        21.4676   |   89:45:24   |   17:17:21   |
8868        |       -2356.62   |       -2378.19   |        21.5677   |   89:48:47   |   17:17:17   |
8869        |       -2356.81   |       -2376.83   |        20.0193   |   89:52:00   |   17:17:10   |
8870        |       -2354.89   |       -2377.53   |         22.635   |   89:55:02   |   17:17:02   |
8871        |        -2352.3   |       -2373.92   |        21.6184   |   90:07:47   |   17:18:45   |
8872        |          -2355   |       -2376.96   |        21.9631   |   90:11:06   |   17:18:40   |
8873        |        -2353.4   |       -2372.48   |        19.0815   |   90:14:34   |   17:18:36   |
8874        |       -2354.94   |       -2373.72   |        18.7834   |   90:18:24   |   17:18:37   |
8875        |        -2354.5   |       -2371.36   |        16.8607   |   90:21:48   |   17:18:32   |
8876        |       -2351.96   |       -2370.06   |        18.0926   |   90:25:34   |   17:18:32   |
8877        |       -2352.01   |       -2370.18   |        18.1715   |   90:28:44   |   17:18:24   |
8878        |       -2351.18   |       -2371.74   |        20.5578   |   90:32:06   |   17:18:19   |
8879        |       -2351.53   |       -2372.85   |        21.3194   |   90:35:41   |   17:18:17   |


Iter        |      Posterior   |     Likelihood   |          Prior   |    elapsed   |        ETA   |
----------------------------------------------------------------------------------------------------
8880        |       -2350.07   |       -2371.37   |        21.2992   |   90:38:56   |   17:18:10   |
8881        |        -2350.9   |       -2366.64   |        15.7414   |   90:51:48   |   17:19:53   |
8882        |       -2352.13   |       -2369.23   |        17.0988   |   90:55:13   |   17:19:49   |
8883        |       -2352.94   |       -2371.19   |        18.2498   |   90:58:36   |   17:19:44   |
8884        |       -2349.98   |       -2368.59   |        18.6126   |   91:01:32   |   17:19:33   |
8885        |       -2349.98   |       -2368.59   |        18.6126   |   91:05:04   |   17:19:30   |
8886        |       -2350.96   |       -2370.88   |        19.9185   |   91:07:53   |   17:19:18   |
8887        |       -2351.99   |       -2371.47   |        19.4813   |   91:11:00   |   17:19:09   |
8888        |       -2351.35   |       -2369.69   |        18.3326   |   91:13:55   |   17:18:59   |
8889        |       -2355.01   |       -2372.94   |        17.9262   |   91:16:59   |   17:18:50   |
8890        |        -2354.8   |       -2372.99   |        18.1902   |   91:20:03   |   17:18:40   |
8891        |       -2355.78   |       -2379.06   |        23.2818   |   91:33:12   |   17:20:26   |
8892        |       -2352.41   |       -2374.21   |        21.8035   |   91:35:59   |   17:20:13   |
8893        |       -2352.78   |       -2374.56   |         21.787   |   91:39:20   |   17:20:07   |
8894        |       -2350.79   |       -2372.58   |        21.7832   |   91:42:39   |   17:20:01   |
8895        |        -2350.2   |       -2370.24   |        20.0401   |   91:45:36   |   17:19:50   |
8896        |       -2349.89   |       -2370.86   |        20.9683   |   91:48:50   |   17:19:43   |
8897        |          -2351   |       -2375.22   |        24.2221   |   91:52:23   |   17:19:39   |
8898        |       -2351.03   |        -2370.4   |         19.369   |   91:55:27   |   17:19:29   |
8899        |       -2348.69   |       -2368.03   |        19.3408   |   91:58:35   |   17:19:20   |


Iter        |      Posterior   |     Likelihood   |          Prior   |    elapsed   |        ETA   |
----------------------------------------------------------------------------------------------------
8900        |       -2350.83   |       -2369.97   |        19.1388   |   92:01:37   |   17:19:10   |
8901        |       -2350.89   |       -2369.22   |        18.3241   |   92:14:25   |   17:20:51   |
8902        |       -2350.23   |       -2368.62   |        18.3894   |   92:17:45   |   17:20:44   |
8903        |       -2348.02   |       -2368.63   |        20.6074   |   92:21:12   |   17:20:38   |
8904        |       -2349.31   |       -2369.64   |        20.3294   |   92:24:23   |   17:20:30   |
8905        |       -2349.27   |       -2369.93   |        20.6578   |   92:27:58   |   17:20:26   |
8906        |       -2349.91   |       -2372.24   |         22.331   |   92:31:18   |   17:20:19   |
8907        |       -2347.92   |       -2370.01   |        22.0862   |   92:34:36   |   17:20:12   |
8908        |       -2349.87   |       -2372.26   |         22.385   |   92:38:07   |   17:20:07   |
8909        |       -2349.55   |       -2373.12   |        23.5674   |   92:41:31   |   17:20:00   |
8910        |        -2350.6   |       -2373.25   |        22.6513   |   92:44:43   |   17:19:52   |
8911        |       -2350.19   |       -2374.48   |        24.2881   |   92:57:34   |   17:21:31   |
8912        |       -2351.21   |       -2374.96   |        23.7534   |   93:00:57   |   17:21:25   |
8913        |       -2356.22   |       -2376.44   |        20.2202   |   93:04:09   |   17:21:16   |
8914        |       -2352.56   |       -2375.81   |        23.2555   |   93:07:45   |   17:21:11   |
8915        |       -2350.59   |       -2374.91   |        24.3191   |   93:10:54   |   17:21:02   |
8916        |       -2350.02   |       -2375.88   |        25.8609   |   93:14:01   |   17:20:52   |
8917        |       -2350.02   |       -2375.88   |        25.8609   |   93:17:41   |   17:20:48   |
8918        |       -2352.37   |       -2378.05   |        25.6783   |   93:20:47   |   17:20:38   |
8919        |        -2349.7   |       -2372.93   |        23.2285   |   93:23:48   |   17:20:27   |


Iter        |      Posterior   |     Likelihood   |          Prior   |    elapsed   |        ETA   |
----------------------------------------------------------------------------------------------------
8920        |       -2351.15   |       -2374.95   |        23.8022   |   93:26:53   |   17:20:17   |
8921        |       -2356.18   |       -2377.41   |        21.2226   |   93:39:30   |   17:21:53   |
8922        |       -2357.32   |       -2378.93   |        21.6129   |   93:42:27   |   17:21:41   |
8923        |       -2358.03   |       -2380.18   |        22.1482   |   93:45:40   |   17:21:31   |
8924        |       -2357.82   |       -2380.25   |        22.4281   |   93:48:32   |   17:21:18   |
8925        |       -2358.64   |       -2380.09   |        21.4548   |   93:51:38   |   17:21:08   |
8926        |       -2355.89   |       -2380.64   |        24.7474   |   93:54:44   |   17:20:58   |
8927        |       -2353.35   |        -2377.6   |         24.247   |   93:57:45   |   17:20:46   |
8928        |       -2350.71   |       -2375.77   |        25.0617   |   94:00:57   |   17:20:37   |
8929        |       -2352.44   |       -2376.42   |        23.9868   |   94:03:52   |   17:20:24   |
8930        |       -2348.92   |       -2374.47   |         25.556   |   94:06:52   |   17:20:12   |
8931        |       -2350.41   |       -2374.48   |        24.0678   |   94:19:13   |   17:21:44   |
8932        |       -2351.49   |          -2374   |        22.5061   |   94:22:33   |   17:21:35   |
8933        |       -2350.87   |       -2373.41   |        22.5334   |   94:26:06   |   17:21:30   |
8934        |       -2349.86   |       -2372.53   |        22.6765   |   94:29:28   |   17:21:22   |
8935        |       -2348.33   |        -2372.7   |        24.3707   |   94:32:41   |   17:21:12   |
8936        |       -2348.47   |       -2372.42   |        23.9548   |   94:36:07   |   17:21:05   |
8937        |       -2350.35   |       -2370.44   |        20.0834   |   94:39:23   |   17:20:56   |
8938        |        -2351.1   |       -2368.92   |        17.8231   |   94:42:53   |   17:20:49   |
8939        |       -2352.32   |       -2369.98   |        17.6578   |   94:46:19   |   17:20:41   |


Iter        |      Posterior   |     Likelihood   |          Prior   |    elapsed   |        ETA   |
----------------------------------------------------------------------------------------------------
8940        |       -2348.93   |       -2369.03   |        20.1014   |   94:49:54   |   17:20:36   |
8941        |       -2346.47   |       -2370.67   |        24.2055   |   95:02:50   |   17:22:12   |
8942        |       -2348.48   |       -2370.47   |        21.9873   |   95:05:54   |   17:22:01   |
8943        |       -2349.52   |       -2370.61   |         21.084   |   95:09:31   |   17:21:55   |
8944        |       -2349.16   |       -2369.67   |        20.5054   |   95:12:32   |   17:21:43   |
8945        |          -2352   |       -2370.89   |        18.8921   |   95:15:36   |   17:21:31   |
8946        |       -2354.64   |        -2372.6   |        17.9645   |   95:18:48   |   17:21:21   |
8947        |       -2353.57   |       -2372.83   |        19.2545   |   95:22:03   |   17:21:11   |
8948        |       -2356.16   |       -2375.53   |        19.3762   |   95:25:26   |   17:21:02   |
8949        |       -2353.89   |        -2373.1   |        19.2054   |   95:28:50   |   17:20:54   |
8950        |       -2353.99   |       -2373.47   |        19.4823   |   95:32:11   |   17:20:45   |
8951        |       -2353.27   |       -2372.63   |        19.3589   |   95:44:58   |   17:22:19   |
8952        |       -2352.64   |       -2372.16   |        19.5196   |   95:48:06   |   17:22:07   |
8953        |       -2352.39   |       -2369.88   |         17.491   |   95:51:09   |   17:21:55   |
8954        |       -2354.43   |       -2367.92   |        13.4924   |   95:54:06   |   17:21:42   |
8955        |       -2353.45   |        -2369.6   |        16.1453   |   95:57:18   |   17:21:31   |
8956        |       -2350.38   |       -2368.95   |        18.5759   |   96:00:28   |   17:21:20   |
8957        |       -2347.52   |       -2369.31   |        21.7831   |   96:03:42   |   17:21:09   |
8958        |       -2350.79   |       -2373.08   |        22.2876   |   96:07:05   |   17:21:00   |
8959        |       -2350.44   |        -2372.4   |        21.9594   |   96:10:42   |   17:20:54   |


Iter        |      Posterior   |     Likelihood   |          Prior   |    elapsed   |        ETA   |
----------------------------------------------------------------------------------------------------
8960        |       -2349.28   |       -2372.75   |        23.4761   |   96:14:17   |   17:20:47   |
8961        |       -2346.71   |       -2371.77   |        25.0586   |   96:27:07   |   17:22:20   |
8962        |       -2346.84   |       -2369.99   |        23.1581   |   96:30:10   |   17:22:07   |
8963        |       -2348.88   |       -2372.48   |        23.6048   |   96:33:22   |   17:21:56   |
8964        |       -2349.87   |       -2373.34   |        23.4741   |   96:36:37   |   17:21:45   |
8965        |       -2350.69   |       -2373.92   |        23.2285   |   96:39:40   |   17:21:32   |
8966        |       -2352.45   |       -2374.16   |        21.7036   |   96:42:39   |   17:21:19   |
8967        |       -2354.49   |       -2374.96   |        20.4632   |   96:45:55   |   17:21:08   |
8968        |       -2354.05   |       -2374.23   |        20.1855   |   96:49:23   |   17:20:59   |
8969        |       -2354.79   |       -2375.67   |        20.8797   |   96:53:06   |   17:20:54   |
8970        |       -2354.06   |        -2374.2   |        20.1402   |   96:56:33   |   17:20:45   |
8971        |       -2353.49   |       -2375.75   |        22.2575   |   97:09:37   |   17:22:19   |
8972        |       -2353.49   |       -2375.75   |        22.2575   |   97:13:13   |   17:22:12   |
8973        |       -2353.06   |       -2374.73   |         21.674   |   97:16:28   |   17:22:01   |
8974        |       -2355.63   |       -2375.12   |         19.491   |   97:19:46   |   17:21:50   |
8975        |       -2353.92   |       -2373.84   |        19.9211   |   97:22:55   |   17:21:38   |
8976        |       -2354.23   |       -2374.06   |        19.8356   |   97:26:22   |   17:21:28   |
8977        |       -2357.18   |       -2375.99   |        18.8088   |   97:29:50   |   17:21:19   |
8978        |       -2358.93   |       -2376.01   |        17.0824   |   97:33:16   |   17:21:10   |
8979        |       -2360.87   |       -2378.33   |        17.4555   |   97:36:39   |   17:21:00   |


Iter        |      Posterior   |     Likelihood   |          Prior   |    elapsed   |        ETA   |
----------------------------------------------------------------------------------------------------
8980        |        -2360.1   |       -2376.16   |        16.0612   |   97:40:29   |   17:20:55   |
8981        |       -2362.34   |       -2378.62   |         16.277   |   97:54:12   |   17:22:35   |
8982        |       -2358.44   |        -2373.9   |        15.4672   |   97:57:40   |   17:22:25   |
8983        |       -2354.16   |       -2370.27   |        16.1015   |   98:01:03   |   17:22:15   |
8984        |       -2351.73   |       -2369.43   |        17.7034   |   98:04:17   |   17:22:03   |
8985        |       -2353.01   |        -2369.8   |        16.7889   |   98:07:21   |   17:21:50   |
8986        |       -2354.09   |       -2371.23   |         17.134   |   98:10:47   |   17:21:40   |
8987        |       -2357.76   |       -2371.41   |        13.6515   |   98:14:09   |   17:21:29   |
8988        |       -2354.98   |       -2372.47   |        17.4875   |   98:17:22   |   17:21:17   |
8989        |       -2351.58   |       -2370.92   |        19.3368   |   98:20:41   |   17:21:06   |
8990        |       -2351.93   |       -2369.38   |        17.4559   |   98:24:18   |   17:20:58   |
8991        |       -2352.18   |       -2369.25   |        17.0666   |   98:36:57   |   17:22:25   |
8992        |       -2351.41   |       -2369.28   |        17.8756   |   98:40:23   |   17:22:15   |
8993        |       -2349.46   |       -2366.34   |        16.8814   |   98:43:52   |   17:22:05   |
8994        |       -2346.93   |       -2365.28   |        18.3422   |   98:47:05   |   17:21:53   |
8995        |       -2348.77   |       -2363.92   |        15.1507   |   98:50:39   |   17:21:44   |
8996        |       -2347.62   |       -2364.53   |        16.9031   |   98:54:11   |   17:21:34   |
8997        |        -2350.7   |       -2367.37   |        16.6705   |   98:57:36   |   17:21:24   |
8998        |       -2351.05   |       -2372.32   |         21.267   |   99:00:55   |   17:21:12   |
8999        |       -2351.93   |       -2371.21   |        19.2888   |   99:04:11   |   17:21:00   |


Iter        |      Posterior   |     Likelihood   |          Prior   |    elapsed   |        ETA   |
----------------------------------------------------------------------------------------------------
9000        |       -2351.66   |       -2368.19   |        16.5334   |   99:07:34   |   17:20:49   |
9001        |       -2347.77   |       -2367.14   |         19.362   |   99:20:37   |   17:22:19   |
9002        |       -2347.74   |       -2370.74   |        22.9921   |   99:23:32   |   17:22:03   |
9003        |       -2349.96   |       -2368.54   |         18.582   |   99:26:42   |   17:21:50   |
9004        |       -2348.96   |       -2367.26   |        18.2984   |   99:30:11   |   17:21:39   |
9005        |        -2353.7   |        -2372.1   |        18.3985   |   99:33:41   |   17:21:29   |
9006        |       -2347.44   |       -2364.78   |        17.3404   |   99:37:00   |   17:21:17   |
9007        |       -2347.42   |       -2365.76   |        18.3397   |   99:40:30   |   17:21:07   |
9008        |       -2347.16   |       -2364.54   |        17.3864   |   99:43:47   |   17:20:55   |
9009        |       -2347.97   |       -2367.27   |        19.2932   |   99:47:07   |   17:20:43   |
9010        |       -2346.86   |       -2366.96   |        20.1035   |   99:50:41   |   17:20:33   |
9011        |       -2346.86   |       -2366.61   |        19.7528   |   100:03:41   |   17:22:01   |
9012        |       -2346.19   |       -2367.26   |        21.0701   |   100:06:59   |   17:21:49   |
9013        |       -2346.45   |       -2369.03   |        22.5867   |   100:10:23   |   17:21:37   |
9014        |       -2351.59   |       -2368.72   |        17.1271   |   100:13:12   |   17:21:20   |
9015        |       -2346.37   |       -2365.95   |        19.5781   |   100:16:34   |   17:21:08   |
9016        |       -2345.37   |       -2366.67   |        21.2973   |   100:19:58   |   17:20:56   |
9017        |       -2346.36   |       -2368.75   |        22.3845   |   100:23:04   |   17:20:41   |
9018        |       -2345.71   |       -2368.48   |        22.7749   |   100:26:12   |   17:20:27   |
9019        |       -2347.88   |       -2368.78   |         20.904   |   100:29:14   |   17:20:11   |


Iter        |      Posterior   |     Likelihood   |          Prior   |    elapsed   |        ETA   |
----------------------------------------------------------------------------------------------------
9020        |       -2349.59   |       -2372.41   |        22.8171   |   100:32:28   |   17:19:57   |
9021        |       -2350.74   |       -2370.46   |        19.7153   |   100:44:53   |   17:21:19   |
9022        |       -2348.25   |       -2370.13   |        21.8831   |   100:48:02   |   17:21:04   |
9023        |       -2346.52   |       -2369.07   |        22.5556   |   100:51:11   |   17:20:49   |
9024        |       -2345.67   |        -2368.2   |        22.5351   |   100:54:25   |   17:20:36   |
9025        |       -2346.06   |          -2370   |         23.947   |   100:57:24   |   17:20:19   |
9026        |       -2349.93   |       -2372.08   |          22.15   |   101:00:28   |   17:20:04   |
9027        |        -2348.5   |       -2372.48   |        23.9833   |   101:03:26   |   17:19:47   |
9028        |       -2348.51   |       -2373.45   |          24.94   |   101:06:42   |   17:19:33   |
9029        |       -2346.61   |       -2370.52   |        23.9031   |   101:09:41   |   17:19:17   |
9030        |       -2348.72   |       -2370.49   |         21.768   |   101:12:51   |   17:19:02   |
9031        |       -2346.86   |       -2368.65   |        21.7848   |   101:25:22   |   17:20:23   |
9032        |       -2348.54   |       -2370.29   |        21.7446   |   101:28:21   |   17:20:06   |
9033        |       -2348.49   |       -2370.34   |        21.8567   |   101:31:18   |   17:19:49   |
9034        |       -2348.49   |       -2371.69   |        23.2006   |   101:34:15   |   17:19:32   |
9035        |       -2352.25   |       -2376.41   |        24.1656   |   101:37:08   |   17:19:14   |
9036        |       -2354.61   |       -2377.19   |         22.573   |   101:40:27   |   17:19:01   |
9037        |       -2354.39   |       -2375.36   |        20.9668   |   101:43:20   |   17:18:43   |
9038        |       -2352.11   |       -2373.71   |         21.593   |   101:46:41   |   17:18:30   |
9039        |       -2351.99   |       -2374.05   |        22.0535   |   101:49:33   |   17:18:11   |


Iter        |      Posterior   |     Likelihood   |          Prior   |    elapsed   |        ETA   |
----------------------------------------------------------------------------------------------------
9040        |       -2352.21   |       -2371.96   |        19.7525   |   101:52:57   |   17:17:59   |
9041        |       -2349.34   |       -2368.38   |        19.0442   |   102:05:42   |   17:19:21   |
9042        |        -2352.4   |       -2371.42   |        19.0215   |   102:09:00   |   17:19:07   |
9043        |       -2351.32   |       -2371.44   |        20.1163   |   102:12:10   |   17:18:52   |
9044        |        -2348.5   |       -2369.97   |         21.468   |   102:15:14   |   17:18:35   |
9045        |       -2347.98   |       -2369.57   |        21.5856   |   102:18:35   |   17:18:22   |
9046        |       -2348.28   |          -2370   |        21.7137   |   102:22:15   |   17:18:11   |
9047        |       -2348.71   |       -2371.56   |          22.85   |   102:25:29   |   17:17:56   |
9048        |       -2348.71   |       -2371.56   |          22.85   |   102:29:05   |   17:17:45   |
9049        |       -2348.71   |       -2372.74   |        24.0289   |   102:32:25   |   17:17:31   |
9050        |       -2347.77   |       -2372.24   |        24.4681   |   102:35:45   |   17:17:17   |
9051        |       -2350.92   |       -2375.72   |        24.8011   |   102:47:44   |   17:18:31   |
9052        |       -2351.28   |       -2374.39   |        23.1178   |   102:51:00   |   17:18:16   |
9053        |       -2348.61   |       -2371.62   |        23.0145   |   102:54:14   |   17:18:01   |
9054        |       -2352.96   |       -2374.98   |        22.0175   |   102:57:23   |   17:17:45   |
9055        |        -2356.6   |       -2378.24   |        21.6417   |   103:00:36   |   17:17:29   |
9056        |       -2355.18   |       -2375.54   |        20.3615   |   103:04:01   |   17:17:16   |
9057        |       -2352.01   |       -2373.19   |         21.185   |   103:07:09   |   17:16:59   |
9058        |       -2352.56   |       -2371.49   |        18.9293   |   103:10:10   |   17:16:42   |
9059        |        -2350.9   |       -2369.65   |         18.749   |   103:13:05   |   17:16:23   |


Iter        |      Posterior   |     Likelihood   |          Prior   |    elapsed   |        ETA   |
----------------------------------------------------------------------------------------------------
9060        |       -2348.28   |       -2368.86   |        20.5749   |   103:16:25   |   17:16:09   |
9061        |        -2347.9   |       -2370.95   |        23.0509   |   103:28:56   |   17:17:26   |
9062        |       -2348.77   |       -2371.44   |        22.6694   |   103:31:46   |   17:17:07   |
9063        |       -2349.19   |       -2371.97   |        22.7758   |   103:34:43   |   17:16:48   |
9064        |        -2349.5   |       -2374.33   |        24.8286   |   103:37:35   |   17:16:29   |
9065        |       -2351.71   |       -2375.99   |        24.2805   |   103:40:21   |   17:16:09   |
9066        |       -2352.85   |       -2377.13   |        24.2878   |   103:43:52   |   17:15:56   |
9067        |       -2350.61   |       -2375.15   |        24.5374   |   103:46:52   |   17:15:38   |
9068        |       -2352.04   |       -2375.89   |        23.8479   |   103:49:37   |   17:15:17   |
9069        |       -2351.69   |       -2375.26   |        23.5671   |   103:52:43   |   17:15:00   |
9070        |       -2353.11   |       -2377.36   |         24.245   |   103:55:43   |   17:14:42   |
9071        |       -2355.98   |       -2380.26   |        24.2774   |   104:07:45   |   17:15:53   |
9072        |       -2355.98   |       -2380.26   |        24.2774   |   104:10:50   |   17:15:36   |
9073        |       -2355.98   |       -2380.26   |        24.2774   |   104:14:10   |   17:15:21   |
9074        |       -2355.98   |       -2380.26   |        24.2774   |   104:17:27   |   17:15:05   |
9075        |       -2355.01   |       -2378.78   |        23.7672   |   104:20:26   |   17:14:46   |
9076        |       -2354.98   |       -2378.31   |        23.3291   |   104:23:08   |   17:14:25   |
9077        |       -2354.55   |       -2377.04   |        22.4837   |   104:26:05   |   17:14:06   |
9078        |       -2352.83   |       -2377.36   |        24.5271   |   104:28:56   |   17:13:46   |
9079        |       -2351.65   |       -2373.66   |        22.0034   |   104:32:07   |   17:13:29   |


Iter        |      Posterior   |     Likelihood   |          Prior   |    elapsed   |        ETA   |
----------------------------------------------------------------------------------------------------
9080        |       -2350.62   |       -2371.61   |        20.9984   |   104:35:17   |   17:13:12   |
9081        |       -2351.92   |       -2372.59   |        20.6667   |   104:48:03   |   17:14:30   |
9082        |       -2351.45   |       -2373.73   |        22.2738   |   104:51:12   |   17:14:13   |
9083        |       -2348.78   |       -2373.76   |        24.9839   |   104:54:17   |   17:13:55   |
9084        |       -2350.74   |       -2374.46   |         23.722   |   104:57:14   |   17:13:35   |
9085        |       -2349.01   |       -2372.83   |        23.8261   |   105:00:19   |   17:13:17   |
9086        |       -2348.18   |       -2370.19   |        22.0136   |   105:03:21   |   17:12:59   |
9087        |       -2349.18   |       -2369.78   |        20.5969   |   105:06:25   |   17:12:40   |
9088        |       -2349.74   |       -2371.15   |        21.4098   |   105:09:30   |   17:12:22   |
9089        |       -2351.06   |          -2372   |        20.9424   |   105:12:37   |   17:12:04   |
9090        |        -2353.7   |       -2372.69   |        18.9913   |   105:15:35   |   17:11:45   |
9091        |       -2355.31   |        -2373.5   |        18.1942   |   105:28:27   |   17:13:02   |
9092        |       -2355.59   |       -2373.49   |         17.892   |   105:31:55   |   17:12:48   |
9093        |       -2356.85   |       -2374.66   |        17.8055   |   105:35:09   |   17:12:31   |
9094        |       -2357.58   |       -2374.69   |        17.1177   |   105:38:42   |   17:12:17   |
9095        |       -2357.37   |       -2374.29   |        16.9237   |   105:42:24   |   17:12:04   |
9096        |       -2358.38   |       -2376.12   |        17.7316   |   105:45:44   |   17:11:48   |
9097        |       -2360.11   |       -2377.12   |        17.0083   |   105:49:10   |   17:11:33   |
9098        |       -2360.55   |       -2378.59   |        18.0413   |   105:52:31   |   17:11:17   |
9099        |       -2351.97   |       -2373.54   |        21.5766   |   105:55:40   |   17:10:59   |


Iter        |      Posterior   |     Likelihood   |          Prior   |    elapsed   |        ETA   |
----------------------------------------------------------------------------------------------------
9100        |       -2352.63   |       -2373.19   |        20.5649   |   105:58:59   |   17:10:42   |
9101        |       -2355.77   |       -2374.35   |        18.5823   |   106:11:50   |   17:11:59   |
9102        |       -2353.47   |       -2374.24   |        20.7762   |   106:14:57   |   17:11:40   |
9103        |       -2352.77   |       -2374.07   |        21.2958   |   106:18:07   |   17:11:22   |
9104        |       -2353.36   |       -2373.67   |        20.3145   |   106:21:16   |   17:11:04   |
9105        |       -2351.97   |       -2371.91   |          19.94   |   106:24:34   |   17:10:47   |
9106        |       -2350.02   |       -2370.93   |        20.9169   |   106:27:29   |   17:10:26   |
9107        |       -2350.38   |       -2374.47   |        24.0952   |   106:30:38   |   17:10:08   |
9108        |       -2350.35   |       -2370.93   |        20.5823   |   106:34:02   |   17:09:52   |
9109        |       -2349.05   |       -2370.47   |         21.417   |   106:37:20   |   17:09:35   |
9110        |       -2349.05   |       -2370.47   |         21.417   |   106:40:55   |   17:09:20   |
9111        |       -2349.05   |       -2370.47   |         21.417   |   106:54:28   |   17:10:42   |
9112        |       -2349.06   |       -2369.94   |        20.8824   |   106:58:13   |   17:10:29   |
9113        |       -2348.37   |       -2370.16   |        21.7867   |   107:01:32   |   17:10:12   |
9114        |        -2349.6   |       -2368.97   |        19.3669   |   107:04:46   |   17:09:54   |
9115        |       -2348.63   |       -2367.14   |         18.513   |   107:08:07   |   17:09:37   |
9116        |       -2348.85   |       -2367.18   |        18.3285   |   107:11:20   |   17:09:19   |
9117        |       -2351.76   |       -2369.13   |        17.3666   |   107:14:34   |   17:09:01   |
9118        |       -2354.84   |        -2374.5   |        19.6526   |   107:17:48   |   17:08:43   |
9119        |       -2352.57   |        -2372.8   |          20.23   |   107:21:18   |   17:08:27   |


Iter        |      Posterior   |     Likelihood   |          Prior   |    elapsed   |        ETA   |
----------------------------------------------------------------------------------------------------
9120        |       -2352.82   |       -2371.12   |        18.2982   |   107:24:59   |   17:08:13   |
9121        |       -2352.62   |       -2374.68   |        22.0617   |   107:38:24   |   17:09:32   |
9122        |       -2350.54   |       -2372.23   |        21.6893   |   107:41:33   |   17:09:13   |
9123        |       -2349.82   |       -2370.23   |        20.4067   |   107:44:35   |   17:08:53   |
9124        |       -2351.57   |       -2371.17   |        19.5945   |   107:47:57   |   17:08:36   |
9125        |       -2353.96   |       -2371.53   |        17.5752   |   107:51:10   |   17:08:17   |
9126        |       -2354.07   |       -2371.13   |        17.0661   |   107:54:27   |   17:07:59   |
9127        |       -2354.13   |        -2374.9   |        20.7644   |   107:57:47   |   17:07:42   |
9128        |       -2352.53   |       -2375.72   |        23.1899   |   108:01:13   |   17:07:25   |
9129        |       -2349.32   |       -2370.66   |        21.3446   |   108:04:39   |   17:07:08   |
9130        |       -2348.21   |       -2368.08   |        19.8684   |   108:07:43   |   17:06:48   |
9131        |       -2348.69   |       -2368.45   |        19.7607   |   108:21:28   |   17:08:09   |
9132        |       -2346.18   |       -2365.01   |        18.8287   |   108:24:53   |   17:07:52   |
9133        |       -2346.57   |       -2363.67   |        17.0956   |   108:28:14   |   17:07:34   |
9134        |       -2347.41   |       -2364.21   |        16.7939   |   108:31:38   |   17:07:17   |
9135        |       -2351.27   |       -2368.02   |        16.7543   |   108:35:04   |   17:07:00   |
9136        |       -2349.68   |       -2363.08   |        13.3958   |   108:38:30   |   17:06:43   |
9137        |       -2347.61   |       -2361.28   |        13.6667   |   108:42:03   |   17:06:27   |
9138        |       -2348.81   |       -2362.31   |        13.5084   |   108:45:46   |   17:06:12   |
9139        |       -2348.81   |       -2362.31   |        13.5084   |   108:49:41   |   17:06:00   |


Iter        |      Posterior   |     Likelihood   |          Prior   |    elapsed   |        ETA   |
----------------------------------------------------------------------------------------------------
9140        |       -2351.31   |       -2362.68   |        11.3744   |   108:53:06   |   17:05:42   |
9141        |       -2350.25   |        -2363.3   |        13.0494   |   109:07:10   |   17:07:05   |
9142        |       -2348.49   |       -2364.41   |        15.9221   |   109:10:40   |   17:06:48   |
9143        |       -2346.55   |       -2365.98   |        19.4313   |   109:13:54   |   17:06:29   |
9144        |       -2345.42   |        -2363.8   |         18.378   |   109:17:29   |   17:06:13   |
9145        |       -2345.42   |       -2363.76   |        18.3383   |   109:21:21   |   17:05:59   |
9146        |       -2343.24   |        -2361.6   |        18.3643   |   109:24:53   |   17:05:43   |
9147        |       -2345.74   |       -2364.38   |        18.6422   |   109:28:19   |   17:05:25   |
9148        |       -2344.97   |       -2362.51   |        17.5439   |   109:32:03   |   17:05:10   |
9149        |       -2349.06   |       -2366.73   |        17.6749   |   109:35:46   |   17:04:55   |
9150        |       -2349.24   |       -2367.14   |        17.8944   |   109:39:19   |   17:04:38   |
9151        |       -2349.24   |       -2367.14   |        17.8944   |   109:53:03   |   17:05:57   |
9152        |       -2349.24   |       -2367.14   |        17.8944   |   109:56:50   |   17:05:42   |
9153        |       -2349.24   |       -2367.14   |        17.8944   |   110:00:39   |   17:05:28   |
9154        |       -2349.26   |       -2367.15   |        17.8944   |   110:04:09   |   17:05:10   |
9155        |       -2349.26   |       -2367.15   |        17.8944   |   110:07:50   |   17:04:55   |
9156        |       -2352.37   |       -2370.45   |        18.0733   |   110:11:28   |   17:04:38   |
9157        |       -2350.58   |       -2365.84   |        15.2677   |   110:14:48   |   17:04:19   |
9158        |       -2354.34   |       -2369.44   |         15.101   |   110:18:37   |   17:04:05   |
9159        |       -2353.76   |       -2368.27   |        14.5088   |   110:22:15   |   17:03:48   |


Iter        |      Posterior   |     Likelihood   |          Prior   |    elapsed   |        ETA   |
----------------------------------------------------------------------------------------------------
9160        |       -2347.66   |       -2364.07   |        16.4085   |   110:25:35   |   17:03:29   |
9161        |       -2350.04   |       -2366.94   |        16.9034   |   110:39:14   |   17:04:45   |
9162        |       -2351.14   |       -2368.22   |        17.0801   |   110:42:49   |   17:04:28   |
9163        |       -2353.72   |       -2372.85   |        19.1229   |   110:46:31   |   17:04:12   |
9164        |       -2353.73   |       -2371.41   |        17.6791   |   110:49:50   |   17:03:53   |
9165        |       -2350.52   |       -2368.19   |        17.6776   |   110:53:19   |   17:03:35   |
9166        |       -2351.19   |       -2371.86   |        20.6777   |   110:56:27   |   17:03:13   |
9167        |       -2350.93   |       -2372.94   |        22.0077   |   110:59:48   |   17:02:54   |
9168        |       -2352.02   |       -2374.79   |        22.7742   |   111:02:48   |   17:02:31   |
9169        |       -2352.62   |       -2375.35   |        22.7321   |   111:06:18   |   17:02:13   |
9170        |          -2352   |       -2374.73   |        22.7305   |   111:09:56   |   17:01:56   |
9171        |       -2350.65   |       -2371.73   |        21.0847   |   111:23:10   |   17:03:08   |
9172        |       -2350.69   |       -2371.72   |        21.0291   |   111:26:26   |   17:02:47   |
9173        |       -2350.82   |       -2370.09   |        19.2655   |   111:29:56   |   17:02:29   |
9174        |       -2350.31   |       -2371.86   |        21.5464   |   111:33:08   |   17:02:08   |
9175        |       -2351.33   |       -2370.99   |        19.6683   |   111:36:37   |   17:01:49   |
9176        |       -2358.44   |       -2378.35   |        19.9043   |   111:40:08   |   17:01:31   |
9177        |       -2355.11   |       -2375.19   |        20.0793   |   111:43:40   |   17:01:13   |
9178        |        -2354.2   |        -2374.5   |        20.3057   |   111:47:07   |   17:00:54   |
9179        |       -2354.73   |       -2374.86   |        20.1348   |   111:50:40   |   17:00:36   |


Iter        |      Posterior   |     Likelihood   |          Prior   |    elapsed   |        ETA   |
----------------------------------------------------------------------------------------------------
9180        |          -2353   |       -2373.63   |        20.6354   |   111:54:11   |   17:00:17   |
9181        |       -2351.96   |       -2369.75   |         17.792   |   112:08:06   |   17:01:33   |
9182        |       -2350.07   |       -2369.49   |        19.4223   |   112:11:31   |   17:01:14   |
9183        |       -2348.05   |       -2366.35   |        18.2963   |   112:14:53   |   17:00:54   |
9184        |       -2349.91   |       -2369.43   |        19.5262   |   112:17:46   |   17:00:29   |
9185        |       -2351.61   |       -2371.32   |         19.707   |   112:21:06   |   17:00:09   |
9186        |       -2351.19   |       -2371.65   |          20.46   |   112:24:05   |   16:59:45   |
9187        |       -2352.17   |       -2371.75   |        19.5861   |   112:27:19   |   16:59:24   |
9188        |       -2352.27   |       -2370.95   |        18.6846   |   112:30:28   |   16:59:02   |
9189        |       -2351.07   |       -2370.89   |        19.8136   |   112:34:14   |   16:58:45   |
9190        |       -2347.42   |       -2368.71   |         21.286   |   112:37:41   |   16:58:25   |
9191        |       -2347.04   |       -2366.73   |        19.6894   |   112:51:40   |   16:59:41   |
9192        |       -2345.35   |       -2366.33   |          20.98   |   112:55:37   |   16:59:26   |
9193        |        -2347.6   |       -2367.35   |        19.7508   |   112:59:14   |   16:59:08   |
9194        |       -2347.31   |       -2366.79   |        19.4767   |   113:02:43   |   16:58:48   |
9195        |       -2351.01   |       -2373.09   |        22.0787   |   113:06:09   |   16:58:28   |
9196        |       -2350.19   |       -2373.61   |        23.4259   |   113:09:05   |   16:58:04   |
9197        |       -2351.17   |       -2375.22   |        24.0532   |   113:12:10   |   16:57:40   |
9198        |       -2351.49   |       -2374.68   |        23.1942   |   113:15:22   |   16:57:18   |
9199        |       -2348.63   |       -2371.79   |        23.1557   |   113:18:12   |   16:56:53   |


Iter        |      Posterior   |     Likelihood   |          Prior   |    elapsed   |        ETA   |
----------------------------------------------------------------------------------------------------
9200        |        -2348.3   |       -2368.93   |        20.6371   |   113:21:30   |   16:56:31   |
9201        |       -2348.99   |       -2368.94   |        19.9463   |   113:34:56   |   16:57:41   |
9202        |        -2352.4   |       -2369.76   |        17.3534   |   113:38:09   |   16:57:18   |
9203        |        -2348.4   |        -2364.5   |        16.0934   |   113:41:28   |   16:56:57   |
9204        |       -2344.93   |       -2365.46   |        20.5316   |   113:44:36   |   16:56:34   |
9205        |       -2343.26   |       -2365.21   |        21.9532   |   113:47:52   |   16:56:12   |
9206        |       -2343.26   |       -2365.21   |        21.9532   |   113:51:09   |   16:55:50   |
9207        |       -2347.71   |       -2370.77   |        23.0657   |   113:54:06   |   16:55:25   |
9208        |       -2346.83   |        -2370.6   |        23.7772   |   113:57:10   |   16:55:01   |
9209        |       -2345.02   |       -2365.09   |         20.067   |   114:00:03   |   16:54:36   |
9210        |       -2345.02   |       -2365.09   |         20.067   |   114:03:24   |   16:54:14   |
9211        |       -2345.61   |       -2366.94   |        21.3314   |   114:16:38   |   16:55:21   |
9212        |       -2344.93   |       -2365.17   |        20.2481   |   114:19:40   |   16:54:57   |
9213        |       -2344.81   |       -2366.54   |         21.727   |   114:22:43   |   16:54:32   |
9214        |       -2343.86   |       -2364.97   |        21.1073   |   114:25:34   |   16:54:06   |
9215        |       -2349.28   |       -2370.97   |         21.686   |   114:28:32   |   16:53:41   |
9216        |       -2348.04   |       -2369.93   |        21.8877   |   114:31:38   |   16:53:17   |
9217        |       -2347.27   |       -2369.22   |        21.9457   |   114:34:38   |   16:52:53   |
9218        |       -2347.66   |       -2370.65   |        22.9955   |   114:38:00   |   16:52:31   |
9219        |       -2346.37   |       -2369.67   |        23.2998   |   114:41:14   |   16:52:08   |


Iter        |      Posterior   |     Likelihood   |          Prior   |    elapsed   |        ETA   |
----------------------------------------------------------------------------------------------------
9220        |       -2347.12   |       -2370.12   |        22.9957   |   114:44:12   |   16:51:43   |
9221        |       -2349.93   |        -2370.8   |        20.8691   |   114:57:09   |   16:52:46   |
9222        |       -2348.15   |        -2369.1   |        20.9449   |   115:00:20   |   16:52:22   |
9223        |       -2349.97   |       -2371.01   |        21.0346   |   115:03:39   |   16:52:00   |
9224        |       -2346.47   |       -2368.81   |        22.3393   |   115:06:45   |   16:51:36   |
9225        |       -2345.12   |       -2367.97   |        22.8514   |   115:09:32   |   16:51:09   |
9226        |       -2345.69   |       -2366.71   |        21.0216   |   115:12:42   |   16:50:45   |
9227        |       -2345.48   |       -2367.19   |          21.71   |   115:15:43   |   16:50:20   |
9228        |       -2349.64   |       -2368.58   |         18.939   |   115:18:48   |   16:49:55   |
9229        |        -2353.1   |       -2373.33   |        20.2228   |   115:21:55   |   16:49:31   |
9230        |       -2348.37   |       -2371.34   |        22.9745   |   115:24:41   |   16:49:04   |
9231        |       -2346.44   |       -2368.58   |        22.1371   |   115:37:27   |   16:50:04   |
9232        |       -2347.87   |       -2371.73   |         23.852   |   115:40:16   |   16:49:36   |
9233        |       -2347.25   |       -2371.89   |        24.6351   |   115:43:18   |   16:49:11   |
9234        |       -2348.53   |       -2371.36   |        22.8337   |   115:46:28   |   16:48:47   |
9235        |       -2347.22   |       -2369.81   |        22.5943   |   115:49:45   |   16:48:24   |
9236        |       -2353.53   |       -2377.25   |        23.7191   |   115:52:38   |   16:47:57   |
9237        |       -2352.52   |       -2376.32   |        23.7979   |   115:55:49   |   16:47:33   |
9238        |        -2348.5   |       -2372.96   |         24.463   |   115:59:07   |   16:47:10   |
9239        |       -2348.12   |       -2371.98   |        23.8654   |   116:02:11   |   16:46:45   |


Iter        |      Posterior   |     Likelihood   |          Prior   |    elapsed   |        ETA   |
----------------------------------------------------------------------------------------------------
9240        |       -2347.62   |       -2372.23   |         24.613   |   116:05:11   |   16:46:19   |
9241        |       -2346.63   |       -2372.09   |        25.4582   |   116:17:34   |   16:47:15   |
9242        |       -2348.23   |       -2372.62   |        24.3862   |   116:20:34   |   16:46:49   |
9243        |       -2348.27   |       -2374.75   |        26.4819   |   116:23:39   |   16:46:24   |
9244        |       -2349.63   |       -2376.17   |        26.5421   |   116:26:37   |   16:45:58   |
9245        |        -2351.3   |       -2378.23   |        26.9335   |   116:29:36   |   16:45:32   |
9246        |       -2351.86   |       -2377.99   |         26.126   |   116:32:22   |   16:45:04   |
9247        |       -2355.03   |       -2379.18   |        24.1516   |   116:35:24   |   16:44:38   |
9248        |       -2355.43   |        -2376.8   |        21.3768   |   116:38:04   |   16:44:09   |
9249        |       -2354.15   |       -2376.94   |        22.7889   |   116:41:00   |   16:43:42   |
9250        |       -2354.68   |       -2376.23   |        21.5547   |   116:43:59   |   16:43:16   |
9251        |        -2354.4   |       -2375.24   |        20.8448   |   116:56:29   |   16:44:11   |
9252        |       -2355.02   |       -2376.36   |        21.3447   |   116:59:44   |   16:43:47   |
9253        |        -2354.7   |       -2375.77   |        21.0749   |   117:03:04   |   16:43:24   |
9254        |       -2354.22   |       -2375.21   |        20.9894   |   117:06:06   |   16:42:58   |
9255        |       -2354.22   |       -2375.21   |        20.9894   |   117:09:29   |   16:42:35   |
9256        |       -2357.55   |       -2379.47   |         21.918   |   117:12:51   |   16:42:11   |
9257        |       -2355.39   |       -2379.21   |        23.8268   |   117:15:50   |   16:41:45   |
9258        |       -2351.56   |       -2374.85   |        23.2916   |   117:18:45   |   16:41:17   |
9259        |       -2357.13   |       -2380.63   |        23.5001   |   117:21:48   |   16:40:51   |


Iter        |      Posterior   |     Likelihood   |          Prior   |    elapsed   |        ETA   |
----------------------------------------------------------------------------------------------------
9260        |       -2355.15   |        -2379.3   |        24.1505   |   117:24:33   |   16:40:23   |
9261        |       -2354.91   |        -2379.9   |        24.9965   |   117:36:52   |   16:41:15   |
9262        |       -2353.75   |       -2378.37   |        24.6213   |   117:39:40   |   16:40:47   |
9263        |       -2353.75   |       -2378.37   |        24.6213   |   117:42:56   |   16:40:23   |
9264        |       -2354.44   |       -2377.42   |        22.9748   |   117:45:47   |   16:39:55   |
9265        |       -2353.33   |       -2372.87   |        19.5433   |   117:48:58   |   16:39:29   |
9266        |       -2354.73   |       -2375.94   |        21.2102   |   117:51:55   |   16:39:02   |
9267        |       -2354.94   |       -2376.12   |        21.1864   |   117:55:21   |   16:38:39   |
9268        |        -2353.9   |       -2376.03   |        22.1221   |   117:58:32   |   16:38:14   |
9269        |       -2354.62   |       -2377.32   |         22.707   |   118:01:13   |   16:37:44   |
9270        |       -2354.89   |       -2377.75   |         22.863   |   118:04:19   |   16:37:18   |
9271        |        -2353.9   |       -2377.21   |        23.3077   |   118:17:09   |   16:38:14   |
9272        |       -2351.47   |       -2376.63   |        25.1566   |   118:20:16   |   16:37:48   |
9273        |       -2351.33   |       -2374.24   |        22.9028   |   118:22:59   |   16:37:18   |
9274        |          -2351   |       -2373.87   |        22.8728   |   118:25:55   |   16:36:51   |
9275        |       -2349.12   |       -2372.91   |        23.7907   |   118:28:55   |   16:36:23   |
9276        |       -2351.23   |       -2374.55   |        23.3175   |   118:31:45   |   16:35:55   |
9277        |       -2355.27   |       -2378.59   |        23.3286   |   118:34:35   |   16:35:26   |
9278        |       -2354.06   |       -2376.33   |        22.2708   |   118:37:30   |   16:34:58   |
9279        |       -2355.13   |       -2377.71   |        22.5712   |   118:40:38   |   16:34:32   |


Iter        |      Posterior   |     Likelihood   |          Prior   |    elapsed   |        ETA   |
----------------------------------------------------------------------------------------------------
9280        |       -2350.73   |       -2372.47   |         21.741   |   118:43:00   |   16:33:59   |
9281        |       -2348.96   |       -2371.08   |        22.1171   |   118:55:44   |   16:34:53   |
9282        |       -2354.53   |       -2374.05   |         19.518   |   118:58:47   |   16:34:26   |
9283        |       -2357.59   |       -2375.16   |         17.564   |   119:01:51   |   16:33:59   |
9284        |       -2358.79   |       -2378.64   |        19.8558   |   119:04:53   |   16:33:32   |
9285        |       -2361.38   |        -2381.7   |        20.3225   |   119:07:58   |   16:33:05   |
9286        |       -2360.43   |       -2382.85   |        22.4271   |   119:10:50   |   16:32:36   |
9287        |       -2357.41   |       -2378.24   |        20.8284   |   119:13:55   |   16:32:09   |
9288        |       -2353.51   |        -2373.4   |        19.8935   |   119:17:14   |   16:31:44   |
9289        |       -2353.91   |       -2374.02   |        20.1104   |   119:20:13   |   16:31:17   |
9290        |       -2351.33   |        -2373.8   |        22.4689   |   119:22:57   |   16:30:47   |
9291        |       -2350.18   |       -2371.56   |        21.3805   |   119:35:37   |   16:31:39   |
9292        |       -2352.76   |       -2371.44   |        18.6792   |   119:38:35   |   16:31:11   |
9293        |       -2350.32   |       -2368.42   |        18.0951   |   119:41:55   |   16:30:46   |
9294        |       -2353.71   |       -2372.41   |        18.7062   |   119:45:14   |   16:30:20   |
9295        |       -2353.09   |       -2371.04   |        17.9493   |   119:48:40   |   16:29:56   |
9296        |       -2349.01   |       -2368.69   |        19.6825   |   119:52:00   |   16:29:31   |
9297        |       -2348.68   |       -2369.45   |        20.7645   |   119:55:07   |   16:29:04   |
9298        |       -2355.44   |       -2377.03   |        21.5844   |   119:58:23   |   16:28:38   |
9299        |        -2353.1   |       -2376.34   |        23.2362   |   120:01:35   |   16:28:11   |


Iter        |      Posterior   |     Likelihood   |          Prior   |    elapsed   |        ETA   |
----------------------------------------------------------------------------------------------------
9300        |       -2356.99   |       -2380.68   |        23.6905   |   120:04:38   |   16:27:43   |
9301        |       -2351.06   |       -2372.08   |        21.0287   |   120:17:08   |   16:28:33   |
9302        |       -2347.68   |       -2368.75   |        21.0745   |   120:20:16   |   16:28:06   |
9303        |       -2352.18   |       -2371.54   |        19.3599   |   120:23:18   |   16:27:38   |
9304        |       -2357.18   |       -2376.46   |        19.2814   |   120:26:32   |   16:27:12   |
9305        |       -2357.07   |        -2375.9   |        18.8308   |   120:29:53   |   16:26:46   |
9306        |       -2351.74   |       -2372.11   |        20.3736   |   120:32:50   |   16:26:17   |
9307        |        -2346.2   |       -2365.24   |        19.0358   |   120:35:58   |   16:25:50   |
9308        |       -2349.79   |       -2368.66   |        18.8661   |   120:39:15   |   16:25:24   |
9309        |       -2348.75   |       -2365.71   |        16.9593   |   120:42:39   |   16:24:58   |
9310        |       -2353.31   |       -2366.88   |        13.5632   |   120:45:53   |   16:24:32   |
9311        |       -2358.23   |       -2371.52   |        13.2873   |   120:59:54   |   16:25:33   |
9312        |       -2358.08   |       -2368.98   |        10.9054   |   121:03:04   |   16:25:06   |
9313        |       -2352.37   |       -2363.71   |        11.3452   |   121:06:19   |   16:24:39   |
9314        |       -2352.52   |       -2366.57   |        14.0502   |   121:09:44   |   16:24:13   |
9315        |       -2347.56   |       -2365.32   |        17.7614   |   121:13:12   |   16:23:48   |
9316        |       -2347.02   |       -2364.85   |        17.8265   |   121:16:33   |   16:23:22   |
9317        |       -2347.37   |       -2365.43   |        18.0639   |   121:19:50   |   16:22:56   |
9318        |       -2349.93   |       -2368.44   |        18.5112   |   121:22:59   |   16:22:28   |
9319        |       -2350.16   |        -2368.1   |        17.9439   |   121:26:11   |   16:22:01   |


Iter        |      Posterior   |     Likelihood   |          Prior   |    elapsed   |        ETA   |
----------------------------------------------------------------------------------------------------
9320        |       -2349.66   |       -2368.02   |        18.3559   |   121:29:23   |   16:21:33   |
9321        |        -2350.2   |       -2370.75   |        20.5588   |   121:42:13   |   16:22:24   |
9322        |       -2347.17   |       -2366.21   |        19.0423   |   121:45:19   |   16:21:55   |
9323        |       -2349.82   |       -2371.64   |        21.8125   |   121:48:13   |   16:21:25   |
9324        |       -2344.71   |       -2365.28   |        20.5635   |   121:51:26   |   16:20:58   |
9325        |       -2345.29   |       -2367.08   |        21.7889   |   121:54:34   |   16:20:30   |
9326        |       -2344.74   |       -2366.35   |        21.6056   |   121:57:39   |   16:20:01   |
9327        |       -2343.69   |       -2365.64   |        21.9511   |   122:00:49   |   16:19:33   |
9328        |       -2345.95   |        -2367.1   |        21.1526   |   122:03:52   |   16:19:04   |
9329        |       -2349.39   |        -2372.6   |         23.204   |   122:07:09   |   16:18:37   |
9330        |       -2346.24   |       -2369.97   |        23.7244   |   122:10:13   |   16:18:08   |
9331        |       -2350.86   |       -2375.37   |         24.509   |   122:22:35   |   16:18:54   |
9332        |       -2349.82   |       -2374.46   |        24.6374   |   122:25:19   |   16:18:22   |
9333        |        -2347.2   |       -2371.72   |        24.5163   |   122:28:24   |   16:17:53   |
9334        |       -2348.18   |       -2370.52   |        22.3393   |   122:31:31   |   16:17:25   |
9335        |       -2350.16   |        -2371.9   |        21.7329   |   122:34:43   |   16:16:57   |
9336        |        -2350.1   |       -2372.48   |        22.3821   |   122:37:45   |   16:16:27   |
9337        |        -2347.9   |       -2371.35   |        23.4534   |   122:41:04   |   16:16:00   |
9338        |        -2346.4   |       -2369.75   |        23.3493   |   122:44:24   |   16:15:33   |
9339        |       -2346.16   |       -2368.83   |        22.6741   |   122:47:23   |   16:15:03   |


Iter        |      Posterior   |     Likelihood   |          Prior   |    elapsed   |        ETA   |
----------------------------------------------------------------------------------------------------
9340        |       -2347.35   |       -2370.84   |         23.487   |   122:50:11   |   16:14:32   |
9341        |       -2347.46   |       -2369.61   |        22.1418   |   123:03:05   |   16:15:20   |
9342        |       -2350.69   |        -2370.3   |        19.6031   |   123:06:21   |   16:14:53   |
9343        |       -2348.75   |       -2368.24   |        19.4857   |   123:09:18   |   16:14:22   |
9344        |       -2348.85   |       -2369.49   |        20.6407   |   123:12:26   |   16:13:53   |
9345        |        -2347.5   |        -2369.8   |        22.3008   |   123:15:28   |   16:13:24   |
9346        |       -2350.97   |       -2373.88   |        22.9153   |   123:18:27   |   16:12:53   |
9347        |       -2349.95   |       -2372.81   |        22.8657   |   123:21:56   |   16:12:27   |
9348        |       -2350.83   |       -2373.56   |        22.7272   |   123:25:11   |   16:11:59   |
9349        |       -2353.24   |       -2372.03   |        18.7894   |   123:28:32   |   16:11:31   |
9350        |       -2352.25   |       -2370.62   |        18.3714   |   123:31:51   |   16:11:04   |
9351        |       -2351.82   |       -2369.58   |        17.7528   |   123:45:12   |   16:11:55   |
9352        |       -2352.62   |        -2372.7   |        20.0838   |   123:48:44   |   16:11:29   |
9353        |       -2349.85   |       -2370.41   |        20.5599   |   123:51:59   |   16:11:00   |
9354        |       -2346.27   |        -2367.7   |        21.4347   |   123:55:04   |   16:10:31   |
9355        |       -2345.59   |       -2369.62   |        24.0236   |   123:58:04   |   16:10:00   |
9356        |       -2346.79   |       -2364.83   |        18.0424   |   124:01:21   |   16:09:32   |
9357        |       -2347.01   |        -2363.9   |         16.891   |   124:04:51   |   16:09:05   |
9358        |       -2347.01   |        -2363.9   |         16.891   |   124:08:26   |   16:08:39   |
9359        |       -2347.01   |        -2363.9   |         16.891   |   124:12:05   |   16:08:14   |


Iter        |      Posterior   |     Likelihood   |          Prior   |    elapsed   |        ETA   |
----------------------------------------------------------------------------------------------------
9360        |       -2347.01   |       -2365.51   |        18.5014   |   124:15:18   |   16:07:45   |
9361        |       -2347.18   |       -2365.68   |        18.5009   |   124:28:36   |   16:08:34   |
9362        |       -2347.18   |       -2365.68   |        18.5009   |   124:32:08   |   16:08:08   |
9363        |       -2347.18   |       -2365.68   |        18.5009   |   124:35:36   |   16:07:41   |
9364        |       -2350.64   |       -2365.86   |        15.2131   |   124:38:58   |   16:07:13   |
9365        |       -2350.64   |       -2365.86   |        15.2131   |   124:42:26   |   16:06:45   |
9366        |       -2349.01   |       -2364.56   |        15.5459   |   124:46:13   |   16:06:21   |
9367        |        -2348.2   |       -2362.99   |        14.7907   |   124:49:19   |   16:05:50   |
9368        |       -2350.08   |       -2365.24   |        15.1594   |   124:52:41   |   16:05:22   |
9369        |       -2350.21   |       -2365.07   |        14.8654   |   124:56:24   |   16:04:57   |
9370        |       -2347.67   |        -2364.5   |         16.825   |   125:00:01   |   16:04:30   |
9371        |       -2347.67   |        -2364.5   |         16.825   |   125:13:10   |   16:05:18   |
9372        |       -2347.67   |        -2364.5   |         16.825   |   125:16:43   |   16:04:51   |
9373        |       -2347.67   |        -2364.5   |         16.825   |   125:20:02   |   16:04:22   |
9374        |       -2347.67   |        -2364.5   |         16.825   |   125:23:42   |   16:03:56   |
9375        |       -2347.67   |        -2364.5   |         16.825   |   125:27:21   |   16:03:30   |
9376        |        -2348.1   |       -2364.99   |        16.8926   |   125:31:02   |   16:03:03   |
9377        |       -2350.14   |       -2369.19   |        19.0515   |   125:34:06   |   16:02:33   |
9378        |       -2351.46   |       -2371.59   |        20.1309   |   125:37:28   |   16:02:04   |
9379        |       -2351.25   |       -2370.36   |        19.1101   |   125:40:36   |   16:01:34   |


Iter        |      Posterior   |     Likelihood   |          Prior   |    elapsed   |        ETA   |
----------------------------------------------------------------------------------------------------
9380        |       -2351.16   |       -2370.62   |        19.4599   |   125:43:44   |   16:01:03   |
9381        |       -2351.39   |       -2370.97   |        19.5754   |   125:56:40   |   16:01:48   |
9382        |       -2348.07   |        -2367.2   |        19.1246   |   125:59:52   |   16:01:18   |
9383        |       -2347.07   |       -2366.14   |        19.0714   |   126:03:16   |   16:00:49   |
9384        |       -2346.41   |       -2365.58   |        19.1642   |   126:06:22   |   16:00:18   |
9385        |       -2349.11   |       -2367.55   |          18.44   |   126:09:38   |   15:59:48   |
9386        |       -2346.96   |       -2365.87   |        18.9071   |   126:12:48   |   15:59:18   |
9387        |       -2347.33   |       -2367.47   |        20.1435   |   126:15:47   |   15:58:46   |
9388        |       -2347.65   |       -2366.85   |        19.2079   |   126:19:04   |   15:58:16   |
9389        |       -2346.15   |       -2366.39   |        20.2412   |   126:22:20   |   15:57:47   |
9390        |       -2345.36   |       -2365.47   |        20.1081   |   126:25:33   |   15:57:16   |
9391        |        -2343.4   |       -2364.84   |        21.4346   |   126:38:11   |   15:57:57   |
9392        |        -2344.1   |       -2363.99   |        19.8836   |   126:41:08   |   15:57:25   |
9393        |       -2347.21   |       -2366.32   |        19.1112   |   126:44:24   |   15:56:55   |
9394        |        -2347.6   |       -2366.52   |        18.9114   |   126:47:35   |   15:56:24   |
9395        |        -2347.6   |       -2366.52   |        18.9114   |   126:51:07   |   15:55:56   |
9396        |       -2348.24   |       -2366.97   |        18.7354   |   126:54:32   |   15:55:27   |
9397        |       -2349.74   |       -2368.35   |        18.6115   |   126:57:50   |   15:54:57   |
9398        |       -2350.37   |       -2369.14   |        18.7668   |   127:01:15   |   15:54:28   |
9399        |       -2351.27   |       -2370.04   |        18.7696   |   127:04:51   |   15:54:01   |


Iter        |      Posterior   |     Likelihood   |          Prior   |    elapsed   |        ETA   |
----------------------------------------------------------------------------------------------------
9400        |       -2347.39   |       -2365.54   |        18.1502   |   127:07:57   |   15:53:29   |
9401        |       -2346.82   |       -2365.11   |        18.2893   |   127:20:47   |   15:54:11   |
9402        |       -2349.76   |       -2367.43   |        17.6756   |   127:23:57   |   15:53:39   |
9403        |       -2348.51   |       -2366.21   |        17.7086   |   127:27:00   |   15:53:07   |
9404        |       -2348.18   |       -2366.29   |        18.1173   |   127:30:23   |   15:52:38   |
9405        |       -2349.12   |       -2367.15   |        18.0331   |   127:33:37   |   15:52:07   |
9406        |       -2348.23   |       -2368.86   |        20.6367   |   127:36:42   |   15:51:35   |
9407        |       -2351.23   |       -2369.79   |        18.5524   |   127:39:49   |   15:51:03   |
9408        |       -2349.12   |       -2367.56   |        18.4367   |   127:42:52   |   15:50:31   |
9409        |       -2347.24   |       -2365.74   |        18.5017   |   127:46:06   |   15:50:00   |
9410        |       -2348.41   |       -2365.85   |        17.4387   |   127:49:24   |   15:49:30   |
9411        |       -2345.23   |       -2364.66   |        19.4301   |   128:02:00   |   15:50:08   |
9412        |       -2345.22   |       -2365.41   |        20.1916   |   128:05:16   |   15:49:38   |
9413        |       -2346.31   |       -2365.89   |        19.5782   |   128:08:29   |   15:49:06   |
9414        |       -2348.84   |       -2368.13   |        19.2851   |   128:11:29   |   15:48:34   |
9415        |        -2349.8   |       -2365.78   |        15.9794   |   128:14:52   |   15:48:03   |
9416        |       -2345.77   |       -2367.34   |        21.5739   |   128:18:04   |   15:47:32   |
9417        |       -2348.35   |       -2368.01   |        19.6556   |   128:21:18   |   15:47:01   |
9418        |       -2348.25   |       -2369.81   |        21.5582   |   128:24:47   |   15:46:31   |
9419        |        -2350.3   |       -2372.07   |        21.7756   |   128:28:08   |   15:46:01   |


Iter        |      Posterior   |     Likelihood   |          Prior   |    elapsed   |        ETA   |
----------------------------------------------------------------------------------------------------
9420        |       -2353.38   |       -2375.72   |        22.3452   |   128:31:11   |   15:45:28   |
9421        |       -2355.22   |       -2377.99   |         22.771   |   128:44:06   |   15:46:08   |
9422        |       -2352.89   |       -2376.26   |        23.3693   |   128:47:20   |   15:45:37   |
9423        |       -2355.55   |       -2378.16   |        22.6088   |   128:50:26   |   15:45:04   |
9424        |       -2355.55   |       -2378.16   |        22.6088   |   128:53:50   |   15:44:34   |
9425        |       -2352.56   |       -2376.09   |        23.5326   |   128:57:22   |   15:44:04   |
9426        |       -2352.41   |        -2374.7   |        22.2892   |   129:00:09   |   15:43:30   |
9427        |       -2353.16   |       -2376.16   |        23.0032   |   129:03:10   |   15:42:56   |
9428        |       -2350.97   |       -2372.77   |        21.7908   |   129:06:11   |   15:42:23   |
9429        |       -2351.22   |       -2373.03   |        21.8152   |   129:09:12   |   15:41:50   |
9430        |       -2347.48   |       -2369.73   |        22.2456   |   129:12:06   |   15:41:16   |
9431        |       -2346.71   |       -2367.21   |        20.4936   |   129:24:45   |   15:41:52   |
9432        |       -2347.36   |       -2368.51   |        21.1487   |   129:28:06   |   15:41:21   |
9433        |        -2350.4   |       -2372.01   |        21.6157   |   129:31:25   |   15:40:50   |
9434        |       -2348.81   |       -2372.57   |        23.7627   |   129:34:52   |   15:40:20   |
9435        |       -2349.45   |        -2373.1   |        23.6502   |   129:37:48   |   15:39:45   |
9436        |       -2348.09   |       -2372.03   |        23.9398   |   129:41:13   |   15:39:15   |
9437        |       -2345.18   |       -2369.25   |        24.0668   |   129:44:18   |   15:38:42   |
9438        |       -2347.82   |       -2369.73   |        21.9129   |   129:47:32   |   15:38:10   |
9439        |       -2347.01   |       -2366.24   |        19.2312   |   129:50:40   |   15:37:37   |


Iter        |      Posterior   |     Likelihood   |          Prior   |    elapsed   |        ETA   |
----------------------------------------------------------------------------------------------------
9440        |       -2346.45   |       -2367.49   |        21.0433   |   129:53:41   |   15:37:03   |
9441        |       -2346.86   |       -2367.98   |        21.1217   |   130:06:26   |   15:37:39   |
9442        |       -2347.71   |       -2368.59   |        20.8791   |   130:09:52   |   15:37:09   |
9443        |        -2347.4   |       -2369.81   |        22.4145   |   130:13:09   |   15:36:37   |
9444        |       -2346.79   |       -2368.52   |        21.7249   |   130:16:25   |   15:36:04   |
9445        |       -2349.74   |       -2371.42   |        21.6795   |   130:19:29   |   15:35:31   |
9446        |       -2347.34   |       -2370.11   |        22.7722   |   130:22:57   |   15:35:00   |
9447        |       -2349.38   |       -2369.21   |        19.8357   |   130:26:12   |   15:34:28   |
9448        |        -2349.1   |       -2366.64   |        17.5463   |   130:29:24   |   15:33:55   |
9449        |       -2347.68   |       -2367.48   |        19.8087   |   130:32:48   |   15:33:24   |
9450        |       -2348.02   |       -2367.76   |        19.7331   |   130:36:08   |   15:32:52   |
9451        |       -2348.82   |       -2367.88   |        19.0611   |   130:49:30   |   15:33:32   |
9452        |       -2349.15   |       -2368.51   |        19.3585   |   130:52:50   |   15:33:00   |
9453        |       -2349.53   |       -2369.16   |        19.6302   |   130:56:01   |   15:32:27   |
9454        |       -2349.58   |       -2370.49   |        20.9061   |   130:59:24   |   15:31:55   |
9455        |       -2349.53   |       -2373.27   |        23.7358   |   131:02:48   |   15:31:23   |
9456        |       -2351.38   |       -2375.33   |        23.9511   |   131:06:01   |   15:30:50   |
9457        |       -2348.36   |       -2371.89   |        23.5286   |   131:09:13   |   15:30:17   |
9458        |       -2347.08   |       -2370.47   |        23.3931   |   131:12:29   |   15:29:44   |
9459        |       -2346.02   |       -2368.82   |        22.7947   |   131:15:35   |   15:29:11   |


Iter        |      Posterior   |     Likelihood   |          Prior   |    elapsed   |        ETA   |
----------------------------------------------------------------------------------------------------
9460        |       -2346.77   |       -2369.04   |        22.2694   |   131:18:45   |   15:28:37   |
9461        |       -2347.21   |        -2369.3   |        22.0929   |   131:31:38   |   15:29:12   |
9462        |       -2349.68   |       -2368.82   |        19.1389   |   131:34:36   |   15:28:37   |
9463        |       -2347.25   |       -2368.51   |        21.2625   |   131:37:47   |   15:28:04   |
9464        |       -2349.21   |       -2367.59   |        18.3779   |   131:41:04   |   15:27:31   |
9465        |       -2349.35   |       -2368.27   |        18.9146   |   131:44:15   |   15:26:57   |
9466        |        -2350.7   |       -2369.71   |        19.0061   |   131:47:25   |   15:26:24   |
9467        |          -2354   |       -2371.26   |        17.2624   |   131:50:45   |   15:25:51   |
9468        |       -2352.74   |       -2372.38   |        19.6419   |   131:53:55   |   15:25:17   |
9469        |       -2353.03   |       -2373.75   |        20.7205   |   131:57:16   |   15:24:45   |
9470        |       -2352.03   |        -2369.1   |        17.0707   |   132:00:29   |   15:24:11   |
9471        |       -2352.27   |       -2369.21   |        16.9321   |   132:13:37   |   15:24:47   |
9472        |       -2352.95   |       -2370.63   |         17.678   |   132:16:57   |   15:24:14   |
9473        |       -2355.52   |       -2374.18   |        18.6583   |   132:20:09   |   15:23:40   |
9474        |       -2355.98   |       -2377.12   |        21.1351   |   132:23:28   |   15:23:07   |
9475        |        -2357.6   |       -2378.59   |        20.9855   |   132:26:47   |   15:22:34   |
9476        |       -2355.42   |          -2380   |         24.577   |   132:29:44   |   15:21:59   |
9477        |       -2357.24   |        -2381.2   |        23.9609   |   132:32:55   |   15:21:25   |
9478        |        -2359.3   |       -2376.98   |        17.6795   |   132:36:07   |   15:20:51   |
9479        |       -2359.02   |        -2376.1   |         17.082   |   132:39:24   |   15:20:17   |


Iter        |      Posterior   |     Likelihood   |          Prior   |    elapsed   |        ETA   |
----------------------------------------------------------------------------------------------------
9480        |       -2358.46   |       -2378.77   |        20.3012   |   132:42:30   |   15:19:43   |
9481        |       -2357.51   |       -2378.33   |        20.8123   |   132:55:32   |   15:20:17   |
9482        |       -2356.38   |       -2378.06   |        21.6751   |   132:58:37   |   15:19:42   |
9483        |       -2356.38   |       -2378.06   |        21.6751   |   133:02:11   |   15:19:10   |
9484        |       -2357.39   |       -2379.17   |        21.7863   |   133:05:19   |   15:18:35   |
9485        |       -2357.41   |       -2379.97   |        22.5601   |   133:08:38   |   15:18:02   |
9486        |       -2358.42   |       -2380.93   |        22.5106   |   133:11:49   |   15:17:27   |
9487        |       -2358.85   |       -2383.93   |         25.081   |   133:14:40   |   15:16:51   |
9488        |       -2362.49   |       -2384.09   |        21.6042   |   133:17:54   |   15:16:17   |
9489        |        -2359.8   |       -2383.15   |        23.3471   |   133:21:23   |   15:15:44   |
9490        |       -2358.64   |       -2381.67   |        23.0249   |   133:24:57   |   15:15:12   |
9491        |        -2356.4   |       -2377.04   |         20.642   |   133:37:54   |   15:15:45   |
9492        |       -2358.24   |       -2376.77   |        18.5364   |   133:40:56   |   15:15:09   |
9493        |       -2353.72   |       -2372.78   |        19.0593   |   133:44:20   |   15:14:36   |
9494        |       -2350.75   |       -2371.96   |        21.2084   |   133:47:30   |   15:14:01   |
9495        |       -2352.47   |        -2371.8   |        19.3299   |   133:50:22   |   15:13:24   |
9496        |       -2350.41   |       -2371.13   |        20.7164   |   133:53:41   |   15:12:50   |
9497        |       -2352.93   |       -2371.31   |        18.3794   |   133:57:21   |   15:12:18   |
9498        |       -2351.71   |       -2371.12   |        19.4138   |   134:00:15   |   15:11:42   |
9499        |       -2350.55   |       -2371.65   |        21.0938   |   134:03:26   |   15:11:07   |


Iter        |      Posterior   |     Likelihood   |          Prior   |    elapsed   |        ETA   |
----------------------------------------------------------------------------------------------------
9500        |       -2352.29   |       -2371.65   |         19.368   |   134:06:34   |   15:10:31   |
9501        |        -2352.5   |       -2372.62   |        20.1171   |   134:20:03   |   15:11:06   |
9502        |        -2353.2   |       -2373.08   |         19.879   |   134:23:21   |   15:10:32   |
9503        |       -2353.39   |        -2372.8   |        19.4117   |   134:27:00   |   15:10:00   |
9504        |       -2354.77   |       -2375.52   |        20.7431   |   134:30:15   |   15:09:25   |
9505        |       -2355.43   |        -2376.1   |        20.6665   |   134:33:27   |   15:08:50   |
9506        |       -2356.18   |       -2376.72   |        20.5409   |   134:37:06   |   15:08:18   |
9507        |       -2353.11   |       -2375.04   |        21.9324   |   134:40:20   |   15:07:43   |
9508        |       -2352.23   |        -2376.1   |        23.8652   |   134:43:21   |   15:07:07   |
9509        |       -2350.67   |       -2376.27   |        25.5972   |   134:46:18   |   15:06:30   |
9510        |       -2351.42   |       -2376.25   |        24.8251   |   134:49:50   |   15:05:57   |
9511        |       -2354.11   |       -2379.15   |        25.0429   |   135:02:14   |   15:06:24   |
9512        |       -2354.81   |       -2378.38   |        23.5735   |   135:05:24   |   15:05:48   |
9513        |       -2356.85   |       -2380.52   |        23.6695   |   135:08:50   |   15:05:14   |
9514        |       -2355.48   |       -2378.59   |        23.1171   |   135:12:13   |   15:04:40   |
9515        |       -2355.98   |       -2379.32   |        23.3428   |   135:15:52   |   15:04:07   |
9516        |       -2355.98   |       -2379.32   |        23.3428   |   135:19:31   |   15:03:35   |
9517        |       -2356.05   |       -2379.56   |        23.5111   |   135:22:49   |   15:03:00   |
9518        |       -2353.47   |        -2377.5   |        24.0316   |   135:26:07   |   15:02:25   |
9519        |        -2355.2   |       -2381.54   |        26.3405   |   135:29:32   |   15:01:51   |


Iter        |      Posterior   |     Likelihood   |          Prior   |    elapsed   |        ETA   |
----------------------------------------------------------------------------------------------------
9520        |       -2353.36   |       -2380.66   |        27.3044   |   135:32:57   |   15:01:17   |
9521        |        -2351.7   |       -2378.28   |        26.5792   |   135:45:28   |   15:01:43   |
9522        |          -2351   |       -2376.38   |        25.3793   |   135:48:47   |   15:01:08   |
9523        |          -2349   |        -2374.7   |        25.6986   |   135:52:03   |   15:00:33   |
9524        |       -2353.45   |       -2378.93   |        25.4766   |   135:55:32   |   14:59:59   |
9525        |       -2351.39   |       -2375.36   |         23.969   |   135:59:00   |   14:59:25   |
9526        |       -2351.38   |       -2375.16   |        23.7808   |   136:01:57   |   14:58:47   |
9527        |        -2350.2   |       -2372.79   |        22.5933   |   136:05:08   |   14:58:11   |
9528        |        -2350.2   |       -2372.79   |        22.5933   |   136:08:46   |   14:57:38   |
9529        |          -2350   |       -2372.68   |        22.6764   |   136:12:21   |   14:57:04   |
9530        |       -2349.28   |       -2372.05   |        22.7764   |   136:15:51   |   14:56:30   |
9531        |       -2349.28   |       -2372.05   |        22.7764   |   136:29:33   |   14:57:03   |
9532        |       -2349.77   |       -2372.66   |        22.8899   |   136:33:08   |   14:56:30   |
9533        |       -2349.77   |       -2372.66   |        22.8899   |   136:36:50   |   14:55:57   |
9534        |       -2349.77   |       -2372.66   |        22.8899   |   136:40:33   |   14:55:24   |
9535        |       -2349.77   |       -2372.66   |        22.8899   |   136:44:08   |   14:54:50   |
9536        |       -2349.77   |       -2372.66   |        22.8899   |   136:47:50   |   14:54:17   |
9537        |       -2349.77   |       -2372.66   |        22.8899   |   136:51:25   |   14:53:43   |
9538        |       -2349.77   |       -2372.66   |        22.8899   |   136:55:06   |   14:53:10   |
9539        |       -2348.71   |        -2371.8   |        23.0933   |   136:58:48   |   14:52:37   |


Iter        |      Posterior   |     Likelihood   |          Prior   |    elapsed   |        ETA   |
----------------------------------------------------------------------------------------------------
9540        |        -2349.6   |       -2374.23   |        24.6295   |   137:01:56   |   14:52:00   |
9541        |       -2349.55   |       -2373.85   |        24.2996   |   137:15:22   |   14:52:30   |
9542        |       -2351.88   |       -2377.51   |        25.6314   |   137:18:39   |   14:51:54   |
9543        |       -2350.57   |       -2375.55   |        24.9774   |   137:21:35   |   14:51:15   |
9544        |       -2350.57   |       -2375.55   |        24.9774   |   137:25:07   |   14:50:41   |
9545        |       -2350.92   |       -2372.71   |        21.7861   |   137:28:30   |   14:50:05   |
9546        |       -2348.86   |       -2368.13   |        19.2693   |   137:31:44   |   14:49:29   |
9547        |       -2350.01   |       -2368.58   |        18.5763   |   137:34:59   |   14:48:52   |
9548        |       -2348.13   |        -2366.9   |        18.7777   |   137:37:59   |   14:48:14   |
9549        |       -2348.98   |       -2367.95   |        18.9694   |   137:41:19   |   14:47:38   |
9550        |       -2350.33   |       -2370.72   |         20.395   |   137:44:34   |   14:47:02   |
9551        |       -2350.33   |       -2370.72   |         20.395   |   138:00:24   |   14:47:46   |
9552        |       -2350.76   |        -2371.4   |        20.6354   |   138:03:40   |   14:47:09   |
9553        |       -2346.67   |       -2368.37   |        21.7017   |   138:07:02   |   14:46:33   |
9554        |       -2350.19   |       -2371.62   |        21.4391   |   138:10:20   |   14:45:57   |
9555        |        -2349.2   |       -2370.67   |        21.4699   |   138:13:30   |   14:45:20   |
9556        |       -2349.55   |          -2370   |        20.4471   |   138:16:24   |   14:44:40   |
9557        |       -2344.97   |       -2366.38   |        21.4025   |   138:19:33   |   14:44:03   |
9558        |       -2344.97   |       -2366.38   |        21.4025   |   138:22:54   |   14:43:27   |
9559        |       -2344.97   |       -2366.38   |        21.4025   |   138:26:15   |   14:42:50   |


Iter        |      Posterior   |     Likelihood   |          Prior   |    elapsed   |        ETA   |
----------------------------------------------------------------------------------------------------
9560        |       -2344.97   |       -2366.38   |        21.4025   |   138:29:41   |   14:42:15   |
9561        |       -2344.97   |       -2366.38   |        21.4025   |   138:42:31   |   14:42:39   |
9562        |       -2344.97   |       -2366.38   |        21.4025   |   138:46:19   |   14:42:05   |
9563        |       -2344.97   |       -2366.38   |        21.4025   |   138:49:40   |   14:41:28   |
9564        |       -2344.97   |       -2366.38   |        21.4025   |   138:52:59   |   14:40:52   |
9565        |       -2344.97   |       -2366.38   |        21.4025   |   138:56:42   |   14:40:17   |
9566        |       -2344.97   |       -2366.38   |        21.4025   |   139:00:03   |   14:39:41   |
9567        |       -2344.97   |       -2366.38   |        21.4025   |   139:03:37   |   14:39:06   |
9568        |       -2344.97   |       -2366.38   |        21.4025   |   139:07:14   |   14:38:31   |
9569        |       -2344.97   |       -2366.38   |        21.4025   |   139:10:35   |   14:37:54   |
9570        |       -2344.97   |       -2366.38   |        21.4025   |   139:13:58   |   14:37:17   |
9571        |       -2344.97   |       -2366.38   |        21.4025   |   139:27:11   |   14:37:43   |
9572        |       -2344.53   |       -2365.79   |        21.2557   |   139:30:36   |   14:37:06   |
9573        |       -2343.61   |       -2365.86   |        22.2451   |   139:33:43   |   14:36:28   |
9574        |       -2343.39   |       -2365.63   |        22.2431   |   139:37:01   |   14:35:51   |
9575        |       -2348.36   |        -2370.9   |        22.5328   |   139:40:20   |   14:35:13   |
9576        |       -2347.79   |       -2370.03   |        22.2426   |   139:43:38   |   14:34:36   |
9577        |       -2346.97   |        -2368.5   |         21.525   |   139:46:58   |   14:33:59   |
9578        |        -2347.9   |       -2367.96   |        20.0597   |   139:50:10   |   14:33:21   |
9579        |        -2346.1   |       -2368.54   |        22.4398   |   139:53:17   |   14:32:42   |


Iter        |      Posterior   |     Likelihood   |          Prior   |    elapsed   |        ETA   |
----------------------------------------------------------------------------------------------------
9580        |       -2346.03   |       -2369.63   |        23.6048   |   139:56:38   |   14:32:05   |
9581        |       -2347.79   |       -2371.82   |        24.0277   |   140:09:22   |   14:32:26   |
9582        |       -2345.38   |       -2367.17   |        21.7896   |   140:12:22   |   14:31:47   |
9583        |       -2345.48   |        -2366.1   |        20.6224   |   140:15:33   |   14:31:08   |
9584        |       -2346.56   |       -2366.04   |        19.4777   |   140:18:54   |   14:30:31   |
9585        |       -2347.48   |       -2365.71   |        18.2271   |   140:21:59   |   14:29:52   |
9586        |       -2349.17   |       -2368.63   |        19.4599   |   140:25:08   |   14:29:13   |
9587        |       -2349.17   |       -2368.63   |        19.4599   |   140:28:28   |   14:28:36   |
9588        |       -2349.25   |       -2368.49   |        19.2473   |   140:31:15   |   14:27:55   |
9589        |       -2346.98   |       -2366.66   |        19.6751   |   140:34:17   |   14:27:15   |
9590        |       -2348.02   |       -2369.71   |         21.688   |   140:37:26   |   14:26:37   |
9591        |       -2345.96   |       -2367.44   |        21.4809   |   140:50:10   |   14:26:57   |
9592        |       -2345.88   |       -2366.63   |        20.7476   |   140:53:05   |   14:26:16   |
9593        |       -2349.32   |       -2370.41   |        21.0973   |   140:56:22   |   14:25:38   |
9594        |        -2348.3   |       -2370.06   |          21.76   |   140:59:28   |   14:24:59   |
9595        |       -2348.24   |        -2369.8   |        21.5569   |   141:02:42   |   14:24:21   |
9596        |       -2348.52   |       -2370.03   |        21.5073   |   141:05:19   |   14:23:38   |
9597        |       -2348.75   |       -2370.95   |        22.1993   |   141:08:19   |   14:22:58   |
9598        |       -2350.08   |       -2373.16   |        23.0765   |   141:11:20   |   14:22:18   |
9599        |       -2354.51   |       -2377.96   |        23.4452   |   141:14:23   |   14:21:39   |


Iter        |      Posterior   |     Likelihood   |          Prior   |    elapsed   |        ETA   |
----------------------------------------------------------------------------------------------------
9600        |       -2355.61   |       -2379.09   |        23.4767   |   141:17:16   |   14:20:58   |
9601        |       -2350.25   |       -2373.78   |        23.5302   |   141:29:37   |   14:21:15   |
9602        |          -2351   |       -2374.54   |        23.5497   |   141:32:43   |   14:20:35   |
9603        |       -2353.35   |       -2377.19   |        23.8363   |   141:35:43   |   14:19:55   |
9604        |        -2351.7   |       -2375.41   |        23.7132   |   141:38:37   |   14:19:14   |
9605        |        -2348.7   |        -2371.6   |        22.8986   |   141:41:45   |   14:18:35   |
9606        |       -2349.72   |       -2372.83   |        23.1123   |   141:45:00   |   14:17:56   |
9607        |       -2350.46   |       -2373.79   |        23.3325   |   141:48:14   |   14:17:17   |
9608        |       -2352.57   |       -2375.72   |        23.1482   |   141:51:07   |   14:16:36   |
9609        |       -2352.46   |       -2372.72   |         20.264   |   141:54:16   |   14:15:56   |
9610        |       -2353.13   |       -2376.72   |        23.5852   |   141:57:13   |   14:15:16   |
9611        |       -2353.13   |       -2376.72   |        23.5852   |   142:09:42   |   14:15:32   |
9612        |       -2352.31   |       -2372.41   |        20.1001   |   142:12:39   |   14:14:51   |
9613        |       -2349.11   |       -2370.91   |        21.8007   |   142:15:28   |   14:14:10   |
9614        |       -2349.69   |       -2372.04   |        22.3508   |   142:18:02   |   14:13:26   |
9615        |       -2348.93   |       -2369.56   |        20.6329   |   142:20:45   |   14:12:44   |
9616        |       -2350.63   |       -2370.42   |         19.792   |   142:23:30   |   14:12:02   |
9617        |       -2352.96   |       -2372.23   |        19.2731   |   142:26:27   |   14:11:21   |
9618        |       -2353.45   |       -2371.32   |        17.8722   |   142:29:20   |   14:10:40   |
9619        |       -2350.98   |       -2368.49   |        17.5058   |   142:31:58   |   14:09:57   |


Iter        |      Posterior   |     Likelihood   |          Prior   |    elapsed   |        ETA   |
----------------------------------------------------------------------------------------------------
9620        |       -2350.72   |       -2368.57   |        17.8553   |   142:34:49   |   14:09:15   |
9621        |       -2355.44   |       -2368.07   |        12.6298   |   142:47:29   |   14:09:32   |
9622        |       -2355.86   |       -2368.34   |        12.4835   |   142:50:40   |   14:08:52   |
9623        |       -2354.12   |       -2366.55   |        12.4212   |   142:53:39   |   14:08:11   |
9624        |       -2351.42   |       -2367.14   |        15.7263   |   142:56:59   |   14:07:32   |
9625        |       -2350.18   |       -2369.28   |        19.1062   |   142:59:50   |   14:06:50   |
9626        |       -2347.93   |        -2367.5   |        19.5738   |   143:02:54   |   14:06:09   |
9627        |       -2349.11   |       -2369.93   |        20.8236   |   143:05:32   |   14:05:26   |
9628        |       -2349.84   |       -2368.88   |        19.0367   |   143:08:04   |   14:04:42   |
9629        |        -2350.3   |       -2370.31   |        20.0101   |   143:10:52   |   14:04:00   |
9630        |       -2346.99   |       -2367.39   |        20.3991   |   143:13:40   |   14:03:18   |
9631        |       -2347.69   |        -2369.3   |        21.6071   |   143:25:46   |   14:03:30   |
9632        |       -2347.73   |       -2369.37   |        21.6453   |   143:28:39   |   14:02:48   |
9633        |        -2346.3   |       -2367.03   |        20.7301   |   143:31:44   |   14:02:07   |
9634        |       -2350.23   |       -2364.94   |        14.7024   |   143:34:39   |   14:01:26   |
9635        |       -2351.66   |       -2365.59   |        13.9288   |   143:37:59   |   14:00:46   |
9636        |       -2349.26   |       -2363.43   |         14.167   |   143:41:09   |   14:00:06   |
9637        |       -2354.52   |       -2364.87   |        10.3481   |   143:44:13   |   13:59:25   |
9638        |        -2355.4   |       -2365.12   |        9.71911   |   143:47:26   |   13:58:45   |
9639        |       -2358.99   |       -2370.63   |        11.6388   |   143:50:53   |   13:58:06   |


Iter        |      Posterior   |     Likelihood   |          Prior   |    elapsed   |        ETA   |
----------------------------------------------------------------------------------------------------
9640        |       -2353.88   |       -2367.75   |         13.866   |   143:53:56   |   13:57:25   |
9641        |       -2350.56   |       -2365.92   |        15.3583   |   144:07:21   |   13:57:44   |
9642        |       -2352.34   |        -2367.3   |        14.9684   |   144:10:42   |   13:57:04   |
9643        |       -2353.51   |       -2366.23   |        12.7247   |   144:13:59   |   13:56:24   |
9644        |        -2354.8   |       -2366.35   |        11.5536   |   144:17:00   |   13:55:43   |
9645        |       -2353.78   |       -2367.96   |        14.1762   |   144:19:44   |   13:54:59   |
9646        |       -2354.25   |       -2367.61   |        13.3616   |   144:23:08   |   13:54:20   |
9647        |       -2355.62   |       -2369.74   |        14.1276   |   144:26:19   |   13:53:39   |
9648        |       -2350.42   |       -2368.17   |         17.754   |   144:29:28   |   13:52:58   |
9649        |       -2348.92   |       -2366.97   |        18.0501   |   144:32:42   |   13:52:18   |
9650        |       -2352.41   |       -2365.81   |        13.3914   |   144:35:53   |   13:51:37   |
9651        |       -2348.44   |       -2367.21   |        18.7708   |   144:48:57   |   13:51:53   |
9652        |       -2350.58   |       -2370.39   |        19.8093   |   144:52:01   |   13:51:11   |
9653        |       -2353.74   |       -2375.01   |        21.2658   |   144:55:18   |   13:50:31   |
9654        |       -2351.38   |       -2373.68   |        22.3008   |   144:58:17   |   13:49:49   |
9655        |       -2352.61   |       -2374.27   |        21.6625   |   145:01:31   |   13:49:08   |
9656        |       -2351.27   |       -2372.84   |        21.5704   |   145:04:49   |   13:48:28   |
9657        |       -2350.47   |       -2369.28   |        18.8127   |   145:08:31   |   13:47:50   |
9658        |       -2350.22   |       -2371.69   |        21.4723   |   145:11:46   |   13:47:09   |
9659        |       -2350.46   |       -2372.69   |        22.2288   |   145:15:15   |   13:46:30   |


Iter        |      Posterior   |     Likelihood   |          Prior   |    elapsed   |        ETA   |
----------------------------------------------------------------------------------------------------
9660        |       -2352.01   |       -2376.14   |        24.1282   |   145:18:08   |   13:45:47   |
9661        |       -2349.86   |       -2372.94   |        23.0754   |   145:30:37   |   13:45:58   |
9662        |       -2349.38   |       -2371.68   |        22.3075   |   145:33:45   |   13:45:17   |
9663        |       -2350.78   |       -2368.82   |        18.0354   |   145:36:48   |   13:44:35   |
9664        |       -2356.08   |       -2368.46   |        12.3833   |   145:39:52   |   13:43:53   |
9665        |       -2350.68   |       -2370.14   |        19.4535   |   145:43:08   |   13:43:12   |
9666        |       -2352.18   |       -2369.17   |        16.9927   |   145:45:52   |   13:42:28   |
9667        |       -2350.81   |       -2367.92   |        17.1121   |   145:49:11   |   13:41:47   |
9668        |       -2350.81   |       -2367.92   |        17.1121   |   145:52:35   |   13:41:07   |
9669        |       -2354.11   |        -2371.2   |        17.0927   |   145:55:44   |   13:40:25   |
9670        |       -2354.63   |       -2372.35   |        17.7124   |   145:58:21   |   13:39:40   |
9671        |       -2355.19   |       -2373.52   |         18.338   |   146:10:55   |   13:39:51   |
9672        |       -2358.74   |       -2377.23   |        18.4843   |   146:13:31   |   13:39:06   |
9673        |        -2354.8   |       -2373.13   |          18.33   |   146:15:59   |   13:38:21   |
9674        |       -2352.17   |       -2370.15   |        17.9803   |   146:18:41   |   13:37:36   |
9675        |       -2351.08   |       -2369.17   |        18.0897   |   146:21:12   |   13:36:51   |
9676        |       -2350.58   |       -2368.79   |         18.204   |   146:24:15   |   13:36:08   |
9677        |       -2349.68   |        -2366.8   |        17.1181   |   146:27:09   |   13:35:25   |
9678        |       -2350.78   |       -2368.52   |        17.7325   |   146:30:20   |   13:34:43   |
9679        |       -2348.59   |       -2370.05   |        21.4602   |   146:33:23   |   13:34:01   |


Iter        |      Posterior   |     Likelihood   |          Prior   |    elapsed   |        ETA   |
----------------------------------------------------------------------------------------------------
9680        |       -2348.13   |       -2370.59   |        22.4583   |   146:36:43   |   13:33:19   |
9681        |       -2348.53   |       -2370.97   |         22.439   |   146:49:29   |   13:33:31   |
9682        |       -2349.16   |       -2371.06   |        21.9011   |   146:52:04   |   13:32:45   |
9683        |       -2348.86   |        -2369.5   |        20.6394   |   146:55:00   |   13:32:02   |
9684        |       -2352.06   |       -2372.59   |        20.5355   |   146:58:12   |   13:31:20   |
9685        |       -2353.99   |       -2374.71   |        20.7167   |   147:01:15   |   13:30:37   |
9686        |       -2353.63   |        -2371.2   |        17.5638   |   147:04:19   |   13:29:54   |
9687        |       -2353.56   |       -2368.74   |        15.1814   |   147:07:24   |   13:29:12   |
9688        |       -2353.53   |       -2367.81   |        14.2837   |   147:10:29   |   13:28:29   |
9689        |       -2352.99   |       -2369.71   |        16.7241   |   147:13:57   |   13:27:48   |
9690        |       -2352.08   |       -2367.29   |        15.2073   |   147:17:02   |   13:27:05   |
9691        |        -2353.8   |       -2367.91   |        14.1133   |   147:30:07   |   13:27:17   |
9692        |       -2352.13   |       -2366.45   |        14.3131   |   147:33:26   |   13:26:36   |
9693        |       -2356.41   |       -2371.43   |        15.0206   |   147:36:31   |   13:25:53   |
9694        |       -2355.11   |        -2369.3   |        14.1909   |   147:39:41   |   13:25:10   |
9695        |        -2355.2   |        -2373.8   |        18.5988   |   147:42:53   |   13:24:28   |
9696        |       -2355.05   |       -2373.03   |        17.9789   |   147:45:58   |   13:23:45   |
9697        |       -2353.51   |       -2370.72   |        17.2097   |   147:48:45   |   13:23:00   |
9698        |       -2353.51   |       -2370.72   |        17.2097   |   147:52:17   |   13:22:19   |
9699        |       -2353.51   |       -2370.72   |        17.2097   |   147:55:53   |   13:21:39   |


Iter        |      Posterior   |     Likelihood   |          Prior   |    elapsed   |        ETA   |
----------------------------------------------------------------------------------------------------
9700        |       -2353.51   |       -2370.72   |        17.2097   |   147:59:23   |   13:20:58   |
9701        |       -2353.51   |       -2370.72   |        17.2097   |   148:12:53   |   13:21:11   |
9702        |       -2353.51   |       -2370.72   |        17.2097   |   148:16:43   |   13:20:32   |
9703        |       -2353.51   |       -2370.72   |        17.2097   |   148:20:17   |   13:19:51   |
9704        |       -2355.68   |       -2372.43   |         16.744   |   148:23:29   |   13:19:08   |
9705        |       -2354.85   |       -2371.33   |        16.4856   |   148:26:32   |   13:18:25   |
9706        |       -2357.99   |       -2376.99   |        18.9967   |   148:30:05   |   13:17:44   |
9707        |        -2360.8   |       -2380.02   |        19.2171   |   148:33:16   |   13:17:01   |
9708        |       -2358.87   |       -2376.73   |        17.8639   |   148:36:43   |   13:16:19   |
9709        |       -2353.79   |       -2373.95   |        20.1622   |   148:39:56   |   13:15:37   |
9710        |       -2354.26   |       -2376.19   |         21.932   |   148:43:07   |   13:14:54   |
9711        |       -2355.37   |       -2376.14   |        20.7717   |   148:55:56   |   13:15:02   |
9712        |       -2354.54   |       -2375.89   |        21.3458   |   148:59:04   |   13:14:19   |
9713        |       -2355.27   |       -2376.28   |        21.0132   |   149:02:21   |   13:13:36   |
9714        |       -2357.03   |       -2379.71   |        22.6863   |   149:05:27   |   13:12:52   |
9715        |       -2357.58   |       -2380.61   |        23.0266   |   149:08:34   |   13:12:09   |
9716        |       -2357.58   |       -2380.61   |        23.0266   |   149:12:10   |   13:11:28   |
9717        |       -2357.91   |       -2380.35   |        22.4401   |   149:15:24   |   13:10:45   |
9718        |       -2361.16   |       -2379.13   |        17.9688   |   149:18:37   |   13:10:01   |
9719        |       -2356.75   |       -2375.46   |        18.7075   |   149:21:47   |   13:09:18   |


Iter        |      Posterior   |     Likelihood   |          Prior   |    elapsed   |        ETA   |
----------------------------------------------------------------------------------------------------
9720        |        -2354.5   |       -2373.84   |        19.3466   |   149:24:43   |   13:08:33   |
9721        |       -2348.16   |       -2366.97   |        18.8096   |   149:37:12   |   13:08:39   |
9722        |       -2351.15   |       -2369.78   |        18.6306   |   149:40:27   |   13:07:56   |
9723        |       -2351.16   |       -2370.17   |        19.0056   |   149:43:39   |   13:07:12   |
9724        |       -2349.02   |       -2368.65   |        19.6293   |   149:46:31   |   13:06:27   |
9725        |       -2352.01   |       -2372.02   |        20.0169   |   149:49:46   |   13:05:44   |
9726        |       -2353.93   |        -2373.2   |        19.2726   |   149:53:02   |   13:05:01   |
9727        |       -2348.42   |       -2366.13   |        17.7149   |   149:55:58   |   13:04:16   |
9728        |       -2350.78   |       -2365.48   |        14.7002   |   149:59:24   |   13:03:33   |
9729        |       -2349.93   |       -2366.19   |        16.2567   |   150:02:28   |   13:02:49   |
9730        |       -2351.84   |       -2366.51   |        14.6691   |   150:05:37   |   13:02:05   |
9731        |       -2348.17   |       -2362.95   |        14.7827   |   150:18:54   |   13:02:14   |
9732        |       -2345.58   |       -2363.94   |        18.3614   |   150:22:13   |   13:01:31   |
9733        |       -2347.18   |       -2364.92   |        17.7405   |   150:25:45   |   13:00:48   |
9734        |       -2346.35   |       -2364.34   |        17.9947   |   150:29:21   |   13:00:07   |
9735        |       -2344.27   |       -2365.64   |        21.3682   |   150:32:26   |   12:59:22   |
9736        |       -2343.53   |       -2364.42   |        20.8973   |   150:35:34   |   12:58:38   |
9737        |        -2344.3   |       -2367.25   |        22.9493   |   150:38:44   |   12:57:54   |
9738        |       -2344.59   |       -2367.18   |        22.5933   |   150:41:53   |   12:57:10   |
9739        |        -2347.8   |       -2369.35   |        21.5481   |   150:45:06   |   12:56:26   |


Iter        |      Posterior   |     Likelihood   |          Prior   |    elapsed   |        ETA   |
----------------------------------------------------------------------------------------------------
9740        |       -2348.49   |       -2371.05   |        22.5553   |   150:48:28   |   12:55:42   |
9741        |          -2354   |       -2376.21   |        22.2051   |   151:01:42   |   12:55:50   |
9742        |       -2349.32   |       -2373.89   |        24.5679   |   151:05:11   |   12:55:07   |
9743        |       -2349.54   |       -2373.37   |        23.8387   |   151:08:15   |   12:54:22   |
9744        |       -2353.96   |       -2377.11   |        23.1421   |   151:11:45   |   12:53:40   |
9745        |       -2350.84   |       -2375.14   |        24.3001   |   151:15:20   |   12:52:57   |
9746        |       -2351.21   |       -2375.15   |        23.9429   |   151:18:13   |   12:52:11   |
9747        |       -2351.27   |       -2373.13   |        21.8574   |   151:21:23   |   12:51:27   |
9748        |       -2348.05   |       -2370.25   |        22.2036   |   151:24:07   |   12:50:40   |
9749        |       -2350.71   |       -2373.18   |        22.4636   |   151:27:12   |   12:49:55   |
9750        |       -2348.13   |       -2370.83   |        22.7046   |   151:30:00   |   12:49:09   |
9751        |       -2349.71   |       -2373.66   |        23.9503   |   151:51:06   |   12:49:55   |
9752        |       -2350.66   |       -2373.62   |        22.9651   |   151:54:01   |   12:49:09   |
9753        |       -2353.13   |       -2377.02   |        23.8994   |   151:56:55   |   12:48:23   |
9754        |       -2349.07   |       -2371.32   |        22.2442   |   152:00:05   |   12:47:38   |
9755        |       -2349.21   |       -2368.96   |        19.7488   |   152:03:35   |   12:46:55   |
9756        |       -2349.56   |        -2369.1   |        19.5332   |   152:07:05   |   12:46:12   |
9757        |       -2352.82   |       -2372.28   |        19.4575   |   152:10:30   |   12:45:28   |
9758        |       -2352.96   |       -2373.13   |        20.1687   |   152:13:42   |   12:44:43   |
9759        |       -2351.27   |        -2369.6   |        18.3292   |   152:16:59   |   12:43:59   |


Iter        |      Posterior   |     Likelihood   |          Prior   |    elapsed   |        ETA   |
----------------------------------------------------------------------------------------------------
9760        |       -2351.08   |       -2369.11   |        18.0253   |   152:20:19   |   12:43:15   |
9761        |        -2346.9   |       -2369.56   |        22.6548   |   152:33:44   |   12:43:21   |
9762        |       -2347.11   |        -2369.7   |        22.5903   |   152:37:01   |   12:42:36   |
9763        |       -2347.74   |        -2369.9   |        22.1603   |   152:40:19   |   12:41:52   |
9764        |       -2349.74   |       -2371.19   |        21.4502   |   152:43:23   |   12:41:06   |
9765        |       -2354.52   |       -2374.79   |        20.2693   |   152:46:47   |   12:40:22   |
9766        |       -2352.75   |       -2370.97   |        18.2238   |   152:49:39   |   12:39:35   |
9767        |       -2349.71   |       -2370.05   |        20.3316   |   152:52:53   |   12:38:51   |
9768        |       -2349.88   |       -2370.26   |        20.3774   |   152:56:17   |   12:38:06   |
9769        |       -2349.36   |        -2369.7   |        20.3355   |   152:59:44   |   12:37:22   |
9770        |       -2347.14   |       -2367.52   |        20.3803   |   153:02:42   |   12:36:36   |
9771        |       -2347.14   |       -2367.52   |        20.3803   |   153:15:33   |   12:36:38   |
9772        |       -2346.72   |       -2368.37   |         21.657   |   153:18:27   |   12:35:52   |
9773        |        -2345.9   |       -2365.12   |        19.2189   |   153:21:35   |   12:35:06   |
9774        |        -2345.9   |       -2365.12   |        19.2189   |   153:24:42   |   12:34:20   |
9775        |       -2346.44   |       -2366.74   |        20.3069   |   153:28:04   |   12:33:36   |
9776        |       -2346.44   |       -2366.74   |        20.3069   |   153:31:14   |   12:32:50   |
9777        |       -2346.44   |       -2366.74   |        20.3069   |   153:34:45   |   12:32:06   |
9778        |       -2346.44   |       -2366.74   |        20.3069   |   153:38:07   |   12:31:21   |
9779        |       -2346.28   |       -2366.42   |        20.1319   |   153:41:35   |   12:30:37   |


Iter        |      Posterior   |     Likelihood   |          Prior   |    elapsed   |        ETA   |
----------------------------------------------------------------------------------------------------
9780        |       -2346.65   |       -2366.67   |        20.0224   |   153:44:53   |   12:29:52   |
9781        |       -2346.65   |       -2366.67   |        20.0224   |   153:57:50   |   12:29:54   |
9782        |       -2346.65   |       -2366.67   |        20.0224   |   154:01:01   |   12:29:08   |
9783        |       -2346.65   |       -2366.67   |        20.0224   |   154:04:31   |   12:28:24   |
9784        |       -2346.65   |       -2366.67   |        20.0224   |   154:07:48   |   12:27:39   |
9785        |       -2346.65   |       -2366.67   |        20.0224   |   154:11:00   |   12:26:53   |
9786        |       -2346.65   |       -2366.67   |        20.0224   |   154:14:16   |   12:26:07   |
9787        |       -2346.65   |       -2366.67   |        20.0224   |   154:17:10   |   12:25:20   |
9788        |       -2346.65   |       -2366.67   |        20.0224   |   154:20:38   |   12:24:35   |
9789        |       -2346.65   |       -2366.67   |        20.0224   |   154:24:13   |   12:23:51   |
9790        |       -2346.65   |       -2366.67   |        20.0224   |   154:27:14   |   12:23:04   |
9791        |       -2346.65   |       -2366.67   |        20.0224   |   154:39:55   |   12:23:04   |
9792        |       -2346.65   |       -2366.67   |        20.0224   |   154:43:15   |   12:22:19   |
9793        |       -2346.65   |       -2366.67   |        20.0224   |   154:46:42   |   12:21:34   |
9794        |       -2346.65   |       -2366.67   |        20.0224   |   154:50:02   |   12:20:48   |
9795        |       -2346.65   |       -2366.67   |        20.0224   |   154:53:15   |   12:20:02   |
9796        |       -2346.65   |       -2366.67   |        20.0224   |   154:56:35   |   12:19:17   |
9797        |       -2346.65   |       -2366.67   |        20.0224   |   155:00:05   |   12:18:32   |
9798        |       -2346.65   |       -2366.67   |        20.0224   |   155:03:40   |   12:17:47   |
9799        |       -2346.65   |       -2366.67   |        20.0224   |   155:06:59   |   12:17:02   |


Iter        |      Posterior   |     Likelihood   |          Prior   |    elapsed   |        ETA   |
----------------------------------------------------------------------------------------------------
9800        |       -2346.65   |       -2366.67   |        20.0224   |   155:10:08   |   12:16:15   |
9801        |       -2346.65   |       -2366.67   |        20.0224   |   155:22:59   |   12:16:15   |
9802        |       -2346.65   |       -2366.67   |        20.0224   |   155:26:19   |   12:15:29   |
9803        |       -2346.65   |       -2366.67   |        20.0224   |   155:29:42   |   12:14:43   |
9804        |       -2346.65   |       -2366.67   |        20.0224   |   155:32:52   |   12:13:56   |
9805        |       -2346.65   |       -2366.67   |        20.0224   |   155:36:01   |   12:13:10   |
9806        |       -2346.65   |       -2366.67   |        20.0224   |   155:39:31   |   12:12:25   |
9807        |       -2346.65   |       -2366.67   |        20.0224   |   155:42:55   |   12:11:39   |
9808        |       -2346.65   |       -2366.67   |        20.0224   |   155:46:12   |   12:10:53   |
9809        |       -2346.65   |       -2366.67   |        20.0224   |   155:49:28   |   12:10:06   |
9810        |       -2346.65   |       -2366.67   |        20.0224   |   155:52:44   |   12:09:20   |
9811        |       -2346.74   |       -2367.03   |        20.2914   |   156:05:31   |   12:09:18   |
9812        |       -2346.74   |       -2367.03   |        20.2914   |   156:08:51   |   12:08:32   |
9813        |       -2346.74   |       -2367.03   |        20.2914   |   156:12:11   |   12:07:46   |
9814        |       -2346.11   |        -2366.4   |        20.2914   |   156:15:39   |   12:07:00   |
9815        |       -2345.75   |       -2365.45   |        19.7015   |   156:18:42   |   12:06:12   |
9816        |       -2345.75   |       -2365.45   |        19.7015   |   156:22:08   |   12:05:27   |
9817        |       -2345.75   |       -2365.45   |        19.7015   |   156:25:30   |   12:04:40   |
9818        |       -2345.75   |       -2365.45   |        19.7015   |   156:28:55   |   12:03:54   |
9819        |       -2345.75   |       -2365.45   |        19.7015   |   156:32:24   |   12:03:09   |


Iter        |      Posterior   |     Likelihood   |          Prior   |    elapsed   |        ETA   |
----------------------------------------------------------------------------------------------------
9820        |       -2345.75   |       -2365.45   |        19.7015   |   156:35:49   |   12:02:23   |
9821        |       -2345.75   |       -2365.45   |        19.7015   |   156:48:50   |   12:02:21   |
9822        |       -2345.75   |       -2365.45   |        19.7015   |   156:52:26   |   12:01:36   |
9823        |       -2345.75   |       -2365.45   |        19.7015   |   156:55:55   |   12:00:50   |
9824        |       -2345.75   |       -2365.45   |        19.7015   |   156:59:21   |   12:00:03   |
9825        |       -2345.75   |       -2365.45   |        19.7015   |   157:02:53   |   11:59:18   |
9826        |       -2345.75   |       -2365.45   |        19.7015   |   157:06:18   |   11:58:31   |
9827        |       -2345.75   |       -2365.45   |        19.7015   |   157:09:43   |   11:57:45   |
9828        |       -2344.97   |       -2365.02   |         20.052   |   157:12:35   |   11:56:56   |
9829        |       -2344.96   |        -2365.1   |        20.1453   |   157:15:55   |   11:56:09   |
9830        |       -2348.24   |       -2368.68   |         20.447   |   157:19:26   |   11:55:23   |
9831        |       -2349.87   |       -2370.36   |         20.497   |   157:32:28   |   11:55:21   |
9832        |       -2347.85   |        -2368.3   |        20.4445   |   157:35:25   |   11:54:32   |
9833        |       -2345.31   |       -2365.75   |        20.4427   |   157:38:10   |   11:53:42   |
9834        |       -2345.13   |       -2367.05   |        21.9239   |   157:41:27   |   11:52:55   |
9835        |       -2349.58   |       -2368.87   |        19.2959   |   157:44:10   |   11:52:05   |
9836        |       -2347.65   |       -2367.83   |        20.1755   |   157:47:33   |   11:51:19   |
9837        |       -2346.68   |       -2366.92   |        20.2451   |   157:50:45   |   11:50:31   |
9838        |       -2348.42   |        -2367.8   |        19.3793   |   157:53:47   |   11:49:42   |
9839        |       -2350.13   |       -2369.07   |        18.9397   |   157:56:43   |   11:48:53   |


Iter        |      Posterior   |     Likelihood   |          Prior   |    elapsed   |        ETA   |
----------------------------------------------------------------------------------------------------
9840        |       -2350.33   |        -2369.4   |        19.0724   |   157:59:54   |   11:48:06   |
9841        |       -2348.84   |       -2362.88   |        14.0408   |   158:12:56   |   11:48:02   |
9842        |       -2351.38   |        -2367.8   |        16.4156   |   158:16:00   |   11:47:13   |
9843        |       -2351.48   |       -2370.51   |        19.0255   |   158:19:12   |   11:46:25   |
9844        |       -2348.45   |       -2368.36   |        19.9083   |   158:22:04   |   11:45:36   |
9845        |       -2348.17   |       -2368.73   |        20.5533   |   158:25:09   |   11:44:48   |
9846        |        -2352.1   |       -2372.93   |        20.8252   |   158:28:23   |   11:44:00   |
9847        |       -2354.23   |       -2376.33   |        22.1048   |   158:31:28   |   11:43:11   |
9848        |       -2348.43   |       -2370.48   |        22.0443   |   158:34:36   |   11:42:23   |
9849        |       -2351.33   |       -2370.37   |        19.0425   |   158:37:42   |   11:41:34   |
9850        |       -2350.31   |       -2369.83   |        19.5112   |   158:40:46   |   11:40:46   |
9851        |       -2350.83   |       -2371.93   |        21.1011   |   158:53:32   |   11:40:40   |
9852        |       -2351.53   |       -2366.43   |        14.8956   |   158:56:50   |   11:39:52   |
9853        |       -2360.58   |       -2372.56   |         11.983   |   158:59:51   |   11:39:03   |
9854        |       -2358.59   |        -2370.9   |         12.315   |   159:03:11   |   11:38:15   |
9855        |       -2355.63   |       -2372.14   |        16.5014   |   159:06:31   |   11:37:27   |
9856        |       -2360.37   |       -2374.51   |        14.1352   |   159:09:36   |   11:36:38   |
9857        |       -2359.83   |       -2374.27   |        14.4397   |   159:12:59   |   11:35:51   |
9858        |       -2358.66   |       -2374.28   |         15.622   |   159:16:14   |   11:35:03   |
9859        |       -2358.66   |       -2374.28   |         15.622   |   159:19:40   |   11:34:15   |


Iter        |      Posterior   |     Likelihood   |          Prior   |    elapsed   |        ETA   |
----------------------------------------------------------------------------------------------------
9860        |       -2358.66   |       -2374.28   |         15.622   |   159:23:18   |   11:33:29   |
9861        |       -2358.66   |       -2374.28   |         15.622   |   159:36:53   |   11:33:25   |
9862        |       -2358.66   |       -2374.28   |         15.622   |   159:40:23   |   11:32:38   |
9863        |       -2358.66   |       -2374.28   |         15.622   |   159:44:01   |   11:31:51   |
9864        |       -2359.04   |       -2374.89   |        15.8461   |   159:47:31   |   11:31:04   |
9865        |       -2358.98   |       -2374.79   |        15.8099   |   159:50:57   |   11:30:16   |
9866        |       -2362.01   |       -2377.33   |        15.3151   |   159:54:12   |   11:29:28   |
9867        |       -2357.99   |       -2378.36   |        20.3707   |   159:57:18   |   11:28:38   |
9868        |       -2357.48   |        -2377.7   |        20.2152   |   160:00:21   |   11:27:49   |
9869        |       -2355.14   |       -2376.42   |        21.2856   |   160:03:12   |   11:26:59   |
9870        |       -2356.74   |       -2378.43   |        21.6897   |   160:06:09   |   11:26:09   |
9871        |       -2359.05   |       -2381.32   |        22.2642   |   160:19:13   |   11:26:02   |
9872        |       -2359.29   |       -2379.72   |        20.4277   |   160:22:23   |   11:25:13   |
9873        |       -2360.89   |       -2381.32   |        20.4321   |   160:25:22   |   11:24:23   |
9874        |       -2356.08   |       -2377.32   |        21.2392   |   160:28:11   |   11:23:32   |
9875        |       -2357.97   |       -2378.51   |        20.5395   |   160:31:13   |   11:22:43   |
9876        |       -2357.52   |       -2376.88   |        19.3554   |   160:34:06   |   11:21:52   |
9877        |       -2356.63   |       -2375.07   |        18.4432   |   160:37:25   |   11:21:04   |
9878        |       -2354.71   |       -2376.37   |        21.6547   |   160:40:25   |   11:20:14   |
9879        |        -2355.1   |       -2377.02   |         21.924   |   160:43:26   |   11:19:24   |


Iter        |      Posterior   |     Likelihood   |          Prior   |    elapsed   |        ETA   |
----------------------------------------------------------------------------------------------------
9880        |       -2355.06   |       -2376.97   |        21.9117   |   160:46:41   |   11:18:35   |
9881        |       -2357.34   |       -2379.82   |        22.4827   |   160:58:59   |   11:18:24   |
9882        |       -2357.69   |       -2377.67   |        19.9822   |   161:01:35   |   11:17:32   |
9883        |        -2366.2   |       -2386.16   |        19.9644   |   161:04:37   |   11:16:42   |
9884        |        -2366.2   |       -2386.16   |        19.9644   |   161:08:01   |   11:15:54   |
9885        |       -2359.82   |       -2380.96   |        21.1404   |   161:11:03   |   11:15:03   |
9886        |       -2356.68   |       -2377.55   |        20.8748   |   161:14:05   |   11:14:13   |
9887        |       -2357.96   |       -2380.91   |        22.9512   |   161:16:50   |   11:13:22   |
9888        |       -2355.36   |       -2378.44   |        23.0735   |   161:19:35   |   11:12:31   |
9889        |       -2353.55   |       -2374.88   |        21.3374   |   161:22:38   |   11:11:41   |
9890        |       -2353.52   |       -2375.61   |        22.0831   |   161:25:36   |   11:10:50   |
9891        |       -2353.62   |       -2374.84   |        21.2184   |   161:37:56   |   11:10:38   |
9892        |       -2351.27   |       -2370.84   |        19.5653   |   161:41:01   |   11:09:48   |
9893        |       -2353.64   |       -2374.88   |        21.2374   |   161:44:12   |   11:08:59   |
9894        |       -2351.62   |       -2371.75   |        20.1277   |   161:47:01   |   11:08:07   |
9895        |       -2351.46   |       -2371.38   |        19.9255   |   161:50:00   |   11:07:17   |
9896        |       -2350.18   |       -2369.44   |        19.2654   |   161:52:57   |   11:06:26   |
9897        |       -2354.32   |       -2373.48   |        19.1609   |   161:55:34   |   11:05:34   |
9898        |       -2353.74   |       -2373.56   |        19.8258   |   161:58:33   |   11:04:43   |
9899        |       -2351.62   |       -2369.93   |         18.312   |   162:01:24   |   11:03:52   |


Iter        |      Posterior   |     Likelihood   |          Prior   |    elapsed   |        ETA   |
----------------------------------------------------------------------------------------------------
9900        |       -2350.39   |       -2371.62   |        21.2361   |   162:04:20   |   11:03:01   |
9901        |       -2346.98   |       -2368.11   |        21.1329   |   162:17:03   |   11:02:50   |
9902        |       -2345.49   |       -2367.56   |        22.0769   |   162:19:50   |   11:01:58   |
9903        |       -2348.25   |       -2368.59   |        20.3427   |   162:22:43   |   11:01:07   |
9904        |       -2346.16   |       -2366.27   |        20.1067   |   162:25:51   |   11:00:17   |
9905        |       -2344.86   |       -2366.22   |        21.3602   |   162:29:08   |   10:59:27   |
9906        |       -2342.52   |       -2366.38   |         23.855   |   162:32:03   |   10:58:36   |
9907        |       -2343.54   |       -2366.09   |         22.543   |   162:34:43   |   10:57:43   |
9908        |       -2342.84   |       -2366.47   |         23.632   |   162:37:35   |   10:56:52   |
9909        |        -2343.2   |       -2366.57   |        23.3629   |   162:40:42   |   10:56:01   |
9910        |       -2344.16   |       -2368.33   |        24.1717   |   162:43:39   |   10:55:10   |
9911        |       -2346.81   |       -2369.06   |        22.2509   |   162:56:24   |   10:54:58   |
9912        |       -2345.32   |       -2364.56   |        19.2388   |   162:59:25   |   10:54:07   |
9913        |       -2341.63   |       -2364.53   |        22.8916   |   163:02:18   |   10:53:16   |
9914        |       -2343.63   |       -2365.35   |        21.7201   |   163:05:23   |   10:52:25   |
9915        |       -2344.24   |       -2367.83   |        23.5931   |   163:08:19   |   10:51:34   |
9916        |       -2348.12   |       -2367.65   |         19.522   |   163:11:23   |   10:50:43   |
9917        |       -2344.52   |       -2368.63   |        24.1044   |   163:14:33   |   10:49:52   |
9918        |       -2344.68   |       -2366.78   |        22.0939   |   163:17:44   |   10:49:01   |
9919        |       -2346.18   |        -2368.6   |        22.4258   |   163:21:01   |   10:48:11   |


Iter        |      Posterior   |     Likelihood   |          Prior   |    elapsed   |        ETA   |
----------------------------------------------------------------------------------------------------
9920        |       -2349.09   |       -2372.55   |        23.4597   |   163:23:58   |   10:47:20   |
9921        |        -2348.3   |       -2372.06   |        23.7585   |   163:36:29   |   10:47:06   |
9922        |        -2348.3   |       -2372.06   |        23.7585   |   163:39:52   |   10:46:16   |
9923        |        -2348.3   |       -2372.06   |        23.7585   |   163:43:25   |   10:45:27   |
9924        |       -2343.56   |       -2368.47   |        24.9153   |   163:46:33   |   10:44:36   |
9925        |       -2345.32   |       -2369.28   |          23.96   |   163:49:45   |   10:43:45   |
9926        |       -2347.73   |       -2372.87   |        25.1362   |   163:52:50   |   10:42:54   |
9927        |       -2346.13   |       -2370.16   |        24.0338   |   163:55:52   |   10:42:03   |
9928        |       -2343.98   |       -2368.02   |        24.0382   |   163:58:42   |   10:41:10   |
9929        |        -2344.1   |       -2367.73   |          23.63   |   164:01:40   |   10:40:19   |
9930        |       -2345.28   |       -2368.91   |        23.6272   |   164:05:05   |   10:39:29   |
9931        |       -2346.82   |       -2370.32   |        23.5064   |   164:17:55   |   10:39:15   |
9932        |       -2343.63   |       -2366.65   |        23.0274   |   164:20:55   |   10:38:23   |
9933        |       -2343.76   |       -2365.71   |         21.945   |   164:23:58   |   10:37:32   |
9934        |       -2347.77   |       -2366.62   |        18.8525   |   164:27:11   |   10:36:41   |
9935        |       -2345.39   |       -2365.19   |        19.8079   |   164:30:19   |   10:35:49   |
9936        |       -2346.27   |       -2365.69   |        19.4163   |   164:33:24   |   10:34:58   |
9937        |       -2344.73   |       -2365.25   |        20.5276   |   164:36:43   |   10:34:07   |
9938        |       -2347.01   |       -2365.79   |        18.7752   |   164:39:44   |   10:33:15   |
9939        |       -2347.43   |       -2367.32   |        19.8913   |   164:42:48   |   10:32:24   |


Iter        |      Posterior   |     Likelihood   |          Prior   |    elapsed   |        ETA   |
----------------------------------------------------------------------------------------------------
9940        |       -2349.68   |       -2371.65   |         21.972   |   164:45:58   |   10:31:32   |
9941        |       -2348.19   |       -2370.17   |        21.9761   |   164:58:44   |   10:31:18   |
9942        |       -2347.34   |       -2369.57   |        22.2273   |   165:01:39   |   10:30:25   |
9943        |       -2344.68   |       -2367.03   |        22.3477   |   165:04:38   |   10:29:33   |
9944        |        -2344.6   |       -2366.33   |         21.728   |   165:07:44   |   10:28:41   |
9945        |       -2350.48   |       -2371.32   |        20.8388   |   165:10:35   |   10:27:49   |
9946        |       -2344.27   |       -2366.92   |        22.6571   |   165:13:24   |   10:26:56   |
9947        |       -2350.79   |       -2373.45   |        22.6586   |   165:17:00   |   10:26:06   |
9948        |       -2345.85   |       -2368.88   |        23.0371   |   165:20:12   |   10:25:14   |
9949        |       -2345.47   |       -2366.83   |        21.3547   |   165:23:36   |   10:24:24   |
9950        |       -2345.74   |       -2367.97   |        22.2254   |   165:27:04   |   10:23:33   |
9951        |       -2348.63   |       -2370.99   |        22.3514   |   165:40:06   |   10:23:18   |
9952        |       -2353.68   |       -2375.99   |        22.3118   |   165:43:26   |   10:22:27   |
9953        |       -2354.08   |       -2374.52   |        20.4426   |   165:46:38   |   10:21:36   |
9954        |       -2352.08   |       -2372.44   |        20.3684   |   165:49:41   |   10:20:43   |
9955        |       -2350.43   |       -2370.59   |        20.1547   |   165:52:53   |   10:19:52   |
9956        |       -2346.07   |       -2366.69   |        20.6145   |   165:55:47   |   10:18:59   |
9957        |       -2344.64   |       -2367.59   |          22.95   |   165:58:30   |   10:18:05   |
9958        |        -2344.6   |       -2366.84   |        22.2401   |   166:01:47   |   10:17:14   |
9959        |       -2344.87   |       -2365.03   |        20.1581   |   166:04:49   |   10:16:21   |


Iter        |      Posterior   |     Likelihood   |          Prior   |    elapsed   |        ETA   |
----------------------------------------------------------------------------------------------------
9960        |       -2345.96   |       -2368.61   |        22.6501   |   166:07:39   |   10:15:28   |
9961        |       -2346.22   |       -2366.62   |        20.4007   |   166:20:43   |   10:15:12   |
9962        |       -2347.22   |       -2367.94   |         20.719   |   166:23:51   |   10:14:20   |
9963        |       -2348.37   |       -2369.97   |        21.5983   |   166:26:44   |   10:13:27   |
9964        |       -2348.37   |       -2369.97   |        21.5983   |   166:29:55   |   10:12:35   |
9965        |       -2348.37   |       -2369.97   |        21.5983   |   166:33:13   |   10:11:43   |
9966        |       -2348.37   |       -2369.97   |        21.5983   |   166:36:40   |   10:10:52   |
9967        |       -2349.82   |       -2371.41   |        21.5924   |   166:39:44   |   10:09:59   |
9968        |       -2347.54   |       -2367.64   |        20.1002   |   166:42:46   |   10:09:07   |
9969        |       -2346.98   |       -2367.25   |        20.2753   |   166:45:59   |   10:08:14   |
9970        |       -2348.41   |       -2368.31   |        19.9011   |   166:49:16   |   10:07:22   |
9971        |        -2347.5   |        -2367.8   |        20.3004   |   167:01:43   |   10:07:04   |
9972        |       -2349.62   |       -2365.47   |        15.8592   |   167:04:50   |   10:06:11   |
9973        |       -2351.15   |       -2369.77   |        18.6187   |   167:08:07   |   10:05:19   |
9974        |       -2350.49   |       -2370.69   |        20.1987   |   167:11:12   |   10:04:26   |
9975        |       -2350.21   |       -2369.07   |        18.8669   |   167:14:07   |   10:03:33   |
9976        |       -2347.85   |       -2365.46   |        17.6139   |   167:17:10   |   10:02:40   |
9977        |          -2349   |       -2365.98   |         16.984   |   167:20:30   |   10:01:48   |
9978        |       -2349.24   |       -2364.51   |         15.269   |   167:23:34   |   10:00:55   |
9979        |        -2346.5   |       -2361.35   |        14.8481   |   167:26:48   |   10:00:02   |


Iter        |      Posterior   |     Likelihood   |          Prior   |    elapsed   |        ETA   |
----------------------------------------------------------------------------------------------------
9980        |       -2346.33   |       -2362.02   |        15.6946   |   167:29:59   |   09:59:10   |
9981        |       -2346.71   |       -2362.35   |        15.6371   |   167:43:36   |   09:58:54   |
9982        |        -2345.9   |       -2361.48   |        15.5782   |   167:46:43   |   09:58:01   |
9983        |       -2346.89   |        -2361.9   |        15.0103   |   167:50:10   |   09:57:10   |
9984        |       -2347.12   |       -2362.97   |        15.8519   |   167:53:09   |   09:56:16   |
9985        |       -2346.23   |       -2367.06   |        20.8256   |   167:56:29   |   09:55:24   |
9986        |       -2344.13   |       -2364.67   |        20.5492   |   167:59:51   |   09:54:32   |
9987        |       -2344.59   |       -2365.32   |        20.7378   |   168:03:02   |   09:53:39   |
9988        |       -2343.91   |       -2365.35   |        21.4385   |   168:05:56   |   09:52:45   |
9989        |       -2343.51   |       -2366.32   |        22.8115   |   168:09:02   |   09:51:52   |
9990        |        -2343.6   |       -2365.29   |        21.6881   |   168:12:13   |   09:50:59   |
9991        |        -2344.1   |       -2366.93   |        22.8255   |   168:24:44   |   09:50:38   |
9992        |        -2347.1   |       -2369.88   |         22.783   |   168:27:47   |   09:49:45   |
9993        |       -2346.66   |        -2368.6   |        21.9399   |   168:30:58   |   09:48:52   |
9994        |       -2348.06   |       -2367.92   |        19.8676   |   168:34:17   |   09:47:59   |
9995        |       -2348.12   |       -2366.52   |        18.4007   |   168:37:20   |   09:47:05   |
9996        |       -2348.12   |       -2366.52   |        18.4007   |   168:40:44   |   09:46:13   |
9997        |       -2350.27   |       -2368.19   |        17.9192   |   168:44:09   |   09:45:21   |
9998        |       -2352.64   |       -2368.73   |        16.0908   |   168:47:06   |   09:44:27   |
9999        |       -2349.51   |       -2368.56   |        19.0573   |   168:50:31   |   09:43:34   |


Iter        |      Posterior   |     Likelihood   |          Prior   |    elapsed   |        ETA   |
----------------------------------------------------------------------------------------------------
10000       |          -2352   |       -2371.83   |         19.832   |   168:53:50   |   09:42:41   |
10001       |       -2351.16   |       -2372.92   |        21.7687   |   169:06:23   |   09:42:20   |
10002       |       -2349.49   |       -2371.45   |        21.9641   |   169:09:40   |   09:41:27   |
10003       |       -2352.97   |       -2377.72   |        24.7574   |   169:12:47   |   09:40:33   |
10004       |       -2353.21   |       -2377.56   |        24.3583   |   169:15:55   |   09:39:40   |
10005       |       -2355.43   |       -2380.05   |        24.6262   |   169:18:50   |   09:38:45   |
10006       |       -2348.45   |       -2371.31   |        22.8604   |   169:21:54   |   09:37:51   |
10007       |       -2348.56   |       -2371.03   |        22.4715   |   169:24:55   |   09:36:57   |
10008       |       -2351.39   |       -2372.06   |        20.6627   |   169:27:54   |   09:36:03   |
10009       |        -2350.4   |       -2367.68   |        17.2809   |   169:31:13   |   09:35:10   |
10010       |       -2348.82   |       -2366.66   |        17.8428   |   169:34:29   |   09:34:17   |
10011       |       -2348.82   |       -2366.66   |        17.8428   |   169:48:07   |   09:33:58   |
10012       |       -2348.82   |       -2366.66   |        17.8428   |   169:51:42   |   09:33:06   |
10013       |       -2348.82   |       -2366.66   |        17.8428   |   169:55:24   |   09:32:14   |
10014       |       -2348.81   |       -2367.08   |        18.2724   |   169:59:05   |   09:31:22   |
10015       |       -2348.97   |       -2368.66   |        19.6887   |   170:02:26   |   09:30:28   |
10016       |       -2348.97   |       -2368.66   |        19.6887   |   170:05:55   |   09:29:35   |
10017       |       -2348.97   |       -2368.66   |        19.6887   |   170:09:37   |   09:28:43   |
10018       |       -2348.97   |       -2368.66   |        19.6887   |   170:13:15   |   09:27:51   |
10019       |       -2348.97   |       -2368.66   |        19.6887   |   170:16:39   |   09:26:58   |


Iter        |      Posterior   |     Likelihood   |          Prior   |    elapsed   |        ETA   |
----------------------------------------------------------------------------------------------------
10020       |       -2348.97   |       -2368.66   |        19.6887   |   170:20:22   |   09:26:05   |
10021       |       -2350.37   |          -2370   |        19.6257   |   170:33:38   |   09:25:45   |
10022       |       -2348.99   |       -2368.42   |         19.429   |   170:36:58   |   09:24:51   |
10023       |       -2348.99   |       -2368.42   |         19.429   |   170:40:27   |   09:23:58   |
10024       |       -2350.28   |       -2370.66   |        20.3761   |   170:43:49   |   09:23:04   |
10025       |       -2347.69   |       -2368.64   |        20.9468   |   170:47:08   |   09:22:11   |
10026       |       -2347.69   |       -2368.64   |        20.9468   |   170:50:44   |   09:21:18   |
10027       |       -2347.69   |       -2368.64   |        20.9468   |   170:54:10   |   09:20:24   |
10028       |       -2347.69   |       -2368.64   |        20.9468   |   170:57:50   |   09:19:32   |
10029       |       -2347.69   |       -2368.64   |        20.9468   |   171:01:12   |   09:18:38   |
10030       |       -2349.33   |        -2368.2   |        18.8732   |   171:04:27   |   09:17:44   |
10031       |       -2349.33   |        -2368.2   |        18.8732   |   171:17:39   |   09:17:22   |
10032       |       -2349.33   |        -2368.2   |        18.8732   |   171:21:00   |   09:16:28   |
10033       |       -2349.33   |        -2368.2   |        18.8732   |   171:24:26   |   09:15:34   |
10034       |       -2350.78   |       -2370.29   |        19.5123   |   171:27:52   |   09:14:41   |
10035       |       -2351.94   |       -2371.74   |        19.7945   |   171:30:50   |   09:13:46   |
10036       |       -2352.08   |       -2369.63   |        17.5474   |   171:33:58   |   09:12:51   |
10037       |       -2353.91   |       -2374.32   |        20.4037   |   171:37:18   |   09:11:57   |
10038       |        -2352.3   |       -2373.68   |        21.3737   |   171:40:19   |   09:11:01   |
10039       |       -2349.19   |       -2372.15   |        22.9592   |   171:43:04   |   09:10:05   |


Iter        |      Posterior   |     Likelihood   |          Prior   |    elapsed   |        ETA   |
----------------------------------------------------------------------------------------------------
10040       |       -2353.61   |       -2371.87   |          18.26   |   171:46:30   |   09:09:12   |
10041       |       -2355.18   |       -2373.31   |         18.135   |   171:59:25   |   09:08:48   |
10042       |       -2355.18   |       -2373.31   |         18.135   |   172:03:01   |   09:07:54   |
10043       |       -2355.18   |       -2373.31   |         18.135   |   172:06:30   |   09:07:01   |
10044       |       -2355.18   |       -2373.31   |         18.135   |   172:10:02   |   09:06:07   |
10045       |       -2352.03   |       -2370.58   |        18.5504   |   172:13:13   |   09:05:12   |
10046       |       -2352.04   |       -2370.59   |        18.5504   |   172:16:56   |   09:04:19   |
10047       |       -2353.96   |       -2374.89   |        20.9262   |   172:20:10   |   09:03:24   |
10048       |       -2356.03   |       -2375.62   |        19.5885   |   172:23:27   |   09:02:29   |
10049       |       -2355.84   |       -2377.93   |        22.0925   |   172:26:27   |   09:01:34   |
10050       |       -2351.94   |       -2374.64   |        22.6989   |   172:29:29   |   09:00:38   |
10051       |       -2352.13   |       -2375.02   |        22.8856   |   172:42:30   |   09:00:14   |
10052       |       -2349.79   |       -2371.35   |        21.5559   |   172:45:19   |   08:59:18   |
10053       |        -2352.5   |       -2373.78   |        21.2737   |   172:48:26   |   08:58:22   |
10054       |       -2350.73   |       -2371.69   |        20.9631   |   172:51:34   |   08:57:27   |
10055       |       -2349.55   |        -2369.9   |        20.3471   |   172:54:28   |   08:56:31   |
10056       |       -2349.42   |       -2369.64   |        20.2237   |   172:57:19   |   08:55:35   |
10057       |       -2348.97   |       -2371.12   |        22.1454   |   173:00:17   |   08:54:39   |
10058       |       -2348.85   |       -2371.46   |        22.6083   |   173:03:18   |   08:53:43   |
10059       |       -2346.48   |       -2368.89   |        22.4034   |   173:06:33   |   08:52:48   |


Iter        |      Posterior   |     Likelihood   |          Prior   |    elapsed   |        ETA   |
----------------------------------------------------------------------------------------------------
10060       |       -2347.89   |       -2369.57   |        21.6793   |   173:09:35   |   08:51:52   |
10061       |       -2350.47   |       -2369.01   |        18.5343   |   173:22:13   |   08:51:25   |
10062       |          -2349   |       -2369.17   |        20.1765   |   173:25:24   |   08:50:30   |
10063       |        -2348.6   |       -2369.18   |        20.5749   |   173:28:45   |   08:49:35   |
10064       |        -2348.6   |       -2369.18   |        20.5749   |   173:32:10   |   08:48:40   |
10065       |       -2350.01   |       -2370.04   |        20.0283   |   173:35:27   |   08:47:45   |
10066       |       -2348.79   |       -2371.64   |        22.8566   |   173:38:30   |   08:46:49   |
10067       |       -2349.31   |       -2371.42   |        22.1118   |   173:41:32   |   08:45:53   |
10068       |       -2348.66   |       -2370.95   |        22.2906   |   173:44:37   |   08:44:57   |
10069       |       -2347.28   |       -2370.08   |        22.7945   |   173:47:39   |   08:44:01   |
10070       |       -2351.34   |       -2373.39   |        22.0474   |   173:50:35   |   08:43:04   |
10071       |          -2350   |       -2373.46   |         23.458   |   174:03:11   |   08:42:37   |
10072       |       -2348.84   |       -2370.64   |        21.7977   |   174:06:01   |   08:41:40   |
10073       |       -2348.93   |       -2370.61   |         21.677   |   174:09:17   |   08:40:45   |
10074       |        -2353.9   |       -2376.91   |        23.0142   |   174:12:05   |   08:39:48   |
10075       |        -2348.3   |       -2371.07   |        22.7704   |   174:15:05   |   08:38:51   |
10076       |       -2347.87   |       -2371.62   |        23.7414   |   174:18:12   |   08:37:55   |
10077       |       -2347.78   |        -2372.9   |        25.1128   |   174:21:08   |   08:36:59   |
10078       |       -2349.16   |       -2374.89   |         25.732   |   174:23:59   |   08:36:02   |
10079       |       -2351.88   |       -2374.28   |        22.4029   |   174:27:05   |   08:35:05   |


Iter        |      Posterior   |     Likelihood   |          Prior   |    elapsed   |        ETA   |
----------------------------------------------------------------------------------------------------
10080       |       -2349.09   |       -2371.56   |        22.4703   |   174:29:53   |   08:34:08   |
10081       |       -2347.85   |       -2370.09   |        22.2404   |   174:41:46   |   08:33:38   |
10082       |       -2348.12   |       -2370.37   |        22.2489   |   174:44:48   |   08:32:41   |
10083       |       -2350.48   |       -2374.16   |        23.6804   |   174:47:54   |   08:31:45   |
10084       |       -2352.03   |       -2373.55   |        21.5199   |   174:50:49   |   08:30:48   |
10085       |       -2351.07   |       -2373.56   |        22.4922   |   174:53:27   |   08:29:50   |
10086       |        -2354.1   |       -2375.99   |        21.8943   |   174:56:38   |   08:28:54   |
10087       |        -2354.1   |       -2375.99   |        21.8943   |   174:59:50   |   08:27:58   |
10088       |        -2354.1   |       -2375.99   |        21.8943   |   175:03:13   |   08:27:02   |
10089       |        -2354.1   |       -2375.99   |        21.8943   |   175:06:28   |   08:26:06   |
10090       |       -2350.13   |        -2372.5   |        22.3736   |   175:09:12   |   08:25:08   |
10091       |       -2352.05   |       -2371.45   |        19.3974   |   175:21:41   |   08:24:39   |
10092       |       -2350.28   |       -2369.89   |        19.6157   |   175:25:17   |   08:23:44   |
10093       |       -2348.44   |       -2368.72   |         20.275   |   175:28:41   |   08:22:48   |
10094       |       -2343.57   |        -2367.1   |        23.5352   |   175:31:17   |   08:21:50   |
10095       |       -2343.57   |        -2367.1   |        23.5352   |   175:34:23   |   08:20:53   |
10096       |       -2344.37   |       -2368.68   |        24.3098   |   175:37:36   |   08:19:57   |
10097       |       -2347.19   |       -2370.67   |        23.4852   |   175:40:22   |   08:18:59   |
10098       |        -2345.7   |       -2367.28   |        21.5807   |   175:43:20   |   08:18:02   |
10099       |       -2345.54   |       -2367.07   |         21.534   |   175:46:39   |   08:17:05   |


Iter        |      Posterior   |     Likelihood   |          Prior   |    elapsed   |        ETA   |
----------------------------------------------------------------------------------------------------
10100       |       -2345.23   |       -2367.57   |        22.3405   |   175:49:45   |   08:16:09   |
10101       |       -2345.23   |       -2367.57   |        22.3405   |   176:02:03   |   08:15:38   |
10102       |       -2345.29   |        -2367.9   |        22.6054   |   176:05:18   |   08:14:41   |
10103       |       -2346.43   |       -2369.07   |        22.6435   |   176:08:16   |   08:13:44   |
10104       |       -2349.65   |       -2370.32   |        20.6754   |   176:11:04   |   08:12:46   |
10105       |       -2348.57   |       -2368.61   |        20.0405   |   176:14:24   |   08:11:49   |
10106       |        -2344.2   |       -2364.87   |        20.6694   |   176:17:37   |   08:10:53   |
10107       |       -2345.75   |        -2365.5   |        19.7521   |   176:20:58   |   08:09:56   |
10108       |       -2347.22   |       -2368.79   |        21.5696   |   176:23:57   |   08:08:59   |
10109       |       -2343.72   |        -2364.8   |        21.0826   |   176:27:10   |   08:08:02   |
10110       |       -2347.09   |       -2367.77   |        20.6806   |   176:30:04   |   08:07:04   |
10111       |       -2351.29   |       -2371.99   |         20.707   |   176:42:12   |   08:06:32   |
10112       |       -2347.34   |       -2363.61   |        16.2681   |   176:44:58   |   08:05:34   |
10113       |       -2346.24   |       -2362.12   |        15.8862   |   176:48:08   |   08:04:37   |
10114       |       -2345.77   |       -2361.86   |        16.0891   |   176:51:37   |   08:03:40   |
10115       |       -2345.28   |       -2361.37   |        16.0914   |   176:55:04   |   08:02:44   |
10116       |       -2345.28   |       -2361.37   |        16.0914   |   176:58:42   |   08:01:48   |
10117       |       -2345.28   |       -2361.37   |        16.0914   |   177:02:21   |   08:00:52   |
10118       |       -2346.41   |       -2364.64   |         18.227   |   177:05:46   |   07:59:56   |
10119       |       -2344.78   |       -2363.73   |        18.9472   |   177:08:52   |   07:58:58   |


Iter        |      Posterior   |     Likelihood   |          Prior   |    elapsed   |        ETA   |
----------------------------------------------------------------------------------------------------
10120       |       -2347.73   |       -2367.39   |        19.6668   |   177:12:03   |   07:58:01   |
10121       |       -2344.88   |       -2365.84   |        20.9552   |   177:24:49   |   07:57:29   |
10122       |       -2346.07   |       -2365.17   |        19.1057   |   177:27:55   |   07:56:32   |
10123       |       -2345.19   |       -2365.87   |        20.6806   |   177:31:01   |   07:55:34   |
10124       |       -2344.83   |        -2364.5   |         19.673   |   177:33:39   |   07:54:35   |
10125       |       -2346.17   |       -2367.05   |        20.8814   |   177:36:35   |   07:53:37   |
10126       |       -2346.74   |       -2368.16   |        21.4248   |   177:39:37   |   07:52:39   |
10127       |       -2344.99   |        -2367.8   |        22.8035   |   177:42:33   |   07:51:41   |
10128       |       -2349.01   |       -2370.94   |        21.9297   |   177:45:21   |   07:50:42   |
10129       |       -2348.94   |       -2371.09   |        22.1515   |   177:48:14   |   07:49:44   |
10130       |       -2347.35   |       -2370.11   |        22.7636   |   177:51:21   |   07:48:46   |
10131       |       -2347.35   |       -2370.11   |        22.7636   |   178:04:00   |   07:48:14   |
10132       |       -2347.35   |       -2370.11   |        22.7636   |   178:07:14   |   07:47:16   |
10133       |       -2346.63   |       -2369.38   |        22.7492   |   178:10:17   |   07:46:18   |
10134       |       -2346.63   |       -2369.38   |        22.7492   |   178:13:38   |   07:45:21   |
10135       |       -2346.12   |       -2369.76   |        23.6492   |   178:16:38   |   07:44:22   |
10136       |       -2347.11   |          -2369   |        21.8942   |   178:19:51   |   07:43:25   |
10137       |       -2345.98   |        -2369.1   |        23.1235   |   178:22:52   |   07:42:26   |
10138       |       -2345.75   |       -2368.66   |        22.9124   |   178:25:52   |   07:41:28   |
10139       |       -2346.46   |       -2367.85   |        21.3875   |   178:29:09   |   07:40:31   |


Iter        |      Posterior   |     Likelihood   |          Prior   |    elapsed   |        ETA   |
----------------------------------------------------------------------------------------------------
10140       |       -2346.77   |       -2366.09   |        19.3155   |   178:32:38   |   07:39:33   |
10141       |       -2347.06   |       -2365.91   |        18.8532   |   178:45:37   |   07:39:01   |
10142       |       -2348.82   |       -2368.08   |        19.2616   |   178:48:55   |   07:38:03   |
10143       |        -2351.3   |       -2371.39   |        20.0883   |   178:51:49   |   07:37:04   |
10144       |       -2350.29   |       -2368.52   |        18.2352   |   178:54:45   |   07:36:05   |
10145       |       -2348.97   |       -2367.19   |        18.2152   |   178:57:51   |   07:35:07   |
10146       |       -2346.53   |       -2366.42   |        19.8907   |   179:00:27   |   07:34:08   |
10147       |       -2346.53   |       -2366.42   |        19.8907   |   179:03:59   |   07:33:10   |
10148       |       -2348.28   |       -2365.26   |        16.9848   |   179:07:31   |   07:32:13   |
10149       |       -2348.87   |       -2365.69   |        16.8155   |   179:10:43   |   07:31:15   |
10150       |       -2346.96   |       -2363.42   |        16.4542   |   179:13:52   |   07:30:17   |
10151       |       -2345.95   |       -2364.93   |         18.978   |   179:26:57   |   07:29:43   |
10152       |       -2351.22   |        -2372.2   |        20.9813   |   179:30:16   |   07:28:45   |
10153       |       -2346.99   |       -2366.49   |        19.5003   |   179:33:31   |   07:27:47   |
10154       |       -2354.49   |       -2367.98   |        13.4919   |   179:36:52   |   07:26:49   |
10155       |       -2356.25   |       -2369.35   |        13.0966   |   179:40:06   |   07:25:51   |
10156       |       -2355.37   |        -2368.6   |        13.2279   |   179:43:32   |   07:24:53   |
10157       |       -2349.72   |       -2367.92   |        18.2051   |   179:46:54   |   07:23:55   |
10158       |       -2351.46   |       -2368.94   |        17.4846   |   179:50:04   |   07:22:56   |
10159       |       -2352.13   |       -2369.66   |        17.5271   |   179:53:32   |   07:21:59   |


Iter        |      Posterior   |     Likelihood   |          Prior   |    elapsed   |        ETA   |
----------------------------------------------------------------------------------------------------
10160       |       -2349.69   |       -2367.98   |        18.2825   |   179:56:40   |   07:21:00   |
10161       |       -2355.24   |       -2374.98   |        19.7318   |   180:09:50   |   07:20:26   |
10162       |       -2354.04   |       -2374.21   |        20.1622   |   180:13:16   |   07:19:28   |
10163       |       -2353.98   |       -2373.73   |         19.741   |   180:16:41   |   07:18:29   |
10164       |       -2354.25   |       -2373.63   |        19.3827   |   180:20:00   |   07:17:31   |
10165       |       -2348.69   |        -2370.1   |         21.409   |   180:23:17   |   07:16:33   |
10166       |       -2347.19   |       -2369.15   |        21.9641   |   180:26:24   |   07:15:34   |
10167       |       -2344.77   |       -2366.14   |        21.3666   |   180:29:28   |   07:14:35   |
10168       |        -2345.8   |       -2366.96   |        21.1563   |   180:32:56   |   07:13:36   |
10169       |       -2347.72   |       -2368.56   |        20.8353   |   180:36:04   |   07:12:37   |
10170       |       -2349.34   |       -2372.91   |        23.5729   |   180:39:13   |   07:11:39   |
10171       |       -2348.38   |       -2370.85   |        22.4735   |   180:51:37   |   07:11:02   |
10172       |       -2353.19   |       -2374.17   |        20.9879   |   180:54:42   |   07:10:02   |
10173       |       -2352.59   |       -2375.67   |        23.0789   |   180:58:02   |   07:09:04   |
10174       |       -2351.64   |       -2374.37   |        22.7365   |   181:01:14   |   07:08:05   |
10175       |       -2349.75   |        -2373.8   |         24.041   |   181:04:28   |   07:07:06   |
10176       |       -2348.51   |       -2372.99   |        24.4814   |   181:07:26   |   07:06:06   |
10177       |       -2351.05   |       -2377.56   |        26.5156   |   181:10:41   |   07:05:07   |
10178       |       -2348.66   |       -2375.28   |        26.6191   |   181:13:29   |   07:04:07   |
10179       |       -2346.07   |       -2372.69   |        26.6268   |   181:16:13   |   07:03:07   |


Iter        |      Posterior   |     Likelihood   |          Prior   |    elapsed   |        ETA   |
----------------------------------------------------------------------------------------------------
10180       |       -2349.11   |       -2373.05   |        23.9403   |   181:19:19   |   07:02:08   |
10181       |       -2346.39   |       -2369.67   |        23.2785   |   181:31:56   |   07:01:30   |
10182       |       -2348.38   |       -2369.77   |        21.3893   |   181:34:55   |   07:00:31   |
10183       |       -2348.81   |       -2370.15   |        21.3448   |   181:38:17   |   06:59:32   |
10184       |       -2351.59   |       -2371.42   |        19.8263   |   181:41:06   |   06:58:31   |
10185       |       -2356.61   |       -2375.93   |        19.3209   |   181:44:32   |   06:57:33   |
10186       |       -2357.76   |       -2378.99   |        21.2334   |   181:47:44   |   06:56:33   |
10187       |       -2355.98   |       -2377.68   |         21.702   |   181:50:52   |   06:55:34   |
10188       |       -2349.91   |       -2373.11   |        23.2074   |   181:54:13   |   06:54:35   |
10189       |        -2349.5   |       -2372.56   |        23.0641   |   181:57:39   |   06:53:36   |
10190       |       -2348.89   |       -2372.27   |        23.3828   |   182:00:34   |   06:52:36   |
10191       |       -2348.96   |       -2373.71   |        24.7548   |   182:12:57   |   06:51:57   |
10192       |        -2349.4   |       -2374.16   |        24.7637   |   182:16:00   |   06:50:57   |
10193       |       -2349.18   |        -2373.9   |        24.7232   |   182:18:49   |   06:49:57   |
10194       |       -2353.94   |       -2378.55   |        24.6143   |   182:21:36   |   06:48:56   |
10195       |       -2349.27   |       -2373.53   |        24.2614   |   182:24:18   |   06:47:55   |
10196       |       -2348.52   |       -2370.99   |        22.4659   |   182:27:13   |   06:46:55   |
10197       |       -2347.38   |       -2370.34   |        22.9663   |   182:30:02   |   06:45:54   |
10198       |       -2346.77   |       -2368.09   |        21.3164   |   182:33:08   |   06:44:54   |
10199       |       -2348.72   |       -2368.41   |        19.6815   |   182:36:23   |   06:43:55   |


Iter        |      Posterior   |     Likelihood   |          Prior   |    elapsed   |        ETA   |
----------------------------------------------------------------------------------------------------
10200       |       -2346.44   |       -2367.93   |        21.4895   |   182:39:42   |   06:42:55   |
10201       |       -2347.15   |       -2368.86   |        21.7081   |   182:52:40   |   06:42:17   |
10202       |       -2350.86   |       -2372.65   |        21.7905   |   182:56:08   |   06:41:18   |
10203       |       -2348.02   |       -2371.51   |        23.4891   |   182:59:11   |   06:40:17   |
10204       |       -2348.47   |       -2372.03   |        23.5586   |   183:02:26   |   06:39:18   |
10205       |       -2347.22   |       -2370.96   |        23.7414   |   183:05:51   |   06:38:18   |
10206       |       -2349.75   |       -2372.88   |        23.1286   |   183:08:58   |   06:37:18   |
10207       |       -2348.83   |       -2372.14   |         23.311   |   183:11:50   |   06:36:17   |
10208       |       -2350.39   |       -2371.45   |        21.0563   |   183:15:03   |   06:35:17   |
10209       |       -2350.55   |       -2371.63   |         21.081   |   183:18:41   |   06:34:18   |
10210       |       -2351.85   |        -2371.6   |        19.7545   |   183:21:45   |   06:33:18   |
10211       |       -2350.42   |       -2369.35   |        18.9387   |   183:34:48   |   06:32:39   |
10212       |       -2351.97   |       -2371.19   |        19.2176   |   183:38:02   |   06:31:39   |
10213       |       -2347.66   |       -2368.56   |        20.9009   |   183:41:22   |   06:30:39   |
10214       |       -2347.96   |       -2368.66   |        20.6963   |   183:44:19   |   06:29:38   |
10215       |       -2347.96   |       -2368.66   |        20.6963   |   183:47:46   |   06:28:38   |
10216       |       -2349.65   |       -2369.86   |        20.2178   |   183:50:55   |   06:27:38   |
10217       |       -2348.42   |       -2368.83   |        20.4048   |   183:54:07   |   06:26:37   |
10218       |       -2354.32   |       -2372.41   |        18.0903   |   183:57:04   |   06:25:37   |
10219       |       -2354.32   |       -2372.41   |        18.0903   |   184:00:29   |   06:24:37   |


Iter        |      Posterior   |     Likelihood   |          Prior   |    elapsed   |        ETA   |
----------------------------------------------------------------------------------------------------
10220       |       -2350.59   |       -2371.28   |        20.6927   |   184:03:20   |   06:23:35   |
10221       |       -2352.88   |       -2373.41   |        20.5287   |   184:19:40   |   06:23:02   |
10222       |       -2351.22   |       -2369.15   |        17.9276   |   184:22:29   |   06:22:01   |
10223       |       -2350.21   |       -2370.27   |        20.0547   |   184:25:29   |   06:21:00   |
10224       |       -2352.11   |       -2370.62   |        18.5116   |   184:28:30   |   06:19:59   |
10225       |       -2352.39   |       -2370.13   |        17.7427   |   184:31:44   |   06:18:59   |
10226       |       -2351.49   |        -2372.2   |         20.709   |   184:34:39   |   06:17:57   |
10227       |       -2352.54   |       -2373.86   |        21.3199   |   184:38:06   |   06:16:57   |
10228       |       -2348.02   |       -2367.72   |        19.7067   |   184:41:00   |   06:15:56   |
10229       |       -2349.03   |       -2373.27   |        24.2468   |   184:44:21   |   06:14:55   |
10230       |        -2348.1   |       -2371.47   |        23.3752   |   184:47:16   |   06:13:54   |
10231       |        -2348.1   |       -2371.47   |        23.3752   |   185:00:10   |   06:13:13   |
10232       |        -2348.1   |       -2371.47   |        23.3752   |   185:03:18   |   06:12:12   |
10233       |       -2346.59   |       -2369.43   |        22.8339   |   185:06:30   |   06:11:11   |
10234       |       -2345.95   |       -2369.57   |        23.6152   |   185:09:30   |   06:10:10   |
10235       |       -2348.58   |       -2372.42   |        23.8386   |   185:12:17   |   06:09:08   |
10236       |       -2347.43   |       -2370.37   |        22.9317   |   185:15:13   |   06:08:07   |
10237       |       -2348.58   |       -2370.31   |        21.7226   |   185:18:26   |   06:07:06   |
10238       |       -2349.24   |       -2371.51   |        22.2724   |   185:21:35   |   06:06:05   |
10239       |       -2353.79   |       -2373.89   |        20.0993   |   185:24:53   |   06:05:04   |


Iter        |      Posterior   |     Likelihood   |          Prior   |    elapsed   |        ETA   |
----------------------------------------------------------------------------------------------------
10240       |       -2358.13   |       -2378.64   |         20.517   |   185:27:52   |   06:04:02   |
10241       |       -2357.33   |       -2377.61   |        20.2773   |   185:40:36   |   06:03:20   |
10242       |       -2357.84   |       -2377.23   |        19.3857   |   185:43:27   |   06:02:18   |
10243       |       -2351.71   |       -2372.16   |        20.4524   |   185:46:37   |   06:01:17   |
10244       |       -2351.77   |        -2371.2   |        19.4284   |   185:49:53   |   06:00:16   |
10245       |       -2351.13   |       -2371.63   |        20.4958   |   185:53:11   |   05:59:15   |
10246       |       -2352.69   |       -2374.19   |        21.4981   |   185:56:04   |   05:58:13   |
10247       |       -2351.07   |       -2371.44   |        20.3746   |   185:59:10   |   05:57:11   |
10248       |       -2354.81   |       -2371.41   |        16.6079   |   186:02:20   |   05:56:10   |
10249       |       -2351.95   |       -2368.84   |        16.8931   |   186:05:39   |   05:55:09   |
10250       |       -2351.23   |       -2370.39   |        19.1566   |   186:08:38   |   05:54:07   |
10251       |       -2350.54   |       -2371.52   |        20.9806   |   186:22:06   |   05:53:25   |
10252       |       -2350.08   |        -2369.1   |        19.0139   |   186:25:06   |   05:52:23   |
10253       |       -2348.71   |       -2369.34   |        20.6314   |   186:28:06   |   05:51:22   |
10254       |       -2349.21   |       -2368.27   |         19.061   |   186:30:58   |   05:50:19   |
10255       |        -2350.7   |       -2369.53   |        18.8322   |   186:34:14   |   05:49:18   |
10256       |       -2351.92   |       -2370.94   |        19.0268   |   186:37:13   |   05:48:16   |
10257       |       -2350.05   |       -2371.71   |        21.6646   |   186:40:24   |   05:47:14   |
10258       |       -2348.86   |       -2369.83   |        20.9675   |   186:43:27   |   05:46:13   |
10259       |          -2349   |       -2370.24   |        21.2445   |   186:46:47   |   05:45:11   |


Iter        |      Posterior   |     Likelihood   |          Prior   |    elapsed   |        ETA   |
----------------------------------------------------------------------------------------------------
10260       |       -2350.93   |       -2372.27   |        21.3379   |   186:49:49   |   05:44:09   |
10261       |       -2351.05   |       -2372.44   |        21.3946   |   187:02:23   |   05:43:25   |
10262       |       -2351.16   |       -2375.18   |        24.0228   |   187:05:34   |   05:42:23   |
10263       |        -2347.6   |       -2369.22   |        21.6172   |   187:08:28   |   05:41:21   |
10264       |       -2348.07   |       -2368.91   |         20.838   |   187:11:12   |   05:40:18   |
10265       |       -2347.88   |        -2368.3   |        20.4203   |   187:14:19   |   05:39:16   |
10266       |       -2350.24   |       -2370.39   |        20.1513   |   187:17:45   |   05:38:14   |
10267       |       -2346.46   |       -2367.89   |        21.4391   |   187:20:41   |   05:37:12   |
10268       |       -2344.66   |       -2364.63   |        19.9734   |   187:23:48   |   05:36:10   |
10269       |        -2345.9   |       -2367.01   |        21.1105   |   187:27:01   |   05:35:08   |
10270       |       -2344.94   |       -2364.21   |        19.2767   |   187:30:11   |   05:34:06   |
10271       |       -2346.89   |       -2369.31   |        22.4225   |   187:42:34   |   05:33:20   |
10272       |       -2346.75   |       -2367.89   |        21.1415   |   187:45:27   |   05:32:18   |
10273       |       -2348.37   |       -2370.03   |        21.6551   |   187:48:34   |   05:31:16   |
10274       |       -2348.32   |       -2369.72   |        21.4013   |   187:51:34   |   05:30:13   |
10275       |       -2346.56   |       -2367.74   |        21.1791   |   187:54:36   |   05:29:11   |
10276       |       -2348.15   |       -2368.46   |        20.3128   |   187:57:49   |   05:28:08   |
10277       |       -2350.16   |       -2369.76   |        19.5937   |   188:01:10   |   05:27:07   |
10278       |       -2349.19   |       -2369.18   |         19.992   |   188:04:16   |   05:26:04   |
10279       |       -2352.08   |       -2370.09   |        18.0047   |   188:07:08   |   05:25:01   |


Iter        |      Posterior   |     Likelihood   |          Prior   |    elapsed   |        ETA   |
----------------------------------------------------------------------------------------------------
10280       |       -2353.62   |       -2372.64   |        19.0208   |   188:10:05   |   05:23:59   |
10281       |       -2352.09   |       -2372.01   |        19.9104   |   188:23:07   |   05:23:13   |
10282       |       -2353.85   |       -2371.88   |        18.0274   |   188:26:25   |   05:22:11   |
10283       |       -2352.39   |       -2370.07   |        17.6811   |   188:29:20   |   05:21:08   |
10284       |       -2350.68   |       -2368.92   |        18.2434   |   188:32:24   |   05:20:06   |
10285       |       -2356.41   |       -2374.27   |        17.8557   |   188:35:20   |   05:19:03   |
10286       |       -2351.55   |       -2370.62   |         19.065   |   188:38:22   |   05:18:00   |
10287       |       -2351.55   |       -2370.62   |         19.065   |   188:41:41   |   05:16:58   |
10288       |       -2351.65   |       -2370.53   |        18.8847   |   188:45:13   |   05:15:56   |
10289       |       -2350.08   |       -2368.78   |        18.6971   |   188:48:06   |   05:14:53   |
10290       |       -2353.09   |        -2368.2   |        15.1106   |   188:51:21   |   05:13:50   |
10291       |       -2351.66   |       -2366.98   |         15.318   |   189:04:42   |   05:13:04   |
10292       |       -2350.42   |       -2370.75   |        20.3236   |   189:07:57   |   05:12:02   |
10293       |       -2349.13   |       -2369.81   |        20.6831   |   189:11:02   |   05:10:59   |
10294       |       -2349.73   |       -2371.44   |        21.7138   |   189:14:08   |   05:09:56   |
10295       |       -2350.18   |       -2369.69   |        19.5071   |   189:17:19   |   05:08:53   |
10296       |       -2349.47   |       -2367.89   |        18.4211   |   189:20:37   |   05:07:50   |
10297       |       -2350.31   |       -2368.51   |        18.1994   |   189:24:01   |   05:06:48   |
10298       |       -2349.18   |       -2366.76   |        17.5759   |   189:27:07   |   05:05:45   |
10299       |       -2347.86   |       -2366.92   |        19.0523   |   189:30:08   |   05:04:42   |


Iter        |      Posterior   |     Likelihood   |          Prior   |    elapsed   |        ETA   |
----------------------------------------------------------------------------------------------------
10300       |       -2350.18   |       -2369.41   |        19.2313   |   189:33:06   |   05:03:39   |
10301       |       -2349.35   |       -2366.38   |        17.0229   |   189:46:01   |   05:02:51   |
10302       |        -2348.9   |       -2366.12   |        17.2174   |   189:49:23   |   05:01:48   |
10303       |       -2349.68   |        -2366.4   |        16.7251   |   189:52:26   |   05:00:45   |
10304       |       -2350.61   |       -2367.07   |        16.4606   |   189:55:24   |   04:59:42   |
10305       |       -2348.93   |       -2367.93   |        19.0047   |   189:58:44   |   04:58:39   |
10306       |       -2348.93   |       -2367.93   |        19.0047   |   190:02:12   |   04:57:36   |
10307       |       -2349.65   |       -2368.93   |        19.2845   |   190:05:32   |   04:56:33   |
10308       |       -2354.63   |        -2375.3   |        20.6648   |   190:08:27   |   04:55:30   |
10309       |       -2352.42   |        -2370.8   |        18.3831   |   190:11:03   |   04:54:26   |
10310       |       -2355.56   |       -2375.77   |         20.211   |   190:14:03   |   04:53:22   |
10311       |       -2352.92   |       -2373.02   |        20.0971   |   190:26:01   |   04:52:32   |
10312       |       -2351.66   |       -2371.58   |        19.9274   |   190:28:41   |   04:51:28   |
10313       |       -2350.16   |       -2370.14   |        19.9853   |   190:31:42   |   04:50:25   |
10314       |       -2348.01   |       -2368.22   |        20.2103   |   190:34:27   |   04:49:21   |
10315       |       -2347.83   |       -2368.21   |        20.3798   |   190:37:29   |   04:48:17   |
10316       |       -2347.83   |       -2368.21   |        20.3798   |   190:40:29   |   04:47:13   |
10317       |       -2347.83   |       -2368.21   |        20.3798   |   190:43:41   |   04:46:10   |
10318       |       -2347.83   |       -2368.21   |        20.3798   |   190:46:54   |   04:45:07   |
10319       |       -2347.83   |       -2368.21   |        20.3798   |   190:50:16   |   04:44:03   |


Iter        |      Posterior   |     Likelihood   |          Prior   |    elapsed   |        ETA   |
----------------------------------------------------------------------------------------------------
10320       |       -2347.83   |       -2368.21   |        20.3798   |   190:53:26   |   04:43:00   |
10321       |       -2353.09   |        -2373.9   |        20.8154   |   191:05:57   |   04:42:10   |
10322       |       -2353.12   |       -2374.32   |        21.1932   |   191:08:43   |   04:41:06   |
10323       |       -2352.81   |       -2375.77   |        22.9675   |   191:11:42   |   04:40:02   |
10324       |       -2355.53   |       -2379.27   |        23.7417   |   191:14:40   |   04:38:58   |
10325       |        -2354.4   |       -2377.66   |        23.2613   |   191:17:07   |   04:37:53   |
10326       |       -2351.74   |       -2374.94   |        23.1965   |   191:19:53   |   04:36:49   |
10327       |       -2350.01   |       -2373.41   |        23.3911   |   191:23:00   |   04:35:45   |
10328       |       -2350.34   |       -2372.25   |        21.9035   |   191:25:53   |   04:34:41   |
10329       |        -2350.2   |       -2369.46   |        19.2612   |   191:28:49   |   04:33:37   |
10330       |       -2350.81   |       -2369.64   |        18.8302   |   191:32:17   |   04:32:33   |
10331       |       -2351.63   |       -2370.77   |        19.1388   |   191:45:37   |   04:31:44   |
10332       |       -2348.91   |       -2369.85   |        20.9475   |   191:48:32   |   04:30:40   |
10333       |       -2349.39   |       -2370.42   |        21.0292   |   191:51:38   |   04:29:36   |
10334       |       -2351.33   |       -2372.04   |        20.7094   |   191:54:49   |   04:28:32   |
10335       |       -2348.45   |       -2368.14   |        19.6871   |   191:58:03   |   04:27:28   |
10336       |       -2350.57   |       -2371.16   |        20.5905   |   192:01:09   |   04:26:24   |
10337       |       -2347.23   |        -2369.2   |        21.9699   |   192:03:52   |   04:25:19   |
10338       |       -2346.86   |        -2367.4   |        20.5403   |   192:06:54   |   04:24:15   |
10339       |       -2348.78   |       -2367.31   |        18.5369   |   192:10:15   |   04:23:11   |


Iter        |      Posterior   |     Likelihood   |          Prior   |    elapsed   |        ETA   |
----------------------------------------------------------------------------------------------------
10340       |       -2349.09   |       -2367.72   |        18.6305   |   192:13:46   |   04:22:07   |
10341       |        -2349.1   |       -2367.25   |        18.1498   |   192:27:07   |   04:21:17   |
10342       |       -2350.06   |       -2367.09   |        17.0299   |   192:30:16   |   04:20:13   |
10343       |       -2349.27   |       -2367.83   |        18.5616   |   192:33:25   |   04:19:09   |
10344       |       -2349.41   |        -2367.3   |        17.8907   |   192:36:12   |   04:18:04   |
10345       |       -2353.24   |       -2371.24   |        17.9942   |   192:39:18   |   04:16:59   |
10346       |       -2351.75   |          -2372   |        20.2576   |   192:42:15   |   04:15:55   |
10347       |        -2348.8   |       -2367.52   |        18.7189   |   192:45:21   |   04:14:50   |
10348       |        -2351.9   |        -2368.3   |         16.405   |   192:48:33   |   04:13:46   |
10349       |       -2353.06   |       -2368.12   |        15.0635   |   192:51:59   |   04:12:42   |
10350       |       -2352.12   |       -2370.94   |        18.8186   |   192:55:27   |   04:11:38   |
10351       |       -2351.84   |       -2370.59   |        18.7441   |   193:08:40   |   04:10:47   |
10352       |       -2351.86   |       -2369.15   |        17.2919   |   193:12:00   |   04:09:42   |
10353       |       -2353.21   |       -2368.67   |        15.4581   |   193:15:28   |   04:08:38   |
10354       |       -2351.67   |       -2368.08   |        16.4073   |   193:18:47   |   04:07:34   |
10355       |       -2351.67   |       -2368.08   |        16.4073   |   193:22:24   |   04:06:30   |
10356       |       -2354.38   |        -2371.1   |        16.7214   |   193:25:28   |   04:05:25   |
10357       |       -2354.15   |       -2368.59   |        14.4399   |   193:28:56   |   04:04:21   |
10358       |       -2352.56   |       -2367.43   |        14.8629   |   193:32:10   |   04:03:16   |
10359       |       -2354.11   |       -2369.11   |        14.9982   |   193:35:44   |   04:02:12   |


Iter        |      Posterior   |     Likelihood   |          Prior   |    elapsed   |        ETA   |
----------------------------------------------------------------------------------------------------
10360       |       -2351.33   |       -2366.93   |        15.6048   |   193:39:01   |   04:01:07   |
10361       |        -2351.2   |       -2367.24   |        16.0426   |   193:51:50   |   04:00:14   |
10362       |       -2351.63   |       -2371.14   |        19.5118   |   193:55:07   |   03:59:10   |
10363       |       -2350.16   |       -2370.39   |        20.2326   |   193:58:04   |   03:58:05   |
10364       |       -2349.36   |       -2371.97   |         22.607   |   194:01:04   |   03:56:59   |
10365       |       -2350.42   |       -2373.52   |        23.1002   |   194:03:58   |   03:55:54   |
10366       |       -2351.94   |       -2373.71   |        21.7748   |   194:07:07   |   03:54:49   |
10367       |       -2353.35   |       -2374.91   |        21.5574   |   194:10:09   |   03:53:44   |
10368       |       -2353.93   |       -2375.67   |        21.7415   |   194:13:38   |   03:52:40   |
10369       |       -2352.02   |       -2373.98   |        21.9643   |   194:16:40   |   03:51:34   |
10370       |       -2353.18   |       -2375.58   |         22.395   |   194:19:24   |   03:50:29   |
10371       |       -2353.67   |       -2374.82   |        21.1536   |   194:32:27   |   03:49:35   |
10372       |       -2351.19   |       -2372.06   |        20.8669   |   194:35:27   |   03:48:30   |
10373       |       -2351.03   |       -2369.93   |        18.8954   |   194:38:38   |   03:47:25   |
10374       |       -2349.82   |       -2371.53   |        21.7064   |   194:42:07   |   03:46:20   |
10375       |        -2348.8   |       -2368.28   |        19.4831   |   194:45:22   |   03:45:15   |
10376       |       -2346.54   |       -2366.62   |         20.079   |   194:48:45   |   03:44:10   |
10377       |       -2345.46   |       -2363.85   |        18.3873   |   194:51:46   |   03:43:05   |
10378       |       -2347.66   |       -2369.22   |        21.5584   |   194:54:56   |   03:41:59   |
10379       |       -2348.11   |       -2369.59   |        21.4769   |   194:57:49   |   03:40:54   |


Iter        |      Posterior   |     Likelihood   |          Prior   |    elapsed   |        ETA   |
----------------------------------------------------------------------------------------------------
10380       |       -2348.48   |       -2370.33   |        21.8459   |   195:00:50   |   03:39:48   |
10381       |       -2351.92   |       -2373.34   |        21.4203   |   195:13:57   |   03:38:54   |
10382       |       -2350.52   |       -2373.65   |        23.1271   |   195:16:52   |   03:37:48   |
10383       |       -2354.81   |       -2377.16   |        22.3472   |   195:19:51   |   03:36:43   |
10384       |       -2354.23   |       -2376.81   |        22.5848   |   195:22:59   |   03:35:37   |
10385       |       -2352.16   |       -2372.09   |        19.9336   |   195:26:05   |   03:34:32   |
10386       |       -2351.14   |       -2374.66   |        23.5214   |   195:29:05   |   03:33:26   |
10387       |       -2354.92   |       -2377.14   |        22.2248   |   195:32:10   |   03:32:20   |
10388       |       -2352.05   |        -2374.6   |        22.5473   |   195:35:31   |   03:31:15   |
10389       |        -2354.6   |       -2375.68   |        21.0776   |   195:38:16   |   03:30:09   |
10390       |        -2349.9   |       -2372.85   |        22.9449   |   195:41:36   |   03:29:03   |
10391       |       -2350.58   |       -2375.55   |        24.9722   |   195:54:48   |   03:28:08   |
10392       |       -2350.42   |        -2375.1   |        24.6781   |   195:58:02   |   03:27:03   |
10393       |       -2350.25   |       -2371.64   |        21.3883   |   196:01:14   |   03:25:57   |
10394       |       -2354.86   |       -2374.61   |        19.7567   |   196:04:34   |   03:24:52   |
10395       |        -2354.6   |       -2374.23   |        19.6253   |   196:07:51   |   03:23:46   |
10396       |       -2355.69   |       -2374.85   |        19.1541   |   196:11:03   |   03:22:40   |
10397       |        -2352.4   |       -2372.44   |        20.0372   |   196:14:27   |   03:21:34   |
10398       |       -2351.17   |       -2372.09   |        20.9242   |   196:17:43   |   03:20:29   |
10399       |       -2349.89   |       -2373.87   |        23.9782   |   196:21:08   |   03:19:23   |


Iter        |      Posterior   |     Likelihood   |          Prior   |    elapsed   |        ETA   |
----------------------------------------------------------------------------------------------------
10400       |       -2346.07   |       -2368.85   |        22.7835   |   196:24:00   |   03:18:17   |
10401       |       -2345.63   |       -2370.92   |        25.2977   |   196:36:52   |   03:17:21   |
10402       |       -2347.18   |       -2373.46   |         26.277   |   196:39:41   |   03:16:14   |
10403       |       -2346.72   |       -2370.03   |        23.3144   |   196:42:49   |   03:15:08   |
10404       |       -2346.62   |       -2369.91   |        23.2963   |   196:45:44   |   03:14:02   |
10405       |       -2345.08   |       -2366.11   |        21.0267   |   196:48:45   |   03:12:56   |
10406       |       -2348.57   |       -2371.14   |        22.5749   |   196:52:01   |   03:11:50   |
10407       |       -2350.29   |       -2373.69   |        23.3918   |   196:55:02   |   03:10:43   |
10408       |       -2346.65   |       -2371.25   |        24.5925   |   196:57:51   |   03:09:37   |
10409       |       -2348.23   |       -2371.86   |        23.6238   |   197:00:44   |   03:08:30   |
10410       |       -2350.44   |       -2372.87   |        22.4309   |   197:03:54   |   03:07:24   |
10411       |        -2347.1   |       -2368.94   |        21.8431   |   197:16:13   |   03:06:27   |
10412       |       -2349.12   |       -2371.46   |        22.3318   |   197:19:27   |   03:05:20   |
10413       |       -2349.29   |       -2373.54   |        24.2503   |   197:22:39   |   03:04:14   |
10414       |       -2349.19   |       -2373.66   |        24.4679   |   197:25:23   |   03:03:07   |
10415       |       -2346.39   |       -2368.43   |         22.036   |   197:28:35   |   03:02:01   |
10416       |       -2347.18   |       -2369.22   |        22.0309   |   197:31:46   |   03:00:55   |
10417       |       -2349.49   |       -2372.15   |        22.6551   |   197:34:53   |   02:59:48   |
10418       |       -2347.42   |       -2369.43   |        22.0015   |   197:37:42   |   02:58:41   |
10419       |       -2347.16   |       -2369.68   |        22.5204   |   197:40:37   |   02:57:35   |


Iter        |      Posterior   |     Likelihood   |          Prior   |    elapsed   |        ETA   |
----------------------------------------------------------------------------------------------------
10420       |       -2350.79   |       -2376.26   |        25.4671   |   197:43:30   |   02:56:28   |
10421       |       -2351.81   |       -2377.37   |        25.5608   |   197:55:17   |   02:55:29   |
10422       |        -2347.7   |       -2371.68   |        23.9779   |   197:57:55   |   02:54:22   |
10423       |       -2349.57   |       -2373.54   |        23.9688   |   198:01:05   |   02:53:15   |
10424       |       -2349.04   |       -2373.13   |        24.0908   |   198:03:59   |   02:52:08   |
10425       |       -2349.25   |       -2374.84   |        25.5913   |   198:06:49   |   02:51:02   |
10426       |       -2347.44   |       -2370.36   |        22.9269   |   198:09:26   |   02:49:54   |
10427       |       -2347.76   |       -2371.42   |        23.6638   |   198:12:17   |   02:48:47   |
10428       |       -2348.05   |       -2370.27   |        22.2222   |   198:15:16   |   02:47:41   |
10429       |       -2346.28   |       -2368.09   |        21.8142   |   198:18:15   |   02:46:34   |
10430       |       -2345.84   |       -2368.26   |        22.4143   |   198:20:51   |   02:45:26   |
10431       |       -2346.13   |       -2367.81   |        21.6802   |   198:32:38   |   02:44:27   |
10432       |       -2347.29   |       -2368.41   |         21.121   |   198:35:33   |   02:43:20   |
10433       |       -2347.29   |       -2368.41   |         21.121   |   198:38:48   |   02:42:13   |
10434       |       -2348.14   |       -2367.65   |        19.5141   |   198:41:57   |   02:41:06   |
10435       |       -2348.56   |       -2368.61   |        20.0499   |   198:44:53   |   02:39:59   |
10436       |       -2348.37   |       -2370.23   |        21.8522   |   198:47:42   |   02:38:52   |
10437       |       -2347.71   |       -2369.53   |        21.8168   |   198:50:57   |   02:37:45   |
10438       |       -2346.59   |       -2368.76   |        22.1654   |   198:53:48   |   02:36:37   |
10439       |       -2351.13   |       -2374.71   |        23.5751   |   198:56:45   |   02:35:30   |


Iter        |      Posterior   |     Likelihood   |          Prior   |    elapsed   |        ETA   |
----------------------------------------------------------------------------------------------------
10440       |       -2347.23   |       -2370.11   |        22.8798   |   198:59:53   |   02:34:23   |
10441       |       -2344.97   |       -2366.54   |        21.5705   |   199:12:17   |   02:33:23   |
10442       |       -2349.95   |       -2369.92   |        19.9731   |   199:15:19   |   02:32:16   |
10443       |       -2350.37   |       -2369.55   |        19.1759   |   199:18:24   |   02:31:09   |
10444       |       -2343.93   |       -2362.03   |        18.1054   |   199:21:44   |   02:30:02   |
10445       |       -2344.22   |       -2363.16   |        18.9427   |   199:24:57   |   02:28:55   |
10446       |       -2346.07   |       -2364.68   |        18.6028   |   199:27:54   |   02:27:47   |
10447       |        -2345.7   |       -2363.89   |        18.1858   |   199:30:43   |   02:26:40   |
10448       |       -2346.54   |       -2365.57   |        19.0295   |   199:33:41   |   02:25:32   |
10449       |       -2345.11   |       -2366.82   |        21.7072   |   199:36:12   |   02:24:24   |
10450       |       -2348.14   |       -2368.68   |        20.5371   |   199:39:10   |   02:23:17   |
10451       |        -2347.3   |       -2368.23   |        20.9302   |   199:52:19   |   02:22:17   |
10452       |       -2344.75   |       -2367.18   |        22.4212   |   199:55:34   |   02:21:09   |
10453       |       -2346.24   |       -2368.75   |        22.5053   |   199:58:28   |   02:20:02   |
10454       |          -2350   |       -2372.46   |        22.4582   |   200:01:46   |   02:18:54   |
10455       |       -2346.54   |       -2369.85   |        23.3131   |   200:04:40   |   02:17:47   |
10456       |       -2347.18   |        -2370.4   |        23.2187   |   200:07:54   |   02:16:39   |
10457       |       -2349.33   |       -2371.03   |         21.704   |   200:10:44   |   02:15:31   |
10458       |       -2350.18   |       -2370.39   |        20.2101   |   200:13:39   |   02:14:24   |
10459       |       -2349.65   |       -2371.53   |        21.8767   |   200:16:40   |   02:13:16   |


Iter        |      Posterior   |     Likelihood   |          Prior   |    elapsed   |        ETA   |
----------------------------------------------------------------------------------------------------
10460       |       -2349.54   |       -2370.49   |        20.9486   |   200:19:59   |   02:12:09   |
10461       |        -2348.4   |        -2370.4   |        21.9964   |   200:32:38   |   02:11:07   |
10462       |       -2350.69   |       -2371.45   |        20.7551   |   200:35:27   |   02:09:59   |
10463       |       -2351.56   |       -2369.84   |        18.2837   |   200:38:31   |   02:08:51   |
10464       |        -2352.8   |       -2371.18   |        18.3708   |   200:42:01   |   02:07:44   |
10465       |       -2356.95   |       -2374.07   |        17.1223   |   200:45:14   |   02:06:36   |
10466       |       -2353.92   |       -2370.87   |        16.9493   |   200:48:34   |   02:05:28   |
10467       |        -2349.6   |       -2369.51   |        19.9154   |   200:51:32   |   02:04:20   |
10468       |       -2348.52   |       -2367.03   |        18.5138   |   200:54:26   |   02:03:12   |
10469       |       -2349.07   |        -2367.1   |        18.0259   |   200:58:06   |   02:02:05   |
10470       |       -2349.44   |       -2367.82   |        18.3784   |   201:01:08   |   02:00:57   |
10471       |       -2350.13   |       -2368.22   |        18.0833   |   201:13:56   |   01:59:55   |
10472       |       -2353.13   |       -2373.39   |        20.2542   |   201:16:49   |   01:58:47   |
10473       |       -2354.92   |       -2375.54   |         20.613   |   201:20:01   |   01:57:39   |
10474       |       -2354.33   |        -2375.1   |        20.7729   |   201:23:08   |   01:56:31   |
10475       |       -2351.45   |       -2372.05   |         20.606   |   201:26:09   |   01:55:22   |
10476       |       -2352.09   |       -2369.97   |        17.8872   |   201:29:31   |   01:54:14   |
10477       |       -2349.62   |          -2367   |        17.3858   |   201:32:45   |   01:53:06   |
10478       |       -2348.95   |       -2367.23   |        18.2824   |   201:36:07   |   01:51:58   |
10479       |       -2347.48   |        -2365.6   |        18.1221   |   201:39:01   |   01:50:50   |


Iter        |      Posterior   |     Likelihood   |          Prior   |    elapsed   |        ETA   |
----------------------------------------------------------------------------------------------------
10480       |       -2348.02   |       -2366.22   |        18.2076   |   201:42:02   |   01:49:42   |
10481       |       -2352.88   |       -2368.43   |        15.5554   |   201:54:56   |   01:48:39   |
10482       |       -2349.04   |        -2367.3   |        18.2552   |   201:58:12   |   01:47:31   |
10483       |       -2350.32   |       -2369.27   |        18.9454   |   202:01:33   |   01:46:22   |
10484       |       -2349.48   |       -2367.59   |        18.1107   |   202:04:37   |   01:45:14   |
10485       |       -2350.25   |       -2367.66   |        17.4048   |   202:08:05   |   01:44:06   |
10486       |       -2351.42   |       -2370.13   |        18.7044   |   202:10:48   |   01:42:57   |
10487       |       -2353.19   |       -2369.99   |        16.8007   |   202:13:21   |   01:41:48   |
10488       |       -2352.61   |       -2371.94   |        19.3233   |   202:16:11   |   01:40:40   |
10489       |       -2354.32   |       -2372.08   |        17.7646   |   202:19:13   |   01:39:31   |
10490       |       -2352.39   |       -2369.89   |        17.5044   |   202:22:17   |   01:38:23   |
10491       |       -2353.45   |       -2371.07   |        17.6158   |   202:35:05   |   01:37:19   |
10492       |        -2351.7   |       -2369.73   |        18.0287   |   202:37:52   |   01:36:10   |
10493       |       -2349.89   |        -2369.4   |        19.5089   |   202:40:42   |   01:35:01   |
10494       |       -2349.89   |        -2369.4   |        19.5089   |   202:44:11   |   01:33:53   |
10495       |       -2348.17   |       -2369.93   |        21.7587   |   202:47:12   |   01:32:44   |
10496       |       -2350.92   |       -2372.55   |        21.6311   |   202:50:17   |   01:31:36   |
10497       |       -2351.69   |       -2373.92   |        22.2289   |   202:53:02   |   01:30:27   |
10498       |       -2351.02   |       -2373.21   |        22.1825   |   202:56:03   |   01:29:18   |
10499       |       -2353.33   |        -2375.6   |        22.2782   |   202:59:07   |   01:28:09   |


Iter        |      Posterior   |     Likelihood   |          Prior   |    elapsed   |        ETA   |
----------------------------------------------------------------------------------------------------
10500       |       -2353.33   |        -2375.6   |        22.2782   |   203:02:23   |   01:27:01   |
10501       |       -2353.33   |        -2375.6   |        22.2782   |   203:15:20   |   01:25:56   |
10502       |       -2353.33   |        -2375.6   |        22.2782   |   203:18:44   |   01:24:47   |
10503       |       -2353.33   |        -2375.6   |        22.2782   |   203:21:57   |   01:23:38   |
10504       |       -2353.33   |        -2375.6   |        22.2782   |   203:25:13   |   01:22:29   |
10505       |       -2353.33   |        -2375.6   |        22.2782   |   203:28:33   |   01:21:21   |
10506       |       -2353.33   |        -2375.6   |        22.2782   |   203:31:49   |   01:20:12   |
10507       |       -2353.33   |        -2375.6   |        22.2782   |   203:35:02   |   01:19:03   |
10508       |       -2353.33   |        -2375.6   |        22.2782   |   203:38:26   |   01:17:54   |
10509       |       -2353.33   |        -2375.6   |        22.2782   |   203:41:30   |   01:16:45   |
10510       |       -2353.33   |        -2375.6   |        22.2782   |   203:44:43   |   01:15:36   |
10511       |       -2353.15   |       -2375.43   |        22.2782   |   203:57:34   |   01:14:30   |
10512       |       -2348.76   |       -2370.34   |        21.5809   |   204:00:30   |   01:13:21   |
10513       |       -2347.73   |       -2368.64   |        20.9073   |   204:03:29   |   01:12:12   |
10514       |       -2347.73   |       -2368.64   |        20.9073   |   204:06:51   |   01:11:03   |
10515       |       -2347.73   |       -2368.64   |        20.9073   |   204:10:10   |   01:09:54   |
10516       |       -2347.73   |       -2368.64   |        20.9073   |   204:13:32   |   01:08:44   |
10517       |       -2350.42   |       -2367.05   |        16.6276   |   204:16:37   |   01:07:35   |
10518       |       -2350.42   |       -2367.05   |        16.6276   |   204:20:05   |   01:06:26   |
10519       |       -2346.29   |       -2364.68   |        18.3853   |   204:23:02   |   01:05:17   |


Iter        |      Posterior   |     Likelihood   |          Prior   |    elapsed   |        ETA   |
----------------------------------------------------------------------------------------------------
10520       |       -2348.83   |       -2367.22   |        18.3835   |   204:26:11   |   01:04:07   |
10521       |       -2347.34   |       -2365.92   |        18.5843   |   204:39:17   |   01:03:01   |
10522       |       -2347.34   |       -2365.92   |        18.5843   |   204:42:18   |   01:01:52   |
10523       |       -2347.34   |       -2365.92   |        18.5843   |   204:45:56   |   01:00:42   |
10524       |       -2347.34   |       -2365.92   |        18.5843   |   204:49:31   |   00:59:33   |
10525       |       -2345.82   |       -2364.43   |        18.6116   |   204:52:59   |   00:58:23   |
10526       |          -2345   |        -2364.8   |        19.8023   |   204:56:15   |   00:57:14   |
10527       |       -2345.89   |       -2365.66   |        19.7661   |   204:59:27   |   00:56:04   |
10528       |       -2346.04   |       -2366.61   |         20.569   |   205:02:35   |   00:54:55   |
10529       |       -2347.39   |       -2365.14   |         17.746   |   205:05:29   |   00:53:45   |
10530       |       -2353.59   |       -2370.48   |        16.8882   |   205:08:33   |   00:52:36   |
10531       |       -2352.75   |       -2370.69   |        17.9368   |   205:21:37   |   00:51:28   |
10532       |       -2353.65   |        -2367.5   |        13.8461   |   205:24:46   |   00:50:19   |
10533       |        -2352.1   |       -2368.74   |        16.6418   |   205:28:04   |   00:49:09   |
10534       |       -2350.27   |       -2367.74   |        17.4749   |   205:31:22   |   00:47:59   |
10535       |       -2349.35   |       -2368.35   |        19.0076   |   205:34:14   |   00:46:49   |
10536       |       -2350.47   |       -2365.76   |        15.2967   |   205:37:12   |   00:45:40   |
10537       |       -2349.14   |       -2365.75   |        16.6136   |   205:40:19   |   00:44:30   |
10538       |       -2350.77   |       -2366.95   |        16.1754   |   205:43:20   |   00:43:20   |
10539       |       -2350.87   |       -2366.23   |        15.3536   |   205:46:18   |   00:42:10   |


Iter        |      Posterior   |     Likelihood   |          Prior   |    elapsed   |        ETA   |
----------------------------------------------------------------------------------------------------
10540       |       -2353.63   |       -2368.84   |        15.2142   |   205:49:08   |   00:41:00   |
10541       |       -2348.98   |       -2367.91   |        18.9325   |   206:01:40   |   00:39:52   |
10542       |       -2355.03   |       -2373.45   |        18.4218   |   206:04:39   |   00:38:42   |
10543       |       -2348.01   |       -2367.07   |        19.0564   |   206:07:33   |   00:37:32   |
10544       |       -2353.66   |       -2371.87   |        18.2048   |   206:10:38   |   00:36:22   |
10545       |       -2353.63   |       -2375.03   |        21.3961   |   206:13:37   |   00:35:12   |
10546       |       -2355.97   |       -2376.98   |        21.0071   |   206:16:31   |   00:34:02   |
10547       |        -2352.2   |       -2375.48   |        23.2799   |   206:19:07   |   00:32:51   |
10548       |       -2354.72   |       -2377.79   |         23.068   |   206:21:54   |   00:31:41   |
10549       |       -2351.96   |       -2375.44   |         23.483   |   206:24:33   |   00:30:31   |
10550       |       -2352.74   |       -2376.16   |        23.4191   |   206:27:32   |   00:29:21   |
10551       |       -2356.99   |       -2378.71   |        21.7198   |   206:39:52   |   00:28:12   |
10552       |        -2357.3   |       -2378.28   |        20.9858   |   206:43:09   |   00:27:02   |
10553       |       -2354.16   |       -2375.54   |        21.3786   |   206:46:14   |   00:25:51   |
10554       |       -2351.85   |       -2374.58   |        22.7321   |   206:49:20   |   00:24:41   |
10555       |       -2352.33   |       -2374.75   |        22.4147   |   206:52:03   |   00:23:31   |
10556       |       -2351.15   |       -2376.19   |        25.0392   |   206:55:11   |   00:22:20   |
10557       |       -2352.02   |       -2375.63   |        23.6139   |   206:58:12   |   00:21:10   |
10558       |       -2348.98   |       -2370.29   |        21.3092   |   207:01:11   |   00:20:00   |
10559       |       -2356.53   |       -2375.01   |        18.4796   |   207:03:54   |   00:18:49   |


Iter        |      Posterior   |     Likelihood   |          Prior   |    elapsed   |        ETA   |
----------------------------------------------------------------------------------------------------
10560       |       -2350.73   |       -2371.08   |         20.355   |   207:06:46   |   00:17:39   |
10561       |       -2356.61   |        -2374.5   |         17.897   |   207:18:52   |   00:16:29   |
10562       |        -2353.6   |       -2369.24   |        15.6413   |   207:22:03   |   00:15:18   |
10563       |       -2351.34   |       -2366.97   |         15.629   |   207:25:18   |   00:14:08   |
10564       |       -2353.93   |       -2368.37   |        14.4483   |   207:28:29   |   00:12:57   |
10565       |       -2359.03   |       -2373.41   |        14.3765   |   207:31:27   |   00:11:47   |
10566       |       -2357.24   |       -2371.03   |        13.7914   |   207:34:40   |   00:10:36   |
10567       |       -2353.24   |        -2368.4   |        15.1588   |   207:37:34   |   00:09:25   |
10568       |       -2352.13   |       -2368.15   |        16.0194   |   207:40:55   |   00:08:15   |
10569       |       -2353.23   |       -2370.07   |        16.8429   |   207:43:46   |   00:07:04   |
10570       |       -2355.97   |        -2371.7   |        15.7374   |   207:46:44   |   00:05:53   |
10571       |        -2357.1   |       -2371.78   |        14.6852   |   207:59:33   |   00:04:43   |
10572       |       -2353.91   |       -2369.19   |        15.2816   |   208:02:52   |   00:03:32   |
10573       |       -2354.87   |       -2371.45   |        16.5756   |   208:05:36   |   00:02:21   |
10574       |        -2352.6   |       -2369.19   |        16.5823   |   208:09:04   |   00:01:10   |
10575       |       -2351.99   |       -2369.05   |        17.0531   |   208:12:21   |   00:00:00   |

                  Name                  | Param              |  Weight  |  Tried   | Accepted | Acc. Ratio| Parameters
===============================================================================================================================
Scaling                                  gamma_a                  2.0000      21195      14607      0.6892 lambda = 1.0305
Scaling                                  gamma_b                  2.0000      21048      14181      0.6737 lambda = 0.8416
UpDownScaling                            gamma_a                  1.0000      10659       6963      0.6533 lambda = 0.8237
Scaling                                  delta_a                  2.0000      21325      13258      0.6217 lambda = 0.9703
Scaling                                  delta_b                  2.0000      20987      11578      0.5517 lambda = 0.6765
UpDownScaling                            delta_a                  1.0000      10363       5777      0.5575 lambda = 0.6122
Scaling                                  rho_a                    2.0000      20938      14226      0.6794 lambda = 1.0022
Scaling                                  rho_b                    2.0000      21013      13677      0.6509 lambda = 0.8688
UpDownScaling                            rho_a                    1.0000      10722       6965      0.6496 lambda = 0.7869
Scaling                                  eta_a                    2.0000      21067      12968      0.6156 lambda = 0.9667
Scaling                                  eta_b                    2.0000      21147      14159      0.6696 lambda = 0.9268
UpDownScaling                            eta_a                    1.0000      10788       6394      0.5927 lambda = 0.8426
Scaling                                  alpha                    1.0000      10518       4318      0.4105 lambda = 3.2253
Scaling                                  turnover                 1.0000      10597       4570      0.4313 lambda = 0.1570
Scaling                                  total_speciation         1.0000      10535       4159      0.3948 lambda = 0.1173
BetaSimplex                              relative_clado           5.0000      53341      29149      0.5465 alpha = 19.9943
ElementSwapSimplex                       relative_clado           3.0000      31578       4081      0.1292 
UpDownScaling                            total_speciation         1.0000      10579       4923      0.4654 lambda = 0.3533

