
RevBayes version (1.1.0)
Build from dev_mrm (rapture-477-g991966) on Thu Feb 15 15:42:16 EST 2024

Visit the website www.RevBayes.com for more information about RevBayes.

RevBayes is free software released under the GPL license, version 3. Type 'license()' for details.

To quit RevBayes type 'quit()' or 'q()'.


> source("scripts/pteri/pteri_chromosse_modelspec_tb_5.rev")
   Processing file "scripts/pteri/pteri_chromosse_modelspec_tb_5.rev"
   Attempting to read the contents of file "pteridaceae_csomepruned.tree"
   Successfully read file
   Processing file "scripts/chromosse_tp_mrm_tb.rev"
Ana rates matrix
Clado rates matrix
   Warning: simulating tree under uniform model.
   Warning: simulating tree under uniform model.
GLHBDSP
clamp tree
clamp character data
   -2454.958
lnProbability calculated
my_model
monitoring stochastic character map
monitors set
initiating mcmc
Intializing from checkpoint
   Appending to previous MCMC simulation of 9000 iterations
   This simulation runs 1 independent replicate.
   The simulator uses 8 different moves in a random move schedule with 14 moves per iteration

Iter        |      Posterior   |     Likelihood   |          Prior   |    elapsed   |        ETA   |
----------------------------------------------------------------------------------------------------
9001        |       -2446.26   |        -2455.9   |        9.64136   |   00:00:16   |   00:00:05   |
9002        |       -2443.74   |       -2453.63   |        9.88616   |   00:00:32   |   00:00:10   |
9003        |       -2445.47   |       -2454.81   |        9.33205   |   00:00:49   |   00:00:16   |
9004        |       -2445.84   |       -2455.23   |        9.39372   |   00:01:07   |   00:00:22   |
9005        |       -2444.29   |        -2453.6   |        9.30639   |   00:01:25   |   00:00:28   |
9006        |       -2446.16   |       -2455.46   |        9.30746   |   00:01:43   |   00:00:34   |
9007        |       -2447.96   |       -2456.62   |        8.65902   |   00:02:02   |   00:00:40   |
9008        |       -2449.77   |       -2458.42   |        8.65089   |   00:02:20   |   00:00:46   |
9009        |        -2448.8   |       -2457.47   |        8.66828   |   00:02:38   |   00:00:52   |
9010        |       -2447.32   |          -2456   |        8.68124   |   00:02:56   |   00:00:58   |
9011        |       -2444.29   |       -2455.05   |        10.7614   |   00:05:31   |   00:01:49   |
9012        |       -2444.29   |       -2455.05   |        10.7614   |   00:05:49   |   00:01:55   |
9013        |       -2444.29   |       -2455.05   |        10.7614   |   00:06:07   |   00:02:01   |
9014        |          -2448   |       -2459.74   |         11.739   |   00:06:25   |   00:02:07   |
9015        |        -2447.3   |       -2458.96   |        11.6538   |   00:06:43   |   00:02:13   |
9016        |       -2445.92   |       -2455.97   |        10.0532   |   00:07:02   |   00:02:19   |
9017        |        -2444.3   |       -2453.52   |        9.21858   |   00:07:19   |   00:02:25   |
9018        |       -2444.44   |       -2453.67   |        9.22892   |   00:07:37   |   00:02:31   |
9019        |       -2443.52   |       -2453.42   |        9.90194   |   00:07:56   |   00:02:37   |


Iter        |      Posterior   |     Likelihood   |          Prior   |    elapsed   |        ETA   |
----------------------------------------------------------------------------------------------------
9020        |       -2443.83   |       -2453.73   |        9.89515   |   00:08:14   |   00:02:43   |
9021        |       -2443.15   |       -2452.87   |        9.72047   |   00:10:52   |   00:03:35   |
9022        |       -2445.83   |       -2456.67   |        10.8427   |   00:11:10   |   00:03:41   |
9023        |       -2446.62   |       -2457.33   |        10.7113   |   00:11:28   |   00:03:46   |
9024        |       -2446.76   |       -2455.39   |        8.63516   |   00:11:46   |   00:03:52   |
9025        |       -2442.69   |       -2452.05   |        9.36033   |   00:12:04   |   00:03:58   |
9026        |       -2442.64   |       -2451.84   |        9.20339   |   00:12:23   |   00:04:04   |
9027        |       -2445.79   |       -2454.98   |        9.18813   |   00:12:41   |   00:04:10   |
9028        |       -2445.83   |        -2455.3   |        9.47457   |   00:12:59   |   00:04:16   |
9029        |       -2444.22   |       -2453.71   |        9.49074   |   00:13:17   |   00:04:22   |
9030        |       -2444.78   |       -2454.01   |        9.22884   |   00:13:36   |   00:04:28   |
9031        |        -2443.4   |       -2452.61   |        9.20979   |   00:16:15   |   00:05:20   |
9032        |       -2444.13   |       -2453.35   |        9.22344   |   00:16:31   |   00:05:25   |
9033        |       -2446.11   |       -2455.53   |        9.41974   |   00:16:48   |   00:05:31   |
9034        |       -2446.23   |       -2455.48   |        9.24568   |   00:17:04   |   00:05:36   |
9035        |       -2444.74   |       -2454.09   |        9.34654   |   00:17:21   |   00:05:41   |
9036        |       -2445.82   |       -2456.68   |        10.8616   |   00:17:37   |   00:05:46   |
9037        |       -2445.67   |       -2456.52   |        10.8582   |   00:17:54   |   00:05:52   |
9038        |       -2445.13   |       -2455.98   |        10.8495   |   00:18:11   |   00:05:57   |
9039        |        -2445.7   |       -2456.55   |        10.8493   |   00:18:27   |   00:06:02   |


Iter        |      Posterior   |     Likelihood   |          Prior   |    elapsed   |        ETA   |
----------------------------------------------------------------------------------------------------
9040        |       -2445.72   |       -2456.87   |        11.1526   |   00:18:43   |   00:06:07   |
9041        |       -2444.63   |        -2455.8   |        11.1689   |   00:21:20   |   00:06:58   |
9042        |       -2444.63   |        -2455.8   |        11.1689   |   00:21:37   |   00:07:04   |
9043        |       -2444.63   |        -2455.8   |        11.1689   |   00:21:54   |   00:07:09   |
9044        |       -2444.63   |        -2455.8   |        11.1689   |   00:22:11   |   00:07:15   |
9045        |       -2444.63   |        -2455.8   |        11.1689   |   00:22:28   |   00:07:20   |
9046        |        -2445.1   |       -2456.06   |        10.9637   |   00:22:44   |   00:07:25   |
9047        |       -2443.09   |       -2454.06   |        10.9689   |   00:23:01   |   00:07:30   |
9048        |       -2443.33   |       -2454.28   |        10.9465   |   00:23:18   |   00:07:36   |
9049        |       -2445.67   |       -2457.15   |        11.4857   |   00:23:34   |   00:07:41   |
9050        |       -2445.15   |       -2457.03   |        11.8829   |   00:23:51   |   00:07:46   |
9051        |       -2445.06   |       -2456.67   |        11.6086   |   00:26:27   |   00:08:37   |
9052        |       -2443.29   |       -2454.08   |        10.7876   |   00:26:44   |   00:08:42   |
9053        |        -2444.7   |        -2455.2   |        10.5023   |   00:27:01   |   00:08:47   |
9054        |       -2444.75   |       -2454.97   |        10.2254   |   00:27:18   |   00:08:52   |
9055        |       -2443.72   |       -2454.58   |        10.8592   |   00:27:34   |   00:08:57   |
9056        |       -2444.19   |       -2455.16   |        10.9737   |   00:27:51   |   00:09:03   |
9057        |       -2445.93   |       -2456.15   |        10.2241   |   00:28:08   |   00:09:08   |
9058        |       -2447.46   |        -2456.2   |         8.7454   |   00:28:24   |   00:09:13   |
9059        |       -2444.81   |       -2453.57   |        8.76129   |   00:28:41   |   00:09:18   |


Iter        |      Posterior   |     Likelihood   |          Prior   |    elapsed   |        ETA   |
----------------------------------------------------------------------------------------------------
9060        |       -2446.57   |       -2455.31   |        8.74153   |   00:28:57   |   00:09:23   |
9061        |       -2445.55   |       -2454.69   |        9.13832   |   00:31:38   |   00:10:15   |
9062        |       -2444.15   |       -2453.31   |        9.15562   |   00:31:55   |   00:10:20   |
9063        |       -2449.13   |       -2458.38   |        9.24209   |   00:32:13   |   00:10:26   |
9064        |       -2446.28   |       -2457.05   |         10.771   |   00:32:30   |   00:10:31   |
9065        |       -2443.32   |       -2454.09   |         10.768   |   00:32:47   |   00:10:36   |
9066        |       -2443.86   |       -2454.35   |        10.4874   |   00:33:04   |   00:10:42   |
9067        |       -2443.06   |       -2453.88   |        10.8132   |   00:33:21   |   00:10:47   |
9068        |        -2443.7   |       -2454.67   |        10.9773   |   00:33:39   |   00:10:52   |
9069        |       -2444.23   |       -2454.81   |        10.5802   |   00:33:56   |   00:10:58   |
9070        |       -2442.82   |       -2453.04   |        10.2226   |   00:34:13   |   00:11:03   |
9071        |       -2442.02   |       -2452.64   |         10.621   |   00:36:58   |   00:11:56   |
9072        |       -2442.51   |       -2451.95   |        9.43808   |   00:37:15   |   00:12:01   |
9073        |        -2443.6   |       -2453.03   |        9.42511   |   00:37:32   |   00:12:06   |
9074        |       -2443.47   |        -2452.9   |        9.42567   |   00:37:49   |   00:12:11   |
9075        |        -2443.5   |       -2452.92   |        9.42459   |   00:38:07   |   00:12:17   |
9076        |       -2443.28   |       -2452.46   |        9.17918   |   00:38:24   |   00:12:22   |
9077        |        -2442.7   |        -2452.1   |        9.40339   |   00:38:41   |   00:12:27   |
9078        |       -2442.68   |       -2452.72   |        10.0325   |   00:38:58   |   00:12:32   |
9079        |       -2442.94   |       -2452.81   |        9.87005   |   00:39:15   |   00:12:37   |


Iter        |      Posterior   |     Likelihood   |          Prior   |    elapsed   |        ETA   |
----------------------------------------------------------------------------------------------------
9080        |       -2442.94   |       -2452.81   |        9.87005   |   00:39:32   |   00:12:42   |
9081        |        -2443.9   |       -2452.94   |        9.03669   |   00:42:15   |   00:13:34   |
9082        |       -2443.02   |       -2452.07   |        9.05277   |   00:42:32   |   00:13:39   |
9083        |       -2443.22   |       -2452.27   |         9.0527   |   00:42:49   |   00:13:45   |
9084        |       -2445.66   |        -2454.7   |        9.03522   |   00:43:06   |   00:13:50   |
9085        |       -2445.89   |       -2454.92   |        9.02873   |   00:43:23   |   00:13:55   |
9086        |       -2444.92   |       -2454.01   |        9.09021   |   00:43:40   |   00:14:00   |
9087        |       -2444.02   |       -2453.12   |        9.09881   |   00:43:57   |   00:14:05   |
9088        |       -2444.26   |       -2453.36   |        9.09653   |   00:44:14   |   00:14:10   |
9089        |       -2443.43   |       -2452.52   |        9.08442   |   00:44:31   |   00:14:15   |
9090        |       -2443.43   |       -2452.52   |        9.08442   |   00:44:47   |   00:14:20   |
9091        |       -2443.43   |       -2452.52   |        9.08442   |   00:47:22   |   00:15:09   |
9092        |       -2442.75   |       -2451.84   |        9.09026   |   00:47:38   |   00:15:14   |
9093        |       -2443.37   |       -2452.47   |        9.09205   |   00:47:55   |   00:15:19   |
9094        |       -2444.82   |       -2453.92   |        9.10154   |   00:48:11   |   00:15:23   |
9095        |       -2447.01   |       -2455.98   |        8.96756   |   00:48:27   |   00:15:28   |
9096        |       -2447.27   |       -2456.24   |        8.96919   |   00:48:43   |   00:15:33   |
9097        |       -2447.27   |       -2456.24   |        8.96919   |   00:48:59   |   00:15:37   |
9098        |        -2445.3   |       -2454.29   |        8.99072   |   00:49:15   |   00:15:42   |
9099        |       -2442.64   |       -2451.65   |         9.0011   |   00:49:32   |   00:15:47   |


Iter        |      Posterior   |     Likelihood   |          Prior   |    elapsed   |        ETA   |
----------------------------------------------------------------------------------------------------
9100        |       -2442.24   |       -2451.45   |        9.20625   |   00:49:48   |   00:15:52   |
9101        |       -2442.61   |       -2451.82   |        9.20766   |   00:52:23   |   00:16:41   |
9102        |        -2444.1   |       -2454.98   |        10.8781   |   00:52:39   |   00:16:45   |
9103        |       -2444.35   |       -2454.13   |        9.78199   |   00:52:55   |   00:16:50   |
9104        |       -2447.78   |       -2456.67   |        8.89442   |   00:53:11   |   00:16:55   |
9105        |       -2444.86   |       -2453.78   |        8.91763   |   00:53:27   |   00:16:59   |
9106        |       -2442.63   |       -2451.37   |        8.73809   |   00:53:43   |   00:17:04   |
9107        |       -2443.61   |       -2452.34   |        8.73457   |   00:54:00   |   00:17:09   |
9108        |       -2443.61   |       -2452.34   |        8.73457   |   00:54:16   |   00:17:13   |
9109        |       -2442.52   |       -2451.68   |        9.15952   |   00:54:32   |   00:17:18   |
9110        |       -2444.52   |       -2453.66   |        9.14203   |   00:54:48   |   00:17:23   |
9111        |       -2443.53   |       -2452.69   |        9.16687   |   00:57:24   |   00:18:12   |
9112        |       -2444.24   |       -2453.69   |        9.45489   |   00:57:40   |   00:18:16   |
9113        |       -2443.98   |       -2453.09   |        9.10272   |   00:57:56   |   00:18:21   |
9114        |       -2443.68   |       -2453.71   |        10.0308   |   00:58:12   |   00:18:25   |
9115        |        -2444.6   |       -2454.63   |         10.034   |   00:58:28   |   00:18:30   |
9116        |       -2443.56   |       -2453.82   |        10.2603   |   00:58:44   |   00:18:34   |
9117        |       -2445.77   |       -2456.02   |        10.2505   |   00:59:00   |   00:18:39   |
9118        |        -2445.7   |       -2455.95   |        10.2512   |   00:59:16   |   00:18:43   |
9119        |       -2445.05   |       -2455.38   |        10.3287   |   00:59:32   |   00:18:48   |


Iter        |      Posterior   |     Likelihood   |          Prior   |    elapsed   |        ETA   |
----------------------------------------------------------------------------------------------------
9120        |       -2448.29   |       -2458.22   |        9.93753   |   00:59:48   |   00:18:53   |
9121        |       -2447.42   |       -2457.34   |        9.92562   |   01:02:24   |   00:19:41   |
9122        |        -2449.5   |       -2459.39   |        9.89053   |   01:02:40   |   00:19:46   |
9123        |        -2444.1   |          -2454   |        9.89877   |   01:02:56   |   00:19:50   |
9124        |       -2446.92   |       -2456.95   |        10.0344   |   01:03:13   |   00:19:55   |
9125        |       -2450.73   |       -2460.77   |        10.0401   |   01:03:29   |   00:20:00   |
9126        |       -2448.81   |        -2458.7   |        9.89162   |   01:03:45   |   00:20:04   |
9127        |       -2448.27   |       -2458.17   |          9.901   |   01:04:01   |   00:20:09   |
9128        |       -2448.03   |       -2458.04   |        10.0126   |   01:04:18   |   00:20:13   |
9129        |       -2447.86   |       -2457.57   |        9.70678   |   01:04:34   |   00:20:18   |
9130        |       -2448.14   |       -2457.96   |        9.81715   |   01:04:50   |   00:20:22   |
9131        |       -2446.35   |       -2456.16   |        9.80614   |   01:07:26   |   00:21:11   |
9132        |       -2446.05   |       -2455.92   |        9.87317   |   01:07:42   |   00:21:15   |
9133        |       -2448.01   |       -2457.63   |        9.61934   |   01:07:59   |   00:21:20   |
9134        |        -2445.6   |       -2453.67   |        8.07001   |   01:08:15   |   00:21:24   |
9135        |       -2446.21   |       -2455.05   |        8.84277   |   01:08:31   |   00:21:29   |
9136        |       -2444.98   |        -2454.7   |        9.72618   |   01:08:47   |   00:21:33   |
9137        |       -2442.18   |       -2451.94   |        9.75487   |   01:09:03   |   00:21:38   |
9138        |       -2442.78   |       -2452.09   |        9.31805   |   01:09:20   |   00:21:42   |
9139        |       -2442.98   |        -2452.3   |        9.31647   |   01:09:36   |   00:21:47   |


Iter        |      Posterior   |     Likelihood   |          Prior   |    elapsed   |        ETA   |
----------------------------------------------------------------------------------------------------
9140        |       -2443.09   |       -2452.41   |        9.31771   |   01:09:52   |   00:21:51   |
9141        |       -2443.58   |       -2452.89   |        9.31015   |   01:12:27   |   00:22:39   |
9142        |       -2445.39   |       -2454.38   |        8.98954   |   01:12:43   |   00:22:43   |
9143        |       -2443.68   |       -2452.88   |         9.1988   |   01:12:59   |   00:22:48   |
9144        |       -2444.07   |       -2453.27   |        9.20192   |   01:13:15   |   00:22:52   |
9145        |        -2444.8   |        -2453.9   |        9.09994   |   01:13:32   |   00:22:57   |
9146        |       -2443.03   |       -2452.15   |          9.119   |   01:13:48   |   00:23:01   |
9147        |       -2443.14   |       -2452.26   |        9.11855   |   01:14:05   |   00:23:06   |
9148        |       -2442.53   |       -2451.56   |        9.03062   |   01:14:21   |   00:23:10   |
9149        |          -2444   |       -2453.42   |         9.4199   |   01:14:38   |   00:23:15   |
9150        |       -2447.45   |       -2456.93   |         9.4816   |   01:14:54   |   00:23:19   |
9151        |       -2447.87   |       -2457.35   |        9.47833   |   01:17:31   |   00:24:08   |
9152        |       -2445.38   |       -2454.89   |        9.51249   |   01:17:47   |   00:24:12   |
9153        |       -2446.34   |       -2455.82   |        9.48007   |   01:18:03   |   00:24:16   |
9154        |       -2446.98   |       -2455.45   |        8.46432   |   01:18:19   |   00:24:20   |
9155        |       -2443.12   |       -2451.41   |        8.29742   |   01:18:36   |   00:24:25   |
9156        |       -2444.01   |       -2452.31   |        8.30422   |   01:18:52   |   00:24:29   |
9157        |       -2447.81   |       -2457.14   |        9.33045   |   01:19:08   |   00:24:34   |
9158        |       -2448.11   |       -2457.69   |        9.57412   |   01:19:24   |   00:24:38   |
9159        |       -2447.61   |       -2457.18   |           9.57   |   01:19:41   |   00:24:43   |


Iter        |      Posterior   |     Likelihood   |          Prior   |    elapsed   |        ETA   |
----------------------------------------------------------------------------------------------------
9160        |       -2445.12   |       -2454.55   |        9.43306   |   01:19:57   |   00:24:47   |
9161        |          -2446   |       -2455.49   |        9.48984   |   01:22:33   |   00:25:34   |
9162        |       -2446.06   |       -2455.55   |        9.48833   |   01:22:49   |   00:25:39   |
9163        |       -2446.06   |       -2455.55   |        9.48833   |   01:23:05   |   00:25:43   |
9164        |        -2446.5   |       -2456.03   |        9.53054   |   01:23:21   |   00:25:47   |
9165        |        -2447.7   |       -2455.94   |        8.24193   |   01:23:37   |   00:25:51   |
9166        |       -2450.48   |       -2458.81   |        8.32825   |   01:23:53   |   00:25:56   |
9167        |       -2447.43   |       -2455.77   |        8.33518   |   01:24:10   |   00:26:00   |
9168        |       -2447.34   |       -2455.67   |         8.3316   |   01:24:26   |   00:26:04   |
9169        |       -2445.31   |       -2453.36   |        8.04406   |   01:24:42   |   00:26:09   |
9170        |       -2445.39   |       -2453.43   |        8.04232   |   01:24:58   |   00:26:13   |
9171        |       -2445.39   |       -2453.43   |        8.04089   |   01:27:33   |   00:27:00   |
9172        |       -2444.04   |       -2450.75   |        6.70961   |   01:27:50   |   00:27:04   |
9173        |       -2448.01   |       -2452.67   |        4.66514   |   01:28:06   |   00:27:09   |
9174        |       -2450.52   |       -2455.17   |        4.65615   |   01:28:22   |   00:27:13   |
9175        |       -2449.15   |       -2453.82   |        4.66907   |   01:28:38   |   00:27:17   |
9176        |       -2445.23   |        -2452.5   |        7.27311   |   01:28:54   |   00:27:21   |
9177        |       -2446.49   |       -2452.98   |         6.4824   |   01:29:10   |   00:27:25   |
9178        |       -2450.27   |       -2456.74   |        6.46952   |   01:29:26   |   00:27:29   |
9179        |       -2448.12   |       -2453.37   |        5.24059   |   01:29:42   |   00:27:34   |


Iter        |      Posterior   |     Likelihood   |          Prior   |    elapsed   |        ETA   |
----------------------------------------------------------------------------------------------------
9180        |       -2446.92   |       -2452.17   |        5.25083   |   01:29:58   |   00:27:38   |
9181        |       -2446.03   |       -2452.24   |        6.20374   |   01:32:33   |   00:28:25   |
9182        |       -2449.11   |       -2454.64   |        5.53139   |   01:32:49   |   00:28:29   |
9183        |       -2450.28   |       -2455.75   |        5.46739   |   01:33:05   |   00:28:33   |
9184        |       -2448.75   |       -2454.22   |        5.47027   |   01:33:21   |   00:28:37   |
9185        |       -2446.39   |       -2451.88   |        5.49215   |   01:33:37   |   00:28:41   |
9186        |       -2446.76   |       -2452.25   |        5.49137   |   01:33:53   |   00:28:45   |
9187        |       -2451.59   |       -2458.99   |        7.39117   |   01:34:09   |   00:28:49   |
9188        |       -2447.06   |       -2454.28   |        7.21716   |   01:34:25   |   00:28:53   |
9189        |       -2447.57   |       -2454.78   |        7.21269   |   01:34:41   |   00:28:57   |
9190        |       -2446.04   |        -2453.3   |        7.26319   |   01:34:57   |   00:29:01   |
9191        |       -2446.43   |       -2453.73   |        7.30522   |   01:37:32   |   00:29:48   |
9192        |       -2445.56   |       -2452.87   |         7.3074   |   01:37:48   |   00:29:52   |
9193        |       -2445.12   |       -2452.44   |        7.31794   |   01:38:04   |   00:29:56   |
9194        |       -2444.15   |       -2452.64   |        8.48809   |   01:38:20   |   00:30:00   |
9195        |       -2444.15   |       -2452.64   |        8.48827   |   01:38:36   |   00:30:04   |
9196        |       -2444.15   |       -2452.64   |        8.48827   |   01:38:52   |   00:30:08   |
9197        |       -2447.46   |       -2455.94   |         8.4799   |   01:39:08   |   00:30:12   |
9198        |       -2443.13   |       -2451.62   |        8.49297   |   01:39:24   |   00:30:16   |
9199        |       -2443.19   |       -2451.68   |        8.49256   |   01:39:40   |   00:30:20   |


Iter        |      Posterior   |     Likelihood   |          Prior   |    elapsed   |        ETA   |
----------------------------------------------------------------------------------------------------
9200        |       -2442.98   |       -2451.72   |        8.74005   |   01:39:56   |   00:30:24   |
9201        |       -2442.93   |       -2451.74   |        8.81291   |   01:42:33   |   00:31:11   |
9202        |       -2444.34   |       -2453.14   |         8.8065   |   01:42:49   |   00:31:15   |
9203        |       -2444.29   |        -2453.1   |        8.80609   |   01:43:05   |   00:31:19   |
9204        |       -2443.76   |        -2452.6   |        8.83433   |   01:43:21   |   00:31:23   |
9205        |       -2443.42   |       -2452.25   |        8.83126   |   01:43:37   |   00:31:27   |
9206        |       -2445.63   |       -2453.42   |        7.78321   |   01:43:53   |   00:31:31   |
9207        |       -2442.72   |       -2450.51   |        7.79461   |   01:44:09   |   00:31:35   |
9208        |       -2441.91   |       -2450.48   |        8.57606   |   01:44:25   |   00:31:39   |
9209        |       -2441.89   |       -2450.47   |        8.58007   |   01:44:41   |   00:31:43   |
9210        |       -2441.31   |       -2450.39   |        9.07621   |   01:44:57   |   00:31:47   |
9211        |        -2441.7   |       -2450.77   |        9.06808   |   01:47:33   |   00:32:33   |
9212        |        -2442.9   |       -2451.98   |        9.07916   |   01:47:49   |   00:32:37   |
9213        |       -2442.89   |       -2451.97   |        9.07656   |   01:48:05   |   00:32:41   |
9214        |       -2442.89   |       -2451.97   |        9.07656   |   01:48:21   |   00:32:45   |
9215        |       -2444.31   |       -2454.39   |        10.0707   |   01:48:37   |   00:32:49   |
9216        |       -2444.49   |       -2454.55   |        10.0595   |   01:48:53   |   00:32:53   |
9217        |       -2444.65   |        -2454.7   |        10.0512   |   01:49:09   |   00:32:57   |
9218        |        -2444.2   |       -2452.68   |        8.48935   |   01:49:26   |   00:33:01   |
9219        |       -2445.58   |       -2456.03   |         10.449   |   01:49:42   |   00:33:05   |


Iter        |      Posterior   |     Likelihood   |          Prior   |    elapsed   |        ETA   |
----------------------------------------------------------------------------------------------------
9220        |       -2442.06   |       -2450.74   |        8.68761   |   01:49:58   |   00:33:09   |
9221        |        -2441.3   |       -2449.99   |        8.69324   |   01:52:33   |   00:33:55   |
9222        |       -2442.33   |       -2451.87   |        9.53751   |   01:52:49   |   00:33:59   |
9223        |       -2441.97   |       -2451.13   |        9.15844   |   01:53:05   |   00:34:02   |
9224        |       -2442.45   |        -2451.6   |        9.15502   |   01:53:21   |   00:34:06   |
9225        |       -2442.89   |       -2452.04   |        9.14766   |   01:53:37   |   00:34:10   |
9226        |       -2444.71   |       -2453.81   |         9.1002   |   01:53:54   |   00:34:14   |
9227        |       -2445.53   |       -2455.14   |        9.60884   |   01:54:10   |   00:34:18   |
9228        |       -2450.78   |       -2461.85   |        11.0734   |   01:54:26   |   00:34:22   |
9229        |       -2449.09   |       -2460.13   |         11.044   |   01:54:42   |   00:34:26   |
9230        |       -2447.44   |       -2458.36   |        10.9122   |   01:54:58   |   00:34:30   |
9231        |       -2447.44   |       -2458.36   |        10.9122   |   01:57:33   |   00:35:15   |
9232        |       -2447.44   |       -2458.36   |        10.9122   |   01:57:50   |   00:35:19   |
9233        |       -2447.44   |       -2458.36   |        10.9122   |   01:58:06   |   00:35:23   |
9234        |       -2447.44   |       -2458.36   |        10.9122   |   01:58:22   |   00:35:27   |
9235        |       -2447.44   |       -2458.36   |        10.9122   |   01:58:39   |   00:35:31   |
9236        |       -2447.44   |       -2458.36   |        10.9122   |   01:58:55   |   00:35:35   |
9237        |       -2447.44   |       -2458.36   |        10.9122   |   01:59:12   |   00:35:39   |
9238        |       -2448.34   |       -2459.25   |        10.9122   |   01:59:28   |   00:35:43   |
9239        |       -2448.88   |       -2459.79   |        10.9105   |   01:59:44   |   00:35:46   |


Iter        |      Posterior   |     Likelihood   |          Prior   |    elapsed   |        ETA   |
----------------------------------------------------------------------------------------------------
9240        |       -2446.58   |       -2457.51   |        10.9287   |   02:00:00   |   00:35:50   |
9241        |       -2448.35   |       -2459.54   |        11.1847   |   02:02:35   |   00:36:35   |
9242        |       -2448.21   |       -2459.57   |        11.3635   |   02:02:52   |   00:36:39   |
9243        |       -2447.39   |       -2458.77   |        11.3754   |   02:03:08   |   00:36:43   |
9244        |       -2449.76   |       -2460.73   |        10.9723   |   02:03:24   |   00:36:47   |
9245        |       -2446.23   |       -2457.24   |        11.0039   |   02:03:41   |   00:36:51   |
9246        |       -2444.78   |       -2455.79   |          11.01   |   02:03:57   |   00:36:55   |
9247        |       -2444.21   |       -2454.86   |        10.6518   |   02:04:13   |   00:36:58   |
9248        |       -2444.53   |       -2455.17   |        10.6469   |   02:04:30   |   00:37:02   |
9249        |       -2444.25   |       -2454.73   |        10.4773   |   02:04:46   |   00:37:06   |
9250        |       -2441.93   |       -2452.06   |        10.1325   |   02:05:03   |   00:37:10   |
9251        |       -2447.03   |       -2456.84   |        9.80854   |   02:07:40   |   00:37:56   |
9252        |          -2446   |       -2455.67   |        9.67188   |   02:07:56   |   00:37:59   |
9253        |       -2447.23   |       -2455.87   |        8.64781   |   02:08:12   |   00:38:03   |
9254        |       -2445.77   |       -2454.43   |        8.65542   |   02:08:28   |   00:38:07   |
9255        |       -2444.22   |       -2453.09   |        8.86544   |   02:08:45   |   00:38:11   |
9256        |       -2444.22   |       -2453.09   |        8.86544   |   02:09:01   |   00:38:14   |
9257        |       -2443.45   |       -2452.49   |        9.03546   |   02:09:17   |   00:38:18   |
9258        |       -2444.12   |       -2453.14   |        9.02445   |   02:09:34   |   00:38:22   |
9259        |       -2443.33   |       -2453.13   |        9.80328   |   02:09:50   |   00:38:26   |


Iter        |      Posterior   |     Likelihood   |          Prior   |    elapsed   |        ETA   |
----------------------------------------------------------------------------------------------------
9260        |       -2443.54   |       -2453.34   |        9.79999   |   02:10:06   |   00:38:29   |
9261        |       -2443.54   |       -2453.34   |        9.79999   |   02:12:41   |   00:39:14   |
9262        |       -2443.54   |       -2453.34   |        9.79999   |   02:12:57   |   00:39:18   |
9263        |       -2446.92   |       -2456.73   |        9.80329   |   02:13:13   |   00:39:21   |
9264        |       -2444.23   |       -2453.93   |        9.70095   |   02:13:29   |   00:39:25   |
9265        |       -2445.26   |        -2453.2   |        7.93702   |   02:13:46   |   00:39:29   |
9266        |        -2444.7   |       -2452.64   |        7.93641   |   02:14:02   |   00:39:32   |
9267        |       -2445.11   |       -2452.91   |        7.79752   |   02:14:18   |   00:39:36   |
9268        |       -2448.16   |       -2456.92   |        8.75688   |   02:14:34   |   00:39:40   |
9269        |       -2447.26   |       -2456.01   |        8.75512   |   02:14:51   |   00:39:43   |
9270        |       -2447.82   |       -2455.65   |        7.83254   |   02:15:07   |   00:39:47   |
9271        |       -2445.94   |       -2453.25   |        7.31307   |   02:17:42   |   00:40:31   |
9272        |       -2445.82   |       -2453.14   |        7.31546   |   02:17:58   |   00:40:35   |
9273        |       -2445.94   |       -2453.25   |        7.31261   |   02:18:14   |   00:40:39   |
9274        |       -2445.94   |       -2453.25   |        7.31261   |   02:18:30   |   00:40:42   |
9275        |       -2445.94   |       -2453.25   |        7.31261   |   02:18:46   |   00:40:46   |
9276        |       -2445.31   |       -2452.83   |         7.5151   |   02:19:03   |   00:40:50   |
9277        |       -2444.71   |       -2451.67   |        6.96041   |   02:19:19   |   00:40:53   |
9278        |       -2446.66   |        -2453.6   |        6.94223   |   02:19:35   |   00:40:57   |
9279        |       -2447.11   |       -2454.05   |        6.94223   |   02:19:51   |   00:41:00   |


Iter        |      Posterior   |     Likelihood   |          Prior   |    elapsed   |        ETA   |
----------------------------------------------------------------------------------------------------
9280        |       -2447.06   |        -2455.1   |         8.0352   |   02:20:07   |   00:41:04   |
9281        |        -2445.2   |       -2453.23   |        8.02806   |   02:22:41   |   00:41:48   |
9282        |       -2444.77   |       -2452.37   |        7.60222   |   02:22:57   |   00:41:51   |
9283        |       -2446.05   |       -2453.65   |        7.60276   |   02:23:13   |   00:41:55   |
9284        |       -2446.69   |       -2454.29   |         7.5993   |   02:23:29   |   00:41:58   |
9285        |       -2446.01   |       -2454.41   |         8.3953   |   02:23:45   |   00:42:02   |
9286        |       -2445.85   |       -2454.19   |        8.33136   |   02:24:01   |   00:42:05   |
9287        |       -2444.41   |       -2452.75   |         8.3392   |   02:24:17   |   00:42:08   |
9288        |       -2444.04   |       -2452.38   |        8.34053   |   02:24:33   |   00:42:12   |
9289        |       -2445.93   |       -2454.49   |        8.55617   |   02:24:49   |   00:42:15   |
9290        |       -2446.42   |       -2454.97   |        8.55318   |   02:25:05   |   00:42:19   |
9291        |       -2448.22   |       -2456.74   |        8.52283   |   02:27:40   |   00:43:03   |
9292        |        -2447.9   |       -2456.32   |        8.41639   |   02:27:56   |   00:43:06   |
9293        |       -2448.49   |       -2457.38   |         8.8892   |   02:28:12   |   00:43:10   |
9294        |       -2444.81   |        -2453.7   |        8.89093   |   02:28:28   |   00:43:13   |
9295        |       -2444.96   |       -2453.86   |        8.89496   |   02:28:44   |   00:43:17   |
9296        |       -2446.61   |       -2455.23   |        8.62432   |   02:29:00   |   00:43:20   |
9297        |       -2447.83   |        -2456.4   |        8.56303   |   02:29:16   |   00:43:23   |
9298        |       -2445.89   |       -2454.74   |        8.85178   |   02:29:32   |   00:43:27   |
9299        |       -2444.95   |       -2453.82   |         8.8661   |   02:29:48   |   00:43:30   |


Iter        |      Posterior   |     Likelihood   |          Prior   |    elapsed   |        ETA   |
----------------------------------------------------------------------------------------------------
9300        |       -2444.63   |       -2453.52   |        8.88922   |   02:30:04   |   00:43:34   |
9301        |       -2446.82   |       -2457.26   |        10.4318   |   02:32:38   |   00:44:17   |
9302        |       -2446.41   |       -2455.11   |        8.70444   |   02:32:54   |   00:44:20   |
9303        |        -2445.6   |       -2455.27   |         9.6711   |   02:33:11   |   00:44:24   |
9304        |       -2447.21   |       -2456.87   |        9.66095   |   02:33:26   |   00:44:27   |
9305        |       -2446.72   |       -2456.39   |        9.67078   |   02:33:43   |   00:44:31   |
9306        |       -2443.28   |       -2452.97   |        9.68637   |   02:33:59   |   00:44:34   |
9307        |       -2444.45   |       -2454.04   |        9.58783   |   02:34:15   |   00:44:37   |
9308        |       -2444.83   |       -2454.41   |        9.58242   |   02:34:31   |   00:44:41   |
9309        |       -2444.49   |       -2454.07   |        9.58409   |   02:34:47   |   00:44:44   |
9310        |       -2446.43   |       -2456.15   |        9.71846   |   02:35:03   |   00:44:47   |
9311        |       -2444.52   |       -2454.13   |        9.60839   |   02:37:37   |   00:45:31   |
9312        |        -2445.6   |       -2455.22   |        9.61978   |   02:37:53   |   00:45:34   |
9313        |       -2445.81   |       -2455.43   |        9.62071   |   02:38:09   |   00:45:37   |
9314        |        -2446.6   |       -2456.22   |        9.61459   |   02:38:25   |   00:45:41   |
9315        |       -2446.76   |       -2457.05   |        10.2842   |   02:38:41   |   00:45:44   |
9316        |        -2446.3   |       -2456.66   |        10.3652   |   02:38:57   |   00:45:47   |
9317        |       -2447.95   |       -2458.31   |        10.3556   |   02:39:13   |   00:45:50   |
9318        |       -2447.81   |       -2458.59   |        10.7828   |   02:39:29   |   00:45:54   |
9319        |       -2445.52   |       -2456.28   |        10.7623   |   02:39:45   |   00:45:57   |


Iter        |      Posterior   |     Likelihood   |          Prior   |    elapsed   |        ETA   |
----------------------------------------------------------------------------------------------------
9320        |       -2443.22   |       -2454.11   |        10.8944   |   02:40:01   |   00:46:00   |
9321        |       -2444.06   |       -2454.96   |        10.8941   |   02:42:36   |   00:46:44   |
9322        |       -2443.05   |       -2453.12   |        10.0677   |   02:42:52   |   00:46:47   |
9323        |       -2444.49   |       -2455.34   |        10.8526   |   02:43:08   |   00:46:50   |
9324        |       -2445.07   |       -2455.15   |        10.0764   |   02:43:24   |   00:46:53   |
9325        |       -2443.85   |       -2453.93   |        10.0787   |   02:43:40   |   00:46:56   |
9326        |        -2444.4   |       -2454.46   |         10.058   |   02:43:56   |   00:47:00   |
9327        |       -2445.15   |       -2456.52   |         11.375   |   02:44:12   |   00:47:03   |
9328        |       -2444.51   |       -2455.89   |        11.3766   |   02:44:28   |   00:47:06   |
9329        |       -2444.28   |       -2455.73   |        11.4516   |   02:44:44   |   00:47:09   |
9330        |       -2444.28   |       -2455.73   |        11.4516   |   02:45:00   |   00:47:13   |
9331        |       -2444.28   |       -2455.73   |        11.4516   |   02:47:34   |   00:47:55   |
9332        |        -2444.9   |       -2456.34   |        11.4484   |   02:47:50   |   00:47:58   |
9333        |       -2446.26   |       -2457.92   |        11.6535   |   02:48:06   |   00:48:02   |
9334        |       -2448.89   |       -2459.52   |        10.6372   |   02:48:22   |   00:48:05   |
9335        |       -2447.68   |       -2458.31   |        10.6304   |   02:48:38   |   00:48:08   |
9336        |       -2446.55   |       -2456.69   |        10.1347   |   02:48:54   |   00:48:11   |
9337        |       -2447.01   |       -2457.15   |        10.1382   |   02:49:10   |   00:48:14   |
9338        |       -2445.93   |       -2456.08   |        10.1452   |   02:49:26   |   00:48:18   |
9339        |       -2446.14   |       -2456.01   |        9.86925   |   02:49:42   |   00:48:21   |


Iter        |      Posterior   |     Likelihood   |          Prior   |    elapsed   |        ETA   |
----------------------------------------------------------------------------------------------------
9340        |       -2447.62   |       -2457.49   |        9.86657   |   02:49:58   |   00:48:24   |
9341        |       -2448.47   |       -2458.95   |        10.4835   |   02:52:33   |   00:49:07   |
9342        |       -2443.89   |       -2454.62   |        10.7346   |   02:52:49   |   00:49:10   |
9343        |       -2443.54   |       -2454.78   |        11.2387   |   02:53:05   |   00:49:13   |
9344        |       -2443.16   |       -2454.12   |        10.9565   |   02:53:21   |   00:49:16   |
9345        |        -2443.5   |       -2454.45   |        10.9565   |   02:53:37   |   00:49:19   |
9346        |       -2442.99   |       -2453.75   |        10.7684   |   02:53:53   |   00:49:22   |
9347        |       -2443.59   |       -2453.59   |        9.99419   |   02:54:09   |   00:49:25   |
9348        |        -2443.9   |       -2453.92   |        10.0192   |   02:54:25   |   00:49:28   |
9349        |       -2443.17   |       -2453.82   |        10.6548   |   02:54:41   |   00:49:31   |
9350        |       -2443.25   |       -2453.99   |        10.7399   |   02:54:57   |   00:49:35   |
9351        |        -2442.8   |       -2453.56   |        10.7646   |   02:57:31   |   00:50:17   |
9352        |       -2442.71   |       -2453.47   |        10.7652   |   02:57:47   |   00:50:20   |
9353        |       -2445.25   |       -2456.33   |        11.0772   |   02:58:03   |   00:50:23   |
9354        |       -2446.86   |       -2457.93   |        11.0771   |   02:58:19   |   00:50:26   |
9355        |        -2447.6   |       -2458.66   |        11.0598   |   02:58:35   |   00:50:29   |
9356        |       -2446.47   |       -2457.53   |        11.0598   |   02:58:51   |   00:50:32   |
9357        |       -2445.73   |        -2456.8   |        11.0641   |   02:59:07   |   00:50:35   |
9358        |       -2446.55   |       -2457.75   |        11.2004   |   02:59:23   |   00:50:38   |
9359        |       -2447.18   |       -2458.37   |        11.1916   |   02:59:39   |   00:50:41   |


Iter        |      Posterior   |     Likelihood   |          Prior   |    elapsed   |        ETA   |
----------------------------------------------------------------------------------------------------
9360        |       -2447.93   |       -2459.05   |        11.1237   |   02:59:55   |   00:50:44   |
9361        |       -2449.96   |       -2461.33   |        11.3664   |   03:02:30   |   00:51:26   |
9362        |       -2445.63   |       -2455.06   |        9.42997   |   03:02:46   |   00:51:29   |
9363        |       -2446.46   |       -2456.07   |        9.61298   |   03:03:02   |   00:51:32   |
9364        |       -2444.81   |       -2455.32   |        10.5061   |   03:03:18   |   00:51:35   |
9365        |       -2445.38   |       -2456.15   |        10.7666   |   03:03:34   |   00:51:38   |
9366        |       -2446.49   |       -2457.26   |        10.7671   |   03:03:50   |   00:51:41   |
9367        |       -2446.49   |       -2457.26   |        10.7671   |   03:04:06   |   00:51:44   |
9368        |       -2445.25   |       -2456.03   |         10.779   |   03:04:22   |   00:51:47   |
9369        |        -2443.3   |       -2454.08   |         10.779   |   03:04:38   |   00:51:50   |
9370        |        -2443.3   |       -2454.08   |         10.779   |   03:04:54   |   00:51:53   |
9371        |       -2446.64   |       -2456.25   |        9.60573   |   03:07:28   |   00:52:35   |
9372        |       -2445.88   |       -2457.13   |        11.2448   |   03:07:45   |   00:52:38   |
9373        |       -2444.74   |       -2455.89   |        11.1514   |   03:08:00   |   00:52:41   |
9374        |       -2445.14   |       -2456.28   |        11.1424   |   03:08:16   |   00:52:44   |
9375        |       -2445.14   |       -2456.28   |        11.1424   |   03:08:33   |   00:52:47   |
9376        |       -2445.14   |       -2456.28   |        11.1424   |   03:08:49   |   00:52:50   |
9377        |       -2444.62   |       -2455.77   |        11.1506   |   03:09:05   |   00:52:53   |
9378        |       -2447.79   |       -2459.44   |        11.6523   |   03:09:21   |   00:52:56   |
9379        |       -2444.32   |       -2455.17   |        10.8491   |   03:09:37   |   00:52:59   |


Iter        |      Posterior   |     Likelihood   |          Prior   |    elapsed   |        ETA   |
----------------------------------------------------------------------------------------------------
9380        |       -2445.83   |       -2456.68   |        10.8512   |   03:09:53   |   00:53:02   |
9381        |       -2447.82   |       -2456.59   |        8.77595   |   03:12:27   |   00:53:43   |
9382        |       -2447.28   |       -2456.54   |        9.26006   |   03:12:43   |   00:53:46   |
9383        |       -2444.83   |       -2455.25   |        10.4263   |   03:12:59   |   00:53:49   |
9384        |       -2445.49   |       -2456.79   |        11.3028   |   03:13:15   |   00:53:52   |
9385        |        -2445.1   |       -2454.95   |        9.84404   |   03:13:31   |   00:53:55   |
9386        |       -2447.26   |        -2457.1   |        9.84288   |   03:13:47   |   00:53:58   |
9387        |       -2445.48   |       -2455.42   |        9.94329   |   03:14:03   |   00:54:00   |
9388        |       -2444.27   |       -2452.94   |        8.67442   |   03:14:19   |   00:54:03   |
9389        |       -2445.51   |       -2453.37   |        7.86406   |   03:14:35   |   00:54:06   |
9390        |       -2443.19   |       -2452.54   |        9.35208   |   03:14:51   |   00:54:09   |
9391        |       -2444.71   |       -2454.05   |        9.33928   |   03:17:25   |   00:54:50   |
9392        |       -2446.35   |       -2456.22   |        9.86917   |   03:17:41   |   00:54:53   |
9393        |       -2443.64   |       -2452.42   |        8.78087   |   03:17:57   |   00:54:56   |
9394        |       -2446.58   |        -2454.8   |        8.21941   |   03:18:14   |   00:54:59   |
9395        |       -2445.56   |       -2453.41   |        7.85029   |   03:18:30   |   00:55:02   |
9396        |       -2449.48   |       -2456.63   |          7.151   |   03:18:46   |   00:55:05   |
9397        |        -2448.9   |       -2456.06   |        7.15344   |   03:19:02   |   00:55:07   |
9398        |       -2446.36   |       -2453.78   |        7.42222   |   03:19:18   |   00:55:10   |
9399        |       -2446.36   |       -2453.78   |        7.42222   |   03:19:34   |   00:55:13   |


Iter        |      Posterior   |     Likelihood   |          Prior   |    elapsed   |        ETA   |
----------------------------------------------------------------------------------------------------
9400        |       -2443.72   |       -2451.09   |        7.37662   |   03:19:50   |   00:55:16   |
9401        |       -2444.85   |       -2451.23   |        6.37597   |   03:22:23   |   00:55:57   |
9402        |       -2445.39   |       -2451.76   |        6.37136   |   03:22:39   |   00:55:59   |
9403        |       -2449.49   |       -2455.87   |        6.38251   |   03:22:55   |   00:56:02   |
9404        |       -2447.86   |       -2454.25   |          6.397   |   03:23:11   |   00:56:05   |
9405        |       -2445.85   |       -2454.64   |        8.79501   |   03:23:27   |   00:56:08   |
9406        |       -2443.23   |       -2451.59   |        8.35907   |   03:23:44   |   00:56:11   |
9407        |       -2443.23   |       -2451.59   |        8.35907   |   03:24:00   |   00:56:13   |
9408        |       -2443.22   |       -2451.56   |        8.34562   |   03:24:16   |   00:56:16   |
9409        |        -2442.4   |       -2450.75   |        8.34592   |   03:24:32   |   00:56:19   |
9410        |          -2443   |       -2451.35   |        8.34383   |   03:24:48   |   00:56:22   |
9411        |       -2442.01   |       -2450.35   |        8.34657   |   03:27:21   |   00:57:02   |
9412        |       -2443.42   |          -2453   |        9.58503   |   03:27:37   |   00:57:05   |
9413        |        -2443.7   |       -2453.27   |        9.57488   |   03:27:53   |   00:57:07   |
9414        |       -2443.74   |       -2453.27   |        9.53448   |   03:28:09   |   00:57:10   |
9415        |       -2444.44   |       -2453.98   |        9.53435   |   03:28:26   |   00:57:13   |
9416        |       -2444.27   |       -2454.09   |        9.82195   |   03:28:42   |   00:57:16   |
9417        |       -2444.96   |       -2454.49   |        9.53539   |   03:28:58   |   00:57:19   |
9418        |       -2445.87   |       -2455.75   |        9.87728   |   03:29:14   |   00:57:21   |
9419        |        -2444.7   |       -2454.56   |        9.85965   |   03:29:30   |   00:57:24   |


Iter        |      Posterior   |     Likelihood   |          Prior   |    elapsed   |        ETA   |
----------------------------------------------------------------------------------------------------
9420        |       -2445.51   |       -2455.38   |        9.86923   |   03:29:46   |   00:57:27   |
9421        |       -2444.41   |       -2454.28   |        9.86514   |   03:32:19   |   00:58:07   |
9422        |       -2443.77   |       -2453.63   |        9.86317   |   03:32:35   |   00:58:09   |
9423        |       -2444.36   |       -2454.14   |        9.78486   |   03:32:51   |   00:58:12   |
9424        |       -2445.39   |       -2455.18   |        9.78359   |   03:33:07   |   00:58:15   |
9425        |       -2445.14   |       -2454.23   |        9.08668   |   03:33:23   |   00:58:17   |
9426        |       -2447.14   |       -2457.25   |        10.1005   |   03:33:40   |   00:58:20   |
9427        |       -2446.75   |       -2455.94   |        9.19932   |   03:33:56   |   00:58:23   |
9428        |       -2447.58   |       -2456.78   |        9.20313   |   03:34:12   |   00:58:26   |
9429        |       -2447.63   |       -2456.84   |        9.20668   |   03:34:28   |   00:58:28   |
9430        |       -2448.48   |       -2456.77   |        8.29274   |   03:34:44   |   00:58:31   |
9431        |       -2450.28   |       -2460.12   |        9.84043   |   03:37:18   |   00:59:11   |
9432        |       -2444.58   |       -2453.51   |        8.92407   |   03:37:34   |   00:59:14   |
9433        |        -2443.8   |       -2453.72   |        9.92547   |   03:37:50   |   00:59:16   |
9434        |       -2443.52   |       -2450.79   |        7.26324   |   03:38:06   |   00:59:19   |
9435        |       -2444.03   |       -2450.94   |        6.90027   |   03:38:22   |   00:59:21   |
9436        |       -2447.02   |       -2452.18   |        5.15513   |   03:38:38   |   00:59:24   |
9437        |       -2445.29   |       -2450.46   |        5.17064   |   03:38:54   |   00:59:27   |
9438        |        -2446.5   |       -2451.66   |        5.15749   |   03:39:10   |   00:59:29   |
9439        |        -2445.1   |       -2452.59   |        7.48857   |   03:39:26   |   00:59:32   |


Iter        |      Posterior   |     Likelihood   |          Prior   |    elapsed   |        ETA   |
----------------------------------------------------------------------------------------------------
9440        |       -2444.82   |       -2452.32   |         7.4927   |   03:39:42   |   00:59:34   |
9441        |       -2444.88   |       -2452.38   |        7.49196   |   03:42:16   |   01:00:14   |
9442        |       -2446.62   |       -2454.11   |        7.49584   |   03:42:32   |   01:00:17   |
9443        |       -2448.28   |       -2455.76   |        7.48393   |   03:42:48   |   01:00:19   |
9444        |       -2447.73   |       -2454.33   |        6.59387   |   03:43:04   |   01:00:22   |
9445        |        -2449.1   |       -2455.68   |        6.58206   |   03:43:20   |   01:00:24   |
9446        |       -2450.23   |       -2456.62   |        6.38958   |   03:43:36   |   01:00:27   |
9447        |       -2449.93   |       -2456.75   |         6.8251   |   03:43:52   |   01:00:29   |
9448        |       -2446.16   |       -2452.93   |        6.76646   |   03:44:09   |   01:00:32   |
9449        |       -2445.78   |       -2452.62   |        6.84101   |   03:44:25   |   01:00:35   |
9450        |       -2442.29   |       -2450.63   |         8.3413   |   03:44:41   |   01:00:37   |
9451        |       -2443.37   |        -2451.7   |        8.32865   |   03:47:14   |   01:01:17   |
9452        |        -2443.2   |       -2451.77   |        8.57317   |   03:47:30   |   01:01:19   |
9453        |       -2444.62   |       -2453.82   |        9.19207   |   03:47:46   |   01:01:22   |
9454        |       -2444.62   |       -2453.82   |        9.19207   |   03:48:02   |   01:01:24   |
9455        |       -2446.83   |       -2456.74   |           9.91   |   03:48:18   |   01:01:27   |
9456        |        -2447.3   |       -2455.25   |         7.9511   |   03:48:34   |   01:01:29   |
9457        |        -2444.5   |       -2453.92   |        9.41943   |   03:48:50   |   01:01:32   |
9458        |       -2447.09   |        -2456.5   |        9.40665   |   03:49:06   |   01:01:34   |
9459        |       -2447.09   |        -2456.5   |        9.40665   |   03:49:22   |   01:01:36   |


Iter        |      Posterior   |     Likelihood   |          Prior   |    elapsed   |        ETA   |
----------------------------------------------------------------------------------------------------
9460        |       -2444.91   |       -2455.22   |        10.3112   |   03:49:38   |   01:01:39   |
9461        |       -2444.96   |       -2455.31   |        10.3563   |   03:52:12   |   01:02:18   |
9462        |        -2448.5   |       -2458.73   |        10.2379   |   03:52:28   |   01:02:21   |
9463        |       -2448.32   |       -2458.55   |        10.2291   |   03:52:44   |   01:02:23   |
9464        |        -2448.9   |       -2459.13   |        10.2256   |   03:53:00   |   01:02:26   |
9465        |       -2446.53   |       -2456.76   |         10.232   |   03:53:16   |   01:02:28   |
9466        |       -2444.96   |        -2455.2   |        10.2336   |   03:53:32   |   01:02:30   |
9467        |       -2444.82   |       -2454.78   |        9.96066   |   03:53:48   |   01:02:33   |
9468        |       -2447.66   |       -2456.28   |        8.61479   |   03:54:04   |   01:02:35   |
9469        |          -2450   |       -2460.34   |        10.3381   |   03:54:20   |   01:02:38   |
9470        |       -2444.17   |       -2454.53   |        10.3643   |   03:54:36   |   01:02:40   |
9471        |       -2442.99   |       -2453.18   |        10.1879   |   03:57:10   |   01:03:19   |
9472        |       -2443.92   |       -2454.18   |        10.2605   |   03:57:26   |   01:03:22   |
9473        |       -2444.99   |       -2456.12   |        11.1233   |   03:57:42   |   01:03:24   |
9474        |       -2442.97   |       -2453.69   |        10.7193   |   03:57:58   |   01:03:26   |
9475        |       -2443.86   |       -2454.61   |        10.7446   |   03:58:14   |   01:03:29   |
9476        |       -2443.58   |       -2454.34   |        10.7628   |   03:58:30   |   01:03:31   |
9477        |       -2443.98   |       -2454.74   |        10.7566   |   03:58:46   |   01:03:33   |
9478        |       -2442.62   |       -2453.38   |        10.7611   |   03:59:02   |   01:03:36   |
9479        |       -2442.62   |       -2452.06   |        9.43437   |   03:59:18   |   01:03:38   |


Iter        |      Posterior   |     Likelihood   |          Prior   |    elapsed   |        ETA   |
----------------------------------------------------------------------------------------------------
9480        |       -2443.55   |       -2452.98   |        9.43119   |   03:59:34   |   01:03:40   |
9481        |       -2443.55   |       -2452.98   |        9.43119   |   04:02:08   |   01:04:19   |
9482        |        -2443.7   |       -2453.13   |        9.43063   |   04:02:24   |   01:04:22   |
9483        |       -2445.01   |       -2453.71   |        8.69535   |   04:02:40   |   01:04:24   |
9484        |       -2443.96   |       -2452.65   |        8.68901   |   04:02:56   |   01:04:26   |
9485        |       -2442.26   |       -2450.71   |        8.44982   |   04:03:12   |   01:04:29   |
9486        |       -2442.51   |       -2450.58   |        8.07624   |   04:03:28   |   01:04:31   |
9487        |       -2444.81   |       -2454.23   |        9.41743   |   04:03:44   |   01:04:33   |
9488        |       -2443.87   |       -2453.37   |        9.50186   |   04:04:00   |   01:04:36   |
9489        |       -2446.43   |       -2455.93   |        9.49197   |   04:04:16   |   01:04:38   |
9490        |       -2443.86   |       -2453.52   |         9.6599   |   04:04:32   |   01:04:40   |
9491        |       -2443.74   |        -2453.4   |        9.65855   |   04:07:06   |   01:05:19   |
9492        |       -2442.32   |       -2451.13   |        8.80802   |   04:07:22   |   01:05:21   |
9493        |       -2445.03   |       -2453.83   |        8.80159   |   04:07:38   |   01:05:23   |
9494        |       -2443.26   |        -2452.3   |        9.04196   |   04:07:54   |   01:05:26   |
9495        |       -2443.47   |       -2453.24   |        9.77346   |   04:08:10   |   01:05:28   |
9496        |       -2446.21   |       -2455.96   |        9.74641   |   04:08:26   |   01:05:30   |
9497        |        -2447.7   |       -2456.65   |        8.94925   |   04:08:42   |   01:05:32   |
9498        |       -2442.64   |       -2452.24   |        9.60395   |   04:08:58   |   01:05:35   |
9499        |        -2443.1   |       -2452.72   |        9.62513   |   04:09:14   |   01:05:37   |


Iter        |      Posterior   |     Likelihood   |          Prior   |    elapsed   |        ETA   |
----------------------------------------------------------------------------------------------------
9500        |       -2442.92   |       -2452.36   |        9.43944   |   04:09:30   |   01:05:39   |
9501        |       -2442.27   |       -2451.94   |        9.66577   |   04:12:04   |   01:06:17   |
9502        |       -2446.31   |       -2456.19   |        9.88096   |   04:12:20   |   01:06:20   |
9503        |       -2443.62   |       -2453.54   |        9.91878   |   04:12:36   |   01:06:22   |
9504        |       -2443.66   |       -2453.57   |        9.90744   |   04:12:52   |   01:06:24   |
9505        |       -2446.19   |       -2455.89   |         9.6982   |   04:13:08   |   01:06:26   |
9506        |       -2445.38   |       -2455.08   |        9.69365   |   04:13:24   |   01:06:28   |
9507        |       -2446.46   |       -2455.89   |        9.43829   |   04:13:40   |   01:06:31   |
9508        |        -2445.1   |       -2454.58   |        9.48063   |   04:13:56   |   01:06:33   |
9509        |       -2448.46   |       -2457.91   |         9.4489   |   04:14:12   |   01:06:35   |
9510        |        -2449.2   |       -2458.64   |        9.43467   |   04:14:28   |   01:06:37   |
9511        |       -2448.86   |        -2458.3   |        9.44097   |   04:17:01   |   01:07:15   |
9512        |       -2450.83   |       -2460.76   |        9.92672   |   04:17:18   |   01:07:18   |
9513        |       -2451.24   |       -2461.17   |        9.92529   |   04:17:34   |   01:07:20   |
9514        |       -2450.21   |       -2460.13   |        9.92484   |   04:17:50   |   01:07:22   |
9515        |        -2449.3   |       -2459.22   |        9.91831   |   04:18:06   |   01:07:24   |
9516        |       -2449.17   |        -2459.1   |        9.92285   |   04:18:22   |   01:07:26   |
9517        |       -2451.31   |       -2462.36   |        11.0471   |   04:18:38   |   01:07:28   |
9518        |       -2451.79   |       -2462.62   |        10.8278   |   04:18:54   |   01:07:30   |
9519        |       -2448.34   |       -2458.11   |        9.77166   |   04:19:10   |   01:07:32   |


Iter        |      Posterior   |     Likelihood   |          Prior   |    elapsed   |        ETA   |
----------------------------------------------------------------------------------------------------
9520        |       -2447.15   |       -2457.05   |        9.90649   |   04:19:26   |   01:07:35   |
9521        |       -2447.83   |       -2457.74   |         9.9054   |   04:22:00   |   01:08:13   |
9522        |       -2448.31   |        -2458.2   |        9.88708   |   04:22:15   |   01:08:14   |
9523        |       -2447.21   |       -2457.11   |        9.89669   |   04:22:31   |   01:08:16   |
9524        |       -2444.64   |       -2454.58   |        9.93432   |   04:22:48   |   01:08:19   |
9525        |       -2444.64   |       -2454.58   |        9.93432   |   04:23:04   |   01:08:21   |
9526        |       -2442.83   |       -2451.94   |        9.11203   |   04:23:20   |   01:08:23   |
9527        |       -2441.99   |       -2451.12   |         9.1245   |   04:23:36   |   01:08:25   |
9528        |       -2446.77   |       -2455.88   |        9.11062   |   04:23:52   |   01:08:27   |
9529        |       -2452.34   |       -2461.29   |        8.94073   |   04:24:08   |   01:08:29   |
9530        |       -2442.44   |       -2451.41   |        8.97116   |   04:24:24   |   01:08:31   |
9531        |       -2442.45   |       -2451.42   |        8.97091   |   04:26:57   |   01:09:09   |
9532        |       -2442.76   |       -2451.73   |        8.96784   |   04:27:13   |   01:09:11   |
9533        |       -2443.81   |       -2452.77   |        8.96148   |   04:27:29   |   01:09:13   |
9534        |        -2443.8   |       -2452.76   |        8.96307   |   04:27:45   |   01:09:15   |
9535        |       -2443.43   |       -2452.91   |        9.48527   |   04:28:02   |   01:09:17   |
9536        |       -2444.51   |       -2454.18   |        9.67654   |   04:28:17   |   01:09:19   |
9537        |       -2444.66   |       -2454.29   |        9.63895   |   04:28:33   |   01:09:21   |
9538        |       -2443.84   |       -2453.46   |        9.62268   |   04:28:50   |   01:09:23   |
9539        |       -2443.84   |       -2453.46   |        9.62268   |   04:29:06   |   01:09:25   |


Iter        |      Posterior   |     Likelihood   |          Prior   |    elapsed   |        ETA   |
----------------------------------------------------------------------------------------------------
9540        |        -2445.3   |       -2454.92   |        9.62019   |   04:29:22   |   01:09:27   |
9541        |       -2445.13   |       -2452.93   |        7.79214   |   04:31:55   |   01:10:04   |
9542        |       -2443.33   |       -2451.13   |        7.79637   |   04:32:11   |   01:10:06   |
9543        |       -2442.74   |       -2450.55   |        7.80258   |   04:32:27   |   01:10:08   |
9544        |       -2443.49   |       -2451.58   |        8.09266   |   04:32:43   |   01:10:10   |
9545        |       -2445.95   |       -2454.05   |        8.09101   |   04:32:59   |   01:10:12   |
9546        |       -2444.85   |       -2453.03   |        8.17786   |   04:33:16   |   01:10:14   |
9547        |       -2444.61   |       -2452.78   |        8.17223   |   04:33:32   |   01:10:16   |
9548        |       -2444.28   |       -2452.45   |        8.17095   |   04:33:48   |   01:10:18   |
9549        |          -2443   |       -2451.95   |        8.94935   |   04:34:04   |   01:10:20   |
9550        |       -2442.59   |       -2451.58   |        8.98938   |   04:34:20   |   01:10:22   |
9551        |       -2445.27   |       -2453.47   |        8.20249   |   04:36:54   |   01:11:00   |
9552        |       -2445.15   |       -2453.22   |        8.07046   |   04:37:10   |   01:11:01   |
9553        |       -2444.99   |       -2453.05   |        8.06244   |   04:37:26   |   01:11:03   |
9554        |       -2444.69   |       -2452.75   |        8.06251   |   04:37:42   |   01:11:05   |
9555        |        -2450.4   |       -2460.18   |        9.77812   |   04:37:58   |   01:11:07   |
9556        |       -2445.99   |       -2454.39   |        8.39208   |   04:38:14   |   01:11:09   |
9557        |       -2443.64   |       -2452.43   |         8.7942   |   04:38:30   |   01:11:11   |
9558        |       -2445.24   |       -2453.96   |        8.71151   |   04:38:46   |   01:11:13   |
9559        |       -2445.68   |       -2455.47   |        9.79434   |   04:39:02   |   01:11:15   |


Iter        |      Posterior   |     Likelihood   |          Prior   |    elapsed   |        ETA   |
----------------------------------------------------------------------------------------------------
9560        |       -2445.75   |       -2455.85   |        10.0982   |   04:39:18   |   01:11:17   |
9561        |       -2445.96   |       -2454.63   |        8.66398   |   04:41:51   |   01:11:53   |
9562        |       -2444.39   |       -2454.04   |        9.64898   |   04:42:07   |   01:11:55   |
9563        |        -2445.2   |        -2453.4   |         8.1944   |   04:42:23   |   01:11:57   |
9564        |       -2445.78   |       -2453.97   |        8.19169   |   04:42:39   |   01:11:59   |
9565        |       -2446.55   |       -2455.56   |        9.00659   |   04:42:56   |   01:12:01   |
9566        |       -2446.69   |       -2456.07   |        9.38432   |   04:43:12   |   01:12:03   |
9567        |        -2446.3   |       -2455.69   |        9.38856   |   04:43:28   |   01:12:05   |
9568        |       -2444.09   |       -2455.24   |        11.1581   |   04:43:44   |   01:12:07   |
9569        |       -2445.74   |       -2456.64   |        10.9004   |   04:44:00   |   01:12:09   |
9570        |       -2446.72   |       -2457.64   |        10.9184   |   04:44:16   |   01:12:10   |
9571        |       -2443.64   |       -2454.17   |        10.5295   |   04:46:50   |   01:12:47   |
9572        |       -2443.97   |       -2454.49   |        10.5168   |   04:47:06   |   01:12:49   |
9573        |       -2444.64   |        -2453.6   |         8.9574   |   04:47:22   |   01:12:51   |
9574        |       -2445.02   |       -2453.97   |        8.94928   |   04:47:38   |   01:12:53   |
9575        |       -2445.02   |       -2453.97   |        8.94928   |   04:47:54   |   01:12:54   |
9576        |        -2447.8   |       -2455.68   |        7.87982   |   04:48:10   |   01:12:56   |
9577        |       -2443.73   |       -2451.36   |        7.62605   |   04:48:26   |   01:12:58   |
9578        |       -2443.71   |       -2451.36   |        7.64763   |   04:48:42   |   01:13:00   |
9579        |       -2445.76   |       -2454.77   |        9.00475   |   04:48:58   |   01:13:02   |


Iter        |      Posterior   |     Likelihood   |          Prior   |    elapsed   |        ETA   |
----------------------------------------------------------------------------------------------------
9580        |       -2445.89   |        -2454.9   |        9.01326   |   04:49:14   |   01:13:03   |
9581        |       -2449.86   |       -2456.49   |        6.63068   |   04:51:47   |   01:13:40   |
9582        |        -2451.1   |       -2457.72   |        6.62464   |   04:52:03   |   01:13:41   |
9583        |       -2452.09   |       -2458.63   |         6.5355   |   04:52:19   |   01:13:43   |
9584        |       -2456.23   |       -2463.02   |        6.78493   |   04:52:35   |   01:13:45   |
9585        |       -2451.32   |       -2457.79   |        6.46833   |   04:52:51   |   01:13:47   |
9586        |       -2453.65   |       -2460.13   |        6.48298   |   04:53:07   |   01:13:48   |
9587        |       -2446.42   |       -2454.43   |        8.00942   |   04:53:23   |   01:13:50   |
9588        |       -2444.77   |       -2452.78   |        8.00415   |   04:53:39   |   01:13:52   |
9589        |       -2444.72   |       -2452.72   |        7.99298   |   04:53:55   |   01:13:54   |
9590        |       -2445.01   |          -2453   |        7.99231   |   04:54:11   |   01:13:55   |
9591        |       -2444.72   |       -2452.71   |        7.99175   |   04:56:45   |   01:14:32   |
9592        |        -2444.7   |       -2452.68   |        7.98654   |   04:57:01   |   01:14:33   |
9593        |       -2445.27   |       -2453.27   |        7.99388   |   04:57:17   |   01:14:35   |
9594        |       -2446.38   |       -2454.47   |        8.09482   |   04:57:33   |   01:14:37   |
9595        |       -2443.72   |       -2451.82   |        8.10027   |   04:57:49   |   01:14:38   |
9596        |       -2446.99   |       -2455.61   |        8.62169   |   04:58:05   |   01:14:40   |
9597        |       -2446.62   |       -2453.39   |        6.77509   |   04:58:21   |   01:14:42   |
9598        |       -2448.09   |       -2454.87   |        6.78174   |   04:58:37   |   01:14:43   |
9599        |       -2447.08   |       -2453.66   |        6.57686   |   04:58:53   |   01:14:45   |


Iter        |      Posterior   |     Likelihood   |          Prior   |    elapsed   |        ETA   |
----------------------------------------------------------------------------------------------------
9600        |       -2446.89   |       -2453.47   |        6.57784   |   04:59:09   |   01:14:47   |
9601        |       -2446.23   |       -2451.88   |        5.65164   |   05:01:42   |   01:15:23   |
9602        |       -2446.66   |       -2453.42   |        6.76068   |   05:01:59   |   01:15:25   |
9603        |       -2446.66   |       -2453.42   |        6.76068   |   05:02:15   |   01:15:26   |
9604        |        -2446.8   |       -2452.83   |        6.02878   |   05:02:31   |   01:15:28   |
9605        |       -2446.93   |       -2452.96   |        6.02878   |   05:02:47   |   01:15:29   |
9606        |       -2449.13   |       -2454.74   |        5.60695   |   05:03:03   |   01:15:31   |
9607        |       -2450.82   |        -2458.5   |        7.67155   |   05:03:19   |   01:15:33   |
9608        |       -2448.38   |       -2456.11   |        7.73423   |   05:03:35   |   01:15:34   |
9609        |       -2448.31   |       -2455.79   |        7.48077   |   05:03:51   |   01:15:36   |
9610        |       -2447.96   |       -2455.31   |        7.34702   |   05:04:07   |   01:15:38   |
9611        |       -2449.64   |       -2456.97   |        7.32801   |   05:06:41   |   01:16:13   |
9612        |       -2449.82   |       -2456.35   |        6.52917   |   05:06:57   |   01:16:15   |
9613        |        -2448.4   |       -2454.95   |        6.55458   |   05:07:13   |   01:16:17   |
9614        |        -2445.6   |       -2452.89   |        7.28971   |   05:07:29   |   01:16:18   |
9615        |       -2445.32   |        -2452.6   |        7.28428   |   05:07:45   |   01:16:20   |
9616        |       -2445.52   |       -2452.81   |        7.29516   |   05:08:01   |   01:16:21   |
9617        |       -2444.31   |       -2451.59   |        7.28478   |   05:08:17   |   01:16:23   |
9618        |       -2444.31   |       -2452.87   |        8.55739   |   05:08:33   |   01:16:24   |
9619        |       -2445.46   |       -2454.02   |        8.55764   |   05:08:49   |   01:16:26   |


Iter        |      Posterior   |     Likelihood   |          Prior   |    elapsed   |        ETA   |
----------------------------------------------------------------------------------------------------
9620        |       -2444.65   |       -2453.24   |        8.59003   |   05:09:05   |   01:16:28   |
9621        |       -2446.24   |       -2455.05   |        8.81114   |   05:11:39   |   01:17:03   |
9622        |       -2442.93   |       -2451.72   |        8.78963   |   05:11:55   |   01:17:05   |
9623        |       -2445.24   |       -2453.59   |        8.34883   |   05:12:11   |   01:17:06   |
9624        |        -2445.9   |       -2456.24   |        10.3389   |   05:12:27   |   01:17:08   |
9625        |       -2445.62   |       -2455.94   |        10.3239   |   05:12:43   |   01:17:09   |
9626        |       -2446.73   |       -2457.04   |        10.3147   |   05:12:59   |   01:17:11   |
9627        |       -2445.91   |       -2456.23   |        10.3166   |   05:13:15   |   01:17:12   |
9628        |       -2444.46   |       -2454.53   |        10.0653   |   05:13:31   |   01:17:14   |
9629        |       -2446.76   |       -2456.81   |        10.0498   |   05:13:47   |   01:17:15   |
9630        |       -2448.76   |       -2458.82   |        10.0627   |   05:14:03   |   01:17:17   |
9631        |       -2450.56   |       -2460.62   |        10.0632   |   05:16:37   |   01:17:52   |
9632        |       -2452.23   |       -2462.27   |        10.0348   |   05:16:53   |   01:17:54   |
9633        |       -2451.64   |       -2461.32   |        9.68471   |   05:17:09   |   01:17:55   |
9634        |       -2445.87   |          -2457   |        11.1358   |   05:17:25   |   01:17:57   |
9635        |        -2444.2   |       -2454.45   |        10.2496   |   05:17:41   |   01:17:58   |
9636        |       -2446.07   |        -2456.3   |        10.2345   |   05:17:57   |   01:18:00   |
9637        |        -2445.2   |       -2455.43   |        10.2366   |   05:18:13   |   01:18:01   |
9638        |       -2445.63   |       -2455.17   |        9.53302   |   05:18:29   |   01:18:03   |
9639        |       -2445.64   |       -2454.97   |        9.33467   |   05:18:45   |   01:18:04   |


Iter        |      Posterior   |     Likelihood   |          Prior   |    elapsed   |        ETA   |
----------------------------------------------------------------------------------------------------
9640        |       -2444.77   |       -2454.22   |        9.44566   |   05:19:01   |   01:18:05   |
9641        |       -2445.53   |       -2454.41   |        8.87968   |   05:21:36   |   01:18:41   |
9642        |       -2445.13   |          -2454   |        8.87866   |   05:21:53   |   01:18:43   |
9643        |       -2443.34   |       -2452.22   |        8.88473   |   05:22:09   |   01:18:44   |
9644        |       -2443.44   |       -2452.32   |        8.87953   |   05:22:25   |   01:18:45   |
9645        |        -2443.2   |          -2452   |        8.79693   |   05:22:41   |   01:18:47   |
9646        |       -2442.72   |       -2451.23   |        8.50238   |   05:22:58   |   01:18:48   |
9647        |       -2442.62   |       -2451.12   |        8.50238   |   05:23:14   |   01:18:50   |
9648        |       -2442.56   |       -2451.07   |        8.50765   |   05:23:30   |   01:18:51   |
9649        |       -2443.21   |       -2451.71   |        8.49575   |   05:23:47   |   01:18:53   |
9650        |       -2443.43   |       -2452.07   |        8.63896   |   05:24:03   |   01:18:54   |
9651        |       -2446.37   |       -2454.95   |        8.57746   |   05:26:39   |   01:19:30   |
9652        |       -2445.22   |       -2453.81   |        8.59024   |   05:26:55   |   01:19:31   |
9653        |       -2445.69   |        -2453.3   |        7.61273   |   05:27:11   |   01:19:33   |
9654        |       -2443.79   |       -2453.46   |        9.66905   |   05:27:27   |   01:19:34   |
9655        |       -2444.29   |       -2453.38   |        9.09099   |   05:27:43   |   01:19:35   |
9656        |       -2444.29   |       -2453.38   |        9.09099   |   05:27:59   |   01:19:37   |
9657        |       -2444.02   |       -2453.11   |        9.09089   |   05:28:15   |   01:19:38   |
9658        |        -2444.6   |       -2453.85   |        9.24924   |   05:28:31   |   01:19:39   |
9659        |        -2444.6   |       -2453.85   |        9.24924   |   05:28:47   |   01:19:41   |


Iter        |      Posterior   |     Likelihood   |          Prior   |    elapsed   |        ETA   |
----------------------------------------------------------------------------------------------------
9660        |       -2442.49   |       -2451.79   |        9.29326   |   05:29:03   |   01:19:42   |
9661        |       -2444.54   |       -2453.28   |        8.74257   |   05:31:37   |   01:20:17   |
9662        |       -2445.14   |        -2453.9   |        8.75712   |   05:31:53   |   01:20:18   |
9663        |       -2442.35   |       -2451.87   |        9.52109   |   05:32:09   |   01:20:19   |
9664        |       -2444.64   |       -2454.47   |        9.82935   |   05:32:25   |   01:20:21   |
9665        |       -2443.97   |       -2454.06   |         10.088   |   05:32:41   |   01:20:22   |
9666        |        -2442.4   |       -2452.34   |        9.93732   |   05:32:57   |   01:20:23   |
9667        |        -2442.4   |       -2452.34   |        9.93732   |   05:33:13   |   01:20:25   |
9668        |       -2442.84   |       -2452.05   |        9.20604   |   05:33:29   |   01:20:26   |
9669        |       -2443.44   |       -2452.65   |        9.20613   |   05:33:45   |   01:20:27   |
9670        |        -2442.9   |       -2453.05   |        10.1475   |   05:34:01   |   01:20:28   |
9671        |       -2442.52   |       -2451.94   |        9.41778   |   05:36:35   |   01:21:03   |
9672        |       -2441.33   |       -2450.65   |         9.3238   |   05:36:51   |   01:21:04   |
9673        |        -2443.8   |       -2452.96   |        9.16162   |   05:37:07   |   01:21:05   |
9674        |       -2444.85   |          -2454   |        9.14659   |   05:37:23   |   01:21:07   |
9675        |       -2444.31   |       -2453.51   |        9.20611   |   05:37:39   |   01:21:08   |
9676        |       -2441.82   |       -2451.05   |        9.23352   |   05:37:55   |   01:21:09   |
9677        |       -2442.18   |       -2451.62   |        9.44237   |   05:38:11   |   01:21:10   |
9678        |       -2445.08   |       -2454.53   |        9.45162   |   05:38:27   |   01:21:12   |
9679        |       -2446.49   |       -2455.36   |         8.8724   |   05:38:43   |   01:21:13   |


Iter        |      Posterior   |     Likelihood   |          Prior   |    elapsed   |        ETA   |
----------------------------------------------------------------------------------------------------
9680        |       -2443.22   |       -2452.08   |        8.86414   |   05:38:59   |   01:21:14   |
9681        |       -2444.74   |       -2454.24   |        9.50444   |   05:41:33   |   01:21:48   |
9682        |       -2444.88   |       -2454.75   |        9.87269   |   05:41:49   |   01:21:50   |
9683        |       -2444.73   |       -2453.79   |        9.05512   |   05:42:05   |   01:21:51   |
9684        |       -2444.23   |       -2453.29   |        9.05999   |   05:42:21   |   01:21:52   |
9685        |       -2444.85   |       -2453.91   |        9.06109   |   05:42:37   |   01:21:53   |
9686        |       -2442.69   |       -2451.66   |        8.96917   |   05:42:53   |   01:21:54   |
9687        |       -2442.67   |       -2451.21   |        8.53661   |   05:43:09   |   01:21:56   |
9688        |       -2442.86   |       -2451.07   |        8.21395   |   05:43:25   |   01:21:57   |
9689        |       -2444.32   |       -2452.41   |        8.08915   |   05:43:41   |   01:21:58   |
9690        |       -2443.32   |       -2451.42   |        8.09674   |   05:43:57   |   01:21:59   |
9691        |       -2442.25   |       -2450.34   |        8.09924   |   05:46:31   |   01:22:33   |
9692        |       -2443.62   |        -2452.2   |        8.57885   |   05:46:47   |   01:22:34   |
9693        |       -2446.34   |        -2457.1   |         10.765   |   05:47:03   |   01:22:36   |
9694        |       -2445.02   |       -2456.07   |        11.0513   |   05:47:19   |   01:22:37   |
9695        |       -2444.98   |       -2455.85   |        10.8772   |   05:47:35   |   01:22:38   |
9696        |       -2446.68   |        -2457.3   |        10.6152   |   05:47:51   |   01:22:39   |
9697        |       -2449.45   |       -2460.06   |        10.6052   |   05:48:07   |   01:22:40   |
9698        |       -2454.73   |       -2465.42   |        10.6903   |   05:48:23   |   01:22:41   |
9699        |       -2446.67   |       -2457.18   |        10.5111   |   05:48:39   |   01:22:42   |


Iter        |      Posterior   |     Likelihood   |          Prior   |    elapsed   |        ETA   |
----------------------------------------------------------------------------------------------------
9700        |       -2447.74   |        -2457.9   |        10.1631   |   05:48:55   |   01:22:43   |
9701        |       -2445.74   |       -2455.88   |        10.1338   |   05:51:29   |   01:23:17   |
9702        |       -2445.48   |       -2455.62   |        10.1348   |   05:51:45   |   01:23:18   |
9703        |       -2443.85   |       -2453.85   |          9.997   |   05:52:01   |   01:23:19   |
9704        |       -2443.85   |       -2453.83   |        9.98163   |   05:52:17   |   01:23:21   |
9705        |       -2446.98   |       -2456.95   |        9.97705   |   05:52:33   |   01:23:22   |
9706        |        -2444.7   |       -2454.67   |        9.96961   |   05:52:49   |   01:23:23   |
9707        |       -2442.61   |       -2452.75   |        10.1448   |   05:53:05   |   01:23:24   |
9708        |       -2444.95   |       -2456.39   |        11.4436   |   05:53:21   |   01:23:25   |
9709        |       -2444.69   |       -2456.14   |        11.4488   |   05:53:37   |   01:23:26   |
9710        |       -2445.03   |       -2456.47   |        11.4412   |   05:53:53   |   01:23:27   |
9711        |       -2447.45   |        -2458.9   |        11.4481   |   05:56:27   |   01:24:01   |
9712        |       -2444.56   |       -2455.89   |        11.3322   |   05:56:43   |   01:24:02   |
9713        |       -2444.56   |       -2455.89   |        11.3322   |   05:56:59   |   01:24:03   |
9714        |       -2449.09   |       -2459.96   |        10.8633   |   05:57:15   |   01:24:04   |
9715        |       -2447.97   |       -2458.66   |        10.6909   |   05:57:31   |   01:24:05   |
9716        |       -2447.97   |       -2458.66   |        10.6909   |   05:57:47   |   01:24:06   |
9717        |       -2445.47   |       -2457.27   |        11.7928   |   05:58:03   |   01:24:07   |
9718        |       -2446.69   |       -2458.43   |        11.7357   |   05:58:19   |   01:24:08   |
9719        |       -2451.39   |       -2463.09   |        11.7028   |   05:58:35   |   01:24:09   |


Iter        |      Posterior   |     Likelihood   |          Prior   |    elapsed   |        ETA   |
----------------------------------------------------------------------------------------------------
9720        |       -2449.17   |       -2459.42   |        10.2484   |   05:58:51   |   01:24:10   |
9721        |       -2448.11   |       -2458.46   |        10.3458   |   06:01:25   |   01:24:43   |
9722        |       -2452.09   |       -2462.43   |        10.3405   |   06:01:41   |   01:24:44   |
9723        |        -2450.5   |       -2460.84   |        10.3461   |   06:01:57   |   01:24:45   |
9724        |       -2451.61   |       -2461.96   |        10.3509   |   06:02:13   |   01:24:46   |
9725        |       -2451.76   |       -2462.11   |        10.3509   |   06:02:29   |   01:24:47   |
9726        |       -2451.76   |       -2462.11   |        10.3509   |   06:02:46   |   01:24:49   |
9727        |       -2451.76   |       -2462.11   |        10.3509   |   06:03:02   |   01:24:50   |
9728        |       -2451.76   |       -2462.11   |        10.3509   |   06:03:18   |   01:24:50   |
9729        |       -2451.76   |       -2462.11   |        10.3509   |   06:03:34   |   01:24:51   |
9730        |       -2448.85   |        -2459.2   |        10.3424   |   06:03:50   |   01:24:52   |
9731        |       -2449.01   |       -2459.33   |        10.3183   |   06:06:23   |   01:25:25   |
9732        |       -2445.54   |       -2455.86   |        10.3193   |   06:06:39   |   01:25:26   |
9733        |       -2446.03   |       -2456.36   |        10.3275   |   06:06:55   |   01:25:27   |
9734        |       -2447.22   |       -2457.19   |        9.97413   |   06:07:11   |   01:25:28   |
9735        |       -2447.22   |       -2457.19   |        9.97413   |   06:07:27   |   01:25:29   |
9736        |       -2448.12   |        -2457.1   |        8.98504   |   06:07:43   |   01:25:30   |
9737        |       -2446.44   |       -2455.08   |        8.63858   |   06:07:59   |   01:25:31   |
9738        |       -2444.09   |       -2452.74   |        8.65295   |   06:08:15   |   01:25:32   |
9739        |       -2445.21   |       -2453.44   |        8.22752   |   06:08:31   |   01:25:33   |


Iter        |      Posterior   |     Likelihood   |          Prior   |    elapsed   |        ETA   |
----------------------------------------------------------------------------------------------------
9740        |        -2445.6   |        -2455.2   |        9.59838   |   06:08:47   |   01:25:34   |
9741        |        -2444.7   |       -2455.27   |         10.574   |   06:11:21   |   01:26:07   |
9742        |       -2449.31   |       -2459.89   |        10.5872   |   06:11:37   |   01:26:07   |
9743        |       -2445.79   |       -2456.37   |        10.5855   |   06:11:53   |   01:26:08   |
9744        |       -2446.31   |       -2456.89   |        10.5795   |   06:12:09   |   01:26:09   |
9745        |       -2446.31   |       -2456.89   |        10.5795   |   06:12:25   |   01:26:10   |
9746        |       -2444.69   |       -2454.97   |        10.2801   |   06:12:41   |   01:26:11   |
9747        |       -2444.69   |       -2454.97   |        10.2801   |   06:12:57   |   01:26:12   |
9748        |       -2444.88   |       -2455.23   |        10.3495   |   06:13:13   |   01:26:13   |
9749        |       -2442.92   |       -2450.99   |        8.06875   |   06:13:29   |   01:26:14   |
9750        |       -2446.72   |       -2454.92   |        8.20418   |   06:13:45   |   01:26:15   |
9751        |       -2446.63   |       -2454.83   |         8.2033   |   06:16:19   |   01:26:47   |
9752        |       -2449.13   |       -2457.33   |        8.20545   |   06:16:35   |   01:26:48   |
9753        |       -2443.28   |       -2451.72   |        8.44452   |   06:16:51   |   01:26:49   |
9754        |       -2445.02   |       -2453.48   |        8.45651   |   06:17:07   |   01:26:50   |
9755        |       -2444.69   |       -2453.05   |         8.3603   |   06:17:23   |   01:26:51   |
9756        |       -2443.75   |        -2452.1   |        8.35422   |   06:17:39   |   01:26:51   |
9757        |       -2443.75   |        -2452.1   |        8.35422   |   06:17:56   |   01:26:52   |
9758        |       -2442.84   |       -2451.46   |        8.62036   |   06:18:12   |   01:26:53   |
9759        |       -2444.54   |        -2452.3   |        7.76278   |   06:18:28   |   01:26:54   |


Iter        |      Posterior   |     Likelihood   |          Prior   |    elapsed   |        ETA   |
----------------------------------------------------------------------------------------------------
9760        |       -2444.75   |       -2452.49   |        7.74688   |   06:18:44   |   01:26:55   |
9761        |       -2445.02   |       -2452.33   |        7.31061   |   06:21:17   |   01:27:27   |
9762        |       -2445.15   |       -2452.66   |        7.50507   |   06:21:33   |   01:27:28   |
9763        |       -2445.85   |       -2453.16   |        7.30894   |   06:21:49   |   01:27:29   |
9764        |        -2447.7   |       -2457.83   |        10.1238   |   06:22:05   |   01:27:29   |
9765        |       -2448.32   |       -2456.47   |        8.15033   |   06:22:21   |   01:27:30   |
9766        |       -2442.95   |       -2451.55   |        8.59628   |   06:22:37   |   01:27:31   |
9767        |       -2443.56   |       -2452.89   |        9.32555   |   06:22:54   |   01:27:32   |
9768        |       -2445.56   |       -2455.46   |        9.90031   |   06:23:10   |   01:27:33   |
9769        |       -2441.42   |       -2450.06   |        8.64469   |   06:23:26   |   01:27:34   |
9770        |       -2441.76   |       -2450.41   |        8.65068   |   06:23:42   |   01:27:34   |
9771        |       -2443.09   |       -2451.73   |        8.63568   |   06:26:15   |   01:28:06   |
9772        |       -2443.78   |       -2452.42   |         8.6389   |   06:26:31   |   01:28:07   |
9773        |       -2444.58   |       -2453.09   |        8.51277   |   06:26:47   |   01:28:08   |
9774        |       -2445.56   |       -2454.06   |        8.50826   |   06:27:03   |   01:28:08   |
9775        |        -2445.4   |       -2453.89   |        8.49515   |   06:27:20   |   01:28:09   |
9776        |        -2442.6   |       -2451.22   |        8.61895   |   06:27:36   |   01:28:10   |
9777        |       -2442.43   |       -2451.04   |        8.60917   |   06:27:52   |   01:28:11   |
9778        |       -2442.35   |        -2451.1   |        8.74816   |   06:28:08   |   01:28:12   |
9779        |       -2442.57   |       -2451.32   |        8.74784   |   06:28:24   |   01:28:12   |


Iter        |      Posterior   |     Likelihood   |          Prior   |    elapsed   |        ETA   |
----------------------------------------------------------------------------------------------------
9780        |       -2443.25   |       -2452.75   |        9.49728   |   06:28:40   |   01:28:13   |
9781        |       -2441.42   |       -2450.93   |        9.51294   |   06:31:13   |   01:28:45   |
9782        |       -2440.93   |       -2450.36   |        9.42905   |   06:31:29   |   01:28:45   |
9783        |       -2442.23   |       -2452.23   |        9.99872   |   06:31:45   |   01:28:46   |
9784        |       -2442.59   |       -2452.73   |        10.1447   |   06:32:01   |   01:28:47   |
9785        |       -2443.14   |       -2452.19   |        9.04719   |   06:32:17   |   01:28:47   |
9786        |       -2443.96   |       -2454.07   |        10.1092   |   06:32:33   |   01:28:48   |
9787        |       -2444.81   |        -2454.9   |        10.0991   |   06:32:49   |   01:28:49   |
9788        |        -2445.5   |       -2455.61   |        10.1036   |   06:33:05   |   01:28:49   |
9789        |       -2443.67   |        -2453.5   |        9.83833   |   06:33:21   |   01:28:50   |
9790        |       -2443.21   |       -2453.05   |        9.83482   |   06:33:37   |   01:28:51   |
9791        |       -2444.08   |       -2454.18   |        10.1023   |   06:36:10   |   01:29:22   |
9792        |       -2446.57   |       -2456.89   |        10.3227   |   06:36:26   |   01:29:23   |
9793        |       -2447.53   |       -2457.86   |        10.3244   |   06:36:42   |   01:29:24   |
9794        |       -2450.29   |       -2461.58   |        11.2899   |   06:36:58   |   01:29:24   |
9795        |       -2446.69   |       -2456.59   |        9.89895   |   06:37:15   |   01:29:25   |
9796        |       -2445.56   |       -2455.46   |        9.89861   |   06:37:31   |   01:29:26   |
9797        |       -2446.83   |       -2456.98   |        10.1454   |   06:37:47   |   01:29:26   |
9798        |       -2446.26   |       -2454.67   |        8.41463   |   06:38:03   |   01:29:27   |
9799        |       -2443.56   |       -2452.39   |        8.83335   |   06:38:19   |   01:29:28   |


Iter        |      Posterior   |     Likelihood   |          Prior   |    elapsed   |        ETA   |
----------------------------------------------------------------------------------------------------
9800        |       -2445.69   |       -2454.62   |        8.92743   |   06:38:35   |   01:29:28   |
9801        |       -2443.47   |       -2453.24   |        9.76897   |   06:41:08   |   01:30:00   |
9802        |       -2443.47   |       -2453.24   |        9.76897   |   06:41:24   |   01:30:00   |
9803        |       -2443.47   |       -2453.24   |        9.76897   |   06:41:40   |   01:30:01   |
9804        |       -2444.11   |       -2453.87   |        9.76147   |   06:41:56   |   01:30:01   |
9805        |       -2445.17   |       -2455.06   |        9.88668   |   06:42:12   |   01:30:02   |
9806        |        -2444.8   |        -2454.7   |        9.89251   |   06:42:28   |   01:30:02   |
9807        |       -2447.47   |       -2457.35   |        9.87971   |   06:42:44   |   01:30:03   |
9808        |       -2444.05   |       -2453.94   |        9.89571   |   06:43:00   |   01:30:04   |
9809        |       -2443.33   |       -2453.29   |        9.95216   |   06:43:16   |   01:30:04   |
9810        |       -2443.25   |       -2453.21   |         9.9582   |   06:43:33   |   01:30:05   |
9811        |       -2443.13   |       -2453.09   |         9.9593   |   06:46:06   |   01:30:36   |
9812        |       -2443.13   |       -2453.09   |         9.9593   |   06:46:22   |   01:30:36   |
9813        |       -2443.13   |       -2453.09   |         9.9593   |   06:46:38   |   01:30:37   |
9814        |       -2446.74   |       -2455.16   |        8.41674   |   06:46:54   |   01:30:38   |
9815        |        -2445.2   |       -2455.66   |        10.4539   |   06:47:11   |   01:30:38   |
9816        |       -2444.23   |       -2453.49   |        9.26648   |   06:47:27   |   01:30:39   |
9817        |       -2443.83   |       -2451.51   |        7.68016   |   06:47:43   |   01:30:39   |
9818        |       -2441.53   |       -2450.34   |        8.81264   |   06:47:59   |   01:30:40   |
9819        |       -2443.11   |       -2452.27   |        9.15757   |   06:48:15   |   01:30:40   |


Iter        |      Posterior   |     Likelihood   |          Prior   |    elapsed   |        ETA   |
----------------------------------------------------------------------------------------------------
9820        |       -2443.81   |       -2452.97   |        9.15777   |   06:48:31   |   01:30:41   |
9821        |       -2442.77   |       -2450.81   |        8.04299   |   06:51:04   |   01:31:12   |
9822        |       -2442.77   |       -2450.81   |        8.04299   |   06:51:20   |   01:31:12   |
9823        |       -2443.48   |       -2451.51   |        8.03631   |   06:51:36   |   01:31:13   |
9824        |       -2442.85   |       -2450.55   |        7.70017   |   06:51:52   |   01:31:13   |
9825        |       -2443.71   |       -2452.28   |        8.57119   |   06:52:08   |   01:31:14   |
9826        |       -2443.02   |       -2451.66   |        8.64829   |   06:52:24   |   01:31:14   |
9827        |       -2444.44   |       -2454.44   |        10.0005   |   06:52:40   |   01:31:15   |
9828        |       -2443.98   |       -2453.78   |        9.80052   |   06:52:56   |   01:31:15   |
9829        |       -2446.07   |       -2455.57   |        9.50007   |   06:53:12   |   01:31:15   |
9830        |       -2449.36   |        -2458.8   |        9.44181   |   06:53:29   |   01:31:16   |
9831        |       -2449.88   |       -2460.71   |        10.8352   |   06:56:02   |   01:31:47   |
9832        |       -2449.86   |       -2459.76   |        9.89386   |   06:56:18   |   01:31:47   |
9833        |       -2448.92   |       -2458.67   |        9.74698   |   06:56:34   |   01:31:48   |
9834        |       -2446.92   |       -2456.68   |        9.76067   |   06:56:50   |   01:31:48   |
9835        |        -2443.2   |       -2452.98   |        9.77961   |   06:57:06   |   01:31:49   |
9836        |       -2442.65   |       -2452.42   |        9.77524   |   06:57:22   |   01:31:49   |
9837        |       -2443.03   |       -2452.55   |        9.51787   |   06:57:38   |   01:31:49   |
9838        |       -2443.35   |       -2452.86   |        9.51632   |   06:57:54   |   01:31:50   |
9839        |       -2445.13   |       -2454.42   |        9.28569   |   06:58:10   |   01:31:50   |


Iter        |      Posterior   |     Likelihood   |          Prior   |    elapsed   |        ETA   |
----------------------------------------------------------------------------------------------------
9840        |       -2443.33   |       -2453.61   |        10.2874   |   06:58:26   |   01:31:51   |
9841        |       -2443.15   |       -2453.32   |        10.1674   |   07:01:00   |   01:32:21   |
9842        |       -2443.15   |       -2453.32   |        10.1674   |   07:01:16   |   01:32:22   |
9843        |       -2446.21   |        -2456.5   |        10.2889   |   07:01:32   |   01:32:22   |
9844        |       -2446.21   |        -2456.5   |        10.2889   |   07:01:48   |   01:32:22   |
9845        |       -2441.81   |       -2451.96   |        10.1493   |   07:02:04   |   01:32:23   |
9846        |       -2441.81   |       -2451.96   |        10.1493   |   07:02:20   |   01:32:23   |
9847        |       -2445.01   |       -2455.15   |        10.1421   |   07:02:36   |   01:32:23   |
9848        |       -2443.17   |       -2453.31   |        10.1459   |   07:02:52   |   01:32:24   |
9849        |       -2443.31   |       -2453.45   |        10.1446   |   07:03:08   |   01:32:24   |
9850        |       -2442.03   |        -2452.2   |        10.1663   |   07:03:24   |   01:32:25   |
9851        |       -2442.11   |       -2452.29   |        10.1789   |   07:05:57   |   01:32:55   |
9852        |       -2441.29   |       -2451.36   |        10.0697   |   07:06:14   |   01:32:55   |
9853        |       -2442.67   |       -2451.82   |        9.14869   |   07:06:30   |   01:32:56   |
9854        |       -2444.53   |       -2454.01   |        9.47512   |   07:06:46   |   01:32:56   |
9855        |       -2443.57   |       -2453.05   |        9.48914   |   07:07:02   |   01:32:56   |
9856        |        -2444.9   |       -2454.11   |        9.21082   |   07:07:18   |   01:32:57   |
9857        |        -2442.7   |       -2451.91   |         9.2127   |   07:07:34   |   01:32:57   |
9858        |       -2441.63   |       -2450.84   |        9.20823   |   07:07:50   |   01:32:57   |
9859        |       -2445.64   |       -2454.84   |        9.19974   |   07:08:06   |   01:32:58   |


Iter        |      Posterior   |     Likelihood   |          Prior   |    elapsed   |        ETA   |
----------------------------------------------------------------------------------------------------
9860        |       -2443.74   |       -2454.02   |        10.2818   |   07:08:22   |   01:32:58   |
9861        |       -2443.75   |       -2454.04   |        10.2914   |   07:10:56   |   01:33:28   |
9862        |       -2442.19   |       -2451.55   |        9.36517   |   07:11:12   |   01:33:28   |
9863        |       -2447.51   |       -2456.88   |        9.36679   |   07:11:28   |   01:33:29   |
9864        |       -2443.82   |       -2453.19   |        9.36653   |   07:11:44   |   01:33:29   |
9865        |       -2446.05   |       -2455.58   |         9.5373   |   07:12:00   |   01:33:29   |
9866        |       -2443.82   |       -2454.34   |        10.5221   |   07:12:16   |   01:33:29   |
9867        |       -2444.11   |        -2454.3   |        10.1899   |   07:12:32   |   01:33:30   |
9868        |       -2449.42   |        -2459.6   |         10.182   |   07:12:48   |   01:33:30   |
9869        |       -2447.93   |          -2460   |        12.0708   |   07:13:04   |   01:33:30   |
9870        |       -2447.14   |       -2459.23   |         12.087   |   07:13:20   |   01:33:30   |
9871        |       -2446.95   |       -2457.76   |         10.809   |   07:15:54   |   01:34:00   |
9872        |       -2446.61   |       -2457.33   |         10.718   |   07:16:10   |   01:34:01   |
9873        |       -2446.82   |        -2457.6   |        10.7764   |   07:16:26   |   01:34:01   |
9874        |       -2444.82   |       -2456.28   |         11.464   |   07:16:42   |   01:34:01   |
9875        |       -2446.56   |       -2457.36   |        10.7948   |   07:16:58   |   01:34:01   |
9876        |       -2444.71   |       -2455.28   |        10.5661   |   07:17:14   |   01:34:02   |
9877        |        -2445.2   |       -2455.76   |        10.5638   |   07:17:30   |   01:34:02   |
9878        |       -2443.14   |       -2453.75   |        10.6073   |   07:17:46   |   01:34:02   |
9879        |       -2443.95   |       -2454.57   |        10.6153   |   07:18:02   |   01:34:02   |


Iter        |      Posterior   |     Likelihood   |          Prior   |    elapsed   |        ETA   |
----------------------------------------------------------------------------------------------------
9880        |       -2446.54   |       -2457.12   |        10.5793   |   07:18:18   |   01:34:02   |
9881        |        -2443.5   |       -2454.11   |        10.6068   |   07:20:52   |   01:34:32   |
9882        |       -2444.56   |       -2455.18   |        10.6213   |   07:21:08   |   01:34:32   |
9883        |       -2443.65   |       -2454.26   |        10.6173   |   07:21:24   |   01:34:33   |
9884        |       -2442.64   |       -2453.09   |        10.4492   |   07:21:40   |   01:34:33   |
9885        |       -2443.74   |       -2454.19   |        10.4488   |   07:21:56   |   01:34:33   |
9886        |       -2443.42   |       -2452.83   |        9.40587   |   07:22:12   |   01:34:33   |
9887        |       -2444.75   |       -2455.43   |         10.685   |   07:22:28   |   01:34:33   |
9888        |       -2445.42   |       -2456.08   |        10.6568   |   07:22:44   |   01:34:33   |
9889        |       -2446.66   |       -2457.33   |        10.6685   |   07:23:00   |   01:34:34   |
9890        |       -2449.58   |       -2460.22   |        10.6394   |   07:23:16   |   01:34:34   |
9891        |       -2447.28   |       -2457.92   |        10.6382   |   07:25:49   |   01:35:03   |
9892        |       -2447.28   |       -2457.92   |        10.6382   |   07:26:05   |   01:35:03   |
9893        |        -2447.8   |       -2458.71   |        10.9115   |   07:26:21   |   01:35:03   |
9894        |       -2448.06   |       -2459.01   |        10.9454   |   07:26:38   |   01:35:04   |
9895        |       -2448.06   |       -2459.01   |        10.9454   |   07:26:54   |   01:35:04   |
9896        |        -2447.2   |       -2458.15   |        10.9484   |   07:27:10   |   01:35:04   |
9897        |       -2449.81   |       -2460.74   |        10.9334   |   07:27:26   |   01:35:04   |
9898        |       -2445.76   |       -2456.75   |        10.9837   |   07:27:42   |   01:35:04   |
9899        |        -2446.9   |       -2457.77   |        10.8689   |   07:27:58   |   01:35:04   |


Iter        |      Posterior   |     Likelihood   |          Prior   |    elapsed   |        ETA   |
----------------------------------------------------------------------------------------------------
9900        |       -2447.24   |       -2458.53   |         11.289   |   07:28:14   |   01:35:04   |
9901        |        -2445.7   |       -2456.19   |        10.4976   |   07:30:48   |   01:35:34   |
9902        |       -2444.71   |        -2455.4   |        10.6884   |   07:31:04   |   01:35:34   |
9903        |       -2444.71   |        -2455.4   |        10.6884   |   07:31:20   |   01:35:34   |
9904        |       -2444.71   |        -2455.4   |        10.6884   |   07:31:36   |   01:35:34   |
9905        |       -2444.71   |        -2455.4   |        10.6884   |   07:31:52   |   01:35:34   |
9906        |       -2449.59   |       -2459.34   |        9.74951   |   07:32:09   |   01:35:34   |
9907        |       -2447.38   |       -2457.14   |        9.75447   |   07:32:25   |   01:35:34   |
9908        |       -2448.16   |       -2458.37   |        10.2105   |   07:32:41   |   01:35:34   |
9909        |       -2449.07   |       -2459.28   |        10.2124   |   07:32:57   |   01:35:34   |
9910        |       -2447.96   |       -2456.96   |        8.99727   |   07:33:13   |   01:35:34   |
9911        |       -2445.65   |       -2454.72   |        9.07151   |   07:35:47   |   01:36:04   |
9912        |       -2445.43   |       -2454.47   |        9.04574   |   07:36:03   |   01:36:04   |
9913        |       -2445.27   |       -2454.33   |        9.05154   |   07:36:19   |   01:36:04   |
9914        |       -2445.27   |       -2454.33   |        9.05154   |   07:36:35   |   01:36:04   |
9915        |       -2446.13   |       -2455.18   |        9.05109   |   07:36:51   |   01:36:04   |
9916        |       -2443.28   |       -2452.28   |        8.99496   |   07:37:07   |   01:36:04   |
9917        |       -2443.81   |        -2452.8   |        8.98782   |   07:37:23   |   01:36:04   |
9918        |       -2444.17   |       -2452.66   |        8.49188   |   07:37:39   |   01:36:04   |
9919        |       -2445.48   |       -2453.96   |        8.48042   |   07:37:55   |   01:36:04   |


Iter        |      Posterior   |     Likelihood   |          Prior   |    elapsed   |        ETA   |
----------------------------------------------------------------------------------------------------
9920        |       -2445.43   |       -2453.92   |        8.48554   |   07:38:11   |   01:36:04   |
9921        |       -2443.26   |       -2453.09   |        9.82742   |   07:40:44   |   01:36:32   |
9922        |       -2444.06   |        -2453.9   |        9.83671   |   07:41:00   |   01:36:32   |
9923        |       -2442.66   |       -2452.51   |        9.84631   |   07:41:16   |   01:36:32   |
9924        |       -2443.18   |       -2453.02   |        9.84416   |   07:41:32   |   01:36:32   |
9925        |       -2443.18   |       -2453.02   |        9.84416   |   07:41:48   |   01:36:32   |
9926        |       -2444.21   |       -2454.03   |        9.82728   |   07:42:04   |   01:36:32   |
9927        |       -2448.44   |       -2458.24   |        9.80383   |   07:42:21   |   01:36:32   |
9928        |       -2447.54   |       -2456.62   |        9.07907   |   07:42:37   |   01:36:32   |
9929        |       -2443.16   |       -2452.13   |         8.9661   |   07:42:53   |   01:36:32   |
9930        |       -2445.99   |       -2454.76   |        8.76568   |   07:43:09   |   01:36:32   |
9931        |       -2445.22   |       -2453.98   |        8.76685   |   07:45:42   |   01:37:01   |
9932        |       -2443.35   |       -2452.46   |        9.10633   |   07:45:58   |   01:37:01   |
9933        |       -2444.01   |       -2453.08   |          9.071   |   07:46:14   |   01:37:01   |
9934        |       -2443.02   |       -2452.61   |        9.59509   |   07:46:31   |   01:37:01   |
9935        |       -2445.14   |       -2454.73   |        9.59268   |   07:46:47   |   01:37:01   |
9936        |       -2446.99   |       -2456.83   |        9.84284   |   07:47:03   |   01:37:01   |
9937        |       -2447.87   |       -2457.89   |        10.0259   |   07:47:19   |   01:37:01   |
9938        |       -2446.66   |       -2457.32   |        10.6659   |   07:47:35   |   01:37:01   |
9939        |       -2445.56   |       -2456.53   |        10.9687   |   07:47:51   |   01:37:00   |


Iter        |      Posterior   |     Likelihood   |          Prior   |    elapsed   |        ETA   |
----------------------------------------------------------------------------------------------------
9940        |       -2447.86   |       -2459.43   |        11.5724   |   07:48:07   |   01:37:00   |
9941        |       -2447.28   |       -2459.43   |        12.1462   |   07:50:40   |   01:37:29   |
9942        |       -2447.11   |       -2459.26   |        12.1492   |   07:50:56   |   01:37:29   |
9943        |       -2448.36   |       -2460.82   |        12.4649   |   07:51:12   |   01:37:28   |
9944        |       -2449.85   |       -2462.31   |        12.4665   |   07:51:28   |   01:37:28   |
9945        |       -2449.89   |       -2462.36   |        12.4736   |   07:51:44   |   01:37:28   |
9946        |       -2448.44   |       -2460.85   |        12.4081   |   07:52:00   |   01:37:28   |
9947        |       -2448.14   |        -2460.6   |        12.4665   |   07:52:16   |   01:37:28   |
9948        |       -2448.75   |       -2461.21   |        12.4627   |   07:52:32   |   01:37:28   |
9949        |       -2447.85   |       -2460.39   |         12.537   |   07:52:48   |   01:37:28   |
9950        |       -2454.14   |       -2466.66   |         12.519   |   07:53:04   |   01:37:27   |
9951        |       -2450.94   |       -2462.82   |        11.8741   |   07:55:38   |   01:37:56   |
9952        |       -2449.83   |       -2461.67   |        11.8466   |   07:55:54   |   01:37:56   |
9953        |       -2446.27   |       -2458.37   |        12.0936   |   07:56:10   |   01:37:55   |
9954        |       -2444.53   |       -2456.64   |        12.1061   |   07:56:26   |   01:37:55   |
9955        |       -2443.34   |       -2454.84   |        11.5045   |   07:56:42   |   01:37:55   |
9956        |       -2443.63   |       -2455.28   |        11.6529   |   07:56:58   |   01:37:55   |
9957        |       -2443.62   |       -2455.19   |        11.5713   |   07:57:14   |   01:37:55   |
9958        |        -2445.5   |       -2456.83   |        11.3319   |   07:57:30   |   01:37:55   |
9959        |       -2447.12   |       -2458.45   |        11.3247   |   07:57:46   |   01:37:54   |


Iter        |      Posterior   |     Likelihood   |          Prior   |    elapsed   |        ETA   |
----------------------------------------------------------------------------------------------------
9960        |       -2445.92   |       -2457.27   |        11.3462   |   07:58:02   |   01:37:54   |
9961        |       -2444.15   |        -2455.5   |        11.3469   |   08:00:36   |   01:38:22   |
9962        |       -2443.22   |       -2453.63   |        10.4126   |   08:00:52   |   01:38:22   |
9963        |       -2442.55   |       -2452.96   |        10.4095   |   08:01:08   |   01:38:22   |
9964        |       -2442.97   |       -2453.47   |        10.5028   |   08:01:24   |   01:38:22   |
9965        |       -2445.32   |       -2454.94   |        9.62355   |   08:01:40   |   01:38:21   |
9966        |       -2444.47   |       -2453.61   |        9.13414   |   08:01:56   |   01:38:21   |
9967        |       -2447.06   |       -2456.19   |        9.12923   |   08:02:12   |   01:38:21   |
9968        |        -2445.2   |       -2452.46   |        7.26101   |   08:02:28   |   01:38:21   |
9969        |       -2444.29   |       -2451.55   |        7.25495   |   08:02:44   |   01:38:20   |
9970        |       -2443.76   |       -2451.02   |        7.25823   |   08:03:00   |   01:38:20   |
9971        |       -2443.76   |       -2451.02   |        7.25823   |   08:05:34   |   01:38:48   |
9972        |       -2445.42   |       -2451.12   |        5.70081   |   08:05:50   |   01:38:48   |
9973        |       -2445.71   |        -2451.4   |        5.69758   |   08:06:06   |   01:38:47   |
9974        |       -2445.71   |        -2451.4   |        5.69758   |   08:06:22   |   01:38:47   |
9975        |       -2444.41   |       -2451.29   |        6.87927   |   08:06:38   |   01:38:47   |
9976        |       -2444.28   |       -2451.11   |        6.82932   |   08:06:54   |   01:38:47   |
9977        |       -2447.14   |       -2453.78   |        6.63701   |   08:07:10   |   01:38:46   |
9978        |       -2447.33   |       -2454.32   |        6.98597   |   08:07:26   |   01:38:46   |
9979        |       -2445.89   |       -2452.85   |        6.95776   |   08:07:42   |   01:38:46   |


Iter        |      Posterior   |     Likelihood   |          Prior   |    elapsed   |        ETA   |
----------------------------------------------------------------------------------------------------
9980        |       -2446.96   |       -2453.92   |        6.95607   |   08:07:58   |   01:38:46   |
9981        |       -2447.75   |       -2454.76   |         7.0095   |   08:10:32   |   01:39:13   |
9982        |       -2444.26   |       -2453.04   |         8.7779   |   08:10:48   |   01:39:13   |
9983        |       -2445.98   |       -2455.91   |        9.93575   |   08:11:04   |   01:39:13   |
9984        |       -2449.68   |       -2459.59   |        9.91101   |   08:11:20   |   01:39:12   |
9985        |       -2450.85   |       -2460.59   |        9.74252   |   08:11:36   |   01:39:12   |
9986        |       -2448.34   |       -2457.68   |        9.33345   |   08:11:52   |   01:39:12   |
9987        |        -2450.1   |       -2459.42   |        9.31821   |   08:12:08   |   01:39:11   |
9988        |        -2450.3   |       -2459.51   |        9.21174   |   08:12:24   |   01:39:11   |
9989        |       -2447.08   |       -2455.94   |        8.86183   |   08:12:40   |   01:39:11   |
9990        |       -2448.25   |       -2457.77   |        9.51942   |   08:12:57   |   01:39:10   |
9991        |       -2445.81   |       -2455.22   |         9.4043   |   08:15:30   |   01:39:38   |
9992        |       -2450.38   |       -2457.55   |        7.17275   |   08:15:46   |   01:39:37   |
9993        |       -2452.71   |       -2460.22   |        7.50847   |   08:16:02   |   01:39:37   |
9994        |       -2451.67   |       -2459.19   |        7.52031   |   08:16:18   |   01:39:37   |
9995        |       -2451.28   |       -2458.79   |        7.51532   |   08:16:34   |   01:39:36   |
9996        |       -2446.06   |       -2454.56   |        8.49984   |   08:16:50   |   01:39:36   |
9997        |       -2445.11   |       -2453.62   |        8.50539   |   08:17:06   |   01:39:35   |
9998        |       -2445.58   |       -2456.04   |        10.4575   |   08:17:23   |   01:39:35   |
9999        |       -2443.96   |       -2454.16   |        10.2006   |   08:17:39   |   01:39:35   |


Iter        |      Posterior   |     Likelihood   |          Prior   |    elapsed   |        ETA   |
----------------------------------------------------------------------------------------------------
10000       |       -2444.84   |       -2454.01   |        9.16275   |   08:17:55   |   01:39:35   |
10001       |       -2443.49   |       -2452.38   |        8.88865   |   08:20:28   |   01:40:01   |
10002       |        -2443.4   |       -2452.29   |        8.89055   |   08:20:44   |   01:40:01   |
10003       |       -2445.03   |       -2453.81   |        8.77707   |   08:21:00   |   01:40:01   |
10004       |       -2445.28   |       -2454.66   |        9.38067   |   08:21:16   |   01:40:00   |
10005       |       -2444.55   |       -2453.93   |         9.3801   |   08:21:32   |   01:40:00   |
10006       |       -2445.29   |       -2454.67   |         9.3754   |   08:21:48   |   01:39:59   |
10007       |       -2443.95   |       -2453.26   |        9.30722   |   08:22:05   |   01:39:59   |
10008       |       -2444.36   |       -2453.66   |        9.30259   |   08:22:21   |   01:39:59   |
10009       |       -2445.57   |       -2454.89   |        9.32011   |   08:22:37   |   01:39:58   |
10010       |       -2447.69   |       -2458.79   |        11.1003   |   08:22:53   |   01:39:58   |
10011       |       -2449.01   |        -2460.1   |        11.0903   |   08:25:26   |   01:40:25   |
10012       |       -2447.94   |       -2459.05   |         11.103   |   08:25:42   |   01:40:24   |
10013       |       -2444.25   |       -2454.35   |        10.1004   |   08:25:58   |   01:40:24   |
10014       |       -2445.85   |       -2454.71   |        8.85568   |   08:26:14   |   01:40:23   |
10015       |       -2443.94   |       -2452.11   |        8.16562   |   08:26:30   |   01:40:23   |
10016       |       -2445.79   |          -2454   |        8.20918   |   08:26:46   |   01:40:22   |
10017       |       -2445.85   |       -2454.07   |        8.21909   |   08:27:02   |   01:40:22   |
10018       |       -2443.64   |       -2451.87   |        8.22698   |   08:27:18   |   01:40:21   |
10019       |       -2443.49   |       -2452.22   |        8.72831   |   08:27:34   |   01:40:21   |


Iter        |      Posterior   |     Likelihood   |          Prior   |    elapsed   |        ETA   |
----------------------------------------------------------------------------------------------------
10020       |       -2441.82   |       -2450.54   |        8.72547   |   08:27:50   |   01:40:21   |
10021       |       -2442.42   |       -2451.15   |        8.72401   |   08:30:24   |   01:40:47   |
10022       |       -2443.51   |       -2452.23   |        8.71576   |   08:30:41   |   01:40:47   |
10023       |       -2443.51   |       -2452.23   |        8.71576   |   08:30:57   |   01:40:46   |
10024       |       -2442.43   |       -2451.15   |        8.72447   |   08:31:13   |   01:40:46   |
10025       |       -2445.97   |       -2455.19   |        9.22585   |   08:31:29   |   01:40:45   |
10026       |       -2442.21   |       -2450.81   |        8.59611   |   08:31:45   |   01:40:45   |
10027       |       -2444.33   |       -2452.91   |        8.57541   |   08:32:01   |   01:40:44   |
10028       |       -2444.07   |       -2452.64   |        8.57713   |   08:32:17   |   01:40:44   |
10029       |       -2444.07   |       -2452.64   |        8.57713   |   08:32:33   |   01:40:43   |
10030       |       -2442.93   |       -2451.74   |        8.80656   |   08:32:49   |   01:40:43   |
10031       |       -2443.76   |       -2452.27   |        8.50982   |   08:35:23   |   01:41:09   |
10032       |       -2446.32   |       -2456.04   |        9.71846   |   08:35:39   |   01:41:09   |
10033       |       -2443.48   |        -2453.1   |        9.61752   |   08:35:55   |   01:41:08   |
10034       |       -2445.53   |       -2455.14   |        9.60474   |   08:36:11   |   01:41:08   |
10035       |       -2445.53   |       -2455.14   |        9.60474   |   08:36:27   |   01:41:07   |
10036       |       -2445.63   |        -2455.6   |        9.97063   |   08:36:43   |   01:41:07   |
10037       |       -2443.24   |       -2453.12   |        9.87442   |   08:36:59   |   01:41:06   |
10038       |       -2443.21   |       -2453.58   |         10.378   |   08:37:15   |   01:41:06   |
10039       |       -2446.66   |       -2456.81   |        10.1492   |   08:37:31   |   01:41:05   |


Iter        |      Posterior   |     Likelihood   |          Prior   |    elapsed   |        ETA   |
----------------------------------------------------------------------------------------------------
10040       |       -2449.27   |       -2459.42   |        10.1475   |   08:37:47   |   01:41:04   |
10041       |       -2447.05   |       -2457.45   |        10.3981   |   08:40:21   |   01:41:31   |
10042       |       -2447.05   |       -2457.45   |        10.3981   |   08:40:37   |   01:41:30   |
10043       |       -2448.25   |       -2458.11   |        9.86541   |   08:40:53   |   01:41:30   |
10044       |       -2448.17   |       -2458.05   |        9.87075   |   08:41:09   |   01:41:29   |
10045       |       -2445.12   |          -2455   |        9.88046   |   08:41:25   |   01:41:28   |
10046       |       -2446.43   |       -2456.14   |        9.71149   |   08:41:41   |   01:41:28   |
10047       |       -2444.91   |       -2454.22   |        9.30584   |   08:41:57   |   01:41:27   |
10048       |       -2443.27   |       -2452.35   |        9.07747   |   08:42:13   |   01:41:26   |
10049       |       -2442.88   |       -2451.91   |        9.03543   |   08:42:29   |   01:41:26   |
10050       |       -2443.48   |       -2451.77   |        8.28678   |   08:42:45   |   01:41:25   |
10051       |       -2442.98   |       -2451.41   |        8.43054   |   08:45:19   |   01:41:51   |
10052       |       -2444.06   |       -2452.48   |        8.41788   |   08:45:35   |   01:41:51   |
10053       |       -2444.38   |       -2453.43   |        9.05203   |   08:45:51   |   01:41:50   |
10054       |       -2444.66   |       -2453.73   |         9.0708   |   08:46:07   |   01:41:49   |
10055       |       -2444.35   |       -2453.93   |        9.58147   |   08:46:23   |   01:41:49   |
10056       |       -2443.56   |       -2453.14   |        9.58413   |   08:46:39   |   01:41:48   |
10057       |       -2443.09   |       -2452.68   |        9.59129   |   08:46:55   |   01:41:47   |
10058       |       -2443.42   |       -2453.01   |        9.58678   |   08:47:11   |   01:41:47   |
10059       |       -2443.39   |       -2454.08   |        10.6868   |   08:47:27   |   01:41:46   |


Iter        |      Posterior   |     Likelihood   |          Prior   |    elapsed   |        ETA   |
----------------------------------------------------------------------------------------------------
10060       |       -2443.85   |        -2454.7   |        10.8449   |   08:47:43   |   01:41:45   |
10061       |       -2447.61   |       -2458.43   |        10.8199   |   08:50:17   |   01:42:11   |
10062       |       -2447.26   |       -2458.04   |        10.7792   |   08:50:33   |   01:42:11   |
10063       |       -2444.82   |       -2455.57   |        10.7472   |   08:50:49   |   01:42:10   |
10064       |       -2446.34   |       -2455.66   |         9.3245   |   08:51:05   |   01:42:09   |
10065       |       -2445.92   |       -2455.26   |        9.33783   |   08:51:21   |   01:42:09   |
10066       |       -2445.81   |       -2455.14   |        9.32474   |   08:51:37   |   01:42:08   |
10067       |       -2450.42   |       -2459.43   |        9.00876   |   08:51:53   |   01:42:07   |
10068       |       -2448.89   |       -2457.92   |        9.02684   |   08:52:09   |   01:42:07   |
10069       |       -2448.89   |       -2457.92   |        9.02684   |   08:52:25   |   01:42:06   |
10070       |       -2442.96   |       -2452.82   |        9.86478   |   08:52:41   |   01:42:05   |
10071       |       -2444.99   |       -2454.89   |        9.89809   |   08:55:15   |   01:42:31   |
10072       |       -2443.71   |       -2453.61   |        9.89743   |   08:55:31   |   01:42:30   |
10073       |       -2443.89   |       -2453.52   |          9.637   |   08:55:47   |   01:42:29   |
10074       |       -2444.43   |       -2454.02   |        9.59104   |   08:56:03   |   01:42:29   |
10075       |       -2444.51   |        -2454.1   |        9.58478   |   08:56:19   |   01:42:28   |
10076       |       -2444.51   |        -2454.1   |        9.58478   |   08:56:36   |   01:42:27   |
10077       |       -2444.02   |       -2453.05   |        9.02542   |   08:56:52   |   01:42:27   |
10078       |       -2445.01   |       -2453.69   |        8.67863   |   08:57:08   |   01:42:26   |
10079       |        -2443.7   |       -2452.38   |        8.67569   |   08:57:24   |   01:42:25   |


Iter        |      Posterior   |     Likelihood   |          Prior   |    elapsed   |        ETA   |
----------------------------------------------------------------------------------------------------
10080       |        -2443.5   |       -2452.17   |         8.6721   |   08:57:40   |   01:42:24   |
10081       |       -2443.87   |       -2452.54   |        8.67078   |   09:00:13   |   01:42:50   |
10082       |       -2443.33   |       -2452.02   |        8.68788   |   09:00:29   |   01:42:49   |
10083       |       -2445.23   |       -2454.85   |         9.6171   |   09:00:45   |   01:42:48   |
10084       |       -2444.58   |        -2454.2   |        9.62226   |   09:01:02   |   01:42:47   |
10085       |       -2445.61   |       -2455.23   |        9.61888   |   09:01:18   |   01:42:47   |
10086       |       -2445.64   |       -2455.62   |        9.97782   |   09:01:34   |   01:42:46   |
10087       |       -2446.47   |       -2456.43   |        9.96032   |   09:01:50   |   01:42:45   |
10088       |       -2446.96   |       -2457.18   |        10.2122   |   09:02:06   |   01:42:44   |
10089       |       -2447.21   |       -2457.43   |        10.2107   |   09:02:22   |   01:42:43   |
10090       |       -2447.51   |       -2457.75   |        10.2399   |   09:02:38   |   01:42:43   |
10091       |       -2447.68   |       -2458.51   |        10.8272   |   09:05:11   |   01:43:08   |
10092       |        -2445.9   |       -2456.75   |        10.8533   |   09:05:27   |   01:43:07   |
10093       |       -2446.25   |       -2456.99   |        10.7478   |   09:05:43   |   01:43:06   |
10094       |       -2446.33   |       -2456.12   |        9.79189   |   09:05:59   |   01:43:05   |
10095       |       -2444.55   |       -2454.32   |        9.76462   |   09:06:16   |   01:43:05   |
10096       |       -2446.74   |       -2457.43   |         10.684   |   09:06:32   |   01:43:04   |
10097       |       -2444.85   |        -2455.3   |        10.4482   |   09:06:48   |   01:43:03   |
10098       |       -2447.54   |       -2457.98   |        10.4369   |   09:07:04   |   01:43:02   |
10099       |       -2446.26   |        -2456.7   |        10.4427   |   09:07:20   |   01:43:01   |


Iter        |      Posterior   |     Likelihood   |          Prior   |    elapsed   |        ETA   |
----------------------------------------------------------------------------------------------------
10100       |       -2446.41   |       -2456.83   |        10.4285   |   09:07:36   |   01:43:00   |
10101       |       -2446.17   |        -2456.6   |        10.4269   |   09:10:09   |   01:43:25   |
10102       |       -2446.17   |        -2456.6   |        10.4269   |   09:10:25   |   01:43:24   |
10103       |        -2445.4   |       -2455.85   |        10.4471   |   09:10:41   |   01:43:23   |
10104       |       -2444.07   |       -2454.53   |        10.4669   |   09:10:57   |   01:43:23   |
10105       |       -2443.77   |       -2454.26   |        10.4965   |   09:11:13   |   01:43:22   |
10106       |       -2442.89   |        -2453.2   |        10.3077   |   09:11:29   |   01:43:21   |
10107       |       -2442.14   |       -2452.23   |        10.0965   |   09:11:45   |   01:43:20   |
10108       |        -2444.8   |       -2454.16   |        9.35342   |   09:12:01   |   01:43:19   |
10109       |       -2443.21   |       -2452.96   |        9.75319   |   09:12:18   |   01:43:18   |
10110       |        -2442.3   |       -2452.06   |        9.75891   |   09:12:34   |   01:43:17   |
10111       |       -2442.49   |       -2452.48   |        9.98813   |   09:15:07   |   01:43:42   |
10112       |       -2444.14   |       -2453.46   |        9.31944   |   09:15:23   |   01:43:41   |
10113       |       -2444.14   |       -2453.46   |        9.31944   |   09:15:39   |   01:43:40   |
10114       |        -2443.1   |        -2453.4   |         10.301   |   09:15:55   |   01:43:39   |
10115       |       -2443.78   |       -2454.06   |        10.2825   |   09:16:11   |   01:43:38   |
10116       |       -2445.21   |       -2455.48   |        10.2709   |   09:16:27   |   01:43:37   |
10117       |       -2444.59   |       -2454.87   |        10.2741   |   09:16:43   |   01:43:37   |
10118       |       -2447.41   |       -2457.49   |        10.0758   |   09:16:59   |   01:43:36   |
10119       |       -2445.55   |       -2455.65   |        10.1018   |   09:17:15   |   01:43:35   |


Iter        |      Posterior   |     Likelihood   |          Prior   |    elapsed   |        ETA   |
----------------------------------------------------------------------------------------------------
10120       |       -2445.58   |        -2455.6   |        10.0196   |   09:17:31   |   01:43:34   |
10121       |       -2445.15   |       -2455.19   |        10.0342   |   09:20:05   |   01:43:58   |
10122       |       -2446.82   |       -2456.83   |        10.0141   |   09:20:21   |   01:43:57   |
10123       |       -2446.71   |        -2456.8   |        10.0899   |   09:20:37   |   01:43:56   |
10124       |       -2446.71   |        -2456.8   |        10.0899   |   09:20:53   |   01:43:55   |
10125       |       -2446.71   |        -2456.8   |        10.0899   |   09:21:09   |   01:43:55   |
10126       |       -2444.37   |       -2454.47   |        10.1007   |   09:21:25   |   01:43:54   |
10127       |       -2445.26   |       -2454.31   |        9.05506   |   09:21:42   |   01:43:53   |
10128       |       -2445.59   |        -2454.7   |        9.10809   |   09:21:58   |   01:43:52   |
10129       |       -2448.62   |       -2457.73   |        9.11123   |   09:22:14   |   01:43:51   |
10130       |       -2447.24   |       -2456.34   |        9.09803   |   09:22:30   |   01:43:50   |
10131       |       -2450.44   |       -2459.54   |        9.10301   |   09:25:03   |   01:44:14   |
10132       |       -2444.46   |        -2454.9   |        10.4393   |   09:25:19   |   01:44:13   |
10133       |       -2446.09   |       -2456.63   |        10.5425   |   09:25:35   |   01:44:12   |
10134       |       -2444.81   |       -2455.35   |        10.5409   |   09:25:51   |   01:44:11   |
10135       |       -2446.24   |       -2456.77   |         10.534   |   09:26:07   |   01:44:10   |
10136       |       -2447.19   |        -2457.8   |        10.6113   |   09:26:23   |   01:44:09   |
10137       |       -2447.45   |       -2457.32   |        9.86678   |   09:26:39   |   01:44:08   |
10138       |       -2444.74   |       -2453.68   |        8.94354   |   09:26:55   |   01:44:07   |
10139       |       -2444.42   |       -2453.37   |        8.95006   |   09:27:11   |   01:44:06   |


Iter        |      Posterior   |     Likelihood   |          Prior   |    elapsed   |        ETA   |
----------------------------------------------------------------------------------------------------
10140       |       -2446.11   |       -2455.04   |        8.93701   |   09:27:27   |   01:44:05   |
10141       |       -2446.11   |       -2455.04   |        8.93701   |   09:30:01   |   01:44:29   |
10142       |       -2447.94   |       -2456.87   |        8.92085   |   09:30:17   |   01:44:28   |
10143       |       -2446.24   |       -2455.18   |        8.93829   |   09:30:33   |   01:44:27   |
10144       |       -2444.49   |       -2453.44   |        8.94802   |   09:30:49   |   01:44:26   |
10145       |       -2445.27   |          -2454   |        8.73138   |   09:31:05   |   01:44:25   |
10146       |       -2447.59   |        -2455.7   |        8.10536   |   09:31:21   |   01:44:24   |
10147       |        -2444.4   |       -2452.77   |        8.36979   |   09:31:37   |   01:44:23   |
10148       |       -2446.75   |       -2454.78   |        8.03357   |   09:31:53   |   01:44:22   |
10149       |       -2450.08   |       -2458.15   |        8.06402   |   09:32:09   |   01:44:21   |
10150       |       -2446.29   |       -2452.81   |        6.52494   |   09:32:25   |   01:44:19   |
10151       |       -2447.35   |       -2453.88   |        6.52595   |   09:34:59   |   01:44:43   |
10152       |       -2445.76   |       -2453.44   |        7.67553   |   09:35:15   |   01:44:42   |
10153       |       -2449.43   |        -2457.1   |        7.66962   |   09:35:31   |   01:44:41   |
10154       |       -2448.24   |        -2455.9   |        7.65913   |   09:35:47   |   01:44:40   |
10155       |       -2447.12   |        -2452.1   |        4.98554   |   09:36:03   |   01:44:39   |
10156       |       -2447.97   |       -2452.96   |        4.98312   |   09:36:19   |   01:44:38   |
10157       |       -2446.23   |       -2452.06   |        5.82169   |   09:36:35   |   01:44:37   |
10158       |          -2445   |       -2450.13   |        5.12452   |   09:36:51   |   01:44:36   |
10159       |       -2444.86   |       -2450.04   |        5.18456   |   09:37:07   |   01:44:35   |


Iter        |      Posterior   |     Likelihood   |          Prior   |    elapsed   |        ETA   |
----------------------------------------------------------------------------------------------------
10160       |       -2445.57   |       -2450.53   |        4.96578   |   09:37:23   |   01:44:33   |
10161       |       -2446.12   |       -2450.97   |         4.8466   |   09:39:56   |   01:44:57   |
10162       |        -2451.5   |       -2456.22   |        4.72527   |   09:40:12   |   01:44:56   |
10163       |        -2451.5   |       -2456.22   |        4.72527   |   09:40:28   |   01:44:55   |
10164       |       -2446.75   |       -2451.74   |        4.99633   |   09:40:44   |   01:44:54   |
10165       |       -2449.94   |       -2454.92   |        4.98084   |   09:41:00   |   01:44:52   |
10166       |       -2446.31   |       -2455.06   |        8.74911   |   09:41:16   |   01:44:51   |
10167       |       -2449.26   |       -2459.11   |        9.84975   |   09:41:32   |   01:44:50   |
10168       |       -2450.18   |       -2460.13   |        9.95103   |   09:41:48   |   01:44:49   |
10169       |       -2448.08   |       -2457.71   |        9.62469   |   09:42:05   |   01:44:48   |
10170       |       -2446.78   |       -2456.41   |         9.6343   |   09:42:21   |   01:44:47   |
10171       |       -2445.99   |       -2457.16   |        11.1682   |   09:44:54   |   01:45:10   |
10172       |       -2446.96   |       -2458.12   |        11.1617   |   09:45:10   |   01:45:09   |
10173       |       -2444.71   |       -2455.88   |        11.1763   |   09:45:26   |   01:45:08   |
10174       |       -2443.92   |       -2455.22   |         11.304   |   09:45:42   |   01:45:07   |
10175       |          -2444   |        -2455.3   |         11.303   |   09:45:58   |   01:45:05   |
10176       |       -2445.07   |       -2456.25   |        11.1844   |   09:46:14   |   01:45:04   |
10177       |       -2445.02   |       -2455.86   |        10.8454   |   09:46:30   |   01:45:03   |
10178       |       -2442.95   |       -2452.96   |        10.0129   |   09:46:46   |   01:45:02   |
10179       |       -2442.56   |       -2451.58   |        9.01751   |   09:47:02   |   01:45:01   |


Iter        |      Posterior   |     Likelihood   |          Prior   |    elapsed   |        ETA   |
----------------------------------------------------------------------------------------------------
10180       |        -2443.4   |       -2453.09   |        9.69419   |   09:47:18   |   01:44:59   |
10181       |       -2446.05   |       -2455.65   |        9.60444   |   09:49:52   |   01:45:23   |
10182       |       -2444.21   |       -2453.96   |        9.75174   |   09:50:08   |   01:45:22   |
10183       |       -2445.96   |       -2455.25   |        9.29744   |   09:50:24   |   01:45:20   |
10184       |       -2443.32   |       -2452.68   |        9.36402   |   09:50:40   |   01:45:19   |
10185       |       -2445.61   |       -2454.68   |         9.0709   |   09:50:56   |   01:45:18   |
10186       |       -2445.96   |       -2455.16   |        9.19125   |   09:51:12   |   01:45:17   |
10187       |       -2446.01   |       -2456.25   |        10.2322   |   09:51:29   |   01:45:16   |
10188       |       -2447.65   |        -2456.7   |        9.04819   |   09:51:45   |   01:45:14   |
10189       |        -2447.8   |       -2456.85   |        9.04869   |   09:52:01   |   01:45:13   |
10190       |       -2446.02   |       -2455.06   |        9.03851   |   09:52:17   |   01:45:12   |
10191       |       -2445.86   |        -2454.9   |        9.03938   |   09:54:50   |   01:45:35   |
10192       |       -2444.63   |       -2453.68   |        9.04386   |   09:55:06   |   01:45:34   |
10193       |       -2447.26   |       -2456.23   |        8.96979   |   09:55:22   |   01:45:32   |
10194       |       -2445.03   |       -2454.42   |        9.39134   |   09:55:38   |   01:45:31   |
10195       |        -2443.8   |       -2453.23   |        9.42814   |   09:55:54   |   01:45:30   |
10196       |       -2443.71   |       -2453.14   |        9.42885   |   09:56:11   |   01:45:29   |
10197       |       -2446.11   |        -2454.8   |        8.69044   |   09:56:27   |   01:45:27   |
10198       |       -2444.57   |       -2453.25   |        8.67637   |   09:56:43   |   01:45:26   |
10199       |       -2444.57   |       -2453.25   |        8.67637   |   09:56:59   |   01:45:25   |


Iter        |      Posterior   |     Likelihood   |          Prior   |    elapsed   |        ETA   |
----------------------------------------------------------------------------------------------------
10200       |       -2443.64   |       -2453.55   |        9.90673   |   09:57:15   |   01:45:23   |
10201       |       -2445.45   |       -2455.35   |        9.90265   |   09:59:48   |   01:45:46   |
10202       |       -2445.37   |       -2455.61   |        10.2356   |   10:00:04   |   01:45:45   |
10203       |       -2448.51   |       -2459.74   |        11.2383   |   10:00:20   |   01:45:44   |
10204       |       -2447.61   |       -2458.86   |        11.2508   |   10:00:36   |   01:45:42   |
10205       |       -2446.65   |       -2457.91   |        11.2585   |   10:00:52   |   01:45:41   |
10206       |       -2445.58   |       -2456.49   |        10.9103   |   10:01:08   |   01:45:39   |
10207       |       -2445.58   |       -2456.49   |        10.9103   |   10:01:25   |   01:45:38   |
10208       |       -2445.47   |       -2456.52   |        11.0515   |   10:01:41   |   01:45:37   |
10209       |       -2446.25   |        -2457.3   |        11.0488   |   10:01:57   |   01:45:36   |
10210       |       -2446.21   |       -2457.26   |        11.0483   |   10:02:13   |   01:45:34   |
10211       |       -2445.47   |       -2455.83   |        10.3619   |   10:04:47   |   01:45:57   |
10212       |       -2447.22   |       -2457.47   |        10.2472   |   10:05:03   |   01:45:56   |
10213       |       -2447.08   |       -2457.56   |        10.4808   |   10:05:19   |   01:45:54   |
10214       |       -2446.45   |       -2456.82   |         10.379   |   10:05:35   |   01:45:53   |
10215       |       -2444.53   |        -2454.8   |        10.2705   |   10:05:51   |   01:45:52   |
10216       |       -2443.21   |       -2453.49   |         10.278   |   10:06:07   |   01:45:50   |
10217       |       -2445.03   |       -2455.32   |        10.2917   |   10:06:23   |   01:45:49   |
10218       |       -2444.58   |       -2454.87   |        10.2914   |   10:06:39   |   01:45:47   |
10219       |       -2443.87   |       -2454.18   |        10.3135   |   10:06:55   |   01:45:46   |


Iter        |      Posterior   |     Likelihood   |          Prior   |    elapsed   |        ETA   |
----------------------------------------------------------------------------------------------------
10220       |       -2444.12   |       -2453.34   |        9.21594   |   10:07:11   |   01:45:45   |
10221       |       -2444.18   |        -2453.4   |        9.22302   |   10:09:44   |   01:46:07   |
10222       |       -2445.18   |       -2454.35   |         9.1707   |   10:10:01   |   01:46:06   |
10223       |       -2443.79   |       -2452.96   |        9.16419   |   10:10:17   |   01:46:04   |
10224       |       -2443.45   |       -2453.11   |        9.66455   |   10:10:33   |   01:46:03   |
10225       |       -2447.36   |       -2457.29   |        9.93816   |   10:10:49   |   01:46:02   |
10226       |       -2450.25   |       -2461.03   |        10.7765   |   10:11:05   |   01:46:00   |
10227       |       -2445.66   |       -2454.86   |        9.20392   |   10:11:21   |   01:45:59   |
10228       |        -2445.3   |       -2454.49   |        9.19045   |   10:11:37   |   01:45:57   |
10229       |       -2443.69   |       -2451.16   |        7.47627   |   10:11:53   |   01:45:56   |
10230       |       -2445.26   |       -2452.47   |        7.20525   |   10:12:09   |   01:45:54   |
10231       |       -2448.46   |       -2456.15   |        7.68541   |   10:14:42   |   01:46:17   |
10232       |        -2447.7   |       -2456.22   |        8.52112   |   10:14:58   |   01:46:15   |
10233       |       -2447.17   |       -2455.72   |        8.54683   |   10:15:14   |   01:46:14   |
10234       |       -2447.25   |       -2455.97   |        8.72661   |   10:15:31   |   01:46:12   |
10235       |       -2443.92   |       -2452.73   |        8.80707   |   10:15:47   |   01:46:11   |
10236       |       -2443.12   |       -2452.73   |        9.61423   |   10:16:03   |   01:46:09   |
10237       |       -2442.63   |        -2451.9   |        9.27017   |   10:16:19   |   01:46:08   |
10238       |        -2442.7   |       -2451.97   |        9.27028   |   10:16:35   |   01:46:06   |
10239       |       -2442.72   |       -2451.99   |        9.26926   |   10:16:51   |   01:46:05   |


Iter        |      Posterior   |     Likelihood   |          Prior   |    elapsed   |        ETA   |
----------------------------------------------------------------------------------------------------
10240       |       -2443.62   |       -2452.65   |         9.0297   |   10:17:07   |   01:46:04   |
10241       |       -2444.11   |       -2451.93   |        7.81905   |   10:19:40   |   01:46:26   |
10242       |       -2443.31   |       -2451.13   |         7.8212   |   10:19:56   |   01:46:24   |
10243       |       -2445.39   |       -2454.03   |        8.64077   |   10:20:12   |   01:46:23   |
10244       |       -2447.83   |       -2456.45   |         8.6235   |   10:20:28   |   01:46:21   |
10245       |       -2445.28   |       -2453.86   |          8.584   |   10:20:44   |   01:46:20   |
10246       |       -2446.29   |       -2455.04   |        8.74796   |   10:21:01   |   01:46:18   |
10247       |       -2446.35   |        -2455.1   |        8.75319   |   10:21:17   |   01:46:17   |
10248       |       -2446.38   |       -2455.44   |        9.06503   |   10:21:33   |   01:46:15   |
10249       |       -2450.45   |       -2459.49   |        9.03892   |   10:21:49   |   01:46:14   |
10250       |       -2450.54   |       -2459.95   |         9.4123   |   10:22:05   |   01:46:12   |
10251       |       -2452.19   |        -2463.3   |        11.1076   |   10:24:38   |   01:46:34   |
10252       |       -2454.26   |       -2465.16   |        10.9095   |   10:24:54   |   01:46:32   |
10253       |       -2452.53   |       -2463.42   |        10.8967   |   10:25:10   |   01:46:31   |
10254       |       -2449.02   |       -2459.87   |        10.8492   |   10:25:26   |   01:46:29   |
10255       |       -2450.13   |       -2460.34   |        10.2025   |   10:25:42   |   01:46:28   |
10256       |       -2449.23   |       -2459.44   |        10.2162   |   10:25:58   |   01:46:26   |
10257       |       -2447.11   |       -2456.04   |        8.92712   |   10:26:14   |   01:46:25   |
10258       |       -2445.37   |       -2454.98   |        9.60844   |   10:26:30   |   01:46:23   |
10259       |       -2445.37   |       -2454.98   |        9.60844   |   10:26:46   |   01:46:21   |


Iter        |      Posterior   |     Likelihood   |          Prior   |    elapsed   |        ETA   |
----------------------------------------------------------------------------------------------------
10260       |       -2446.32   |       -2456.65   |        10.3295   |   10:27:02   |   01:46:20   |
10261       |       -2445.49   |       -2455.85   |        10.3554   |   10:29:36   |   01:46:42   |
10262       |       -2446.18   |       -2456.53   |        10.3516   |   10:29:52   |   01:46:40   |
10263       |       -2446.46   |       -2456.63   |        10.1762   |   10:30:08   |   01:46:38   |
10264       |       -2447.53   |       -2457.64   |         10.111   |   10:30:24   |   01:46:37   |
10265       |        -2445.7   |       -2455.27   |        9.57841   |   10:30:40   |   01:46:35   |
10266       |       -2445.28   |       -2454.48   |          9.199   |   10:30:56   |   01:46:34   |
10267       |       -2446.15   |       -2456.26   |        10.1078   |   10:31:13   |   01:46:32   |
10268       |       -2446.58   |       -2456.69   |        10.1065   |   10:31:29   |   01:46:31   |
10269       |       -2445.06   |       -2456.03   |        10.9667   |   10:31:45   |   01:46:29   |
10270       |       -2444.85   |       -2455.82   |        10.9699   |   10:32:01   |   01:46:27   |
10271       |       -2445.27   |       -2456.07   |        10.8043   |   10:34:34   |   01:46:49   |
10272       |        -2444.1   |       -2455.06   |        10.9624   |   10:34:50   |   01:46:47   |
10273       |       -2444.52   |       -2454.52   |         9.9995   |   10:35:06   |   01:46:46   |
10274       |       -2444.53   |       -2456.05   |        11.5121   |   10:35:22   |   01:46:44   |
10275       |       -2443.99   |       -2455.38   |        11.3821   |   10:35:38   |   01:46:42   |
10276       |       -2444.02   |          -2455   |        10.9807   |   10:35:54   |   01:46:41   |
10277       |        -2444.9   |       -2455.87   |        10.9767   |   10:36:10   |   01:46:39   |
10278       |       -2444.89   |       -2455.86   |        10.9688   |   10:36:26   |   01:46:37   |
10279       |       -2445.41   |       -2456.54   |        11.1237   |   10:36:43   |   01:46:36   |


Iter        |      Posterior   |     Likelihood   |          Prior   |    elapsed   |        ETA   |
----------------------------------------------------------------------------------------------------
10280       |       -2444.05   |       -2455.16   |        11.1159   |   10:36:59   |   01:46:34   |
10281       |       -2444.17   |       -2455.28   |        11.1059   |   10:39:32   |   01:46:55   |
10282       |       -2445.08   |       -2454.91   |        9.83106   |   10:39:49   |   01:46:54   |
10283       |       -2445.39   |       -2455.21   |        9.82587   |   10:40:05   |   01:46:52   |
10284       |       -2445.17   |       -2455.33   |        10.1619   |   10:40:21   |   01:46:50   |
10285       |       -2445.08   |       -2455.24   |        10.1558   |   10:40:37   |   01:46:49   |
10286       |        -2443.7   |       -2453.93   |        10.2239   |   10:40:53   |   01:46:47   |
10287       |       -2443.03   |       -2453.27   |         10.232   |   10:41:09   |   01:46:45   |
10288       |       -2444.52   |       -2454.91   |        10.3891   |   10:41:25   |   01:46:44   |
10289       |       -2443.23   |       -2453.61   |        10.3873   |   10:41:41   |   01:46:42   |
10290       |       -2444.14   |       -2453.61   |        9.47348   |   10:41:57   |   01:46:40   |
10291       |       -2444.85   |       -2454.28   |        9.42352   |   10:44:30   |   01:47:01   |
10292       |       -2443.12   |       -2453.03   |        9.90741   |   10:44:46   |   01:47:00   |
10293       |       -2445.38   |       -2455.06   |        9.67609   |   10:45:02   |   01:46:58   |
10294       |       -2445.54   |       -2455.23   |        9.68687   |   10:45:19   |   01:46:56   |
10295       |       -2446.39   |       -2456.08   |        9.69504   |   10:45:35   |   01:46:55   |
10296       |       -2444.88   |       -2454.56   |        9.68714   |   10:45:51   |   01:46:53   |
10297       |       -2444.65   |       -2454.35   |        9.69883   |   10:46:07   |   01:46:51   |
10298       |       -2443.44   |       -2454.15   |        10.7125   |   10:46:23   |   01:46:49   |
10299       |       -2442.69   |       -2453.42   |        10.7259   |   10:46:39   |   01:46:48   |


Iter        |      Posterior   |     Likelihood   |          Prior   |    elapsed   |        ETA   |
----------------------------------------------------------------------------------------------------
10300       |       -2442.69   |       -2453.42   |        10.7259   |   10:46:55   |   01:46:46   |
10301       |       -2444.96   |       -2455.54   |        10.5835   |   10:49:28   |   01:47:07   |
10302       |       -2445.44   |       -2456.02   |        10.5855   |   10:49:44   |   01:47:05   |
10303       |       -2450.33   |       -2460.89   |         10.563   |   10:50:00   |   01:47:03   |
10304       |       -2450.98   |       -2461.54   |        10.5622   |   10:50:16   |   01:47:01   |
10305       |       -2447.27   |       -2457.39   |         10.121   |   10:50:33   |   01:47:00   |
10306       |       -2446.76   |       -2456.05   |        9.29697   |   10:50:49   |   01:46:58   |
10307       |       -2445.01   |       -2454.32   |        9.31169   |   10:51:05   |   01:46:56   |
10308       |       -2443.99   |       -2453.31   |        9.31885   |   10:51:21   |   01:46:54   |
10309       |       -2443.31   |       -2452.39   |        9.07899   |   10:51:37   |   01:46:53   |
10310       |       -2449.14   |       -2458.19   |         9.0512   |   10:51:53   |   01:46:51   |
10311       |       -2449.11   |       -2458.16   |        9.05136   |   10:54:26   |   01:47:11   |
10312       |       -2449.21   |       -2458.26   |        9.05136   |   10:54:42   |   01:47:10   |
10313       |       -2447.13   |       -2456.92   |        9.78708   |   10:54:58   |   01:47:08   |
10314       |        -2450.6   |       -2460.26   |        9.65326   |   10:55:14   |   01:47:06   |
10315       |       -2446.37   |       -2456.06   |         9.6898   |   10:55:30   |   01:47:04   |
10316       |       -2445.72   |        -2455.6   |        9.87759   |   10:55:46   |   01:47:02   |
10317       |       -2445.02   |       -2455.04   |        10.0188   |   10:56:02   |   01:47:01   |
10318       |        -2445.3   |       -2455.49   |        10.1978   |   10:56:18   |   01:46:59   |
10319       |       -2445.18   |       -2455.51   |        10.3306   |   10:56:34   |   01:46:57   |


Iter        |      Posterior   |     Likelihood   |          Prior   |    elapsed   |        ETA   |
----------------------------------------------------------------------------------------------------
10320       |       -2448.34   |       -2458.67   |        10.3255   |   10:56:50   |   01:46:55   |
10321       |       -2450.97   |       -2461.28   |        10.3085   |   10:59:24   |   01:47:16   |
10322       |       -2450.46   |       -2460.77   |        10.3093   |   10:59:40   |   01:47:14   |
10323       |       -2450.35   |       -2460.67   |        10.3155   |   10:59:56   |   01:47:12   |
10324       |       -2447.73   |       -2458.81   |        11.0834   |   11:00:12   |   01:47:10   |
10325       |       -2447.37   |       -2458.46   |        11.0893   |   11:00:28   |   01:47:08   |
10326       |       -2445.87   |       -2455.51   |        9.64653   |   11:00:44   |   01:47:06   |
10327       |       -2445.21   |       -2454.94   |        9.73595   |   11:01:00   |   01:47:05   |
10328       |       -2446.17   |       -2455.91   |        9.73951   |   11:01:16   |   01:47:03   |
10329       |       -2446.44   |       -2456.19   |        9.74927   |   11:01:33   |   01:47:01   |
10330       |       -2446.44   |       -2456.19   |        9.74927   |   11:01:49   |   01:46:59   |
10331       |        -2444.2   |       -2454.17   |         9.9683   |   11:04:22   |   01:47:19   |
10332       |       -2444.98   |       -2454.93   |        9.94861   |   11:04:38   |   01:47:17   |
10333       |       -2444.79   |       -2454.85   |        10.0543   |   11:04:54   |   01:47:16   |
10334       |       -2445.12   |       -2455.27   |        10.1427   |   11:05:10   |   01:47:14   |
10335       |       -2445.31   |       -2455.46   |         10.151   |   11:05:26   |   01:47:12   |
10336       |       -2445.73   |       -2455.89   |         10.163   |   11:05:42   |   01:47:10   |
10337       |       -2445.26   |       -2454.78   |        9.52408   |   11:05:58   |   01:47:08   |
10338       |       -2445.66   |       -2456.45   |        10.7925   |   11:06:14   |   01:47:06   |
10339       |       -2451.79   |       -2460.68   |        8.89098   |   11:06:30   |   01:47:04   |


Iter        |      Posterior   |     Likelihood   |          Prior   |    elapsed   |        ETA   |
----------------------------------------------------------------------------------------------------
10340       |       -2449.82   |       -2459.34   |        9.52671   |   11:06:47   |   01:47:02   |
10341       |       -2443.44   |       -2452.84   |        9.39761   |   11:09:20   |   01:47:22   |
10342       |        -2444.3   |       -2453.83   |        9.53271   |   11:09:36   |   01:47:20   |
10343       |       -2443.71   |       -2453.17   |        9.46387   |   11:09:52   |   01:47:18   |
10344       |       -2444.08   |        -2453.5   |        9.42105   |   11:10:08   |   01:47:17   |
10345       |       -2445.15   |       -2454.51   |        9.35745   |   11:10:24   |   01:47:15   |
10346       |       -2443.13   |       -2452.48   |        9.35828   |   11:10:40   |   01:47:13   |
10347       |       -2446.45   |       -2454.02   |        7.57151   |   11:10:56   |   01:47:11   |
10348       |       -2446.45   |       -2454.02   |        7.57151   |   11:11:12   |   01:47:09   |
10349       |       -2442.41   |       -2451.49   |        9.08199   |   11:11:29   |   01:47:07   |
10350       |       -2445.81   |       -2454.86   |        9.05262   |   11:11:45   |   01:47:05   |
10351       |        -2447.6   |       -2457.07   |        9.47679   |   11:14:18   |   01:47:25   |
10352       |       -2451.02   |       -2460.92   |        9.90164   |   11:14:34   |   01:47:23   |
10353       |       -2451.06   |       -2461.99   |        10.9256   |   11:14:50   |   01:47:21   |
10354       |       -2447.88   |       -2456.86   |        8.98354   |   11:15:06   |   01:47:19   |
10355       |       -2445.24   |       -2454.23   |        8.98395   |   11:15:22   |   01:47:17   |
10356       |       -2445.24   |       -2454.23   |        8.98395   |   11:15:38   |   01:47:15   |
10357       |       -2444.25   |       -2453.25   |        9.00071   |   11:15:54   |   01:47:13   |
10358       |       -2444.95   |       -2455.31   |        10.3659   |   11:16:11   |   01:47:11   |
10359       |       -2444.06   |       -2454.43   |        10.3688   |   11:16:27   |   01:47:09   |


Iter        |      Posterior   |     Likelihood   |          Prior   |    elapsed   |        ETA   |
----------------------------------------------------------------------------------------------------
10360       |       -2448.06   |       -2458.42   |        10.3601   |   11:16:43   |   01:47:07   |
10361       |       -2449.39   |       -2459.72   |        10.3316   |   11:19:16   |   01:47:27   |
10362       |        -2448.4   |       -2457.18   |        8.77986   |   11:19:32   |   01:47:25   |
10363       |        -2446.8   |       -2455.58   |        8.78518   |   11:19:48   |   01:47:23   |
10364       |       -2450.96   |       -2459.76   |        8.79096   |   11:20:05   |   01:47:21   |
10365       |       -2450.96   |       -2459.76   |        8.79096   |   11:20:21   |   01:47:19   |
10366       |       -2445.91   |       -2454.72   |        8.80452   |   11:20:37   |   01:47:17   |
10367       |       -2443.52   |       -2452.32   |        8.80956   |   11:20:53   |   01:47:15   |
10368       |       -2445.94   |       -2454.42   |        8.47619   |   11:21:09   |   01:47:13   |
10369       |       -2446.75   |       -2455.23   |         8.4795   |   11:21:25   |   01:47:11   |
10370       |       -2443.15   |       -2453.05   |        9.90556   |   11:21:41   |   01:47:08   |
10371       |       -2444.33   |       -2454.34   |        10.0088   |   11:24:14   |   01:47:28   |
10372       |       -2443.27   |       -2453.26   |        9.99459   |   11:24:30   |   01:47:26   |
10373       |       -2445.18   |       -2455.16   |        9.98191   |   11:24:46   |   01:47:24   |
10374       |       -2446.31   |       -2456.46   |        10.1542   |   11:25:02   |   01:47:22   |
10375       |       -2446.31   |       -2456.46   |        10.1542   |   11:25:18   |   01:47:20   |
10376       |       -2446.32   |       -2457.13   |        10.8007   |   11:25:34   |   01:47:18   |
10377       |       -2445.02   |       -2456.25   |        11.2274   |   11:25:50   |   01:47:16   |
10378       |       -2445.29   |       -2456.54   |        11.2418   |   11:26:06   |   01:47:13   |
10379       |       -2444.84   |       -2455.77   |         10.926   |   11:26:22   |   01:47:11   |


Iter        |      Posterior   |     Likelihood   |          Prior   |    elapsed   |        ETA   |
----------------------------------------------------------------------------------------------------
10380       |       -2442.65   |       -2452.88   |        10.2386   |   11:26:38   |   01:47:09   |
10381       |       -2442.59   |       -2452.83   |        10.2346   |   11:29:12   |   01:47:29   |
10382       |        -2446.2   |       -2456.38   |        10.1844   |   11:29:28   |   01:47:27   |
10383       |       -2443.52   |       -2453.66   |        10.1312   |   11:29:44   |   01:47:24   |
10384       |       -2442.48   |       -2452.01   |        9.52544   |   11:30:00   |   01:47:22   |
10385       |       -2444.43   |       -2453.77   |        9.34058   |   11:30:16   |   01:47:20   |
10386       |        -2444.6   |        -2453.9   |         9.3052   |   11:30:32   |   01:47:18   |
10387       |       -2443.75   |       -2453.24   |        9.49927   |   11:30:48   |   01:47:16   |
10388       |       -2445.95   |       -2455.44   |        9.48818   |   11:31:04   |   01:47:14   |
10389       |       -2447.53   |          -2457   |        9.47693   |   11:31:21   |   01:47:12   |
10390       |       -2446.28   |       -2455.67   |        9.38528   |   11:31:36   |   01:47:10   |
10391       |       -2446.96   |       -2456.35   |        9.39282   |   11:34:10   |   01:47:29   |
10392       |       -2445.61   |       -2455.19   |        9.58342   |   11:34:26   |   01:47:27   |
10393       |       -2443.19   |       -2452.77   |        9.58437   |   11:34:42   |   01:47:25   |
10394       |       -2444.06   |       -2453.64   |        9.58293   |   11:34:58   |   01:47:22   |
10395       |        -2445.5   |       -2455.08   |        9.58293   |   11:35:14   |   01:47:20   |
10396       |       -2445.57   |       -2455.15   |        9.58238   |   11:35:31   |   01:47:18   |
10397       |       -2443.78   |       -2453.37   |        9.58503   |   11:35:47   |   01:47:16   |
10398       |       -2443.27   |       -2452.57   |        9.30339   |   11:36:03   |   01:47:14   |
10399       |       -2445.19   |        -2454.4   |        9.20698   |   11:36:19   |   01:47:12   |


Iter        |      Posterior   |     Likelihood   |          Prior   |    elapsed   |        ETA   |
----------------------------------------------------------------------------------------------------
10400       |       -2444.47   |       -2453.68   |        9.20803   |   11:36:35   |   01:47:10   |
10401       |       -2446.73   |       -2454.86   |        8.12616   |   11:39:08   |   01:47:28   |
10402       |       -2448.61   |       -2456.72   |        8.10465   |   11:39:24   |   01:47:26   |
10403       |       -2445.31   |       -2453.56   |        8.24485   |   11:39:40   |   01:47:24   |
10404       |       -2445.48   |       -2453.71   |        8.23055   |   11:39:57   |   01:47:22   |
10405       |       -2445.42   |       -2452.91   |        7.49325   |   11:40:13   |   01:47:20   |
10406       |       -2444.14   |       -2451.65   |        7.51492   |   11:40:29   |   01:47:18   |
10407       |       -2445.15   |       -2452.58   |        7.42828   |   11:40:45   |   01:47:15   |
10408       |       -2444.17   |       -2451.59   |        7.42541   |   11:41:01   |   01:47:13   |
10409       |       -2447.68   |       -2456.97   |        9.28701   |   11:41:17   |   01:47:11   |
10410       |       -2445.23   |       -2454.53   |         9.3033   |   11:41:33   |   01:47:09   |
10411       |       -2441.89   |        -2451.4   |        9.51133   |   11:44:06   |   01:47:27   |
10412       |       -2444.44   |       -2453.94   |         9.5061   |   11:44:22   |   01:47:25   |
10413       |          -2445   |       -2455.33   |        10.3323   |   11:44:38   |   01:47:23   |
10414       |       -2444.01   |       -2454.33   |        10.3252   |   11:44:54   |   01:47:21   |
10415       |       -2443.38   |       -2453.71   |        10.3312   |   11:45:10   |   01:47:18   |
10416       |       -2444.79   |       -2455.12   |        10.3282   |   11:45:26   |   01:47:16   |
10417       |       -2445.57   |       -2455.87   |        10.3059   |   11:45:42   |   01:47:14   |
10418       |       -2444.71   |       -2454.67   |        9.96917   |   11:45:58   |   01:47:12   |
10419       |       -2450.84   |       -2460.78   |        9.94873   |   11:46:15   |   01:47:10   |


Iter        |      Posterior   |     Likelihood   |          Prior   |    elapsed   |        ETA   |
----------------------------------------------------------------------------------------------------
10420       |       -2447.19   |       -2457.15   |         9.9572   |   11:46:31   |   01:47:07   |
10421       |       -2450.77   |       -2460.71   |        9.93847   |   11:49:04   |   01:47:26   |
10422       |       -2447.85   |        -2458.1   |        10.2576   |   11:49:20   |   01:47:24   |
10423       |       -2446.56   |       -2457.56   |        10.9978   |   11:49:36   |   01:47:21   |
10424       |       -2446.28   |       -2456.55   |        10.2702   |   11:49:52   |   01:47:19   |
10425       |       -2447.42   |       -2457.68   |        10.2579   |   11:50:08   |   01:47:17   |
10426       |       -2447.61   |       -2457.81   |        10.1915   |   11:50:24   |   01:47:14   |
10427       |       -2444.21   |       -2455.57   |        11.3594   |   11:50:40   |   01:47:12   |
10428       |       -2444.86   |       -2456.27   |        11.4072   |   11:50:56   |   01:47:10   |
10429       |       -2448.88   |       -2459.97   |        11.0965   |   11:51:12   |   01:47:08   |
10430       |       -2446.92   |       -2456.76   |        9.84164   |   11:51:28   |   01:47:05   |
10431       |       -2446.57   |        -2456.5   |        9.93761   |   11:54:01   |   01:47:24   |
10432       |       -2445.57   |       -2455.42   |        9.85126   |   11:54:17   |   01:47:21   |
10433       |       -2445.77   |       -2455.61   |        9.84249   |   11:54:33   |   01:47:19   |
10434       |       -2445.45   |       -2455.21   |        9.75613   |   11:54:49   |   01:47:17   |
10435       |        -2442.9   |       -2451.23   |        8.33141   |   11:55:05   |   01:47:14   |
10436       |       -2443.21   |       -2451.54   |        8.32741   |   11:55:21   |   01:47:12   |
10437       |       -2445.17   |        -2453.5   |        8.33001   |   11:55:37   |   01:47:10   |
10438       |       -2444.19   |       -2452.47   |        8.27838   |   11:55:53   |   01:47:07   |
10439       |       -2443.88   |       -2452.15   |        8.26918   |   11:56:10   |   01:47:05   |


Iter        |      Posterior   |     Likelihood   |          Prior   |    elapsed   |        ETA   |
----------------------------------------------------------------------------------------------------
10440       |        -2442.8   |       -2451.05   |        8.25134   |   11:56:26   |   01:47:03   |
10441       |       -2442.68   |       -2450.89   |        8.21083   |   11:58:59   |   01:47:21   |
10442       |       -2443.15   |        -2451.1   |        7.95381   |   11:59:15   |   01:47:18   |
10443       |       -2442.48   |       -2450.44   |        7.96348   |   11:59:31   |   01:47:16   |
10444       |       -2443.14   |        -2451.1   |        7.96377   |   11:59:47   |   01:47:14   |
10445       |       -2443.14   |        -2451.1   |        7.96377   |   12:00:03   |   01:47:11   |
10446       |       -2443.14   |        -2451.1   |        7.96377   |   12:00:19   |   01:47:09   |
10447       |       -2443.61   |       -2451.79   |        8.17215   |   12:00:35   |   01:47:07   |
10448       |       -2442.78   |       -2450.93   |        8.15361   |   12:00:51   |   01:47:04   |
10449       |       -2442.64   |       -2451.63   |        8.98276   |   12:01:07   |   01:47:02   |
10450       |       -2442.82   |        -2451.8   |        8.98133   |   12:01:23   |   01:46:59   |
10451       |       -2443.73   |       -2452.88   |        9.15219   |   12:03:56   |   01:47:17   |
10452       |       -2443.57   |          -2452   |        8.42163   |   12:04:12   |   01:47:15   |
10453       |       -2445.34   |       -2453.75   |        8.41535   |   12:04:28   |   01:47:13   |
10454       |       -2444.42   |       -2453.33   |        8.91099   |   12:04:44   |   01:47:10   |
10455       |       -2444.84   |       -2453.09   |        8.24458   |   12:05:00   |   01:47:08   |
10456       |       -2452.83   |       -2459.83   |        6.99352   |   12:05:16   |   01:47:05   |
10457       |       -2452.76   |       -2459.29   |        6.52874   |   12:05:32   |   01:47:03   |
10458       |       -2450.44   |       -2458.99   |        8.54411   |   12:05:48   |   01:47:01   |
10459       |       -2448.53   |       -2457.09   |        8.55659   |   12:06:04   |   01:46:58   |


Iter        |      Posterior   |     Likelihood   |          Prior   |    elapsed   |        ETA   |
----------------------------------------------------------------------------------------------------
10460       |       -2450.09   |       -2458.64   |        8.54681   |   12:06:20   |   01:46:56   |
10461       |       -2449.49   |       -2456.28   |        6.78515   |   12:08:54   |   01:47:14   |
10462       |       -2449.37   |       -2456.15   |        6.78651   |   12:09:10   |   01:47:11   |
10463       |       -2449.37   |       -2456.15   |        6.78651   |   12:09:26   |   01:47:09   |
10464       |       -2451.23   |          -2458   |         6.7658   |   12:09:42   |   01:47:06   |
10465       |       -2445.93   |       -2454.25   |        8.32756   |   12:09:58   |   01:47:04   |
10466       |       -2446.74   |       -2456.46   |        9.71356   |   12:10:14   |   01:47:01   |
10467       |       -2445.69   |        -2455.8   |        10.1144   |   12:10:30   |   01:46:59   |
10468       |       -2445.92   |       -2456.83   |        10.9098   |   12:10:46   |   01:46:56   |
10469       |       -2445.89   |       -2456.81   |        10.9123   |   12:11:02   |   01:46:54   |
10470       |        -2444.4   |       -2455.27   |        10.8718   |   12:11:18   |   01:46:51   |
10471       |       -2445.31   |       -2455.37   |        10.0586   |   12:13:51   |   01:47:09   |
10472       |       -2445.33   |       -2455.39   |        10.0586   |   12:14:07   |   01:47:07   |
10473       |       -2445.55   |       -2455.62   |         10.071   |   12:14:23   |   01:47:04   |
10474       |        -2446.9   |       -2456.65   |        9.75389   |   12:14:39   |   01:47:02   |
10475       |       -2448.53   |       -2458.31   |        9.77793   |   12:14:55   |   01:46:59   |
10476       |       -2447.85   |       -2457.62   |        9.77368   |   12:15:11   |   01:46:57   |
10477       |       -2448.93   |       -2458.72   |        9.78445   |   12:15:27   |   01:46:54   |
10478       |       -2443.86   |       -2453.64   |        9.77734   |   12:15:43   |   01:46:52   |
10479       |       -2444.22   |        -2453.8   |        9.58632   |   12:15:59   |   01:46:49   |


Iter        |      Posterior   |     Likelihood   |          Prior   |    elapsed   |        ETA   |
----------------------------------------------------------------------------------------------------
10480       |       -2443.95   |       -2453.49   |        9.53655   |   12:16:15   |   01:46:47   |
10481       |       -2443.95   |       -2453.49   |        9.53655   |   12:18:48   |   01:47:04   |
10482       |       -2443.95   |       -2453.49   |        9.53655   |   12:19:05   |   01:47:02   |
10483       |       -2443.95   |       -2453.49   |        9.53655   |   12:19:21   |   01:46:59   |
10484       |       -2444.07   |        -2453.4   |        9.32821   |   12:19:37   |   01:46:56   |
10485       |       -2444.68   |       -2454.14   |        9.46028   |   12:19:53   |   01:46:54   |
10486       |        -2444.3   |       -2453.55   |        9.25043   |   12:20:09   |   01:46:51   |
10487       |       -2445.27   |        -2454.5   |        9.22998   |   12:20:25   |   01:46:49   |
10488       |       -2444.09   |       -2453.32   |        9.22947   |   12:20:41   |   01:46:46   |
10489       |       -2448.32   |        -2457.7   |        9.38456   |   12:20:57   |   01:46:44   |
10490       |       -2444.67   |       -2453.95   |        9.28189   |   12:21:13   |   01:46:41   |
10491       |       -2447.27   |       -2456.53   |         9.2574   |   12:23:45   |   01:46:58   |
10492       |       -2445.21   |       -2455.25   |        10.0405   |   12:24:01   |   01:46:56   |
10493       |       -2447.86   |       -2457.89   |        10.0316   |   12:24:17   |   01:46:53   |
10494       |       -2443.03   |       -2453.09   |        10.0569   |   12:24:33   |   01:46:51   |
10495       |       -2443.71   |       -2453.78   |        10.0674   |   12:24:49   |   01:46:48   |
10496       |       -2444.57   |       -2454.26   |        9.68836   |   12:25:06   |   01:46:46   |
10497       |       -2446.41   |       -2454.67   |        8.26221   |   12:25:22   |   01:46:43   |
10498       |       -2446.02   |       -2454.28   |        8.26511   |   12:25:38   |   01:46:40   |
10499       |       -2443.93   |       -2453.56   |        9.62979   |   12:25:54   |   01:46:38   |


Iter        |      Posterior   |     Likelihood   |          Prior   |    elapsed   |        ETA   |
----------------------------------------------------------------------------------------------------
10500       |       -2444.15   |       -2453.84   |        9.69507   |   12:26:10   |   01:46:35   |
10501       |       -2446.93   |       -2456.63   |         9.6929   |   12:28:43   |   01:46:52   |
10502       |       -2445.81   |        -2455.5   |        9.68857   |   12:28:59   |   01:46:50   |
10503       |       -2445.81   |        -2455.5   |        9.68857   |   12:29:15   |   01:46:47   |
10504       |       -2446.01   |       -2456.27   |        10.2598   |   12:29:31   |   01:46:44   |
10505       |        -2443.9   |       -2452.84   |        8.94451   |   12:29:47   |   01:46:42   |
10506       |       -2443.17   |       -2452.14   |        8.96017   |   12:30:03   |   01:46:39   |
10507       |       -2443.56   |        -2452.5   |        8.94555   |   12:30:19   |   01:46:37   |
10508       |        -2443.4   |       -2452.24   |        8.84183   |   12:30:35   |   01:46:34   |
10509       |       -2444.59   |       -2453.42   |        8.83315   |   12:30:51   |   01:46:31   |
10510       |       -2444.62   |       -2453.45   |        8.83315   |   12:31:07   |   01:46:29   |
10511       |       -2442.43   |       -2450.59   |        8.16354   |   12:33:40   |   01:46:45   |
10512       |       -2443.03   |       -2451.31   |        8.28612   |   12:33:56   |   01:46:43   |
10513       |       -2443.47   |       -2452.71   |        9.24006   |   12:34:12   |   01:46:40   |
10514       |       -2446.53   |       -2456.09   |        9.55753   |   12:34:28   |   01:46:37   |
10515       |       -2444.35   |       -2453.93   |        9.57761   |   12:34:44   |   01:46:35   |
10516       |        -2443.2   |       -2452.79   |        9.58247   |   12:35:00   |   01:46:32   |
10517       |       -2444.66   |       -2454.32   |        9.66506   |   12:35:16   |   01:46:29   |
10518       |       -2445.06   |        -2454.7   |        9.64044   |   12:35:32   |   01:46:27   |
10519       |       -2443.58   |       -2454.79   |        11.2015   |   12:35:48   |   01:46:24   |


Iter        |      Posterior   |     Likelihood   |          Prior   |    elapsed   |        ETA   |
----------------------------------------------------------------------------------------------------
10520       |       -2444.69   |       -2454.33   |        9.64356   |   12:36:04   |   01:46:22   |
10521       |       -2443.33   |       -2453.01   |        9.68349   |   12:38:38   |   01:46:38   |
10522       |       -2445.37   |       -2455.06   |        9.69287   |   12:38:54   |   01:46:36   |
10523       |       -2444.57   |       -2454.26   |        9.68314   |   12:39:10   |   01:46:33   |
10524       |       -2445.77   |       -2455.44   |        9.67661   |   12:39:26   |   01:46:30   |
10525       |       -2445.92   |       -2455.53   |        9.60923   |   12:39:42   |   01:46:27   |
10526       |       -2445.01   |       -2455.42   |        10.4037   |   12:39:58   |   01:46:25   |
10527       |       -2445.33   |       -2455.67   |        10.3341   |   12:40:14   |   01:46:22   |
10528       |       -2443.42   |       -2453.78   |        10.3538   |   12:40:30   |   01:46:19   |
10529       |       -2443.05   |        -2453.4   |        10.3519   |   12:40:46   |   01:46:17   |
10530       |       -2441.65   |          -2452   |        10.3452   |   12:41:02   |   01:46:14   |
10531       |       -2442.66   |       -2452.84   |        10.1832   |   12:43:36   |   01:46:31   |
10532       |       -2444.21   |       -2454.02   |        9.81134   |   12:43:52   |   01:46:28   |
10533       |       -2442.61   |       -2452.81   |        10.1962   |   12:44:08   |   01:46:25   |
10534       |       -2443.11   |       -2452.34   |         9.2317   |   12:44:24   |   01:46:22   |
10535       |       -2442.99   |       -2452.98   |        9.99006   |   12:44:40   |   01:46:20   |
10536       |       -2444.42   |       -2454.61   |        10.1931   |   12:44:56   |   01:46:17   |
10537       |       -2443.95   |       -2454.62   |         10.669   |   12:45:12   |   01:46:14   |
10538       |       -2443.04   |       -2453.74   |        10.7019   |   12:45:28   |   01:46:11   |
10539       |       -2446.37   |       -2457.06   |        10.6895   |   12:45:44   |   01:46:09   |


Iter        |      Posterior   |     Likelihood   |          Prior   |    elapsed   |        ETA   |
----------------------------------------------------------------------------------------------------
10540       |       -2446.37   |       -2457.07   |        10.6966   |   12:46:00   |   01:46:06   |
10541       |       -2446.37   |       -2457.07   |        10.6966   |   12:48:33   |   01:46:22   |
10542       |       -2447.41   |        -2458.1   |        10.6962   |   12:48:49   |   01:46:19   |
10543       |       -2447.09   |       -2457.73   |        10.6321   |   12:49:05   |   01:46:17   |
10544       |        -2445.4   |       -2456.06   |        10.6537   |   12:49:21   |   01:46:14   |
10545       |       -2444.61   |       -2455.25   |        10.6422   |   12:49:37   |   01:46:11   |
10546       |       -2444.76   |       -2455.28   |        10.5199   |   12:49:53   |   01:46:08   |
10547       |       -2444.27   |       -2454.48   |        10.2165   |   12:50:09   |   01:46:05   |
10548       |       -2442.47   |        -2452.7   |        10.2326   |   12:50:25   |   01:46:03   |
10549       |       -2444.05   |       -2454.45   |        10.4042   |   12:50:41   |   01:46:00   |
10550       |       -2442.53   |       -2452.12   |        9.59202   |   12:50:57   |   01:45:57   |
10551       |       -2444.73   |       -2454.33   |        9.60045   |   12:53:30   |   01:46:13   |
10552       |       -2444.54   |       -2454.13   |        9.58984   |   12:53:46   |   01:46:10   |
10553       |       -2444.87   |       -2454.46   |        9.59109   |   12:54:02   |   01:46:08   |
10554       |       -2444.47   |       -2454.12   |        9.65603   |   12:54:18   |   01:46:05   |
10555       |       -2445.67   |       -2456.16   |        10.4893   |   12:54:34   |   01:46:02   |
10556       |       -2445.39   |       -2455.89   |         10.498   |   12:54:50   |   01:45:59   |
10557       |       -2444.72   |       -2454.96   |        10.2362   |   12:55:06   |   01:45:56   |
10558       |       -2443.83   |       -2454.07   |        10.2393   |   12:55:22   |   01:45:53   |
10559       |       -2441.85   |       -2450.98   |        9.12952   |   12:55:38   |   01:45:51   |


Iter        |      Posterior   |     Likelihood   |          Prior   |    elapsed   |        ETA   |
----------------------------------------------------------------------------------------------------
10560       |       -2442.39   |       -2451.72   |         9.3257   |   12:55:54   |   01:45:48   |
10561       |       -2443.14   |       -2452.18   |        9.03742   |   12:58:27   |   01:46:04   |
10562       |       -2443.14   |       -2452.18   |        9.03742   |   12:58:43   |   01:46:01   |
10563       |       -2444.15   |       -2453.33   |        9.17243   |   12:58:59   |   01:45:58   |
10564       |       -2445.35   |       -2454.52   |        9.16949   |   12:59:15   |   01:45:55   |
10565       |       -2444.21   |        -2453.5   |        9.29762   |   12:59:31   |   01:45:52   |
10566       |       -2447.97   |       -2457.37   |        9.39419   |   12:59:47   |   01:45:49   |
10567       |       -2445.93   |       -2455.35   |        9.42548   |   13:00:03   |   01:45:46   |
10568       |       -2442.48   |       -2451.79   |        9.30438   |   13:00:19   |   01:45:44   |
10569       |       -2442.48   |       -2451.79   |        9.30438   |   13:00:36   |   01:45:41   |
10570       |       -2442.29   |       -2451.59   |        9.30453   |   13:00:51   |   01:45:38   |
10571       |       -2442.08   |       -2451.39   |        9.30875   |   13:03:25   |   01:45:54   |
10572       |       -2442.08   |       -2451.39   |        9.30875   |   13:03:41   |   01:45:51   |
10573       |       -2442.51   |       -2451.63   |        9.12803   |   13:03:57   |   01:45:48   |
10574       |       -2442.36   |       -2450.84   |        8.47675   |   13:04:13   |   01:45:45   |
10575       |       -2444.36   |       -2453.64   |        9.27574   |   13:04:29   |   01:45:42   |
10576       |       -2444.36   |       -2453.64   |        9.27574   |   13:04:45   |   01:45:39   |
10577       |       -2444.41   |       -2453.69   |        9.27483   |   13:05:01   |   01:45:36   |
10578       |       -2443.69   |       -2452.92   |        9.22916   |   13:05:17   |   01:45:33   |
10579       |       -2444.23   |       -2453.47   |        9.24324   |   13:05:33   |   01:45:31   |


Iter        |      Posterior   |     Likelihood   |          Prior   |    elapsed   |        ETA   |
----------------------------------------------------------------------------------------------------
10580       |       -2445.47   |       -2454.67   |        9.19205   |   13:05:49   |   01:45:28   |
10581       |        -2443.1   |       -2452.28   |        9.17713   |   13:08:22   |   01:45:43   |
10582       |       -2442.32   |       -2451.25   |        8.92608   |   13:08:38   |   01:45:40   |
10583       |       -2442.76   |       -2451.67   |         8.9092   |   13:08:54   |   01:45:37   |
10584       |       -2446.01   |       -2454.91   |        8.90103   |   13:09:10   |   01:45:34   |
10585       |       -2444.69   |       -2453.77   |         9.0758   |   13:09:26   |   01:45:31   |
10586       |       -2445.68   |       -2454.77   |        9.08218   |   13:09:42   |   01:45:28   |
10587       |       -2445.88   |       -2456.08   |        10.1985   |   13:09:58   |   01:45:26   |
10588       |       -2446.53   |          -2457   |        10.4675   |   13:10:14   |   01:45:23   |
10589       |       -2447.37   |       -2457.84   |         10.467   |   13:10:30   |   01:45:20   |
10590       |        -2446.3   |       -2456.83   |        10.5342   |   13:10:46   |   01:45:17   |
10591       |       -2447.04   |       -2457.56   |        10.5151   |   13:13:19   |   01:45:32   |
10592       |       -2447.25   |       -2457.38   |        10.1296   |   13:13:35   |   01:45:29   |
10593       |       -2445.44   |       -2455.34   |        9.90012   |   13:13:51   |   01:45:26   |
10594       |       -2445.22   |       -2454.77   |        9.54462   |   13:14:07   |   01:45:23   |
10595       |          -2445   |       -2456.02   |        11.0184   |   13:14:23   |   01:45:20   |
10596       |       -2446.89   |       -2457.93   |        11.0462   |   13:14:39   |   01:45:17   |
10597       |       -2449.24   |       -2460.23   |        10.9911   |   13:14:55   |   01:45:14   |
10598       |       -2447.16   |       -2458.66   |        11.5073   |   13:15:11   |   01:45:11   |
10599       |       -2445.36   |       -2456.99   |        11.6311   |   13:15:28   |   01:45:08   |


Iter        |      Posterior   |     Likelihood   |          Prior   |    elapsed   |        ETA   |
----------------------------------------------------------------------------------------------------
10600       |       -2448.39   |       -2459.71   |        11.3126   |   13:15:43   |   01:45:05   |
10601       |       -2446.62   |       -2458.25   |         11.627   |   13:18:17   |   01:45:20   |
10602       |       -2445.76   |       -2457.38   |        11.6188   |   13:18:33   |   01:45:17   |
10603       |       -2448.73   |       -2460.35   |        11.6208   |   13:18:49   |   01:45:14   |
10604       |       -2445.02   |       -2454.99   |        9.96924   |   13:19:05   |   01:45:11   |
10605       |       -2443.85   |       -2452.65   |        8.80317   |   13:19:21   |   01:45:08   |
10606       |       -2444.55   |       -2453.19   |        8.64597   |   13:19:37   |   01:45:05   |
10607       |       -2442.23   |       -2450.88   |        8.65001   |   13:19:53   |   01:45:02   |
10608       |       -2443.02   |       -2451.95   |        8.93287   |   13:20:09   |   01:44:59   |
10609       |        -2443.6   |       -2452.82   |        9.22395   |   13:20:25   |   01:44:56   |
10610       |       -2443.39   |       -2452.62   |        9.22683   |   13:20:41   |   01:44:53   |
10611       |       -2443.39   |       -2452.62   |        9.22683   |   13:23:14   |   01:45:08   |
10612       |       -2443.69   |        -2452.7   |        9.01473   |   13:23:30   |   01:45:05   |
10613       |       -2446.11   |       -2455.43   |        9.31557   |   13:23:46   |   01:45:02   |
10614       |       -2443.56   |        -2452.9   |        9.33735   |   13:24:02   |   01:44:59   |
10615       |       -2442.51   |       -2451.84   |        9.32609   |   13:24:18   |   01:44:56   |
10616       |       -2441.56   |       -2450.73   |        9.16717   |   13:24:34   |   01:44:53   |
10617       |       -2442.08   |       -2451.29   |        9.21509   |   13:24:50   |   01:44:50   |
10618       |       -2442.28   |       -2451.49   |        9.20987   |   13:25:06   |   01:44:47   |
10619       |       -2443.95   |       -2453.15   |        9.20412   |   13:25:22   |   01:44:44   |


Iter        |      Posterior   |     Likelihood   |          Prior   |    elapsed   |        ETA   |
----------------------------------------------------------------------------------------------------
10620       |       -2441.98   |       -2451.05   |        9.07463   |   13:25:38   |   01:44:41   |
10621       |       -2442.12   |       -2451.38   |         9.2563   |   13:28:11   |   01:44:55   |
10622       |       -2445.91   |       -2455.16   |        9.25362   |   13:28:27   |   01:44:52   |
10623       |       -2447.16   |        -2456.4   |        9.24084   |   13:28:43   |   01:44:49   |
10624       |       -2446.62   |       -2456.41   |        9.78625   |   13:28:59   |   01:44:46   |
10625       |       -2449.73   |       -2459.49   |        9.76201   |   13:29:15   |   01:44:43   |
10626       |       -2449.09   |       -2459.12   |        10.0258   |   13:29:31   |   01:44:40   |
10627       |       -2446.27   |       -2456.34   |        10.0727   |   13:29:47   |   01:44:37   |
10628       |       -2443.87   |       -2454.67   |        10.7935   |   13:30:03   |   01:44:34   |
10629       |       -2447.49   |          -2459   |        11.5086   |   13:30:19   |   01:44:31   |
10630       |       -2446.47   |        -2457.6   |        11.1359   |   13:30:35   |   01:44:28   |
10631       |       -2450.06   |       -2459.73   |        9.66826   |   13:33:08   |   01:44:42   |
10632       |       -2449.52   |       -2459.02   |         9.5048   |   13:33:25   |   01:44:39   |
10633       |       -2447.71   |       -2457.13   |        9.42259   |   13:33:41   |   01:44:36   |
10634       |       -2446.45   |       -2456.03   |        9.58369   |   13:33:57   |   01:44:33   |
10635       |       -2447.47   |       -2457.84   |        10.3719   |   13:34:13   |   01:44:30   |
10636       |       -2446.23   |       -2456.69   |        10.4588   |   13:34:29   |   01:44:27   |
10637       |       -2446.03   |       -2456.49   |         10.462   |   13:34:45   |   01:44:24   |
10638       |       -2447.56   |       -2459.73   |        12.1637   |   13:35:01   |   01:44:20   |
10639       |        -2448.8   |       -2460.83   |        12.0332   |   13:35:17   |   01:44:17   |


Iter        |      Posterior   |     Likelihood   |          Prior   |    elapsed   |        ETA   |
----------------------------------------------------------------------------------------------------
10640       |       -2449.26   |        -2461.3   |        12.0383   |   13:35:33   |   01:44:14   |
10641       |       -2447.61   |        -2459.2   |        11.5901   |   13:38:05   |   01:44:28   |
10642       |        -2444.3   |       -2455.62   |        11.3212   |   13:38:21   |   01:44:25   |
10643       |       -2446.11   |       -2456.83   |        10.7125   |   13:38:38   |   01:44:22   |
10644       |       -2446.27   |       -2456.99   |        10.7158   |   13:38:53   |   01:44:19   |
10645       |       -2449.44   |       -2460.58   |        11.1372   |   13:39:09   |   01:44:16   |
10646       |       -2448.94   |       -2460.05   |         11.118   |   13:39:25   |   01:44:12   |
10647       |       -2447.69   |       -2458.02   |        10.3337   |   13:39:41   |   01:44:09   |
10648       |       -2448.54   |       -2458.89   |        10.3499   |   13:39:57   |   01:44:06   |
10649       |       -2445.36   |       -2455.38   |        10.0204   |   13:40:14   |   01:44:03   |
10650       |       -2445.16   |       -2454.44   |        9.28038   |   13:40:30   |   01:44:00   |
10651       |       -2445.16   |       -2454.44   |        9.28038   |   13:43:03   |   01:44:14   |
10652       |        -2445.2   |        -2454.5   |        9.29443   |   13:43:19   |   01:44:11   |
10653       |       -2445.94   |       -2455.23   |        9.29255   |   13:43:35   |   01:44:08   |
10654       |       -2445.94   |       -2455.23   |        9.29255   |   13:43:51   |   01:44:04   |
10655       |       -2444.53   |       -2453.81   |        9.28347   |   13:44:07   |   01:44:01   |
10656       |       -2446.88   |       -2456.16   |        9.28397   |   13:44:23   |   01:43:58   |
10657       |       -2445.83   |       -2455.12   |         9.2886   |   13:44:39   |   01:43:55   |
10658       |       -2447.58   |       -2456.84   |        9.25578   |   13:44:55   |   01:43:52   |
10659       |       -2449.16   |       -2458.39   |        9.23324   |   13:45:11   |   01:43:48   |


Iter        |      Posterior   |     Likelihood   |          Prior   |    elapsed   |        ETA   |
----------------------------------------------------------------------------------------------------
10660       |       -2448.11   |       -2457.35   |         9.2423   |   13:45:27   |   01:43:45   |
10661       |       -2447.39   |       -2456.63   |        9.24293   |   13:48:00   |   01:43:59   |
10662       |       -2446.25   |       -2455.49   |        9.24208   |   13:48:16   |   01:43:56   |
10663       |        -2445.9   |       -2455.15   |         9.2495   |   13:48:32   |   01:43:53   |
10664       |        -2447.8   |       -2456.96   |        9.16684   |   13:48:48   |   01:43:49   |
10665       |       -2447.44   |       -2456.91   |        9.47187   |   13:49:04   |   01:43:46   |
10666       |       -2447.07   |       -2456.55   |         9.4809   |   13:49:20   |   01:43:43   |
10667       |       -2450.38   |       -2459.67   |        9.29344   |   13:49:36   |   01:43:40   |
10668       |       -2448.08   |       -2457.38   |        9.29688   |   13:49:52   |   01:43:36   |
10669       |        -2447.6   |       -2457.21   |        9.61541   |   13:50:09   |   01:43:33   |
10670       |       -2446.99   |       -2456.61   |        9.61775   |   13:50:25   |   01:43:30   |
10671       |       -2450.23   |       -2459.86   |        9.62618   |   13:52:58   |   01:43:44   |
10672       |       -2448.19   |        -2457.7   |        9.51653   |   13:53:14   |   01:43:41   |
10673       |        -2448.2   |       -2457.71   |        9.51055   |   13:53:30   |   01:43:37   |
10674       |       -2446.68   |       -2455.79   |        9.11183   |   13:53:46   |   01:43:34   |
10675       |       -2450.53   |       -2457.34   |        6.80994   |   13:54:02   |   01:43:31   |
10676       |       -2449.02   |       -2455.84   |        6.81971   |   13:54:18   |   01:43:28   |
10677       |       -2446.38   |       -2453.64   |        7.26177   |   13:54:34   |   01:43:24   |
10678       |       -2446.64   |       -2453.99   |          7.352   |   13:54:50   |   01:43:21   |
10679       |       -2447.28   |        -2454.7   |        7.42135   |   13:55:06   |   01:43:18   |


Iter        |      Posterior   |     Likelihood   |          Prior   |    elapsed   |        ETA   |
----------------------------------------------------------------------------------------------------
10680       |       -2446.68   |        -2454.1   |        7.41879   |   13:55:22   |   01:43:14   |
10681       |        -2448.5   |       -2456.42   |         7.9215   |   13:57:55   |   01:43:28   |
10682       |       -2448.43   |       -2456.35   |        7.92151   |   13:58:12   |   01:43:25   |
10683       |       -2448.43   |       -2456.35   |        7.92151   |   13:58:28   |   01:43:21   |
10684       |       -2448.75   |       -2456.66   |        7.91343   |   13:58:44   |   01:43:18   |
10685       |       -2448.75   |       -2456.66   |        7.91343   |   13:59:00   |   01:43:15   |
10686       |        -2448.7   |       -2456.72   |        8.01605   |   13:59:16   |   01:43:12   |
10687       |       -2446.44   |       -2454.47   |        8.03302   |   13:59:32   |   01:43:08   |
10688       |        -2445.7   |       -2453.73   |        8.02819   |   13:59:48   |   01:43:05   |
10689       |        -2445.5   |       -2453.53   |         8.0304   |   14:00:04   |   01:43:02   |
10690       |       -2447.93   |       -2455.97   |        8.04121   |   14:00:20   |   01:42:58   |
10691       |       -2448.05   |        -2456.1   |        8.05065   |   14:02:53   |   01:43:12   |
10692       |       -2447.64   |        -2455.7   |        8.05878   |   14:03:09   |   01:43:08   |
10693       |        -2448.8   |       -2456.84   |        8.03477   |   14:03:25   |   01:43:05   |
10694       |       -2448.65   |        -2457.1   |        8.45055   |   14:03:41   |   01:43:02   |
10695       |       -2448.39   |       -2456.84   |        8.44983   |   14:03:57   |   01:42:58   |
10696       |       -2447.66   |       -2456.13   |        8.46593   |   14:04:13   |   01:42:55   |
10697       |        -2446.9   |       -2455.17   |        8.27219   |   14:04:29   |   01:42:51   |
10698       |       -2446.35   |       -2455.45   |        9.09593   |   14:04:45   |   01:42:48   |
10699       |       -2445.28   |       -2454.37   |        9.08403   |   14:05:01   |   01:42:45   |


Iter        |      Posterior   |     Likelihood   |          Prior   |    elapsed   |        ETA   |
----------------------------------------------------------------------------------------------------
10700       |       -2445.01   |        -2454.1   |        9.08411   |   14:05:17   |   01:42:41   |
10701       |       -2444.27   |       -2453.36   |        9.09062   |   14:07:51   |   01:42:55   |
10702       |       -2444.27   |       -2453.36   |        9.09062   |   14:08:07   |   01:42:51   |
10703       |       -2444.27   |       -2453.36   |        9.09062   |   14:08:23   |   01:42:48   |
10704       |       -2444.27   |       -2453.36   |        9.09062   |   14:08:39   |   01:42:45   |
10705       |       -2445.21   |       -2454.37   |        9.16737   |   14:08:56   |   01:42:41   |
10706       |       -2446.85   |       -2456.02   |          9.175   |   14:09:12   |   01:42:38   |
10707       |       -2446.98   |       -2456.16   |        9.17825   |   14:09:28   |   01:42:35   |
10708       |        -2451.3   |        -2461.1   |        9.79882   |   14:09:44   |   01:42:31   |
10709       |       -2448.47   |       -2459.29   |        10.8187   |   14:10:00   |   01:42:28   |
10710       |        -2448.8   |       -2459.83   |        11.0263   |   14:10:16   |   01:42:24   |
10711       |       -2450.03   |       -2460.74   |        10.7088   |   14:12:49   |   01:42:37   |
10712       |       -2446.34   |       -2457.06   |        10.7148   |   14:13:05   |   01:42:34   |
10713       |       -2446.16   |       -2456.88   |        10.7146   |   14:13:21   |   01:42:31   |
10714       |        -2444.8   |       -2454.57   |        9.77342   |   14:13:37   |   01:42:27   |
10715       |       -2447.18   |       -2456.94   |        9.75886   |   14:13:53   |   01:42:24   |
10716       |        -2445.4   |       -2453.04   |        7.63948   |   14:14:09   |   01:42:20   |
10717       |       -2451.26   |       -2459.12   |        7.86326   |   14:14:25   |   01:42:17   |
10718       |       -2452.09   |       -2459.89   |        7.80348   |   14:14:41   |   01:42:13   |
10719       |       -2448.68   |       -2456.37   |        7.69034   |   14:14:58   |   01:42:10   |


Iter        |      Posterior   |     Likelihood   |          Prior   |    elapsed   |        ETA   |
----------------------------------------------------------------------------------------------------
10720       |       -2451.17   |        -2458.7   |        7.53111   |   14:15:14   |   01:42:07   |
10721       |       -2450.22   |       -2457.51   |         7.2869   |   14:17:46   |   01:42:19   |
10722       |       -2452.49   |       -2459.75   |        7.25772   |   14:18:03   |   01:42:16   |
10723       |        -2452.4   |       -2460.94   |        8.53502   |   14:18:19   |   01:42:13   |
10724       |       -2450.77   |       -2459.33   |        8.56092   |   14:18:35   |   01:42:09   |
10725       |       -2447.79   |       -2456.37   |        8.58157   |   14:18:51   |   01:42:06   |
10726       |       -2447.91   |       -2455.75   |        7.83957   |   14:19:07   |   01:42:02   |
10727       |       -2451.23   |       -2459.09   |        7.85757   |   14:19:23   |   01:41:59   |
10728       |       -2446.71   |       -2452.23   |        5.51425   |   14:19:39   |   01:41:55   |
10729       |       -2450.22   |       -2455.72   |         5.5009   |   14:19:55   |   01:41:52   |
10730       |       -2450.14   |       -2455.38   |        5.24397   |   14:20:11   |   01:41:48   |
10731       |       -2447.31   |       -2453.73   |           6.42   |   14:22:44   |   01:42:01   |
10732       |       -2446.77   |       -2454.57   |        7.79898   |   14:23:00   |   01:41:57   |
10733       |       -2446.15   |       -2453.67   |        7.52655   |   14:23:16   |   01:41:54   |
10734       |       -2445.54   |       -2453.36   |        7.81905   |   14:23:32   |   01:41:50   |
10735       |       -2446.58   |       -2454.45   |        7.87449   |   14:23:48   |   01:41:47   |
10736       |       -2447.29   |       -2455.17   |        7.87897   |   14:24:04   |   01:41:43   |
10737       |       -2444.85   |       -2452.75   |        7.89904   |   14:24:20   |   01:41:40   |
10738       |       -2451.88   |       -2459.76   |        7.87219   |   14:24:36   |   01:41:36   |
10739       |       -2452.78   |       -2460.64   |        7.85225   |   14:24:52   |   01:41:33   |


Iter        |      Posterior   |     Likelihood   |          Prior   |    elapsed   |        ETA   |
----------------------------------------------------------------------------------------------------
10740       |       -2451.27   |       -2458.64   |        7.36982   |   14:25:09   |   01:41:29   |
10741       |       -2447.19   |       -2455.76   |        8.56677   |   14:27:42   |   01:41:42   |
10742       |       -2447.33   |       -2455.91   |        8.57343   |   14:27:58   |   01:41:38   |
10743       |       -2447.05   |       -2455.49   |        8.43937   |   14:28:14   |   01:41:35   |
10744       |       -2446.34   |       -2454.77   |        8.42692   |   14:28:30   |   01:41:31   |
10745       |        -2447.3   |        -2455.7   |        8.40731   |   14:28:46   |   01:41:28   |
10746       |        -2446.5   |       -2454.13   |        7.62666   |   14:29:02   |   01:41:24   |
10747       |       -2449.41   |       -2457.07   |        7.65803   |   14:29:18   |   01:41:21   |
10748       |       -2453.27   |       -2462.28   |        9.00388   |   14:29:34   |   01:41:17   |
10749       |       -2450.38   |       -2459.74   |        9.36427   |   14:29:50   |   01:41:14   |
10750       |       -2449.78   |       -2459.14   |        9.36259   |   14:30:06   |   01:41:10   |
10751       |       -2452.16   |       -2461.87   |        9.70856   |   14:32:39   |   01:41:22   |
10752       |       -2454.74   |       -2464.05   |        9.30827   |   14:32:55   |   01:41:19   |
10753       |       -2456.76   |       -2466.46   |        9.69701   |   14:33:11   |   01:41:15   |
10754       |       -2452.52   |       -2462.23   |         9.7115   |   14:33:27   |   01:41:12   |
10755       |       -2455.51   |       -2465.22   |        9.71378   |   14:33:43   |   01:41:08   |
10756       |       -2454.67   |       -2464.41   |        9.74391   |   14:33:59   |   01:41:04   |
10757       |       -2449.95   |        -2459.9   |        9.95328   |   14:34:15   |   01:41:01   |
10758       |        -2450.5   |       -2460.04   |        9.53993   |   14:34:31   |   01:40:57   |
10759       |       -2450.32   |       -2459.87   |        9.54122   |   14:34:47   |   01:40:54   |


Iter        |      Posterior   |     Likelihood   |          Prior   |    elapsed   |        ETA   |
----------------------------------------------------------------------------------------------------
10760       |       -2449.64   |       -2458.93   |        9.29945   |   14:35:04   |   01:40:50   |
10761       |       -2448.22   |       -2457.52   |        9.30568   |   14:37:37   |   01:41:02   |
10762       |       -2447.81   |       -2457.12   |        9.30443   |   14:37:53   |   01:40:59   |
10763       |       -2447.44   |        -2455.8   |         8.3607   |   14:38:09   |   01:40:55   |
10764       |       -2445.71   |       -2454.07   |         8.3595   |   14:38:25   |   01:40:51   |
10765       |       -2450.01   |       -2457.51   |        7.50515   |   14:38:41   |   01:40:48   |
10766       |        -2449.1   |       -2456.58   |        7.47575   |   14:38:57   |   01:40:44   |
10767       |       -2449.33   |       -2455.77   |        6.43549   |   14:39:13   |   01:40:41   |
10768       |       -2452.51   |       -2458.95   |        6.43946   |   14:39:29   |   01:40:37   |
10769       |       -2452.07   |       -2458.51   |        6.43847   |   14:39:45   |   01:40:33   |
10770       |       -2450.79   |       -2455.97   |        5.18357   |   14:40:01   |   01:40:30   |
10771       |        -2447.2   |       -2453.18   |        5.97997   |   14:42:34   |   01:40:42   |
10772       |       -2447.61   |       -2454.22   |        6.60713   |   14:42:50   |   01:40:38   |
10773       |       -2446.63   |       -2453.25   |        6.62348   |   14:43:07   |   01:40:34   |
10774       |       -2445.45   |       -2450.75   |        5.29753   |   14:43:23   |   01:40:31   |
10775       |       -2448.34   |       -2455.93   |        7.58964   |   14:43:39   |   01:40:27   |
10776       |       -2447.93   |       -2455.54   |        7.61691   |   14:43:55   |   01:40:24   |
10777       |       -2448.11   |       -2455.74   |        7.62561   |   14:44:11   |   01:40:20   |
10778       |       -2447.97   |       -2454.72   |        6.75044   |   14:44:27   |   01:40:16   |
10779       |       -2448.09   |       -2455.33   |        7.23773   |   14:44:43   |   01:40:13   |


Iter        |      Posterior   |     Likelihood   |          Prior   |    elapsed   |        ETA   |
----------------------------------------------------------------------------------------------------
10780       |       -2447.46   |       -2454.71   |        7.24586   |   14:44:59   |   01:40:09   |
10781       |        -2445.5   |       -2452.72   |        7.22251   |   14:47:32   |   01:40:21   |
10782       |       -2444.99   |       -2452.21   |        7.22349   |   14:47:48   |   01:40:17   |
10783       |       -2442.67   |       -2451.72   |        9.05426   |   14:48:04   |   01:40:13   |
10784       |       -2442.48   |       -2451.53   |        9.04958   |   14:48:20   |   01:40:10   |
10785       |       -2443.16   |        -2452.2   |        9.04158   |   14:48:36   |   01:40:06   |
10786       |       -2443.67   |       -2452.73   |        9.05994   |   14:48:52   |   01:40:02   |
10787       |       -2443.67   |       -2452.73   |        9.05994   |   14:49:08   |   01:39:58   |
10788       |       -2443.95   |       -2453.01   |        9.06144   |   14:49:24   |   01:39:55   |
10789       |        -2444.1   |       -2453.16   |        9.06093   |   14:49:40   |   01:39:51   |
10790       |       -2444.12   |       -2452.91   |        8.79329   |   14:49:57   |   01:39:47   |
10791       |       -2442.29   |       -2450.96   |        8.67804   |   14:52:29   |   01:39:59   |
10792       |       -2443.81   |       -2452.48   |        8.67349   |   14:52:45   |   01:39:55   |
10793       |       -2442.87   |       -2451.54   |        8.66704   |   14:53:01   |   01:39:52   |
10794       |       -2443.49   |       -2452.82   |        9.32352   |   14:53:18   |   01:39:48   |
10795       |       -2443.76   |       -2453.16   |         9.4061   |   14:53:34   |   01:39:44   |
10796       |       -2446.75   |       -2456.24   |        9.48391   |   14:53:50   |   01:39:40   |
10797       |       -2445.05   |       -2454.55   |        9.49238   |   14:54:06   |   01:39:37   |
10798       |       -2444.92   |        -2454.4   |        9.48798   |   14:54:22   |   01:39:33   |
10799       |       -2444.92   |        -2454.4   |        9.48798   |   14:54:38   |   01:39:29   |


Iter        |      Posterior   |     Likelihood   |          Prior   |    elapsed   |        ETA   |
----------------------------------------------------------------------------------------------------
10800       |       -2444.72   |       -2454.43   |        9.71563   |   14:54:54   |   01:39:26   |
10801       |       -2443.82   |       -2453.54   |         9.7191   |   14:57:27   |   01:39:37   |
10802       |        -2444.6   |        -2453.6   |        8.99759   |   14:57:43   |   01:39:33   |
10803       |       -2445.62   |       -2454.96   |        9.33717   |   14:57:59   |   01:39:29   |
10804       |       -2446.08   |       -2455.13   |        9.04831   |   14:58:15   |   01:39:26   |
10805       |       -2447.73   |       -2456.88   |        9.14694   |   14:58:31   |   01:39:22   |
10806       |       -2445.67   |        -2453.8   |        8.13099   |   14:58:47   |   01:39:18   |
10807       |       -2445.17   |       -2455.29   |        10.1226   |   14:59:03   |   01:39:14   |
10808       |       -2444.18   |       -2454.32   |        10.1397   |   14:59:19   |   01:39:11   |
10809       |       -2444.25   |        -2454.4   |        10.1445   |   14:59:35   |   01:39:07   |
10810       |       -2444.27   |       -2454.94   |        10.6777   |   14:59:51   |   01:39:03   |
10811       |       -2444.46   |       -2453.81   |        9.35102   |   15:02:25   |   01:39:14   |
10812       |       -2446.31   |       -2455.59   |        9.28716   |   15:02:41   |   01:39:11   |
10813       |       -2445.19   |       -2454.43   |        9.24305   |   15:02:57   |   01:39:07   |
10814       |        -2443.7   |       -2452.94   |        9.24887   |   15:03:13   |   01:39:03   |
10815       |       -2443.62   |       -2452.97   |        9.34343   |   15:03:29   |   01:38:59   |
10816       |       -2443.52   |       -2453.49   |        9.96858   |   15:03:45   |   01:38:55   |
10817       |       -2443.48   |       -2453.09   |          9.614   |   15:04:01   |   01:38:52   |
10818       |       -2442.59   |       -2451.56   |        8.97395   |   15:04:17   |   01:38:48   |
10819       |       -2443.01   |       -2452.15   |        9.13997   |   15:04:33   |   01:38:44   |


Iter        |      Posterior   |     Likelihood   |          Prior   |    elapsed   |        ETA   |
----------------------------------------------------------------------------------------------------
10820       |       -2444.21   |       -2453.34   |        9.12899   |   15:04:49   |   01:38:40   |
10821       |       -2444.21   |       -2453.34   |        9.12899   |   15:07:23   |   01:38:51   |
10822       |        -2443.3   |       -2452.38   |        9.08451   |   15:07:39   |   01:38:47   |
10823       |       -2445.51   |       -2454.57   |        9.06267   |   15:07:55   |   01:38:44   |
10824       |       -2445.12   |       -2454.97   |        9.84762   |   15:08:11   |   01:38:40   |
10825       |       -2443.75   |       -2453.61   |        9.85825   |   15:08:28   |   01:38:36   |
10826       |       -2443.93   |        -2453.7   |        9.77505   |   15:08:44   |   01:38:32   |
10827       |       -2448.17   |       -2458.21   |        10.0315   |   15:09:00   |   01:38:28   |
10828       |       -2444.29   |       -2454.18   |        9.88536   |   15:09:16   |   01:38:25   |
10829       |       -2441.59   |       -2451.47   |        9.88083   |   15:09:32   |   01:38:21   |
10830       |       -2442.52   |       -2452.39   |        9.86669   |   15:09:48   |   01:38:17   |
10831       |       -2443.63   |       -2453.38   |        9.74501   |   15:12:21   |   01:38:28   |
10832       |       -2444.66   |       -2454.72   |        10.0549   |   15:12:37   |   01:38:24   |
10833       |        -2444.7   |       -2454.76   |        10.0571   |   15:12:53   |   01:38:20   |
10834       |       -2446.64   |       -2456.68   |        10.0444   |   15:13:10   |   01:38:16   |
10835       |       -2446.54   |       -2456.58   |        10.0435   |   15:13:26   |   01:38:12   |
10836       |       -2444.09   |        -2454.1   |        10.0126   |   15:13:42   |   01:38:08   |
10837       |       -2444.38   |       -2454.37   |        9.98367   |   15:13:58   |   01:38:05   |
10838       |       -2443.24   |       -2454.12   |        10.8719   |   15:14:14   |   01:38:01   |
10839       |       -2443.48   |       -2454.34   |        10.8564   |   15:14:30   |   01:37:57   |


Iter        |      Posterior   |     Likelihood   |          Prior   |    elapsed   |        ETA   |
----------------------------------------------------------------------------------------------------
10840       |       -2443.82   |        -2454.8   |        10.9817   |   15:14:46   |   01:37:53   |
10841       |       -2444.04   |       -2455.03   |        10.9877   |   15:17:19   |   01:38:04   |
10842       |       -2444.04   |       -2455.03   |        10.9877   |   15:17:35   |   01:38:00   |
10843       |       -2443.21   |       -2454.07   |        10.8651   |   15:17:51   |   01:37:56   |
10844       |       -2442.63   |       -2453.51   |        10.8785   |   15:18:07   |   01:37:52   |
10845       |       -2443.38   |       -2454.26   |        10.8786   |   15:18:23   |   01:37:48   |
10846       |       -2444.94   |       -2455.81   |        10.8663   |   15:18:39   |   01:37:44   |
10847       |       -2446.76   |       -2457.62   |        10.8595   |   15:18:55   |   01:37:40   |
10848       |       -2446.93   |       -2458.16   |         11.234   |   15:19:11   |   01:37:36   |
10849       |       -2444.25   |       -2455.49   |        11.2452   |   15:19:27   |   01:37:32   |
10850       |       -2445.92   |       -2457.21   |         11.293   |   15:19:43   |   01:37:28   |
10851       |       -2447.35   |       -2458.62   |         11.275   |   15:22:16   |   01:37:39   |
10852       |       -2447.35   |       -2458.62   |         11.275   |   15:22:32   |   01:37:35   |
10853       |       -2450.13   |       -2461.67   |        11.5407   |   15:22:48   |   01:37:31   |
10854       |       -2448.04   |       -2459.58   |        11.5407   |   15:23:04   |   01:37:27   |
10855       |       -2448.04   |       -2459.58   |        11.5407   |   15:23:20   |   01:37:23   |
10856       |       -2448.04   |       -2459.58   |        11.5407   |   15:23:36   |   01:37:19   |
10857       |          -2447   |       -2458.25   |        11.2534   |   15:23:53   |   01:37:15   |
10858       |       -2445.43   |       -2456.15   |        10.7218   |   15:24:08   |   01:37:11   |
10859       |       -2446.92   |       -2457.64   |        10.7176   |   15:24:25   |   01:37:07   |


Iter        |      Posterior   |     Likelihood   |          Prior   |    elapsed   |        ETA   |
----------------------------------------------------------------------------------------------------
10860       |       -2446.53   |       -2457.25   |         10.714   |   15:24:41   |   01:37:03   |
10861       |       -2445.94   |       -2456.66   |        10.7237   |   15:27:14   |   01:37:14   |
10862       |       -2445.42   |       -2455.97   |        10.5521   |   15:27:30   |   01:37:10   |
10863       |       -2445.82   |       -2456.39   |        10.5659   |   15:27:46   |   01:37:06   |
10864       |        -2445.7   |       -2456.17   |        10.4715   |   15:28:02   |   01:37:02   |
10865       |       -2446.58   |       -2457.05   |        10.4629   |   15:28:18   |   01:36:58   |
10866       |       -2448.18   |       -2459.43   |        11.2572   |   15:28:34   |   01:36:54   |
10867       |       -2446.63   |        -2457.9   |        11.2638   |   15:28:50   |   01:36:50   |
10868       |       -2443.72   |       -2453.82   |        10.0996   |   15:29:06   |   01:36:46   |
10869       |       -2444.76   |       -2454.86   |        10.1044   |   15:29:22   |   01:36:42   |
10870       |       -2441.73   |       -2450.41   |        8.67931   |   15:29:38   |   01:36:38   |
10871       |       -2442.19   |       -2450.82   |        8.62967   |   15:32:11   |   01:36:48   |
10872       |       -2442.05   |       -2450.78   |        8.72833   |   15:32:27   |   01:36:44   |
10873       |       -2444.64   |       -2453.53   |        8.88849   |   15:32:44   |   01:36:40   |
10874       |       -2446.49   |       -2455.38   |        8.88514   |   15:33:00   |   01:36:36   |
10875       |       -2444.66   |       -2453.55   |        8.88822   |   15:33:16   |   01:36:32   |
10876       |       -2443.12   |       -2452.17   |        9.04674   |   15:33:32   |   01:36:28   |
10877       |       -2443.77   |       -2452.83   |        9.05514   |   15:33:48   |   01:36:24   |
10878       |       -2444.92   |       -2452.97   |        8.05122   |   15:34:04   |   01:36:20   |
10879       |       -2443.94   |       -2453.89   |        9.94214   |   15:34:20   |   01:36:16   |


Iter        |      Posterior   |     Likelihood   |          Prior   |    elapsed   |        ETA   |
----------------------------------------------------------------------------------------------------
10880       |       -2445.52   |       -2455.64   |        10.1201   |   15:34:36   |   01:36:12   |
10881       |       -2444.81   |       -2454.51   |        9.69267   |   15:37:09   |   01:36:22   |
10882       |       -2442.61   |       -2452.31   |         9.6925   |   15:37:25   |   01:36:18   |
10883       |       -2444.89   |       -2454.57   |        9.67416   |   15:37:41   |   01:36:14   |
10884       |       -2444.32   |       -2454.32   |        9.99934   |   15:37:57   |   01:36:10   |
10885       |       -2444.89   |       -2454.89   |        9.99825   |   15:38:13   |   01:36:06   |
10886       |       -2447.12   |       -2457.08   |        9.95361   |   15:38:29   |   01:36:02   |
10887       |       -2446.57   |       -2457.33   |         10.764   |   15:38:45   |   01:35:58   |
10888       |       -2443.61   |       -2454.23   |        10.6179   |   15:39:01   |   01:35:54   |
10889       |       -2444.44   |       -2452.14   |        7.69301   |   15:39:17   |   01:35:50   |
10890       |       -2443.67   |       -2451.32   |        7.64905   |   15:39:33   |   01:35:46   |
10891       |       -2442.41   |       -2450.06   |        7.65508   |   15:42:07   |   01:35:55   |
10892       |       -2442.41   |       -2450.06   |        7.65508   |   15:42:23   |   01:35:51   |
10893       |       -2442.52   |       -2450.08   |        7.55523   |   15:42:39   |   01:35:47   |
10894       |       -2444.12   |       -2451.67   |        7.55716   |   15:42:55   |   01:35:43   |
10895       |       -2444.74   |       -2452.71   |        7.96654   |   15:43:11   |   01:35:39   |
10896       |       -2447.22   |       -2455.31   |        8.08116   |   15:43:27   |   01:35:35   |
10897       |        -2444.2   |       -2452.31   |        8.11144   |   15:43:43   |   01:35:31   |
10898       |       -2444.25   |       -2452.92   |         8.6689   |   15:43:59   |   01:35:27   |
10899       |       -2445.31   |       -2453.98   |        8.66517   |   15:44:15   |   01:35:23   |


Iter        |      Posterior   |     Likelihood   |          Prior   |    elapsed   |        ETA   |
----------------------------------------------------------------------------------------------------
10900       |       -2445.23   |       -2453.86   |        8.63111   |   15:44:31   |   01:35:19   |
10901       |       -2445.14   |       -2453.99   |        8.85185   |   15:47:04   |   01:35:28   |
10902       |       -2445.17   |       -2454.02   |        8.84495   |   15:47:20   |   01:35:24   |
10903       |       -2447.53   |          -2456   |        8.47018   |   15:47:37   |   01:35:20   |
10904       |        -2447.9   |       -2457.67   |        9.76574   |   15:47:53   |   01:35:16   |
10905       |       -2445.97   |       -2455.86   |        9.88732   |   15:48:09   |   01:35:12   |
10906       |       -2446.36   |       -2456.23   |        9.87112   |   15:48:25   |   01:35:08   |
10907       |       -2446.85   |       -2456.71   |        9.85941   |   15:48:41   |   01:35:04   |
10908       |       -2443.37   |       -2453.55   |        10.1847   |   15:48:57   |   01:34:59   |
10909       |       -2443.51   |        -2453.2   |        9.68546   |   15:49:13   |   01:34:55   |
10910       |       -2443.51   |        -2453.2   |        9.68546   |   15:49:29   |   01:34:51   |
10911       |       -2443.51   |        -2453.2   |        9.68546   |   15:52:02   |   01:35:01   |
10912       |       -2442.67   |       -2452.36   |        9.68581   |   15:52:18   |   01:34:57   |
10913       |       -2445.86   |       -2456.58   |        10.7146   |   15:52:34   |   01:34:52   |
10914       |        -2445.5   |       -2456.22   |        10.7117   |   15:52:50   |   01:34:48   |
10915       |        -2445.5   |       -2456.22   |        10.7117   |   15:53:06   |   01:34:44   |
10916       |       -2446.03   |       -2456.57   |        10.5398   |   15:53:22   |   01:34:40   |
10917       |       -2446.54   |        -2457.1   |        10.5629   |   15:53:38   |   01:34:36   |
10918       |       -2448.43   |       -2458.99   |        10.5587   |   15:53:54   |   01:34:32   |
10919       |       -2445.85   |       -2456.16   |        10.3088   |   15:54:10   |   01:34:27   |


Iter        |      Posterior   |     Likelihood   |          Prior   |    elapsed   |        ETA   |
----------------------------------------------------------------------------------------------------
10920       |        -2445.5   |       -2455.09   |        9.58654   |   15:54:26   |   01:34:23   |
10921       |       -2443.94   |       -2454.17   |        10.2262   |   15:57:00   |   01:34:33   |
10922       |       -2443.95   |        -2453.2   |        9.25208   |   15:57:16   |   01:34:28   |
10923       |       -2444.64   |       -2453.88   |        9.23722   |   15:57:32   |   01:34:24   |
10924       |       -2447.61   |          -2457   |        9.39116   |   15:57:48   |   01:34:20   |
10925       |       -2442.51   |        -2451.7   |        9.19656   |   15:58:04   |   01:34:16   |
10926       |       -2442.51   |        -2451.7   |        9.19656   |   15:58:20   |   01:34:12   |
10927       |       -2443.91   |       -2453.37   |        9.45989   |   15:58:36   |   01:34:07   |
10928       |       -2442.81   |       -2452.08   |        9.26168   |   15:58:52   |   01:34:03   |
10929       |       -2445.41   |       -2454.66   |        9.24956   |   15:59:08   |   01:33:59   |
10930       |       -2445.36   |       -2454.61   |        9.24956   |   15:59:25   |   01:33:55   |
10931       |       -2446.45   |       -2455.91   |        9.45736   |   16:01:57   |   01:34:04   |
10932       |       -2448.24   |       -2457.57   |        9.32969   |   16:02:13   |   01:34:00   |
10933       |       -2445.82   |       -2456.28   |        10.4548   |   16:02:29   |   01:33:55   |
10934       |       -2446.28   |       -2456.73   |        10.4545   |   16:02:46   |   01:33:51   |
10935       |       -2445.54   |       -2455.99   |        10.4552   |   16:03:02   |   01:33:47   |
10936       |          -2446   |        -2456.4   |        10.3992   |   16:03:18   |   01:33:43   |
10937       |       -2445.98   |       -2456.39   |         10.405   |   16:03:34   |   01:33:39   |
10938       |       -2444.96   |       -2453.81   |        8.85681   |   16:03:50   |   01:33:34   |
10939       |       -2443.28   |       -2452.91   |        9.63124   |   16:04:06   |   01:33:30   |


Iter        |      Posterior   |     Likelihood   |          Prior   |    elapsed   |        ETA   |
----------------------------------------------------------------------------------------------------
10940       |       -2443.57   |       -2453.21   |         9.6402   |   16:04:22   |   01:33:26   |
10941       |       -2444.33   |       -2453.97   |        9.63836   |   16:06:55   |   01:33:35   |
10942       |       -2444.46   |        -2454.1   |        9.64325   |   16:07:11   |   01:33:31   |
10943       |       -2445.43   |       -2455.12   |        9.69076   |   16:07:27   |   01:33:26   |
10944       |       -2442.91   |       -2452.69   |        9.77788   |   16:07:43   |   01:33:22   |
10945       |       -2441.71   |       -2451.49   |        9.77462   |   16:07:59   |   01:33:18   |
10946       |       -2442.92   |       -2451.94   |        9.01737   |   16:08:15   |   01:33:14   |
10947       |       -2441.59   |       -2450.39   |        8.80171   |   16:08:32   |   01:33:09   |
10948       |       -2442.98   |       -2451.48   |        8.50283   |   16:08:48   |   01:33:05   |
10949       |       -2442.09   |       -2450.59   |        8.49656   |   16:09:04   |   01:33:01   |
10950       |       -2442.82   |       -2451.31   |        8.48195   |   16:09:20   |   01:32:56   |
10951       |       -2442.84   |       -2451.32   |        8.48097   |   16:11:53   |   01:33:05   |
10952       |       -2442.48   |       -2450.89   |        8.41178   |   16:12:09   |   01:33:01   |
10953       |       -2442.56   |       -2450.97   |        8.41268   |   16:12:25   |   01:32:57   |
10954       |       -2442.71   |       -2450.98   |        8.26816   |   16:12:41   |   01:32:52   |
10955       |        -2443.3   |       -2452.02   |        8.71903   |   16:12:57   |   01:32:48   |
10956       |       -2442.68   |       -2451.39   |        8.71256   |   16:13:13   |   01:32:44   |
10957       |       -2445.58   |       -2454.33   |        8.75237   |   16:13:29   |   01:32:39   |
10958       |       -2444.09   |       -2453.72   |        9.63532   |   16:13:45   |   01:32:35   |
10959       |       -2442.09   |       -2451.72   |          9.633   |   16:14:01   |   01:32:31   |


Iter        |      Posterior   |     Likelihood   |          Prior   |    elapsed   |        ETA   |
----------------------------------------------------------------------------------------------------
10960       |       -2445.33   |       -2454.84   |        9.50958   |   16:14:17   |   01:32:27   |
10961       |       -2447.64   |       -2457.17   |        9.52989   |   16:16:51   |   01:32:35   |
10962       |        -2443.7   |       -2452.66   |        8.96318   |   16:17:07   |   01:32:31   |
10963       |       -2446.05   |       -2455.41   |         9.3534   |   16:17:23   |   01:32:27   |
10964       |       -2444.78   |       -2454.06   |        9.28495   |   16:17:39   |   01:32:22   |
10965       |       -2447.27   |       -2456.52   |         9.2512   |   16:17:55   |   01:32:18   |
10966       |       -2446.54   |       -2455.97   |        9.42403   |   16:18:11   |   01:32:14   |
10967       |       -2444.44   |       -2454.27   |        9.82843   |   16:18:27   |   01:32:09   |
10968       |        -2446.7   |       -2456.53   |        9.82514   |   16:18:43   |   01:32:05   |
10969       |       -2447.81   |       -2457.62   |        9.80893   |   16:18:59   |   01:32:01   |
10970       |       -2443.57   |        -2453.4   |        9.82667   |   16:19:15   |   01:31:56   |
10971       |       -2443.38   |       -2453.67   |        10.2907   |   16:21:49   |   01:32:05   |
10972       |       -2443.06   |       -2453.13   |        10.0694   |   16:22:05   |   01:32:00   |
10973       |       -2443.19   |       -2453.53   |        10.3367   |   16:22:21   |   01:31:56   |
10974       |       -2443.97   |       -2454.29   |        10.3184   |   16:22:37   |   01:31:52   |
10975       |        -2442.1   |       -2452.22   |        10.1207   |   16:22:53   |   01:31:47   |
10976       |       -2442.59   |       -2452.71   |        10.1131   |   16:23:09   |   01:31:43   |
10977       |       -2443.03   |       -2453.05   |        10.0153   |   16:23:25   |   01:31:38   |
10978       |       -2443.06   |       -2451.72   |        8.65535   |   16:23:41   |   01:31:34   |
10979       |       -2443.55   |       -2452.19   |        8.64643   |   16:23:57   |   01:31:30   |


Iter        |      Posterior   |     Likelihood   |          Prior   |    elapsed   |        ETA   |
----------------------------------------------------------------------------------------------------
10980       |       -2442.48   |       -2451.14   |         8.6543   |   16:24:13   |   01:31:25   |
10981       |       -2445.16   |       -2454.25   |        9.08753   |   16:26:47   |   01:31:34   |
10982       |       -2443.08   |       -2452.19   |        9.10756   |   16:27:03   |   01:31:29   |
10983       |       -2443.15   |       -2451.87   |        8.72567   |   16:27:19   |   01:31:25   |
10984       |          -2443   |       -2451.62   |        8.61788   |   16:27:35   |   01:31:20   |
10985       |       -2441.88   |       -2450.49   |        8.61319   |   16:27:51   |   01:31:16   |
10986       |       -2441.88   |       -2450.49   |        8.61319   |   16:28:07   |   01:31:12   |
10987       |       -2448.28   |       -2457.68   |        9.40403   |   16:28:23   |   01:31:07   |
10988       |       -2446.98   |       -2456.39   |        9.41146   |   16:28:39   |   01:31:03   |
10989       |       -2448.19   |       -2456.32   |        8.13537   |   16:28:55   |   01:30:58   |
10990       |       -2442.45   |       -2450.63   |        8.17457   |   16:29:11   |   01:30:54   |
10991       |       -2444.52   |        -2452.7   |        8.17408   |   16:31:44   |   01:31:02   |
10992       |       -2444.41   |       -2452.58   |        8.16867   |   16:32:00   |   01:30:58   |
10993       |       -2444.94   |       -2454.76   |        9.82261   |   16:32:16   |   01:30:53   |
10994       |       -2442.52   |       -2452.65   |        10.1267   |   16:32:32   |   01:30:49   |
10995       |       -2443.46   |       -2453.41   |        9.95006   |   16:32:48   |   01:30:44   |
10996       |       -2445.84   |       -2456.25   |        10.4085   |   16:33:04   |   01:30:40   |
10997       |       -2443.51   |       -2452.48   |        8.96141   |   16:33:21   |   01:30:36   |
10998       |       -2444.77   |       -2453.55   |          8.783   |   16:33:37   |   01:30:31   |
10999       |       -2443.12   |       -2451.92   |        8.79561   |   16:33:53   |   01:30:27   |


Iter        |      Posterior   |     Likelihood   |          Prior   |    elapsed   |        ETA   |
----------------------------------------------------------------------------------------------------
11000       |       -2443.11   |       -2452.01   |        8.90129   |   16:34:09   |   01:30:22   |
11001       |       -2442.26   |       -2451.16   |        8.89945   |   16:36:42   |   01:30:30   |
11002       |       -2442.67   |       -2452.62   |        9.95113   |   16:36:58   |   01:30:26   |
11003       |       -2443.72   |       -2453.66   |        9.94166   |   16:37:14   |   01:30:21   |
11004       |       -2444.26   |       -2454.18   |         9.9204   |   16:37:30   |   01:30:17   |
11005       |       -2443.62   |       -2453.49   |        9.86418   |   16:37:46   |   01:30:12   |
11006       |       -2444.52   |       -2455.55   |        11.0358   |   16:38:02   |   01:30:08   |
11007       |       -2444.85   |       -2455.85   |        10.9969   |   16:38:18   |   01:30:03   |
11008       |       -2446.65   |       -2457.65   |        10.9992   |   16:38:34   |   01:29:59   |
11009       |       -2447.55   |       -2458.47   |        10.9192   |   16:38:50   |   01:29:54   |
11010       |       -2445.09   |       -2456.28   |        11.1845   |   16:39:06   |   01:29:50   |
11011       |       -2445.15   |       -2456.34   |        11.1869   |   16:41:39   |   01:29:58   |
11012       |       -2446.26   |       -2457.01   |        10.7535   |   16:41:55   |   01:29:53   |
11013       |       -2448.64   |       -2459.39   |         10.744   |   16:42:11   |   01:29:49   |
11014       |       -2448.11   |        -2458.7   |        10.5902   |   16:42:27   |   01:29:44   |
11015       |       -2447.33   |       -2457.91   |        10.5849   |   16:42:43   |   01:29:39   |
11016       |       -2446.31   |       -2456.88   |        10.5691   |   16:42:59   |   01:29:35   |
11017       |       -2446.97   |       -2457.54   |        10.5694   |   16:43:15   |   01:29:30   |
11018       |        -2447.6   |       -2458.39   |        10.7876   |   16:43:31   |   01:29:26   |
11019       |       -2446.72   |       -2457.51   |        10.7914   |   16:43:47   |   01:29:21   |


Iter        |      Posterior   |     Likelihood   |          Prior   |    elapsed   |        ETA   |
----------------------------------------------------------------------------------------------------
11020       |       -2445.57   |       -2456.36   |         10.785   |   16:44:04   |   01:29:17   |
11021       |       -2445.82   |        -2456.6   |        10.7823   |   16:46:37   |   01:29:25   |
11022       |       -2444.54   |       -2455.64   |         11.105   |   16:46:53   |   01:29:20   |
11023       |        -2444.7   |       -2455.89   |        11.1864   |   16:47:09   |   01:29:15   |
11024       |       -2448.77   |       -2461.36   |         12.589   |   16:47:25   |   01:29:11   |
11025       |       -2448.66   |       -2461.26   |        12.5947   |   16:47:41   |   01:29:06   |
11026       |       -2446.68   |        -2459.3   |        12.6172   |   16:47:57   |   01:29:02   |
11027       |       -2445.53   |       -2458.13   |        12.6057   |   16:48:13   |   01:28:57   |
11028       |       -2447.77   |       -2460.68   |        12.9094   |   16:48:29   |   01:28:53   |
11029       |       -2447.66   |       -2460.57   |        12.9154   |   16:48:45   |   01:28:48   |
11030       |       -2447.28   |       -2459.91   |        12.6286   |   16:49:01   |   01:28:44   |
11031       |       -2447.23   |       -2459.86   |        12.6288   |   16:51:35   |   01:28:51   |
11032       |       -2447.93   |       -2460.54   |        12.6119   |   16:51:51   |   01:28:47   |
11033       |       -2446.95   |       -2459.57   |        12.6219   |   16:52:07   |   01:28:42   |
11034       |       -2448.06   |       -2460.95   |        12.8889   |   16:52:23   |   01:28:37   |
11035       |       -2448.31   |        -2460.1   |        11.7912   |   16:52:39   |   01:28:33   |
11036       |       -2447.49   |        -2459.7   |        12.2136   |   16:52:55   |   01:28:28   |
11037       |       -2448.16   |        -2460.2   |        12.0416   |   16:53:11   |   01:28:24   |
11038       |       -2447.64   |       -2459.69   |        12.0476   |   16:53:27   |   01:28:19   |
11039       |       -2447.32   |       -2459.38   |         12.054   |   16:53:43   |   01:28:14   |


Iter        |      Posterior   |     Likelihood   |          Prior   |    elapsed   |        ETA   |
----------------------------------------------------------------------------------------------------
11040       |       -2447.32   |       -2459.38   |         12.054   |   16:54:00   |   01:28:10   |
11041       |        -2447.5   |       -2459.88   |        12.3872   |   16:56:33   |   01:28:17   |
11042       |       -2447.97   |       -2460.51   |        12.5367   |   16:56:49   |   01:28:13   |
11043       |       -2447.92   |       -2460.43   |        12.5098   |   16:57:06   |   01:28:08   |
11044       |       -2447.17   |       -2459.68   |        12.5106   |   16:57:22   |   01:28:03   |
11045       |       -2446.75   |       -2459.25   |        12.5045   |   16:57:38   |   01:27:59   |
11046       |       -2447.41   |       -2459.91   |        12.4946   |   16:57:54   |   01:27:54   |
11047       |       -2446.08   |       -2458.44   |        12.3635   |   16:58:10   |   01:27:50   |
11048       |       -2446.08   |       -2458.44   |        12.3635   |   16:58:26   |   01:27:45   |
11049       |       -2444.52   |       -2456.34   |        11.8148   |   16:58:42   |   01:27:40   |
11050       |       -2448.01   |        -2459.5   |        11.4921   |   16:58:58   |   01:27:36   |
11051       |       -2446.06   |       -2457.57   |        11.5133   |   17:01:31   |   01:27:43   |
11052       |       -2442.49   |       -2453.47   |        10.9798   |   17:01:47   |   01:27:38   |
11053       |       -2443.82   |        -2454.8   |        10.9786   |   17:02:03   |   01:27:34   |
11054       |       -2442.54   |       -2453.52   |        10.9759   |   17:02:19   |   01:27:29   |
11055       |       -2442.54   |       -2453.52   |        10.9759   |   17:02:36   |   01:27:24   |
11056       |       -2443.32   |       -2454.29   |        10.9717   |   17:02:52   |   01:27:20   |
11057       |        -2443.3   |       -2454.28   |        10.9757   |   17:03:08   |   01:27:15   |
11058       |       -2445.76   |       -2456.01   |        10.2521   |   17:03:24   |   01:27:10   |
11059       |       -2444.79   |        -2455.3   |         10.514   |   17:03:40   |   01:27:06   |


Iter        |      Posterior   |     Likelihood   |          Prior   |    elapsed   |        ETA   |
----------------------------------------------------------------------------------------------------
11060       |       -2444.18   |       -2455.01   |         10.834   |   17:03:56   |   01:27:01   |
11061       |       -2445.84   |       -2456.64   |        10.8052   |   17:06:29   |   01:27:08   |
11062       |       -2444.63   |       -2455.45   |        10.8206   |   17:06:45   |   01:27:03   |
11063       |       -2447.55   |       -2458.46   |        10.9169   |   17:07:01   |   01:26:59   |
11064       |       -2450.98   |       -2462.18   |        11.1941   |   17:07:17   |   01:26:54   |
11065       |       -2449.49   |       -2459.23   |        9.74234   |   17:07:33   |   01:26:49   |
11066       |       -2448.99   |       -2458.74   |         9.7498   |   17:07:49   |   01:26:45   |
11067       |          -2448   |       -2457.73   |        9.72249   |   17:08:05   |   01:26:40   |
11068       |        -2447.6   |       -2457.42   |        9.82255   |   17:08:21   |   01:26:35   |
11069       |       -2448.57   |        -2458.4   |        9.82925   |   17:08:37   |   01:26:30   |
11070       |       -2446.92   |       -2456.76   |        9.83453   |   17:08:53   |   01:26:26   |
11071       |       -2447.07   |       -2456.21   |        9.14258   |   17:11:27   |   01:26:33   |
11072       |        -2447.7   |       -2456.59   |        8.89531   |   17:11:43   |   01:26:28   |
11073       |        -2444.1   |       -2453.06   |        8.95093   |   17:11:59   |   01:26:23   |
11074       |       -2445.52   |       -2454.48   |        8.96312   |   17:12:15   |   01:26:18   |
11075       |       -2444.68   |       -2453.67   |        8.99114   |   17:12:31   |   01:26:14   |
11076       |       -2445.61   |       -2454.39   |        8.78427   |   17:12:47   |   01:26:09   |
11077       |       -2445.27   |       -2454.03   |        8.75838   |   17:13:03   |   01:26:04   |
11078       |        -2443.7   |       -2452.47   |        8.76796   |   17:13:19   |   01:26:00   |
11079       |       -2444.09   |       -2452.27   |        8.17642   |   17:13:35   |   01:25:55   |


Iter        |      Posterior   |     Likelihood   |          Prior   |    elapsed   |        ETA   |
----------------------------------------------------------------------------------------------------
11080       |       -2448.59   |       -2456.42   |        7.83155   |   17:13:51   |   01:25:50   |
11081       |       -2445.72   |       -2453.61   |        7.88837   |   17:16:24   |   01:25:57   |
11082       |       -2447.73   |       -2455.29   |        7.55832   |   17:16:40   |   01:25:52   |
11083       |       -2445.66   |       -2453.42   |        7.75439   |   17:16:56   |   01:25:47   |
11084       |        -2444.5   |       -2452.27   |         7.7692   |   17:17:12   |   01:25:42   |
11085       |       -2445.98   |       -2453.73   |        7.75175   |   17:17:28   |   01:25:38   |
11086       |       -2445.91   |       -2454.21   |        8.30051   |   17:17:44   |   01:25:33   |
11087       |        -2445.8   |       -2454.36   |        8.55441   |   17:18:00   |   01:25:28   |
11088       |       -2445.85   |        -2454.4   |        8.55353   |   17:18:16   |   01:25:23   |
11089       |       -2445.85   |        -2454.4   |        8.55353   |   17:18:32   |   01:25:19   |
11090       |       -2445.85   |        -2454.4   |        8.55353   |   17:18:48   |   01:25:14   |
11091       |       -2444.81   |       -2453.37   |        8.56377   |   17:21:22   |   01:25:20   |
11092       |       -2445.32   |       -2453.82   |         8.4983   |   17:21:38   |   01:25:16   |
11093       |       -2445.32   |       -2453.82   |         8.4983   |   17:21:54   |   01:25:11   |
11094       |       -2446.11   |       -2454.48   |        8.36604   |   17:22:10   |   01:25:06   |
11095       |       -2446.09   |       -2454.45   |        8.36509   |   17:22:26   |   01:25:01   |
11096       |       -2446.09   |       -2454.45   |        8.36509   |   17:22:42   |   01:24:56   |
11097       |       -2445.76   |       -2453.04   |        7.28815   |   17:22:58   |   01:24:52   |
11098       |          -2445   |       -2451.46   |        6.45981   |   17:23:14   |   01:24:47   |
11099       |       -2447.24   |       -2453.63   |        6.38852   |   17:23:30   |   01:24:42   |


Iter        |      Posterior   |     Likelihood   |          Prior   |    elapsed   |        ETA   |
----------------------------------------------------------------------------------------------------
11100       |       -2446.83   |       -2454.05   |        7.22329   |   17:23:46   |   01:24:37   |
11101       |       -2448.47   |       -2455.69   |        7.22238   |   17:26:19   |   01:24:44   |
11102       |       -2447.84   |       -2454.87   |        7.02785   |   17:26:35   |   01:24:39   |
11103       |       -2446.93   |       -2453.96   |        7.02646   |   17:26:51   |   01:24:34   |
11104       |        -2445.3   |       -2452.91   |         7.6194   |   17:27:07   |   01:24:29   |
11105       |       -2445.08   |       -2453.49   |         8.4068   |   17:27:23   |   01:24:24   |
11106       |       -2449.41   |       -2459.15   |        9.74831   |   17:27:39   |   01:24:19   |
11107       |       -2445.15   |       -2452.91   |        7.76246   |   17:27:55   |   01:24:15   |
11108       |       -2447.27   |       -2455.54   |        8.27141   |   17:28:12   |   01:24:10   |
11109       |       -2448.46   |       -2456.74   |        8.27432   |   17:28:28   |   01:24:05   |
11110       |       -2445.94   |       -2454.23   |        8.28294   |   17:28:44   |   01:24:00   |
11111       |       -2448.38   |       -2456.46   |        8.07706   |   17:31:17   |   01:24:06   |
11112       |       -2449.43   |        -2457.5   |        8.06705   |   17:31:33   |   01:24:01   |
11113       |       -2444.73   |       -2453.03   |        8.30615   |   17:31:49   |   01:23:57   |
11114       |        -2444.2   |        -2452.5   |        8.30169   |   17:32:05   |   01:23:52   |
11115       |       -2442.96   |       -2451.26   |        8.30336   |   17:32:21   |   01:23:47   |
11116       |       -2442.96   |       -2451.26   |        8.30336   |   17:32:37   |   01:23:42   |
11117       |       -2442.37   |       -2450.68   |        8.30969   |   17:32:53   |   01:23:37   |
11118       |       -2442.44   |       -2450.82   |        8.38116   |   17:33:10   |   01:23:32   |
11119       |       -2444.09   |       -2452.27   |        8.17606   |   17:33:26   |   01:23:28   |


Iter        |      Posterior   |     Likelihood   |          Prior   |    elapsed   |        ETA   |
----------------------------------------------------------------------------------------------------
11120       |       -2446.49   |       -2455.09   |        8.59505   |   17:33:42   |   01:23:23   |
11121       |       -2444.52   |       -2454.04   |        9.52122   |   17:36:15   |   01:23:29   |
11122       |        -2443.3   |       -2453.19   |        9.88378   |   17:36:31   |   01:23:24   |
11123       |       -2443.54   |       -2453.83   |        10.2911   |   17:36:47   |   01:23:19   |
11124       |       -2443.54   |       -2453.83   |        10.2911   |   17:37:03   |   01:23:14   |
11125       |       -2444.21   |       -2454.49   |        10.2833   |   17:37:19   |   01:23:09   |
11126       |       -2444.47   |       -2454.77   |        10.2938   |   17:37:35   |   01:23:04   |
11127       |       -2450.11   |       -2460.18   |        10.0715   |   17:37:51   |   01:22:59   |
11128       |       -2450.98   |       -2460.67   |        9.68604   |   17:38:07   |   01:22:54   |
11129       |       -2447.57   |       -2457.26   |          9.684   |   17:38:23   |   01:22:49   |
11130       |       -2447.47   |       -2456.45   |        8.97965   |   17:38:39   |   01:22:45   |
11131       |       -2446.78   |       -2455.77   |        8.98677   |   17:41:13   |   01:22:50   |
11132       |       -2443.72   |       -2452.73   |        9.01586   |   17:41:29   |   01:22:46   |
11133       |       -2443.72   |       -2452.73   |        9.01586   |   17:41:45   |   01:22:41   |
11134       |       -2443.88   |       -2453.09   |        9.21369   |   17:42:01   |   01:22:36   |
11135       |       -2444.99   |       -2454.23   |        9.24366   |   17:42:17   |   01:22:31   |
11136       |       -2444.33   |       -2453.58   |        9.24647   |   17:42:33   |   01:22:26   |
11137       |       -2445.63   |       -2454.08   |        8.45138   |   17:42:49   |   01:22:21   |
11138       |       -2445.33   |       -2453.73   |         8.4054   |   17:43:05   |   01:22:16   |
11139       |       -2445.83   |       -2454.15   |        8.32737   |   17:43:21   |   01:22:11   |


Iter        |      Posterior   |     Likelihood   |          Prior   |    elapsed   |        ETA   |
----------------------------------------------------------------------------------------------------
11140       |       -2444.29   |       -2452.61   |        8.32185   |   17:43:37   |   01:22:06   |
11141       |       -2443.36   |       -2451.89   |        8.52386   |   17:46:11   |   01:22:12   |
11142       |       -2444.98   |       -2453.42   |        8.43754   |   17:46:27   |   01:22:07   |
11143       |       -2446.25   |       -2455.68   |         9.4227   |   17:46:43   |   01:22:02   |
11144       |       -2446.64   |       -2456.04   |        9.39933   |   17:46:59   |   01:21:57   |
11145       |       -2444.07   |       -2453.54   |        9.47897   |   17:47:15   |   01:21:52   |
11146       |          -2447   |       -2456.45   |        9.45656   |   17:47:31   |   01:21:47   |
11147       |       -2443.66   |       -2453.21   |         9.5574   |   17:47:47   |   01:21:42   |
11148       |       -2445.77   |       -2455.29   |        9.51571   |   17:48:03   |   01:21:37   |
11149       |       -2444.69   |       -2454.23   |         9.5361   |   17:48:19   |   01:21:32   |
11150       |       -2442.27   |       -2451.82   |        9.55307   |   17:48:35   |   01:21:27   |
11151       |       -2445.57   |       -2455.08   |        9.50616   |   17:51:08   |   01:21:33   |
11152       |       -2445.41   |       -2455.41   |        10.0037   |   17:51:24   |   01:21:28   |
11153       |       -2446.18   |       -2458.17   |        11.9961   |   17:51:40   |   01:21:23   |
11154       |       -2446.14   |       -2458.12   |        11.9777   |   17:51:56   |   01:21:18   |
11155       |       -2444.99   |       -2456.96   |        11.9693   |   17:52:12   |   01:21:13   |
11156       |       -2444.04   |       -2455.05   |        11.0089   |   17:52:28   |   01:21:08   |
11157       |       -2445.12   |       -2456.77   |        11.6478   |   17:52:44   |   01:21:03   |
11158       |       -2445.23   |       -2456.88   |        11.6458   |   17:53:01   |   01:20:58   |
11159       |       -2444.98   |       -2456.62   |        11.6465   |   17:53:17   |   01:20:53   |


Iter        |      Posterior   |     Likelihood   |          Prior   |    elapsed   |        ETA   |
----------------------------------------------------------------------------------------------------
11160       |       -2444.69   |       -2456.34   |        11.6479   |   17:53:33   |   01:20:48   |
11161       |       -2444.51   |        -2456.9   |        12.3894   |   17:56:06   |   01:20:53   |
11162       |       -2445.32   |       -2457.77   |        12.4518   |   17:56:22   |   01:20:48   |
11163       |       -2448.33   |       -2460.77   |        12.4487   |   17:56:38   |   01:20:43   |
11164       |       -2450.57   |       -2462.33   |        11.7541   |   17:56:54   |   01:20:38   |
11165       |       -2451.52   |       -2463.26   |        11.7436   |   17:57:10   |   01:20:33   |
11166       |       -2450.17   |       -2461.77   |         11.592   |   17:57:26   |   01:20:28   |
11167       |       -2447.68   |       -2459.42   |        11.7463   |   17:57:42   |   01:20:23   |
11168       |       -2450.81   |       -2462.65   |         11.833   |   17:57:58   |   01:20:18   |
11169       |       -2451.42   |       -2463.37   |        11.9495   |   17:58:14   |   01:20:13   |
11170       |       -2451.75   |       -2463.57   |        11.8192   |   17:58:30   |   01:20:08   |
11171       |       -2451.35   |       -2462.67   |        11.3226   |   18:01:03   |   01:20:13   |
11172       |        -2447.7   |        -2458.8   |        11.1067   |   18:01:20   |   01:20:08   |
11173       |       -2448.02   |       -2459.13   |        11.1065   |   18:01:36   |   01:20:03   |
11174       |       -2449.64   |       -2460.74   |         11.102   |   18:01:52   |   01:19:58   |
11175       |        -2450.7   |        -2461.8   |        11.0996   |   18:02:08   |   01:19:53   |
11176       |       -2449.59   |       -2461.24   |        11.6493   |   18:02:24   |   01:19:48   |
11177       |       -2452.84   |       -2464.48   |        11.6438   |   18:02:40   |   01:19:43   |
11178       |       -2450.89   |       -2462.39   |        11.4965   |   18:02:56   |   01:19:38   |
11179       |       -2448.94   |       -2458.75   |        9.81498   |   18:03:12   |   01:19:33   |


Iter        |      Posterior   |     Likelihood   |          Prior   |    elapsed   |        ETA   |
----------------------------------------------------------------------------------------------------
11180       |       -2446.59   |       -2456.56   |        9.96936   |   18:03:28   |   01:19:28   |
11181       |       -2444.16   |       -2454.13   |        9.97889   |   18:06:01   |   01:19:32   |
11182       |       -2443.74   |       -2453.72   |        9.98262   |   18:06:17   |   01:19:27   |
11183       |       -2442.97   |       -2452.95   |         9.9828   |   18:06:33   |   01:19:22   |
11184       |       -2442.18   |       -2452.01   |        9.82296   |   18:06:49   |   01:19:17   |
11185       |       -2443.37   |        -2453.2   |         9.8293   |   18:07:05   |   01:19:12   |
11186       |       -2443.54   |       -2453.35   |         9.8133   |   18:07:21   |   01:19:07   |
11187       |       -2444.79   |        -2454.6   |        9.80919   |   18:07:37   |   01:19:02   |
11188       |       -2445.59   |       -2454.08   |        8.48779   |   18:07:53   |   01:18:57   |
11189       |       -2445.36   |       -2456.02   |        10.6651   |   18:08:09   |   01:18:52   |
11190       |       -2446.14   |       -2456.87   |        10.7273   |   18:08:25   |   01:18:47   |
11191       |       -2450.36   |       -2462.66   |        12.2968   |   18:10:59   |   01:18:52   |
11192       |       -2451.19   |       -2463.49   |        12.2993   |   18:11:15   |   01:18:46   |
11193       |       -2450.07   |       -2462.32   |        12.2468   |   18:11:31   |   01:18:41   |
11194       |       -2445.47   |       -2457.72   |        12.2477   |   18:11:47   |   01:18:36   |
11195       |       -2445.27   |       -2457.53   |        12.2597   |   18:12:03   |   01:18:31   |
11196       |       -2447.86   |        -2460.1   |        12.2405   |   18:12:19   |   01:18:26   |
11197       |       -2446.34   |       -2458.07   |         11.723   |   18:12:35   |   01:18:21   |
11198       |       -2448.05   |       -2458.69   |        10.6406   |   18:12:51   |   01:18:16   |
11199       |       -2445.46   |       -2456.54   |        11.0844   |   18:13:07   |   01:18:11   |


Iter        |      Posterior   |     Likelihood   |          Prior   |    elapsed   |        ETA   |
----------------------------------------------------------------------------------------------------
11200       |       -2448.21   |       -2459.31   |        11.1009   |   18:13:23   |   01:18:05   |
11201       |       -2445.08   |        -2456.9   |        11.8186   |   18:15:57   |   01:18:10   |
11202       |       -2444.34   |       -2456.08   |        11.7348   |   18:16:13   |   01:18:05   |
11203       |       -2444.34   |       -2456.08   |        11.7348   |   18:16:29   |   01:18:00   |
11204       |       -2444.34   |       -2456.08   |        11.7348   |   18:16:45   |   01:17:55   |
11205       |       -2444.33   |       -2456.05   |         11.727   |   18:17:01   |   01:17:50   |
11206       |       -2445.41   |       -2457.13   |        11.7161   |   18:17:17   |   01:17:44   |
11207       |       -2446.32   |       -2457.99   |        11.6663   |   18:17:33   |   01:17:39   |
11208       |       -2444.64   |       -2456.46   |        11.8167   |   18:17:49   |   01:17:34   |
11209       |       -2445.84   |       -2457.07   |         11.227   |   18:18:05   |   01:17:29   |
11210       |       -2445.52   |       -2457.27   |        11.7459   |   18:18:21   |   01:17:24   |
11211       |       -2443.64   |        -2454.7   |        11.0566   |   18:20:54   |   01:17:28   |
11212       |        -2443.8   |       -2454.85   |        11.0537   |   18:21:11   |   01:17:23   |
11213       |        -2444.3   |       -2455.47   |        11.1642   |   18:21:27   |   01:17:18   |
11214       |       -2444.47   |       -2455.59   |        11.1199   |   18:21:43   |   01:17:13   |
11215       |       -2445.51   |       -2456.79   |        11.2867   |   18:21:59   |   01:17:08   |
11216       |       -2446.14   |       -2457.43   |        11.2868   |   18:22:15   |   01:17:02   |
11217       |       -2444.27   |       -2455.36   |        11.0932   |   18:22:31   |   01:16:57   |
11218       |       -2444.96   |       -2456.04   |        11.0851   |   18:22:47   |   01:16:52   |
11219       |       -2446.74   |       -2458.07   |        11.3254   |   18:23:03   |   01:16:47   |


Iter        |      Posterior   |     Likelihood   |          Prior   |    elapsed   |        ETA   |
----------------------------------------------------------------------------------------------------
11220       |       -2448.94   |       -2460.28   |        11.3374   |   18:23:19   |   01:16:42   |
11221       |       -2446.45   |       -2457.67   |        11.2192   |   18:25:52   |   01:16:46   |
11222       |        -2444.1   |       -2454.32   |        10.2197   |   18:26:08   |   01:16:41   |
11223       |       -2445.42   |       -2455.63   |        10.2052   |   18:26:24   |   01:16:35   |
11224       |       -2444.43   |       -2454.65   |        10.2238   |   18:26:40   |   01:16:30   |
11225       |       -2446.95   |       -2458.56   |        11.6115   |   18:26:56   |   01:16:25   |
11226       |       -2447.38   |          -2459   |        11.6195   |   18:27:12   |   01:16:20   |
11227       |       -2450.53   |       -2462.14   |        11.6156   |   18:27:28   |   01:16:15   |
11228       |       -2448.66   |       -2460.61   |        11.9487   |   18:27:44   |   01:16:09   |
11229       |       -2447.94   |       -2460.02   |        12.0753   |   18:28:00   |   01:16:04   |
11230       |       -2448.25   |       -2460.32   |        12.0705   |   18:28:16   |   01:15:59   |
11231       |        -2446.4   |       -2458.49   |        12.0865   |   18:30:49   |   01:16:03   |
11232       |        -2446.4   |       -2458.49   |        12.0865   |   18:31:05   |   01:15:58   |
11233       |       -2449.77   |       -2461.72   |        11.9553   |   18:31:21   |   01:15:53   |
11234       |       -2449.69   |       -2460.81   |        11.1183   |   18:31:37   |   01:15:47   |
11235       |       -2446.91   |       -2458.15   |        11.2406   |   18:31:53   |   01:15:42   |
11236       |       -2448.78   |       -2460.02   |        11.2363   |   18:32:09   |   01:15:37   |
11237       |       -2452.44   |       -2463.67   |        11.2301   |   18:32:26   |   01:15:32   |
11238       |       -2448.36   |       -2459.04   |        10.6847   |   18:32:42   |   01:15:26   |
11239       |       -2449.14   |       -2459.84   |        10.7013   |   18:32:58   |   01:15:21   |


Iter        |      Posterior   |     Likelihood   |          Prior   |    elapsed   |        ETA   |
----------------------------------------------------------------------------------------------------
11240       |       -2449.41   |        -2460.1   |         10.687   |   18:33:14   |   01:15:16   |
11241       |       -2453.95   |       -2464.76   |        10.8181   |   18:35:47   |   01:15:20   |
11242       |       -2451.14   |       -2461.96   |        10.8191   |   18:36:03   |   01:15:15   |
11243       |       -2452.63   |       -2464.67   |         12.031   |   18:36:19   |   01:15:09   |
11244       |        -2452.1   |       -2462.92   |         10.825   |   18:36:35   |   01:15:04   |
11245       |       -2450.87   |       -2462.59   |        11.7246   |   18:36:51   |   01:14:59   |
11246       |       -2451.74   |       -2463.43   |         11.695   |   18:37:07   |   01:14:53   |
11247       |       -2449.02   |       -2460.74   |        11.7191   |   18:37:23   |   01:14:48   |
11248       |       -2448.68   |       -2460.38   |        11.6936   |   18:37:39   |   01:14:43   |
11249       |       -2448.68   |       -2460.38   |        11.6936   |   18:37:55   |   01:14:38   |
11250       |       -2450.21   |       -2462.26   |        12.0501   |   18:38:12   |   01:14:32   |
11251       |       -2449.64   |       -2461.92   |        12.2855   |   18:40:45   |   01:14:36   |
11252       |       -2447.46   |       -2459.21   |        11.7564   |   18:41:01   |   01:14:31   |
11253       |        -2445.8   |       -2457.17   |        11.3671   |   18:41:17   |   01:14:26   |
11254       |       -2445.58   |       -2457.01   |        11.4272   |   18:41:33   |   01:14:20   |
11255       |        -2447.2   |       -2458.47   |         11.269   |   18:41:49   |   01:14:15   |
11256       |       -2447.06   |       -2458.33   |        11.2686   |   18:42:05   |   01:14:10   |
11257       |       -2446.62   |        -2457.9   |        11.2858   |   18:42:21   |   01:14:04   |
11258       |       -2445.06   |          -2456   |        10.9415   |   18:42:37   |   01:13:59   |
11259       |       -2444.69   |       -2455.24   |        10.5427   |   18:42:53   |   01:13:54   |


Iter        |      Posterior   |     Likelihood   |          Prior   |    elapsed   |        ETA   |
----------------------------------------------------------------------------------------------------
11260       |       -2444.77   |       -2455.19   |        10.4216   |   18:43:09   |   01:13:48   |
11261       |        -2443.9   |       -2454.32   |        10.4192   |   18:45:43   |   01:13:52   |
11262       |        -2443.9   |       -2454.32   |        10.4192   |   18:45:59   |   01:13:47   |
11263       |       -2444.11   |       -2454.81   |        10.6982   |   18:46:15   |   01:13:41   |
11264       |        -2445.4   |       -2456.07   |        10.6699   |   18:46:31   |   01:13:36   |
11265       |       -2445.12   |       -2455.79   |        10.6707   |   18:46:47   |   01:13:31   |
11266       |       -2445.78   |       -2456.35   |        10.5673   |   18:47:03   |   01:13:25   |
11267       |       -2447.21   |       -2458.92   |        11.7126   |   18:47:19   |   01:13:20   |
11268       |       -2445.94   |       -2456.87   |        10.9273   |   18:47:35   |   01:13:15   |
11269       |        -2446.6   |       -2458.11   |        11.5089   |   18:47:51   |   01:13:09   |
11270       |        -2445.8   |       -2456.51   |        10.7156   |   18:48:07   |   01:13:04   |
11271       |       -2446.91   |       -2457.51   |        10.6045   |   18:50:40   |   01:13:07   |
11272       |       -2447.44   |       -2458.19   |         10.754   |   18:50:56   |   01:13:02   |
11273       |       -2447.44   |       -2457.53   |        10.0848   |   18:51:12   |   01:12:57   |
11274       |       -2446.82   |       -2457.37   |        10.5514   |   18:51:29   |   01:12:51   |
11275       |       -2444.42   |          -2455   |        10.5786   |   18:51:45   |   01:12:46   |
11276       |       -2444.42   |          -2455   |        10.5786   |   18:52:01   |   01:12:41   |
11277       |       -2445.08   |       -2454.97   |        9.89115   |   18:52:17   |   01:12:35   |
11278       |       -2445.07   |       -2454.96   |        9.89121   |   18:52:33   |   01:12:30   |
11279       |       -2444.34   |       -2455.09   |         10.743   |   18:52:49   |   01:12:24   |


Iter        |      Posterior   |     Likelihood   |          Prior   |    elapsed   |        ETA   |
----------------------------------------------------------------------------------------------------
11280       |       -2444.75   |       -2455.48   |        10.7226   |   18:53:05   |   01:12:19   |
11281       |       -2446.63   |       -2457.35   |        10.7199   |   18:55:38   |   01:12:22   |
11282       |       -2445.23   |       -2455.95   |        10.7195   |   18:55:54   |   01:12:17   |
11283       |       -2444.68   |       -2455.25   |        10.5695   |   18:56:10   |   01:12:11   |
11284       |       -2444.77   |       -2454.62   |        9.84938   |   18:56:26   |   01:12:06   |
11285       |       -2446.51   |       -2456.34   |        9.83263   |   18:56:42   |   01:12:01   |
11286       |       -2442.84   |       -2452.58   |        9.74852   |   18:56:58   |   01:11:55   |
11287       |       -2444.91   |       -2454.65   |        9.73478   |   18:57:14   |   01:11:50   |
11288       |       -2444.27   |       -2453.34   |        9.07791   |   18:57:30   |   01:11:44   |
11289       |       -2445.74   |       -2454.83   |        9.09029   |   18:57:46   |   01:11:39   |
11290       |       -2445.03   |       -2454.39   |        9.35959   |   18:58:02   |   01:11:34   |
11291       |       -2444.82   |       -2455.26   |        10.4393   |   19:00:35   |   01:11:37   |
11292       |       -2446.02   |       -2456.45   |        10.4279   |   19:00:51   |   01:11:31   |
11293       |       -2449.55   |       -2459.79   |        10.2436   |   19:01:07   |   01:11:26   |
11294       |       -2446.96   |       -2457.34   |        10.3788   |   19:01:23   |   01:11:20   |
11295       |       -2446.43   |        -2456.6   |        10.1672   |   19:01:39   |   01:11:15   |
11296       |       -2446.43   |        -2456.6   |        10.1672   |   19:01:55   |   01:11:10   |
11297       |       -2448.13   |       -2456.67   |        8.53572   |   19:02:11   |   01:11:04   |
11298       |       -2449.48   |       -2457.99   |        8.50565   |   19:02:27   |   01:10:59   |
11299       |       -2448.02   |       -2456.55   |         8.5216   |   19:02:43   |   01:10:53   |


Iter        |      Posterior   |     Likelihood   |          Prior   |    elapsed   |        ETA   |
----------------------------------------------------------------------------------------------------
11300       |       -2446.97   |       -2455.51   |        8.53688   |   19:02:59   |   01:10:48   |
11301       |       -2443.74   |       -2452.28   |        8.53278   |   19:05:32   |   01:10:51   |
11302       |       -2445.51   |       -2454.16   |        8.65508   |   19:05:48   |   01:10:45   |
11303       |       -2443.66   |       -2453.52   |        9.86071   |   19:06:04   |   01:10:40   |
11304       |       -2443.69   |       -2453.55   |        9.85831   |   19:06:20   |   01:10:34   |
11305       |       -2443.69   |       -2453.55   |        9.85831   |   19:06:37   |   01:10:29   |
11306       |       -2442.69   |       -2452.65   |        9.95041   |   19:06:53   |   01:10:23   |
11307       |       -2444.76   |        -2455.7   |        10.9375   |   19:07:09   |   01:10:18   |
11308       |       -2447.93   |       -2458.63   |        10.7048   |   19:07:25   |   01:10:13   |
11309       |       -2445.38   |       -2456.12   |         10.741   |   19:07:41   |   01:10:07   |
11310       |       -2445.88   |       -2454.45   |        8.56216   |   19:07:57   |   01:10:02   |
11311       |       -2444.07   |       -2452.65   |        8.57535   |   19:10:30   |   01:10:04   |
11312       |       -2443.32   |        -2451.7   |        8.37648   |   19:10:46   |   01:09:59   |
11313       |       -2444.14   |       -2454.54   |        10.3955   |   19:11:02   |   01:09:53   |
11314       |       -2444.05   |       -2454.46   |        10.4154   |   19:11:18   |   01:09:48   |
11315       |       -2447.18   |       -2457.58   |        10.4013   |   19:11:35   |   01:09:42   |
11316       |       -2446.54   |       -2456.29   |        9.74301   |   19:11:51   |   01:09:37   |
11317       |       -2447.36   |       -2456.33   |        8.97043   |   19:12:07   |   01:09:31   |
11318       |       -2447.95   |       -2458.02   |        10.0746   |   19:12:23   |   01:09:26   |
11319       |       -2446.71   |       -2456.78   |        10.0763   |   19:12:39   |   01:09:20   |


Iter        |      Posterior   |     Likelihood   |          Prior   |    elapsed   |        ETA   |
----------------------------------------------------------------------------------------------------
11320       |       -2447.75   |       -2457.71   |        9.95878   |   19:12:55   |   01:09:15   |
11321       |       -2446.94   |       -2456.96   |        10.0179   |   19:15:29   |   01:09:18   |
11322       |       -2446.37   |       -2456.47   |        10.1048   |   19:15:45   |   01:09:12   |
11323       |       -2445.21   |        -2454.7   |        9.48885   |   19:16:01   |   01:09:07   |
11324       |       -2445.31   |       -2453.53   |        8.21789   |   19:16:17   |   01:09:01   |
11325       |       -2446.86   |       -2454.87   |        8.01085   |   19:16:33   |   01:08:56   |
11326       |       -2443.67   |       -2452.38   |        8.71026   |   19:16:49   |   01:08:50   |
11327       |       -2444.36   |       -2453.29   |        8.93734   |   19:17:05   |   01:08:44   |
11328       |        -2445.3   |       -2454.24   |        8.93759   |   19:17:21   |   01:08:39   |
11329       |        -2445.3   |       -2454.24   |        8.93759   |   19:17:37   |   01:08:33   |
11330       |       -2445.32   |       -2454.25   |        8.92812   |   19:17:53   |   01:08:28   |
11331       |       -2443.73   |       -2452.35   |        8.62231   |   19:20:27   |   01:08:30   |
11332       |       -2446.76   |       -2455.18   |        8.42136   |   19:20:43   |   01:08:25   |
11333       |       -2449.16   |       -2457.58   |        8.41437   |   19:20:59   |   01:08:19   |
11334       |       -2449.97   |       -2458.04   |        8.07298   |   19:21:15   |   01:08:14   |
11335       |       -2449.41   |       -2457.49   |        8.07502   |   19:21:31   |   01:08:08   |
11336       |       -2446.11   |       -2455.09   |        8.97284   |   19:21:47   |   01:08:03   |
11337       |       -2447.61   |       -2456.79   |         9.1829   |   19:22:03   |   01:07:57   |
11338       |          -2446   |       -2455.05   |        9.05147   |   19:22:19   |   01:07:51   |
11339       |       -2445.09   |       -2454.16   |        9.06743   |   19:22:35   |   01:07:46   |


Iter        |      Posterior   |     Likelihood   |          Prior   |    elapsed   |        ETA   |
----------------------------------------------------------------------------------------------------
11340       |       -2445.11   |       -2454.57   |        9.46379   |   19:22:51   |   01:07:40   |
11341       |       -2448.09   |       -2458.46   |        10.3687   |   19:25:25   |   01:07:43   |
11342       |       -2444.25   |       -2454.22   |        9.97722   |   19:25:41   |   01:07:37   |
11343       |       -2445.14   |       -2455.39   |        10.2497   |   19:25:57   |   01:07:31   |
11344       |       -2448.09   |        -2456.8   |        8.70712   |   19:26:13   |   01:07:26   |
11345       |       -2447.72   |       -2456.26   |        8.54478   |   19:26:29   |   01:07:20   |
11346       |       -2447.02   |       -2455.75   |        8.73601   |   19:26:45   |   01:07:15   |
11347       |       -2447.02   |       -2455.75   |        8.73601   |   19:27:01   |   01:07:09   |
11348       |       -2449.84   |       -2458.43   |        8.59496   |   19:27:17   |   01:07:03   |
11349       |       -2449.06   |       -2457.65   |         8.5874   |   19:27:33   |   01:06:58   |
11350       |       -2446.55   |       -2454.06   |        7.50806   |   19:27:49   |   01:06:52   |
11351       |       -2448.35   |       -2455.85   |        7.49868   |   19:30:23   |   01:06:55   |
11352       |       -2447.57   |       -2455.07   |        7.50286   |   19:30:39   |   01:06:49   |
11353       |       -2447.12   |       -2453.82   |        6.70313   |   19:30:55   |   01:06:43   |
11354       |       -2444.47   |       -2454.54   |        10.0666   |   19:31:11   |   01:06:38   |
11355       |       -2444.84   |       -2455.04   |         10.208   |   19:31:27   |   01:06:32   |
11356       |       -2447.36   |       -2457.55   |        10.1824   |   19:31:43   |   01:06:26   |
11357       |        -2445.9   |       -2456.14   |        10.2425   |   19:31:59   |   01:06:21   |
11358       |       -2446.57   |       -2456.82   |        10.2472   |   19:32:15   |   01:06:15   |
11359       |       -2445.09   |       -2453.41   |        8.31916   |   19:32:31   |   01:06:09   |


Iter        |      Posterior   |     Likelihood   |          Prior   |    elapsed   |        ETA   |
----------------------------------------------------------------------------------------------------
11360       |        -2444.8   |       -2453.12   |        8.32027   |   19:32:47   |   01:06:04   |
11361       |       -2445.38   |       -2453.69   |        8.31333   |   19:35:20   |   01:06:06   |
11362       |       -2447.39   |       -2456.52   |        9.13047   |   19:35:36   |   01:06:00   |
11363       |       -2443.34   |       -2452.46   |        9.12637   |   19:35:52   |   01:05:55   |
11364       |       -2444.25   |       -2453.57   |         9.3218   |   19:36:08   |   01:05:49   |
11365       |        -2444.4   |       -2453.46   |        9.06762   |   19:36:24   |   01:05:43   |
11366       |       -2443.79   |       -2452.86   |        9.06917   |   19:36:40   |   01:05:38   |
11367       |        -2444.8   |       -2453.96   |        9.16505   |   19:36:56   |   01:05:32   |
11368       |       -2443.57   |       -2453.31   |         9.7364   |   19:37:12   |   01:05:26   |
11369       |       -2445.01   |       -2454.73   |        9.72141   |   19:37:28   |   01:05:21   |
11370       |       -2445.01   |       -2454.73   |        9.72141   |   19:37:44   |   01:05:15   |
11371       |       -2444.04   |       -2453.78   |        9.73252   |   19:40:17   |   01:05:17   |
11372       |       -2449.57   |       -2458.18   |        8.60711   |   19:40:33   |   01:05:11   |
11373       |       -2453.03   |       -2461.63   |        8.59262   |   19:40:49   |   01:05:05   |
11374       |       -2451.03   |       -2459.63   |        8.59868   |   19:41:05   |   01:05:00   |
11375       |          -2444   |       -2452.21   |        8.20695   |   19:41:21   |   01:04:54   |
11376       |        -2445.6   |       -2454.79   |        9.18429   |   19:41:37   |   01:04:48   |
11377       |       -2444.88   |       -2454.06   |        9.17392   |   19:41:53   |   01:04:43   |
11378       |       -2445.24   |       -2454.42   |        9.17245   |   19:42:10   |   01:04:37   |
11379       |       -2445.45   |       -2454.78   |        9.33468   |   19:42:26   |   01:04:31   |


Iter        |      Posterior   |     Likelihood   |          Prior   |    elapsed   |        ETA   |
----------------------------------------------------------------------------------------------------
11380       |       -2445.65   |       -2454.14   |        8.49408   |   19:42:42   |   01:04:26   |
11381       |       -2445.48   |       -2453.96   |        8.47294   |   19:45:15   |   01:04:27   |
11382       |       -2445.98   |       -2454.89   |        8.91704   |   19:45:31   |   01:04:22   |
11383       |       -2444.81   |       -2453.73   |         8.9244   |   19:45:47   |   01:04:16   |
11384       |       -2445.85   |       -2454.76   |        8.90852   |   19:46:03   |   01:04:10   |
11385       |       -2443.94   |       -2452.88   |        8.93831   |   19:46:19   |   01:04:04   |
11386       |       -2443.36   |        -2452.3   |        8.93988   |   19:46:35   |   01:03:59   |
11387       |       -2444.02   |       -2452.72   |        8.70016   |   19:46:51   |   01:03:53   |
11388       |       -2444.36   |       -2453.06   |        8.69396   |   19:47:07   |   01:03:47   |
11389       |       -2444.77   |       -2453.38   |        8.61207   |   19:47:23   |   01:03:42   |
11390       |       -2449.75   |       -2458.32   |        8.57499   |   19:47:39   |   01:03:36   |
11391       |       -2448.45   |       -2458.17   |        9.72415   |   19:50:12   |   01:03:37   |
11392       |       -2450.57   |       -2460.29   |        9.72198   |   19:50:28   |   01:03:32   |
11393       |       -2447.87   |       -2456.39   |        8.51886   |   19:50:44   |   01:03:26   |
11394       |       -2449.11   |       -2457.62   |        8.51622   |   19:51:01   |   01:03:20   |
11395       |       -2448.96   |       -2457.49   |        8.52823   |   19:51:17   |   01:03:14   |
11396       |       -2444.21   |        -2452.7   |         8.4896   |   19:51:33   |   01:03:09   |
11397       |       -2445.92   |       -2453.68   |        7.75646   |   19:51:49   |   01:03:03   |
11398       |       -2445.38   |       -2452.92   |        7.54009   |   19:52:05   |   01:02:57   |
11399       |       -2444.59   |       -2452.12   |         7.5327   |   19:52:21   |   01:02:51   |


Iter        |      Posterior   |     Likelihood   |          Prior   |    elapsed   |        ETA   |
----------------------------------------------------------------------------------------------------
11400       |       -2445.02   |       -2452.54   |        7.52847   |   19:52:37   |   01:02:46   |
11401       |       -2445.18   |       -2452.71   |        7.53038   |   19:55:10   |   01:02:47   |
11402       |       -2443.34   |       -2450.94   |        7.60461   |   19:55:26   |   01:02:41   |
11403       |       -2443.04   |       -2450.64   |        7.60553   |   19:55:42   |   01:02:36   |
11404       |       -2443.35   |       -2451.08   |        7.73473   |   19:55:58   |   01:02:30   |
11405       |       -2443.02   |       -2450.72   |        7.70264   |   19:56:14   |   01:02:24   |
11406       |       -2443.93   |       -2451.64   |        7.71113   |   19:56:30   |   01:02:18   |
11407       |       -2443.49   |       -2450.42   |        6.92898   |   19:56:46   |   01:02:12   |
11408       |       -2443.76   |       -2450.68   |        6.92732   |   19:57:02   |   01:02:07   |
11409       |       -2441.78   |       -2449.76   |        7.98529   |   19:57:18   |   01:02:01   |
11410       |       -2444.28   |       -2451.82   |        7.54051   |   19:57:34   |   01:01:55   |
11411       |       -2441.76   |       -2449.57   |        7.81203   |   20:00:07   |   01:01:56   |
11412       |       -2442.52   |       -2450.33   |        7.80957   |   20:00:23   |   01:01:50   |
11413       |       -2442.63   |       -2450.34   |        7.71114   |   20:00:39   |   01:01:45   |
11414       |       -2444.47   |       -2451.15   |        6.68026   |   20:00:55   |   01:01:39   |
11415       |       -2444.26   |       -2450.94   |        6.68109   |   20:01:11   |   01:01:33   |
11416       |       -2444.45   |       -2451.13   |        6.68152   |   20:01:28   |   01:01:27   |
11417       |       -2444.59   |       -2450.86   |        6.26801   |   20:01:44   |   01:01:21   |
11418       |       -2444.07   |       -2450.34   |         6.2662   |   20:02:00   |   01:01:16   |
11419       |       -2444.98   |       -2451.13   |        6.14851   |   20:02:16   |   01:01:10   |


Iter        |      Posterior   |     Likelihood   |          Prior   |    elapsed   |        ETA   |
----------------------------------------------------------------------------------------------------
11420       |       -2445.22   |       -2451.38   |        6.16054   |   20:02:32   |   01:01:04   |
11421       |        -2446.8   |       -2452.39   |        5.59082   |   20:05:05   |   01:01:05   |
11422       |       -2447.88   |       -2453.94   |        6.05499   |   20:05:21   |   01:00:59   |
11423       |       -2448.58   |       -2456.36   |        7.77743   |   20:05:37   |   01:00:53   |
11424       |       -2453.18   |       -2459.04   |        5.86447   |   20:05:53   |   01:00:48   |
11425       |       -2449.48   |       -2455.36   |        5.87593   |   20:06:09   |   01:00:42   |
11426       |       -2449.48   |       -2455.36   |        5.87593   |   20:06:25   |   01:00:36   |
11427       |       -2448.74   |       -2456.46   |        7.71658   |   20:06:41   |   01:00:30   |
11428       |       -2448.64   |       -2456.14   |        7.49741   |   20:06:57   |   01:00:24   |
11429       |       -2449.73   |       -2456.73   |        6.99658   |   20:07:13   |   01:00:18   |
11430       |       -2451.17   |       -2457.82   |        6.65136   |   20:07:29   |   01:00:12   |
11431       |        -2449.6   |       -2456.33   |        6.72649   |   20:10:02   |   01:00:13   |
11432       |       -2447.89   |       -2453.62   |        5.72653   |   20:10:18   |   01:00:08   |
11433       |       -2449.14   |       -2454.85   |        5.71785   |   20:10:35   |   01:00:02   |
11434       |        -2447.8   |       -2453.65   |        5.84994   |   20:10:50   |   00:59:56   |
11435       |       -2447.08   |       -2453.89   |          6.804   |   20:11:06   |   00:59:50   |
11436       |       -2446.47   |       -2453.56   |         7.0889   |   20:11:23   |   00:59:44   |
11437       |       -2444.97   |       -2452.07   |        7.09958   |   20:11:39   |   00:59:38   |
11438       |       -2445.24   |       -2452.33   |        7.08346   |   20:11:55   |   00:59:32   |
11439       |       -2445.24   |       -2452.33   |        7.08346   |   20:12:11   |   00:59:26   |


Iter        |      Posterior   |     Likelihood   |          Prior   |    elapsed   |        ETA   |
----------------------------------------------------------------------------------------------------
11440       |       -2446.16   |       -2453.24   |          7.083   |   20:12:27   |   00:59:21   |
11441       |       -2443.85   |       -2451.09   |        7.24316   |   20:15:00   |   00:59:21   |
11442       |       -2444.13   |       -2451.37   |        7.24186   |   20:15:16   |   00:59:15   |
11443       |       -2446.19   |       -2453.43   |        7.23462   |   20:15:32   |   00:59:10   |
11444       |       -2443.97   |       -2451.19   |        7.22815   |   20:15:48   |   00:59:04   |
11445       |       -2443.33   |       -2450.44   |        7.10823   |   20:16:04   |   00:58:58   |
11446       |       -2443.66   |       -2451.27   |        7.60441   |   20:16:20   |   00:58:52   |
11447       |       -2443.24   |       -2450.69   |        7.45208   |   20:16:36   |   00:58:46   |
11448       |        -2443.3   |       -2450.74   |        7.44033   |   20:16:52   |   00:58:40   |
11449       |        -2442.2   |       -2449.65   |        7.44844   |   20:17:08   |   00:58:34   |
11450       |       -2443.11   |       -2451.12   |        8.01498   |   20:17:24   |   00:58:28   |
11451       |       -2443.79   |       -2451.81   |        8.02031   |   20:19:57   |   00:58:29   |
11452       |       -2445.23   |       -2453.19   |        7.95987   |   20:20:13   |   00:58:23   |
11453       |       -2443.14   |        -2451.1   |        7.96098   |   20:20:29   |   00:58:17   |
11454       |        -2442.3   |       -2450.28   |        7.97677   |   20:20:45   |   00:58:11   |
11455       |        -2443.4   |       -2451.37   |        7.97069   |   20:21:01   |   00:58:05   |
11456       |       -2444.18   |       -2452.41   |        8.23504   |   20:21:17   |   00:57:59   |
11457       |       -2444.76   |       -2453.01   |        8.24097   |   20:21:33   |   00:57:53   |
11458       |       -2444.76   |       -2453.01   |        8.24097   |   20:21:49   |   00:57:47   |
11459       |       -2446.21   |       -2454.19   |        7.97937   |   20:22:06   |   00:57:41   |


Iter        |      Posterior   |     Likelihood   |          Prior   |    elapsed   |        ETA   |
----------------------------------------------------------------------------------------------------
11460       |       -2446.48   |       -2454.38   |        7.89804   |   20:22:22   |   00:57:35   |
11461       |       -2444.71   |       -2452.28   |        7.57389   |   20:24:55   |   00:57:36   |
11462       |       -2449.19   |       -2456.42   |        7.22881   |   20:25:11   |   00:57:30   |
11463       |       -2444.81   |       -2452.39   |        7.58374   |   20:25:27   |   00:57:24   |
11464       |       -2446.46   |       -2454.03   |        7.56873   |   20:25:43   |   00:57:18   |
11465       |       -2446.74   |       -2453.45   |        6.70826   |   20:25:59   |   00:57:12   |
11466       |       -2444.58   |       -2453.64   |         9.0691   |   20:26:16   |   00:57:06   |
11467       |       -2447.78   |       -2455.13   |        7.34325   |   20:26:32   |   00:57:00   |
11468       |        -2449.7   |       -2457.08   |        7.38258   |   20:26:48   |   00:56:54   |
11469       |       -2448.47   |       -2455.41   |        6.93382   |   20:27:04   |   00:56:48   |
11470       |       -2450.32   |       -2456.34   |         6.0227   |   20:27:20   |   00:56:42   |
11471       |       -2450.06   |       -2455.81   |        5.74791   |   20:29:52   |   00:56:43   |
11472       |       -2450.31   |       -2456.07   |        5.75454   |   20:30:08   |   00:56:37   |
11473       |       -2450.18   |       -2456.06   |        5.88251   |   20:30:25   |   00:56:31   |
11474       |       -2445.55   |       -2452.75   |        7.20079   |   20:30:41   |   00:56:25   |
11475       |       -2448.71   |       -2455.91   |        7.19133   |   20:30:57   |   00:56:19   |
11476       |       -2447.46   |       -2455.27   |        7.81258   |   20:31:13   |   00:56:13   |
11477       |       -2447.46   |       -2455.27   |        7.81258   |   20:31:29   |   00:56:07   |
11478       |       -2448.23   |       -2453.81   |         5.5761   |   20:31:45   |   00:56:01   |
11479       |        -2447.4   |       -2453.28   |        5.87729   |   20:32:01   |   00:55:55   |


Iter        |      Posterior   |     Likelihood   |          Prior   |    elapsed   |        ETA   |
----------------------------------------------------------------------------------------------------
11480       |       -2448.28   |       -2454.16   |        5.87356   |   20:32:17   |   00:55:49   |
11481       |       -2450.59   |       -2457.16   |        6.56915   |   20:34:50   |   00:55:49   |
11482       |       -2447.79   |       -2454.36   |        6.56782   |   20:35:06   |   00:55:43   |
11483       |       -2447.79   |       -2454.36   |        6.56782   |   20:35:22   |   00:55:37   |
11484       |       -2450.11   |       -2456.68   |        6.56782   |   20:35:38   |   00:55:31   |
11485       |       -2447.86   |       -2454.41   |        6.55472   |   20:35:54   |   00:55:25   |
11486       |       -2448.43   |          -2455   |        6.57314   |   20:36:10   |   00:55:19   |
11487       |       -2450.96   |       -2457.54   |        6.58091   |   20:36:26   |   00:55:13   |
11488       |       -2450.84   |       -2457.42   |        6.58702   |   20:36:42   |   00:55:07   |
11489       |       -2446.59   |       -2453.51   |        6.91529   |   20:36:58   |   00:55:01   |
11490       |       -2446.58   |        -2453.5   |        6.92262   |   20:37:14   |   00:54:54   |
11491       |       -2446.58   |        -2453.5   |        6.92262   |   20:39:47   |   00:54:55   |
11492       |       -2448.48   |        -2455.4   |        6.91912   |   20:40:03   |   00:54:48   |
11493       |       -2445.69   |       -2452.73   |        7.03692   |   20:40:19   |   00:54:42   |
11494       |       -2448.29   |       -2455.33   |        7.04411   |   20:40:35   |   00:54:36   |
11495       |       -2444.88   |       -2451.69   |        6.81264   |   20:40:51   |   00:54:30   |
11496       |        -2443.4   |        -2450.2   |        6.79762   |   20:41:08   |   00:54:24   |
11497       |       -2445.41   |       -2453.19   |        7.78327   |   20:41:24   |   00:54:18   |
11498       |       -2442.82   |       -2451.46   |        8.63256   |   20:41:40   |   00:54:12   |
11499       |       -2443.82   |       -2452.43   |          8.617   |   20:41:56   |   00:54:06   |


Iter        |      Posterior   |     Likelihood   |          Prior   |    elapsed   |        ETA   |
----------------------------------------------------------------------------------------------------
11500       |       -2442.85   |       -2451.79   |        8.93939   |   20:42:12   |   00:54:00   |
11501       |       -2442.85   |       -2451.79   |        8.93939   |   20:44:45   |   00:54:00   |
11502       |       -2444.35   |       -2453.29   |        8.93581   |   20:45:01   |   00:53:54   |
11503       |       -2444.54   |       -2453.49   |        8.95308   |   20:45:17   |   00:53:48   |
11504       |        -2443.4   |       -2453.18   |        9.77976   |   20:45:33   |   00:53:42   |
11505       |       -2445.53   |       -2455.29   |         9.7606   |   20:45:49   |   00:53:36   |
11506       |       -2447.24   |          -2457   |         9.7609   |   20:46:06   |   00:53:30   |
11507       |       -2444.89   |       -2454.66   |        9.77033   |   20:46:22   |   00:53:23   |
11508       |       -2445.39   |       -2455.25   |        9.85374   |   20:46:38   |   00:53:17   |
11509       |       -2447.85   |        -2457.7   |        9.84746   |   20:46:54   |   00:53:11   |
11510       |       -2447.53   |       -2457.38   |        9.85251   |   20:47:10   |   00:53:05   |
11511       |       -2447.66   |       -2458.46   |        10.7996   |   20:49:43   |   00:53:05   |
11512       |       -2445.43   |       -2456.22   |        10.7822   |   20:49:59   |   00:52:59   |
11513       |       -2445.43   |       -2455.67   |        10.2401   |   20:50:15   |   00:52:53   |
11514       |        -2445.4   |        -2455.8   |        10.3984   |   20:50:31   |   00:52:47   |
11515       |       -2445.19   |       -2455.47   |        10.2722   |   20:50:47   |   00:52:40   |
11516       |       -2445.12   |       -2455.43   |        10.3106   |   20:51:03   |   00:52:34   |
11517       |       -2444.52   |       -2454.83   |        10.3129   |   20:51:19   |   00:52:28   |
11518       |       -2443.43   |       -2453.73   |        10.3047   |   20:51:35   |   00:52:22   |
11519       |       -2444.95   |       -2455.22   |        10.2613   |   20:51:51   |   00:52:16   |


Iter        |      Posterior   |     Likelihood   |          Prior   |    elapsed   |        ETA   |
----------------------------------------------------------------------------------------------------
11520       |       -2443.82   |        -2454.1   |        10.2792   |   20:52:07   |   00:52:10   |
11521       |       -2444.35   |       -2455.35   |        10.9986   |   20:54:41   |   00:52:09   |
11522       |       -2443.48   |       -2454.06   |        10.5746   |   20:54:57   |   00:52:03   |
11523       |       -2444.53   |       -2455.18   |        10.6496   |   20:55:13   |   00:51:57   |
11524       |       -2446.28   |       -2456.94   |        10.6541   |   20:55:29   |   00:51:51   |
11525       |       -2447.98   |       -2459.63   |         11.641   |   20:55:45   |   00:51:45   |
11526       |       -2447.88   |       -2459.11   |         11.235   |   20:56:01   |   00:51:39   |
11527       |       -2445.95   |       -2457.27   |        11.3242   |   20:56:17   |   00:51:33   |
11528       |       -2444.21   |       -2455.52   |        11.3129   |   20:56:33   |   00:51:26   |
11529       |       -2445.13   |       -2454.68   |        9.54289   |   20:56:49   |   00:51:20   |
11530       |       -2449.19   |        -2458.7   |        9.51144   |   20:57:05   |   00:51:14   |
11531       |       -2445.96   |       -2456.39   |         10.427   |   20:59:38   |   00:51:13   |
11532       |       -2447.11   |       -2457.53   |        10.4247   |   20:59:54   |   00:51:07   |
11533       |       -2446.76   |       -2457.25   |        10.4851   |   21:00:10   |   00:51:01   |
11534       |       -2446.86   |       -2457.24   |        10.3783   |   21:00:27   |   00:50:55   |
11535       |       -2442.95   |       -2453.31   |         10.358   |   21:00:43   |   00:50:49   |
11536       |       -2441.99   |       -2452.47   |        10.4797   |   21:00:59   |   00:50:43   |
11537       |       -2442.69   |       -2453.17   |        10.4702   |   21:01:15   |   00:50:36   |
11538       |       -2443.25   |       -2452.99   |        9.73831   |   21:01:31   |   00:50:30   |
11539       |       -2442.88   |       -2452.61   |        9.73453   |   21:01:47   |   00:50:24   |


Iter        |      Posterior   |     Likelihood   |          Prior   |    elapsed   |        ETA   |
----------------------------------------------------------------------------------------------------
11540       |       -2442.91   |       -2452.65   |         9.7455   |   21:02:03   |   00:50:18   |
11541       |       -2442.29   |       -2452.53   |         10.239   |   21:04:36   |   00:50:17   |
11542       |       -2443.55   |        -2453.7   |        10.1504   |   21:04:52   |   00:50:11   |
11543       |        -2443.9   |       -2454.04   |         10.136   |   21:05:08   |   00:50:05   |
11544       |       -2446.34   |       -2455.37   |        9.02725   |   21:05:24   |   00:49:59   |
11545       |       -2445.98   |       -2454.54   |        8.55914   |   21:05:40   |   00:49:52   |
11546       |       -2445.99   |       -2454.55   |        8.55907   |   21:05:56   |   00:49:46   |
11547       |       -2446.62   |       -2455.62   |        8.99988   |   21:06:12   |   00:49:40   |
11548       |       -2449.21   |       -2457.38   |        8.17048   |   21:06:28   |   00:49:34   |
11549       |       -2443.86   |       -2452.11   |        8.24922   |   21:06:44   |   00:49:28   |
11550       |       -2444.32   |       -2452.57   |        8.25022   |   21:07:00   |   00:49:21   |
11551       |       -2443.95   |       -2452.08   |        8.13869   |   21:09:33   |   00:49:20   |
11552       |       -2445.38   |       -2453.77   |        8.38645   |   21:09:49   |   00:49:14   |
11553       |       -2446.87   |       -2455.24   |        8.36783   |   21:10:05   |   00:49:08   |
11554       |       -2446.81   |       -2455.18   |        8.36904   |   21:10:21   |   00:49:02   |
11555       |       -2443.81   |       -2452.14   |        8.33237   |   21:10:37   |   00:48:55   |
11556       |       -2443.37   |       -2451.63   |        8.25833   |   21:10:53   |   00:48:49   |
11557       |       -2442.58   |       -2450.68   |         8.1072   |   21:11:09   |   00:48:43   |
11558       |       -2444.87   |       -2452.76   |        7.89135   |   21:11:25   |   00:48:37   |
11559       |        -2443.8   |        -2451.7   |        7.89976   |   21:11:41   |   00:48:31   |


Iter        |      Posterior   |     Likelihood   |          Prior   |    elapsed   |        ETA   |
----------------------------------------------------------------------------------------------------
11560       |       -2442.96   |       -2450.88   |        7.91681   |   21:11:57   |   00:48:24   |
11561       |       -2444.08   |       -2451.99   |        7.91127   |   21:14:31   |   00:48:23   |
11562       |       -2444.16   |       -2451.83   |        7.66556   |   21:14:47   |   00:48:17   |
11563       |       -2444.16   |       -2451.83   |        7.66556   |   21:15:03   |   00:48:11   |
11564       |       -2444.16   |       -2451.83   |        7.66556   |   21:15:19   |   00:48:05   |
11565       |       -2443.33   |        -2451.3   |        7.97234   |   21:15:35   |   00:47:58   |
11566       |       -2448.48   |       -2456.44   |          7.956   |   21:15:51   |   00:47:52   |
11567       |       -2444.62   |       -2452.51   |        7.89586   |   21:16:07   |   00:47:46   |
11568       |       -2443.98   |       -2451.87   |        7.89131   |   21:16:23   |   00:47:39   |
11569       |       -2443.95   |        -2452.2   |        8.24583   |   21:16:39   |   00:47:33   |
11570       |        -2444.6   |       -2452.84   |        8.24079   |   21:16:55   |   00:47:27   |
11571       |       -2448.15   |       -2458.02   |        9.86386   |   21:19:29   |   00:47:26   |
11572       |       -2448.68   |       -2456.98   |        8.29831   |   21:19:45   |   00:47:19   |
11573       |       -2449.65   |       -2458.87   |        9.22261   |   21:20:01   |   00:47:13   |
11574       |       -2448.51   |       -2457.73   |        9.22545   |   21:20:17   |   00:47:07   |
11575       |       -2449.48   |       -2457.98   |        8.50291   |   21:20:33   |   00:47:01   |
11576       |       -2446.58   |       -2455.64   |        9.06306   |   21:20:49   |   00:46:54   |
11577       |       -2444.34   |       -2453.44   |        9.10501   |   21:21:05   |   00:46:48   |
11578       |       -2445.14   |       -2455.34   |        10.2002   |   21:21:21   |   00:46:42   |
11579       |       -2447.02   |       -2457.22   |        10.1978   |   21:21:37   |   00:46:35   |


Iter        |      Posterior   |     Likelihood   |          Prior   |    elapsed   |        ETA   |
----------------------------------------------------------------------------------------------------
11580       |       -2446.87   |       -2457.06   |        10.1938   |   21:21:53   |   00:46:29   |
11581       |       -2448.16   |       -2458.68   |        10.5223   |   21:24:26   |   00:46:28   |
11582       |        -2448.6   |       -2459.15   |        10.5543   |   21:24:42   |   00:46:21   |
11583       |       -2444.34   |       -2453.84   |        9.49406   |   21:24:58   |   00:46:15   |
11584       |       -2444.79   |       -2454.28   |        9.49077   |   21:25:14   |   00:46:09   |
11585       |       -2445.18   |       -2454.68   |         9.4985   |   21:25:30   |   00:46:02   |
11586       |       -2446.94   |        -2454.8   |          7.858   |   21:25:46   |   00:45:56   |
11587       |        -2448.5   |       -2456.74   |        8.24867   |   21:26:03   |   00:45:50   |
11588       |        -2444.4   |       -2452.65   |        8.25239   |   21:26:19   |   00:45:44   |
11589       |       -2442.37   |       -2450.34   |        7.97498   |   21:26:35   |   00:45:37   |
11590       |       -2441.63   |       -2449.61   |        7.97708   |   21:26:51   |   00:45:31   |
11591       |       -2442.21   |       -2450.46   |        8.24694   |   21:29:24   |   00:45:29   |
11592       |       -2444.43   |       -2453.52   |        9.09617   |   21:29:40   |   00:45:23   |
11593       |       -2443.76   |       -2452.88   |        9.11753   |   21:29:56   |   00:45:17   |
11594       |        -2444.7   |       -2453.63   |        8.92761   |   21:30:12   |   00:45:10   |
11595       |        -2444.7   |       -2453.63   |        8.92761   |   21:30:28   |   00:45:04   |
11596       |        -2444.7   |       -2453.63   |        8.92761   |   21:30:44   |   00:44:58   |
11597       |       -2445.61   |       -2456.03   |        10.4216   |   21:31:00   |   00:44:51   |
11598       |       -2444.85   |       -2454.02   |        9.16964   |   21:31:16   |   00:44:45   |
11599       |       -2445.63   |       -2454.87   |         9.2361   |   21:31:32   |   00:44:39   |


Iter        |      Posterior   |     Likelihood   |          Prior   |    elapsed   |        ETA   |
----------------------------------------------------------------------------------------------------
11600       |       -2446.62   |       -2457.24   |        10.6263   |   21:31:48   |   00:44:32   |
11601       |       -2445.31   |       -2455.96   |        10.6431   |   21:34:22   |   00:44:31   |
11602       |       -2445.83   |       -2456.75   |         10.918   |   21:34:38   |   00:44:24   |
11603       |        -2446.5   |       -2458.18   |        11.6871   |   21:34:54   |   00:44:18   |
11604       |        -2447.4   |       -2459.05   |        11.6521   |   21:35:10   |   00:44:11   |
11605       |       -2444.11   |       -2455.36   |          11.25   |   21:35:26   |   00:44:05   |
11606       |       -2447.74   |       -2459.02   |        11.2793   |   21:35:42   |   00:43:59   |
11607       |       -2447.74   |       -2459.02   |        11.2793   |   21:35:58   |   00:43:52   |
11608       |       -2452.89   |       -2464.45   |        11.5598   |   21:36:14   |   00:43:46   |
11609       |       -2448.66   |       -2460.23   |        11.5696   |   21:36:30   |   00:43:40   |
11610       |       -2447.42   |       -2459.02   |        11.6025   |   21:36:47   |   00:43:33   |
11611       |       -2449.49   |       -2460.27   |        10.7752   |   21:39:20   |   00:43:31   |
11612       |       -2449.36   |       -2460.14   |        10.7726   |   21:39:36   |   00:43:25   |
11613       |       -2450.99   |       -2461.84   |        10.8509   |   21:39:52   |   00:43:19   |
11614       |        -2444.4   |       -2455.14   |        10.7447   |   21:40:08   |   00:43:12   |
11615       |       -2444.95   |       -2456.36   |        11.4084   |   21:40:24   |   00:43:06   |
11616       |       -2445.48   |       -2456.87   |        11.3849   |   21:40:40   |   00:42:59   |
11617       |       -2444.16   |        -2455.8   |        11.6436   |   21:40:56   |   00:42:53   |
11618       |       -2445.41   |       -2457.03   |        11.6245   |   21:41:12   |   00:42:47   |
11619       |       -2447.15   |       -2458.56   |        11.4059   |   21:41:28   |   00:42:40   |


Iter        |      Posterior   |     Likelihood   |          Prior   |    elapsed   |        ETA   |
----------------------------------------------------------------------------------------------------
11620       |       -2450.76   |       -2461.95   |        11.1838   |   21:41:44   |   00:42:34   |
11621       |       -2452.17   |       -2463.36   |        11.1919   |   21:44:18   |   00:42:32   |
11622       |       -2446.63   |       -2457.39   |        10.7567   |   21:44:34   |   00:42:25   |
11623       |       -2445.15   |       -2455.91   |        10.7627   |   21:44:50   |   00:42:19   |
11624       |       -2445.54   |       -2456.57   |        11.0323   |   21:45:06   |   00:42:12   |
11625       |       -2444.11   |        -2455.7   |        11.5834   |   21:45:22   |   00:42:06   |
11626       |       -2444.11   |       -2455.53   |        11.4212   |   21:45:38   |   00:42:00   |
11627       |       -2443.83   |       -2454.45   |        10.6173   |   21:45:54   |   00:41:53   |
11628       |       -2444.71   |       -2455.33   |        10.6135   |   21:46:10   |   00:41:47   |
11629       |       -2443.62   |       -2453.95   |        10.3314   |   21:46:26   |   00:41:40   |
11630       |       -2443.29   |       -2453.72   |        10.4299   |   21:46:42   |   00:41:34   |
11631       |       -2444.59   |       -2453.93   |        9.34437   |   21:49:15   |   00:41:32   |
11632       |       -2445.14   |       -2454.48   |        9.33988   |   21:49:31   |   00:41:25   |
11633       |          -2446   |       -2455.34   |        9.33413   |   21:49:47   |   00:41:19   |
11634       |       -2445.29   |       -2454.63   |        9.33728   |   21:50:03   |   00:41:12   |
11635       |       -2445.29   |       -2454.63   |        9.33728   |   21:50:19   |   00:41:06   |
11636       |          -2443   |       -2452.34   |        9.33572   |   21:50:35   |   00:40:59   |
11637       |       -2444.62   |       -2453.01   |        8.38876   |   21:50:51   |   00:40:53   |
11638       |       -2443.73   |       -2453.06   |        9.33269   |   21:51:07   |   00:40:46   |
11639       |       -2445.18   |       -2453.17   |        7.98593   |   21:51:23   |   00:40:40   |


Iter        |      Posterior   |     Likelihood   |          Prior   |    elapsed   |        ETA   |
----------------------------------------------------------------------------------------------------
11640       |       -2443.89   |       -2452.29   |        8.40443   |   21:51:39   |   00:40:33   |
11641       |       -2443.99   |        -2452.4   |        8.40477   |   21:54:13   |   00:40:31   |
11642       |       -2442.78   |       -2452.27   |        9.48944   |   21:54:29   |   00:40:25   |
11643       |       -2443.21   |        -2452.3   |        9.09274   |   21:54:45   |   00:40:18   |
11644       |       -2447.25   |       -2456.33   |        9.07997   |   21:55:01   |   00:40:12   |
11645       |       -2446.51   |       -2455.55   |        9.04372   |   21:55:17   |   00:40:05   |
11646       |       -2446.33   |       -2455.38   |        9.04417   |   21:55:33   |   00:39:59   |
11647       |        -2444.1   |       -2453.12   |        9.02052   |   21:55:49   |   00:39:52   |
11648       |        -2446.3   |       -2455.32   |        9.02047   |   21:56:05   |   00:39:46   |
11649       |       -2446.61   |       -2455.64   |        9.02928   |   21:56:21   |   00:39:39   |
11650       |       -2447.98   |       -2457.67   |        9.69577   |   21:56:37   |   00:39:33   |
11651       |       -2446.77   |       -2455.87   |        9.09904   |   21:59:10   |   00:39:30   |
11652       |        -2447.5   |       -2455.37   |        7.87718   |   21:59:26   |   00:39:24   |
11653       |       -2444.06   |       -2451.89   |        7.82886   |   21:59:42   |   00:39:17   |
11654       |       -2444.43   |       -2453.45   |        9.02465   |   21:59:59   |   00:39:11   |
11655       |       -2444.46   |       -2453.45   |        8.99076   |   22:00:15   |   00:39:04   |
11656       |       -2445.51   |       -2454.55   |        9.04947   |   22:00:31   |   00:38:58   |
11657       |       -2445.27   |       -2454.38   |        9.10853   |   22:00:47   |   00:38:51   |
11658       |       -2444.58   |       -2453.69   |        9.10834   |   22:01:03   |   00:38:45   |
11659       |       -2443.69   |       -2452.54   |        8.84576   |   22:01:19   |   00:38:38   |


Iter        |      Posterior   |     Likelihood   |          Prior   |    elapsed   |        ETA   |
----------------------------------------------------------------------------------------------------
11660       |       -2444.87   |       -2453.78   |        8.91474   |   22:01:35   |   00:38:32   |
11661       |       -2445.31   |       -2454.35   |        9.03206   |   22:04:08   |   00:38:29   |
11662       |        -2447.8   |       -2456.91   |        9.11027   |   22:04:24   |   00:38:23   |
11663       |       -2449.25   |       -2458.35   |        9.10765   |   22:04:40   |   00:38:16   |
11664       |       -2443.92   |       -2453.07   |        9.15146   |   22:04:56   |   00:38:10   |
11665       |       -2443.97   |          -2453   |        9.02843   |   22:05:12   |   00:38:03   |
11666       |       -2446.76   |       -2455.79   |        9.02345   |   22:05:28   |   00:37:56   |
11667       |       -2448.21   |       -2457.22   |        9.01743   |   22:05:44   |   00:37:50   |
11668       |       -2447.47   |       -2455.53   |        8.05972   |   22:06:00   |   00:37:43   |
11669       |       -2447.47   |       -2455.53   |        8.05801   |   22:06:16   |   00:37:37   |
11670       |       -2448.98   |       -2457.29   |        8.30156   |   22:06:32   |   00:37:30   |
11671       |        -2448.9   |        -2457.2   |        8.30203   |   22:09:05   |   00:37:27   |
11672       |        -2448.9   |        -2457.2   |        8.30203   |   22:09:21   |   00:37:21   |
11673       |       -2444.22   |       -2453.92   |        9.70388   |   22:09:37   |   00:37:14   |
11674       |        -2443.6   |       -2453.25   |         9.6516   |   22:09:53   |   00:37:08   |
11675       |       -2443.87   |       -2453.23   |        9.36529   |   22:10:09   |   00:37:01   |
11676       |       -2444.61   |       -2453.96   |        9.35865   |   22:10:25   |   00:36:55   |
11677       |        -2443.6   |       -2452.72   |        9.11292   |   22:10:41   |   00:36:48   |
11678       |       -2443.98   |       -2453.93   |        9.95021   |   22:10:57   |   00:36:41   |
11679       |        -2443.1   |       -2453.04   |        9.93888   |   22:11:13   |   00:36:35   |


Iter        |      Posterior   |     Likelihood   |          Prior   |    elapsed   |        ETA   |
----------------------------------------------------------------------------------------------------
11680       |       -2443.16   |        -2453.1   |        9.93964   |   22:11:29   |   00:36:28   |
11681       |       -2444.09   |       -2454.28   |        10.1899   |   22:14:03   |   00:36:25   |
11682       |        -2447.1   |       -2457.06   |        9.95622   |   22:14:19   |   00:36:19   |
11683       |       -2446.06   |       -2456.02   |        9.96177   |   22:14:35   |   00:36:12   |
11684       |       -2446.06   |       -2456.02   |        9.96177   |   22:14:51   |   00:36:06   |
11685       |       -2446.06   |       -2456.02   |        9.96177   |   22:15:07   |   00:35:59   |
11686       |       -2445.92   |       -2455.77   |        9.85517   |   22:15:23   |   00:35:52   |
11687       |       -2443.55   |       -2453.42   |        9.87241   |   22:15:39   |   00:35:46   |
11688       |        -2442.4   |       -2452.24   |        9.83767   |   22:15:55   |   00:35:39   |
11689       |       -2449.85   |       -2460.37   |        10.5236   |   22:16:11   |   00:35:33   |
11690       |       -2450.24   |       -2460.76   |         10.528   |   22:16:27   |   00:35:26   |
11691       |       -2445.01   |       -2455.56   |        10.5516   |   22:19:01   |   00:35:23   |
11692       |       -2445.01   |       -2455.56   |        10.5516   |   22:19:17   |   00:35:16   |
11693       |       -2445.01   |       -2455.56   |        10.5516   |   22:19:33   |   00:35:10   |
11694       |       -2445.64   |       -2456.45   |        10.8157   |   22:19:49   |   00:35:03   |
11695       |       -2445.11   |       -2455.93   |        10.8236   |   22:20:05   |   00:34:56   |
11696       |       -2446.59   |        -2457.3   |        10.7073   |   22:20:21   |   00:34:50   |
11697       |        -2446.6   |       -2457.86   |        11.2616   |   22:20:37   |   00:34:43   |
11698       |       -2444.72   |       -2455.98   |        11.2664   |   22:20:53   |   00:34:37   |
11699       |       -2445.51   |       -2456.76   |        11.2526   |   22:21:09   |   00:34:30   |


Iter        |      Posterior   |     Likelihood   |          Prior   |    elapsed   |        ETA   |
----------------------------------------------------------------------------------------------------
11700       |       -2445.51   |       -2456.76   |        11.2526   |   22:21:25   |   00:34:23   |
11701       |       -2447.28   |       -2457.33   |        10.0503   |   22:23:59   |   00:34:20   |
11702       |       -2445.73   |       -2455.66   |        9.92871   |   22:24:15   |   00:34:13   |
11703       |       -2444.45   |       -2454.38   |         9.9295   |   22:24:31   |   00:34:07   |
11704       |       -2445.45   |       -2455.38   |        9.92537   |   22:24:47   |   00:34:00   |
11705       |       -2446.81   |       -2456.75   |        9.93613   |   22:25:03   |   00:33:53   |
11706       |        -2442.6   |       -2452.58   |        9.97738   |   22:25:19   |   00:33:47   |
11707       |       -2442.76   |       -2452.74   |        9.97699   |   22:25:35   |   00:33:40   |
11708       |       -2444.71   |       -2455.52   |        10.8106   |   22:25:51   |   00:33:33   |
11709       |        -2446.3   |        -2457.1   |        10.8011   |   22:26:07   |   00:33:27   |
11710       |       -2446.27   |        -2455.9   |        9.62496   |   22:26:23   |   00:33:20   |
11711       |       -2444.84   |       -2454.47   |        9.63221   |   22:28:57   |   00:33:17   |
11712       |       -2444.43   |       -2454.07   |        9.63583   |   22:29:13   |   00:33:10   |
11713       |       -2443.69   |       -2453.85   |          10.16   |   22:29:29   |   00:33:03   |
11714       |       -2443.94   |          -2453   |        9.06077   |   22:29:45   |   00:32:57   |
11715       |       -2443.21   |       -2452.28   |        9.07115   |   22:30:01   |   00:32:50   |
11716       |       -2443.16   |       -2452.73   |        9.57076   |   22:30:17   |   00:32:43   |
11717       |       -2443.16   |       -2452.73   |        9.57076   |   22:30:33   |   00:32:37   |
11718       |       -2443.16   |       -2452.73   |        9.57076   |   22:30:49   |   00:32:30   |
11719       |       -2443.75   |       -2453.31   |        9.56169   |   22:31:05   |   00:32:23   |


Iter        |      Posterior   |     Likelihood   |          Prior   |    elapsed   |        ETA   |
----------------------------------------------------------------------------------------------------
11720       |       -2443.48   |       -2452.67   |        9.18694   |   22:31:21   |   00:32:17   |
11721       |       -2444.32   |       -2453.49   |         9.1721   |   22:33:55   |   00:32:13   |
11722       |       -2443.66   |       -2452.78   |        9.11694   |   22:34:11   |   00:32:06   |
11723       |       -2444.93   |       -2454.04   |         9.1084   |   22:34:27   |   00:32:00   |
11724       |       -2446.03   |       -2456.51   |        10.4809   |   22:34:43   |   00:31:53   |
11725       |       -2444.27   |       -2454.77   |        10.4982   |   22:34:59   |   00:31:46   |
11726       |       -2445.19   |       -2455.67   |        10.4801   |   22:35:15   |   00:31:40   |
11727       |       -2443.17   |       -2452.15   |        8.97597   |   22:35:31   |   00:31:33   |
11728       |       -2444.02   |       -2452.98   |        8.95826   |   22:35:47   |   00:31:26   |
11729       |       -2443.88   |       -2452.96   |        9.07783   |   22:36:03   |   00:31:19   |
11730       |       -2448.06   |       -2459.14   |        11.0808   |   22:36:19   |   00:31:13   |
11731       |       -2447.44   |       -2458.64   |        11.2088   |   22:38:52   |   00:31:09   |
11732       |       -2447.16   |       -2458.37   |        11.2095   |   22:39:08   |   00:31:02   |
11733       |       -2446.12   |       -2457.07   |        10.9522   |   22:39:25   |   00:30:56   |
11734       |       -2447.62   |       -2458.36   |        10.7419   |   22:39:41   |   00:30:49   |
11735       |       -2448.17   |        -2458.1   |        9.93151   |   22:39:57   |   00:30:42   |
11736       |       -2445.34   |       -2455.61   |        10.2642   |   22:40:13   |   00:30:35   |
11737       |       -2449.44   |       -2459.68   |        10.2394   |   22:40:29   |   00:30:29   |
11738       |       -2447.11   |       -2457.35   |        10.2394   |   22:40:45   |   00:30:22   |
11739       |        -2445.5   |       -2455.76   |        10.2579   |   22:41:01   |   00:30:15   |


Iter        |      Posterior   |     Likelihood   |          Prior   |    elapsed   |        ETA   |
----------------------------------------------------------------------------------------------------
11740       |       -2445.02   |       -2455.01   |        9.99484   |   22:41:17   |   00:30:08   |
11741       |       -2445.02   |       -2455.01   |        9.99484   |   22:43:50   |   00:30:05   |
11742       |       -2445.84   |       -2455.88   |        10.0403   |   22:44:06   |   00:29:58   |
11743       |       -2443.64   |       -2453.67   |        10.0393   |   22:44:22   |   00:29:51   |
11744       |       -2443.86   |        -2453.9   |        10.0431   |   22:44:38   |   00:29:44   |
11745       |       -2443.09   |       -2453.14   |        10.0464   |   22:44:54   |   00:29:38   |
11746       |       -2442.92   |       -2452.97   |        10.0517   |   22:45:10   |   00:29:31   |
11747       |       -2442.41   |       -2452.46   |        10.0556   |   22:45:26   |   00:29:24   |
11748       |       -2442.42   |       -2452.03   |        9.61441   |   22:45:43   |   00:29:17   |
11749       |       -2442.42   |       -2452.02   |        9.60522   |   22:45:59   |   00:29:10   |
11750       |       -2443.39   |       -2453.01   |        9.61998   |   22:46:15   |   00:29:04   |
11751       |       -2443.96   |       -2452.95   |        8.98766   |   22:48:48   |   00:29:00   |
11752       |       -2449.68   |       -2457.24   |        7.56262   |   22:49:04   |   00:28:53   |
11753       |       -2443.43   |       -2450.98   |          7.554   |   22:49:20   |   00:28:46   |
11754       |       -2443.15   |        -2450.7   |        7.54973   |   22:49:36   |   00:28:39   |
11755       |       -2442.25   |       -2449.36   |        7.10705   |   22:49:52   |   00:28:33   |
11756       |       -2442.13   |       -2449.23   |         7.1049   |   22:50:08   |   00:28:26   |
11757       |       -2442.55   |       -2449.74   |        7.18407   |   22:50:24   |   00:28:19   |
11758       |          -2443   |       -2450.85   |        7.84394   |   22:50:40   |   00:28:12   |
11759       |       -2443.53   |       -2450.57   |        7.04098   |   22:50:56   |   00:28:05   |


Iter        |      Posterior   |     Likelihood   |          Prior   |    elapsed   |        ETA   |
----------------------------------------------------------------------------------------------------
11760       |       -2443.98   |       -2451.03   |        7.04228   |   22:51:12   |   00:27:59   |
11761       |       -2443.98   |       -2451.03   |        7.04228   |   22:53:46   |   00:27:55   |
11762       |          -2444   |       -2451.17   |        7.17197   |   22:54:02   |   00:27:48   |
11763       |       -2442.62   |       -2450.69   |        8.06512   |   22:54:18   |   00:27:41   |
11764       |       -2443.48   |       -2451.04   |         7.5561   |   22:54:34   |   00:27:34   |
11765       |       -2443.23   |       -2450.78   |        7.55412   |   22:54:50   |   00:27:27   |
11766       |       -2444.63   |       -2452.36   |         7.7382   |   22:55:06   |   00:27:20   |
11767       |        -2443.2   |       -2452.67   |        9.47199   |   22:55:22   |   00:27:14   |
11768       |       -2444.89   |       -2454.62   |        9.73031   |   22:55:38   |   00:27:07   |
11769       |       -2444.04   |       -2453.77   |         9.7342   |   22:55:54   |   00:27:00   |
11770       |        -2443.5   |        -2453.1   |         9.5998   |   22:56:10   |   00:26:53   |
11771       |        -2444.4   |       -2453.35   |        8.94377   |   22:58:43   |   00:26:49   |
11772       |       -2444.05   |       -2453.84   |        9.78919   |   22:59:00   |   00:26:42   |
11773       |       -2444.59   |       -2454.28   |        9.68373   |   22:59:16   |   00:26:35   |
11774       |        -2444.3   |       -2453.99   |        9.68984   |   22:59:32   |   00:26:28   |
11775       |       -2443.64   |       -2452.85   |        9.20269   |   22:59:48   |   00:26:21   |
11776       |       -2442.56   |       -2451.01   |        8.45207   |   23:00:04   |   00:26:15   |
11777       |       -2443.19   |       -2451.67   |        8.48193   |   23:00:20   |   00:26:08   |
11778       |       -2443.87   |       -2452.24   |        8.37034   |   23:00:36   |   00:26:01   |
11779       |       -2447.27   |          -2455   |        7.73106   |   23:00:52   |   00:25:54   |


Iter        |      Posterior   |     Likelihood   |          Prior   |    elapsed   |        ETA   |
----------------------------------------------------------------------------------------------------
11780       |       -2448.34   |       -2456.16   |        7.82206   |   23:01:08   |   00:25:47   |
11781       |       -2447.37   |       -2455.37   |        7.99926   |   23:03:41   |   00:25:43   |
11782       |       -2445.59   |       -2452.13   |        6.53471   |   23:03:57   |   00:25:36   |
11783       |       -2443.18   |       -2449.73   |        6.54748   |   23:04:13   |   00:25:29   |
11784       |       -2443.37   |       -2450.13   |        6.76259   |   23:04:29   |   00:25:22   |
11785       |       -2445.63   |       -2452.39   |        6.76019   |   23:04:45   |   00:25:15   |
11786       |       -2445.63   |       -2452.39   |        6.76019   |   23:05:01   |   00:25:08   |
11787       |       -2445.16   |       -2452.51   |        7.35751   |   23:05:17   |   00:25:01   |
11788       |       -2446.65   |       -2454.02   |        7.37237   |   23:05:33   |   00:24:55   |
11789       |       -2448.35   |       -2455.71   |        7.36161   |   23:05:49   |   00:24:48   |
11790       |       -2444.25   |       -2451.63   |        7.38028   |   23:06:05   |   00:24:41   |
11791       |       -2445.12   |        -2452.9   |        7.78211   |   23:08:38   |   00:24:36   |
11792       |       -2443.19   |       -2450.99   |        7.79391   |   23:08:54   |   00:24:29   |
11793       |       -2444.38   |       -2452.26   |        7.87659   |   23:09:10   |   00:24:23   |
11794       |       -2443.67   |       -2451.57   |        7.89127   |   23:09:26   |   00:24:16   |
11795       |       -2446.77   |       -2453.43   |         6.6578   |   23:09:42   |   00:24:09   |
11796       |       -2446.06   |        -2452.8   |        6.73927   |   23:09:58   |   00:24:02   |
11797       |       -2444.46   |       -2452.85   |        8.38636   |   23:10:14   |   00:23:55   |
11798       |       -2444.27   |        -2452.6   |        8.33248   |   23:10:30   |   00:23:48   |
11799       |       -2444.15   |        -2452.5   |        8.34305   |   23:10:46   |   00:23:41   |


Iter        |      Posterior   |     Likelihood   |          Prior   |    elapsed   |        ETA   |
----------------------------------------------------------------------------------------------------
11800       |       -2445.44   |       -2453.34   |        7.89912   |   23:11:02   |   00:23:34   |
11801       |       -2447.83   |       -2455.72   |        7.89302   |   23:13:35   |   00:23:29   |
11802       |       -2444.42   |       -2452.38   |         7.9628   |   23:13:51   |   00:23:23   |
11803       |       -2444.17   |       -2452.03   |        7.86184   |   23:14:07   |   00:23:16   |
11804       |       -2444.17   |       -2452.03   |        7.86184   |   23:14:23   |   00:23:09   |
11805       |       -2444.41   |       -2452.57   |        8.15952   |   23:14:39   |   00:23:02   |
11806       |       -2445.36   |       -2455.66   |        10.3016   |   23:14:55   |   00:22:55   |
11807       |       -2441.43   |       -2450.71   |         9.2844   |   23:15:11   |   00:22:48   |
11808       |       -2443.84   |       -2453.11   |        9.27911   |   23:15:27   |   00:22:41   |
11809       |       -2442.98   |       -2453.52   |        10.5417   |   23:15:43   |   00:22:34   |
11810       |       -2444.86   |        -2454.6   |        9.74018   |   23:15:59   |   00:22:27   |
11811       |       -2443.09   |       -2452.83   |        9.73337   |   23:18:32   |   00:22:22   |
11812       |       -2442.64   |       -2452.36   |        9.72176   |   23:18:48   |   00:22:15   |
11813       |       -2443.32   |       -2453.05   |        9.72646   |   23:19:05   |   00:22:08   |
11814       |       -2443.32   |       -2453.05   |        9.72646   |   23:19:21   |   00:22:01   |
11815       |       -2443.32   |       -2453.05   |        9.72646   |   23:19:37   |   00:21:54   |
11816       |       -2446.73   |       -2456.69   |        9.96341   |   23:19:53   |   00:21:47   |
11817       |       -2447.06   |          -2457   |        9.93794   |   23:20:09   |   00:21:40   |
11818       |       -2445.05   |       -2455.36   |        10.3096   |   23:20:25   |   00:21:34   |
11819       |       -2445.15   |       -2455.46   |         10.306   |   23:20:41   |   00:21:27   |


Iter        |      Posterior   |     Likelihood   |          Prior   |    elapsed   |        ETA   |
----------------------------------------------------------------------------------------------------
11820       |       -2445.98   |        -2456.4   |        10.4259   |   23:20:57   |   00:21:20   |
11821       |       -2451.07   |       -2461.47   |        10.3956   |   23:23:30   |   00:21:15   |
11822       |       -2448.16   |        -2459.2   |        11.0399   |   23:23:46   |   00:21:08   |
11823       |       -2450.65   |       -2461.69   |        11.0468   |   23:24:02   |   00:21:01   |
11824       |       -2451.17   |        -2462.2   |        11.0315   |   23:24:18   |   00:20:54   |
11825       |       -2449.63   |       -2460.68   |        11.0521   |   23:24:34   |   00:20:47   |
11826       |       -2447.21   |        -2458.2   |        10.9926   |   23:24:50   |   00:20:40   |
11827       |        -2447.5   |       -2456.81   |        9.31003   |   23:25:06   |   00:20:33   |
11828       |       -2450.74   |       -2461.46   |         10.719   |   23:25:22   |   00:20:26   |
11829       |       -2449.44   |       -2460.17   |        10.7348   |   23:25:38   |   00:20:19   |
11830       |       -2449.42   |       -2460.16   |        10.7348   |   23:25:54   |   00:20:12   |
11831       |       -2451.29   |       -2462.01   |        10.7185   |   23:28:27   |   00:20:07   |
11832       |       -2452.39   |       -2462.28   |        9.88944   |   23:28:43   |   00:20:00   |
11833       |       -2448.72   |       -2458.63   |        9.91847   |   23:28:59   |   00:19:53   |
11834       |        -2446.6   |       -2456.64   |        10.0373   |   23:29:15   |   00:19:46   |
11835       |       -2447.31   |       -2457.33   |        10.0287   |   23:29:31   |   00:19:39   |
11836       |       -2446.52   |       -2456.58   |        10.0633   |   23:29:47   |   00:19:32   |
11837       |       -2446.52   |       -2456.58   |        10.0633   |   23:30:03   |   00:19:25   |
11838       |       -2446.52   |       -2456.58   |        10.0633   |   23:30:19   |   00:19:17   |
11839       |       -2445.97   |       -2455.58   |        9.60174   |   23:30:35   |   00:19:10   |


Iter        |      Posterior   |     Likelihood   |          Prior   |    elapsed   |        ETA   |
----------------------------------------------------------------------------------------------------
11840       |       -2447.19   |        -2456.9   |        9.70307   |   23:30:51   |   00:19:03   |
11841       |       -2448.79   |       -2458.48   |        9.68959   |   23:33:24   |   00:18:58   |
11842       |       -2447.77   |       -2457.46   |        9.69709   |   23:33:40   |   00:18:51   |
11843       |        -2447.4   |       -2457.11   |        9.70905   |   23:33:56   |   00:18:44   |
11844       |       -2446.99   |       -2456.87   |        9.88513   |   23:34:12   |   00:18:37   |
11845       |       -2447.56   |       -2456.53   |        8.96966   |   23:34:28   |   00:18:30   |
11846       |        -2446.9   |       -2456.79   |        9.89626   |   23:34:45   |   00:18:23   |
11847       |       -2447.14   |       -2457.14   |        10.0002   |   23:35:01   |   00:18:16   |
11848       |       -2447.14   |       -2456.96   |        9.81725   |   23:35:17   |   00:18:09   |
11849       |       -2447.35   |       -2457.13   |        9.77648   |   23:35:33   |   00:18:02   |
11850       |       -2446.59   |       -2456.41   |        9.81555   |   23:35:49   |   00:17:55   |
11851       |       -2450.05   |       -2459.86   |        9.80773   |   23:38:21   |   00:17:49   |
11852       |       -2447.61   |       -2457.52   |        9.90707   |   23:38:37   |   00:17:42   |
11853       |       -2447.87   |       -2457.77   |          9.905   |   23:38:53   |   00:17:35   |
11854       |       -2448.66   |       -2458.41   |        9.75375   |   23:39:09   |   00:17:28   |
11855       |       -2449.03   |       -2458.79   |        9.76163   |   23:39:26   |   00:17:21   |
11856       |       -2448.32   |       -2458.28   |        9.95852   |   23:39:42   |   00:17:14   |
11857       |        -2447.4   |       -2457.36   |        9.96539   |   23:39:58   |   00:17:07   |
11858       |        -2446.2   |       -2456.27   |        10.0727   |   23:40:14   |   00:17:00   |
11859       |        -2446.2   |       -2456.27   |        10.0727   |   23:40:30   |   00:16:53   |


Iter        |      Posterior   |     Likelihood   |          Prior   |    elapsed   |        ETA   |
----------------------------------------------------------------------------------------------------
11860       |       -2443.05   |       -2452.98   |        9.93043   |   23:40:46   |   00:16:46   |
11861       |       -2444.41   |       -2454.21   |        9.80347   |   23:43:19   |   00:16:40   |
11862       |       -2447.46   |       -2457.24   |         9.7763   |   23:43:35   |   00:16:33   |
11863       |          -2449   |       -2458.19   |        9.18224   |   23:43:51   |   00:16:26   |
11864       |        -2446.4   |       -2455.73   |        9.32324   |   23:44:07   |   00:16:19   |
11865       |       -2446.25   |       -2455.22   |        8.97042   |   23:44:23   |   00:16:12   |
11866       |       -2443.72   |       -2453.63   |        9.90758   |   23:44:39   |   00:16:05   |
11867       |       -2446.51   |       -2456.44   |        9.92825   |   23:44:55   |   00:15:58   |
11868       |        -2444.1   |       -2454.04   |        9.93658   |   23:45:11   |   00:15:51   |
11869       |       -2442.68   |       -2452.63   |          9.949   |   23:45:27   |   00:15:43   |
11870       |       -2443.39   |       -2453.34   |        9.95819   |   23:45:43   |   00:15:36   |
11871       |        -2443.7   |       -2453.66   |        9.95602   |   23:48:16   |   00:15:31   |
11872       |       -2443.69   |       -2453.95   |        10.2663   |   23:48:32   |   00:15:24   |
11873       |       -2444.23   |       -2454.16   |         9.9317   |   23:48:48   |   00:15:16   |
11874       |       -2442.29   |       -2452.48   |         10.184   |   23:49:04   |   00:15:09   |
11875       |       -2443.45   |       -2453.63   |         10.184   |   23:49:21   |   00:15:02   |
11876       |       -2443.89   |       -2454.25   |        10.3593   |   23:49:37   |   00:14:55   |
11877       |       -2444.95   |       -2455.25   |        10.2951   |   23:49:53   |   00:14:48   |
11878       |       -2445.91   |       -2455.09   |        9.17587   |   23:50:09   |   00:14:41   |
11879       |       -2442.52   |       -2451.71   |        9.18632   |   23:50:25   |   00:14:34   |


Iter        |      Posterior   |     Likelihood   |          Prior   |    elapsed   |        ETA   |
----------------------------------------------------------------------------------------------------
11880       |       -2443.17   |       -2452.36   |        9.18405   |   23:50:41   |   00:14:27   |
11881       |       -2445.85   |        -2455.1   |        9.25306   |   23:53:14   |   00:14:21   |
11882       |       -2445.24   |       -2455.57   |        10.3252   |   23:53:30   |   00:14:14   |
11883       |       -2444.51   |       -2454.75   |        10.2422   |   23:53:46   |   00:14:07   |
11884       |       -2445.98   |       -2456.22   |        10.2376   |   23:54:02   |   00:13:59   |
11885       |       -2443.39   |       -2453.64   |        10.2514   |   23:54:18   |   00:13:52   |
11886       |       -2443.71   |       -2453.96   |         10.245   |   23:54:34   |   00:13:45   |
11887       |       -2443.08   |       -2453.34   |        10.2535   |   23:54:50   |   00:13:38   |
11888       |       -2444.56   |        -2454.8   |        10.2437   |   23:55:06   |   00:13:31   |
11889       |       -2444.36   |       -2455.05   |        10.6862   |   23:55:22   |   00:13:24   |
11890       |        -2443.3   |       -2452.46   |        9.16609   |   23:55:38   |   00:13:16   |
11891       |       -2443.04   |       -2452.21   |        9.16914   |   23:58:11   |   00:13:10   |
11892       |       -2444.31   |       -2454.66   |        10.3522   |   23:58:27   |   00:13:03   |
11893       |        -2445.5   |       -2456.25   |        10.7489   |   23:58:43   |   00:12:56   |
11894       |       -2446.55   |       -2457.29   |        10.7331   |   23:58:59   |   00:12:49   |
11895       |        -2447.4   |       -2458.13   |        10.7311   |   23:59:15   |   00:12:42   |
11896       |        -2447.4   |       -2458.13   |        10.7311   |   23:59:31   |   00:12:35   |
11897       |       -2447.58   |       -2458.37   |        10.7866   |   23:59:47   |   00:12:27   |
11898       |       -2447.35   |       -2457.01   |        9.65985   |   24:00:03   |   00:12:20   |
11899       |       -2446.36   |       -2456.06   |        9.69978   |   24:00:19   |   00:12:13   |


Iter        |      Posterior   |     Likelihood   |          Prior   |    elapsed   |        ETA   |
----------------------------------------------------------------------------------------------------
11900       |        -2447.3   |       -2456.92   |        9.62714   |   24:00:35   |   00:12:06   |
11901       |       -2446.66   |       -2456.28   |        9.62283   |   24:03:08   |   00:12:00   |
11902       |        -2446.8   |       -2456.41   |        9.61521   |   24:03:24   |   00:11:53   |
11903       |       -2445.06   |       -2454.54   |        9.48255   |   24:03:40   |   00:11:45   |
11904       |       -2444.07   |       -2453.59   |        9.51694   |   24:03:56   |   00:11:38   |
11905       |          -2444   |       -2453.52   |        9.51694   |   24:04:13   |   00:11:31   |
11906       |       -2444.93   |       -2454.35   |        9.42241   |   24:04:29   |   00:11:24   |
11907       |       -2446.33   |       -2455.75   |        9.41505   |   24:04:45   |   00:11:17   |
11908       |       -2446.28   |        -2455.7   |         9.4138   |   24:05:01   |   00:11:09   |
11909       |       -2445.56   |       -2454.97   |        9.41559   |   24:05:17   |   00:11:02   |
11910       |       -2444.78   |       -2453.71   |        8.93002   |   24:05:33   |   00:10:55   |
11911       |        -2446.3   |       -2456.21   |        9.91033   |   24:08:06   |   00:10:49   |
11912       |       -2445.19   |       -2455.47   |        10.2752   |   24:08:22   |   00:10:41   |
11913       |       -2446.98   |       -2457.32   |        10.3365   |   24:08:38   |   00:10:34   |
11914       |       -2447.39   |       -2457.74   |        10.3468   |   24:08:54   |   00:10:27   |
11915       |       -2446.73   |       -2457.31   |        10.5794   |   24:09:10   |   00:10:20   |
11916       |       -2444.07   |       -2454.41   |        10.3418   |   24:09:26   |   00:10:13   |
11917       |       -2444.37   |       -2454.71   |         10.342   |   24:09:42   |   00:10:05   |
11918       |       -2442.43   |       -2452.76   |        10.3283   |   24:09:59   |   00:09:58   |
11919       |       -2443.63   |       -2453.95   |        10.3228   |   24:10:15   |   00:09:51   |


Iter        |      Posterior   |     Likelihood   |          Prior   |    elapsed   |        ETA   |
----------------------------------------------------------------------------------------------------
11920       |       -2444.13   |       -2454.42   |        10.2936   |   24:10:31   |   00:09:44   |
11921       |       -2445.17   |       -2455.47   |        10.2991   |   24:13:03   |   00:09:37   |
11922       |       -2444.47   |       -2454.99   |        10.5154   |   24:13:20   |   00:09:30   |
11923       |       -2446.77   |       -2457.28   |        10.5112   |   24:13:36   |   00:09:23   |
11924       |       -2445.44   |       -2455.78   |        10.3381   |   24:13:51   |   00:09:15   |
11925       |       -2461.99   |       -2471.44   |        9.45619   |   24:14:07   |   00:09:08   |
11926       |       -2451.63   |       -2461.09   |        9.46198   |   24:14:23   |   00:09:01   |
11927       |       -2451.15   |        -2460.6   |        9.45435   |   24:14:40   |   00:08:54   |
11928       |       -2450.99   |       -2460.73   |        9.74583   |   24:14:56   |   00:08:46   |
11929       |       -2452.44   |       -2462.18   |        9.74223   |   24:15:12   |   00:08:39   |
11930       |       -2449.18   |       -2458.85   |        9.67029   |   24:15:28   |   00:08:32   |
11931       |       -2445.18   |       -2454.58   |        9.40171   |   24:18:00   |   00:08:25   |
11932       |       -2443.21   |        -2451.4   |         8.1906   |   24:18:16   |   00:08:18   |
11933       |       -2442.86   |       -2451.05   |        8.19075   |   24:18:32   |   00:08:11   |
11934       |       -2443.89   |        -2453.4   |        9.51099   |   24:18:49   |   00:08:04   |
11935       |       -2445.03   |       -2454.49   |        9.46492   |   24:19:05   |   00:07:56   |
11936       |       -2442.68   |       -2452.33   |        9.65122   |   24:19:21   |   00:07:49   |
11937       |       -2442.41   |       -2452.06   |        9.65484   |   24:19:37   |   00:07:42   |
11938       |       -2442.41   |       -2452.06   |        9.65484   |   24:19:53   |   00:07:34   |
11939       |       -2441.09   |       -2450.75   |        9.66394   |   24:20:09   |   00:07:27   |


Iter        |      Posterior   |     Likelihood   |          Prior   |    elapsed   |        ETA   |
----------------------------------------------------------------------------------------------------
11940       |       -2441.26   |       -2450.99   |        9.73424   |   24:20:25   |   00:07:20   |
11941       |       -2443.67   |        -2453.8   |         10.132   |   24:22:58   |   00:07:13   |
11942       |        -2444.1   |       -2453.79   |        9.69384   |   24:23:14   |   00:07:06   |
11943       |       -2445.37   |        -2456.4   |        11.0278   |   24:23:30   |   00:06:59   |
11944       |       -2444.74   |       -2455.93   |        11.1859   |   24:23:46   |   00:06:51   |
11945       |        -2446.6   |       -2456.44   |        9.83688   |   24:24:02   |   00:06:44   |
11946       |       -2445.26   |       -2455.09   |        9.82696   |   24:24:18   |   00:06:37   |
11947       |        -2442.6   |       -2452.18   |        9.57977   |   24:24:34   |   00:06:29   |
11948       |       -2444.27   |       -2453.87   |        9.59418   |   24:24:50   |   00:06:22   |
11949       |       -2443.18   |       -2453.82   |        10.6332   |   24:25:06   |   00:06:15   |
11950       |       -2446.76   |       -2457.58   |        10.8127   |   24:25:22   |   00:06:07   |
11951       |       -2445.21   |       -2454.22   |        9.01046   |   24:27:55   |   00:06:01   |
11952       |       -2444.89   |          -2455   |        10.1059   |   24:28:11   |   00:05:53   |
11953       |       -2443.34   |       -2452.39   |        9.04794   |   24:28:27   |   00:05:46   |
11954       |       -2444.46   |       -2453.68   |        9.21722   |   24:28:43   |   00:05:39   |
11955       |       -2444.46   |       -2453.68   |        9.21722   |   24:28:59   |   00:05:31   |
11956       |        -2445.5   |        -2454.8   |        9.30436   |   24:29:15   |   00:05:24   |
11957       |       -2444.57   |        -2453.6   |        9.03689   |   24:29:31   |   00:05:17   |
11958       |       -2447.95   |       -2456.97   |        9.02027   |   24:29:47   |   00:05:09   |
11959       |       -2443.51   |       -2452.54   |        9.02758   |   24:30:03   |   00:05:02   |


Iter        |      Posterior   |     Likelihood   |          Prior   |    elapsed   |        ETA   |
----------------------------------------------------------------------------------------------------
11960       |       -2443.78   |       -2453.88   |         10.097   |   24:30:19   |   00:04:55   |
11961       |       -2445.63   |       -2455.71   |         10.081   |   24:32:52   |   00:04:48   |
11962       |       -2445.63   |       -2455.71   |         10.081   |   24:33:08   |   00:04:40   |
11963       |       -2445.59   |       -2455.93   |        10.3367   |   24:33:24   |   00:04:33   |
11964       |       -2445.85   |       -2456.19   |        10.3361   |   24:33:40   |   00:04:26   |
11965       |       -2445.91   |       -2456.11   |        10.2036   |   24:33:57   |   00:04:18   |
11966       |       -2447.04   |       -2457.24   |        10.2007   |   24:34:13   |   00:04:11   |
11967       |       -2447.77   |        -2458.5   |        10.7303   |   24:34:29   |   00:04:03   |
11968       |       -2447.82   |       -2458.72   |        10.8994   |   24:34:45   |   00:03:56   |
11969       |        -2448.8   |       -2459.67   |        10.8703   |   24:35:01   |   00:03:49   |
11970       |       -2444.45   |       -2455.46   |        11.0045   |   24:35:17   |   00:03:41   |
11971       |       -2444.81   |       -2455.81   |        11.0035   |   24:37:51   |   00:03:34   |
11972       |       -2445.13   |       -2456.24   |        11.1096   |   24:38:06   |   00:03:27   |
11973       |       -2445.14   |       -2456.25   |        11.1102   |   24:38:23   |   00:03:20   |
11974       |       -2445.48   |       -2456.59   |        11.1152   |   24:38:39   |   00:03:12   |
11975       |       -2445.73   |       -2456.85   |        11.1182   |   24:38:55   |   00:03:05   |
11976       |       -2445.78   |        -2456.1   |        10.3189   |   24:39:11   |   00:02:57   |
11977       |       -2448.53   |       -2458.61   |        10.0806   |   24:39:27   |   00:02:50   |
11978       |       -2446.34   |       -2456.88   |        10.5441   |   24:39:43   |   00:02:43   |
11979       |        -2444.8   |       -2455.06   |        10.2683   |   24:39:59   |   00:02:35   |


Iter        |      Posterior   |     Likelihood   |          Prior   |    elapsed   |        ETA   |
----------------------------------------------------------------------------------------------------
11980       |       -2444.14   |       -2454.41   |        10.2749   |   24:40:15   |   00:02:28   |
11981       |       -2443.55   |       -2453.73   |         10.184   |   24:42:48   |   00:02:21   |
11982       |       -2444.85   |       -2455.02   |        10.1688   |   24:43:04   |   00:02:13   |
11983       |       -2444.19   |       -2454.34   |        10.1443   |   24:43:20   |   00:02:06   |
11984       |        -2442.1   |       -2452.27   |         10.174   |   24:43:36   |   00:01:58   |
11985       |       -2441.59   |       -2451.76   |        10.1702   |   24:43:52   |   00:01:51   |
11986       |       -2442.18   |       -2452.24   |        10.0596   |   24:44:08   |   00:01:44   |
11987       |       -2444.07   |       -2454.13   |        10.0606   |   24:44:24   |   00:01:36   |
11988       |       -2443.71   |       -2453.83   |        10.1254   |   24:44:40   |   00:01:29   |
11989       |       -2443.99   |       -2454.12   |        10.1266   |   24:44:56   |   00:01:21   |
11990       |       -2443.33   |       -2453.04   |        9.70387   |   24:45:12   |   00:01:14   |
11991       |       -2442.56   |       -2452.15   |        9.59212   |   24:47:45   |   00:01:06   |
11992       |       -2442.56   |       -2452.15   |        9.59212   |   24:48:02   |   00:00:59   |
11993       |       -2442.56   |       -2452.15   |        9.59212   |   24:48:18   |   00:00:52   |
11994       |       -2442.56   |       -2452.15   |        9.59212   |   24:48:34   |   00:00:44   |
11995       |       -2442.56   |       -2452.15   |        9.59212   |   24:48:50   |   00:00:37   |
11996       |       -2447.49   |       -2457.06   |        9.57449   |   24:49:06   |   00:00:29   |
11997       |       -2447.42   |       -2457.05   |        9.63739   |   24:49:22   |   00:00:22   |
11998       |       -2447.74   |        -2457.2   |        9.46594   |   24:49:38   |   00:00:14   |
11999       |       -2445.54   |       -2455.04   |         9.5014   |   24:49:54   |   00:00:07   |


Iter        |      Posterior   |     Likelihood   |          Prior   |    elapsed   |        ETA   |
----------------------------------------------------------------------------------------------------
12000       |       -2444.04   |       -2453.36   |        9.32166   |   24:50:10   |   00:00:00   |

                  Name                  | Param              |  Weight  |  Tried   | Accepted | Acc. Ratio| Parameters
===============================================================================================================================
Scaling                                  gamma                    2.0000      23974      12580      0.5247 lambda = 3.0874
Scaling                                  delta                    2.0000      24061      10738      0.4463 lambda = 1.2870
Scaling                                  rho                      2.0000      24104      12830      0.5323 lambda = 3.0382
Scaling                                  eta                      2.0000      23765      11915      0.5014 lambda = 2.7236
BetaSimplex                              relative_clado           3.0000      35845      15624      0.4359 alpha = 11.9895
ElementSwapSimplex                       relative_clado           1.0000      12063        434      0.0360 
Scaling                                  turnover                 1.0000      12190       5047      0.4140 lambda = 0.1809
UpDownScaling                            total_speciation         1.0000      11998       5154      0.4296 lambda = 0.4179

