
RevBayes version (1.1.0)
Build from dev_mrm (rapture-477-g991966) on Thu Feb 15 15:42:16 EST 2024

Visit the website www.RevBayes.com for more information about RevBayes.

RevBayes is free software released under the GPL license, version 3. Type 'license()' for details.

To quit RevBayes type 'quit()' or 'q()'.


> source("scripts/pteri/pteri_chromosse_modelspec_tb_4.rev")
   Processing file "scripts/pteri/pteri_chromosse_modelspec_tb_4.rev"
   Attempting to read the contents of file "pteridaceae_csomepruned.tree"
   Successfully read file
   Processing file "scripts/chromosse_tp_mrm_tb.rev"
Ana rates matrix
Clado rates matrix
   Warning: simulating tree under uniform model.
   Warning: simulating tree under uniform model.
GLHBDSP
clamp tree
clamp character data
   -2454.958
lnProbability calculated
my_model
monitoring stochastic character map
monitors set
initiating mcmc
Intializing from checkpoint
   Appending to previous MCMC simulation of 9000 iterations
   This simulation runs 1 independent replicate.
   The simulator uses 8 different moves in a random move schedule with 14 moves per iteration

Iter        |      Posterior   |     Likelihood   |          Prior   |    elapsed   |        ETA   |
----------------------------------------------------------------------------------------------------
9001        |        -2446.3   |       -2456.98   |        10.6801   |   00:00:19   |   00:00:06   |
9002        |       -2447.24   |       -2457.14   |        9.90265   |   00:00:38   |   00:00:12   |
9003        |       -2447.24   |       -2457.14   |        9.90265   |   00:00:55   |   00:00:18   |
9004        |       -2445.33   |       -2455.17   |        9.83798   |   00:01:15   |   00:00:24   |
9005        |        -2443.9   |       -2452.71   |        8.81284   |   00:01:32   |   00:00:30   |
9006        |       -2442.85   |       -2451.68   |        8.82518   |   00:01:51   |   00:00:36   |
9007        |       -2443.33   |       -2452.04   |        8.71093   |   00:02:10   |   00:00:43   |
9008        |       -2446.71   |       -2455.72   |        9.00073   |   00:02:28   |   00:00:49   |
9009        |       -2445.53   |       -2452.85   |        7.31217   |   00:02:46   |   00:00:55   |
9010        |       -2445.86   |       -2453.27   |        7.40717   |   00:03:05   |   00:01:01   |
9011        |       -2446.95   |       -2454.54   |        7.59001   |   00:05:46   |   00:01:54   |
9012        |       -2444.03   |       -2453.55   |        9.52462   |   00:06:08   |   00:02:02   |
9013        |       -2445.42   |        -2454.3   |        8.88101   |   00:06:30   |   00:02:09   |
9014        |        -2445.2   |       -2453.54   |        8.34244   |   00:06:52   |   00:02:16   |
9015        |        -2443.9   |       -2452.25   |        8.34826   |   00:07:14   |   00:02:23   |
9016        |       -2445.89   |       -2454.23   |        8.34801   |   00:07:36   |   00:02:30   |
9017        |       -2445.89   |       -2454.23   |        8.34801   |   00:07:57   |   00:02:37   |
9018        |       -2445.89   |       -2454.23   |        8.34801   |   00:08:18   |   00:02:44   |
9019        |       -2443.65   |          -2452   |        8.35242   |   00:08:38   |   00:02:51   |


Iter        |      Posterior   |     Likelihood   |          Prior   |    elapsed   |        ETA   |
----------------------------------------------------------------------------------------------------
9020        |       -2443.16   |       -2452.41   |        9.25121   |   00:08:58   |   00:02:57   |
9021        |       -2443.21   |       -2452.46   |         9.2512   |   00:12:03   |   00:03:58   |
9022        |       -2442.98   |       -2452.23   |        9.25787   |   00:12:24   |   00:04:05   |
9023        |       -2444.32   |       -2453.32   |        8.99873   |   00:12:45   |   00:04:12   |
9024        |       -2443.71   |       -2452.71   |        9.00726   |   00:13:05   |   00:04:18   |
9025        |       -2448.35   |       -2457.07   |        8.72203   |   00:13:25   |   00:04:25   |
9026        |       -2442.94   |       -2451.67   |        8.72841   |   00:13:46   |   00:04:32   |
9027        |       -2442.85   |       -2451.57   |        8.72272   |   00:14:07   |   00:04:38   |
9028        |       -2444.87   |       -2452.96   |         8.0858   |   00:14:28   |   00:04:45   |
9029        |       -2444.77   |       -2452.68   |        7.90813   |   00:14:48   |   00:04:52   |
9030        |       -2443.36   |       -2452.13   |        8.76969   |   00:15:10   |   00:04:59   |
9031        |       -2443.84   |        -2452.8   |        8.96774   |   00:18:15   |   00:05:59   |
9032        |       -2446.83   |       -2455.96   |        9.13849   |   00:18:34   |   00:06:06   |
9033        |        -2445.7   |       -2454.83   |        9.13363   |   00:18:52   |   00:06:11   |
9034        |       -2443.94   |        -2454.1   |        10.1618   |   00:19:11   |   00:06:17   |
9035        |       -2444.33   |       -2453.73   |        9.40827   |   00:19:30   |   00:06:23   |
9036        |       -2444.67   |       -2454.08   |        9.40941   |   00:19:47   |   00:06:29   |
9037        |       -2443.24   |       -2452.32   |        9.07291   |   00:20:06   |   00:06:35   |
9038        |       -2443.66   |       -2452.67   |        9.01233   |   00:20:25   |   00:06:41   |
9039        |       -2443.66   |       -2452.67   |        9.01233   |   00:20:44   |   00:06:47   |


Iter        |      Posterior   |     Likelihood   |          Prior   |    elapsed   |        ETA   |
----------------------------------------------------------------------------------------------------
9040        |       -2444.51   |        -2452.2   |        7.68666   |   00:21:03   |   00:06:53   |
9041        |       -2444.84   |       -2452.35   |        7.50972   |   00:24:05   |   00:07:52   |
9042        |       -2443.24   |       -2451.67   |        8.42397   |   00:24:24   |   00:07:58   |
9043        |       -2444.17   |       -2452.59   |        8.41853   |   00:24:43   |   00:08:04   |
9044        |        -2446.2   |       -2455.51   |        9.31802   |   00:25:02   |   00:08:10   |
9045        |       -2448.48   |       -2457.76   |        9.28395   |   00:25:21   |   00:08:16   |
9046        |        -2446.5   |       -2455.89   |        9.39428   |   00:25:40   |   00:08:22   |
9047        |       -2445.93   |       -2455.63   |        9.69129   |   00:25:59   |   00:08:28   |
9048        |       -2443.98   |       -2453.53   |         9.5435   |   00:26:18   |   00:08:34   |
9049        |       -2443.49   |       -2453.03   |        9.54499   |   00:26:35   |   00:08:40   |
9050        |       -2443.44   |       -2452.98   |        9.53847   |   00:26:54   |   00:08:46   |
9051        |       -2444.92   |       -2454.44   |        9.51797   |   00:29:59   |   00:09:46   |
9052        |       -2443.58   |       -2453.24   |        9.66537   |   00:30:16   |   00:09:51   |
9053        |       -2445.41   |       -2455.24   |        9.83192   |   00:30:32   |   00:09:56   |
9054        |       -2445.44   |       -2455.27   |        9.83142   |   00:30:49   |   00:10:01   |
9055        |       -2445.44   |       -2455.27   |        9.83142   |   00:31:07   |   00:10:07   |
9056        |       -2448.72   |       -2458.61   |        9.89432   |   00:31:23   |   00:10:12   |
9057        |       -2444.34   |       -2455.27   |        10.9337   |   00:31:40   |   00:10:17   |
9058        |       -2443.28   |       -2452.52   |        9.24014   |   00:31:57   |   00:10:22   |
9059        |       -2445.28   |       -2454.25   |        8.96512   |   00:32:14   |   00:10:27   |


Iter        |      Posterior   |     Likelihood   |          Prior   |    elapsed   |        ETA   |
----------------------------------------------------------------------------------------------------
9060        |       -2443.21   |        -2452.4   |        9.19428   |   00:32:31   |   00:10:33   |
9061        |       -2443.75   |       -2452.95   |        9.19554   |   00:35:21   |   00:11:27   |
9062        |       -2444.89   |       -2454.05   |        9.15966   |   00:35:41   |   00:11:34   |
9063        |       -2444.89   |       -2454.05   |        9.15966   |   00:36:01   |   00:11:40   |
9064        |       -2445.02   |       -2453.66   |        8.64229   |   00:36:20   |   00:11:46   |
9065        |       -2442.81   |       -2451.49   |         8.6797   |   00:36:40   |   00:11:52   |
9066        |       -2443.99   |       -2452.72   |        8.73772   |   00:36:59   |   00:11:58   |
9067        |       -2443.75   |       -2452.62   |        8.86657   |   00:37:17   |   00:12:03   |
9068        |       -2445.75   |       -2454.72   |        8.97588   |   00:37:35   |   00:12:09   |
9069        |        -2442.9   |       -2453.74   |        10.8405   |   00:37:54   |   00:12:14   |
9070        |       -2443.19   |       -2454.14   |         10.956   |   00:38:11   |   00:12:20   |
9071        |       -2445.69   |       -2456.16   |        10.4709   |   00:41:17   |   00:13:19   |
9072        |       -2449.13   |       -2459.58   |        10.4486   |   00:41:36   |   00:13:25   |
9073        |       -2446.92   |       -2457.11   |        10.1894   |   00:41:54   |   00:13:31   |
9074        |       -2446.01   |        -2456.2   |        10.1928   |   00:42:11   |   00:13:36   |
9075        |       -2448.42   |       -2458.61   |        10.1842   |   00:42:31   |   00:13:42   |
9076        |       -2445.68   |       -2454.94   |        9.26188   |   00:42:49   |   00:13:47   |
9077        |       -2448.97   |       -2457.94   |        8.97271   |   00:43:08   |   00:13:53   |
9078        |       -2449.19   |       -2458.17   |        8.97642   |   00:43:27   |   00:13:59   |
9079        |       -2449.24   |       -2458.22   |         8.9809   |   00:43:46   |   00:14:04   |


Iter        |      Posterior   |     Likelihood   |          Prior   |    elapsed   |        ETA   |
----------------------------------------------------------------------------------------------------
9080        |       -2448.54   |       -2457.98   |        9.44177   |   00:44:05   |   00:14:10   |
9081        |       -2447.62   |       -2457.06   |         9.4447   |   00:47:10   |   00:15:09   |
9082        |       -2449.68   |        -2460.2   |        10.5288   |   00:47:29   |   00:15:15   |
9083        |       -2452.56   |       -2462.53   |        9.96702   |   00:47:48   |   00:15:21   |
9084        |       -2449.15   |       -2459.16   |        10.0051   |   00:48:07   |   00:15:26   |
9085        |       -2446.84   |       -2456.86   |        10.0175   |   00:48:26   |   00:15:32   |
9086        |       -2448.08   |        -2457.3   |        9.21284   |   00:48:44   |   00:15:37   |
9087        |       -2444.52   |       -2453.74   |        9.21625   |   00:49:01   |   00:15:42   |
9088        |       -2444.52   |       -2453.64   |        9.11538   |   00:49:20   |   00:15:48   |
9089        |       -2443.66   |       -2452.78   |        9.11985   |   00:49:39   |   00:15:54   |
9090        |        -2444.1   |       -2452.65   |        8.55134   |   00:49:58   |   00:15:59   |
9091        |       -2442.48   |       -2452.23   |         9.7513   |   00:53:03   |   00:16:58   |
9092        |       -2442.63   |       -2451.72   |        9.09627   |   00:53:22   |   00:17:04   |
9093        |       -2444.25   |          -2453   |        8.75644   |   00:53:41   |   00:17:09   |
9094        |       -2443.08   |       -2452.02   |        8.93716   |   00:54:00   |   00:17:15   |
9095        |       -2443.93   |       -2452.82   |        8.89147   |   00:54:19   |   00:17:20   |
9096        |       -2444.42   |        -2453.3   |         8.8893   |   00:54:38   |   00:17:26   |
9097        |        -2443.9   |       -2452.79   |        8.89242   |   00:54:57   |   00:17:32   |
9098        |       -2443.17   |       -2452.12   |        8.94808   |   00:55:16   |   00:17:37   |
9099        |       -2443.47   |       -2452.43   |         8.9543   |   00:55:35   |   00:17:43   |


Iter        |      Posterior   |     Likelihood   |          Prior   |    elapsed   |        ETA   |
----------------------------------------------------------------------------------------------------
9100        |       -2442.05   |       -2450.58   |        8.52608   |   00:55:52   |   00:17:48   |
9101        |       -2443.25   |       -2451.33   |        8.07793   |   00:58:58   |   00:18:46   |
9102        |       -2442.44   |       -2450.54   |        8.09967   |   00:59:16   |   00:18:52   |
9103        |       -2441.88   |       -2449.92   |        8.04311   |   00:59:32   |   00:18:56   |
9104        |       -2443.09   |       -2450.56   |        7.46615   |   00:59:49   |   00:19:01   |
9105        |       -2444.54   |       -2451.99   |          7.447   |   01:00:06   |   00:19:06   |
9106        |          -2447   |       -2454.72   |        7.72116   |   01:00:24   |   00:19:11   |
9107        |       -2445.35   |       -2455.16   |        9.81188   |   01:00:40   |   00:19:16   |
9108        |       -2444.58   |       -2454.43   |        9.84912   |   01:00:58   |   00:19:21   |
9109        |       -2445.72   |       -2455.57   |        9.85294   |   01:01:15   |   00:19:26   |
9110        |       -2445.42   |       -2455.39   |        9.97301   |   01:01:32   |   00:19:31   |
9111        |       -2445.05   |       -2454.86   |        9.81226   |   01:04:21   |   00:20:24   |
9112        |       -2443.14   |       -2451.87   |         8.7282   |   01:04:40   |   00:20:29   |
9113        |       -2442.58   |       -2450.75   |        8.17024   |   01:04:59   |   00:20:35   |
9114        |       -2442.58   |       -2450.75   |        8.17024   |   01:05:18   |   00:20:40   |
9115        |       -2446.04   |       -2454.21   |        8.16972   |   01:05:37   |   00:20:46   |
9116        |       -2448.26   |       -2456.43   |        8.17175   |   01:05:56   |   00:20:51   |
9117        |       -2446.82   |       -2456.48   |        9.65629   |   01:06:14   |   00:20:56   |
9118        |       -2448.92   |       -2459.22   |        10.2967   |   01:06:32   |   00:21:01   |
9119        |       -2448.22   |        -2458.5   |        10.2824   |   01:06:50   |   00:21:06   |


Iter        |      Posterior   |     Likelihood   |          Prior   |    elapsed   |        ETA   |
----------------------------------------------------------------------------------------------------
9120        |       -2448.68   |       -2458.97   |        10.2889   |   01:07:08   |   00:21:12   |
9121        |       -2446.79   |       -2456.43   |        9.63719   |   01:10:11   |   00:22:09   |
9122        |       -2446.24   |       -2455.61   |        9.37401   |   01:10:29   |   00:22:14   |
9123        |       -2445.64   |       -2455.27   |        9.63108   |   01:10:48   |   00:22:19   |
9124        |       -2444.42   |       -2453.93   |        9.50632   |   01:11:07   |   00:22:25   |
9125        |       -2443.86   |       -2453.56   |         9.6968   |   01:11:24   |   00:22:29   |
9126        |          -2443   |       -2452.66   |         9.6542   |   01:11:43   |   00:22:35   |
9127        |        -2443.4   |       -2452.93   |        9.52662   |   01:12:02   |   00:22:40   |
9128        |        -2446.3   |       -2455.83   |        9.52876   |   01:12:21   |   00:22:45   |
9129        |       -2445.22   |       -2453.69   |        8.46411   |   01:12:40   |   00:22:51   |
9130        |       -2444.49   |       -2452.96   |        8.47224   |   01:12:59   |   00:22:56   |
9131        |       -2445.36   |       -2453.81   |        8.45073   |   01:16:01   |   00:23:53   |
9132        |       -2446.22   |       -2454.68   |        8.46246   |   01:16:20   |   00:23:58   |
9133        |       -2446.85   |       -2455.29   |        8.44079   |   01:16:39   |   00:24:03   |
9134        |       -2445.41   |       -2453.71   |        8.30878   |   01:16:58   |   00:24:09   |
9135        |       -2447.32   |       -2457.16   |        9.83967   |   01:17:17   |   00:24:14   |
9136        |       -2445.89   |       -2455.75   |        9.85168   |   01:17:35   |   00:24:19   |
9137        |       -2447.45   |          -2457   |         9.5472   |   01:17:54   |   00:24:24   |
9138        |       -2444.62   |       -2455.28   |        10.6606   |   01:18:13   |   00:24:29   |
9139        |       -2448.18   |       -2457.82   |         9.6402   |   01:18:30   |   00:24:34   |


Iter        |      Posterior   |     Likelihood   |          Prior   |    elapsed   |        ETA   |
----------------------------------------------------------------------------------------------------
9140        |        -2447.8   |       -2457.44   |        9.64182   |   01:18:49   |   00:24:39   |
9141        |       -2447.79   |       -2457.43   |        9.64188   |   01:21:53   |   00:25:36   |
9142        |       -2445.56   |       -2455.19   |        9.62816   |   01:22:10   |   00:25:41   |
9143        |        -2446.2   |       -2455.82   |        9.62171   |   01:22:29   |   00:25:46   |
9144        |       -2445.91   |       -2455.42   |        9.50997   |   01:22:48   |   00:25:51   |
9145        |       -2445.36   |       -2454.89   |        9.52471   |   01:23:06   |   00:25:56   |
9146        |       -2445.32   |       -2454.84   |        9.51993   |   01:23:25   |   00:26:01   |
9147        |       -2444.43   |       -2454.54   |        10.1094   |   01:23:44   |   00:26:07   |
9148        |       -2447.17   |       -2457.58   |        10.4065   |   01:24:03   |   00:26:12   |
9149        |       -2446.25   |       -2456.67   |        10.4114   |   01:24:21   |   00:26:17   |
9150        |        -2444.6   |       -2455.89   |        11.2935   |   01:24:40   |   00:26:22   |
9151        |       -2444.19   |        -2455.2   |        11.0088   |   01:27:43   |   00:27:18   |
9152        |       -2443.84   |       -2454.85   |        11.0107   |   01:28:02   |   00:27:23   |
9153        |       -2443.55   |       -2454.07   |        10.5209   |   01:28:20   |   00:27:28   |
9154        |       -2445.51   |       -2454.54   |        9.03323   |   01:28:39   |   00:27:33   |
9155        |       -2443.79   |       -2453.51   |         9.7175   |   01:28:58   |   00:27:38   |
9156        |       -2441.95   |        -2451.5   |        9.54682   |   01:29:15   |   00:27:43   |
9157        |       -2444.06   |       -2453.61   |        9.54831   |   01:29:31   |   00:27:47   |
9158        |       -2447.05   |       -2456.66   |        9.61312   |   01:29:48   |   00:27:52   |
9159        |       -2444.44   |       -2453.88   |         9.4407   |   01:30:05   |   00:27:56   |


Iter        |      Posterior   |     Likelihood   |          Prior   |    elapsed   |        ETA   |
----------------------------------------------------------------------------------------------------
9160        |       -2447.52   |       -2456.99   |        9.46788   |   01:30:22   |   00:28:01   |
9161        |       -2448.89   |       -2458.48   |         9.5908   |   01:33:05   |   00:28:50   |
9162        |       -2445.47   |       -2455.06   |        9.58986   |   01:33:22   |   00:28:55   |
9163        |       -2442.21   |       -2451.69   |        9.48928   |   01:33:41   |   00:29:00   |
9164        |       -2442.21   |       -2451.69   |        9.48928   |   01:34:00   |   00:29:05   |
9165        |       -2442.62   |       -2452.11   |        9.48556   |   01:34:19   |   00:29:10   |
9166        |       -2443.38   |       -2452.74   |        9.36785   |   01:34:38   |   00:29:15   |
9167        |       -2443.84   |       -2452.28   |        8.44543   |   01:34:57   |   00:29:20   |
9168        |       -2443.74   |       -2452.96   |        9.21824   |   01:35:16   |   00:29:25   |
9169        |       -2441.93   |       -2450.83   |        8.90231   |   01:35:35   |   00:29:30   |
9170        |       -2444.44   |       -2453.41   |        8.97201   |   01:35:53   |   00:29:35   |
9171        |       -2444.27   |       -2452.22   |        7.94898   |   01:38:50   |   00:30:29   |
9172        |       -2450.96   |       -2458.89   |        7.92706   |   01:39:09   |   00:30:34   |
9173        |       -2447.01   |       -2454.82   |         7.8182   |   01:39:28   |   00:30:39   |
9174        |       -2445.59   |       -2453.42   |        7.83274   |   01:39:47   |   00:30:44   |
9175        |       -2445.68   |       -2453.46   |        7.78063   |   01:40:06   |   00:30:49   |
9176        |       -2444.78   |       -2452.56   |        7.78722   |   01:40:24   |   00:30:53   |
9177        |       -2442.89   |       -2450.66   |        7.76774   |   01:40:44   |   00:30:59   |
9178        |       -2442.89   |       -2450.66   |        7.76774   |   01:41:03   |   00:31:04   |
9179        |       -2443.91   |       -2452.14   |        8.23592   |   01:41:20   |   00:31:08   |


Iter        |      Posterior   |     Likelihood   |          Prior   |    elapsed   |        ETA   |
----------------------------------------------------------------------------------------------------
9180        |       -2444.64   |       -2452.87   |        8.23412   |   01:41:39   |   00:31:13   |
9181        |       -2443.37   |       -2451.73   |        8.35858   |   01:44:43   |   00:32:09   |
9182        |       -2443.32   |       -2451.68   |        8.36442   |   01:45:02   |   00:32:14   |
9183        |       -2443.32   |       -2451.68   |        8.36442   |   01:45:21   |   00:32:19   |
9184        |       -2443.32   |       -2451.68   |        8.36442   |   01:45:40   |   00:32:23   |
9185        |       -2443.32   |       -2451.68   |        8.36442   |   01:45:58   |   00:32:28   |
9186        |       -2442.89   |       -2451.34   |        8.44655   |   01:46:17   |   00:32:33   |
9187        |       -2442.89   |       -2451.34   |        8.44655   |   01:46:36   |   00:32:38   |
9188        |       -2443.22   |       -2451.58   |        8.35353   |   01:46:55   |   00:32:43   |
9189        |       -2447.12   |       -2455.58   |        8.45585   |   01:47:14   |   00:32:48   |
9190        |       -2442.63   |       -2450.85   |        8.21899   |   01:47:33   |   00:32:53   |
9191        |       -2442.41   |        -2450.6   |        8.19251   |   01:50:36   |   00:33:48   |
9192        |       -2442.82   |       -2451.01   |        8.19518   |   01:50:55   |   00:33:52   |
9193        |        -2443.9   |       -2452.19   |         8.2839   |   01:51:14   |   00:33:57   |
9194        |       -2446.81   |       -2455.88   |        9.07159   |   01:51:32   |   00:34:02   |
9195        |       -2446.37   |       -2455.44   |        9.06421   |   01:51:49   |   00:34:06   |
9196        |       -2446.53   |        -2455.6   |        9.06946   |   01:52:08   |   00:34:11   |
9197        |       -2449.14   |       -2458.51   |          9.368   |   01:52:27   |   00:34:16   |
9198        |       -2449.14   |       -2458.51   |          9.368   |   01:52:46   |   00:34:21   |
9199        |       -2449.84   |       -2459.85   |        10.0144   |   01:53:04   |   00:34:25   |


Iter        |      Posterior   |     Likelihood   |          Prior   |    elapsed   |        ETA   |
----------------------------------------------------------------------------------------------------
9200        |       -2448.63   |       -2460.25   |        11.6169   |   01:53:23   |   00:34:30   |
9201        |       -2451.03   |       -2462.64   |        11.6092   |   01:56:26   |   00:35:25   |
9202        |       -2448.74   |       -2459.98   |        11.2375   |   01:56:45   |   00:35:29   |
9203        |       -2449.24   |       -2460.28   |        11.0492   |   01:57:04   |   00:35:34   |
9204        |       -2447.42   |       -2458.47   |        11.0494   |   01:57:23   |   00:35:39   |
9205        |       -2449.09   |       -2460.54   |         11.457   |   01:57:41   |   00:35:43   |
9206        |       -2447.91   |       -2459.18   |        11.2645   |   01:58:00   |   00:35:48   |
9207        |       -2447.19   |       -2458.32   |        11.1283   |   01:58:19   |   00:35:53   |
9208        |       -2447.42   |       -2458.55   |        11.1361   |   01:58:37   |   00:35:57   |
9209        |       -2447.99   |        -2459.5   |        11.5151   |   01:58:53   |   00:36:01   |
9210        |       -2444.52   |       -2454.75   |        10.2349   |   01:59:10   |   00:36:05   |
9211        |        -2446.8   |       -2456.12   |        9.31648   |   02:01:53   |   00:36:54   |
9212        |       -2442.78   |       -2452.43   |        9.65422   |   02:02:10   |   00:36:58   |
9213        |       -2442.99   |       -2452.99   |        10.0074   |   02:02:27   |   00:37:02   |
9214        |       -2443.78   |       -2453.54   |        9.75309   |   02:02:45   |   00:37:06   |
9215        |       -2443.34   |       -2451.98   |         8.6376   |   02:03:03   |   00:37:11   |
9216        |       -2445.42   |       -2454.05   |        8.62565   |   02:03:21   |   00:37:15   |
9217        |       -2444.18   |       -2452.81   |        8.62896   |   02:03:40   |   00:37:20   |
9218        |       -2445.67   |       -2454.01   |        8.34228   |   02:03:59   |   00:37:25   |
9219        |       -2442.61   |       -2451.16   |        8.54723   |   02:04:18   |   00:37:29   |


Iter        |      Posterior   |     Likelihood   |          Prior   |    elapsed   |        ETA   |
----------------------------------------------------------------------------------------------------
9220        |        -2441.8   |       -2450.28   |        8.48193   |   02:04:37   |   00:37:34   |
9221        |       -2442.12   |        -2450.6   |         8.4746   |   02:07:31   |   00:38:25   |
9222        |       -2441.81   |       -2450.29   |         8.4746   |   02:07:50   |   00:38:30   |
9223        |        -2442.8   |       -2451.27   |        8.47041   |   02:08:09   |   00:38:35   |
9224        |        -2444.2   |       -2452.66   |        8.46211   |   02:08:28   |   00:38:39   |
9225        |       -2444.69   |       -2453.29   |         8.5957   |   02:08:47   |   00:38:44   |
9226        |       -2445.98   |       -2454.57   |        8.58757   |   02:09:06   |   00:38:49   |
9227        |       -2445.25   |       -2453.34   |         8.0937   |   02:09:24   |   00:38:53   |
9228        |        -2445.1   |       -2454.13   |        9.02952   |   02:09:43   |   00:38:57   |
9229        |       -2445.17   |        -2454.2   |        9.03482   |   02:10:02   |   00:39:02   |
9230        |        -2444.4   |       -2453.43   |        9.03727   |   02:10:21   |   00:39:07   |
9231        |        -2444.3   |       -2453.33   |        9.03304   |   02:13:25   |   00:40:01   |
9232        |       -2444.73   |       -2453.76   |        9.03304   |   02:13:44   |   00:40:05   |
9233        |       -2447.24   |       -2456.26   |         9.0181   |   02:14:03   |   00:40:10   |
9234        |       -2449.18   |       -2458.21   |        9.03044   |   02:14:20   |   00:40:14   |
9235        |       -2449.18   |       -2458.21   |        9.03044   |   02:14:39   |   00:40:18   |
9236        |       -2448.94   |       -2456.09   |        7.14734   |   02:14:58   |   00:40:23   |
9237        |       -2448.47   |       -2455.52   |        7.05556   |   02:15:17   |   00:40:27   |
9238        |       -2448.42   |       -2455.47   |        7.05333   |   02:15:36   |   00:40:32   |
9239        |       -2448.45   |        -2455.5   |        7.05612   |   02:15:55   |   00:40:37   |


Iter        |      Posterior   |     Likelihood   |          Prior   |    elapsed   |        ETA   |
----------------------------------------------------------------------------------------------------
9240        |       -2448.45   |        -2455.5   |        7.05612   |   02:16:13   |   00:40:41   |
9241        |       -2448.14   |        -2455.7   |         7.5595   |   02:19:17   |   00:41:35   |
9242        |       -2446.89   |       -2454.45   |        7.56633   |   02:19:36   |   00:41:39   |
9243        |       -2445.85   |        -2454.3   |        8.45032   |   02:19:55   |   00:41:44   |
9244        |       -2445.21   |       -2453.98   |        8.76258   |   02:20:14   |   00:41:48   |
9245        |       -2454.47   |       -2462.83   |        8.36218   |   02:20:33   |   00:41:53   |
9246        |       -2452.08   |       -2459.58   |         7.4984   |   02:20:51   |   00:41:57   |
9247        |       -2453.44   |       -2460.43   |        6.98879   |   02:21:10   |   00:42:01   |
9248        |       -2447.87   |       -2454.66   |        6.79223   |   02:21:27   |   00:42:05   |
9249        |       -2447.77   |       -2454.69   |        6.92432   |   02:21:46   |   00:42:10   |
9250        |       -2446.36   |       -2452.84   |        6.48352   |   02:22:05   |   00:42:14   |
9251        |       -2445.62   |       -2453.85   |        8.23334   |   02:25:09   |   00:43:07   |
9252        |       -2445.07   |       -2452.48   |        7.41193   |   02:25:28   |   00:43:12   |
9253        |       -2445.33   |       -2452.36   |        7.02654   |   02:25:47   |   00:43:16   |
9254        |       -2446.55   |       -2455.27   |         8.7156   |   02:26:06   |   00:43:21   |
9255        |       -2445.97   |        -2454.7   |        8.72415   |   02:26:25   |   00:43:25   |
9256        |       -2446.05   |       -2454.77   |        8.72143   |   02:26:43   |   00:43:29   |
9257        |       -2444.55   |       -2452.18   |        7.62914   |   02:27:02   |   00:43:34   |
9258        |       -2444.02   |       -2451.65   |        7.63021   |   02:27:21   |   00:43:38   |
9259        |       -2445.45   |       -2453.61   |         8.1673   |   02:27:40   |   00:43:42   |


Iter        |      Posterior   |     Likelihood   |          Prior   |    elapsed   |        ETA   |
----------------------------------------------------------------------------------------------------
9260        |       -2446.28   |       -2454.93   |        8.64592   |   02:27:58   |   00:43:46   |
9261        |       -2447.18   |       -2455.85   |         8.6618   |   02:30:42   |   00:44:34   |
9262        |       -2444.05   |       -2452.14   |        8.09027   |   02:30:59   |   00:44:37   |
9263        |       -2443.56   |       -2451.63   |        8.06962   |   02:31:16   |   00:44:41   |
9264        |       -2445.22   |       -2453.42   |        8.20214   |   02:31:33   |   00:44:45   |
9265        |       -2444.94   |       -2454.27   |        9.32652   |   02:31:50   |   00:44:49   |
9266        |        -2444.3   |       -2453.64   |        9.33813   |   02:32:07   |   00:44:52   |
9267        |       -2445.18   |       -2453.42   |        8.24793   |   02:32:25   |   00:44:57   |
9268        |       -2445.85   |       -2454.09   |        8.24234   |   02:32:44   |   00:45:01   |
9269        |       -2446.07   |       -2454.31   |        8.23936   |   02:33:02   |   00:45:05   |
9270        |       -2446.81   |       -2454.78   |         7.9757   |   02:33:21   |   00:45:09   |
9271        |       -2446.81   |       -2454.78   |         7.9757   |   02:36:17   |   00:46:00   |
9272        |       -2445.96   |          -2454   |        8.04412   |   02:36:35   |   00:46:04   |
9273        |       -2445.96   |          -2454   |        8.04412   |   02:36:54   |   00:46:08   |
9274        |       -2445.96   |          -2454   |        8.04412   |   02:37:13   |   00:46:12   |
9275        |       -2444.53   |       -2450.67   |        6.13827   |   02:37:32   |   00:46:17   |
9276        |          -2444   |       -2451.04   |        7.04391   |   02:37:51   |   00:46:21   |
9277        |       -2444.47   |       -2452.26   |        7.79095   |   02:38:10   |   00:46:25   |
9278        |       -2443.72   |       -2451.58   |        7.86843   |   02:38:28   |   00:46:29   |
9279        |       -2443.91   |       -2451.78   |        7.87378   |   02:38:47   |   00:46:33   |


Iter        |      Posterior   |     Likelihood   |          Prior   |    elapsed   |        ETA   |
----------------------------------------------------------------------------------------------------
9280        |       -2443.83   |       -2452.39   |        8.55779   |   02:39:06   |   00:46:37   |
9281        |       -2443.61   |       -2452.16   |        8.54682   |   02:42:11   |   00:47:30   |
9282        |       -2444.34   |       -2451.25   |        6.91016   |   02:42:30   |   00:47:35   |
9283        |       -2442.77   |        -2451.5   |        8.73117   |   02:42:49   |   00:47:39   |
9284        |       -2443.77   |       -2452.48   |        8.71806   |   02:43:07   |   00:47:43   |
9285        |       -2443.65   |       -2452.38   |        8.72347   |   02:43:26   |   00:47:47   |
9286        |       -2444.99   |       -2453.71   |        8.71797   |   02:43:43   |   00:47:50   |
9287        |       -2443.34   |        -2452.3   |        8.95915   |   02:44:02   |   00:47:55   |
9288        |       -2443.05   |          -2452   |        8.94924   |   02:44:21   |   00:47:59   |
9289        |       -2443.68   |       -2451.15   |        7.46221   |   02:44:40   |   00:48:03   |
9290        |       -2446.37   |       -2453.83   |        7.45676   |   02:44:59   |   00:48:07   |
9291        |          -2447   |       -2454.56   |        7.56589   |   02:48:03   |   00:48:59   |
9292        |       -2448.12   |       -2455.35   |        7.22805   |   02:48:22   |   00:49:04   |
9293        |       -2448.12   |       -2455.35   |        7.22805   |   02:48:41   |   00:49:08   |
9294        |       -2445.57   |       -2452.46   |        6.88964   |   02:49:00   |   00:49:12   |
9295        |       -2444.74   |       -2451.63   |        6.88964   |   02:49:19   |   00:49:16   |
9296        |       -2444.92   |       -2451.81   |        6.88867   |   02:49:37   |   00:49:20   |
9297        |       -2444.97   |       -2451.86   |        6.89031   |   02:49:56   |   00:49:24   |
9298        |       -2446.26   |       -2453.14   |        6.87881   |   02:50:15   |   00:49:28   |
9299        |       -2450.11   |        -2454.9   |        4.79226   |   02:50:33   |   00:49:32   |


Iter        |      Posterior   |     Likelihood   |          Prior   |    elapsed   |        ETA   |
----------------------------------------------------------------------------------------------------
9300        |       -2450.11   |        -2454.9   |        4.79226   |   02:50:51   |   00:49:36   |
9301        |       -2449.49   |       -2453.91   |        4.42341   |   02:53:55   |   00:50:28   |
9302        |       -2449.49   |       -2453.91   |        4.42341   |   02:54:12   |   00:50:31   |
9303        |       -2449.49   |       -2453.91   |        4.42341   |   02:54:31   |   00:50:35   |
9304        |       -2445.84   |       -2451.51   |        5.67487   |   02:54:50   |   00:50:39   |
9305        |       -2448.53   |          -2453   |        4.46674   |   02:55:09   |   00:50:43   |
9306        |       -2447.08   |       -2451.55   |        4.46471   |   02:55:28   |   00:50:47   |
9307        |       -2446.55   |       -2451.65   |        5.09879   |   02:55:47   |   00:50:51   |
9308        |       -2447.63   |       -2452.86   |        5.23707   |   02:56:05   |   00:50:55   |
9309        |       -2447.53   |       -2452.78   |        5.24801   |   02:56:24   |   00:50:59   |
9310        |       -2445.57   |       -2450.81   |        5.23614   |   02:56:43   |   00:51:03   |
9311        |       -2445.76   |       -2451.55   |        5.78556   |   02:59:30   |   00:51:50   |
9312        |        -2446.6   |       -2452.38   |        5.78166   |   02:59:47   |   00:51:53   |
9313        |       -2444.93   |       -2453.36   |        8.42725   |   03:00:04   |   00:51:57   |
9314        |       -2443.28   |       -2451.73   |        8.44852   |   03:00:21   |   00:52:00   |
9315        |       -2443.14   |       -2451.59   |        8.45058   |   03:00:39   |   00:52:04   |
9316        |       -2446.04   |        -2452.6   |        6.55942   |   03:00:56   |   00:52:07   |
9317        |       -2445.89   |       -2452.46   |        6.56557   |   03:01:12   |   00:52:10   |
9318        |       -2445.03   |       -2451.49   |        6.45692   |   03:01:29   |   00:52:14   |
9319        |       -2445.88   |       -2452.33   |        6.45156   |   03:01:46   |   00:52:17   |


Iter        |      Posterior   |     Likelihood   |          Prior   |    elapsed   |        ETA   |
----------------------------------------------------------------------------------------------------
9320        |       -2445.67   |       -2452.14   |        6.46892   |   03:02:05   |   00:52:21   |
9321        |       -2443.73   |        -2450.2   |        6.47014   |   03:05:02   |   00:53:10   |
9322        |       -2446.05   |       -2451.44   |        5.38915   |   03:05:20   |   00:53:14   |
9323        |       -2447.67   |       -2453.06   |        5.39129   |   03:05:38   |   00:53:18   |
9324        |       -2446.19   |       -2451.44   |        5.24584   |   03:05:57   |   00:53:22   |
9325        |       -2445.84   |       -2451.09   |        5.24521   |   03:06:15   |   00:53:25   |
9326        |       -2443.69   |       -2450.08   |        6.38906   |   03:06:34   |   00:53:29   |
9327        |        -2443.5   |       -2450.11   |        6.61005   |   03:06:52   |   00:53:33   |
9328        |       -2443.57   |       -2450.18   |        6.60672   |   03:07:11   |   00:53:37   |
9329        |       -2444.23   |       -2450.69   |        6.45772   |   03:07:30   |   00:53:41   |
9330        |       -2445.19   |       -2451.64   |        6.45574   |   03:07:49   |   00:53:44   |
9331        |       -2445.49   |       -2451.93   |        6.44774   |   03:10:53   |   00:54:35   |
9332        |          -2446   |       -2453.35   |        7.34602   |   03:11:12   |   00:54:39   |
9333        |       -2445.97   |       -2453.32   |        7.35079   |   03:11:31   |   00:54:43   |
9334        |       -2445.29   |       -2453.11   |        7.82598   |   03:11:50   |   00:54:47   |
9335        |       -2447.17   |       -2456.07   |        8.89956   |   03:12:09   |   00:54:51   |
9336        |       -2442.31   |       -2451.08   |        8.76662   |   03:12:28   |   00:54:55   |
9337        |       -2442.64   |       -2451.35   |        8.70917   |   03:12:47   |   00:54:59   |
9338        |       -2442.69   |       -2451.41   |        8.71927   |   03:13:05   |   00:55:02   |
9339        |       -2442.69   |       -2451.41   |        8.71927   |   03:13:22   |   00:55:05   |


Iter        |      Posterior   |     Likelihood   |          Prior   |    elapsed   |        ETA   |
----------------------------------------------------------------------------------------------------
9340        |       -2443.41   |       -2452.48   |        9.06776   |   03:13:41   |   00:55:09   |
9341        |       -2446.51   |       -2455.87   |         9.3578   |   03:16:45   |   00:56:00   |
9342        |       -2444.47   |       -2453.93   |        9.45518   |   03:17:03   |   00:56:03   |
9343        |       -2444.47   |       -2453.93   |        9.45518   |   03:17:22   |   00:56:07   |
9344        |       -2444.68   |       -2454.43   |        9.74807   |   03:17:41   |   00:56:11   |
9345        |       -2443.06   |       -2452.81   |        9.75201   |   03:18:00   |   00:56:15   |
9346        |       -2442.58   |       -2452.33   |        9.74883   |   03:18:19   |   00:56:18   |
9347        |       -2443.01   |       -2452.76   |        9.74704   |   03:18:37   |   00:56:22   |
9348        |       -2443.01   |       -2452.76   |        9.74704   |   03:18:56   |   00:56:26   |
9349        |       -2441.94   |        -2451.7   |        9.75736   |   03:19:15   |   00:56:29   |
9350        |       -2441.99   |       -2451.75   |        9.75976   |   03:19:34   |   00:56:33   |
9351        |       -2443.68   |       -2453.36   |        9.68139   |   03:22:38   |   00:57:24   |
9352        |       -2445.85   |       -2455.56   |        9.71342   |   03:22:57   |   00:57:27   |
9353        |       -2444.29   |        -2453.6   |        9.30599   |   03:23:15   |   00:57:31   |
9354        |       -2442.24   |       -2451.58   |         9.3354   |   03:23:34   |   00:57:35   |
9355        |       -2443.46   |       -2452.95   |        9.49132   |   03:23:51   |   00:57:38   |
9356        |       -2445.41   |        -2454.9   |        9.49072   |   03:24:10   |   00:57:41   |
9357        |       -2444.72   |       -2454.96   |        10.2444   |   03:24:29   |   00:57:45   |
9358        |       -2445.63   |       -2455.96   |        10.3327   |   03:24:47   |   00:57:48   |
9359        |       -2445.02   |       -2455.36   |        10.3327   |   03:25:06   |   00:57:52   |


Iter        |      Posterior   |     Likelihood   |          Prior   |    elapsed   |        ETA   |
----------------------------------------------------------------------------------------------------
9360        |       -2444.15   |       -2454.49   |        10.3426   |   03:25:25   |   00:57:56   |
9361        |       -2443.47   |        -2453.8   |         10.327   |   03:28:20   |   00:58:43   |
9362        |       -2444.53   |       -2454.92   |         10.384   |   03:28:37   |   00:58:47   |
9363        |       -2446.61   |          -2457   |        10.3879   |   03:28:54   |   00:58:50   |
9364        |        -2446.9   |        -2457.2   |        10.3037   |   03:29:12   |   00:58:53   |
9365        |       -2446.12   |       -2456.68   |        10.5647   |   03:29:29   |   00:58:56   |
9366        |       -2445.23   |       -2455.68   |        10.4461   |   03:29:46   |   00:58:59   |
9367        |       -2449.15   |       -2459.58   |        10.4288   |   03:30:03   |   00:59:02   |
9368        |       -2443.86   |       -2454.32   |        10.4657   |   03:30:20   |   00:59:05   |
9369        |       -2444.15   |       -2454.74   |        10.5942   |   03:30:36   |   00:59:08   |
9370        |       -2444.44   |       -2455.02   |        10.5819   |   03:30:53   |   00:59:11   |
9371        |       -2449.04   |       -2459.61   |        10.5724   |   03:33:35   |   00:59:55   |
9372        |       -2447.99   |       -2458.57   |        10.5776   |   03:33:52   |   00:59:58   |
9373        |       -2447.99   |       -2458.57   |        10.5776   |   03:34:09   |   01:00:01   |
9374        |       -2447.19   |       -2457.77   |        10.5794   |   03:34:27   |   01:00:04   |
9375        |       -2450.31   |       -2460.21   |        9.89944   |   03:34:46   |   01:00:08   |
9376        |       -2444.57   |       -2453.89   |        9.32026   |   03:35:05   |   01:00:11   |
9377        |       -2444.36   |       -2453.67   |        9.31069   |   03:35:24   |   01:00:15   |
9378        |       -2445.67   |       -2454.98   |        9.30807   |   03:35:43   |   01:00:18   |
9379        |       -2444.72   |       -2454.04   |        9.31938   |   03:36:02   |   01:00:22   |


Iter        |      Posterior   |     Likelihood   |          Prior   |    elapsed   |        ETA   |
----------------------------------------------------------------------------------------------------
9380        |       -2448.54   |       -2457.85   |        9.31327   |   03:36:21   |   01:00:25   |
9381        |       -2444.88   |       -2454.41   |        9.53073   |   03:39:16   |   01:01:12   |
9382        |       -2446.79   |       -2454.68   |          7.891   |   03:39:35   |   01:01:16   |
9383        |       -2448.58   |       -2456.43   |        7.85591   |   03:39:54   |   01:01:19   |
9384        |       -2446.22   |       -2454.09   |        7.86639   |   03:40:13   |   01:01:23   |
9385        |       -2450.99   |       -2458.04   |        7.04993   |   03:40:31   |   01:01:26   |
9386        |       -2443.93   |       -2450.97   |        7.03765   |   03:40:50   |   01:01:30   |
9387        |       -2444.02   |       -2450.96   |        6.94608   |   03:41:09   |   01:01:33   |
9388        |       -2444.46   |        -2451.4   |         6.9458   |   03:41:28   |   01:01:37   |
9389        |       -2444.44   |       -2451.06   |        6.61893   |   03:41:47   |   01:01:40   |
9390        |       -2441.83   |       -2449.61   |        7.78594   |   03:42:05   |   01:01:43   |
9391        |       -2441.98   |       -2448.96   |        6.97888   |   03:45:10   |   01:02:33   |
9392        |       -2444.94   |        -2452.3   |        7.36215   |   03:45:29   |   01:02:36   |
9393        |       -2447.17   |       -2454.54   |        7.36906   |   03:45:46   |   01:02:39   |
9394        |       -2447.28   |       -2454.65   |        7.36799   |   03:46:05   |   01:02:43   |
9395        |       -2442.82   |       -2452.05   |        9.23009   |   03:46:24   |   01:02:46   |
9396        |       -2444.29   |       -2454.25   |        9.96609   |   03:46:43   |   01:02:49   |
9397        |       -2444.43   |       -2454.42   |        9.99354   |   03:47:02   |   01:02:53   |
9398        |       -2443.01   |        -2453.2   |        10.1947   |   03:47:21   |   01:02:56   |
9399        |       -2443.78   |       -2454.75   |        10.9657   |   03:47:39   |   01:02:59   |


Iter        |      Posterior   |     Likelihood   |          Prior   |    elapsed   |        ETA   |
----------------------------------------------------------------------------------------------------
9400        |       -2443.99   |       -2454.95   |        10.9661   |   03:47:58   |   01:03:03   |
9401        |       -2442.89   |       -2453.29   |        10.4019   |   03:51:02   |   01:03:52   |
9402        |       -2448.79   |       -2459.04   |        10.2408   |   03:51:21   |   01:03:55   |
9403        |       -2448.02   |       -2458.22   |        10.2009   |   03:51:40   |   01:03:59   |
9404        |       -2451.65   |        -2460.5   |        8.85786   |   03:51:59   |   01:04:02   |
9405        |       -2446.87   |       -2455.84   |        8.96956   |   03:52:18   |   01:04:05   |
9406        |       -2444.67   |       -2453.66   |        8.99533   |   03:52:35   |   01:04:08   |
9407        |       -2444.29   |       -2453.29   |        8.99647   |   03:52:53   |   01:04:11   |
9408        |       -2444.29   |       -2453.29   |        8.99647   |   03:53:12   |   01:04:14   |
9409        |       -2442.74   |       -2452.57   |        9.82926   |   03:53:31   |   01:04:18   |
9410        |       -2444.18   |       -2453.27   |        9.08993   |   03:53:50   |   01:04:21   |
9411        |       -2444.56   |       -2453.85   |        9.29795   |   03:56:53   |   01:05:10   |
9412        |       -2443.31   |       -2452.63   |        9.32138   |   03:57:13   |   01:05:13   |
9413        |       -2443.89   |       -2452.74   |        8.84883   |   03:57:31   |   01:05:16   |
9414        |        -2443.8   |       -2452.65   |        8.85047   |   03:57:50   |   01:05:19   |
9415        |       -2444.38   |       -2453.24   |        8.86237   |   03:58:09   |   01:05:23   |
9416        |        -2443.8   |        -2453.4   |        9.59497   |   03:58:28   |   01:05:26   |
9417        |       -2442.75   |       -2452.38   |        9.62099   |   03:58:47   |   01:05:29   |
9418        |       -2442.75   |       -2452.38   |        9.62099   |   03:59:05   |   01:05:32   |
9419        |       -2442.75   |       -2452.38   |        9.62099   |   03:59:24   |   01:05:36   |


Iter        |      Posterior   |     Likelihood   |          Prior   |    elapsed   |        ETA   |
----------------------------------------------------------------------------------------------------
9420        |       -2442.75   |       -2452.38   |        9.62099   |   03:59:40   |   01:05:38   |
9421        |       -2445.21   |       -2454.48   |        9.27619   |   04:02:23   |   01:06:21   |
9422        |       -2443.53   |       -2453.96   |         10.433   |   04:02:40   |   01:06:23   |
9423        |        -2443.3   |       -2453.78   |        10.4761   |   04:02:57   |   01:06:26   |
9424        |       -2443.41   |       -2453.91   |           10.5   |   04:03:14   |   01:06:29   |
9425        |       -2443.41   |       -2454.05   |         10.645   |   04:03:31   |   01:06:31   |
9426        |       -2445.38   |       -2456.04   |        10.6619   |   04:03:49   |   01:06:34   |
9427        |       -2445.56   |       -2456.36   |        10.8016   |   04:04:08   |   01:06:38   |
9428        |       -2446.57   |       -2456.97   |        10.3987   |   04:04:27   |   01:06:41   |
9429        |       -2445.12   |       -2454.52   |        9.40623   |   04:04:46   |   01:06:44   |
9430        |        -2447.5   |       -2456.89   |        9.39779   |   04:05:05   |   01:06:47   |
9431        |       -2446.02   |       -2456.55   |        10.5278   |   04:08:00   |   01:07:33   |
9432        |          -2445   |       -2455.52   |        10.5208   |   04:08:18   |   01:07:36   |
9433        |       -2448.17   |       -2458.68   |        10.5108   |   04:08:37   |   01:07:39   |
9434        |       -2448.17   |       -2458.68   |        10.5108   |   04:08:56   |   01:07:42   |
9435        |       -2447.03   |       -2457.77   |        10.7387   |   04:09:15   |   01:07:45   |
9436        |       -2446.16   |       -2457.38   |        11.2191   |   04:09:34   |   01:07:48   |
9437        |       -2447.82   |       -2458.37   |        10.5542   |   04:09:53   |   01:07:51   |
9438        |       -2448.75   |       -2459.28   |        10.5304   |   04:10:12   |   01:07:55   |
9439        |       -2448.53   |       -2459.24   |        10.7102   |   04:10:30   |   01:07:57   |


Iter        |      Posterior   |     Likelihood   |          Prior   |    elapsed   |        ETA   |
----------------------------------------------------------------------------------------------------
9440        |       -2449.12   |       -2459.83   |        10.7102   |   04:10:49   |   01:08:01   |
9441        |       -2449.32   |       -2460.05   |        10.7275   |   04:13:53   |   01:08:48   |
9442        |       -2453.55   |       -2464.35   |        10.8018   |   04:14:12   |   01:08:52   |
9443        |        -2450.8   |       -2461.53   |        10.7342   |   04:14:31   |   01:08:55   |
9444        |       -2451.57   |        -2462.3   |          10.73   |   04:14:50   |   01:08:58   |
9445        |       -2455.39   |       -2466.49   |        11.1014   |   04:15:07   |   01:09:00   |
9446        |       -2448.63   |          -2460   |        11.3663   |   04:15:26   |   01:09:03   |
9447        |       -2445.78   |       -2457.04   |        11.2587   |   04:15:45   |   01:09:06   |
9448        |       -2446.74   |       -2458.05   |        11.3106   |   04:16:03   |   01:09:09   |
9449        |        -2447.4   |       -2458.75   |         11.357   |   04:16:22   |   01:09:12   |
9450        |       -2447.23   |       -2458.46   |        11.2274   |   04:16:41   |   01:09:15   |
9451        |       -2446.41   |       -2457.08   |        10.6736   |   04:19:46   |   01:10:03   |
9452        |       -2449.28   |       -2459.93   |        10.6497   |   04:20:05   |   01:10:06   |
9453        |       -2449.15   |       -2459.91   |        10.7555   |   04:20:24   |   01:10:09   |
9454        |       -2447.78   |       -2459.03   |        11.2572   |   04:20:43   |   01:10:12   |
9455        |       -2445.97   |       -2457.23   |        11.2605   |   04:21:02   |   01:10:15   |
9456        |       -2447.64   |       -2458.88   |        11.2433   |   04:21:21   |   01:10:18   |
9457        |       -2447.39   |       -2458.43   |        11.0352   |   04:21:39   |   01:10:21   |
9458        |       -2446.73   |       -2457.71   |        10.9761   |   04:21:57   |   01:10:24   |
9459        |       -2449.53   |       -2461.14   |        11.6063   |   04:22:15   |   01:10:26   |


Iter        |      Posterior   |     Likelihood   |          Prior   |    elapsed   |        ETA   |
----------------------------------------------------------------------------------------------------
9460        |       -2449.63   |        -2461.3   |        11.6635   |   04:22:34   |   01:10:29   |
9461        |       -2449.58   |       -2461.24   |        11.6665   |   04:25:37   |   01:11:16   |
9462        |        -2453.6   |       -2465.06   |         11.463   |   04:25:56   |   01:11:19   |
9463        |       -2454.46   |        -2464.2   |        9.73376   |   04:26:15   |   01:11:22   |
9464        |       -2453.54   |       -2463.27   |         9.7374   |   04:26:33   |   01:11:25   |
9465        |       -2453.89   |       -2463.93   |         10.039   |   04:26:52   |   01:11:28   |
9466        |       -2453.21   |       -2463.26   |         10.047   |   04:27:11   |   01:11:31   |
9467        |       -2446.56   |       -2456.63   |        10.0602   |   04:27:30   |   01:11:34   |
9468        |       -2447.53   |       -2457.59   |        10.0581   |   04:27:49   |   01:11:37   |
9469        |       -2452.28   |       -2462.32   |        10.0444   |   04:28:08   |   01:11:40   |
9470        |       -2452.28   |       -2462.32   |        10.0444   |   04:28:26   |   01:11:42   |
9471        |       -2452.12   |       -2462.16   |        10.0444   |   04:31:27   |   01:12:29   |
9472        |       -2450.16   |       -2460.22   |        10.0583   |   04:31:45   |   01:12:31   |
9473        |        -2447.4   |       -2458.25   |        10.8493   |   04:32:04   |   01:12:34   |
9474        |       -2448.03   |       -2458.89   |        10.8566   |   04:32:22   |   01:12:37   |
9475        |       -2451.73   |       -2462.57   |        10.8389   |   04:32:40   |   01:12:39   |
9476        |       -2448.53   |       -2459.78   |         11.251   |   04:32:58   |   01:12:42   |
9477        |       -2448.91   |       -2460.16   |        11.2543   |   04:33:17   |   01:12:45   |
9478        |       -2448.75   |       -2459.82   |        11.0726   |   04:33:36   |   01:12:48   |
9479        |       -2449.33   |       -2460.42   |        11.0851   |   04:33:54   |   01:12:50   |


Iter        |      Posterior   |     Likelihood   |          Prior   |    elapsed   |        ETA   |
----------------------------------------------------------------------------------------------------
9480        |       -2449.08   |       -2460.51   |        11.4312   |   04:34:13   |   01:12:53   |
9481        |       -2448.74   |       -2460.16   |        11.4122   |   04:37:06   |   01:13:37   |
9482        |       -2450.69   |       -2461.86   |        11.1762   |   04:37:23   |   01:13:39   |
9483        |       -2448.93   |       -2459.12   |        10.1885   |   04:37:40   |   01:13:41   |
9484        |       -2447.24   |       -2457.43   |        10.1908   |   04:37:57   |   01:13:44   |
9485        |       -2446.83   |       -2457.05   |        10.2213   |   04:38:14   |   01:13:46   |
9486        |       -2445.33   |       -2455.56   |        10.2271   |   04:38:31   |   01:13:48   |
9487        |       -2448.65   |       -2458.56   |        9.91075   |   04:38:48   |   01:13:51   |
9488        |       -2445.63   |       -2455.69   |        10.0507   |   04:39:05   |   01:13:53   |
9489        |       -2444.01   |       -2452.33   |        8.32719   |   04:39:22   |   01:13:55   |
9490        |       -2445.77   |       -2452.83   |        7.05665   |   04:39:39   |   01:13:57   |
9491        |       -2445.11   |       -2452.64   |        7.53066   |   04:42:35   |   01:14:42   |
9492        |       -2445.63   |       -2453.16   |        7.53172   |   04:42:53   |   01:14:44   |
9493        |       -2446.78   |       -2454.28   |        7.49276   |   04:43:11   |   01:14:47   |
9494        |       -2446.03   |       -2453.52   |        7.49391   |   04:43:29   |   01:14:49   |
9495        |       -2451.15   |       -2457.83   |        6.67447   |   04:43:48   |   01:14:52   |
9496        |       -2449.08   |       -2455.76   |        6.68529   |   04:44:06   |   01:14:54   |
9497        |        -2448.5   |       -2455.27   |        6.77367   |   04:44:24   |   01:14:57   |
9498        |       -2449.17   |       -2456.01   |        6.83863   |   04:44:43   |   01:15:00   |
9499        |       -2444.55   |       -2452.03   |        7.48287   |   04:45:01   |   01:15:02   |


Iter        |      Posterior   |     Likelihood   |          Prior   |    elapsed   |        ETA   |
----------------------------------------------------------------------------------------------------
9500        |       -2451.09   |       -2459.09   |         7.9947   |   04:45:20   |   01:15:05   |
9501        |       -2445.53   |       -2453.55   |         8.0211   |   04:48:23   |   01:15:51   |
9502        |       -2446.21   |       -2454.84   |        8.62401   |   04:48:42   |   01:15:53   |
9503        |       -2446.01   |       -2453.48   |           7.47   |   04:49:01   |   01:15:56   |
9504        |       -2448.28   |       -2457.97   |        9.69484   |   04:49:19   |   01:15:58   |
9505        |       -2447.23   |       -2455.61   |        8.37807   |   04:49:38   |   01:16:01   |
9506        |       -2446.39   |       -2454.77   |        8.38048   |   04:49:57   |   01:16:04   |
9507        |       -2447.06   |       -2455.18   |        8.12471   |   04:50:16   |   01:16:06   |
9508        |        -2446.7   |       -2454.91   |        8.21298   |   04:50:34   |   01:16:09   |
9509        |       -2446.92   |       -2455.57   |        8.65048   |   04:50:53   |   01:16:12   |
9510        |        -2447.2   |       -2455.84   |        8.64162   |   04:51:12   |   01:16:14   |
9511        |        -2448.1   |       -2456.73   |        8.63582   |   04:54:17   |   01:17:00   |
9512        |       -2446.51   |       -2455.35   |        8.83961   |   04:54:35   |   01:17:03   |
9513        |       -2446.42   |       -2454.39   |        7.97712   |   04:54:54   |   01:17:05   |
9514        |       -2447.23   |        -2455.2   |        7.97321   |   04:55:11   |   01:17:07   |
9515        |       -2447.41   |       -2455.38   |        7.97031   |   04:55:30   |   01:17:10   |
9516        |       -2444.04   |       -2452.03   |        7.98907   |   04:55:49   |   01:17:13   |
9517        |        -2444.9   |       -2452.81   |        7.90666   |   04:56:08   |   01:17:15   |
9518        |       -2449.47   |       -2457.38   |        7.90912   |   04:56:27   |   01:17:18   |
9519        |       -2445.07   |       -2452.91   |        7.84251   |   04:56:46   |   01:17:20   |


Iter        |      Posterior   |     Likelihood   |          Prior   |    elapsed   |        ETA   |
----------------------------------------------------------------------------------------------------
9520        |       -2442.97   |       -2450.79   |        7.81841   |   04:57:05   |   01:17:23   |
9521        |       -2444.21   |       -2452.05   |        7.84311   |   05:00:09   |   01:18:09   |
9522        |       -2445.26   |       -2453.09   |        7.83789   |   05:00:28   |   01:18:11   |
9523        |       -2444.64   |       -2452.48   |        7.84306   |   05:00:47   |   01:18:14   |
9524        |        -2447.4   |       -2456.91   |        9.50242   |   05:01:05   |   01:18:16   |
9525        |        -2447.4   |       -2456.91   |        9.50242   |   05:01:24   |   01:18:18   |
9526        |       -2447.22   |       -2456.73   |        9.50601   |   05:01:43   |   01:18:21   |
9527        |       -2448.87   |       -2458.68   |          9.811   |   05:02:00   |   01:18:23   |
9528        |       -2449.06   |       -2458.96   |        9.89238   |   05:02:19   |   01:18:26   |
9529        |       -2448.04   |       -2458.67   |        10.6246   |   05:02:38   |   01:18:28   |
9530        |       -2445.51   |        -2456.3   |        10.7868   |   05:02:57   |   01:18:31   |
9531        |       -2448.22   |       -2460.43   |        12.2099   |   05:05:57   |   01:19:15   |
9532        |       -2445.54   |       -2456.94   |        11.3964   |   05:06:14   |   01:19:17   |
9533        |       -2445.45   |       -2456.62   |        11.1734   |   05:06:32   |   01:19:19   |
9534        |       -2449.22   |        -2460.4   |        11.1793   |   05:06:49   |   01:19:21   |
9535        |       -2447.92   |       -2459.11   |        11.1893   |   05:07:06   |   01:19:23   |
9536        |        -2447.4   |        -2458.6   |        11.1944   |   05:07:23   |   01:19:25   |
9537        |       -2445.75   |       -2456.06   |        10.3117   |   05:07:40   |   01:19:27   |
9538        |       -2446.98   |       -2457.28   |        10.3066   |   05:07:58   |   01:19:29   |
9539        |       -2445.68   |       -2456.36   |        10.6756   |   05:08:15   |   01:19:31   |


Iter        |      Posterior   |     Likelihood   |          Prior   |    elapsed   |        ETA   |
----------------------------------------------------------------------------------------------------
9540        |       -2444.96   |       -2456.12   |        11.1535   |   05:08:32   |   01:19:33   |
9541        |       -2444.64   |        -2455.8   |        11.1574   |   05:11:17   |   01:20:13   |
9542        |       -2445.87   |       -2456.83   |        10.9623   |   05:11:34   |   01:20:15   |
9543        |       -2448.16   |       -2459.11   |        10.9503   |   05:11:51   |   01:20:17   |
9544        |       -2444.23   |       -2454.13   |        9.89452   |   05:12:08   |   01:20:19   |
9545        |          -2444   |       -2453.92   |        9.91632   |   05:12:25   |   01:20:21   |
9546        |       -2445.99   |       -2455.47   |        9.48601   |   05:12:42   |   01:20:23   |
9547        |        -2445.6   |       -2455.09   |        9.48768   |   05:12:59   |   01:20:25   |
9548        |       -2446.15   |       -2455.98   |         9.8343   |   05:13:16   |   01:20:26   |
9549        |       -2444.24   |       -2454.41   |        10.1658   |   05:13:33   |   01:20:28   |
9550        |       -2445.34   |       -2455.98   |        10.6412   |   05:13:50   |   01:20:30   |
9551        |       -2445.31   |       -2455.97   |        10.6549   |   05:16:36   |   01:21:10   |
9552        |       -2442.49   |       -2453.17   |        10.6805   |   05:16:55   |   01:21:13   |
9553        |       -2445.61   |       -2457.44   |        11.8288   |   05:17:14   |   01:21:15   |
9554        |       -2445.77   |        -2457.6   |        11.8277   |   05:17:33   |   01:21:17   |
9555        |       -2443.64   |       -2455.29   |        11.6462   |   05:17:52   |   01:21:20   |
9556        |       -2445.68   |       -2457.46   |        11.7883   |   05:18:11   |   01:21:22   |
9557        |       -2444.93   |       -2457.16   |        12.2228   |   05:18:29   |   01:21:24   |
9558        |       -2444.75   |       -2455.73   |        10.9749   |   05:18:47   |   01:21:26   |
9559        |       -2445.93   |       -2457.72   |        11.7828   |   05:19:05   |   01:21:28   |


Iter        |      Posterior   |     Likelihood   |          Prior   |    elapsed   |        ETA   |
----------------------------------------------------------------------------------------------------
9560        |       -2443.65   |       -2455.45   |        11.8084   |   05:19:23   |   01:21:30   |
9561        |       -2443.18   |       -2454.35   |        11.1723   |   05:22:24   |   01:22:14   |
9562        |       -2445.66   |       -2457.71   |        12.0535   |   05:22:43   |   01:22:16   |
9563        |       -2444.72   |       -2456.58   |        11.8635   |   05:23:01   |   01:22:18   |
9564        |       -2443.57   |       -2455.37   |        11.7941   |   05:23:20   |   01:22:21   |
9565        |          -2444   |       -2455.72   |        11.7253   |   05:23:39   |   01:22:23   |
9566        |       -2443.21   |       -2454.86   |        11.6505   |   05:23:57   |   01:22:25   |
9567        |       -2446.49   |       -2458.14   |        11.6509   |   05:24:15   |   01:22:27   |
9568        |       -2447.61   |       -2459.27   |        11.6547   |   05:24:34   |   01:22:29   |
9569        |       -2446.59   |       -2458.39   |        11.8011   |   05:24:53   |   01:22:32   |
9570        |       -2444.57   |       -2456.37   |        11.8091   |   05:25:12   |   01:22:34   |
9571        |       -2445.97   |       -2457.31   |         11.341   |   05:28:16   |   01:23:18   |
9572        |       -2445.97   |       -2457.31   |         11.341   |   05:28:35   |   01:23:20   |
9573        |       -2444.66   |       -2455.66   |        11.0006   |   05:28:54   |   01:23:23   |
9574        |       -2444.66   |       -2455.66   |        11.0006   |   05:29:13   |   01:23:25   |
9575        |        -2445.9   |        -2456.9   |        11.0079   |   05:29:31   |   01:23:27   |
9576        |       -2448.87   |        -2459.7   |        10.8295   |   05:29:50   |   01:23:29   |
9577        |       -2445.21   |       -2456.04   |        10.8317   |   05:30:09   |   01:23:31   |
9578        |       -2444.49   |       -2455.43   |        10.9344   |   05:30:27   |   01:23:33   |
9579        |       -2444.49   |       -2455.43   |        10.9344   |   05:30:46   |   01:23:35   |


Iter        |      Posterior   |     Likelihood   |          Prior   |    elapsed   |        ETA   |
----------------------------------------------------------------------------------------------------
9580        |       -2443.67   |       -2454.63   |        10.9629   |   05:31:03   |   01:23:37   |
9581        |       -2443.95   |       -2455.38   |        11.4365   |   05:34:08   |   01:24:21   |
9582        |       -2447.07   |       -2458.52   |         11.451   |   05:34:26   |   01:24:23   |
9583        |       -2449.63   |       -2460.05   |        10.4207   |   05:34:45   |   01:24:25   |
9584        |       -2449.63   |       -2460.05   |        10.4207   |   05:35:04   |   01:24:27   |
9585        |       -2448.05   |       -2458.22   |        10.1722   |   05:35:22   |   01:24:29   |
9586        |       -2447.85   |       -2457.92   |        10.0718   |   05:35:41   |   01:24:32   |
9587        |       -2448.69   |       -2458.76   |          10.07   |   05:36:00   |   01:24:34   |
9588        |       -2449.18   |       -2459.13   |        9.95032   |   05:36:19   |   01:24:36   |
9589        |       -2444.65   |       -2453.22   |        8.56941   |   05:36:38   |   01:24:38   |
9590        |       -2444.41   |       -2452.96   |        8.55355   |   05:36:57   |   01:24:40   |
9591        |       -2443.03   |       -2451.86   |        8.83129   |   05:40:00   |   01:25:23   |
9592        |       -2445.22   |       -2454.04   |        8.81879   |   05:40:19   |   01:25:26   |
9593        |       -2450.92   |       -2459.14   |        8.21706   |   05:40:37   |   01:25:27   |
9594        |       -2451.44   |       -2459.68   |        8.23866   |   05:40:56   |   01:25:29   |
9595        |       -2451.44   |       -2459.68   |        8.23866   |   05:41:14   |   01:25:31   |
9596        |       -2443.61   |        -2452.3   |        8.68783   |   05:41:32   |   01:25:33   |
9597        |       -2444.28   |       -2452.96   |        8.67386   |   05:41:50   |   01:25:35   |
9598        |       -2447.32   |       -2456.93   |         9.6043   |   05:42:09   |   01:25:37   |
9599        |        -2445.3   |       -2454.88   |        9.58837   |   05:42:28   |   01:25:39   |


Iter        |      Posterior   |     Likelihood   |          Prior   |    elapsed   |        ETA   |
----------------------------------------------------------------------------------------------------
9600        |       -2446.42   |          -2456   |        9.58362   |   05:42:46   |   01:25:41   |
9601        |          -2448   |       -2457.65   |         9.6498   |   05:45:45   |   01:26:23   |
9602        |       -2446.15   |       -2456.07   |        9.91971   |   05:46:04   |   01:26:25   |
9603        |       -2446.15   |       -2456.07   |        9.91971   |   05:46:22   |   01:26:27   |
9604        |       -2449.56   |       -2459.75   |        10.1932   |   05:46:41   |   01:26:29   |
9605        |       -2447.35   |       -2457.56   |        10.2071   |   05:46:59   |   01:26:31   |
9606        |       -2446.45   |       -2457.96   |        11.5118   |   05:47:18   |   01:26:33   |
9607        |       -2443.73   |       -2455.26   |         11.529   |   05:47:36   |   01:26:35   |
9608        |        -2444.5   |       -2455.98   |        11.4751   |   05:47:55   |   01:26:37   |
9609        |        -2444.2   |       -2455.57   |        11.3737   |   05:48:14   |   01:26:39   |
9610        |       -2444.22   |       -2454.22   |        9.99578   |   05:48:30   |   01:26:40   |
9611        |       -2444.07   |       -2453.73   |        9.65784   |   05:51:12   |   01:27:17   |
9612        |       -2444.87   |       -2454.54   |        9.66258   |   05:51:30   |   01:27:19   |
9613        |       -2445.09   |       -2454.89   |        9.79964   |   05:51:46   |   01:27:20   |
9614        |       -2445.08   |       -2454.88   |        9.79964   |   05:52:04   |   01:27:22   |
9615        |       -2443.18   |       -2452.85   |        9.67919   |   05:52:21   |   01:27:24   |
9616        |       -2444.37   |          -2454   |        9.63337   |   05:52:38   |   01:27:25   |
9617        |       -2445.05   |       -2454.68   |        9.62634   |   05:52:57   |   01:27:27   |
9618        |       -2445.82   |       -2455.44   |        9.61701   |   05:53:16   |   01:27:29   |
9619        |       -2444.88   |       -2453.99   |        9.10901   |   05:53:35   |   01:27:31   |


Iter        |      Posterior   |     Likelihood   |          Prior   |    elapsed   |        ETA   |
----------------------------------------------------------------------------------------------------
9620        |       -2442.95   |       -2452.07   |        9.11803   |   05:53:54   |   01:27:33   |
9621        |       -2444.62   |       -2454.42   |        9.79563   |   05:56:49   |   01:28:13   |
9622        |       -2443.28   |       -2453.08   |        9.80054   |   05:57:08   |   01:28:15   |
9623        |       -2442.24   |       -2452.04   |        9.80669   |   05:57:26   |   01:28:17   |
9624        |       -2449.23   |       -2459.53   |        10.2971   |   05:57:45   |   01:28:19   |
9625        |       -2445.33   |       -2454.94   |         9.6153   |   05:58:04   |   01:28:21   |
9626        |       -2446.94   |        -2455.2   |         8.2617   |   05:58:23   |   01:28:23   |
9627        |       -2448.39   |       -2456.22   |        7.82316   |   05:58:42   |   01:28:25   |
9628        |       -2443.58   |       -2452.01   |         8.4249   |   05:59:01   |   01:28:26   |
9629        |       -2443.68   |       -2452.12   |        8.43167   |   05:59:20   |   01:28:28   |
9630        |       -2445.07   |       -2453.49   |        8.42194   |   05:59:39   |   01:28:30   |
9631        |       -2445.14   |       -2453.56   |        8.42611   |   06:02:43   |   01:29:13   |
9632        |       -2445.37   |       -2454.43   |        9.05659   |   06:03:02   |   01:29:15   |
9633        |       -2443.78   |       -2452.72   |        8.94006   |   06:03:21   |   01:29:16   |
9634        |        -2447.6   |       -2455.75   |        8.15596   |   06:03:40   |   01:29:18   |
9635        |        -2447.7   |       -2455.83   |        8.13425   |   06:03:57   |   01:29:20   |
9636        |       -2445.77   |       -2454.32   |        8.54999   |   06:04:15   |   01:29:21   |
9637        |       -2445.99   |       -2454.63   |        8.63541   |   06:04:34   |   01:29:23   |
9638        |       -2445.93   |       -2454.56   |        8.63244   |   06:04:53   |   01:29:25   |
9639        |       -2447.74   |       -2456.39   |        8.64751   |   06:05:12   |   01:29:27   |


Iter        |      Posterior   |     Likelihood   |          Prior   |    elapsed   |        ETA   |
----------------------------------------------------------------------------------------------------
9640        |       -2448.24   |       -2456.73   |        8.48735   |   06:05:31   |   01:29:29   |
9641        |       -2448.73   |       -2457.21   |        8.47736   |   06:08:35   |   01:30:11   |
9642        |       -2445.03   |       -2453.95   |        8.91842   |   06:08:54   |   01:30:12   |
9643        |       -2443.48   |       -2452.45   |        8.97079   |   06:09:12   |   01:30:14   |
9644        |       -2445.27   |       -2454.31   |        9.04067   |   06:09:31   |   01:30:16   |
9645        |       -2444.04   |       -2452.85   |        8.81259   |   06:09:50   |   01:30:18   |
9646        |       -2443.46   |       -2452.07   |        8.61475   |   06:10:09   |   01:30:19   |
9647        |       -2446.11   |       -2453.94   |        7.83286   |   06:10:27   |   01:30:21   |
9648        |       -2448.96   |       -2456.75   |        7.79267   |   06:10:46   |   01:30:23   |
9649        |       -2446.43   |       -2454.18   |        7.75631   |   06:11:03   |   01:30:24   |
9650        |       -2447.24   |          -2455   |        7.75631   |   06:11:22   |   01:30:26   |
9651        |       -2447.15   |       -2454.42   |        7.26799   |   06:14:27   |   01:31:08   |
9652        |       -2446.19   |       -2453.44   |        7.24938   |   06:14:44   |   01:31:09   |
9653        |       -2446.19   |       -2453.44   |        7.24938   |   06:15:03   |   01:31:11   |
9654        |       -2446.19   |       -2453.44   |        7.24938   |   06:15:22   |   01:31:13   |
9655        |       -2445.12   |        -2452.3   |        7.18098   |   06:15:41   |   01:31:14   |
9656        |       -2444.16   |       -2451.35   |        7.18776   |   06:15:59   |   01:31:16   |
9657        |       -2446.23   |       -2453.42   |        7.18833   |   06:16:18   |   01:31:17   |
9658        |        -2444.2   |       -2451.43   |        7.23149   |   06:16:36   |   01:31:19   |
9659        |       -2443.23   |       -2450.46   |        7.23784   |   06:16:55   |   01:31:21   |


Iter        |      Posterior   |     Likelihood   |          Prior   |    elapsed   |        ETA   |
----------------------------------------------------------------------------------------------------
9660        |       -2443.23   |       -2450.46   |        7.23784   |   06:17:14   |   01:31:22   |
9661        |       -2443.23   |       -2450.46   |        7.23784   |   06:20:04   |   01:32:01   |
9662        |       -2443.78   |       -2451.01   |        7.22902   |   06:20:21   |   01:32:02   |
9663        |       -2442.57   |       -2449.82   |        7.24727   |   06:20:38   |   01:32:03   |
9664        |       -2444.18   |       -2451.57   |        7.38816   |   06:20:56   |   01:32:04   |
9665        |       -2443.51   |       -2451.61   |        8.09906   |   06:21:13   |   01:32:05   |
9666        |       -2442.91   |       -2451.48   |        8.56737   |   06:21:30   |   01:32:07   |
9667        |       -2446.24   |       -2454.79   |        8.55195   |   06:21:48   |   01:32:08   |
9668        |       -2445.08   |       -2453.58   |        8.49857   |   06:22:05   |   01:32:09   |
9669        |       -2443.59   |       -2452.26   |        8.66881   |   06:22:22   |   01:32:10   |
9670        |       -2444.31   |       -2452.76   |        8.45033   |   06:22:39   |   01:32:12   |
9671        |       -2444.49   |       -2452.94   |        8.44569   |   06:25:25   |   01:32:49   |
9672        |       -2444.85   |       -2452.95   |        8.10015   |   06:25:42   |   01:32:50   |
9673        |       -2447.53   |       -2455.67   |        8.13332   |   06:25:59   |   01:32:51   |
9674        |       -2448.18   |       -2456.37   |        8.18622   |   06:26:17   |   01:32:52   |
9675        |       -2451.18   |       -2459.37   |         8.1864   |   06:26:34   |   01:32:53   |
9676        |       -2452.28   |       -2460.46   |        8.17657   |   06:26:52   |   01:32:55   |
9677        |          -2444   |       -2453.08   |        9.08838   |   06:27:09   |   01:32:56   |
9678        |       -2446.15   |        -2455.8   |         9.6466   |   06:27:26   |   01:32:57   |
9679        |       -2444.15   |        -2453.8   |        9.64416   |   06:27:43   |   01:32:58   |


Iter        |      Posterior   |     Likelihood   |          Prior   |    elapsed   |        ETA   |
----------------------------------------------------------------------------------------------------
9680        |       -2445.04   |       -2454.67   |        9.62786   |   06:28:00   |   01:32:59   |
9681        |       -2445.61   |       -2455.39   |        9.78159   |   06:30:42   |   01:33:35   |
9682        |       -2446.85   |       -2456.65   |        9.80693   |   06:30:59   |   01:33:36   |
9683        |       -2446.24   |       -2455.99   |         9.7461   |   06:31:16   |   01:33:37   |
9684        |       -2444.86   |       -2454.69   |        9.82792   |   06:31:33   |   01:33:38   |
9685        |       -2442.56   |       -2451.67   |        9.11602   |   06:31:51   |   01:33:39   |
9686        |       -2443.84   |       -2452.65   |          8.812   |   06:32:08   |   01:33:40   |
9687        |       -2443.03   |       -2452.15   |        9.12499   |   06:32:27   |   01:33:42   |
9688        |       -2443.32   |       -2452.41   |        9.08845   |   06:32:46   |   01:33:43   |
9689        |       -2443.73   |        -2452.8   |        9.06831   |   06:33:05   |   01:33:45   |
9690        |       -2444.62   |       -2453.68   |         9.0566   |   06:33:24   |   01:33:46   |
9691        |       -2443.36   |       -2452.43   |        9.06607   |   06:36:19   |   01:34:25   |
9692        |       -2443.55   |       -2452.57   |        9.01736   |   06:36:37   |   01:34:26   |
9693        |        -2441.6   |       -2451.97   |        10.3675   |   06:36:56   |   01:34:28   |
9694        |       -2441.55   |       -2451.75   |        10.2046   |   06:37:15   |   01:34:29   |
9695        |       -2442.45   |       -2452.37   |        9.92622   |   06:37:34   |   01:34:31   |
9696        |       -2442.98   |       -2452.07   |        9.09067   |   06:37:53   |   01:34:32   |
9697        |        -2444.1   |       -2453.22   |        9.11932   |   06:38:12   |   01:34:34   |
9698        |       -2448.01   |       -2457.51   |        9.49651   |   06:38:31   |   01:34:35   |
9699        |       -2443.69   |        -2453.2   |        9.51935   |   06:38:50   |   01:34:37   |


Iter        |      Posterior   |     Likelihood   |          Prior   |    elapsed   |        ETA   |
----------------------------------------------------------------------------------------------------
9700        |       -2444.08   |       -2453.59   |        9.50803   |   06:39:09   |   01:34:38   |
9701        |       -2445.11   |       -2454.33   |        9.22143   |   06:42:12   |   01:35:18   |
9702        |       -2444.58   |       -2454.58   |        10.0001   |   06:42:31   |   01:35:20   |
9703        |       -2444.25   |       -2454.26   |         10.008   |   06:42:50   |   01:35:21   |
9704        |       -2444.25   |       -2454.26   |         10.008   |   06:43:09   |   01:35:23   |
9705        |       -2449.97   |       -2459.97   |        9.99206   |   06:43:27   |   01:35:24   |
9706        |       -2454.86   |       -2464.98   |        10.1175   |   06:43:45   |   01:35:25   |
9707        |        -2451.9   |       -2461.87   |          9.965   |   06:44:03   |   01:35:26   |
9708        |       -2447.08   |       -2456.53   |        9.45331   |   06:44:22   |   01:35:28   |
9709        |       -2449.28   |       -2458.73   |        9.45693   |   06:44:41   |   01:35:29   |
9710        |       -2448.53   |        -2456.9   |        8.36568   |   06:45:00   |   01:35:30   |
9711        |       -2444.77   |       -2452.63   |         7.8592   |   06:48:04   |   01:36:11   |
9712        |       -2447.69   |        -2455.5   |        7.81321   |   06:48:23   |   01:36:12   |
9713        |        -2449.2   |       -2457.02   |         7.8177   |   06:48:42   |   01:36:13   |
9714        |       -2444.64   |       -2452.75   |          8.105   |   06:49:01   |   01:36:15   |
9715        |       -2444.79   |       -2452.83   |        8.04455   |   06:49:20   |   01:36:16   |
9716        |       -2445.95   |       -2453.99   |        8.04487   |   06:49:39   |   01:36:17   |
9717        |       -2444.94   |       -2452.98   |        8.04477   |   06:49:57   |   01:36:19   |
9718        |        -2444.8   |       -2452.85   |        8.05422   |   06:50:16   |   01:36:20   |
9719        |       -2446.81   |       -2454.84   |        8.03126   |   06:50:33   |   01:36:21   |


Iter        |      Posterior   |     Likelihood   |          Prior   |    elapsed   |        ETA   |
----------------------------------------------------------------------------------------------------
9720        |       -2446.51   |       -2454.54   |        8.03141   |   06:50:52   |   01:36:22   |
9721        |       -2446.26   |       -2454.57   |        8.31007   |   06:53:54   |   01:37:02   |
9722        |        -2445.8   |        -2454.1   |        8.30299   |   06:54:13   |   01:37:03   |
9723        |       -2449.04   |       -2457.48   |        8.43904   |   06:54:32   |   01:37:04   |
9724        |       -2450.72   |       -2461.22   |        10.4964   |   06:54:51   |   01:37:05   |
9725        |       -2450.49   |       -2460.99   |        10.4951   |   06:55:10   |   01:37:07   |
9726        |       -2446.27   |       -2455.08   |        8.80912   |   06:55:28   |   01:37:08   |
9727        |       -2446.22   |       -2455.02   |        8.79869   |   06:55:47   |   01:37:09   |
9728        |       -2444.86   |       -2453.67   |        8.81038   |   06:56:06   |   01:37:10   |
9729        |       -2447.67   |       -2456.23   |        8.56333   |   06:56:25   |   01:37:12   |
9730        |       -2446.83   |        -2455.4   |        8.57183   |   06:56:44   |   01:37:13   |
9731        |       -2448.75   |       -2457.31   |        8.56088   |   06:59:32   |   01:37:49   |
9732        |       -2446.61   |       -2454.56   |        7.95078   |   06:59:48   |   01:37:49   |
9733        |       -2446.93   |       -2454.88   |        7.95078   |   07:00:05   |   01:37:50   |
9734        |       -2445.17   |       -2453.32   |         8.1413   |   07:00:22   |   01:37:51   |
9735        |       -2445.05   |       -2453.35   |        8.30033   |   07:00:39   |   01:37:52   |
9736        |       -2445.05   |       -2453.35   |        8.30033   |   07:00:56   |   01:37:53   |
9737        |       -2446.42   |       -2454.72   |        8.30434   |   07:01:13   |   01:37:53   |
9738        |       -2448.27   |       -2455.84   |         7.5614   |   07:01:30   |   01:37:54   |
9739        |          -2449   |       -2456.55   |         7.5535   |   07:01:47   |   01:37:55   |


Iter        |      Posterior   |     Likelihood   |          Prior   |    elapsed   |        ETA   |
----------------------------------------------------------------------------------------------------
9740        |       -2445.09   |       -2452.45   |        7.36707   |   07:02:04   |   01:37:56   |
9741        |       -2445.68   |       -2453.86   |        8.18358   |   07:04:52   |   01:38:31   |
9742        |       -2444.64   |       -2452.83   |        8.18695   |   07:05:11   |   01:38:32   |
9743        |       -2445.37   |        -2453.6   |        8.22537   |   07:05:30   |   01:38:34   |
9744        |       -2449.88   |       -2457.04   |        7.15235   |   07:05:49   |   01:38:35   |
9745        |       -2448.01   |       -2457.47   |        9.45438   |   07:06:08   |   01:38:36   |
9746        |       -2449.82   |       -2458.02   |        8.19326   |   07:06:26   |   01:38:37   |
9747        |       -2448.25   |       -2456.45   |        8.19966   |   07:06:44   |   01:38:38   |
9748        |        -2446.7   |       -2454.68   |        7.98174   |   07:07:02   |   01:38:39   |
9749        |       -2446.35   |       -2454.33   |         7.9771   |   07:07:20   |   01:38:40   |
9750        |       -2444.48   |       -2452.49   |         8.0141   |   07:07:38   |   01:38:41   |
9751        |       -2443.49   |       -2451.69   |        8.20411   |   07:10:41   |   01:39:20   |
9752        |       -2447.52   |       -2455.52   |        7.99883   |   07:11:00   |   01:39:21   |
9753        |       -2446.72   |       -2454.73   |        8.00516   |   07:11:19   |   01:39:22   |
9754        |       -2445.62   |       -2453.65   |         8.0276   |   07:11:37   |   01:39:23   |
9755        |       -2448.56   |       -2456.22   |        7.65478   |   07:11:55   |   01:39:24   |
9756        |       -2444.77   |       -2452.45   |        7.67692   |   07:12:14   |   01:39:25   |
9757        |       -2442.89   |       -2450.54   |        7.65399   |   07:12:32   |   01:39:26   |
9758        |       -2443.52   |       -2451.17   |         7.6508   |   07:12:51   |   01:39:27   |
9759        |       -2445.52   |       -2453.19   |        7.67396   |   07:13:10   |   01:39:28   |


Iter        |      Posterior   |     Likelihood   |          Prior   |    elapsed   |        ETA   |
----------------------------------------------------------------------------------------------------
9760        |       -2446.42   |       -2453.74   |        7.31955   |   07:13:29   |   01:39:29   |
9761        |       -2446.42   |       -2453.74   |        7.31955   |   07:16:33   |   01:40:08   |
9762        |       -2446.42   |       -2453.74   |        7.31955   |   07:16:52   |   01:40:09   |
9763        |       -2450.68   |          -2458   |        7.31421   |   07:17:11   |   01:40:10   |
9764        |       -2448.61   |       -2456.26   |        7.65365   |   07:17:30   |   01:40:11   |
9765        |       -2448.99   |       -2456.63   |        7.64293   |   07:17:49   |   01:40:12   |
9766        |       -2447.45   |       -2455.27   |        7.82141   |   07:18:08   |   01:40:13   |
9767        |       -2448.76   |       -2456.55   |        7.79336   |   07:18:26   |   01:40:14   |
9768        |       -2445.16   |       -2452.98   |        7.82114   |   07:18:44   |   01:40:15   |
9769        |       -2446.95   |       -2455.14   |        8.18867   |   07:19:02   |   01:40:15   |
9770        |       -2445.63   |       -2453.82   |        8.18437   |   07:19:21   |   01:40:16   |
9771        |       -2444.11   |       -2454.14   |        10.0365   |   07:22:25   |   01:40:55   |
9772        |       -2444.76   |       -2454.42   |        9.65973   |   07:22:43   |   01:40:56   |
9773        |       -2446.54   |       -2456.02   |        9.48399   |   07:23:02   |   01:40:57   |
9774        |       -2445.36   |       -2454.85   |        9.48611   |   07:23:21   |   01:40:58   |
9775        |       -2443.89   |       -2453.38   |        9.49276   |   07:23:40   |   01:40:59   |
9776        |       -2445.84   |       -2455.99   |        10.1505   |   07:23:59   |   01:41:00   |
9777        |       -2442.88   |       -2452.01   |        9.12812   |   07:24:18   |   01:41:01   |
9778        |       -2442.82   |       -2451.27   |        8.45259   |   07:24:37   |   01:41:02   |
9779        |       -2443.08   |        -2453.4   |        10.3214   |   07:24:55   |   01:41:02   |


Iter        |      Posterior   |     Likelihood   |          Prior   |    elapsed   |        ETA   |
----------------------------------------------------------------------------------------------------
9780        |       -2443.57   |       -2453.72   |         10.147   |   07:25:14   |   01:41:03   |
9781        |          -2445   |       -2455.17   |        10.1722   |   07:28:18   |   01:41:42   |
9782        |       -2443.42   |       -2453.58   |        10.1682   |   07:28:36   |   01:41:43   |
9783        |       -2444.12   |       -2454.29   |        10.1684   |   07:28:55   |   01:41:43   |
9784        |       -2444.12   |       -2454.29   |        10.1684   |   07:29:13   |   01:41:44   |
9785        |       -2444.54   |        -2454.7   |         10.167   |   07:29:31   |   01:41:45   |
9786        |       -2444.15   |       -2454.32   |        10.1638   |   07:29:48   |   01:41:45   |
9787        |       -2444.56   |       -2454.88   |        10.3258   |   07:30:06   |   01:41:46   |
9788        |       -2442.74   |       -2453.03   |         10.289   |   07:30:23   |   01:41:46   |
9789        |       -2447.12   |       -2458.05   |        10.9317   |   07:30:41   |   01:41:47   |
9790        |       -2445.57   |       -2456.69   |        11.1211   |   07:30:58   |   01:41:48   |
9791        |       -2443.59   |       -2454.34   |        10.7512   |   07:33:45   |   01:42:22   |
9792        |       -2443.12   |        -2453.8   |        10.6823   |   07:34:03   |   01:42:23   |
9793        |       -2443.45   |       -2454.13   |        10.6812   |   07:34:20   |   01:42:23   |
9794        |       -2444.15   |       -2454.82   |        10.6711   |   07:34:38   |   01:42:24   |
9795        |        -2446.3   |       -2455.82   |        9.51565   |   07:34:55   |   01:42:24   |
9796        |        -2444.5   |       -2453.78   |        9.27129   |   07:35:13   |   01:42:25   |
9797        |       -2445.79   |       -2455.11   |        9.31652   |   07:35:29   |   01:42:25   |
9798        |       -2444.25   |       -2454.55   |        10.2952   |   07:35:46   |   01:42:25   |
9799        |       -2445.54   |       -2455.83   |        10.2863   |   07:36:03   |   01:42:26   |


Iter        |      Posterior   |     Likelihood   |          Prior   |    elapsed   |        ETA   |
----------------------------------------------------------------------------------------------------
9800        |       -2443.29   |       -2453.59   |        10.3024   |   07:36:20   |   01:42:26   |
9801        |       -2443.11   |        -2451.8   |        8.69043   |   07:39:02   |   01:42:59   |
9802        |       -2445.61   |       -2454.29   |        8.68231   |   07:39:18   |   01:42:59   |
9803        |       -2445.28   |       -2453.95   |        8.66736   |   07:39:37   |   01:43:00   |
9804        |       -2443.14   |       -2451.22   |        8.08215   |   07:39:55   |   01:43:01   |
9805        |       -2444.23   |       -2454.45   |        10.2247   |   07:40:14   |   01:43:01   |
9806        |       -2445.95   |       -2456.17   |         10.211   |   07:40:33   |   01:43:02   |
9807        |       -2445.96   |       -2456.17   |        10.2074   |   07:40:52   |   01:43:03   |
9808        |       -2443.49   |       -2454.54   |        11.0465   |   07:41:11   |   01:43:04   |
9809        |       -2443.49   |       -2454.54   |        11.0465   |   07:41:30   |   01:43:05   |
9810        |       -2445.39   |       -2456.42   |        11.0287   |   07:41:49   |   01:43:05   |
9811        |       -2444.61   |       -2454.35   |        9.74644   |   07:44:44   |   01:43:41   |
9812        |       -2447.03   |       -2456.56   |        9.52411   |   07:45:03   |   01:43:42   |
9813        |       -2446.43   |       -2455.88   |        9.45422   |   07:45:22   |   01:43:42   |
9814        |       -2447.21   |       -2455.95   |        8.74077   |   07:45:41   |   01:43:43   |
9815        |       -2445.55   |       -2453.54   |        7.98631   |   07:46:00   |   01:43:44   |
9816        |       -2446.91   |       -2454.94   |        8.03141   |   07:46:19   |   01:43:45   |
9817        |       -2442.67   |       -2450.79   |        8.11651   |   07:46:38   |   01:43:45   |
9818        |       -2442.54   |       -2450.75   |        8.20858   |   07:46:57   |   01:43:46   |
9819        |       -2443.38   |       -2452.54   |        9.16219   |   07:47:15   |   01:43:47   |


Iter        |      Posterior   |     Likelihood   |          Prior   |    elapsed   |        ETA   |
----------------------------------------------------------------------------------------------------
9820        |        -2446.1   |       -2454.16   |        8.06145   |   07:47:33   |   01:43:47   |
9821        |       -2446.05   |        -2454.2   |        8.15749   |   07:50:38   |   01:44:25   |
9822        |       -2444.87   |       -2453.03   |        8.15732   |   07:50:55   |   01:44:25   |
9823        |       -2443.18   |       -2451.84   |        8.66504   |   07:51:14   |   01:44:26   |
9824        |       -2441.88   |       -2450.77   |        8.89193   |   07:51:33   |   01:44:26   |
9825        |       -2443.77   |       -2452.51   |        8.73455   |   07:51:52   |   01:44:27   |
9826        |       -2442.76   |       -2451.47   |        8.71438   |   07:52:11   |   01:44:28   |
9827        |       -2441.57   |       -2450.29   |         8.7165   |   07:52:30   |   01:44:28   |
9828        |       -2442.04   |       -2450.91   |        8.86784   |   07:52:48   |   01:44:29   |
9829        |        -2442.3   |          -2451   |        8.69443   |   07:53:07   |   01:44:30   |
9830        |       -2444.17   |       -2453.19   |        9.01812   |   07:53:26   |   01:44:30   |
9831        |       -2443.98   |        -2452.2   |        8.22781   |   07:56:29   |   01:45:07   |
9832        |       -2445.22   |       -2453.34   |        8.11712   |   07:56:48   |   01:45:08   |
9833        |       -2445.22   |       -2453.34   |        8.11712   |   07:57:07   |   01:45:08   |
9834        |       -2445.63   |       -2455.74   |        10.1114   |   07:57:26   |   01:45:09   |
9835        |       -2443.63   |       -2454.25   |        10.6113   |   07:57:44   |   01:45:09   |
9836        |       -2443.76   |       -2455.11   |        11.3521   |   07:58:01   |   01:45:10   |
9837        |       -2443.08   |       -2454.58   |        11.4977   |   07:58:20   |   01:45:10   |
9838        |       -2447.06   |       -2458.54   |        11.4847   |   07:58:39   |   01:45:11   |
9839        |       -2445.47   |       -2456.97   |        11.4921   |   07:58:58   |   01:45:11   |


Iter        |      Posterior   |     Likelihood   |          Prior   |    elapsed   |        ETA   |
----------------------------------------------------------------------------------------------------
9840        |       -2447.84   |       -2459.31   |        11.4689   |   07:59:17   |   01:45:12   |
9841        |       -2444.77   |       -2456.28   |        11.5098   |   08:02:21   |   01:45:49   |
9842        |       -2444.34   |       -2455.85   |        11.5053   |   08:02:40   |   01:45:49   |
9843        |       -2445.05   |       -2455.59   |        10.5367   |   08:02:59   |   01:45:50   |
9844        |       -2442.27   |       -2452.81   |        10.5357   |   08:03:17   |   01:45:50   |
9845        |       -2444.86   |       -2455.44   |        10.5789   |   08:03:36   |   01:45:51   |
9846        |       -2444.35   |       -2454.93   |        10.5833   |   08:03:55   |   01:45:51   |
9847        |       -2444.03   |       -2454.61   |        10.5813   |   08:04:13   |   01:45:52   |
9848        |       -2444.53   |        -2456.1   |         11.569   |   08:04:32   |   01:45:52   |
9849        |       -2450.91   |       -2461.34   |        10.4356   |   08:04:49   |   01:45:52   |
9850        |       -2449.26   |       -2459.71   |         10.448   |   08:05:06   |   01:45:53   |
9851        |       -2447.17   |       -2457.29   |        10.1183   |   08:07:48   |   01:46:24   |
9852        |       -2447.64   |       -2457.75   |        10.1116   |   08:08:05   |   01:46:24   |
9853        |       -2445.51   |       -2455.63   |        10.1198   |   08:08:22   |   01:46:24   |
9854        |       -2447.74   |       -2459.16   |        11.4217   |   08:08:39   |   01:46:25   |
9855        |       -2448.61   |       -2459.95   |        11.3416   |   08:08:56   |   01:46:25   |
9856        |       -2447.52   |       -2458.67   |        11.1487   |   08:09:15   |   01:46:25   |
9857        |       -2443.76   |       -2454.72   |        10.9607   |   08:09:34   |   01:46:26   |
9858        |       -2447.05   |       -2458.26   |        11.2138   |   08:09:53   |   01:46:26   |
9859        |       -2447.41   |       -2458.65   |        11.2414   |   08:10:12   |   01:46:27   |


Iter        |      Posterior   |     Likelihood   |          Prior   |    elapsed   |        ETA   |
----------------------------------------------------------------------------------------------------
9860        |       -2445.62   |        -2456.7   |        11.0783   |   08:10:30   |   01:46:27   |
9861        |       -2448.91   |       -2459.99   |        11.0794   |   08:13:25   |   01:47:01   |
9862        |       -2450.58   |       -2461.73   |        11.1462   |   08:13:44   |   01:47:02   |
9863        |       -2444.96   |       -2454.18   |        9.22193   |   08:14:03   |   01:47:02   |
9864        |       -2444.96   |       -2454.18   |        9.22193   |   08:14:21   |   01:47:02   |
9865        |       -2444.96   |       -2454.18   |        9.22193   |   08:14:40   |   01:47:03   |
9866        |       -2443.61   |       -2452.84   |         9.2296   |   08:14:59   |   01:47:03   |
9867        |       -2443.61   |       -2452.84   |         9.2296   |   08:15:18   |   01:47:04   |
9868        |       -2442.99   |       -2452.21   |        9.22867   |   08:15:37   |   01:47:04   |
9869        |       -2443.67   |        -2452.9   |        9.22332   |   08:15:56   |   01:47:05   |
9870        |       -2443.47   |       -2453.44   |        9.97265   |   08:16:14   |   01:47:05   |
9871        |       -2443.68   |       -2453.66   |        9.97939   |   08:19:18   |   01:47:41   |
9872        |       -2444.43   |       -2454.28   |        9.84691   |   08:19:37   |   01:47:41   |
9873        |        -2444.3   |       -2454.15   |        9.84658   |   08:19:56   |   01:47:42   |
9874        |       -2444.49   |       -2454.34   |        9.85089   |   08:20:14   |   01:47:42   |
9875        |       -2443.88   |       -2453.73   |        9.85788   |   08:20:32   |   01:47:42   |
9876        |       -2446.55   |       -2456.75   |        10.2027   |   08:20:50   |   01:47:42   |
9877        |       -2445.49   |       -2455.69   |         10.204   |   08:21:09   |   01:47:43   |
9878        |       -2445.76   |       -2455.98   |        10.2201   |   08:21:28   |   01:47:43   |
9879        |       -2443.46   |       -2453.72   |        10.2687   |   08:21:47   |   01:47:43   |


Iter        |      Posterior   |     Likelihood   |          Prior   |    elapsed   |        ETA   |
----------------------------------------------------------------------------------------------------
9880        |       -2443.32   |       -2453.59   |        10.2697   |   08:22:06   |   01:47:44   |
9881        |        -2443.2   |       -2453.43   |        10.2383   |   08:25:10   |   01:48:20   |
9882        |          -2443   |       -2453.25   |        10.2529   |   08:25:29   |   01:48:20   |
9883        |       -2442.88   |        -2453.1   |         10.223   |   08:25:48   |   01:48:20   |
9884        |       -2444.64   |       -2455.43   |         10.787   |   08:26:06   |   01:48:20   |
9885        |       -2444.76   |       -2455.48   |        10.7203   |   08:26:25   |   01:48:21   |
9886        |       -2446.18   |       -2456.87   |        10.6867   |   08:26:44   |   01:48:21   |
9887        |       -2447.27   |       -2457.92   |        10.6469   |   08:27:03   |   01:48:21   |
9888        |        -2447.1   |       -2457.75   |         10.653   |   08:27:20   |   01:48:21   |
9889        |       -2445.55   |       -2456.02   |        10.4696   |   08:27:39   |   01:48:22   |
9890        |        -2446.7   |          -2457   |        10.3059   |   08:27:58   |   01:48:22   |
9891        |       -2446.08   |       -2456.87   |        10.7915   |   08:31:00   |   01:48:57   |
9892        |       -2449.22   |          -2460   |        10.7822   |   08:31:19   |   01:48:57   |
9893        |       -2452.15   |       -2464.29   |        12.1399   |   08:31:38   |   01:48:58   |
9894        |       -2443.74   |       -2453.99   |        10.2507   |   08:31:57   |   01:48:58   |
9895        |       -2443.65   |       -2453.91   |        10.2534   |   08:32:16   |   01:48:58   |
9896        |       -2443.49   |       -2454.29   |        10.8075   |   08:32:35   |   01:48:58   |
9897        |       -2442.92   |       -2453.16   |        10.2479   |   08:32:54   |   01:48:59   |
9898        |       -2443.25   |       -2453.76   |        10.5077   |   08:33:13   |   01:48:59   |
9899        |       -2445.64   |       -2456.04   |        10.3999   |   08:33:32   |   01:48:59   |


Iter        |      Posterior   |     Likelihood   |          Prior   |    elapsed   |        ETA   |
----------------------------------------------------------------------------------------------------
9900        |       -2444.35   |       -2453.16   |        8.80575   |   08:33:50   |   01:48:59   |
9901        |       -2445.43   |       -2454.23   |        8.80275   |   08:36:39   |   01:49:31   |
9902        |       -2448.42   |          -2457   |        8.57626   |   08:36:57   |   01:49:31   |
9903        |       -2445.22   |       -2453.97   |        8.74915   |   08:37:13   |   01:49:31   |
9904        |       -2443.16   |       -2451.92   |        8.76443   |   08:37:30   |   01:49:31   |
9905        |       -2444.67   |       -2454.79   |        10.1164   |   08:37:47   |   01:49:30   |
9906        |       -2443.62   |       -2453.89   |        10.2707   |   08:38:04   |   01:49:30   |
9907        |       -2443.06   |       -2453.33   |        10.2759   |   08:38:21   |   01:49:30   |
9908        |        -2443.1   |       -2453.67   |        10.5713   |   08:38:38   |   01:49:30   |
9909        |       -2443.18   |          -2453   |          9.816   |   08:38:55   |   01:49:30   |
9910        |       -2443.07   |        -2452.9   |        9.83624   |   08:39:12   |   01:49:29   |
9911        |       -2443.26   |       -2452.71   |        9.45172   |   08:41:59   |   01:50:01   |
9912        |       -2447.06   |        -2456.6   |        9.53677   |   08:42:18   |   01:50:01   |
9913        |       -2447.16   |       -2456.73   |        9.56467   |   08:42:37   |   01:50:01   |
9914        |       -2448.52   |       -2458.46   |        9.93751   |   08:42:56   |   01:50:01   |
9915        |       -2448.06   |          -2458   |         9.9384   |   08:43:15   |   01:50:01   |
9916        |       -2448.06   |          -2458   |         9.9384   |   08:43:33   |   01:50:01   |
9917        |       -2448.06   |          -2458   |         9.9384   |   08:43:51   |   01:50:01   |
9918        |       -2448.06   |          -2458   |         9.9384   |   08:44:10   |   01:50:02   |
9919        |       -2450.64   |       -2460.45   |        9.80944   |   08:44:28   |   01:50:01   |


Iter        |      Posterior   |     Likelihood   |          Prior   |    elapsed   |        ETA   |
----------------------------------------------------------------------------------------------------
9920        |        -2445.3   |       -2455.33   |        10.0252   |   08:44:46   |   01:50:01   |
9921        |       -2445.31   |       -2455.32   |        10.0091   |   08:47:48   |   01:50:36   |
9922        |       -2443.98   |          -2454   |        10.0134   |   08:48:07   |   01:50:36   |
9923        |       -2443.69   |       -2453.59   |         9.9015   |   08:48:26   |   01:50:36   |
9924        |       -2443.69   |       -2453.59   |        9.90154   |   08:48:45   |   01:50:36   |
9925        |       -2443.93   |       -2453.93   |        10.0053   |   08:49:02   |   01:50:36   |
9926        |       -2445.18   |       -2454.92   |        9.74539   |   08:49:21   |   01:50:36   |
9927        |       -2444.96   |       -2453.93   |        8.96411   |   08:49:40   |   01:50:36   |
9928        |       -2444.97   |       -2453.54   |        8.57019   |   08:49:59   |   01:50:36   |
9929        |       -2448.37   |       -2456.93   |        8.56366   |   08:50:18   |   01:50:36   |
9930        |       -2450.92   |       -2459.38   |        8.45802   |   08:50:37   |   01:50:36   |
9931        |       -2449.62   |       -2458.27   |        8.64808   |   08:53:40   |   01:51:10   |
9932        |       -2448.26   |       -2456.89   |        8.63146   |   08:54:00   |   01:51:11   |
9933        |        -2448.9   |       -2458.51   |        9.60549   |   08:54:18   |   01:51:11   |
9934        |       -2447.76   |        -2457.5   |        9.73432   |   08:54:37   |   01:51:11   |
9935        |       -2443.13   |       -2452.61   |        9.48053   |   08:54:56   |   01:51:11   |
9936        |       -2445.03   |        -2454.5   |        9.46811   |   08:55:15   |   01:51:11   |
9937        |       -2444.08   |       -2453.55   |        9.47106   |   08:55:34   |   01:51:11   |
9938        |        -2445.9   |       -2455.44   |        9.53762   |   08:55:52   |   01:51:11   |
9939        |        -2444.5   |       -2454.05   |        9.54812   |   08:56:10   |   01:51:10   |


Iter        |      Posterior   |     Likelihood   |          Prior   |    elapsed   |        ETA   |
----------------------------------------------------------------------------------------------------
9940        |       -2444.11   |       -2453.65   |        9.54812   |   08:56:29   |   01:51:10   |
9941        |       -2445.89   |       -2455.39   |        9.49715   |   08:59:32   |   01:51:44   |
9942        |       -2447.08   |       -2456.37   |         9.2874   |   08:59:51   |   01:51:44   |
9943        |       -2449.62   |        -2458.9   |        9.28072   |   09:00:10   |   01:51:44   |
9944        |       -2449.62   |        -2458.9   |        9.28072   |   09:00:28   |   01:51:44   |
9945        |        -2447.4   |       -2457.72   |        10.3196   |   09:00:47   |   01:51:44   |
9946        |       -2447.04   |       -2457.17   |        10.1262   |   09:01:06   |   01:51:44   |
9947        |       -2447.71   |       -2457.84   |        10.1302   |   09:01:25   |   01:51:44   |
9948        |       -2446.83   |       -2455.95   |        9.11229   |   09:01:44   |   01:51:44   |
9949        |        -2446.6   |       -2455.72   |        9.11878   |   09:02:03   |   01:51:44   |
9950        |       -2445.39   |       -2454.44   |        9.05183   |   09:02:22   |   01:51:44   |
9951        |       -2445.13   |       -2455.21   |        10.0797   |   09:05:25   |   01:52:18   |
9952        |       -2446.52   |       -2456.49   |        9.97363   |   09:05:44   |   01:52:18   |
9953        |       -2448.46   |       -2458.43   |        9.96544   |   09:06:02   |   01:52:18   |
9954        |       -2446.15   |       -2454.69   |        8.54063   |   09:06:20   |   01:52:17   |
9955        |       -2443.66   |       -2452.38   |        8.72335   |   09:06:37   |   01:52:17   |
9956        |       -2443.36   |       -2452.35   |        8.99336   |   09:06:54   |   01:52:16   |
9957        |       -2447.13   |       -2456.23   |        9.09533   |   09:07:11   |   01:52:16   |
9958        |       -2445.51   |        -2454.6   |        9.09757   |   09:07:28   |   01:52:15   |
9959        |       -2445.32   |       -2455.51   |        10.1926   |   09:07:45   |   01:52:15   |


Iter        |      Posterior   |     Likelihood   |          Prior   |    elapsed   |        ETA   |
----------------------------------------------------------------------------------------------------
9960        |       -2446.28   |       -2457.24   |        10.9591   |   09:08:01   |   01:52:14   |
9961        |       -2447.26   |       -2458.23   |        10.9635   |   09:10:45   |   01:52:44   |
9962        |        -2447.6   |       -2458.53   |        10.9251   |   09:11:04   |   01:52:44   |
9963        |        -2446.7   |       -2457.91   |        11.2029   |   09:11:23   |   01:52:44   |
9964        |       -2449.77   |       -2460.94   |        11.1724   |   09:11:42   |   01:52:43   |
9965        |       -2449.97   |       -2460.96   |        10.9871   |   09:12:01   |   01:52:43   |
9966        |       -2450.68   |       -2461.65   |        10.9717   |   09:12:20   |   01:52:43   |
9967        |       -2447.13   |       -2458.15   |        11.0163   |   09:12:39   |   01:52:43   |
9968        |          -2447   |       -2457.96   |        10.9608   |   09:12:58   |   01:52:43   |
9969        |       -2446.41   |       -2457.39   |        10.9827   |   09:13:16   |   01:52:43   |
9970        |          -2447   |       -2457.96   |        10.9604   |   09:13:34   |   01:52:42   |
9971        |       -2445.16   |       -2456.27   |        11.1066   |   09:16:33   |   01:53:15   |
9972        |       -2445.16   |       -2456.46   |        11.3045   |   09:16:52   |   01:53:14   |
9973        |       -2443.85   |       -2455.17   |         11.321   |   09:17:11   |   01:53:14   |
9974        |       -2445.76   |       -2456.83   |        11.0688   |   09:17:30   |   01:53:14   |
9975        |       -2444.19   |       -2455.16   |        10.9655   |   09:17:49   |   01:53:14   |
9976        |        -2446.1   |       -2457.82   |        11.7198   |   09:18:07   |   01:53:14   |
9977        |        -2445.5   |       -2457.22   |        11.7244   |   09:18:25   |   01:53:13   |
9978        |       -2444.28   |       -2456.01   |        11.7286   |   09:18:43   |   01:53:13   |
9979        |       -2445.03   |       -2455.81   |        10.7783   |   09:19:02   |   01:53:13   |


Iter        |      Posterior   |     Likelihood   |          Prior   |    elapsed   |        ETA   |
----------------------------------------------------------------------------------------------------
9980        |       -2445.76   |       -2456.53   |        10.7625   |   09:19:21   |   01:53:12   |
9981        |       -2446.52   |       -2457.31   |         10.796   |   09:22:25   |   01:53:46   |
9982        |       -2445.73   |       -2457.45   |        11.7249   |   09:22:44   |   01:53:45   |
9983        |       -2446.15   |       -2457.88   |         11.723   |   09:23:03   |   01:53:45   |
9984        |       -2445.76   |        -2457.5   |        11.7425   |   09:23:22   |   01:53:45   |
9985        |       -2446.89   |        -2458.6   |         11.704   |   09:23:41   |   01:53:45   |
9986        |       -2445.21   |       -2456.93   |         11.719   |   09:24:00   |   01:53:44   |
9987        |       -2444.32   |       -2456.05   |        11.7236   |   09:24:18   |   01:53:44   |
9988        |       -2446.24   |       -2458.19   |         11.945   |   09:24:37   |   01:53:44   |
9989        |       -2445.14   |       -2456.19   |        11.0472   |   09:24:56   |   01:53:43   |
9990        |       -2445.42   |       -2456.47   |        11.0475   |   09:25:14   |   01:53:43   |
9991        |       -2443.88   |        -2454.9   |        11.0168   |   09:28:19   |   01:54:16   |
9992        |       -2443.96   |          -2455   |        11.0374   |   09:28:38   |   01:54:16   |
9993        |       -2447.22   |       -2458.22   |        10.9996   |   09:28:55   |   01:54:15   |
9994        |       -2447.23   |       -2458.39   |        11.1588   |   09:29:14   |   01:54:15   |
9995        |       -2449.72   |        -2459.7   |        9.98373   |   09:29:33   |   01:54:15   |
9996        |       -2447.02   |       -2457.03   |        10.0128   |   09:29:52   |   01:54:14   |
9997        |       -2445.48   |       -2456.49   |         11.014   |   09:30:11   |   01:54:14   |
9998        |       -2447.42   |       -2458.45   |        11.0227   |   09:30:30   |   01:54:14   |
9999        |       -2445.74   |       -2456.77   |        11.0349   |   09:30:49   |   01:54:13   |


Iter        |      Posterior   |     Likelihood   |          Prior   |    elapsed   |        ETA   |
----------------------------------------------------------------------------------------------------
10000       |          -2446   |       -2457.01   |        11.0139   |   09:31:08   |   01:54:13   |
10001       |        -2452.6   |       -2462.64   |        10.0438   |   09:34:12   |   01:54:46   |
10002       |       -2447.73   |       -2457.77   |        10.0438   |   09:34:31   |   01:54:45   |
10003       |       -2445.65   |       -2455.68   |         10.029   |   09:34:50   |   01:54:45   |
10004       |       -2445.65   |       -2455.68   |         10.029   |   09:35:09   |   01:54:45   |
10005       |       -2445.65   |       -2455.68   |         10.029   |   09:35:27   |   01:54:44   |
10006       |       -2445.65   |       -2455.68   |         10.029   |   09:35:44   |   01:54:43   |
10007       |       -2447.07   |        -2457.6   |        10.5272   |   09:36:01   |   01:54:43   |
10008       |       -2445.48   |       -2456.02   |         10.544   |   09:36:18   |   01:54:42   |
10009       |       -2446.76   |       -2456.85   |        10.0968   |   09:36:35   |   01:54:41   |
10010       |       -2446.45   |       -2456.55   |        10.0955   |   09:36:52   |   01:54:40   |
10011       |       -2443.07   |       -2453.76   |        10.6898   |   09:39:35   |   01:55:09   |
10012       |       -2442.96   |       -2453.65   |        10.6857   |   09:39:52   |   01:55:08   |
10013       |       -2442.99   |       -2453.68   |        10.6891   |   09:40:11   |   01:55:07   |
10014       |       -2443.24   |          -2454   |        10.7639   |   09:40:30   |   01:55:07   |
10015       |       -2443.96   |       -2454.73   |        10.7701   |   09:40:49   |   01:55:07   |
10016       |        -2444.7   |       -2455.56   |        10.8651   |   09:41:08   |   01:55:06   |
10017       |        -2445.7   |       -2457.05   |        11.3548   |   09:41:27   |   01:55:06   |
10018       |       -2446.83   |       -2458.58   |        11.7521   |   09:41:46   |   01:55:05   |
10019       |       -2445.31   |       -2457.05   |        11.7438   |   09:42:05   |   01:55:05   |


Iter        |      Posterior   |     Likelihood   |          Prior   |    elapsed   |        ETA   |
----------------------------------------------------------------------------------------------------
10020       |       -2448.54   |       -2460.37   |        11.8342   |   09:42:23   |   01:55:04   |
10021       |       -2450.03   |       -2461.84   |        11.8064   |   09:45:21   |   01:55:35   |
10022       |       -2452.71   |        -2464.5   |        11.7891   |   09:45:40   |   01:55:35   |
10023       |        -2450.6   |       -2462.41   |        11.8069   |   09:45:58   |   01:55:34   |
10024       |       -2457.38   |       -2468.14   |        10.7608   |   09:46:17   |   01:55:34   |
10025       |       -2456.81   |        -2467.5   |        10.6877   |   09:46:36   |   01:55:33   |
10026       |       -2455.69   |       -2467.71   |        12.0229   |   09:46:55   |   01:55:33   |
10027       |       -2453.65   |       -2465.75   |        12.0986   |   09:47:14   |   01:55:32   |
10028       |       -2452.52   |       -2464.64   |        12.1191   |   09:47:33   |   01:55:32   |
10029       |       -2448.45   |       -2460.59   |        12.1394   |   09:47:50   |   01:55:31   |
10030       |       -2450.94   |       -2462.81   |        11.8646   |   09:48:09   |   01:55:31   |
10031       |       -2451.12   |       -2463.23   |        12.1098   |   09:51:14   |   01:56:03   |
10032       |       -2451.79   |       -2464.07   |        12.2799   |   09:51:33   |   01:56:02   |
10033       |       -2448.57   |       -2460.66   |        12.0833   |   09:51:52   |   01:56:02   |
10034       |       -2446.14   |       -2458.21   |        12.0744   |   09:52:10   |   01:56:01   |
10035       |       -2446.18   |       -2458.27   |        12.0897   |   09:52:30   |   01:56:01   |
10036       |       -2446.31   |       -2458.49   |        12.1788   |   09:52:48   |   01:56:00   |
10037       |       -2447.89   |       -2460.06   |         12.174   |   09:53:07   |   01:55:59   |
10038       |       -2446.99   |       -2459.17   |        12.1783   |   09:53:26   |   01:55:59   |
10039       |       -2446.16   |       -2458.35   |        12.1858   |   09:53:45   |   01:55:58   |


Iter        |      Posterior   |     Likelihood   |          Prior   |    elapsed   |        ETA   |
----------------------------------------------------------------------------------------------------
10040       |       -2448.48   |       -2460.46   |        11.9768   |   09:54:04   |   01:55:58   |
10041       |       -2447.57   |       -2459.64   |        12.0753   |   09:57:08   |   01:56:30   |
10042       |       -2447.39   |       -2459.47   |        12.0759   |   09:57:27   |   01:56:29   |
10043       |       -2446.27   |       -2458.34   |        12.0754   |   09:57:46   |   01:56:28   |
10044       |       -2446.27   |       -2458.34   |        12.0754   |   09:58:03   |   01:56:27   |
10045       |        -2448.6   |       -2460.66   |        12.0642   |   09:58:22   |   01:56:27   |
10046       |       -2449.71   |       -2461.78   |        12.0628   |   09:58:40   |   01:56:26   |
10047       |       -2448.33   |       -2459.68   |        11.3555   |   09:58:59   |   01:56:26   |
10048       |       -2448.46   |       -2460.05   |        11.5959   |   09:59:18   |   01:56:25   |
10049       |       -2446.92   |       -2458.52   |        11.5939   |   09:59:37   |   01:56:24   |
10050       |          -2447   |       -2458.59   |         11.591   |   09:59:56   |   01:56:24   |
10051       |       -2446.04   |       -2457.68   |        11.6386   |   10:02:59   |   01:56:55   |
10052       |       -2444.69   |       -2455.47   |        10.7888   |   10:03:18   |   01:56:54   |
10053       |       -2447.41   |       -2458.18   |        10.7774   |   10:03:36   |   01:56:54   |
10054       |       -2450.77   |       -2461.78   |        11.0115   |   10:03:55   |   01:56:53   |
10055       |       -2450.03   |       -2461.14   |        11.1036   |   10:04:14   |   01:56:52   |
10056       |       -2447.16   |       -2458.87   |        11.7092   |   10:04:33   |   01:56:52   |
10057       |       -2447.14   |       -2458.85   |        11.7082   |   10:04:51   |   01:56:51   |
10058       |       -2449.32   |       -2459.75   |         10.438   |   10:05:07   |   01:56:50   |
10059       |       -2445.04   |       -2455.48   |        10.4362   |   10:05:24   |   01:56:49   |


Iter        |      Posterior   |     Likelihood   |          Prior   |    elapsed   |        ETA   |
----------------------------------------------------------------------------------------------------
10060       |       -2445.06   |        -2455.3   |        10.2475   |   10:05:41   |   01:56:48   |
10061       |       -2446.18   |       -2456.44   |        10.2531   |   10:08:22   |   01:57:14   |
10062       |       -2446.62   |       -2457.02   |        10.3927   |   10:08:39   |   01:57:13   |
10063       |       -2446.77   |       -2455.63   |        8.86129   |   10:08:57   |   01:57:12   |
10064       |       -2446.24   |       -2454.85   |          8.613   |   10:09:15   |   01:57:12   |
10065       |       -2447.33   |       -2456.16   |        8.83089   |   10:09:34   |   01:57:11   |
10066       |       -2446.91   |       -2455.58   |        8.67737   |   10:09:53   |   01:57:10   |
10067       |       -2444.82   |       -2453.51   |        8.69237   |   10:10:12   |   01:57:09   |
10068       |       -2445.64   |       -2456.25   |        10.6154   |   10:10:31   |   01:57:09   |
10069       |       -2446.06   |       -2457.32   |        11.2596   |   10:10:50   |   01:57:08   |
10070       |       -2446.06   |       -2457.32   |        11.2596   |   10:11:09   |   01:57:07   |
10071       |        -2445.5   |       -2455.26   |        9.75556   |   10:14:04   |   01:57:37   |
10072       |       -2445.83   |        -2455.6   |        9.77282   |   10:14:23   |   01:57:36   |
10073       |       -2444.62   |       -2455.54   |        10.9211   |   10:14:42   |   01:57:35   |
10074       |          -2448   |        -2457.9   |        9.89865   |   10:15:01   |   01:57:34   |
10075       |       -2447.19   |       -2458.04   |        10.8545   |   10:15:20   |   01:57:34   |
10076       |       -2445.31   |       -2454.91   |        9.59136   |   10:15:39   |   01:57:33   |
10077       |       -2443.77   |       -2453.36   |         9.5933   |   10:15:58   |   01:57:32   |
10078       |       -2446.49   |       -2456.06   |        9.56894   |   10:16:17   |   01:57:31   |
10079       |       -2445.71   |       -2454.45   |          8.745   |   10:16:35   |   01:57:31   |


Iter        |      Posterior   |     Likelihood   |          Prior   |    elapsed   |        ETA   |
----------------------------------------------------------------------------------------------------
10080       |        -2445.2   |       -2454.18   |        8.97191   |   10:16:53   |   01:57:30   |
10081       |       -2446.43   |        -2455.4   |        8.96492   |   10:19:59   |   01:58:01   |
10082       |       -2445.06   |       -2455.08   |         10.021   |   10:20:18   |   01:58:00   |
10083       |       -2445.24   |       -2454.74   |        9.49447   |   10:20:35   |   01:57:59   |
10084       |       -2445.36   |       -2454.85   |        9.49194   |   10:20:54   |   01:57:58   |
10085       |       -2445.31   |        -2454.8   |        9.49211   |   10:21:13   |   01:57:57   |
10086       |       -2445.31   |        -2454.8   |        9.49211   |   10:21:32   |   01:57:56   |
10087       |       -2445.63   |       -2455.81   |        10.1774   |   10:21:51   |   01:57:56   |
10088       |       -2446.39   |        -2457.7   |        11.3096   |   10:22:09   |   01:57:55   |
10089       |       -2447.16   |        -2458.6   |        11.4469   |   10:22:28   |   01:57:54   |
10090       |       -2447.16   |        -2458.6   |        11.4469   |   10:22:47   |   01:57:53   |
10091       |       -2447.16   |        -2458.6   |        11.4469   |   10:25:52   |   01:58:24   |
10092       |        -2448.8   |       -2458.73   |        9.93215   |   10:26:11   |   01:58:23   |
10093       |       -2444.75   |       -2454.99   |        10.2412   |   10:26:30   |   01:58:22   |
10094       |       -2445.36   |       -2455.43   |        10.0651   |   10:26:49   |   01:58:21   |
10095       |        -2442.9   |       -2453.12   |        10.2194   |   10:27:07   |   01:58:20   |
10096       |       -2441.64   |       -2451.75   |        10.1167   |   10:27:24   |   01:58:19   |
10097       |       -2442.41   |       -2452.49   |        10.0779   |   10:27:43   |   01:58:18   |
10098       |       -2442.45   |       -2452.36   |        9.90142   |   10:28:02   |   01:58:17   |
10099       |       -2441.77   |       -2450.21   |        8.43512   |   10:28:21   |   01:58:16   |


Iter        |      Posterior   |     Likelihood   |          Prior   |    elapsed   |        ETA   |
----------------------------------------------------------------------------------------------------
10100       |       -2441.85   |       -2450.28   |        8.43465   |   10:28:40   |   01:58:15   |
10101       |       -2446.55   |       -2453.83   |         7.2852   |   10:31:44   |   01:58:45   |
10102       |       -2444.14   |          -2452   |        7.86191   |   10:32:03   |   01:58:45   |
10103       |       -2443.26   |       -2451.12   |        7.85613   |   10:32:22   |   01:58:44   |
10104       |       -2441.98   |       -2451.52   |        9.54451   |   10:32:41   |   01:58:43   |
10105       |        -2443.2   |       -2452.75   |        9.54891   |   10:33:00   |   01:58:42   |
10106       |       -2442.61   |       -2452.17   |        9.55635   |   10:33:19   |   01:58:41   |
10107       |       -2442.98   |       -2451.78   |        8.80615   |   10:33:37   |   01:58:40   |
10108       |       -2445.44   |       -2455.44   |        9.99971   |   10:33:56   |   01:58:39   |
10109       |       -2446.52   |        -2456.5   |        9.97415   |   10:34:14   |   01:58:38   |
10110       |       -2445.29   |       -2455.27   |        9.98578   |   10:34:31   |   01:58:37   |
10111       |       -2444.71   |       -2454.78   |        10.0693   |   10:37:12   |   01:59:02   |
10112       |       -2444.29   |       -2454.34   |        10.0474   |   10:37:29   |   01:59:01   |
10113       |       -2448.06   |       -2458.08   |        10.0155   |   10:37:46   |   01:59:00   |
10114       |       -2448.26   |       -2458.28   |        10.0155   |   10:38:03   |   01:58:58   |
10115       |       -2445.68   |        -2455.7   |        10.0213   |   10:38:21   |   01:58:57   |
10116       |       -2444.78   |       -2454.82   |        10.0395   |   10:38:39   |   01:58:56   |
10117       |       -2445.73   |       -2455.76   |        10.0291   |   10:38:58   |   01:58:55   |
10118       |       -2444.42   |        -2453.6   |         9.1883   |   10:39:17   |   01:58:54   |
10119       |       -2444.93   |        -2453.2   |        8.27175   |   10:39:36   |   01:58:53   |


Iter        |      Posterior   |     Likelihood   |          Prior   |    elapsed   |        ETA   |
----------------------------------------------------------------------------------------------------
10120       |        -2444.9   |       -2453.21   |        8.30502   |   10:39:55   |   01:58:52   |
10121       |       -2445.42   |       -2453.24   |         7.8187   |   10:42:50   |   01:59:20   |
10122       |       -2447.79   |       -2455.61   |        7.81717   |   10:43:09   |   01:59:19   |
10123       |       -2443.91   |        -2453.3   |        9.39412   |   10:43:28   |   01:59:18   |
10124       |       -2444.09   |       -2453.48   |        9.39183   |   10:43:47   |   01:59:17   |
10125       |       -2445.01   |        -2454.4   |        9.39072   |   10:44:06   |   01:59:16   |
10126       |       -2449.28   |       -2458.68   |        9.39121   |   10:44:25   |   01:59:15   |
10127       |       -2450.48   |       -2459.87   |        9.38759   |   10:44:44   |   01:59:14   |
10128       |       -2451.31   |       -2460.69   |        9.38819   |   10:45:03   |   01:59:13   |
10129       |       -2452.22   |       -2461.61   |        9.39713   |   10:45:21   |   01:59:12   |
10130       |       -2443.85   |       -2453.53   |        9.68759   |   10:45:40   |   01:59:11   |
10131       |       -2447.36   |       -2456.83   |        9.46753   |   10:48:45   |   01:59:41   |
10132       |       -2445.88   |       -2455.72   |         9.8373   |   10:49:04   |   01:59:39   |
10133       |       -2443.65   |       -2453.49   |         9.8386   |   10:49:23   |   01:59:38   |
10134       |       -2442.95   |       -2452.79   |        9.83781   |   10:49:40   |   01:59:37   |
10135       |       -2442.93   |       -2452.76   |        9.82675   |   10:49:59   |   01:59:36   |
10136       |       -2443.95   |       -2453.83   |        9.87623   |   10:50:18   |   01:59:35   |
10137       |       -2443.38   |       -2453.24   |        9.86086   |   10:50:36   |   01:59:34   |
10138       |       -2445.28   |       -2455.13   |        9.85277   |   10:50:55   |   01:59:33   |
10139       |       -2444.32   |       -2453.96   |        9.64049   |   10:51:14   |   01:59:31   |


Iter        |      Posterior   |     Likelihood   |          Prior   |    elapsed   |        ETA   |
----------------------------------------------------------------------------------------------------
10140       |       -2444.23   |       -2453.71   |         9.4732   |   10:51:33   |   01:59:30   |
10141       |       -2443.89   |       -2453.37   |        9.48266   |   10:54:37   |   02:00:00   |
10142       |       -2443.54   |       -2452.68   |        9.13817   |   10:54:56   |   01:59:58   |
10143       |       -2443.87   |       -2453.07   |        9.20255   |   10:55:15   |   01:59:57   |
10144       |       -2445.12   |       -2453.21   |        8.09723   |   10:55:34   |   01:59:56   |
10145       |       -2446.98   |       -2455.31   |        8.33419   |   10:55:53   |   01:59:55   |
10146       |       -2446.46   |        -2454.8   |        8.34222   |   10:56:11   |   01:59:54   |
10147       |        -2446.6   |       -2454.93   |        8.33591   |   10:56:30   |   01:59:53   |
10148       |       -2445.29   |       -2453.62   |        8.32544   |   10:56:48   |   01:59:51   |
10149       |       -2444.11   |       -2454.52   |        10.4088   |   10:57:06   |   01:59:50   |
10150       |        -2444.6   |        -2453.6   |        9.00421   |   10:57:25   |   01:59:49   |
10151       |        -2444.7   |       -2453.71   |          9.009   |   11:00:29   |   02:00:18   |
10152       |       -2444.26   |       -2453.26   |        8.99774   |   11:00:48   |   02:00:17   |
10153       |       -2446.68   |       -2455.67   |        8.99042   |   11:01:07   |   02:00:16   |
10154       |       -2445.95   |       -2455.39   |        9.43474   |   11:01:25   |   02:00:14   |
10155       |       -2447.05   |       -2456.24   |        9.18832   |   11:01:44   |   02:00:13   |
10156       |       -2444.51   |       -2453.69   |        9.18025   |   11:02:03   |   02:00:12   |
10157       |       -2447.08   |       -2456.28   |        9.19369   |   11:02:22   |   02:00:11   |
10158       |       -2447.14   |       -2455.93   |        8.79467   |   11:02:41   |   02:00:10   |
10159       |       -2447.86   |          -2458   |        10.1384   |   11:02:59   |   02:00:08   |


Iter        |      Posterior   |     Likelihood   |          Prior   |    elapsed   |        ETA   |
----------------------------------------------------------------------------------------------------
10160       |       -2446.02   |       -2456.83   |        10.8122   |   11:03:18   |   02:00:07   |
10161       |       -2447.04   |       -2457.86   |        10.8197   |   11:06:00   |   02:00:32   |
10162       |       -2445.56   |       -2456.38   |        10.8203   |   11:06:17   |   02:00:30   |
10163       |       -2445.78   |       -2456.49   |        10.7142   |   11:06:34   |   02:00:29   |
10164       |       -2445.78   |       -2456.49   |        10.7142   |   11:06:51   |   02:00:27   |
10165       |       -2446.59   |       -2457.62   |        11.0327   |   11:07:08   |   02:00:25   |
10166       |       -2444.97   |       -2456.13   |         11.162   |   11:07:25   |   02:00:24   |
10167       |       -2447.61   |       -2458.79   |        11.1741   |   11:07:43   |   02:00:22   |
10168       |       -2449.47   |       -2459.36   |        9.88969   |   11:08:02   |   02:00:21   |
10169       |       -2450.86   |       -2460.75   |        9.89354   |   11:08:21   |   02:00:20   |
10170       |        -2446.5   |       -2456.39   |        9.89425   |   11:08:40   |   02:00:19   |
10171       |       -2447.13   |       -2458.64   |        11.5064   |   11:11:36   |   02:00:46   |
10172       |       -2448.08   |       -2459.64   |        11.5632   |   11:11:54   |   02:00:44   |
10173       |       -2446.45   |          -2458   |        11.5573   |   11:12:12   |   02:00:43   |
10174       |       -2447.95   |        -2459.6   |         11.647   |   11:12:31   |   02:00:42   |
10175       |       -2452.01   |       -2463.66   |        11.6486   |   11:12:50   |   02:00:40   |
10176       |       -2448.84   |       -2459.68   |        10.8374   |   11:13:09   |   02:00:39   |
10177       |        -2450.3   |       -2461.13   |        10.8318   |   11:13:28   |   02:00:38   |
10178       |        -2448.4   |       -2459.23   |        10.8318   |   11:13:46   |   02:00:36   |
10179       |       -2448.23   |       -2459.06   |        10.8253   |   11:14:05   |   02:00:35   |


Iter        |      Posterior   |     Likelihood   |          Prior   |    elapsed   |        ETA   |
----------------------------------------------------------------------------------------------------
10180       |       -2449.15   |       -2459.97   |        10.8142   |   11:14:24   |   02:00:34   |
10181       |       -2446.69   |       -2457.53   |        10.8362   |   11:17:28   |   02:01:02   |
10182       |       -2446.87   |        -2457.7   |        10.8308   |   11:17:47   |   02:01:01   |
10183       |       -2447.76   |       -2458.42   |        10.6663   |   11:18:06   |   02:00:59   |
10184       |       -2445.39   |       -2456.63   |        11.2436   |   11:18:25   |   02:00:58   |
10185       |       -2447.76   |       -2459.03   |        11.2679   |   11:18:44   |   02:00:57   |
10186       |       -2449.34   |       -2460.59   |        11.2574   |   11:19:01   |   02:00:55   |
10187       |       -2443.65   |       -2453.12   |        9.46681   |   11:19:20   |   02:00:54   |
10188       |       -2445.88   |       -2455.53   |        9.65151   |   11:19:39   |   02:00:52   |
10189       |       -2449.25   |       -2458.68   |        9.43074   |   11:19:58   |   02:00:51   |
10190       |       -2448.88   |       -2459.67   |        10.7909   |   11:20:17   |   02:00:50   |
10191       |        -2449.2   |        -2458.7   |        9.50217   |   11:23:21   |   02:01:18   |
10192       |       -2445.04   |       -2454.57   |         9.5236   |   11:23:40   |   02:01:16   |
10193       |       -2445.04   |       -2454.57   |         9.5236   |   11:23:59   |   02:01:15   |
10194       |       -2445.04   |       -2454.57   |         9.5236   |   11:24:18   |   02:01:13   |
10195       |       -2445.04   |       -2454.57   |         9.5236   |   11:24:37   |   02:01:12   |
10196       |       -2445.04   |       -2454.57   |         9.5236   |   11:24:56   |   02:01:11   |
10197       |       -2445.04   |       -2454.57   |         9.5236   |   11:25:15   |   02:01:09   |
10198       |       -2445.04   |       -2454.57   |         9.5236   |   11:25:34   |   02:01:08   |
10199       |       -2445.04   |       -2454.57   |         9.5236   |   11:25:52   |   02:01:06   |


Iter        |      Posterior   |     Likelihood   |          Prior   |    elapsed   |        ETA   |
----------------------------------------------------------------------------------------------------
10200       |        -2444.9   |       -2454.16   |         9.2579   |   11:26:10   |   02:01:05   |
10201       |       -2447.11   |       -2457.47   |        10.3614   |   11:29:16   |   02:01:33   |
10202       |       -2447.11   |       -2457.47   |        10.3614   |   11:29:34   |   02:01:31   |
10203       |       -2445.86   |       -2456.43   |        10.5607   |   11:29:52   |   02:01:30   |
10204       |       -2446.59   |       -2456.58   |        9.98968   |   11:30:11   |   02:01:28   |
10205       |       -2447.05   |        -2456.9   |        9.85118   |   11:30:30   |   02:01:27   |
10206       |       -2450.12   |       -2460.13   |        10.0133   |   11:30:49   |   02:01:25   |
10207       |       -2450.65   |       -2460.65   |        9.99838   |   11:31:08   |   02:01:24   |
10208       |       -2450.77   |       -2461.35   |        10.5787   |   11:31:26   |   02:01:22   |
10209       |       -2450.96   |       -2461.27   |        10.3126   |   11:31:45   |   02:01:21   |
10210       |       -2453.78   |       -2464.85   |        11.0718   |   11:32:04   |   02:01:19   |
10211       |       -2452.18   |       -2461.31   |        9.13714   |   11:34:55   |   02:01:45   |
10212       |       -2449.48   |       -2458.53   |        9.04752   |   11:35:13   |   02:01:43   |
10213       |       -2448.72   |       -2457.75   |        9.03318   |   11:35:30   |   02:01:41   |
10214       |       -2449.81   |       -2459.02   |         9.2051   |   11:35:48   |   02:01:39   |
10215       |       -2449.14   |       -2458.57   |        9.43005   |   11:36:05   |   02:01:38   |
10216       |       -2445.76   |       -2455.18   |        9.42338   |   11:36:23   |   02:01:36   |
10217       |       -2451.95   |       -2461.33   |        9.38679   |   11:36:40   |   02:01:34   |
10218       |       -2451.95   |       -2461.33   |        9.38679   |   11:36:58   |   02:01:32   |
10219       |       -2451.25   |        -2460.5   |        9.25204   |   11:37:15   |   02:01:31   |


Iter        |      Posterior   |     Likelihood   |          Prior   |    elapsed   |        ETA   |
----------------------------------------------------------------------------------------------------
10220       |       -2457.39   |       -2467.22   |        9.82861   |   11:37:33   |   02:01:29   |
10221       |        -2453.8   |       -2463.51   |        9.70774   |   11:40:18   |   02:01:53   |
10222       |       -2452.46   |       -2461.82   |        9.35332   |   11:40:35   |   02:01:51   |
10223       |       -2450.39   |       -2458.82   |        8.42648   |   11:40:52   |   02:01:49   |
10224       |       -2449.01   |       -2458.39   |        9.37821   |   11:41:09   |   02:01:47   |
10225       |       -2449.55   |       -2459.08   |        9.53114   |   11:41:26   |   02:01:45   |
10226       |       -2448.74   |       -2458.26   |        9.52822   |   11:41:43   |   02:01:44   |
10227       |       -2451.09   |       -2460.61   |        9.51969   |   11:42:00   |   02:01:42   |
10228       |       -2449.32   |        -2458.9   |        9.58001   |   11:42:17   |   02:01:40   |
10229       |       -2448.86   |       -2458.35   |        9.49192   |   11:42:34   |   02:01:38   |
10230       |       -2447.41   |        -2456.9   |        9.49838   |   11:42:51   |   02:01:36   |
10231       |       -2447.05   |       -2456.55   |        9.50933   |   11:45:47   |   02:02:02   |
10232       |       -2447.42   |       -2457.07   |        9.64901   |   11:46:05   |   02:02:00   |
10233       |       -2444.58   |       -2454.24   |        9.65233   |   11:46:23   |   02:01:58   |
10234       |        -2445.7   |       -2455.41   |        9.70968   |   11:46:41   |   02:01:56   |
10235       |       -2447.93   |       -2458.27   |        10.3432   |   11:47:00   |   02:01:55   |
10236       |       -2448.38   |       -2458.93   |         10.545   |   11:47:18   |   02:01:53   |
10237       |        -2447.9   |       -2458.22   |        10.3132   |   11:47:36   |   02:01:51   |
10238       |       -2445.68   |       -2455.46   |        9.77865   |   11:47:54   |   02:01:49   |
10239       |        -2446.1   |       -2455.88   |        9.77944   |   11:48:12   |   02:01:48   |


Iter        |      Posterior   |     Likelihood   |          Prior   |    elapsed   |        ETA   |
----------------------------------------------------------------------------------------------------
10240       |       -2446.45   |       -2456.11   |        9.65492   |   11:48:32   |   02:01:46   |
10241       |        -2443.5   |       -2453.25   |         9.7556   |   11:51:35   |   02:02:13   |
10242       |       -2445.46   |       -2455.51   |        10.0541   |   11:51:54   |   02:02:11   |
10243       |       -2443.63   |       -2454.99   |        11.3634   |   11:52:12   |   02:02:09   |
10244       |       -2446.24   |       -2456.55   |        10.3124   |   11:52:31   |   02:02:08   |
10245       |        -2446.2   |        -2456.5   |        10.3023   |   11:52:50   |   02:02:06   |
10246       |       -2444.88   |       -2455.07   |        10.1882   |   11:53:09   |   02:02:04   |
10247       |       -2446.34   |       -2456.54   |        10.2058   |   11:53:28   |   02:02:03   |
10248       |       -2445.76   |       -2455.05   |        9.28713   |   11:53:47   |   02:02:01   |
10249       |        -2443.5   |       -2453.02   |        9.51968   |   11:54:05   |   02:01:59   |
10250       |       -2444.63   |       -2454.18   |        9.55583   |   11:54:24   |   02:01:58   |
10251       |          -2444   |       -2453.56   |        9.56004   |   11:57:29   |   02:02:24   |
10252       |       -2443.38   |       -2452.94   |        9.55604   |   11:57:48   |   02:02:23   |
10253       |        -2443.2   |       -2452.78   |        9.57899   |   11:58:06   |   02:02:21   |
10254       |       -2443.81   |       -2453.16   |        9.35304   |   11:58:24   |   02:02:19   |
10255       |       -2445.86   |       -2455.23   |         9.3669   |   11:58:42   |   02:02:17   |
10256       |       -2445.85   |       -2455.49   |        9.64517   |   11:59:01   |   02:02:15   |
10257       |       -2446.78   |       -2456.48   |        9.69552   |   11:59:20   |   02:02:14   |
10258       |       -2445.77   |       -2455.46   |        9.69968   |   11:59:39   |   02:02:12   |
10259       |       -2445.36   |       -2455.02   |        9.65505   |   11:59:58   |   02:02:10   |


Iter        |      Posterior   |     Likelihood   |          Prior   |    elapsed   |        ETA   |
----------------------------------------------------------------------------------------------------
10260       |       -2445.76   |       -2453.76   |        8.00484   |   12:00:17   |   02:02:09   |
10261       |       -2444.33   |       -2452.22   |        7.89341   |   12:03:22   |   02:02:35   |
10262       |       -2445.24   |       -2452.68   |         7.4449   |   12:03:41   |   02:02:33   |
10263       |       -2449.94   |       -2457.17   |        7.22634   |   12:03:59   |   02:02:31   |
10264       |       -2451.57   |       -2458.82   |        7.25024   |   12:04:18   |   02:02:30   |
10265       |       -2450.17   |       -2457.43   |        7.26237   |   12:04:37   |   02:02:28   |
10266       |       -2441.57   |       -2449.23   |        7.66181   |   12:04:55   |   02:02:26   |
10267       |       -2443.12   |       -2450.77   |        7.64429   |   12:05:14   |   02:02:24   |
10268       |       -2443.17   |       -2450.81   |        7.64381   |   12:05:31   |   02:02:22   |
10269       |       -2444.81   |       -2452.66   |        7.85562   |   12:05:50   |   02:02:21   |
10270       |       -2445.58   |       -2453.78   |        8.19371   |   12:06:09   |   02:02:19   |
10271       |       -2445.04   |       -2453.42   |        8.37857   |   12:09:10   |   02:02:44   |
10272       |       -2444.19   |        -2453.1   |        8.91232   |   12:09:27   |   02:02:42   |
10273       |       -2447.38   |        -2456.3   |        8.92146   |   12:09:44   |   02:02:40   |
10274       |       -2447.77   |        -2456.7   |        8.93298   |   12:10:01   |   02:02:38   |
10275       |       -2447.65   |       -2456.57   |        8.91554   |   12:10:18   |   02:02:36   |
10276       |       -2449.48   |        -2458.4   |        8.91886   |   12:10:35   |   02:02:34   |
10277       |       -2449.87   |       -2458.89   |        9.01467   |   12:10:52   |   02:02:32   |
10278       |       -2444.54   |       -2453.37   |        8.83345   |   12:11:09   |   02:02:29   |
10279       |       -2445.99   |        -2455.1   |        9.10672   |   12:11:26   |   02:02:27   |


Iter        |      Posterior   |     Likelihood   |          Prior   |    elapsed   |        ETA   |
----------------------------------------------------------------------------------------------------
10280       |       -2445.88   |       -2454.99   |        9.11051   |   12:11:43   |   02:02:25   |
10281       |       -2444.92   |       -2453.79   |        8.87855   |   12:14:35   |   02:02:49   |
10282       |       -2441.96   |       -2450.28   |        8.32271   |   12:14:54   |   02:02:47   |
10283       |       -2441.45   |       -2449.78   |        8.32808   |   12:15:12   |   02:02:45   |
10284       |       -2441.58   |       -2449.95   |        8.37201   |   12:15:31   |   02:02:43   |
10285       |       -2444.05   |       -2452.39   |        8.34282   |   12:15:49   |   02:02:41   |
10286       |       -2442.92   |       -2451.28   |         8.3531   |   12:16:07   |   02:02:39   |
10287       |       -2442.17   |       -2450.52   |        8.35146   |   12:16:26   |   02:02:37   |
10288       |       -2442.11   |       -2450.39   |        8.28149   |   12:16:43   |   02:02:35   |
10289       |       -2442.45   |       -2450.73   |        8.28015   |   12:17:02   |   02:02:33   |
10290       |       -2445.65   |       -2453.92   |        8.27466   |   12:17:20   |   02:02:31   |
10291       |        -2444.2   |       -2453.84   |        9.63705   |   12:20:25   |   02:02:57   |
10292       |       -2443.26   |       -2451.95   |        8.68468   |   12:20:43   |   02:02:55   |
10293       |       -2443.88   |        -2451.3   |        7.42264   |   12:21:01   |   02:02:53   |
10294       |       -2444.33   |       -2451.97   |        7.63964   |   12:21:20   |   02:02:51   |
10295       |       -2442.11   |       -2451.05   |         8.9476   |   12:21:38   |   02:02:49   |
10296       |       -2442.64   |       -2451.29   |        8.64784   |   12:21:57   |   02:02:47   |
10297       |       -2442.47   |        -2451.1   |        8.62662   |   12:22:16   |   02:02:45   |
10298       |       -2442.84   |       -2452.79   |        9.94764   |   12:22:35   |   02:02:43   |
10299       |       -2442.16   |       -2451.16   |        9.00608   |   12:22:54   |   02:02:41   |


Iter        |      Posterior   |     Likelihood   |          Prior   |    elapsed   |        ETA   |
----------------------------------------------------------------------------------------------------
10300       |       -2444.38   |       -2453.37   |        8.98784   |   12:23:13   |   02:02:40   |
10301       |       -2445.42   |       -2455.66   |        10.2384   |   12:26:16   |   02:03:05   |
10302       |       -2445.57   |       -2455.72   |        10.1487   |   12:26:35   |   02:03:03   |
10303       |       -2444.28   |       -2454.59   |        10.3036   |   12:26:53   |   02:03:01   |
10304       |       -2445.01   |       -2455.32   |        10.3084   |   12:27:12   |   02:02:59   |
10305       |       -2444.33   |       -2454.24   |         9.9026   |   12:27:31   |   02:02:57   |
10306       |       -2447.36   |       -2456.91   |        9.54685   |   12:27:48   |   02:02:54   |
10307       |       -2444.14   |       -2452.57   |        8.43556   |   12:28:07   |   02:02:53   |
10308       |       -2444.98   |       -2452.73   |        7.74834   |   12:28:26   |   02:02:51   |
10309       |       -2443.74   |       -2452.03   |        8.28095   |   12:28:45   |   02:02:49   |
10310       |       -2445.35   |       -2453.85   |        8.50513   |   12:29:03   |   02:02:46   |
10311       |       -2446.17   |       -2454.66   |        8.49192   |   12:32:08   |   02:03:12   |
10312       |       -2444.81   |       -2453.73   |        8.92295   |   12:32:26   |   02:03:10   |
10313       |        -2445.1   |       -2454.08   |        8.98274   |   12:32:45   |   02:03:08   |
10314       |       -2446.34   |       -2455.32   |        8.98666   |   12:33:04   |   02:03:06   |
10315       |       -2443.95   |       -2452.76   |        8.80596   |   12:33:23   |   02:03:04   |
10316       |       -2443.14   |       -2450.96   |        7.82306   |   12:33:42   |   02:03:02   |
10317       |       -2444.97   |       -2452.91   |         7.9419   |   12:34:01   |   02:03:00   |
10318       |       -2444.93   |       -2452.88   |        7.94673   |   12:34:20   |   02:02:58   |
10319       |       -2444.37   |       -2452.32   |         7.9477   |   12:34:37   |   02:02:55   |


Iter        |      Posterior   |     Likelihood   |          Prior   |    elapsed   |        ETA   |
----------------------------------------------------------------------------------------------------
10320       |       -2442.14   |       -2451.55   |         9.4077   |   12:34:56   |   02:02:53   |
10321       |       -2442.83   |       -2452.26   |        9.42815   |   12:38:00   |   02:03:18   |
10322       |       -2442.89   |       -2452.28   |        9.39034   |   12:38:16   |   02:03:16   |
10323       |       -2443.11   |       -2453.08   |        9.97517   |   12:38:33   |   02:03:13   |
10324       |       -2442.03   |       -2450.68   |        8.65127   |   12:38:50   |   02:03:11   |
10325       |       -2445.28   |       -2453.35   |        8.07566   |   12:39:07   |   02:03:08   |
10326       |       -2446.16   |       -2453.42   |        7.25733   |   12:39:24   |   02:03:06   |
10327       |       -2448.51   |       -2457.21   |        8.70736   |   12:39:41   |   02:03:04   |
10328       |       -2446.24   |       -2455.09   |        8.85223   |   12:39:58   |   02:03:01   |
10329       |       -2442.65   |       -2451.53   |        8.87086   |   12:40:15   |   02:02:59   |
10330       |       -2442.76   |       -2451.63   |        8.87124   |   12:40:32   |   02:02:57   |
10331       |       -2443.22   |       -2452.82   |        9.59649   |   12:43:21   |   02:03:19   |
10332       |       -2444.01   |        -2453.6   |        9.59126   |   12:43:40   |   02:03:17   |
10333       |       -2446.04   |       -2455.62   |        9.57979   |   12:43:59   |   02:03:15   |
10334       |       -2445.84   |       -2455.34   |        9.50389   |   12:44:18   |   02:03:13   |
10335       |       -2445.85   |       -2455.35   |        9.50323   |   12:44:37   |   02:03:10   |
10336       |       -2446.74   |       -2455.57   |         8.8213   |   12:44:55   |   02:03:08   |
10337       |       -2446.66   |       -2455.28   |        8.62019   |   12:45:13   |   02:03:06   |
10338       |       -2446.84   |       -2455.92   |        9.07496   |   12:45:32   |   02:03:04   |
10339       |       -2446.84   |       -2455.92   |        9.07496   |   12:45:50   |   02:03:02   |


Iter        |      Posterior   |     Likelihood   |          Prior   |    elapsed   |        ETA   |
----------------------------------------------------------------------------------------------------
10340       |       -2449.81   |       -2458.79   |        8.97877   |   12:46:08   |   02:02:59   |
10341       |       -2447.48   |       -2456.55   |        9.06959   |   12:49:10   |   02:03:23   |
10342       |       -2445.73   |        -2454.8   |        9.07072   |   12:49:29   |   02:03:21   |
10343       |       -2443.11   |       -2450.66   |        7.55002   |   12:49:48   |   02:03:19   |
10344       |       -2443.11   |       -2450.66   |        7.55002   |   12:50:06   |   02:03:17   |
10345       |       -2443.76   |        -2452.8   |        9.04639   |   12:50:24   |   02:03:14   |
10346       |       -2445.19   |       -2452.69   |        7.50356   |   12:50:43   |   02:03:12   |
10347       |       -2443.49   |          -2451   |        7.51438   |   12:51:02   |   02:03:10   |
10348       |       -2444.33   |       -2451.84   |        7.50977   |   12:51:21   |   02:03:08   |
10349       |       -2442.67   |       -2450.18   |        7.51523   |   12:51:39   |   02:03:06   |
10350       |       -2445.82   |        -2453.8   |        7.97808   |   12:51:58   |   02:03:04   |
10351       |       -2445.96   |       -2453.59   |        7.63053   |   12:55:02   |   02:03:28   |
10352       |       -2446.51   |       -2454.15   |        7.64162   |   12:55:21   |   02:03:25   |
10353       |       -2446.28   |        -2453.9   |        7.62504   |   12:55:40   |   02:03:23   |
10354       |       -2447.94   |       -2455.18   |        7.24284   |   12:55:59   |   02:03:21   |
10355       |       -2444.04   |        -2451.7   |        7.65929   |   12:56:18   |   02:03:19   |
10356       |       -2444.04   |        -2451.7   |        7.65929   |   12:56:37   |   02:03:17   |
10357       |       -2444.22   |       -2451.68   |        7.46073   |   12:56:55   |   02:03:14   |
10358       |       -2443.19   |       -2452.24   |        9.05197   |   12:57:13   |   02:03:12   |
10359       |       -2443.25   |       -2450.52   |        7.26719   |   12:57:32   |   02:03:10   |


Iter        |      Posterior   |     Likelihood   |          Prior   |    elapsed   |        ETA   |
----------------------------------------------------------------------------------------------------
10360       |       -2443.25   |       -2450.52   |        7.26719   |   12:57:51   |   02:03:08   |
10361       |       -2445.58   |       -2452.56   |        6.97869   |   13:00:55   |   02:03:31   |
10362       |       -2446.37   |       -2453.34   |        6.97276   |   13:01:14   |   02:03:29   |
10363       |       -2446.42   |        -2453.4   |        6.97276   |   13:01:33   |   02:03:27   |
10364       |       -2447.04   |       -2454.02   |        6.97929   |   13:01:51   |   02:03:25   |
10365       |       -2445.98   |       -2452.96   |        6.98443   |   13:02:10   |   02:03:22   |
10366       |       -2445.72   |       -2452.71   |        6.98982   |   13:02:29   |   02:03:20   |
10367       |       -2446.35   |       -2453.32   |        6.97255   |   13:02:48   |   02:03:18   |
10368       |       -2446.35   |       -2453.32   |        6.97255   |   13:03:07   |   02:03:16   |
10369       |       -2446.83   |       -2453.82   |        6.98623   |   13:03:26   |   02:03:13   |
10370       |       -2449.26   |       -2455.98   |        6.71268   |   13:03:44   |   02:03:11   |
10371       |       -2444.59   |       -2451.63   |        7.03573   |   13:06:48   |   02:03:35   |
10372       |       -2443.23   |       -2450.27   |           7.04   |   13:07:07   |   02:03:32   |
10373       |       -2443.73   |       -2450.45   |        6.72651   |   13:07:24   |   02:03:30   |
10374       |       -2443.32   |       -2450.04   |        6.72878   |   13:07:41   |   02:03:27   |
10375       |       -2446.12   |       -2454.71   |        8.59096   |   13:07:58   |   02:03:24   |
10376       |       -2447.42   |          -2456   |        8.58895   |   13:08:15   |   02:03:22   |
10377       |       -2447.18   |       -2455.81   |        8.63047   |   13:08:32   |   02:03:19   |
10378       |       -2446.82   |       -2455.45   |        8.63088   |   13:08:49   |   02:03:17   |
10379       |       -2442.71   |       -2451.42   |        8.70773   |   13:09:06   |   02:03:14   |


Iter        |      Posterior   |     Likelihood   |          Prior   |    elapsed   |        ETA   |
----------------------------------------------------------------------------------------------------
10380       |       -2446.14   |       -2455.52   |        9.37657   |   13:09:23   |   02:03:11   |
10381       |       -2445.37   |       -2453.74   |        8.36387   |   13:12:09   |   02:03:32   |
10382       |       -2446.49   |       -2454.85   |        8.36185   |   13:12:28   |   02:03:30   |
10383       |       -2444.79   |       -2453.18   |         8.3876   |   13:12:47   |   02:03:27   |
10384       |       -2446.57   |       -2454.94   |        8.36977   |   13:13:06   |   02:03:25   |
10385       |       -2444.94   |       -2453.79   |        8.84324   |   13:13:25   |   02:03:23   |
10386       |       -2445.08   |       -2453.99   |        8.90636   |   13:13:44   |   02:03:20   |
10387       |       -2443.19   |       -2453.61   |        10.4163   |   13:14:02   |   02:03:18   |
10388       |       -2444.65   |       -2455.04   |        10.3902   |   13:14:20   |   02:03:15   |
10389       |       -2445.83   |        -2456.9   |        11.0632   |   13:14:39   |   02:03:13   |
10390       |       -2444.08   |       -2455.14   |        11.0598   |   13:14:57   |   02:03:10   |
10391       |       -2444.93   |       -2455.92   |        10.9908   |   13:17:59   |   02:03:33   |
10392       |       -2442.93   |       -2453.79   |        10.8527   |   13:18:18   |   02:03:31   |
10393       |        -2443.7   |       -2455.55   |        11.8518   |   13:18:37   |   02:03:29   |
10394       |       -2444.23   |       -2455.07   |        10.8394   |   13:18:56   |   02:03:26   |
10395       |       -2442.52   |       -2453.13   |        10.6118   |   13:19:15   |   02:03:24   |
10396       |       -2443.82   |       -2455.29   |        11.4702   |   13:19:32   |   02:03:21   |
10397       |       -2444.76   |       -2456.53   |        11.7695   |   13:19:51   |   02:03:19   |
10398       |       -2444.89   |       -2456.39   |        11.5021   |   13:20:10   |   02:03:16   |
10399       |       -2444.31   |        -2455.3   |        10.9892   |   13:20:29   |   02:03:14   |


Iter        |      Posterior   |     Likelihood   |          Prior   |    elapsed   |        ETA   |
----------------------------------------------------------------------------------------------------
10400       |       -2445.08   |       -2456.63   |        11.5546   |   13:20:48   |   02:03:12   |
10401       |       -2444.65   |        -2456.1   |        11.4496   |   13:23:52   |   02:03:34   |
10402       |       -2443.41   |       -2454.85   |        11.4413   |   13:24:11   |   02:03:32   |
10403       |       -2443.41   |       -2454.85   |        11.4413   |   13:24:30   |   02:03:30   |
10404       |       -2443.91   |       -2455.52   |          11.61   |   13:24:49   |   02:03:27   |
10405       |       -2446.35   |       -2458.15   |        11.7978   |   13:25:08   |   02:03:25   |
10406       |       -2446.29   |       -2458.09   |        11.7978   |   13:25:27   |   02:03:22   |
10407       |       -2445.48   |       -2456.39   |         10.918   |   13:25:45   |   02:03:20   |
10408       |       -2446.56   |       -2457.75   |        11.1847   |   13:26:04   |   02:03:17   |
10409       |       -2446.84   |       -2458.04   |        11.1973   |   13:26:21   |   02:03:14   |
10410       |       -2448.32   |       -2459.33   |         11.009   |   13:26:40   |   02:03:12   |
10411       |       -2445.36   |       -2456.46   |        11.0998   |   13:29:45   |   02:03:35   |
10412       |       -2446.09   |       -2457.04   |        10.9427   |   13:30:03   |   02:03:32   |
10413       |       -2445.89   |       -2456.81   |        10.9272   |   13:30:22   |   02:03:30   |
10414       |       -2447.83   |       -2458.75   |        10.9213   |   13:30:40   |   02:03:27   |
10415       |       -2444.82   |        -2455.6   |        10.7751   |   13:30:59   |   02:03:25   |
10416       |        -2443.8   |       -2454.53   |        10.7307   |   13:31:18   |   02:03:22   |
10417       |        -2443.8   |       -2454.53   |         10.738   |   13:31:37   |   02:03:20   |
10418       |       -2445.21   |       -2455.96   |        10.7468   |   13:31:56   |   02:03:17   |
10419       |       -2447.38   |       -2458.12   |        10.7412   |   13:32:15   |   02:03:15   |


Iter        |      Posterior   |     Likelihood   |          Prior   |    elapsed   |        ETA   |
----------------------------------------------------------------------------------------------------
10420       |       -2447.55   |       -2458.29   |        10.7316   |   13:32:34   |   02:03:12   |
10421       |       -2445.74   |       -2456.49   |          10.75   |   13:35:37   |   02:03:34   |
10422       |       -2445.63   |       -2456.15   |        10.5122   |   13:35:56   |   02:03:32   |
10423       |       -2446.11   |       -2455.83   |        9.72209   |   13:36:15   |   02:03:29   |
10424       |       -2444.59   |        -2455.1   |         10.508   |   13:36:33   |   02:03:27   |
10425       |       -2445.12   |       -2455.82   |        10.7013   |   13:36:49   |   02:03:24   |
10426       |       -2446.06   |       -2456.74   |        10.6817   |   13:37:06   |   02:03:21   |
10427       |       -2444.09   |       -2453.59   |        9.49361   |   13:37:23   |   02:03:18   |
10428       |       -2444.16   |       -2453.65   |        9.49518   |   13:37:40   |   02:03:15   |
10429       |       -2443.58   |       -2453.17   |        9.59012   |   13:37:57   |   02:03:12   |
10430       |       -2444.49   |       -2453.59   |        9.10037   |   13:38:15   |   02:03:10   |
10431       |       -2446.78   |       -2455.89   |         9.1091   |   13:40:58   |   02:03:29   |
10432       |       -2446.13   |       -2455.03   |        8.90272   |   13:41:17   |   02:03:26   |
10433       |       -2446.52   |        -2455.4   |        8.88702   |   13:41:36   |   02:03:24   |
10434       |       -2444.69   |       -2453.59   |        8.89303   |   13:41:55   |   02:03:21   |
10435       |       -2444.69   |       -2453.59   |        8.89303   |   13:42:14   |   02:03:18   |
10436       |       -2442.61   |       -2450.13   |        7.52157   |   13:42:33   |   02:03:16   |
10437       |       -2443.68   |        -2451.2   |        7.51597   |   13:42:52   |   02:03:13   |
10438       |        -2443.3   |       -2451.38   |        8.07599   |   13:43:11   |   02:03:11   |
10439       |       -2443.42   |       -2451.62   |        8.19215   |   13:43:29   |   02:03:08   |


Iter        |      Posterior   |     Likelihood   |          Prior   |    elapsed   |        ETA   |
----------------------------------------------------------------------------------------------------
10440       |       -2443.42   |       -2451.62   |        8.19215   |   13:43:47   |   02:03:05   |
10441       |       -2443.31   |        -2451.5   |        8.19245   |   13:46:47   |   02:03:27   |
10442       |       -2446.55   |       -2454.96   |        8.40971   |   13:47:06   |   02:03:24   |
10443       |       -2445.07   |       -2453.72   |        8.64799   |   13:47:25   |   02:03:21   |
10444       |       -2444.34   |       -2452.98   |        8.64546   |   13:47:44   |   02:03:19   |
10445       |       -2446.48   |       -2454.77   |        8.28948   |   13:48:02   |   02:03:16   |
10446       |       -2448.64   |       -2456.33   |        7.68491   |   13:48:21   |   02:03:13   |
10447       |       -2445.81   |       -2453.51   |        7.70285   |   13:48:39   |   02:03:10   |
10448       |       -2443.65   |       -2451.34   |        7.69435   |   13:48:57   |   02:03:08   |
10449       |       -2443.23   |       -2450.93   |        7.70029   |   13:49:16   |   02:03:05   |
10450       |       -2443.64   |       -2450.92   |        7.28005   |   13:49:35   |   02:03:02   |
10451       |       -2444.24   |       -2451.12   |        6.87122   |   13:52:39   |   02:03:24   |
10452       |       -2444.04   |       -2450.93   |        6.88284   |   13:52:58   |   02:03:22   |
10453       |       -2446.52   |        -2453.4   |         6.8826   |   13:53:17   |   02:03:19   |
10454       |       -2450.29   |       -2456.77   |        6.48247   |   13:53:36   |   02:03:16   |
10455       |       -2446.02   |       -2452.53   |        6.50079   |   13:53:55   |   02:03:13   |
10456       |       -2447.09   |        -2453.6   |        6.50508   |   13:54:14   |   02:03:11   |
10457       |       -2451.32   |       -2457.43   |         6.1169   |   13:54:33   |   02:03:08   |
10458       |       -2450.27   |       -2456.88   |        6.61165   |   13:54:52   |   02:03:05   |
10459       |       -2454.18   |       -2460.81   |        6.63072   |   13:55:10   |   02:03:03   |


Iter        |      Posterior   |     Likelihood   |          Prior   |    elapsed   |        ETA   |
----------------------------------------------------------------------------------------------------
10460       |        -2446.8   |       -2455.65   |        8.85011   |   13:55:28   |   02:03:00   |
10461       |       -2446.88   |       -2455.74   |        8.85246   |   13:58:32   |   02:03:21   |
10462       |       -2447.33   |       -2455.89   |        8.55323   |   13:58:51   |   02:03:19   |
10463       |       -2445.92   |       -2454.39   |        8.47108   |   13:59:08   |   02:03:16   |
10464       |       -2444.74   |       -2453.34   |        8.59822   |   13:59:27   |   02:03:13   |
10465       |       -2446.59   |       -2455.52   |        8.92181   |   13:59:46   |   02:03:10   |
10466       |       -2445.15   |       -2454.37   |        9.22136   |   14:00:05   |   02:03:07   |
10467       |       -2444.94   |       -2454.15   |        9.21454   |   14:00:24   |   02:03:05   |
10468       |       -2445.31   |       -2455.13   |        9.81868   |   14:00:43   |   02:03:02   |
10469       |       -2443.47   |       -2453.31   |        9.84803   |   14:01:02   |   02:02:59   |
10470       |       -2443.42   |       -2453.27   |        9.84816   |   14:01:20   |   02:02:56   |
10471       |       -2444.09   |       -2455.11   |        11.0245   |   14:04:25   |   02:03:18   |
10472       |       -2446.89   |       -2457.64   |        10.7499   |   14:04:44   |   02:03:15   |
10473       |       -2446.13   |       -2456.91   |        10.7739   |   14:05:02   |   02:03:12   |
10474       |        -2444.3   |       -2455.44   |        11.1382   |   14:05:21   |   02:03:09   |
10475       |       -2444.99   |       -2455.74   |        10.7556   |   14:05:39   |   02:03:06   |
10476       |          -2443   |        -2453.8   |        10.7995   |   14:05:56   |   02:03:03   |
10477       |       -2445.93   |       -2456.72   |        10.7955   |   14:06:13   |   02:03:00   |
10478       |       -2447.61   |       -2458.35   |        10.7377   |   14:06:30   |   02:02:57   |
10479       |       -2445.33   |       -2456.26   |        10.9322   |   14:06:47   |   02:02:54   |


Iter        |      Posterior   |     Likelihood   |          Prior   |    elapsed   |        ETA   |
----------------------------------------------------------------------------------------------------
10480       |       -2445.64   |        -2456.5   |        10.8565   |   14:07:04   |   02:02:51   |
10481       |          -2446   |       -2456.88   |        10.8791   |   14:09:46   |   02:03:09   |
10482       |       -2446.82   |       -2457.28   |        10.4647   |   14:10:03   |   02:03:06   |
10483       |       -2446.73   |        -2457.2   |        10.4647   |   14:10:22   |   02:03:03   |
10484       |       -2447.64   |       -2458.87   |        11.2327   |   14:10:41   |   02:03:00   |
10485       |       -2445.91   |       -2457.32   |        11.4149   |   14:11:00   |   02:02:57   |
10486       |       -2445.85   |       -2457.27   |        11.4158   |   14:11:19   |   02:02:54   |
10487       |       -2445.91   |        -2457.6   |        11.6915   |   14:11:38   |   02:02:52   |
10488       |       -2445.85   |       -2455.57   |        9.72012   |   14:11:57   |   02:02:49   |
10489       |       -2442.79   |       -2452.53   |        9.73293   |   14:12:16   |   02:02:46   |
10490       |       -2442.49   |       -2453.34   |        10.8458   |   14:12:34   |   02:02:43   |
10491       |       -2446.44   |       -2458.81   |        12.3666   |   14:15:31   |   02:03:03   |
10492       |       -2445.22   |       -2457.52   |        12.2988   |   14:15:49   |   02:03:00   |
10493       |       -2448.15   |       -2460.38   |        12.2302   |   14:16:08   |   02:02:57   |
10494       |        -2445.4   |       -2457.06   |        11.6574   |   14:16:27   |   02:02:54   |
10495       |          -2445   |        -2456.9   |        11.9067   |   14:16:46   |   02:02:51   |
10496       |       -2445.26   |       -2456.98   |        11.7196   |   14:17:04   |   02:02:48   |
10497       |       -2446.14   |       -2457.86   |        11.7226   |   14:17:23   |   02:02:45   |
10498       |       -2446.92   |        -2458.7   |        11.7772   |   14:17:42   |   02:02:42   |
10499       |       -2448.39   |       -2460.15   |        11.7663   |   14:17:59   |   02:02:39   |


Iter        |      Posterior   |     Likelihood   |          Prior   |    elapsed   |        ETA   |
----------------------------------------------------------------------------------------------------
10500       |       -2445.78   |       -2457.56   |        11.7852   |   14:18:17   |   02:02:36   |
10501       |       -2445.56   |       -2457.39   |        11.8265   |   14:21:21   |   02:02:57   |
10502       |       -2446.04   |       -2457.88   |        11.8403   |   14:21:39   |   02:02:54   |
10503       |       -2446.16   |       -2458.46   |        12.2973   |   14:21:57   |   02:02:51   |
10504       |       -2445.06   |       -2457.37   |        12.3066   |   14:22:16   |   02:02:48   |
10505       |       -2445.87   |       -2458.08   |        12.2098   |   14:22:35   |   02:02:45   |
10506       |       -2445.04   |       -2457.42   |        12.3807   |   14:22:54   |   02:02:42   |
10507       |       -2444.57   |       -2456.98   |        12.4071   |   14:23:13   |   02:02:39   |
10508       |       -2445.87   |       -2458.35   |        12.4829   |   14:23:32   |   02:02:36   |
10509       |       -2447.19   |       -2459.46   |        12.2733   |   14:23:50   |   02:02:33   |
10510       |       -2446.97   |       -2459.24   |        12.2754   |   14:24:09   |   02:02:30   |
10511       |       -2447.61   |       -2460.05   |        12.4375   |   14:27:13   |   02:02:51   |
10512       |       -2447.13   |       -2459.57   |        12.4399   |   14:27:32   |   02:02:48   |
10513       |       -2448.27   |       -2460.77   |        12.5021   |   14:27:50   |   02:02:44   |
10514       |       -2446.59   |       -2459.19   |        12.5965   |   14:28:09   |   02:02:42   |
10515       |       -2448.26   |       -2460.88   |        12.6185   |   14:28:26   |   02:02:38   |
10516       |       -2447.45   |       -2459.97   |        12.5242   |   14:28:45   |   02:02:35   |
10517       |       -2446.04   |       -2458.66   |        12.6196   |   14:29:04   |   02:02:32   |
10518       |       -2446.44   |       -2459.05   |        12.6163   |   14:29:23   |   02:02:29   |
10519       |       -2447.47   |       -2460.09   |         12.623   |   14:29:42   |   02:02:26   |


Iter        |      Posterior   |     Likelihood   |          Prior   |    elapsed   |        ETA   |
----------------------------------------------------------------------------------------------------
10520       |       -2446.82   |       -2459.31   |        12.4962   |   14:30:01   |   02:02:23   |
10521       |       -2448.76   |       -2461.25   |         12.488   |   14:33:05   |   02:02:44   |
10522       |       -2450.49   |       -2462.98   |        12.4834   |   14:33:24   |   02:02:41   |
10523       |       -2448.93   |       -2460.94   |        12.0102   |   14:33:43   |   02:02:38   |
10524       |        -2451.1   |       -2461.44   |        10.3481   |   14:34:02   |   02:02:35   |
10525       |       -2451.36   |       -2462.69   |        11.3297   |   14:34:20   |   02:02:31   |
10526       |       -2450.78   |       -2462.11   |        11.3259   |   14:34:39   |   02:02:28   |
10527       |       -2446.89   |       -2458.24   |        11.3539   |   14:34:57   |   02:02:25   |
10528       |       -2448.48   |       -2459.82   |        11.3434   |   14:35:14   |   02:02:22   |
10529       |       -2448.67   |       -2460.25   |        11.5768   |   14:35:31   |   02:02:19   |
10530       |       -2452.37   |       -2463.93   |        11.5583   |   14:35:48   |   02:02:15   |
10531       |       -2454.18   |       -2465.95   |        11.7725   |   14:38:30   |   02:02:32   |
10532       |       -2454.29   |       -2466.07   |        11.7861   |   14:38:47   |   02:02:29   |
10533       |       -2455.35   |       -2467.13   |        11.7827   |   14:39:04   |   02:02:26   |
10534       |       -2451.71   |        -2463.5   |         11.793   |   14:39:21   |   02:02:22   |
10535       |       -2453.65   |       -2465.43   |        11.7808   |   14:39:40   |   02:02:19   |
10536       |       -2452.69   |       -2464.47   |        11.7802   |   14:39:59   |   02:02:16   |
10537       |       -2452.69   |       -2464.47   |        11.7802   |   14:40:18   |   02:02:13   |
10538       |       -2447.64   |       -2458.27   |        10.6306   |   14:40:37   |   02:02:10   |
10539       |       -2449.91   |       -2460.53   |          10.62   |   14:40:55   |   02:02:07   |


Iter        |      Posterior   |     Likelihood   |          Prior   |    elapsed   |        ETA   |
----------------------------------------------------------------------------------------------------
10540       |       -2449.91   |       -2460.53   |          10.62   |   14:41:15   |   02:02:04   |
10541       |       -2449.73   |       -2460.63   |        10.9064   |   14:44:09   |   02:02:22   |
10542       |       -2450.84   |       -2461.47   |         10.627   |   14:44:28   |   02:02:19   |
10543       |       -2449.82   |       -2460.45   |         10.631   |   14:44:47   |   02:02:16   |
10544       |       -2449.86   |        -2460.5   |         10.647   |   14:45:06   |   02:02:13   |
10545       |       -2449.38   |       -2459.82   |        10.4454   |   14:45:25   |   02:02:10   |
10546       |       -2452.06   |       -2463.58   |        11.5177   |   14:45:44   |   02:02:07   |
10547       |       -2449.87   |       -2461.38   |        11.5115   |   14:46:03   |   02:02:03   |
10548       |       -2451.18   |       -2462.72   |        11.5424   |   14:46:22   |   02:02:00   |
10549       |        -2451.9   |       -2463.46   |        11.5559   |   14:46:41   |   02:01:57   |
10550       |       -2448.73   |       -2460.36   |        11.6327   |   14:46:59   |   02:01:54   |
10551       |       -2447.03   |       -2458.52   |        11.4923   |   14:50:03   |   02:02:13   |
10552       |        -2449.7   |       -2461.19   |        11.4826   |   14:50:21   |   02:02:10   |
10553       |       -2449.23   |       -2460.55   |        11.3256   |   14:50:39   |   02:02:07   |
10554       |       -2451.09   |       -2462.41   |        11.3225   |   14:50:57   |   02:02:04   |
10555       |       -2453.26   |       -2463.98   |        10.7254   |   14:51:16   |   02:02:00   |
10556       |       -2452.36   |       -2463.09   |        10.7298   |   14:51:35   |   02:01:57   |
10557       |       -2452.01   |        -2463.1   |        11.0906   |   14:51:54   |   02:01:54   |
10558       |        -2452.9   |       -2464.18   |        11.2869   |   14:52:13   |   02:01:51   |
10559       |       -2451.82   |       -2463.11   |        11.2878   |   14:52:32   |   02:01:48   |


Iter        |      Posterior   |     Likelihood   |          Prior   |    elapsed   |        ETA   |
----------------------------------------------------------------------------------------------------
10560       |       -2448.92   |       -2460.22   |        11.2952   |   14:52:51   |   02:01:45   |
10561       |       -2450.87   |       -2460.84   |        9.97095   |   14:55:54   |   02:02:04   |
10562       |       -2444.09   |       -2454.07   |        9.97471   |   14:56:13   |   02:02:01   |
10563       |       -2444.09   |       -2454.07   |        9.97471   |   14:56:32   |   02:01:57   |
10564       |       -2444.09   |       -2454.07   |        9.97471   |   14:56:51   |   02:01:54   |
10565       |       -2444.09   |       -2454.07   |        9.97471   |   14:57:09   |   02:01:51   |
10566       |       -2444.09   |       -2454.07   |        9.97471   |   14:57:28   |   02:01:48   |
10567       |       -2444.09   |       -2454.07   |        9.97471   |   14:57:45   |   02:01:44   |
10568       |       -2444.74   |       -2454.71   |        9.97401   |   14:58:04   |   02:01:41   |
10569       |       -2444.74   |       -2454.71   |        9.97401   |   14:58:23   |   02:01:38   |
10570       |       -2444.74   |       -2454.71   |        9.97401   |   14:58:42   |   02:01:35   |
10571       |       -2444.74   |       -2454.71   |        9.97401   |   15:01:45   |   02:01:53   |
10572       |       -2444.22   |       -2454.18   |        9.96875   |   15:02:04   |   02:01:50   |
10573       |       -2442.48   |       -2452.45   |        9.97054   |   15:02:23   |   02:01:47   |
10574       |       -2442.48   |       -2452.45   |        9.97054   |   15:02:42   |   02:01:44   |
10575       |       -2442.48   |       -2452.45   |        9.97054   |   15:03:00   |   02:01:40   |
10576       |       -2441.36   |       -2451.33   |        9.97054   |   15:03:19   |   02:01:37   |
10577       |       -2441.72   |       -2451.68   |        9.96125   |   15:03:38   |   02:01:34   |
10578       |       -2441.72   |       -2451.68   |        9.96125   |   15:03:57   |   02:01:31   |
10579       |       -2444.69   |       -2454.64   |        9.95185   |   15:04:15   |   02:01:27   |


Iter        |      Posterior   |     Likelihood   |          Prior   |    elapsed   |        ETA   |
----------------------------------------------------------------------------------------------------
10580       |       -2444.25   |       -2454.19   |        9.94568   |   15:04:32   |   02:01:24   |
10581       |       -2444.25   |       -2454.19   |        9.94568   |   15:07:14   |   02:01:40   |
10582       |       -2444.02   |       -2453.96   |        9.94578   |   15:07:31   |   02:01:36   |
10583       |       -2444.02   |       -2453.96   |        9.94578   |   15:07:48   |   02:01:32   |
10584       |       -2443.25   |       -2452.68   |        9.43221   |   15:08:05   |   02:01:29   |
10585       |        -2443.3   |       -2452.73   |        9.43058   |   15:08:22   |   02:01:25   |
10586       |       -2444.61   |       -2452.47   |        7.86533   |   15:08:40   |   02:01:22   |
10587       |       -2446.13   |       -2454.36   |        8.23607   |   15:08:59   |   02:01:19   |
10588       |       -2443.25   |       -2453.14   |        9.89836   |   15:09:18   |   02:01:15   |
10589       |        -2442.1   |       -2451.56   |        9.45642   |   15:09:37   |   02:01:12   |
10590       |       -2443.88   |       -2453.47   |        9.59724   |   15:09:56   |   02:01:09   |
10591       |       -2444.11   |       -2453.87   |        9.75702   |   15:12:51   |   02:01:26   |
10592       |       -2443.81   |       -2453.62   |        9.81128   |   15:13:10   |   02:01:23   |
10593       |       -2445.14   |       -2452.84   |        7.70009   |   15:13:29   |   02:01:19   |
10594       |        -2445.9   |       -2453.27   |        7.36854   |   15:13:48   |   02:01:16   |
10595       |       -2442.79   |       -2451.12   |        8.32612   |   15:14:07   |   02:01:13   |
10596       |       -2442.76   |       -2451.04   |        8.27993   |   15:14:25   |   02:01:09   |
10597       |       -2442.89   |       -2451.17   |        8.28092   |   15:14:44   |   02:01:06   |
10598       |       -2443.12   |       -2451.42   |        8.30082   |   15:15:03   |   02:01:03   |
10599       |       -2445.74   |       -2454.03   |        8.29279   |   15:15:22   |   02:00:59   |


Iter        |      Posterior   |     Likelihood   |          Prior   |    elapsed   |        ETA   |
----------------------------------------------------------------------------------------------------
10600       |        -2444.7   |       -2453.49   |        8.79455   |   15:15:41   |   02:00:56   |
10601       |       -2442.05   |       -2450.84   |        8.78389   |   15:18:46   |   02:01:14   |
10602       |       -2446.76   |       -2456.24   |        9.48187   |   15:19:05   |   02:01:11   |
10603       |       -2451.16   |       -2460.62   |        9.46802   |   15:19:24   |   02:01:08   |
10604       |       -2446.94   |       -2456.42   |        9.48627   |   15:19:42   |   02:01:04   |
10605       |       -2443.64   |       -2453.31   |        9.66203   |   15:19:59   |   02:01:00   |
10606       |       -2443.44   |       -2453.03   |         9.5835   |   15:20:18   |   02:00:57   |
10607       |       -2441.74   |       -2451.35   |        9.60458   |   15:20:37   |   02:00:54   |
10608       |       -2441.15   |       -2450.65   |         9.5017   |   15:20:56   |   02:00:50   |
10609       |       -2441.15   |       -2450.65   |         9.5017   |   15:21:15   |   02:00:47   |
10610       |        -2441.8   |       -2450.75   |        8.95132   |   15:21:34   |   02:00:43   |
10611       |       -2445.71   |       -2453.31   |        7.59882   |   15:24:38   |   02:01:02   |
10612       |       -2446.88   |       -2454.47   |        7.59013   |   15:24:57   |   02:00:58   |
10613       |       -2444.95   |       -2452.74   |        7.79222   |   15:25:16   |   02:00:55   |
10614       |       -2452.51   |       -2460.25   |        7.74038   |   15:25:34   |   02:00:51   |
10615       |       -2444.21   |       -2453.46   |        9.24532   |   15:25:53   |   02:00:48   |
10616       |       -2442.27   |       -2451.01   |        8.74239   |   15:26:12   |   02:00:44   |
10617       |        -2443.4   |       -2452.15   |        8.75037   |   15:26:30   |   02:00:41   |
10618       |       -2445.73   |       -2454.15   |        8.41516   |   15:26:48   |   02:00:37   |
10619       |       -2442.89   |       -2451.31   |        8.41744   |   15:27:06   |   02:00:34   |


Iter        |      Posterior   |     Likelihood   |          Prior   |    elapsed   |        ETA   |
----------------------------------------------------------------------------------------------------
10620       |       -2442.35   |       -2450.94   |        8.59495   |   15:27:25   |   02:00:30   |
10621       |       -2442.61   |       -2451.39   |        8.78258   |   15:30:28   |   02:00:48   |
10622       |       -2444.68   |       -2453.05   |        8.36374   |   15:30:47   |   02:00:45   |
10623       |       -2444.13   |       -2452.72   |        8.59239   |   15:31:06   |   02:00:41   |
10624       |       -2443.78   |       -2452.71   |           8.93   |   15:31:25   |   02:00:38   |
10625       |       -2445.88   |       -2455.71   |        9.83721   |   15:31:44   |   02:00:34   |
10626       |       -2446.79   |       -2457.99   |        11.2066   |   15:32:03   |   02:00:31   |
10627       |       -2448.08   |       -2459.06   |        10.9828   |   15:32:21   |   02:00:27   |
10628       |       -2449.02   |       -2458.17   |        9.14768   |   15:32:40   |   02:00:24   |
10629       |       -2450.57   |       -2459.71   |        9.13894   |   15:32:59   |   02:00:20   |
10630       |       -2445.83   |          -2455   |        9.16924   |   15:33:17   |   02:00:16   |
10631       |        -2449.2   |       -2458.36   |        9.16253   |   15:36:01   |   02:00:32   |
10632       |       -2448.95   |       -2458.12   |        9.16631   |   15:36:18   |   02:00:28   |
10633       |       -2446.68   |       -2454.83   |        8.15044   |   15:36:35   |   02:00:24   |
10634       |       -2444.41   |       -2452.57   |        8.16017   |   15:36:52   |   02:00:20   |
10635       |       -2445.11   |       -2453.25   |        8.14058   |   15:37:09   |   02:00:16   |
10636       |       -2444.73   |       -2453.29   |        8.56138   |   15:37:26   |   02:00:13   |
10637       |       -2445.34   |       -2453.91   |        8.56159   |   15:37:43   |   02:00:09   |
10638       |       -2442.03   |       -2450.52   |        8.48897   |   15:38:02   |   02:00:05   |
10639       |        -2442.6   |       -2451.01   |         8.4064   |   15:38:20   |   02:00:02   |


Iter        |      Posterior   |     Likelihood   |          Prior   |    elapsed   |        ETA   |
----------------------------------------------------------------------------------------------------
10640       |       -2443.35   |       -2451.76   |        8.41048   |   15:38:39   |   01:59:58   |
10641       |       -2443.47   |       -2452.29   |        8.82008   |   15:41:35   |   02:00:15   |
10642       |       -2442.79   |       -2451.43   |        8.64177   |   15:41:53   |   02:00:11   |
10643       |       -2442.68   |       -2450.95   |        8.27278   |   15:42:11   |   02:00:07   |
10644       |       -2443.45   |       -2451.73   |        8.27625   |   15:42:30   |   02:00:04   |
10645       |       -2442.01   |        -2450.3   |        8.28916   |   15:42:49   |   02:00:00   |
10646       |       -2441.68   |        -2449.7   |        8.01656   |   15:43:08   |   01:59:57   |
10647       |       -2441.73   |       -2449.86   |        8.12132   |   15:43:27   |   01:59:53   |
10648       |       -2441.73   |       -2449.86   |        8.12132   |   15:43:46   |   01:59:49   |
10649       |       -2441.23   |       -2449.37   |        8.13544   |   15:44:05   |   01:59:46   |
10650       |       -2441.51   |       -2449.64   |        8.13137   |   15:44:24   |   01:59:42   |
10651       |       -2441.51   |       -2449.64   |        8.13137   |   15:47:29   |   02:00:00   |
10652       |        -2447.2   |       -2455.53   |        8.32175   |   15:47:48   |   01:59:56   |
10653       |          -2442   |       -2450.41   |        8.40998   |   15:48:07   |   01:59:52   |
10654       |       -2443.95   |       -2452.48   |        8.52992   |   15:48:25   |   01:59:49   |
10655       |       -2442.71   |       -2452.17   |         9.4658   |   15:48:44   |   01:59:45   |
10656       |       -2442.94   |       -2452.47   |        9.53122   |   15:49:03   |   01:59:42   |
10657       |       -2442.94   |       -2452.47   |        9.53122   |   15:49:22   |   01:59:38   |
10658       |       -2442.94   |       -2452.47   |        9.53122   |   15:49:41   |   01:59:34   |
10659       |       -2442.91   |       -2451.81   |        8.89849   |   15:49:59   |   01:59:30   |


Iter        |      Posterior   |     Likelihood   |          Prior   |    elapsed   |        ETA   |
----------------------------------------------------------------------------------------------------
10660       |        -2442.7   |       -2451.61   |        8.91284   |   15:50:18   |   01:59:27   |
10661       |        -2442.8   |       -2451.71   |        8.91284   |   15:53:23   |   01:59:44   |
10662       |       -2445.05   |       -2454.99   |        9.93222   |   15:53:42   |   01:59:40   |
10663       |       -2443.86   |       -2453.92   |        10.0566   |   15:54:01   |   01:59:37   |
10664       |       -2445.36   |       -2454.82   |        9.46568   |   15:54:19   |   01:59:33   |
10665       |       -2445.95   |       -2455.46   |        9.51739   |   15:54:38   |   01:59:29   |
10666       |       -2446.52   |       -2456.75   |        10.2234   |   15:54:58   |   01:59:26   |
10667       |       -2450.31   |       -2460.53   |        10.2237   |   15:55:17   |   01:59:22   |
10668       |       -2446.46   |       -2456.23   |        9.77409   |   15:55:35   |   01:59:18   |
10669       |       -2443.87   |       -2453.39   |        9.51877   |   15:55:54   |   01:59:15   |
10670       |       -2444.63   |       -2454.34   |         9.7101   |   15:56:13   |   01:59:11   |
10671       |       -2447.22   |       -2456.92   |        9.70439   |   15:59:17   |   01:59:28   |
10672       |       -2446.68   |        -2457.6   |        10.9113   |   15:59:36   |   01:59:24   |
10673       |       -2445.43   |       -2454.67   |        9.23777   |   15:59:55   |   01:59:20   |
10674       |       -2444.84   |       -2453.71   |        8.87165   |   16:00:13   |   01:59:17   |
10675       |       -2448.82   |       -2457.77   |        8.95067   |   16:00:32   |   01:59:13   |
10676       |       -2443.49   |          -2452   |         8.5128   |   16:00:51   |   01:59:09   |
10677       |       -2444.39   |          -2453   |        8.60794   |   16:01:10   |   01:59:05   |
10678       |       -2442.33   |       -2449.43   |        7.09469   |   16:01:29   |   01:59:02   |
10679       |       -2445.75   |       -2452.84   |        7.08968   |   16:01:48   |   01:58:58   |


Iter        |      Posterior   |     Likelihood   |          Prior   |    elapsed   |        ETA   |
----------------------------------------------------------------------------------------------------
10680       |       -2441.21   |       -2449.95   |        8.74106   |   16:02:07   |   01:58:54   |
10681       |        -2443.4   |       -2452.13   |        8.72359   |   16:05:07   |   01:59:10   |
10682       |       -2444.52   |       -2453.24   |        8.72159   |   16:05:26   |   01:59:07   |
10683       |       -2446.81   |       -2455.46   |        8.65854   |   16:05:43   |   01:59:03   |
10684       |       -2443.39   |       -2451.97   |        8.57282   |   16:06:02   |   01:58:59   |
10685       |       -2443.83   |        -2452.7   |        8.86795   |   16:06:20   |   01:58:55   |
10686       |       -2442.32   |       -2451.33   |        9.01326   |   16:06:39   |   01:58:51   |
10687       |       -2443.73   |       -2452.76   |        9.03985   |   16:06:57   |   01:58:47   |
10688       |       -2443.84   |       -2452.86   |        9.02494   |   16:07:16   |   01:58:44   |
10689       |       -2444.54   |       -2452.56   |        8.02176   |   16:07:34   |   01:58:40   |
10690       |       -2442.24   |       -2451.99   |        9.74097   |   16:07:53   |   01:58:36   |
10691       |       -2445.87   |       -2454.89   |        9.01718   |   16:10:53   |   01:58:52   |
10692       |       -2446.53   |       -2455.54   |        9.01488   |   16:11:12   |   01:58:48   |
10693       |       -2446.43   |       -2455.35   |        8.91601   |   16:11:30   |   01:58:44   |
10694       |       -2446.33   |       -2456.89   |        10.5534   |   16:11:48   |   01:58:40   |
10695       |       -2448.58   |       -2459.11   |        10.5285   |   16:12:06   |   01:58:36   |
10696       |        -2447.2   |        -2457.7   |        10.5092   |   16:12:25   |   01:58:33   |
10697       |       -2446.95   |       -2456.61   |        9.66604   |   16:12:43   |   01:58:29   |
10698       |       -2447.62   |        -2457.3   |        9.68227   |   16:13:02   |   01:58:25   |
10699       |       -2447.29   |       -2457.59   |        10.2987   |   16:13:20   |   01:58:21   |


Iter        |      Posterior   |     Likelihood   |          Prior   |    elapsed   |        ETA   |
----------------------------------------------------------------------------------------------------
10700       |       -2448.56   |       -2458.85   |        10.2889   |   16:13:39   |   01:58:17   |
10701       |       -2445.35   |       -2455.59   |        10.2441   |   16:16:38   |   01:58:33   |
10702       |       -2444.15   |        -2454.4   |         10.248   |   16:16:56   |   01:58:29   |
10703       |       -2444.15   |        -2454.4   |         10.248   |   16:17:15   |   01:58:25   |
10704       |       -2448.44   |       -2458.66   |        10.2168   |   16:17:33   |   01:58:21   |
10705       |       -2443.53   |       -2453.77   |        10.2359   |   16:17:51   |   01:58:17   |
10706       |       -2445.55   |       -2455.46   |        9.90804   |   16:18:10   |   01:58:13   |
10707       |       -2445.93   |       -2455.83   |         9.8998   |   16:18:28   |   01:58:09   |
10708       |        -2445.5   |       -2455.05   |        9.55175   |   16:18:46   |   01:58:05   |
10709       |       -2443.47   |       -2452.41   |        8.93889   |   16:19:05   |   01:58:01   |
10710       |       -2443.37   |       -2453.46   |        10.0831   |   16:19:24   |   01:57:58   |
10711       |       -2447.16   |       -2457.24   |        10.0748   |   16:22:25   |   01:58:13   |
10712       |       -2443.94   |       -2453.46   |        9.51661   |   16:22:43   |   01:58:09   |
10713       |       -2444.64   |       -2454.15   |        9.51029   |   16:23:02   |   01:58:05   |
10714       |       -2443.87   |       -2453.51   |        9.63571   |   16:23:20   |   01:58:01   |
10715       |       -2444.56   |       -2454.55   |        9.98801   |   16:23:38   |   01:57:57   |
10716       |       -2445.44   |       -2455.06   |        9.61528   |   16:23:57   |   01:57:53   |
10717       |       -2445.74   |       -2455.57   |        9.83849   |   16:24:15   |   01:57:49   |
10718       |       -2446.27   |       -2455.89   |        9.62445   |   16:24:34   |   01:57:45   |
10719       |       -2444.65   |       -2454.48   |        9.83756   |   16:24:52   |   01:57:41   |


Iter        |      Posterior   |     Likelihood   |          Prior   |    elapsed   |        ETA   |
----------------------------------------------------------------------------------------------------
10720       |       -2445.89   |       -2455.73   |        9.83614   |   16:25:11   |   01:57:38   |
10721       |       -2445.06   |       -2454.38   |         9.3184   |   16:28:06   |   01:57:52   |
10722       |        -2445.1   |       -2454.59   |        9.48859   |   16:28:23   |   01:57:48   |
10723       |       -2445.22   |       -2454.71   |        9.48682   |   16:28:41   |   01:57:44   |
10724       |       -2445.15   |       -2452.75   |        7.59526   |   16:28:57   |   01:57:40   |
10725       |       -2445.64   |       -2453.71   |        8.07041   |   16:29:14   |   01:57:36   |
10726       |       -2453.15   |       -2462.46   |        9.30574   |   16:29:31   |   01:57:31   |
10727       |        -2449.1   |       -2458.41   |        9.30972   |   16:29:48   |   01:57:27   |
10728       |       -2448.61   |       -2458.17   |        9.55766   |   16:30:05   |   01:57:23   |
10729       |       -2449.73   |       -2459.29   |        9.56437   |   16:30:22   |   01:57:19   |
10730       |       -2447.83   |       -2457.28   |          9.458   |   16:30:39   |   01:57:15   |
10731       |       -2448.43   |       -2457.88   |        9.45452   |   16:33:34   |   01:57:29   |
10732       |       -2450.81   |       -2460.26   |        9.45296   |   16:33:53   |   01:57:25   |
10733       |       -2447.28   |       -2454.83   |        7.55003   |   16:34:11   |   01:57:21   |
10734       |       -2450.22   |       -2457.47   |        7.24141   |   16:34:29   |   01:57:17   |
10735       |        -2444.1   |       -2451.35   |        7.25607   |   16:34:47   |   01:57:13   |
10736       |        -2446.7   |       -2452.53   |        5.83325   |   16:35:05   |   01:57:09   |
10737       |       -2446.82   |       -2454.91   |        8.09151   |   16:35:23   |   01:57:05   |
10738       |        -2444.2   |       -2451.64   |        7.43595   |   16:35:42   |   01:57:01   |
10739       |       -2444.66   |       -2452.86   |        8.19846   |   16:36:00   |   01:56:57   |


Iter        |      Posterior   |     Likelihood   |          Prior   |    elapsed   |        ETA   |
----------------------------------------------------------------------------------------------------
10740       |       -2444.85   |       -2453.05   |        8.19983   |   16:36:19   |   01:56:53   |
10741       |       -2443.36   |        -2450.7   |        7.33343   |   16:39:22   |   01:57:08   |
10742       |       -2442.31   |       -2451.26   |        8.95683   |   16:39:41   |   01:57:04   |
10743       |       -2443.96   |       -2452.98   |         9.0233   |   16:40:00   |   01:57:00   |
10744       |       -2442.95   |       -2451.98   |        9.02585   |   16:40:19   |   01:56:56   |
10745       |       -2446.12   |       -2454.36   |        8.23947   |   16:40:38   |   01:56:52   |
10746       |       -2444.74   |       -2452.99   |        8.25047   |   16:40:56   |   01:56:48   |
10747       |       -2445.96   |       -2454.19   |        8.23456   |   16:41:15   |   01:56:44   |
10748       |       -2445.35   |       -2453.59   |         8.2398   |   16:41:34   |   01:56:40   |
10749       |       -2444.74   |       -2452.83   |        8.08451   |   16:41:53   |   01:56:36   |
10750       |       -2448.77   |       -2458.79   |        10.0173   |   16:42:12   |   01:56:32   |
10751       |       -2445.91   |       -2456.11   |        10.1994   |   16:45:15   |   01:56:47   |
10752       |       -2445.97   |       -2454.73   |        8.75768   |   16:45:34   |   01:56:43   |
10753       |       -2446.62   |       -2455.38   |         8.7525   |   16:45:52   |   01:56:38   |
10754       |       -2446.79   |       -2455.52   |        8.73474   |   16:46:11   |   01:56:34   |
10755       |       -2443.55   |        -2452.3   |        8.74616   |   16:46:28   |   01:56:30   |
10756       |       -2442.03   |       -2451.51   |        9.48054   |   16:46:47   |   01:56:26   |
10757       |       -2442.26   |       -2451.65   |        9.39783   |   16:47:06   |   01:56:22   |
10758       |       -2442.65   |       -2451.99   |        9.34335   |   16:47:25   |   01:56:18   |
10759       |       -2444.45   |       -2455.28   |        10.8349   |   16:47:43   |   01:56:14   |


Iter        |      Posterior   |     Likelihood   |          Prior   |    elapsed   |        ETA   |
----------------------------------------------------------------------------------------------------
10760       |       -2444.59   |       -2453.95   |        9.36087   |   16:48:02   |   01:56:10   |
10761       |       -2444.08   |       -2453.45   |        9.36825   |   16:51:06   |   01:56:24   |
10762       |          -2444   |       -2453.36   |        9.36868   |   16:51:25   |   01:56:20   |
10763       |       -2444.65   |       -2453.59   |        8.94085   |   16:51:44   |   01:56:16   |
10764       |       -2447.13   |       -2455.86   |        8.72727   |   16:52:03   |   01:56:12   |
10765       |        -2445.2   |       -2454.03   |        8.83296   |   16:52:22   |   01:56:08   |
10766       |        -2444.8   |        -2454.1   |        9.30363   |   16:52:40   |   01:56:04   |
10767       |       -2449.43   |       -2459.55   |        10.1214   |   16:52:59   |   01:56:00   |
10768       |       -2445.58   |       -2455.87   |        10.2974   |   16:53:18   |   01:55:56   |
10769       |       -2447.62   |       -2457.43   |        9.80514   |   16:53:37   |   01:55:51   |
10770       |       -2445.62   |       -2454.94   |        9.32562   |   16:53:56   |   01:55:47   |
10771       |          -2446   |       -2455.44   |        9.43652   |   16:56:58   |   01:56:02   |
10772       |       -2445.72   |       -2454.94   |        9.21585   |   16:57:16   |   01:55:58   |
10773       |       -2445.55   |       -2454.77   |         9.2177   |   16:57:35   |   01:55:53   |
10774       |       -2443.94   |       -2453.05   |        9.11152   |   16:57:53   |   01:55:49   |
10775       |       -2443.75   |       -2452.86   |         9.1056   |   16:58:12   |   01:55:45   |
10776       |       -2445.45   |       -2454.81   |        9.35503   |   16:58:30   |   01:55:41   |
10777       |       -2443.84   |       -2453.11   |         9.2615   |   16:58:49   |   01:55:37   |
10778       |        -2446.6   |       -2455.61   |        9.01408   |   16:59:07   |   01:55:32   |
10779       |       -2443.46   |       -2453.17   |        9.71764   |   16:59:26   |   01:55:28   |


Iter        |      Posterior   |     Likelihood   |          Prior   |    elapsed   |        ETA   |
----------------------------------------------------------------------------------------------------
10780       |       -2442.25   |       -2451.39   |        9.13962   |   16:59:42   |   01:55:24   |
10781       |       -2443.66   |       -2451.52   |        7.86118   |   17:02:24   |   01:55:36   |
10782       |        -2442.9   |       -2451.23   |        8.33199   |   17:02:41   |   01:55:31   |
10783       |       -2443.85   |       -2452.16   |        8.30702   |   17:02:58   |   01:55:27   |
10784       |       -2445.01   |       -2453.31   |        8.29787   |   17:03:15   |   01:55:22   |
10785       |       -2443.06   |       -2451.38   |        8.31843   |   17:03:32   |   01:55:18   |
10786       |       -2443.05   |       -2451.66   |        8.60534   |   17:03:50   |   01:55:14   |
10787       |       -2443.64   |       -2452.25   |        8.60534   |   17:04:09   |   01:55:09   |
10788       |       -2443.64   |       -2452.25   |        8.60534   |   17:04:28   |   01:55:05   |
10789       |       -2443.64   |       -2452.25   |        8.60534   |   17:04:47   |   01:55:01   |
10790       |       -2445.41   |       -2455.03   |        9.62628   |   17:05:06   |   01:54:57   |
10791       |       -2444.21   |       -2453.86   |        9.64768   |   17:08:00   |   01:55:10   |
10792       |       -2443.73   |       -2453.73   |        10.0046   |   17:08:18   |   01:55:06   |
10793       |          -2444   |        -2454.2   |        10.2023   |   17:08:37   |   01:55:01   |
10794       |       -2444.04   |        -2454.3   |        10.2543   |   17:08:56   |   01:54:57   |
10795       |       -2443.56   |       -2453.82   |        10.2577   |   17:09:15   |   01:54:53   |
10796       |       -2442.97   |       -2452.94   |        9.97512   |   17:09:34   |   01:54:49   |
10797       |       -2443.82   |       -2454.07   |        10.2501   |   17:09:52   |   01:54:44   |
10798       |       -2445.84   |       -2455.95   |        10.1052   |   17:10:11   |   01:54:40   |
10799       |       -2445.08   |        -2455.4   |        10.3204   |   17:10:30   |   01:54:36   |


Iter        |      Posterior   |     Likelihood   |          Prior   |    elapsed   |        ETA   |
----------------------------------------------------------------------------------------------------
10800       |       -2442.73   |       -2453.06   |        10.3287   |   17:10:49   |   01:54:32   |
10801       |       -2442.76   |       -2453.21   |        10.4456   |   17:13:54   |   01:54:46   |
10802       |       -2445.88   |       -2456.32   |        10.4406   |   17:14:12   |   01:54:41   |
10803       |       -2443.97   |       -2454.38   |        10.4137   |   17:14:31   |   01:54:37   |
10804       |       -2444.21   |       -2454.03   |        9.81732   |   17:14:50   |   01:54:33   |
10805       |       -2442.66   |       -2452.48   |        9.82203   |   17:15:08   |   01:54:28   |
10806       |       -2443.08   |       -2452.89   |        9.81508   |   17:15:25   |   01:54:24   |
10807       |       -2442.68   |       -2453.27   |        10.5909   |   17:15:44   |   01:54:20   |
10808       |       -2442.26   |       -2452.86   |        10.6052   |   17:16:03   |   01:54:15   |
10809       |       -2442.05   |       -2452.66   |         10.606   |   17:16:22   |   01:54:11   |
10810       |       -2443.85   |       -2454.46   |        10.6088   |   17:16:41   |   01:54:07   |
10811       |       -2442.23   |       -2452.84   |        10.6098   |   17:19:45   |   01:54:21   |
10812       |       -2442.02   |       -2452.79   |        10.7683   |   17:20:04   |   01:54:16   |
10813       |       -2442.14   |       -2453.12   |        10.9734   |   17:20:23   |   01:54:12   |
10814       |       -2444.58   |       -2456.13   |         11.556   |   17:20:42   |   01:54:08   |
10815       |       -2446.13   |       -2458.16   |         12.028   |   17:21:01   |   01:54:03   |
10816       |       -2446.34   |       -2458.31   |        11.9672   |   17:21:19   |   01:53:59   |
10817       |       -2446.74   |        -2458.7   |        11.9613   |   17:21:38   |   01:53:55   |
10818       |       -2445.74   |        -2457.5   |        11.7603   |   17:21:57   |   01:53:50   |
10819       |       -2447.37   |       -2459.36   |        11.9877   |   17:22:14   |   01:53:46   |


Iter        |      Posterior   |     Likelihood   |          Prior   |    elapsed   |        ETA   |
----------------------------------------------------------------------------------------------------
10820       |       -2448.71   |       -2460.71   |        11.9959   |   17:22:33   |   01:53:41   |
10821       |       -2450.02   |       -2462.58   |        12.5629   |   17:25:37   |   01:53:55   |
10822       |       -2448.74   |       -2461.29   |        12.5561   |   17:25:56   |   01:53:51   |
10823       |       -2449.25   |       -2461.74   |        12.4919   |   17:26:15   |   01:53:46   |
10824       |       -2446.22   |       -2458.73   |        12.5108   |   17:26:34   |   01:53:42   |
10825       |       -2446.49   |          -2459   |        12.5103   |   17:26:52   |   01:53:37   |
10826       |       -2446.83   |       -2459.19   |        12.3592   |   17:27:11   |   01:53:33   |
10827       |       -2445.61   |       -2457.57   |        11.9569   |   17:27:30   |   01:53:29   |
10828       |       -2448.15   |       -2460.35   |        12.1983   |   17:27:49   |   01:53:24   |
10829       |       -2446.56   |       -2459.25   |        12.6854   |   17:28:08   |   01:53:20   |
10830       |       -2448.52   |       -2461.22   |        12.6965   |   17:28:26   |   01:53:15   |
10831       |       -2449.54   |       -2461.46   |        11.9151   |   17:31:11   |   01:53:27   |
10832       |       -2448.02   |       -2459.98   |        11.9625   |   17:31:28   |   01:53:22   |
10833       |       -2448.94   |       -2461.59   |        12.6521   |   17:31:45   |   01:53:18   |
10834       |       -2448.68   |       -2461.33   |        12.6557   |   17:32:02   |   01:53:13   |
10835       |       -2446.82   |        -2459.1   |        12.2818   |   17:32:19   |   01:53:08   |
10836       |       -2447.67   |       -2458.66   |        10.9903   |   17:32:36   |   01:53:04   |
10837       |       -2444.93   |       -2455.65   |        10.7204   |   17:32:53   |   01:52:59   |
10838       |       -2445.03   |       -2455.75   |        10.7185   |   17:33:11   |   01:52:55   |
10839       |        -2444.6   |       -2454.95   |        10.3502   |   17:33:29   |   01:52:50   |


Iter        |      Posterior   |     Likelihood   |          Prior   |    elapsed   |        ETA   |
----------------------------------------------------------------------------------------------------
10840       |       -2443.32   |       -2453.67   |        10.3577   |   17:33:48   |   01:52:46   |
10841       |       -2444.93   |       -2455.28   |        10.3415   |   17:36:45   |   01:52:58   |
10842       |       -2445.23   |       -2455.57   |        10.3408   |   17:37:02   |   01:52:53   |
10843       |       -2443.75   |       -2454.12   |        10.3631   |   17:37:21   |   01:52:49   |
10844       |       -2445.14   |       -2455.51   |        10.3607   |   17:37:39   |   01:52:44   |
10845       |       -2443.67   |       -2454.05   |        10.3759   |   17:37:58   |   01:52:40   |
10846       |       -2447.14   |       -2457.51   |        10.3711   |   17:38:17   |   01:52:35   |
10847       |       -2446.17   |       -2456.46   |        10.2963   |   17:38:35   |   01:52:31   |
10848       |       -2444.37   |        -2454.7   |        10.3333   |   17:38:54   |   01:52:26   |
10849       |       -2443.49   |       -2453.27   |        9.77271   |   17:39:13   |   01:52:22   |
10850       |       -2442.96   |       -2452.49   |        9.53306   |   17:39:32   |   01:52:18   |
10851       |       -2443.09   |       -2452.62   |        9.52966   |   17:42:35   |   01:52:30   |
10852       |       -2443.36   |       -2452.89   |        9.53149   |   17:42:54   |   01:52:26   |
10853       |       -2443.58   |       -2453.08   |        9.50578   |   17:43:13   |   01:52:21   |
10854       |       -2446.95   |       -2456.46   |        9.50391   |   17:43:32   |   01:52:17   |
10855       |       -2445.03   |       -2454.61   |        9.57317   |   17:43:51   |   01:52:12   |
10856       |       -2445.55   |       -2455.11   |        9.55909   |   17:44:09   |   01:52:08   |
10857       |       -2445.47   |       -2455.29   |        9.82361   |   17:44:27   |   01:52:03   |
10858       |       -2448.31   |       -2458.12   |        9.80909   |   17:44:45   |   01:51:59   |
10859       |       -2448.16   |       -2457.98   |        9.82184   |   17:45:04   |   01:51:54   |


Iter        |      Posterior   |     Likelihood   |          Prior   |    elapsed   |        ETA   |
----------------------------------------------------------------------------------------------------
10860       |       -2444.59   |       -2454.42   |        9.83394   |   17:45:23   |   01:51:50   |
10861       |       -2444.15   |       -2454.37   |        10.2204   |   17:48:26   |   01:52:02   |
10862       |       -2444.02   |       -2454.34   |        10.3209   |   17:48:45   |   01:51:58   |
10863       |       -2445.77   |       -2456.45   |        10.6776   |   17:49:04   |   01:51:53   |
10864       |       -2444.61   |       -2453.56   |        8.94288   |   17:49:23   |   01:51:49   |
10865       |       -2445.21   |       -2454.17   |        8.96211   |   17:49:42   |   01:51:44   |
10866       |       -2450.27   |       -2459.18   |        8.90488   |   17:50:00   |   01:51:40   |
10867       |       -2450.24   |       -2459.14   |        8.90488   |   17:50:19   |   01:51:35   |
10868       |       -2449.47   |       -2458.38   |        8.90839   |   17:50:38   |   01:51:30   |
10869       |       -2446.14   |       -2455.39   |        9.25655   |   17:50:56   |   01:51:26   |
10870       |       -2445.07   |       -2454.33   |         9.2589   |   17:51:15   |   01:51:21   |
10871       |       -2445.31   |       -2453.09   |        7.78899   |   17:54:19   |   01:51:34   |
10872       |       -2444.87   |        -2450.6   |        5.73608   |   17:54:38   |   01:51:29   |
10873       |       -2447.46   |       -2454.05   |        6.58432   |   17:54:55   |   01:51:24   |
10874       |       -2445.96   |       -2452.54   |         6.5843   |   17:55:14   |   01:51:20   |
10875       |       -2444.78   |       -2451.37   |        6.59353   |   17:55:33   |   01:51:15   |
10876       |       -2447.43   |       -2454.04   |        6.60601   |   17:55:52   |   01:51:11   |
10877       |       -2444.49   |       -2450.98   |        6.49595   |   17:56:10   |   01:51:06   |
10878       |       -2446.47   |       -2453.77   |        7.30385   |   17:56:29   |   01:51:01   |
10879       |       -2444.63   |       -2451.97   |        7.34269   |   17:56:48   |   01:50:57   |


Iter        |      Posterior   |     Likelihood   |          Prior   |    elapsed   |        ETA   |
----------------------------------------------------------------------------------------------------
10880       |       -2444.26   |       -2451.86   |         7.6029   |   17:57:07   |   01:50:52   |
10881       |       -2445.52   |       -2453.32   |        7.80191   |   17:59:56   |   01:51:03   |
10882       |       -2447.97   |        -2455.6   |        7.62225   |   18:00:13   |   01:50:58   |
10883       |       -2449.08   |       -2456.71   |        7.63101   |   18:00:30   |   01:50:53   |
10884       |       -2448.17   |       -2455.78   |        7.60915   |   18:00:47   |   01:50:49   |
10885       |       -2448.12   |       -2455.74   |        7.62064   |   18:01:04   |   01:50:44   |
10886       |       -2443.72   |       -2451.14   |        7.41693   |   18:01:21   |   01:50:39   |
10887       |       -2444.38   |       -2452.81   |        8.43476   |   18:01:38   |   01:50:34   |
10888       |       -2446.16   |       -2454.59   |        8.43527   |   18:01:55   |   01:50:29   |
10889       |       -2446.16   |       -2454.59   |        8.43527   |   18:02:12   |   01:50:24   |
10890       |       -2443.81   |       -2452.26   |        8.44656   |   18:02:30   |   01:50:20   |
10891       |       -2444.94   |       -2453.25   |        8.30701   |   18:05:28   |   01:50:31   |
10892       |          -2444   |       -2450.71   |        6.70951   |   18:05:46   |   01:50:27   |
10893       |       -2446.56   |       -2453.26   |        6.70764   |   18:06:05   |   01:50:22   |
10894       |       -2444.86   |       -2451.85   |        6.99689   |   18:06:22   |   01:50:17   |
10895       |       -2444.66   |       -2451.84   |        7.17864   |   18:06:41   |   01:50:12   |
10896       |       -2444.37   |       -2451.54   |        7.17417   |   18:06:59   |   01:50:08   |
10897       |        -2443.6   |       -2450.68   |        7.08093   |   18:07:18   |   01:50:03   |
10898       |       -2444.51   |       -2451.73   |        7.22346   |   18:07:36   |   01:49:58   |
10899       |        -2444.3   |       -2451.28   |        6.97185   |   18:07:55   |   01:49:53   |


Iter        |      Posterior   |     Likelihood   |          Prior   |    elapsed   |        ETA   |
----------------------------------------------------------------------------------------------------
10900       |       -2445.39   |       -2452.35   |        6.95776   |   18:08:14   |   01:49:49   |
10901       |       -2443.88   |       -2450.65   |        6.76743   |   18:11:20   |   01:50:01   |
10902       |       -2444.72   |       -2453.23   |        8.51431   |   18:11:39   |   01:49:56   |
10903       |       -2444.64   |       -2453.15   |        8.51459   |   18:11:58   |   01:49:52   |
10904       |       -2444.69   |       -2452.66   |        7.96525   |   18:12:17   |   01:49:47   |
10905       |       -2444.31   |       -2452.34   |        8.03543   |   18:12:35   |   01:49:42   |
10906       |       -2445.11   |          -2453   |        7.89056   |   18:12:54   |   01:49:37   |
10907       |       -2443.99   |       -2451.95   |        7.96343   |   18:13:13   |   01:49:33   |
10908       |       -2444.09   |       -2452.05   |        7.95293   |   18:13:32   |   01:49:28   |
10909       |       -2445.41   |       -2453.35   |         7.9409   |   18:13:49   |   01:49:23   |
10910       |       -2445.87   |       -2453.81   |        7.94076   |   18:14:08   |   01:49:18   |
10911       |       -2445.59   |       -2453.23   |        7.63993   |   18:17:13   |   01:49:30   |
10912       |        -2445.7   |       -2453.34   |         7.6399   |   18:17:31   |   01:49:25   |
10913       |       -2446.54   |       -2454.19   |        7.64567   |   18:17:50   |   01:49:21   |
10914       |       -2444.08   |       -2451.73   |        7.64909   |   18:18:09   |   01:49:16   |
10915       |       -2443.61   |       -2451.25   |        7.63707   |   18:18:28   |   01:49:11   |
10916       |       -2442.99   |       -2450.68   |        7.69014   |   18:18:47   |   01:49:06   |
10917       |       -2444.23   |       -2452.05   |        7.81748   |   18:19:05   |   01:49:01   |
10918       |       -2444.98   |        -2453.2   |        8.22439   |   18:19:24   |   01:48:57   |
10919       |       -2445.86   |       -2454.22   |        8.36244   |   18:19:43   |   01:48:52   |


Iter        |      Posterior   |     Likelihood   |          Prior   |    elapsed   |        ETA   |
----------------------------------------------------------------------------------------------------
10920       |       -2445.18   |       -2453.45   |        8.26849   |   18:20:02   |   01:48:47   |
10921       |       -2444.23   |       -2452.53   |        8.29502   |   18:23:06   |   01:48:59   |
10922       |       -2443.65   |       -2452.21   |        8.55892   |   18:23:25   |   01:48:54   |
10923       |       -2445.67   |       -2454.22   |        8.55083   |   18:23:44   |   01:48:49   |
10924       |       -2442.69   |       -2451.52   |        8.82335   |   18:24:02   |   01:48:44   |
10925       |       -2444.48   |       -2453.31   |        8.82803   |   18:24:19   |   01:48:39   |
10926       |       -2444.48   |       -2453.31   |        8.82803   |   18:24:38   |   01:48:34   |
10927       |       -2444.48   |       -2453.31   |        8.82803   |   18:24:57   |   01:48:30   |
10928       |        -2445.2   |       -2454.46   |        9.25785   |   18:25:16   |   01:48:25   |
10929       |       -2443.82   |       -2453.22   |        9.40577   |   18:25:35   |   01:48:20   |
10930       |       -2444.36   |       -2453.23   |        8.86969   |   18:25:54   |   01:48:15   |
10931       |       -2446.27   |       -2455.14   |        8.87002   |   18:28:46   |   01:48:25   |
10932       |       -2445.59   |       -2454.47   |        8.87743   |   18:29:03   |   01:48:20   |
10933       |       -2444.76   |        -2453.7   |        8.93723   |   18:29:20   |   01:48:15   |
10934       |       -2445.06   |          -2454   |        8.93904   |   18:29:37   |   01:48:10   |
10935       |       -2447.84   |       -2457.05   |        9.20666   |   18:29:54   |   01:48:05   |
10936       |       -2445.73   |       -2455.57   |        9.84186   |   18:30:11   |   01:48:00   |
10937       |       -2444.94   |       -2454.71   |         9.7656   |   18:30:29   |   01:47:55   |
10938       |       -2444.36   |       -2454.13   |        9.76884   |   18:30:45   |   01:47:50   |
10939       |        -2444.6   |        -2454.3   |        9.70317   |   18:31:03   |   01:47:45   |


Iter        |      Posterior   |     Likelihood   |          Prior   |    elapsed   |        ETA   |
----------------------------------------------------------------------------------------------------
10940       |        -2444.6   |        -2454.3   |        9.70317   |   18:31:20   |   01:47:40   |
10941       |       -2444.91   |       -2454.61   |        9.70151   |   18:34:16   |   01:47:51   |
10942       |       -2446.51   |       -2456.31   |        9.80334   |   18:34:34   |   01:47:46   |
10943       |        -2446.3   |       -2456.09   |        9.79016   |   18:34:52   |   01:47:41   |
10944       |       -2448.72   |       -2456.91   |        8.19012   |   18:35:10   |   01:47:36   |
10945       |       -2448.99   |       -2457.18   |        8.18619   |   18:35:28   |   01:47:31   |
10946       |       -2445.01   |       -2453.36   |        8.34169   |   18:35:46   |   01:47:26   |
10947       |        -2445.9   |       -2454.25   |        8.34613   |   18:36:05   |   01:47:21   |
10948       |       -2446.16   |       -2454.51   |        8.35007   |   18:36:23   |   01:47:16   |
10949       |       -2445.59   |       -2453.93   |        8.33414   |   18:36:42   |   01:47:11   |
10950       |       -2445.04   |       -2453.38   |        8.33423   |   18:37:01   |   01:47:06   |
10951       |       -2444.85   |       -2452.09   |        7.23703   |   18:40:04   |   01:47:17   |
10952       |       -2446.14   |       -2454.37   |        8.22245   |   18:40:23   |   01:47:12   |
10953       |       -2446.65   |       -2454.88   |        8.23003   |   18:40:42   |   01:47:07   |
10954       |       -2443.83   |       -2452.06   |        8.22863   |   18:41:01   |   01:47:02   |
10955       |       -2444.35   |       -2452.56   |        8.21802   |   18:41:20   |   01:46:57   |
10956       |       -2443.23   |       -2451.45   |        8.22592   |   18:41:39   |   01:46:52   |
10957       |       -2445.45   |       -2454.53   |        9.07985   |   18:41:57   |   01:46:47   |
10958       |       -2445.93   |        -2455.3   |        9.37748   |   18:42:16   |   01:46:43   |
10959       |       -2446.04   |       -2453.13   |        7.09406   |   18:42:35   |   01:46:38   |


Iter        |      Posterior   |     Likelihood   |          Prior   |    elapsed   |        ETA   |
----------------------------------------------------------------------------------------------------
10960       |       -2445.54   |       -2452.64   |        7.10087   |   18:42:54   |   01:46:33   |
10961       |       -2442.95   |       -2451.93   |        8.97882   |   18:45:57   |   01:46:43   |
10962       |       -2443.49   |       -2452.47   |        8.97414   |   18:46:16   |   01:46:38   |
10963       |       -2442.22   |        -2451.2   |         8.9805   |   18:46:33   |   01:46:33   |
10964       |       -2443.48   |       -2452.46   |        8.97832   |   18:46:51   |   01:46:28   |
10965       |       -2443.24   |       -2452.53   |        9.29376   |   18:47:10   |   01:46:23   |
10966       |       -2442.93   |       -2451.96   |        9.03712   |   18:47:29   |   01:46:18   |
10967       |       -2444.88   |       -2453.91   |        9.02411   |   18:47:48   |   01:46:13   |
10968       |       -2444.46   |       -2452.49   |        8.02905   |   18:48:07   |   01:46:08   |
10969       |       -2444.46   |       -2452.49   |        8.02905   |   18:48:26   |   01:46:03   |
10970       |       -2445.96   |        -2454.2   |        8.24313   |   18:48:45   |   01:45:58   |
10971       |       -2444.25   |       -2453.18   |        8.93462   |   18:51:49   |   01:46:09   |
10972       |       -2444.63   |       -2453.54   |        8.91498   |   18:52:08   |   01:46:04   |
10973       |       -2444.05   |       -2453.01   |         8.9655   |   18:52:27   |   01:45:59   |
10974       |       -2443.11   |       -2451.98   |        8.86695   |   18:52:45   |   01:45:54   |
10975       |       -2443.61   |       -2452.32   |         8.7084   |   18:53:04   |   01:45:49   |
10976       |       -2444.95   |       -2453.64   |        8.69498   |   18:53:23   |   01:45:44   |
10977       |       -2441.25   |       -2450.04   |        8.78878   |   18:53:40   |   01:45:39   |
10978       |        -2441.5   |       -2450.19   |        8.68264   |   18:53:59   |   01:45:34   |
10979       |       -2441.66   |       -2450.32   |        8.65226   |   18:54:18   |   01:45:29   |


Iter        |      Posterior   |     Likelihood   |          Prior   |    elapsed   |        ETA   |
----------------------------------------------------------------------------------------------------
10980       |       -2442.99   |       -2451.79   |        8.79251   |   18:54:37   |   01:45:24   |
10981       |       -2442.87   |       -2451.66   |        8.79571   |   18:57:34   |   01:45:33   |
10982       |       -2441.12   |       -2449.94   |        8.81604   |   18:57:52   |   01:45:28   |
10983       |        -2444.8   |       -2453.53   |        8.72538   |   18:58:09   |   01:45:23   |
10984       |       -2446.53   |       -2455.05   |        8.52304   |   18:58:26   |   01:45:18   |
10985       |       -2446.53   |       -2455.05   |        8.52304   |   18:58:43   |   01:45:12   |
10986       |       -2446.53   |       -2455.05   |        8.52304   |   18:59:00   |   01:45:07   |
10987       |        -2448.2   |       -2456.69   |        8.48449   |   18:59:17   |   01:45:02   |
10988       |       -2448.99   |       -2457.47   |        8.48049   |   18:59:34   |   01:44:57   |
10989       |       -2445.15   |       -2453.77   |         8.6259   |   18:59:51   |   01:44:52   |
10990       |        -2444.8   |       -2453.36   |        8.56441   |   19:00:08   |   01:44:46   |
10991       |       -2445.84   |       -2454.25   |        8.40955   |   19:03:01   |   01:44:55   |
10992       |       -2451.05   |       -2459.62   |        8.56464   |   19:03:20   |   01:44:50   |
10993       |        -2448.7   |       -2456.89   |        8.19153   |   19:03:38   |   01:44:45   |
10994       |       -2445.45   |       -2453.66   |        8.21399   |   19:03:56   |   01:44:40   |
10995       |       -2446.32   |       -2454.54   |        8.21706   |   19:04:15   |   01:44:35   |
10996       |       -2446.32   |       -2454.54   |        8.21706   |   19:04:33   |   01:44:30   |
10997       |       -2446.32   |       -2454.54   |        8.21706   |   19:04:51   |   01:44:25   |
10998       |       -2444.63   |       -2453.35   |        8.71948   |   19:05:09   |   01:44:19   |
10999       |       -2445.82   |       -2454.53   |        8.71742   |   19:05:28   |   01:44:14   |


Iter        |      Posterior   |     Likelihood   |          Prior   |    elapsed   |        ETA   |
----------------------------------------------------------------------------------------------------
11000       |       -2445.82   |       -2454.53   |        8.71742   |   19:05:46   |   01:44:09   |
11001       |       -2446.65   |       -2456.08   |        9.43292   |   19:08:51   |   01:44:19   |
11002       |       -2443.76   |       -2453.55   |        9.78479   |   19:09:09   |   01:44:14   |
11003       |       -2443.76   |       -2453.55   |        9.78479   |   19:09:27   |   01:44:09   |
11004       |       -2442.95   |       -2452.47   |        9.51586   |   19:09:46   |   01:44:04   |
11005       |       -2447.35   |       -2456.84   |        9.48635   |   19:10:05   |   01:43:58   |
11006       |       -2447.35   |       -2456.84   |        9.48635   |   19:10:24   |   01:43:53   |
11007       |       -2447.35   |       -2456.84   |        9.48635   |   19:10:43   |   01:43:48   |
11008       |       -2449.68   |       -2459.08   |        9.39649   |   19:11:01   |   01:43:43   |
11009       |       -2445.79   |       -2454.27   |        8.48029   |   19:11:21   |   01:43:38   |
11010       |       -2443.74   |       -2452.24   |        8.49537   |   19:11:39   |   01:43:33   |
11011       |       -2442.71   |       -2451.21   |        8.50409   |   19:14:44   |   01:43:43   |
11012       |       -2442.71   |       -2451.21   |        8.50409   |   19:15:03   |   01:43:37   |
11013       |       -2444.87   |       -2452.51   |        7.63494   |   19:15:21   |   01:43:32   |
11014       |       -2446.69   |        -2453.6   |        6.91616   |   19:15:40   |   01:43:27   |
11015       |       -2446.69   |        -2453.6   |        6.91616   |   19:15:58   |   01:43:22   |
11016       |       -2453.33   |       -2457.55   |        4.22607   |   19:16:17   |   01:43:17   |
11017       |        -2449.2   |        -2454.5   |        5.30338   |   19:16:35   |   01:43:11   |
11018       |       -2449.18   |       -2454.49   |         5.3061   |   19:16:54   |   01:43:06   |
11019       |       -2448.06   |       -2455.83   |        7.77723   |   19:17:13   |   01:43:01   |


Iter        |      Posterior   |     Likelihood   |          Prior   |    elapsed   |        ETA   |
----------------------------------------------------------------------------------------------------
11020       |       -2448.06   |       -2455.83   |        7.77723   |   19:17:32   |   01:42:56   |
11021       |       -2447.66   |       -2454.98   |        7.32148   |   19:20:36   |   01:43:05   |
11022       |       -2447.16   |       -2454.34   |        7.18338   |   19:20:55   |   01:43:00   |
11023       |       -2446.16   |       -2453.33   |        7.17654   |   19:21:14   |   01:42:55   |
11024       |       -2446.32   |       -2454.19   |         7.8782   |   19:21:33   |   01:42:50   |
11025       |       -2444.75   |       -2452.66   |        7.90036   |   19:21:52   |   01:42:45   |
11026       |       -2443.85   |       -2451.77   |        7.91184   |   19:22:10   |   01:42:39   |
11027       |       -2444.73   |       -2452.64   |        7.91197   |   19:22:29   |   01:42:34   |
11028       |       -2445.31   |       -2453.21   |        7.90118   |   19:22:48   |   01:42:29   |
11029       |       -2444.85   |       -2452.75   |        7.90294   |   19:23:05   |   01:42:23   |
11030       |       -2443.56   |       -2452.02   |         8.4642   |   19:23:25   |   01:42:18   |
11031       |        -2445.5   |       -2453.97   |         8.4699   |   19:26:26   |   01:42:27   |
11032       |        -2443.9   |        -2452.5   |        8.60051   |   19:26:45   |   01:42:22   |
11033       |       -2443.72   |       -2453.21   |        9.48822   |   19:27:03   |   01:42:17   |
11034       |       -2442.74   |        -2452.5   |         9.7595   |   19:27:22   |   01:42:12   |
11035       |       -2442.71   |       -2452.86   |        10.1503   |   19:27:40   |   01:42:06   |
11036       |       -2442.08   |       -2452.24   |        10.1574   |   19:27:58   |   01:42:01   |
11037       |       -2442.08   |       -2452.24   |        10.1574   |   19:28:17   |   01:41:56   |
11038       |       -2441.98   |       -2452.22   |        10.2444   |   19:28:36   |   01:41:50   |
11039       |       -2442.38   |       -2452.61   |        10.2279   |   19:28:54   |   01:41:45   |


Iter        |      Posterior   |     Likelihood   |          Prior   |    elapsed   |        ETA   |
----------------------------------------------------------------------------------------------------
11040       |       -2442.73   |       -2452.85   |        10.1111   |   19:29:12   |   01:41:40   |
11041       |       -2442.93   |       -2452.92   |        9.98514   |   19:32:12   |   01:41:48   |
11042       |       -2444.05   |       -2454.02   |        9.96834   |   19:32:31   |   01:41:43   |
11043       |       -2444.89   |       -2453.89   |        8.99451   |   19:32:49   |   01:41:38   |
11044       |        -2442.7   |       -2452.31   |        9.61653   |   19:33:08   |   01:41:32   |
11045       |        -2444.8   |       -2454.41   |        9.61481   |   19:33:26   |   01:41:27   |
11046       |       -2444.57   |       -2454.22   |        9.64736   |   19:33:42   |   01:41:22   |
11047       |       -2444.71   |       -2454.35   |        9.64089   |   19:33:59   |   01:41:16   |
11048       |        -2445.8   |       -2455.25   |        9.45523   |   19:34:16   |   01:41:11   |
11049       |       -2449.91   |       -2459.49   |        9.58625   |   19:34:33   |   01:41:05   |
11050       |       -2447.84   |       -2457.43   |         9.5926   |   19:34:50   |   01:41:00   |
11051       |       -2447.34   |       -2457.12   |        9.78011   |   19:37:32   |   01:41:07   |
11052       |       -2443.84   |       -2454.01   |        10.1685   |   19:37:51   |   01:41:01   |
11053       |       -2443.85   |       -2454.09   |        10.2403   |   19:38:10   |   01:40:56   |
11054       |       -2444.51   |       -2454.53   |        10.0164   |   19:38:29   |   01:40:51   |
11055       |       -2443.15   |       -2452.76   |        9.60476   |   19:38:48   |   01:40:45   |
11056       |       -2444.75   |       -2454.49   |        9.73869   |   19:39:07   |   01:40:40   |
11057       |       -2444.38   |       -2453.51   |        9.13031   |   19:39:26   |   01:40:35   |
11058       |       -2444.01   |       -2453.13   |        9.11954   |   19:39:45   |   01:40:29   |
11059       |       -2442.13   |       -2451.25   |        9.11797   |   19:40:03   |   01:40:24   |


Iter        |      Posterior   |     Likelihood   |          Prior   |    elapsed   |        ETA   |
----------------------------------------------------------------------------------------------------
11060       |       -2443.48   |        -2452.8   |        9.32788   |   19:40:21   |   01:40:19   |
11061       |       -2443.92   |       -2453.23   |        9.30976   |   19:43:19   |   01:40:27   |
11062       |        -2443.8   |       -2453.07   |        9.27086   |   19:43:38   |   01:40:21   |
11063       |       -2447.05   |       -2456.32   |        9.26497   |   19:43:57   |   01:40:16   |
11064       |       -2447.36   |       -2456.62   |        9.26078   |   19:44:16   |   01:40:11   |
11065       |        -2444.9   |       -2454.28   |        9.37613   |   19:44:34   |   01:40:05   |
11066       |       -2445.11   |       -2455.06   |        9.95819   |   19:44:53   |   01:40:00   |
11067       |       -2447.58   |       -2457.54   |        9.95868   |   19:45:12   |   01:39:55   |
11068       |       -2442.27   |       -2452.04   |        9.76666   |   19:45:30   |   01:39:49   |
11069       |       -2443.75   |       -2453.02   |         9.2667   |   19:45:48   |   01:39:44   |
11070       |       -2443.06   |       -2452.33   |        9.27386   |   19:46:07   |   01:39:38   |
11071       |        -2443.4   |       -2452.68   |        9.28172   |   19:49:11   |   01:39:47   |
11072       |       -2442.38   |       -2452.38   |        10.0028   |   19:49:30   |   01:39:41   |
11073       |       -2442.38   |       -2452.38   |        10.0028   |   19:49:49   |   01:39:36   |
11074       |       -2443.35   |       -2453.36   |        10.0048   |   19:50:08   |   01:39:31   |
11075       |       -2443.35   |       -2453.36   |        10.0048   |   19:50:27   |   01:39:25   |
11076       |       -2443.43   |       -2453.57   |        10.1444   |   19:50:46   |   01:39:20   |
11077       |       -2445.48   |        -2455.7   |        10.2215   |   19:51:05   |   01:39:14   |
11078       |       -2445.31   |       -2455.51   |        10.2022   |   19:51:24   |   01:39:09   |
11079       |       -2445.31   |       -2455.51   |        10.2022   |   19:51:42   |   01:39:03   |


Iter        |      Posterior   |     Likelihood   |          Prior   |    elapsed   |        ETA   |
----------------------------------------------------------------------------------------------------
11080       |       -2445.31   |       -2455.51   |        10.2022   |   19:52:01   |   01:38:58   |
11081       |       -2448.19   |       -2458.53   |        10.3344   |   19:55:05   |   01:39:06   |
11082       |       -2449.11   |       -2459.39   |        10.2789   |   19:55:24   |   01:39:01   |
11083       |       -2448.09   |       -2459.15   |        11.0559   |   19:55:43   |   01:38:55   |
11084       |        -2446.8   |       -2457.92   |        11.1225   |   19:56:00   |   01:38:50   |
11085       |       -2446.87   |       -2457.83   |        10.9625   |   19:56:18   |   01:38:44   |
11086       |       -2451.31   |       -2460.61   |        9.30195   |   19:56:37   |   01:38:39   |
11087       |       -2451.18   |       -2460.51   |         9.3246   |   19:56:56   |   01:38:33   |
11088       |       -2446.87   |       -2456.77   |        9.89371   |   19:57:15   |   01:38:28   |
11089       |       -2444.91   |       -2452.79   |        7.87093   |   19:57:34   |   01:38:23   |
11090       |       -2442.84   |       -2450.72   |        7.87792   |   19:57:53   |   01:38:17   |
11091       |       -2443.89   |       -2451.75   |         7.8614   |   20:00:57   |   01:38:25   |
11092       |       -2442.82   |       -2451.35   |        8.53309   |   20:01:16   |   01:38:20   |
11093       |       -2444.26   |        -2452.8   |        8.53836   |   20:01:35   |   01:38:14   |
11094       |        -2445.3   |       -2455.14   |        9.83809   |   20:01:54   |   01:38:09   |
11095       |       -2445.66   |       -2455.49   |         9.8288   |   20:02:12   |   01:38:03   |
11096       |       -2444.25   |       -2452.36   |        8.10236   |   20:02:30   |   01:37:58   |
11097       |       -2444.49   |       -2452.89   |        8.39637   |   20:02:49   |   01:37:52   |
11098       |       -2444.36   |       -2452.02   |        7.65948   |   20:03:05   |   01:37:46   |
11099       |       -2447.57   |       -2454.39   |        6.82132   |   20:03:22   |   01:37:41   |


Iter        |      Posterior   |     Likelihood   |          Prior   |    elapsed   |        ETA   |
----------------------------------------------------------------------------------------------------
11100       |       -2445.77   |       -2454.83   |        9.06189   |   20:03:39   |   01:37:35   |
11101       |       -2444.77   |       -2453.82   |        9.05099   |   20:06:21   |   01:37:41   |
11102       |        -2443.8   |       -2451.28   |        7.47987   |   20:06:38   |   01:37:36   |
11103       |       -2444.52   |       -2451.99   |        7.47461   |   20:06:55   |   01:37:30   |
11104       |       -2444.79   |       -2453.95   |        9.16026   |   20:07:14   |   01:37:24   |
11105       |       -2446.52   |       -2455.44   |        8.91774   |   20:07:33   |   01:37:19   |
11106       |       -2449.31   |       -2459.26   |        9.94867   |   20:07:52   |   01:37:13   |
11107       |       -2449.91   |       -2459.87   |        9.96036   |   20:08:11   |   01:37:08   |
11108       |        -2444.4   |       -2453.28   |        8.87873   |   20:08:30   |   01:37:02   |
11109       |       -2448.67   |       -2457.53   |        8.85715   |   20:08:49   |   01:36:57   |
11110       |       -2444.54   |       -2453.42   |        8.87998   |   20:09:08   |   01:36:51   |
11111       |       -2443.57   |       -2452.45   |        8.87824   |   20:12:03   |   01:36:58   |
11112       |       -2444.03   |       -2452.74   |         8.7168   |   20:12:22   |   01:36:53   |
11113       |       -2444.86   |       -2453.73   |        8.87551   |   20:12:41   |   01:36:47   |
11114       |       -2444.79   |       -2454.38   |        9.59255   |   20:13:00   |   01:36:41   |
11115       |        -2445.2   |        -2454.7   |        9.49913   |   20:13:19   |   01:36:36   |
11116       |       -2445.48   |       -2454.99   |        9.51045   |   20:13:38   |   01:36:30   |
11117       |       -2444.39   |       -2453.65   |        9.26779   |   20:13:57   |   01:36:25   |
11118       |          -2443   |       -2452.27   |        9.27149   |   20:14:16   |   01:36:19   |
11119       |       -2443.96   |       -2453.23   |        9.26882   |   20:14:35   |   01:36:14   |


Iter        |      Posterior   |     Likelihood   |          Prior   |    elapsed   |        ETA   |
----------------------------------------------------------------------------------------------------
11120       |       -2443.96   |       -2453.23   |        9.26882   |   20:14:52   |   01:36:08   |
11121       |       -2443.96   |       -2453.23   |        9.26882   |   20:17:56   |   01:36:15   |
11122       |       -2443.96   |       -2453.23   |        9.26882   |   20:18:15   |   01:36:10   |
11123       |       -2445.04   |       -2454.09   |        9.04721   |   20:18:32   |   01:36:04   |
11124       |       -2444.58   |       -2453.63   |        9.04728   |   20:18:51   |   01:35:58   |
11125       |       -2444.58   |       -2453.63   |        9.04728   |   20:19:11   |   01:35:53   |
11126       |       -2444.59   |       -2453.66   |        9.07012   |   20:19:29   |   01:35:47   |
11127       |       -2442.84   |       -2453.21   |        10.3713   |   20:19:48   |   01:35:42   |
11128       |       -2446.13   |       -2456.48   |        10.3531   |   20:20:07   |   01:35:36   |
11129       |       -2448.56   |       -2458.94   |        10.3752   |   20:20:26   |   01:35:30   |
11130       |       -2451.19   |       -2460.93   |        9.73233   |   20:20:45   |   01:35:25   |
11131       |       -2448.01   |       -2458.02   |        10.0065   |   20:23:49   |   01:35:32   |
11132       |        -2445.3   |       -2455.09   |        9.79563   |   20:24:08   |   01:35:26   |
11133       |       -2447.94   |       -2457.72   |        9.77853   |   20:24:26   |   01:35:21   |
11134       |        -2447.2   |       -2456.72   |        9.51763   |   20:24:45   |   01:35:15   |
11135       |       -2446.33   |       -2455.87   |        9.54001   |   20:25:04   |   01:35:10   |
11136       |       -2445.88   |       -2455.48   |        9.59557   |   20:25:21   |   01:35:04   |
11137       |       -2444.27   |       -2454.21   |        9.94386   |   20:25:40   |   01:34:58   |
11138       |       -2444.27   |       -2454.22   |        9.94438   |   20:25:59   |   01:34:52   |
11139       |       -2444.27   |       -2454.22   |        9.94438   |   20:26:19   |   01:34:47   |


Iter        |      Posterior   |     Likelihood   |          Prior   |    elapsed   |        ETA   |
----------------------------------------------------------------------------------------------------
11140       |       -2444.27   |       -2454.22   |        9.94438   |   20:26:38   |   01:34:41   |
11141       |       -2443.16   |       -2452.22   |        9.05505   |   20:29:41   |   01:34:48   |
11142       |       -2443.64   |       -2452.69   |        9.05247   |   20:30:01   |   01:34:43   |
11143       |        -2443.9   |       -2453.25   |        9.34646   |   20:30:20   |   01:34:37   |
11144       |       -2447.35   |       -2457.18   |        9.82745   |   20:30:39   |   01:34:31   |
11145       |       -2443.11   |       -2452.68   |        9.57194   |   20:30:58   |   01:34:26   |
11146       |       -2443.73   |       -2453.48   |        9.74304   |   20:31:16   |   01:34:20   |
11147       |       -2441.13   |       -2450.74   |        9.60598   |   20:31:35   |   01:34:14   |
11148       |       -2441.96   |       -2451.56   |        9.59553   |   20:31:53   |   01:34:08   |
11149       |       -2440.48   |       -2450.09   |        9.61292   |   20:32:11   |   01:34:03   |
11150       |       -2440.57   |       -2450.18   |        9.61326   |   20:32:29   |   01:33:57   |
11151       |       -2442.27   |       -2451.11   |         8.8361   |   20:35:30   |   01:34:04   |
11152       |       -2445.25   |       -2454.08   |        8.82804   |   20:35:47   |   01:33:58   |
11153       |       -2447.46   |       -2455.76   |        8.29941   |   20:36:04   |   01:33:52   |
11154       |        -2447.9   |       -2456.96   |        9.05917   |   20:36:21   |   01:33:46   |
11155       |       -2443.69   |       -2453.87   |        10.1829   |   20:36:38   |   01:33:40   |
11156       |       -2442.66   |        -2452.7   |         10.042   |   20:36:55   |   01:33:34   |
11157       |       -2441.46   |       -2451.49   |        10.0259   |   20:37:12   |   01:33:28   |
11158       |       -2442.32   |       -2452.45   |        10.1258   |   20:37:29   |   01:33:22   |
11159       |        -2443.1   |       -2452.99   |        9.89275   |   20:37:46   |   01:33:17   |


Iter        |      Posterior   |     Likelihood   |          Prior   |    elapsed   |        ETA   |
----------------------------------------------------------------------------------------------------
11160       |       -2447.47   |       -2457.67   |        10.1984   |   20:38:03   |   01:33:11   |
11161       |       -2448.03   |       -2458.23   |        10.2083   |   20:40:52   |   01:33:16   |
11162       |       -2444.39   |       -2454.16   |        9.77158   |   20:41:11   |   01:33:10   |
11163       |        -2446.4   |       -2456.13   |        9.72881   |   20:41:30   |   01:33:05   |
11164       |       -2445.24   |       -2454.97   |        9.72621   |   20:41:50   |   01:32:59   |
11165       |       -2443.51   |       -2454.66   |        11.1592   |   20:42:08   |   01:32:53   |
11166       |       -2443.49   |       -2454.02   |        10.5374   |   20:42:27   |   01:32:47   |
11167       |       -2442.65   |       -2453.19   |        10.5389   |   20:42:45   |   01:32:42   |
11168       |       -2443.51   |       -2454.12   |        10.6021   |   20:43:03   |   01:32:36   |
11169       |       -2442.55   |       -2453.16   |         10.612   |   20:43:21   |   01:32:30   |
11170       |        -2442.4   |       -2453.01   |        10.6111   |   20:43:39   |   01:32:24   |
11171       |       -2444.34   |       -2455.02   |        10.6895   |   20:46:42   |   01:32:31   |
11172       |       -2444.29   |       -2454.98   |        10.6889   |   20:47:00   |   01:32:25   |
11173       |       -2444.44   |       -2456.02   |        11.5782   |   20:47:19   |   01:32:19   |
11174       |        -2445.3   |       -2456.77   |        11.4702   |   20:47:37   |   01:32:13   |
11175       |       -2444.65   |       -2455.73   |        11.0811   |   20:47:55   |   01:32:07   |
11176       |       -2444.91   |       -2456.01   |         11.093   |   20:48:14   |   01:32:01   |
11177       |       -2445.02   |       -2456.02   |        10.9991   |   20:48:33   |   01:31:56   |
11178       |       -2444.41   |       -2455.41   |        11.0019   |   20:48:52   |   01:31:50   |
11179       |        -2443.8   |       -2454.99   |        11.1906   |   20:49:11   |   01:31:44   |


Iter        |      Posterior   |     Likelihood   |          Prior   |    elapsed   |        ETA   |
----------------------------------------------------------------------------------------------------
11180       |       -2445.95   |       -2457.14   |         11.189   |   20:49:30   |   01:31:38   |
11181       |       -2447.46   |       -2458.46   |        11.0026   |   20:52:35   |   01:31:45   |
11182       |       -2445.53   |       -2456.03   |        10.5036   |   20:52:53   |   01:31:39   |
11183       |       -2445.91   |        -2456.4   |        10.4867   |   20:53:13   |   01:31:33   |
11184       |       -2447.55   |       -2458.33   |        10.7777   |   20:53:31   |   01:31:27   |
11185       |       -2447.14   |       -2457.29   |        10.1473   |   20:53:50   |   01:31:21   |
11186       |       -2445.33   |       -2456.18   |        10.8429   |   20:54:09   |   01:31:15   |
11187       |       -2446.56   |       -2457.55   |        10.9904   |   20:54:28   |   01:31:09   |
11188       |        -2446.3   |       -2457.07   |        10.7636   |   20:54:45   |   01:31:04   |
11189       |       -2448.95   |       -2459.72   |        10.7654   |   20:55:04   |   01:30:58   |
11190       |       -2446.82   |       -2456.46   |        9.64246   |   20:55:23   |   01:30:52   |
11191       |        -2445.9   |       -2455.52   |        9.61984   |   20:58:27   |   01:30:58   |
11192       |       -2444.58   |       -2454.24   |        9.65466   |   20:58:46   |   01:30:52   |
11193       |       -2445.15   |       -2453.95   |        8.80606   |   20:59:05   |   01:30:46   |
11194       |       -2446.23   |       -2454.71   |        8.47635   |   20:59:24   |   01:30:40   |
11195       |        -2446.7   |       -2455.29   |        8.58801   |   20:59:43   |   01:30:34   |
11196       |       -2445.68   |       -2454.28   |         8.6051   |   21:00:02   |   01:30:29   |
11197       |       -2445.85   |       -2454.43   |        8.57713   |   21:00:21   |   01:30:23   |
11198       |       -2444.64   |       -2453.21   |        8.57757   |   21:00:40   |   01:30:17   |
11199       |       -2443.56   |       -2452.14   |        8.58014   |   21:00:59   |   01:30:11   |


Iter        |      Posterior   |     Likelihood   |          Prior   |    elapsed   |        ETA   |
----------------------------------------------------------------------------------------------------
11200       |       -2442.48   |       -2450.84   |        8.36114   |   21:01:18   |   01:30:05   |
11201       |       -2442.87   |       -2451.17   |        8.30021   |   21:04:21   |   01:30:11   |
11202       |       -2441.62   |       -2449.99   |        8.37245   |   21:04:40   |   01:30:05   |
11203       |       -2444.02   |        -2452.4   |        8.38057   |   21:04:58   |   01:29:59   |
11204       |       -2442.44   |       -2450.85   |        8.40774   |   21:05:14   |   01:29:53   |
11205       |       -2442.83   |        -2451.7   |        8.87027   |   21:05:31   |   01:29:47   |
11206       |       -2445.98   |       -2454.74   |        8.76063   |   21:05:48   |   01:29:41   |
11207       |       -2443.56   |       -2452.35   |         8.7848   |   21:06:05   |   01:29:35   |
11208       |        -2442.1   |       -2449.39   |        7.29038   |   21:06:22   |   01:29:29   |
11209       |       -2444.44   |       -2451.88   |        7.43508   |   21:06:39   |   01:29:23   |
11210       |       -2444.66   |       -2451.96   |        7.29367   |   21:06:56   |   01:29:17   |
11211       |       -2445.52   |       -2452.82   |        7.30291   |   21:09:42   |   01:29:21   |
11212       |       -2444.38   |       -2452.41   |        8.02831   |   21:10:01   |   01:29:15   |
11213       |       -2445.03   |       -2454.67   |        9.64655   |   21:10:20   |   01:29:09   |
11214       |       -2444.46   |       -2454.27   |        9.81303   |   21:10:39   |   01:29:03   |
11215       |       -2445.02   |       -2454.82   |        9.79629   |   21:10:58   |   01:28:57   |
11216       |       -2446.66   |       -2456.44   |        9.77684   |   21:11:17   |   01:28:51   |
11217       |       -2446.96   |       -2456.73   |        9.77698   |   21:11:36   |   01:28:45   |
11218       |       -2444.14   |       -2453.95   |        9.81106   |   21:11:54   |   01:28:39   |
11219       |       -2443.42   |       -2453.15   |        9.73403   |   21:12:13   |   01:28:33   |


Iter        |      Posterior   |     Likelihood   |          Prior   |    elapsed   |        ETA   |
----------------------------------------------------------------------------------------------------
11220       |       -2442.18   |       -2452.45   |         10.266   |   21:12:31   |   01:28:27   |
11221       |       -2444.14   |        -2454.4   |        10.2529   |   21:15:32   |   01:28:33   |
11222       |        -2444.1   |        -2453.8   |        9.69894   |   21:15:50   |   01:28:27   |
11223       |       -2444.43   |        -2453.6   |        9.16521   |   21:16:09   |   01:28:21   |
11224       |       -2444.16   |        -2453.2   |        9.03708   |   21:16:29   |   01:28:15   |
11225       |        -2448.7   |       -2457.73   |        9.02401   |   21:16:47   |   01:28:09   |
11226       |       -2448.96   |       -2458.09   |        9.13571   |   21:17:04   |   01:28:03   |
11227       |       -2444.82   |        -2453.3   |        8.48147   |   21:17:23   |   01:27:57   |
11228       |       -2446.82   |        -2455.3   |        8.47829   |   21:17:42   |   01:27:51   |
11229       |       -2447.24   |       -2455.98   |        8.73145   |   21:18:01   |   01:27:45   |
11230       |        -2443.3   |       -2452.44   |        9.13183   |   21:18:20   |   01:27:39   |
11231       |       -2443.12   |          -2453   |        9.88562   |   21:21:24   |   01:27:44   |
11232       |       -2444.84   |        -2454.5   |        9.65822   |   21:21:43   |   01:27:38   |
11233       |       -2448.17   |       -2457.69   |        9.51333   |   21:22:02   |   01:27:32   |
11234       |       -2444.29   |       -2454.13   |        9.84242   |   21:22:21   |   01:27:26   |
11235       |       -2445.73   |       -2455.34   |        9.61122   |   21:22:40   |   01:27:20   |
11236       |       -2447.45   |       -2458.34   |        10.8916   |   21:22:59   |   01:27:14   |
11237       |       -2443.85   |       -2454.93   |        11.0886   |   21:23:18   |   01:27:08   |
11238       |       -2445.29   |       -2456.37   |        11.0823   |   21:23:36   |   01:27:02   |
11239       |       -2445.44   |       -2456.75   |        11.3046   |   21:23:54   |   01:26:56   |


Iter        |      Posterior   |     Likelihood   |          Prior   |    elapsed   |        ETA   |
----------------------------------------------------------------------------------------------------
11240       |       -2444.45   |       -2455.62   |        11.1646   |   21:24:12   |   01:26:49   |
11241       |       -2445.03   |       -2456.03   |        10.9963   |   21:27:19   |   01:26:55   |
11242       |       -2444.89   |       -2455.97   |        11.0862   |   21:27:36   |   01:26:49   |
11243       |       -2443.78   |       -2455.14   |        11.3602   |   21:27:55   |   01:26:42   |
11244       |       -2443.56   |       -2454.93   |        11.3717   |   21:28:14   |   01:26:36   |
11245       |       -2443.37   |       -2454.74   |         11.377   |   21:28:33   |   01:26:30   |
11246       |       -2444.18   |       -2455.56   |        11.3786   |   21:28:52   |   01:26:24   |
11247       |       -2444.73   |       -2456.11   |        11.3804   |   21:29:11   |   01:26:18   |
11248       |       -2445.33   |       -2456.39   |        11.0634   |   21:29:30   |   01:26:12   |
11249       |       -2448.63   |       -2459.69   |        11.0604   |   21:29:49   |   01:26:06   |
11250       |       -2446.75   |        -2457.8   |        11.0503   |   21:30:08   |   01:26:00   |
11251       |       -2448.78   |       -2459.66   |        10.8808   |   21:33:12   |   01:26:05   |
11252       |       -2448.03   |       -2458.91   |        10.8827   |   21:33:30   |   01:25:59   |
11253       |       -2448.15   |       -2459.14   |        10.9887   |   21:33:49   |   01:25:53   |
11254       |        -2450.5   |       -2461.49   |        10.9815   |   21:34:07   |   01:25:47   |
11255       |       -2448.24   |       -2459.01   |        10.7668   |   21:34:24   |   01:25:40   |
11256       |       -2444.33   |       -2455.12   |        10.7973   |   21:34:41   |   01:25:34   |
11257       |       -2443.17   |       -2452.97   |        9.79454   |   21:34:58   |   01:25:28   |
11258       |       -2443.98   |       -2453.74   |        9.75748   |   21:35:15   |   01:25:22   |
11259       |       -2445.92   |       -2455.38   |        9.45943   |   21:35:32   |   01:25:15   |


Iter        |      Posterior   |     Likelihood   |          Prior   |    elapsed   |        ETA   |
----------------------------------------------------------------------------------------------------
11260       |       -2446.42   |       -2456.16   |        9.74114   |   21:35:49   |   01:25:09   |
11261       |       -2443.22   |        -2453.2   |        9.98211   |   21:38:32   |   01:25:12   |
11262       |       -2443.31   |        -2453.3   |        9.98297   |   21:38:51   |   01:25:06   |
11263       |        -2444.4   |       -2454.37   |        9.97124   |   21:39:10   |   01:25:00   |
11264       |       -2446.52   |       -2456.57   |        10.0465   |   21:39:29   |   01:24:54   |
11265       |       -2444.83   |       -2454.22   |        9.38464   |   21:39:48   |   01:24:48   |
11266       |       -2447.07   |       -2455.47   |        8.40503   |   21:40:07   |   01:24:42   |
11267       |       -2446.27   |       -2454.68   |        8.40494   |   21:40:26   |   01:24:36   |
11268       |       -2445.08   |       -2453.29   |        8.21771   |   21:40:45   |   01:24:30   |
11269       |       -2444.06   |       -2453.61   |        9.55354   |   21:41:04   |   01:24:23   |
11270       |       -2444.77   |       -2454.32   |        9.54386   |   21:41:22   |   01:24:17   |
11271       |        -2445.3   |       -2454.84   |        9.54101   |   21:44:21   |   01:24:21   |
11272       |       -2445.26   |       -2454.81   |        9.54458   |   21:44:40   |   01:24:15   |
11273       |       -2445.26   |       -2454.81   |        9.54458   |   21:44:59   |   01:24:09   |
11274       |       -2445.26   |       -2454.81   |        9.54458   |   21:45:18   |   01:24:03   |
11275       |       -2445.12   |       -2454.68   |        9.55728   |   21:45:37   |   01:23:57   |
11276       |       -2445.38   |       -2455.01   |        9.63207   |   21:45:56   |   01:23:51   |
11277       |       -2445.61   |       -2455.25   |         9.6329   |   21:46:14   |   01:23:44   |
11278       |       -2445.73   |        -2456.3   |        10.5745   |   21:46:32   |   01:23:38   |
11279       |       -2445.27   |        -2455.8   |        10.5318   |   21:46:51   |   01:23:32   |


Iter        |      Posterior   |     Likelihood   |          Prior   |    elapsed   |        ETA   |
----------------------------------------------------------------------------------------------------
11280       |       -2444.24   |        -2454.3   |         10.055   |   21:47:10   |   01:23:26   |
11281       |       -2444.12   |       -2454.35   |         10.233   |   21:50:13   |   01:23:30   |
11282       |       -2443.52   |       -2453.76   |        10.2408   |   21:50:32   |   01:23:24   |
11283       |       -2443.16   |       -2453.48   |        10.3136   |   21:50:51   |   01:23:18   |
11284       |       -2443.16   |       -2453.48   |        10.3136   |   21:51:10   |   01:23:11   |
11285       |       -2442.95   |       -2453.07   |        10.1286   |   21:51:29   |   01:23:05   |
11286       |       -2443.82   |       -2454.19   |        10.3735   |   21:51:48   |   01:22:59   |
11287       |       -2444.02   |       -2454.49   |        10.4781   |   21:52:07   |   01:22:53   |
11288       |       -2447.87   |       -2458.32   |        10.4531   |   21:52:26   |   01:22:46   |
11289       |       -2442.85   |       -2453.34   |         10.484   |   21:52:44   |   01:22:40   |
11290       |       -2442.78   |       -2453.27   |        10.4871   |   21:53:03   |   01:22:34   |
11291       |       -2446.74   |       -2457.68   |        10.9386   |   21:56:07   |   01:22:38   |
11292       |       -2444.99   |       -2454.43   |        9.44056   |   21:56:26   |   01:22:32   |
11293       |       -2444.73   |       -2454.31   |        9.58062   |   21:56:44   |   01:22:26   |
11294       |       -2446.22   |       -2454.99   |        8.76999   |   21:57:02   |   01:22:19   |
11295       |       -2444.87   |       -2454.43   |        9.56189   |   21:57:21   |   01:22:13   |
11296       |        -2446.1   |       -2455.46   |           9.36   |   21:57:40   |   01:22:07   |
11297       |       -2443.14   |       -2452.33   |        9.19019   |   21:57:58   |   01:22:00   |
11298       |       -2444.54   |       -2453.02   |        8.47631   |   21:58:18   |   01:21:54   |
11299       |       -2445.29   |       -2454.39   |        9.09144   |   21:58:37   |   01:21:48   |


Iter        |      Posterior   |     Likelihood   |          Prior   |    elapsed   |        ETA   |
----------------------------------------------------------------------------------------------------
11300       |       -2446.47   |       -2455.56   |        9.08652   |   21:58:56   |   01:21:42   |
11301       |       -2447.46   |       -2456.54   |         9.0835   |   22:01:59   |   01:21:46   |
11302       |       -2450.59   |       -2459.67   |        9.08286   |   22:02:18   |   01:21:39   |
11303       |       -2446.57   |       -2454.62   |        8.05173   |   22:02:36   |   01:21:33   |
11304       |       -2447.35   |       -2457.15   |        9.80388   |   22:02:55   |   01:21:27   |
11305       |       -2451.24   |       -2460.15   |         8.9127   |   22:03:13   |   01:21:20   |
11306       |       -2447.27   |       -2455.92   |        8.64526   |   22:03:31   |   01:21:14   |
11307       |       -2446.92   |       -2455.56   |        8.64515   |   22:03:49   |   01:21:08   |
11308       |       -2446.92   |       -2455.56   |        8.64515   |   22:04:06   |   01:21:01   |
11309       |       -2446.92   |       -2455.56   |        8.64515   |   22:04:23   |   01:20:55   |
11310       |       -2447.44   |       -2456.09   |        8.64811   |   22:04:40   |   01:20:48   |
11311       |        -2445.4   |       -2454.03   |        8.62784   |   22:07:22   |   01:20:51   |
11312       |       -2445.22   |       -2453.85   |        8.63027   |   22:07:39   |   01:20:44   |
11313       |       -2448.33   |       -2455.47   |        7.13368   |   22:07:56   |   01:20:38   |
11314       |       -2447.89   |        -2454.7   |        6.81623   |   22:08:15   |   01:20:32   |
11315       |       -2453.23   |       -2460.53   |        7.30447   |   22:08:34   |   01:20:25   |
11316       |       -2452.57   |       -2460.73   |        8.15638   |   22:08:53   |   01:20:19   |
11317       |       -2450.76   |       -2459.13   |         8.3757   |   22:09:12   |   01:20:13   |
11318       |       -2450.06   |       -2458.45   |        8.38618   |   22:09:31   |   01:20:06   |
11319       |       -2443.71   |       -2452.15   |        8.44023   |   22:09:50   |   01:20:00   |


Iter        |      Posterior   |     Likelihood   |          Prior   |    elapsed   |        ETA   |
----------------------------------------------------------------------------------------------------
11320       |       -2443.55   |       -2451.99   |        8.43842   |   22:10:09   |   01:19:54   |
11321       |       -2442.71   |       -2451.16   |        8.44509   |   22:13:05   |   01:19:57   |
11322       |       -2445.87   |       -2454.56   |         8.6854   |   22:13:24   |   01:19:50   |
11323       |       -2444.42   |       -2454.06   |        9.63303   |   22:13:43   |   01:19:44   |
11324       |       -2444.72   |       -2454.37   |        9.64691   |   22:14:02   |   01:19:38   |
11325       |       -2444.72   |       -2454.37   |        9.64691   |   22:14:21   |   01:19:31   |
11326       |       -2444.32   |       -2453.16   |        8.83532   |   22:14:40   |   01:19:25   |
11327       |       -2445.63   |       -2453.91   |        8.28011   |   22:14:59   |   01:19:19   |
11328       |       -2445.64   |       -2454.36   |         8.7248   |   22:15:18   |   01:19:12   |
11329       |       -2445.82   |       -2454.64   |         8.8202   |   22:15:37   |   01:19:06   |
11330       |       -2445.76   |       -2455.38   |        9.62038   |   22:15:54   |   01:18:59   |
11331       |       -2450.19   |       -2461.07   |        10.8757   |   22:18:59   |   01:19:03   |
11332       |       -2448.91   |       -2459.98   |        11.0731   |   22:19:17   |   01:18:56   |
11333       |       -2450.43   |       -2461.72   |        11.2899   |   22:19:35   |   01:18:50   |
11334       |       -2448.45   |        -2459.8   |        11.3473   |   22:19:55   |   01:18:44   |
11335       |       -2444.86   |       -2456.22   |        11.3628   |   22:20:13   |   01:18:37   |
11336       |       -2443.58   |       -2454.76   |        11.1807   |   22:20:33   |   01:18:31   |
11337       |       -2443.12   |       -2453.98   |        10.8576   |   22:20:52   |   01:18:24   |
11338       |       -2443.62   |       -2454.46   |        10.8399   |   22:21:11   |   01:18:18   |
11339       |       -2446.03   |       -2455.68   |        9.65574   |   22:21:29   |   01:18:12   |


Iter        |      Posterior   |     Likelihood   |          Prior   |    elapsed   |        ETA   |
----------------------------------------------------------------------------------------------------
11340       |       -2447.35   |       -2456.59   |        9.24697   |   22:21:48   |   01:18:05   |
11341       |       -2444.55   |       -2453.24   |         8.6901   |   22:24:53   |   01:18:08   |
11342       |       -2445.71   |       -2454.32   |        8.60204   |   22:25:11   |   01:18:02   |
11343       |       -2446.93   |       -2455.52   |        8.59228   |   22:25:30   |   01:17:55   |
11344       |       -2445.93   |       -2454.55   |        8.61278   |   22:25:49   |   01:17:49   |
11345       |       -2444.39   |       -2453.27   |        8.88375   |   22:26:08   |   01:17:43   |
11346       |       -2443.69   |       -2452.42   |        8.73034   |   22:26:25   |   01:17:36   |
11347       |       -2443.69   |       -2452.42   |        8.73034   |   22:26:44   |   01:17:30   |
11348       |       -2444.35   |       -2453.67   |        9.31611   |   22:27:03   |   01:17:23   |
11349       |        -2444.3   |       -2452.34   |         8.0389   |   22:27:22   |   01:17:17   |
11350       |       -2444.33   |       -2452.37   |         8.0431   |   22:27:41   |   01:17:10   |
11351       |       -2444.22   |       -2452.28   |        8.06056   |   22:30:46   |   01:17:13   |
11352       |       -2444.17   |       -2452.24   |        8.07255   |   22:31:05   |   01:17:07   |
11353       |       -2445.31   |       -2453.47   |        8.15179   |   22:31:24   |   01:17:00   |
11354       |       -2445.85   |          -2454   |        8.15047   |   22:31:43   |   01:16:54   |
11355       |       -2447.56   |        -2455.8   |        8.24855   |   22:32:01   |   01:16:47   |
11356       |       -2444.26   |       -2453.16   |        8.89546   |   22:32:20   |   01:16:41   |
11357       |       -2446.54   |       -2455.44   |        8.90153   |   22:32:38   |   01:16:34   |
11358       |       -2444.48   |        -2453.7   |        9.21963   |   22:32:57   |   01:16:28   |
11359       |       -2447.55   |       -2455.66   |        8.11272   |   22:33:13   |   01:16:21   |


Iter        |      Posterior   |     Likelihood   |          Prior   |    elapsed   |        ETA   |
----------------------------------------------------------------------------------------------------
11360       |       -2447.55   |       -2455.66   |        8.11272   |   22:33:30   |   01:16:15   |
11361       |       -2447.45   |       -2455.63   |        8.18329   |   22:36:12   |   01:16:16   |
11362       |       -2443.77   |       -2451.96   |        8.19011   |   22:36:29   |   01:16:10   |
11363       |       -2444.02   |       -2451.71   |         7.6881   |   22:36:46   |   01:16:03   |
11364       |       -2446.04   |       -2453.72   |        7.68296   |   22:37:03   |   01:15:56   |
11365       |       -2446.04   |       -2453.72   |        7.68296   |   22:37:21   |   01:15:50   |
11366       |       -2443.46   |       -2452.33   |        8.86549   |   22:37:40   |   01:15:43   |
11367       |       -2443.36   |       -2452.23   |        8.86799   |   22:37:59   |   01:15:37   |
11368       |       -2443.19   |        -2452.1   |        8.91929   |   22:38:18   |   01:15:30   |
11369       |       -2446.52   |       -2455.34   |        8.81533   |   22:38:38   |   01:15:24   |
11370       |       -2448.28   |       -2457.11   |        8.82988   |   22:38:57   |   01:15:17   |
11371       |       -2451.23   |       -2459.86   |        8.62996   |   22:41:52   |   01:15:19   |
11372       |       -2450.31   |       -2458.95   |        8.63365   |   22:42:11   |   01:15:13   |
11373       |       -2448.17   |       -2456.63   |         8.4596   |   22:42:30   |   01:15:06   |
11374       |       -2448.24   |       -2457.23   |        8.98453   |   22:42:49   |   01:15:00   |
11375       |       -2447.28   |       -2456.65   |        9.36869   |   22:43:08   |   01:14:53   |
11376       |       -2446.67   |       -2455.88   |        9.21087   |   22:43:27   |   01:14:47   |
11377       |       -2446.67   |       -2455.88   |        9.21087   |   22:43:46   |   01:14:40   |
11378       |       -2446.72   |       -2455.95   |        9.22355   |   22:44:05   |   01:14:34   |
11379       |        -2445.4   |          -2455   |        9.60456   |   22:44:24   |   01:14:27   |


Iter        |      Posterior   |     Likelihood   |          Prior   |    elapsed   |        ETA   |
----------------------------------------------------------------------------------------------------
11380       |       -2446.43   |       -2456.03   |        9.59688   |   22:44:43   |   01:14:21   |
11381       |       -2446.57   |       -2455.94   |        9.37372   |   22:47:48   |   01:14:23   |
11382       |       -2447.77   |       -2457.13   |        9.36895   |   22:48:06   |   01:14:16   |
11383       |       -2450.27   |       -2459.64   |        9.36891   |   22:48:25   |   01:14:10   |
11384       |       -2449.35   |       -2458.73   |         9.3788   |   22:48:42   |   01:14:03   |
11385       |       -2450.01   |       -2459.39   |        9.38152   |   22:49:01   |   01:13:57   |
11386       |       -2449.79   |       -2459.58   |        9.79854   |   22:49:20   |   01:13:50   |
11387       |       -2448.95   |       -2458.98   |          10.03   |   22:49:39   |   01:13:43   |
11388       |       -2449.87   |       -2457.82   |         7.9457   |   22:49:59   |   01:13:37   |
11389       |       -2449.71   |       -2457.19   |        7.47657   |   22:50:18   |   01:13:30   |
11390       |       -2449.77   |       -2457.27   |        7.50618   |   22:50:36   |   01:13:24   |
11391       |       -2449.98   |       -2457.47   |        7.49359   |   22:53:41   |   01:13:26   |
11392       |       -2450.76   |       -2458.11   |        7.35157   |   22:54:00   |   01:13:19   |
11393       |       -2447.35   |       -2456.65   |        9.30192   |   22:54:19   |   01:13:13   |
11394       |       -2448.44   |       -2457.62   |        9.18181   |   22:54:37   |   01:13:06   |
11395       |       -2448.01   |       -2457.43   |        9.42194   |   22:54:56   |   01:12:59   |
11396       |       -2446.52   |       -2455.94   |        9.42057   |   22:55:15   |   01:12:53   |
11397       |        -2446.4   |       -2455.81   |        9.41491   |   22:55:33   |   01:12:46   |
11398       |       -2446.37   |       -2455.91   |        9.54059   |   22:55:51   |   01:12:40   |
11399       |       -2446.69   |       -2456.13   |        9.43367   |   22:56:11   |   01:12:33   |


Iter        |      Posterior   |     Likelihood   |          Prior   |    elapsed   |        ETA   |
----------------------------------------------------------------------------------------------------
11400       |       -2448.26   |       -2459.18   |        10.9203   |   22:56:30   |   01:12:26   |
11401       |       -2450.35   |       -2460.61   |        10.2665   |   22:59:34   |   01:12:28   |
11402       |       -2450.33   |       -2459.92   |        9.59665   |   22:59:53   |   01:12:22   |
11403       |       -2449.99   |       -2459.38   |        9.38808   |   23:00:12   |   01:12:15   |
11404       |       -2450.15   |       -2459.71   |         9.5642   |   23:00:31   |   01:12:08   |
11405       |       -2450.48   |       -2460.02   |        9.54382   |   23:00:50   |   01:12:02   |
11406       |       -2447.98   |       -2457.07   |        9.08613   |   23:01:09   |   01:11:55   |
11407       |       -2447.89   |       -2456.93   |        9.03907   |   23:01:27   |   01:11:48   |
11408       |       -2448.17   |        -2457.2   |        9.02726   |   23:01:46   |   01:11:42   |
11409       |       -2447.86   |       -2456.21   |        8.34113   |   23:02:04   |   01:11:35   |
11410       |       -2449.88   |       -2458.01   |        8.13118   |   23:02:22   |   01:11:28   |
11411       |       -2448.81   |       -2456.94   |        8.12127   |   23:05:04   |   01:11:29   |
11412       |       -2448.23   |       -2456.34   |         8.1158   |   23:05:21   |   01:11:22   |
11413       |       -2447.36   |        -2455.7   |        8.33596   |   23:05:38   |   01:11:16   |
11414       |       -2447.78   |       -2455.63   |        7.84161   |   23:05:55   |   01:11:09   |
11415       |       -2446.25   |       -2454.07   |         7.8267   |   23:06:12   |   01:11:02   |
11416       |       -2446.16   |       -2454.01   |        7.84129   |   23:06:30   |   01:10:55   |
11417       |       -2446.16   |       -2454.01   |        7.84129   |   23:06:48   |   01:10:48   |
11418       |       -2444.28   |       -2451.91   |        7.62774   |   23:07:07   |   01:10:42   |
11419       |       -2447.59   |        -2455.3   |        7.70746   |   23:07:26   |   01:10:35   |


Iter        |      Posterior   |     Likelihood   |          Prior   |    elapsed   |        ETA   |
----------------------------------------------------------------------------------------------------
11420       |       -2448.61   |       -2455.43   |        6.81284   |   23:07:45   |   01:10:28   |
11421       |        -2446.6   |       -2453.36   |        6.76322   |   23:10:41   |   01:10:30   |
11422       |       -2446.03   |       -2452.79   |        6.75957   |   23:10:59   |   01:10:23   |
11423       |       -2446.38   |       -2453.14   |        6.75971   |   23:11:18   |   01:10:16   |
11424       |       -2444.41   |       -2451.27   |        6.85784   |   23:11:37   |   01:10:09   |
11425       |       -2445.21   |       -2452.06   |        6.85471   |   23:11:56   |   01:10:03   |
11426       |       -2445.49   |       -2453.57   |        8.08657   |   23:12:15   |   01:09:56   |
11427       |       -2448.89   |       -2456.94   |        8.05789   |   23:12:34   |   01:09:49   |
11428       |       -2446.29   |       -2454.35   |        8.06294   |   23:12:53   |   01:09:43   |
11429       |       -2444.65   |        -2453.6   |        8.95122   |   23:13:12   |   01:09:36   |
11430       |       -2444.75   |       -2453.72   |        8.96493   |   23:13:31   |   01:09:29   |
11431       |       -2443.54   |       -2451.89   |        8.34433   |   23:16:35   |   01:09:31   |
11432       |       -2444.08   |       -2452.73   |        8.65479   |   23:16:54   |   01:09:24   |
11433       |       -2443.81   |          -2453   |        9.19785   |   23:17:13   |   01:09:17   |
11434       |       -2445.84   |       -2455.03   |        9.18818   |   23:17:31   |   01:09:10   |
11435       |       -2445.43   |       -2454.62   |        9.18929   |   23:17:50   |   01:09:03   |
11436       |       -2445.98   |       -2454.89   |        8.91162   |   23:18:08   |   01:08:57   |
11437       |       -2444.61   |       -2453.64   |        9.02374   |   23:18:27   |   01:08:50   |
11438       |       -2445.23   |       -2454.41   |        9.17672   |   23:18:46   |   01:08:43   |
11439       |       -2448.05   |       -2456.65   |        8.59811   |   23:19:05   |   01:08:36   |


Iter        |      Posterior   |     Likelihood   |          Prior   |    elapsed   |        ETA   |
----------------------------------------------------------------------------------------------------
11440       |       -2444.26   |       -2452.89   |        8.62996   |   23:19:24   |   01:08:30   |
11441       |       -2446.07   |       -2454.69   |        8.62002   |   23:22:28   |   01:08:31   |
11442       |       -2446.55   |       -2454.35   |        7.79452   |   23:22:48   |   01:08:24   |
11443       |       -2447.41   |       -2455.37   |        7.96084   |   23:23:07   |   01:08:17   |
11444       |       -2447.41   |       -2455.37   |        7.96084   |   23:23:26   |   01:08:11   |
11445       |        -2447.2   |       -2455.16   |        7.96084   |   23:23:45   |   01:08:04   |
11446       |        -2445.9   |       -2453.92   |        8.01241   |   23:24:03   |   01:07:57   |
11447       |       -2449.68   |       -2457.69   |        8.01029   |   23:24:22   |   01:07:50   |
11448       |       -2449.68   |       -2457.69   |        8.01029   |   23:24:41   |   01:07:43   |
11449       |       -2446.36   |       -2454.29   |        7.92297   |   23:24:58   |   01:07:36   |
11450       |       -2446.34   |       -2455.35   |        9.01624   |   23:25:17   |   01:07:30   |
11451       |       -2449.36   |       -2457.57   |        8.21743   |   23:28:21   |   01:07:31   |
11452       |       -2446.72   |       -2454.93   |         8.2133   |   23:28:40   |   01:07:24   |
11453       |       -2448.88   |       -2456.83   |        7.94776   |   23:28:58   |   01:07:17   |
11454       |       -2448.86   |       -2457.03   |        8.16715   |   23:29:18   |   01:07:10   |
11455       |       -2444.74   |       -2452.94   |        8.19675   |   23:29:37   |   01:07:03   |
11456       |       -2444.12   |       -2452.32   |        8.19911   |   23:29:56   |   01:06:57   |
11457       |       -2443.95   |       -2452.15   |        8.20164   |   23:30:15   |   01:06:50   |
11458       |       -2445.22   |       -2453.44   |        8.21242   |   23:30:33   |   01:06:43   |
11459       |       -2444.01   |       -2452.19   |        8.18584   |   23:30:52   |   01:06:36   |


Iter        |      Posterior   |     Likelihood   |          Prior   |    elapsed   |        ETA   |
----------------------------------------------------------------------------------------------------
11460       |       -2444.14   |        -2452.2   |         8.0618   |   23:31:10   |   01:06:29   |
11461       |       -2444.18   |       -2452.43   |        8.24449   |   23:33:56   |   01:06:29   |
11462       |       -2445.73   |       -2452.18   |        6.44946   |   23:34:13   |   01:06:22   |
11463       |       -2445.26   |       -2451.72   |        6.46041   |   23:34:30   |   01:06:15   |
11464       |       -2446.23   |       -2452.47   |        6.23467   |   23:34:47   |   01:06:08   |
11465       |       -2443.43   |       -2449.79   |        6.36795   |   23:35:04   |   01:06:01   |
11466       |       -2443.56   |       -2449.92   |        6.36311   |   23:35:21   |   01:05:54   |
11467       |       -2443.84   |       -2451.77   |        7.93416   |   23:35:38   |   01:05:48   |
11468       |       -2443.89   |       -2451.83   |        7.93418   |   23:35:56   |   01:05:41   |
11469       |       -2443.83   |       -2451.77   |        7.94408   |   23:36:14   |   01:05:34   |
11470       |       -2442.64   |       -2450.78   |        8.13251   |   23:36:33   |   01:05:27   |
11471       |        -2442.7   |       -2450.83   |        8.13038   |   23:39:31   |   01:05:27   |
11472       |       -2443.48   |       -2451.73   |        8.24918   |   23:39:48   |   01:05:20   |
11473       |       -2442.89   |       -2451.14   |        8.25182   |   23:40:07   |   01:05:13   |
11474       |       -2442.95   |       -2451.23   |        8.28051   |   23:40:25   |   01:05:06   |
11475       |       -2443.74   |       -2451.75   |        8.00423   |   23:40:44   |   01:05:00   |
11476       |       -2442.45   |       -2451.45   |        9.00611   |   23:41:03   |   01:04:53   |
11477       |       -2443.22   |       -2452.11   |        8.88605   |   23:41:22   |   01:04:46   |
11478       |       -2447.15   |       -2456.03   |        8.87994   |   23:41:41   |   01:04:39   |
11479       |       -2452.97   |       -2461.81   |        8.84061   |   23:42:00   |   01:04:32   |


Iter        |      Posterior   |     Likelihood   |          Prior   |    elapsed   |        ETA   |
----------------------------------------------------------------------------------------------------
11480       |       -2445.15   |       -2454.05   |        8.89732   |   23:42:19   |   01:04:25   |
11481       |       -2445.15   |       -2454.05   |        8.89732   |   23:45:24   |   01:04:26   |
11482       |       -2444.64   |       -2453.06   |        8.42309   |   23:45:42   |   01:04:19   |
11483       |       -2444.99   |       -2453.57   |         8.5778   |   23:46:02   |   01:04:12   |
11484       |       -2443.28   |       -2452.02   |        8.74296   |   23:46:20   |   01:04:05   |
11485       |       -2443.96   |       -2453.59   |        9.62808   |   23:46:40   |   01:03:58   |
11486       |       -2444.63   |       -2452.44   |        7.80989   |   23:46:58   |   01:03:51   |
11487       |       -2445.98   |       -2453.77   |        7.78994   |   23:47:17   |   01:03:44   |
11488       |       -2447.06   |       -2454.54   |         7.4818   |   23:47:34   |   01:03:37   |
11489       |       -2447.67   |       -2455.14   |        7.47193   |   23:47:53   |   01:03:30   |
11490       |       -2447.67   |       -2455.14   |        7.47193   |   23:48:12   |   01:03:23   |
11491       |        -2446.2   |       -2454.12   |        7.91485   |   23:51:16   |   01:03:23   |
11492       |       -2450.53   |       -2458.45   |        7.91544   |   23:51:36   |   01:03:17   |
11493       |       -2445.48   |       -2453.38   |        7.89961   |   23:51:55   |   01:03:10   |
11494       |       -2447.75   |       -2455.65   |        7.90861   |   23:52:14   |   01:03:03   |
11495       |        -2444.4   |       -2452.06   |        7.65713   |   23:52:33   |   01:02:56   |
11496       |       -2444.23   |       -2451.89   |        7.65781   |   23:52:52   |   01:02:49   |
11497       |       -2444.05   |        -2451.7   |        7.64608   |   23:53:11   |   01:02:42   |
11498       |       -2444.86   |       -2454.04   |        9.17864   |   23:53:30   |   01:02:35   |
11499       |       -2446.41   |       -2456.23   |        9.81628   |   23:53:49   |   01:02:28   |


Iter        |      Posterior   |     Likelihood   |          Prior   |    elapsed   |        ETA   |
----------------------------------------------------------------------------------------------------
11500       |       -2447.22   |        -2456.1   |        8.88206   |   23:54:08   |   01:02:21   |
11501       |       -2444.52   |       -2453.41   |         8.8956   |   23:57:13   |   01:02:21   |
11502       |       -2442.92   |       -2451.82   |        8.89597   |   23:57:32   |   01:02:14   |
11503       |        -2442.8   |       -2451.68   |        8.87982   |   23:57:49   |   01:02:07   |
11504       |       -2447.56   |        -2457.6   |        10.0371   |   23:58:08   |   01:02:00   |
11505       |       -2445.63   |       -2455.03   |        9.40109   |   23:58:27   |   01:01:53   |
11506       |       -2444.88   |       -2454.56   |        9.67216   |   23:58:46   |   01:01:46   |
11507       |       -2445.23   |        -2454.9   |        9.66632   |   23:59:05   |   01:01:39   |
11508       |        -2445.3   |       -2454.84   |        9.54409   |   23:59:24   |   01:01:32   |
11509       |       -2446.13   |       -2455.65   |        9.51968   |   23:59:43   |   01:01:25   |
11510       |       -2444.41   |       -2454.13   |        9.72139   |   24:00:02   |   01:01:18   |
11511       |       -2443.64   |       -2453.85   |        10.2064   |   24:02:51   |   01:01:17   |
11512       |       -2443.61   |       -2453.82   |        10.2048   |   24:03:08   |   01:01:10   |
11513       |       -2444.73   |       -2454.93   |        10.2001   |   24:03:25   |   01:01:03   |
11514       |       -2445.79   |       -2455.96   |        10.1674   |   24:03:42   |   01:00:56   |
11515       |       -2446.24   |       -2456.35   |        10.1041   |   24:03:59   |   01:00:49   |
11516       |       -2445.66   |       -2456.09   |        10.4226   |   24:04:16   |   01:00:42   |
11517       |        -2445.9   |       -2456.32   |        10.4192   |   24:04:33   |   01:00:34   |
11518       |       -2448.41   |       -2458.82   |        10.4124   |   24:04:50   |   01:00:27   |
11519       |       -2445.48   |       -2455.91   |        10.4225   |   24:05:07   |   01:00:20   |


Iter        |      Posterior   |     Likelihood   |          Prior   |    elapsed   |        ETA   |
----------------------------------------------------------------------------------------------------
11520       |        -2447.1   |       -2457.51   |        10.4057   |   24:05:24   |   01:00:13   |
11521       |       -2445.31   |       -2455.48   |        10.1696   |   24:08:23   |   01:00:13   |
11522       |       -2447.33   |       -2457.49   |        10.1648   |   24:08:41   |   01:00:05   |
11523       |        -2445.1   |       -2456.15   |        11.0517   |   24:08:59   |   00:59:58   |
11524       |       -2447.62   |       -2458.63   |        11.0098   |   24:09:17   |   00:59:51   |
11525       |       -2447.26   |       -2458.91   |        11.6454   |   24:09:36   |   00:59:44   |
11526       |       -2446.41   |       -2457.01   |        10.6018   |   24:09:54   |   00:59:37   |
11527       |        -2447.5   |       -2458.12   |        10.6204   |   24:10:13   |   00:59:30   |
11528       |       -2442.67   |       -2453.09   |        10.4282   |   24:10:32   |   00:59:23   |
11529       |        -2442.8   |       -2451.82   |        9.02137   |   24:10:51   |   00:59:16   |
11530       |       -2444.74   |       -2454.15   |        9.41223   |   24:11:10   |   00:59:09   |
11531       |       -2443.92   |        -2453.6   |        9.68514   |   24:14:14   |   00:59:08   |
11532       |       -2448.03   |       -2457.22   |        9.19731   |   24:14:33   |   00:59:01   |
11533       |       -2448.25   |       -2457.46   |        9.20855   |   24:14:52   |   00:58:54   |
11534       |       -2445.36   |        -2455.8   |        10.4348   |   24:15:11   |   00:58:47   |
11535       |       -2445.36   |        -2455.8   |        10.4348   |   24:15:30   |   00:58:40   |
11536       |       -2445.58   |       -2456.01   |        10.4301   |   24:15:49   |   00:58:33   |
11537       |       -2444.67   |        -2455.1   |        10.4264   |   24:16:08   |   00:58:26   |
11538       |       -2449.86   |       -2459.42   |        9.56586   |   24:16:27   |   00:58:19   |
11539       |       -2443.11   |       -2452.69   |        9.58304   |   24:16:45   |   00:58:11   |


Iter        |      Posterior   |     Likelihood   |          Prior   |    elapsed   |        ETA   |
----------------------------------------------------------------------------------------------------
11540       |       -2442.58   |       -2452.06   |        9.48609   |   24:17:03   |   00:58:04   |
11541       |       -2446.07   |       -2454.83   |        8.75783   |   24:20:07   |   00:58:04   |
11542       |       -2448.22   |       -2457.26   |         9.0385   |   24:20:25   |   00:57:57   |
11543       |       -2444.84   |       -2453.46   |        8.61982   |   24:20:44   |   00:57:49   |
11544       |       -2442.97   |       -2451.61   |        8.63954   |   24:21:03   |   00:57:42   |
11545       |       -2445.73   |       -2454.12   |        8.38246   |   24:21:22   |   00:57:35   |
11546       |       -2447.49   |       -2455.85   |        8.36378   |   24:21:42   |   00:57:28   |
11547       |       -2447.49   |       -2455.85   |        8.36378   |   24:22:01   |   00:57:21   |
11548       |       -2446.29   |       -2454.52   |        8.23112   |   24:22:20   |   00:57:14   |
11549       |       -2444.64   |       -2452.87   |        8.22933   |   24:22:39   |   00:57:07   |
11550       |       -2445.91   |       -2455.28   |        9.37114   |   24:22:57   |   00:56:59   |
11551       |       -2444.07   |       -2453.47   |        9.40125   |   24:26:02   |   00:56:59   |
11552       |       -2443.58   |       -2452.96   |        9.38209   |   24:26:21   |   00:56:52   |
11553       |       -2443.56   |       -2452.95   |        9.38209   |   24:26:40   |   00:56:44   |
11554       |       -2442.92   |       -2452.31   |        9.39256   |   24:26:59   |   00:56:37   |
11555       |       -2442.92   |       -2452.31   |        9.39256   |   24:27:16   |   00:56:30   |
11556       |       -2443.36   |       -2452.17   |        8.81028   |   24:27:35   |   00:56:23   |
11557       |       -2442.96   |       -2452.34   |        9.38368   |   24:27:54   |   00:56:16   |
11558       |       -2444.83   |        -2454.2   |        9.36538   |   24:28:13   |   00:56:08   |
11559       |       -2443.95   |       -2453.55   |        9.60453   |   24:28:32   |   00:56:01   |


Iter        |      Posterior   |     Likelihood   |          Prior   |    elapsed   |        ETA   |
----------------------------------------------------------------------------------------------------
11560       |       -2442.92   |       -2452.27   |        9.35085   |   24:28:51   |   00:55:54   |
11561       |       -2442.86   |       -2452.45   |        9.59262   |   24:31:44   |   00:55:53   |
11562       |        -2446.3   |       -2455.04   |        8.73802   |   24:32:01   |   00:55:45   |
11563       |       -2444.44   |       -2454.58   |        10.1416   |   24:32:18   |   00:55:38   |
11564       |       -2446.51   |       -2456.26   |        9.75092   |   24:32:35   |   00:55:31   |
11565       |       -2445.29   |       -2455.15   |        9.85969   |   24:32:52   |   00:55:23   |
11566       |       -2448.68   |       -2458.55   |        9.86946   |   24:33:09   |   00:55:16   |
11567       |       -2445.95   |       -2455.99   |         10.045   |   24:33:26   |   00:55:09   |
11568       |       -2444.78   |       -2455.68   |        10.8985   |   24:33:43   |   00:55:02   |
11569       |       -2443.55   |       -2454.08   |        10.5228   |   24:34:00   |   00:54:54   |
11570       |       -2445.28   |       -2455.43   |        10.1452   |   24:34:17   |   00:54:47   |
11571       |       -2445.72   |       -2455.74   |        10.0195   |   24:37:15   |   00:54:46   |
11572       |       -2445.77   |       -2455.78   |        10.0051   |   24:37:34   |   00:54:38   |
11573       |       -2446.04   |       -2456.23   |        10.1962   |   24:37:52   |   00:54:31   |
11574       |       -2443.66   |       -2453.02   |        9.36025   |   24:38:10   |   00:54:24   |
11575       |       -2442.36   |       -2451.72   |         9.3679   |   24:38:28   |   00:54:17   |
11576       |       -2443.13   |       -2452.27   |        9.13597   |   24:38:46   |   00:54:09   |
11577       |       -2443.64   |       -2452.77   |         9.1313   |   24:39:05   |   00:54:02   |
11578       |       -2444.14   |       -2452.86   |        8.71909   |   24:39:23   |   00:53:55   |
11579       |       -2443.43   |       -2452.88   |        9.45071   |   24:39:42   |   00:53:48   |


Iter        |      Posterior   |     Likelihood   |          Prior   |    elapsed   |        ETA   |
----------------------------------------------------------------------------------------------------
11580       |       -2442.92   |       -2452.37   |        9.45557   |   24:40:01   |   00:53:40   |
11581       |       -2443.16   |       -2451.12   |        7.96429   |   24:43:06   |   00:53:39   |
11582       |       -2445.43   |       -2453.38   |        7.95372   |   24:43:25   |   00:53:32   |
11583       |       -2442.97   |       -2450.55   |        7.58955   |   24:43:44   |   00:53:24   |
11584       |       -2442.88   |        -2450.3   |        7.42541   |   24:44:03   |   00:53:17   |
11585       |       -2443.18   |       -2451.43   |        8.25269   |   24:44:22   |   00:53:10   |
11586       |       -2445.77   |        -2454.3   |        8.53164   |   24:44:41   |   00:53:03   |
11587       |       -2443.25   |       -2452.89   |        9.63853   |   24:45:00   |   00:52:55   |
11588       |          -2445   |       -2454.96   |        9.96148   |   24:45:19   |   00:52:48   |
11589       |       -2444.23   |       -2454.83   |        10.6022   |   24:45:38   |   00:52:41   |
11590       |       -2444.91   |       -2456.07   |        11.1675   |   24:45:56   |   00:52:33   |
11591       |       -2446.51   |       -2455.84   |        9.32843   |   24:49:01   |   00:52:32   |
11592       |        -2446.9   |       -2456.22   |        9.32756   |   24:49:20   |   00:52:25   |
11593       |       -2446.83   |       -2456.98   |        10.1491   |   24:49:37   |   00:52:17   |
11594       |       -2444.68   |       -2454.81   |         10.135   |   24:49:56   |   00:52:10   |
11595       |       -2447.46   |       -2457.59   |        10.1284   |   24:50:15   |   00:52:03   |
11596       |       -2447.54   |       -2457.66   |        10.1284   |   24:50:34   |   00:51:55   |
11597       |       -2444.81   |       -2454.81   |        9.99861   |   24:50:53   |   00:51:48   |
11598       |       -2444.81   |       -2454.81   |        9.99861   |   24:51:12   |   00:51:41   |
11599       |       -2445.43   |       -2455.21   |        9.77951   |   24:51:31   |   00:51:33   |


Iter        |      Posterior   |     Likelihood   |          Prior   |    elapsed   |        ETA   |
----------------------------------------------------------------------------------------------------
11600       |       -2446.19   |       -2455.59   |        9.40126   |   24:51:50   |   00:51:26   |
11601       |       -2443.18   |       -2452.59   |        9.40896   |   24:54:54   |   00:51:24   |
11602       |       -2444.33   |       -2453.73   |        9.39689   |   24:55:13   |   00:51:17   |
11603       |       -2443.56   |       -2452.13   |        8.56986   |   24:55:31   |   00:51:10   |
11604       |       -2444.23   |        -2452.8   |        8.57264   |   24:55:51   |   00:51:02   |
11605       |       -2445.04   |       -2454.81   |        9.76568   |   24:56:09   |   00:50:55   |
11606       |        -2443.1   |       -2452.85   |        9.74803   |   24:56:26   |   00:50:48   |
11607       |       -2442.89   |       -2451.86   |        8.97055   |   24:56:45   |   00:50:40   |
11608       |       -2443.37   |       -2453.09   |        9.72045   |   24:57:04   |   00:50:33   |
11609       |       -2443.97   |       -2453.97   |        9.99738   |   24:57:23   |   00:50:25   |
11610       |       -2444.62   |       -2454.82   |        10.2015   |   24:57:42   |   00:50:18   |
11611       |       -2443.91   |       -2453.48   |        9.57512   |   25:00:39   |   00:50:16   |
11612       |       -2444.22   |       -2453.67   |        9.45257   |   25:00:56   |   00:50:09   |
11613       |       -2442.46   |       -2451.93   |        9.47228   |   25:01:13   |   00:50:01   |
11614       |       -2443.06   |       -2453.06   |        9.99301   |   25:01:30   |   00:49:54   |
11615       |       -2443.96   |       -2453.99   |        10.0374   |   25:01:47   |   00:49:46   |
11616       |       -2445.65   |       -2454.82   |        9.17021   |   25:02:04   |   00:49:39   |
11617       |       -2446.63   |       -2455.78   |        9.14453   |   25:02:21   |   00:49:31   |
11618       |       -2442.98   |       -2452.14   |        9.16149   |   25:02:39   |   00:49:24   |
11619       |       -2444.35   |       -2453.47   |        9.12327   |   25:02:56   |   00:49:16   |


Iter        |      Posterior   |     Likelihood   |          Prior   |    elapsed   |        ETA   |
----------------------------------------------------------------------------------------------------
11620       |       -2444.35   |       -2453.47   |        9.12327   |   25:03:13   |   00:49:09   |
11621       |       -2444.26   |       -2453.38   |        9.12392   |   25:06:08   |   00:49:07   |
11622       |       -2446.11   |       -2456.99   |        10.8814   |   25:06:27   |   00:48:59   |
11623       |       -2445.97   |       -2456.22   |        10.2536   |   25:06:45   |   00:48:52   |
11624       |       -2444.55   |       -2454.82   |         10.265   |   25:07:03   |   00:48:44   |
11625       |       -2444.09   |       -2454.36   |        10.2671   |   25:07:21   |   00:48:37   |
11626       |       -2446.61   |       -2456.87   |        10.2589   |   25:07:39   |   00:48:30   |
11627       |       -2443.62   |       -2454.72   |        11.1002   |   25:07:57   |   00:48:22   |
11628       |       -2446.32   |       -2457.55   |        11.2361   |   25:08:16   |   00:48:15   |
11629       |       -2445.94   |       -2457.18   |        11.2427   |   25:08:34   |   00:48:07   |
11630       |       -2446.45   |       -2457.68   |        11.2265   |   25:08:53   |   00:48:00   |
11631       |        -2445.4   |       -2457.19   |        11.7886   |   25:11:57   |   00:47:58   |
11632       |        -2445.4   |       -2456.24   |        10.8411   |   25:12:16   |   00:47:50   |
11633       |       -2444.47   |       -2455.12   |        10.6518   |   25:12:35   |   00:47:43   |
11634       |       -2446.15   |       -2456.79   |        10.6436   |   25:12:54   |   00:47:35   |
11635       |       -2445.97   |       -2456.73   |         10.767   |   25:13:13   |   00:47:28   |
11636       |       -2446.11   |       -2456.88   |        10.7661   |   25:13:32   |   00:47:20   |
11637       |       -2445.59   |       -2456.36   |        10.7684   |   25:13:51   |   00:47:13   |
11638       |       -2445.76   |       -2456.37   |        10.6024   |   25:14:10   |   00:47:05   |
11639       |       -2446.15   |       -2456.45   |        10.3042   |   25:14:29   |   00:46:58   |


Iter        |      Posterior   |     Likelihood   |          Prior   |    elapsed   |        ETA   |
----------------------------------------------------------------------------------------------------
11640       |       -2444.21   |       -2454.51   |        10.3061   |   25:14:48   |   00:46:50   |
11641       |        -2444.3   |       -2454.62   |        10.3195   |   25:17:53   |   00:46:48   |
11642       |       -2443.86   |       -2454.18   |        10.3214   |   25:18:12   |   00:46:41   |
11643       |       -2443.86   |       -2454.18   |        10.3214   |   25:18:31   |   00:46:33   |
11644       |       -2449.52   |       -2458.61   |        9.09371   |   25:18:49   |   00:46:26   |
11645       |       -2449.52   |       -2458.61   |        9.09371   |   25:19:07   |   00:46:18   |
11646       |       -2453.07   |       -2462.15   |        9.08287   |   25:19:26   |   00:46:11   |
11647       |       -2446.17   |       -2455.21   |        9.04003   |   25:19:45   |   00:46:03   |
11648       |       -2445.67   |       -2454.73   |        9.06057   |   25:20:04   |   00:45:56   |
11649       |       -2444.69   |       -2453.45   |        8.75952   |   25:20:23   |   00:45:48   |
11650       |       -2451.49   |        -2458.5   |        7.01221   |   25:20:43   |   00:45:41   |
11651       |        -2445.1   |       -2454.32   |        9.21915   |   25:23:47   |   00:45:38   |
11652       |       -2444.41   |       -2453.53   |        9.12377   |   25:24:06   |   00:45:31   |
11653       |       -2445.52   |       -2454.57   |        9.04672   |   25:24:25   |   00:45:23   |
11654       |       -2443.55   |       -2451.92   |         8.3696   |   25:24:44   |   00:45:16   |
11655       |       -2442.57   |       -2451.04   |        8.47091   |   25:25:02   |   00:45:08   |
11656       |       -2442.55   |       -2451.02   |        8.47105   |   25:25:21   |   00:45:01   |
11657       |        -2443.4   |       -2452.76   |        9.35785   |   25:25:40   |   00:44:53   |
11658       |       -2443.26   |       -2451.49   |        8.22403   |   25:25:57   |   00:44:45   |
11659       |       -2443.26   |       -2451.49   |        8.22403   |   25:26:16   |   00:44:38   |


Iter        |      Posterior   |     Likelihood   |          Prior   |    elapsed   |        ETA   |
----------------------------------------------------------------------------------------------------
11660       |       -2443.26   |       -2451.43   |        8.16472   |   25:26:35   |   00:44:30   |
11661       |       -2443.26   |       -2451.43   |        8.16472   |   25:29:35   |   00:44:28   |
11662       |       -2443.16   |       -2451.33   |        8.16594   |   25:29:52   |   00:44:20   |
11663       |       -2447.92   |       -2453.86   |        5.94065   |   25:30:09   |   00:44:12   |
11664       |       -2445.86   |       -2452.62   |        6.75711   |   25:30:26   |   00:44:05   |
11665       |       -2444.81   |       -2452.38   |        7.56702   |   25:30:43   |   00:43:57   |
11666       |       -2444.91   |       -2453.25   |        8.33883   |   25:31:00   |   00:43:49   |
11667       |       -2445.72   |       -2454.06   |        8.33807   |   25:31:17   |   00:43:42   |
11668       |       -2445.13   |       -2453.48   |        8.34276   |   25:31:34   |   00:43:34   |
11669       |          -2445   |       -2452.94   |        7.94578   |   25:31:51   |   00:43:27   |
11670       |       -2445.85   |       -2453.79   |         7.9472   |   25:32:08   |   00:43:19   |
11671       |       -2445.54   |       -2453.49   |        7.95002   |   25:34:59   |   00:43:16   |
11672       |       -2447.28   |       -2455.15   |        7.87888   |   25:35:18   |   00:43:08   |
11673       |       -2447.16   |       -2455.38   |        8.22083   |   25:35:37   |   00:43:01   |
11674       |        -2446.6   |       -2454.82   |        8.22909   |   25:35:56   |   00:42:53   |
11675       |       -2444.73   |        -2452.8   |        8.07622   |   25:36:14   |   00:42:45   |
11676       |       -2444.09   |       -2451.97   |        7.88396   |   25:36:33   |   00:42:38   |
11677       |       -2444.22   |       -2452.11   |         7.8848   |   25:36:51   |   00:42:30   |
11678       |       -2445.32   |       -2453.19   |        7.87294   |   25:37:09   |   00:42:23   |
11679       |       -2443.64   |       -2451.51   |         7.8735   |   25:37:27   |   00:42:15   |


Iter        |      Posterior   |     Likelihood   |          Prior   |    elapsed   |        ETA   |
----------------------------------------------------------------------------------------------------
11680       |       -2446.56   |        -2455.2   |         8.6336   |   25:37:45   |   00:42:07   |
11681       |       -2447.48   |       -2456.24   |        8.76057   |   25:40:51   |   00:42:04   |
11682       |       -2443.49   |       -2451.56   |        8.07078   |   25:41:10   |   00:41:57   |
11683       |       -2442.99   |       -2452.42   |        9.43399   |   25:41:26   |   00:41:49   |
11684       |       -2442.07   |       -2450.85   |         8.7814   |   25:41:46   |   00:41:41   |
11685       |        -2442.7   |       -2451.48   |        8.77813   |   25:42:04   |   00:41:34   |
11686       |       -2444.96   |       -2453.73   |        8.77137   |   25:42:24   |   00:41:26   |
11687       |       -2445.82   |       -2454.58   |        8.76301   |   25:42:43   |   00:41:19   |
11688       |       -2443.06   |        -2452.4   |        9.33754   |   25:43:02   |   00:41:11   |
11689       |       -2443.12   |       -2452.51   |        9.38638   |   25:43:21   |   00:41:03   |
11690       |       -2443.12   |       -2452.51   |        9.38638   |   25:43:40   |   00:40:56   |
11691       |       -2443.33   |       -2452.71   |        9.38691   |   25:46:45   |   00:40:52   |
11692       |       -2443.61   |       -2452.96   |        9.35251   |   25:47:04   |   00:40:45   |
11693       |       -2444.55   |       -2453.93   |        9.38827   |   25:47:23   |   00:40:37   |
11694       |       -2442.87   |       -2452.28   |        9.40926   |   25:47:42   |   00:40:29   |
11695       |       -2442.98   |       -2452.49   |        9.50696   |   25:48:01   |   00:40:22   |
11696       |          -2443   |       -2452.29   |        9.29792   |   25:48:18   |   00:40:14   |
11697       |       -2443.41   |       -2453.06   |        9.65359   |   25:48:37   |   00:40:06   |
11698       |       -2443.98   |       -2453.62   |        9.63196   |   25:48:56   |   00:39:59   |
11699       |       -2443.03   |       -2452.68   |        9.65305   |   25:49:15   |   00:39:51   |


Iter        |      Posterior   |     Likelihood   |          Prior   |    elapsed   |        ETA   |
----------------------------------------------------------------------------------------------------
11700       |       -2445.08   |       -2454.98   |        9.90444   |   25:49:35   |   00:39:43   |
11701       |       -2445.07   |       -2454.98   |        9.90444   |   25:52:39   |   00:39:40   |
11702       |       -2445.07   |       -2454.98   |        9.90444   |   25:52:58   |   00:39:32   |
11703       |       -2445.07   |       -2454.98   |        9.90444   |   25:53:17   |   00:39:25   |
11704       |        -2445.9   |       -2455.83   |        9.92871   |   25:53:36   |   00:39:17   |
11705       |       -2445.68   |       -2455.61   |        9.92678   |   25:53:55   |   00:39:09   |
11706       |       -2448.02   |       -2457.61   |        9.59182   |   25:54:14   |   00:39:02   |
11707       |       -2444.49   |       -2453.77   |        9.28185   |   25:54:33   |   00:38:54   |
11708       |       -2444.59   |       -2453.87   |        9.28024   |   25:54:53   |   00:38:46   |
11709       |       -2442.76   |       -2450.06   |        7.30185   |   25:55:11   |   00:38:39   |
11710       |       -2442.76   |       -2450.06   |        7.30185   |   25:55:29   |   00:38:31   |
11711       |       -2443.19   |       -2450.48   |        7.29844   |   25:58:34   |   00:38:27   |
11712       |       -2443.21   |       -2450.48   |        7.26737   |   25:58:50   |   00:38:19   |
11713       |       -2444.66   |       -2451.82   |        7.16323   |   25:59:07   |   00:38:12   |
11714       |       -2448.91   |       -2456.06   |        7.15074   |   25:59:24   |   00:38:04   |
11715       |       -2448.91   |       -2456.06   |        7.15074   |   25:59:41   |   00:37:56   |
11716       |       -2444.06   |       -2451.55   |        7.49074   |   25:59:58   |   00:37:48   |
11717       |       -2444.52   |       -2452.03   |        7.50918   |   26:00:15   |   00:37:41   |
11718       |        -2445.2   |       -2452.58   |        7.37815   |   26:00:32   |   00:37:33   |
11719       |       -2443.13   |       -2452.23   |        9.10522   |   26:00:49   |   00:37:25   |


Iter        |      Posterior   |     Likelihood   |          Prior   |    elapsed   |        ETA   |
----------------------------------------------------------------------------------------------------
11720       |       -2443.44   |       -2452.55   |        9.10291   |   26:01:06   |   00:37:17   |
11721       |        -2443.8   |       -2452.89   |        9.09194   |   26:03:55   |   00:37:13   |
11722       |       -2442.23   |       -2451.35   |        9.11721   |   26:04:15   |   00:37:05   |
11723       |       -2442.23   |       -2451.35   |        9.11721   |   26:04:34   |   00:36:58   |
11724       |       -2442.23   |       -2451.35   |        9.11721   |   26:04:53   |   00:36:50   |
11725       |       -2442.99   |       -2452.12   |        9.12651   |   26:05:12   |   00:36:42   |
11726       |       -2443.09   |        -2452.2   |        9.10681   |   26:05:30   |   00:36:34   |
11727       |       -2443.52   |       -2452.62   |        9.10587   |   26:05:48   |   00:36:27   |
11728       |       -2443.94   |       -2453.43   |        9.49191   |   26:06:07   |   00:36:19   |
11729       |       -2443.84   |       -2453.46   |        9.61871   |   26:06:25   |   00:36:11   |
11730       |       -2443.84   |       -2453.46   |        9.61871   |   26:06:43   |   00:36:03   |
11731       |        -2446.9   |        -2456.5   |        9.60477   |   26:09:48   |   00:35:59   |
11732       |        -2446.9   |        -2456.5   |        9.60477   |   26:10:07   |   00:35:52   |
11733       |       -2446.94   |        -2456.1   |        9.16625   |   26:10:25   |   00:35:44   |
11734       |       -2447.47   |       -2456.62   |        9.15264   |   26:10:42   |   00:35:36   |
11735       |       -2449.37   |       -2458.67   |        9.30225   |   26:11:01   |   00:35:28   |
11736       |       -2449.95   |       -2459.25   |         9.3009   |   26:11:20   |   00:35:20   |
11737       |       -2443.67   |       -2453.53   |        9.86444   |   26:11:39   |   00:35:13   |
11738       |       -2447.04   |       -2456.88   |        9.84808   |   26:11:58   |   00:35:05   |
11739       |       -2447.04   |       -2456.88   |        9.84808   |   26:12:18   |   00:34:57   |


Iter        |      Posterior   |     Likelihood   |          Prior   |    elapsed   |        ETA   |
----------------------------------------------------------------------------------------------------
11740       |       -2444.66   |       -2454.65   |        9.98837   |   26:12:36   |   00:34:49   |
11741       |       -2444.64   |       -2454.87   |        10.2236   |   26:15:41   |   00:34:45   |
11742       |       -2444.96   |       -2455.21   |        10.2436   |   26:16:00   |   00:34:37   |
11743       |        -2444.5   |       -2454.51   |        10.0046   |   26:16:19   |   00:34:29   |
11744       |       -2443.57   |       -2453.58   |        10.0108   |   26:16:38   |   00:34:22   |
11745       |       -2443.77   |       -2452.77   |        9.00396   |   26:16:57   |   00:34:14   |
11746       |       -2444.09   |       -2453.08   |        8.99302   |   26:17:16   |   00:34:06   |
11747       |       -2444.84   |       -2453.81   |        8.97463   |   26:17:33   |   00:33:58   |
11748       |       -2445.07   |       -2454.03   |        8.96187   |   26:17:52   |   00:33:50   |
11749       |       -2446.68   |       -2457.08   |        10.4086   |   26:18:11   |   00:33:42   |
11750       |       -2447.82   |       -2456.87   |        9.05208   |   26:18:30   |   00:33:35   |
11751       |       -2449.52   |       -2456.68   |        7.16172   |   26:21:34   |   00:33:30   |
11752       |       -2448.41   |       -2455.58   |        7.16465   |   26:21:53   |   00:33:22   |
11753       |       -2445.07   |       -2454.04   |        8.96552   |   26:22:13   |   00:33:15   |
11754       |        -2442.3   |       -2451.23   |        8.92821   |   26:22:32   |   00:33:07   |
11755       |       -2442.91   |       -2451.94   |        9.03344   |   26:22:50   |   00:32:59   |
11756       |       -2443.48   |       -2452.51   |         9.0313   |   26:23:10   |   00:32:51   |
11757       |       -2443.48   |       -2452.51   |         9.0313   |   26:23:28   |   00:32:43   |
11758       |       -2444.06   |       -2452.53   |         8.4719   |   26:23:47   |   00:32:35   |
11759       |       -2443.06   |       -2451.03   |        7.97193   |   26:24:06   |   00:32:27   |


Iter        |      Posterior   |     Likelihood   |          Prior   |    elapsed   |        ETA   |
----------------------------------------------------------------------------------------------------
11760       |       -2444.08   |       -2452.21   |        8.13015   |   26:24:24   |   00:32:20   |
11761       |       -2443.99   |       -2453.17   |        9.18296   |   26:27:28   |   00:32:15   |
11762       |       -2444.77   |       -2453.01   |        8.24028   |   26:27:46   |   00:32:07   |
11763       |       -2444.77   |       -2453.01   |        8.24028   |   26:28:03   |   00:31:59   |
11764       |       -2444.56   |       -2453.47   |        8.91416   |   26:28:20   |   00:31:51   |
11765       |        -2443.8   |       -2452.64   |        8.84129   |   26:28:37   |   00:31:43   |
11766       |       -2443.39   |       -2452.29   |        8.89609   |   26:28:54   |   00:31:35   |
11767       |        -2442.2   |       -2450.25   |        8.04737   |   26:29:11   |   00:31:28   |
11768       |       -2443.67   |       -2451.41   |        7.73836   |   26:29:28   |   00:31:20   |
11769       |       -2445.11   |       -2452.83   |        7.72597   |   26:29:45   |   00:31:12   |
11770       |       -2443.94   |       -2453.07   |        9.12868   |   26:30:02   |   00:31:04   |
11771       |       -2445.03   |       -2454.16   |        9.12126   |   26:32:49   |   00:30:59   |
11772       |       -2445.08   |       -2453.01   |        7.92107   |   26:33:09   |   00:30:51   |
11773       |       -2443.19   |       -2451.49   |        8.30335   |   26:33:28   |   00:30:43   |
11774       |       -2443.07   |       -2451.65   |        8.58188   |   26:33:47   |   00:30:35   |
11775       |        -2442.5   |       -2450.94   |        8.43825   |   26:34:06   |   00:30:27   |
11776       |       -2443.09   |       -2451.52   |        8.42943   |   26:34:25   |   00:30:19   |
11777       |       -2445.13   |       -2453.57   |        8.44118   |   26:34:43   |   00:30:11   |
11778       |       -2445.25   |       -2453.69   |        8.43576   |   26:35:01   |   00:30:03   |
11779       |       -2444.11   |       -2452.67   |        8.56341   |   26:35:20   |   00:29:55   |


Iter        |      Posterior   |     Likelihood   |          Prior   |    elapsed   |        ETA   |
----------------------------------------------------------------------------------------------------
11780       |       -2444.71   |       -2453.34   |        8.63769   |   26:35:38   |   00:29:47   |
11781       |       -2443.02   |       -2452.04   |        9.02511   |   26:38:40   |   00:29:43   |
11782       |       -2445.92   |       -2454.93   |        9.00518   |   26:38:59   |   00:29:35   |
11783       |       -2444.47   |       -2453.51   |        9.03302   |   26:39:18   |   00:29:27   |
11784       |       -2443.58   |       -2452.61   |        9.03267   |   26:39:37   |   00:29:19   |
11785       |       -2444.28   |       -2454.47   |        10.1912   |   26:39:54   |   00:29:11   |
11786       |       -2443.79   |       -2452.98   |        9.19019   |   26:40:13   |   00:29:03   |
11787       |       -2444.72   |       -2453.92   |        9.20196   |   26:40:32   |   00:28:55   |
11788       |       -2443.85   |       -2452.84   |        8.99352   |   26:40:51   |   00:28:47   |
11789       |       -2441.77   |       -2450.02   |        8.24499   |   26:41:10   |   00:28:39   |
11790       |       -2443.08   |       -2451.33   |        8.24526   |   26:41:29   |   00:28:31   |
11791       |       -2444.05   |       -2452.54   |        8.48375   |   26:44:34   |   00:28:26   |
11792       |       -2445.98   |       -2454.36   |        8.37961   |   26:44:53   |   00:28:18   |
11793       |       -2446.02   |       -2454.15   |        8.12747   |   26:45:12   |   00:28:10   |
11794       |       -2444.21   |       -2451.87   |        7.66522   |   26:45:31   |   00:28:02   |
11795       |        -2442.9   |       -2451.01   |        8.11042   |   26:45:50   |   00:27:54   |
11796       |       -2442.85   |       -2450.97   |        8.12191   |   26:46:08   |   00:27:46   |
11797       |       -2442.85   |       -2450.97   |        8.12191   |   26:46:27   |   00:27:38   |
11798       |          -2443   |       -2451.11   |        8.11016   |   26:46:44   |   00:27:30   |
11799       |       -2442.92   |       -2451.04   |        8.12851   |   26:47:03   |   00:27:22   |


Iter        |      Posterior   |     Likelihood   |          Prior   |    elapsed   |        ETA   |
----------------------------------------------------------------------------------------------------
11800       |       -2444.23   |       -2453.65   |        9.41971   |   26:47:22   |   00:27:14   |
11801       |       -2444.63   |       -2454.04   |        9.41398   |   26:50:26   |   00:27:09   |
11802       |        -2446.5   |       -2455.92   |        9.42117   |   26:50:45   |   00:27:01   |
11803       |       -2450.01   |       -2458.55   |        8.53982   |   26:51:04   |   00:26:53   |
11804       |       -2450.01   |       -2458.55   |        8.53982   |   26:51:23   |   00:26:45   |
11805       |       -2446.88   |       -2457.04   |        10.1659   |   26:51:42   |   00:26:37   |
11806       |       -2449.31   |       -2458.78   |        9.46804   |   26:52:01   |   00:26:29   |
11807       |       -2445.66   |       -2454.96   |        9.30144   |   26:52:20   |   00:26:21   |
11808       |       -2450.45   |       -2459.72   |        9.27267   |   26:52:39   |   00:26:13   |
11809       |       -2448.27   |       -2457.55   |        9.27148   |   26:52:58   |   00:26:05   |
11810       |       -2444.78   |       -2454.06   |        9.28354   |   26:53:17   |   00:25:57   |
11811       |       -2448.12   |       -2458.98   |        10.8552   |   26:56:21   |   00:25:51   |
11812       |       -2446.36   |       -2457.24   |        10.8777   |   26:56:39   |   00:25:43   |
11813       |       -2447.12   |       -2457.94   |        10.8204   |   26:56:57   |   00:25:35   |
11814       |       -2448.43   |       -2459.23   |        10.8054   |   26:57:14   |   00:25:27   |
11815       |       -2446.03   |       -2457.14   |        11.1125   |   26:57:31   |   00:25:19   |
11816       |       -2446.99   |        -2458.1   |        11.1166   |   26:57:47   |   00:25:11   |
11817       |       -2446.03   |       -2457.13   |        11.0969   |   26:58:04   |   00:25:03   |
11818       |        -2444.7   |       -2455.12   |         10.412   |   26:58:21   |   00:24:55   |
11819       |       -2445.53   |       -2455.91   |        10.3769   |   26:58:38   |   00:24:47   |


Iter        |      Posterior   |     Likelihood   |          Prior   |    elapsed   |        ETA   |
----------------------------------------------------------------------------------------------------
11820       |       -2446.38   |       -2457.11   |        10.7325   |   26:58:55   |   00:24:39   |
11821       |       -2446.38   |       -2457.11   |        10.7325   |   27:01:41   |   00:24:33   |
11822       |       -2446.38   |       -2457.11   |        10.7325   |   27:02:00   |   00:24:25   |
11823       |       -2449.15   |       -2459.87   |        10.7176   |   27:02:19   |   00:24:17   |
11824       |       -2446.41   |       -2457.16   |        10.7505   |   27:02:38   |   00:24:09   |
11825       |       -2446.14   |       -2457.24   |        11.1045   |   27:02:57   |   00:24:01   |
11826       |       -2448.49   |       -2459.42   |        10.9352   |   27:03:16   |   00:23:53   |
11827       |       -2447.67   |       -2457.72   |        10.0452   |   27:03:35   |   00:23:44   |
11828       |       -2444.86   |       -2454.91   |        10.0524   |   27:03:54   |   00:23:36   |
11829       |       -2444.41   |       -2454.48   |        10.0671   |   27:04:12   |   00:23:28   |
11830       |       -2443.73   |        -2453.8   |        10.0683   |   27:04:30   |   00:23:20   |
11831       |       -2443.73   |        -2453.8   |        10.0683   |   27:07:32   |   00:23:14   |
11832       |        -2443.4   |       -2453.47   |        10.0731   |   27:07:51   |   00:23:06   |
11833       |       -2447.03   |       -2457.09   |        10.0621   |   27:08:10   |   00:22:58   |
11834       |       -2445.67   |       -2455.79   |        10.1189   |   27:08:29   |   00:22:50   |
11835       |       -2446.68   |       -2457.06   |        10.3755   |   27:08:48   |   00:22:42   |
11836       |       -2445.92   |        -2456.3   |        10.3825   |   27:09:04   |   00:22:34   |
11837       |       -2444.56   |       -2454.94   |        10.3807   |   27:09:23   |   00:22:26   |
11838       |       -2443.33   |       -2453.87   |        10.5442   |   27:09:42   |   00:22:18   |
11839       |       -2443.96   |       -2454.51   |        10.5416   |   27:10:02   |   00:22:10   |


Iter        |      Posterior   |     Likelihood   |          Prior   |    elapsed   |        ETA   |
----------------------------------------------------------------------------------------------------
11840       |       -2444.33   |       -2455.18   |        10.8525   |   27:10:21   |   00:22:01   |
11841       |        -2441.6   |       -2452.46   |        10.8586   |   27:13:24   |   00:21:55   |
11842       |        -2441.9   |       -2452.76   |        10.8567   |   27:13:43   |   00:21:47   |
11843       |       -2442.15   |       -2453.01   |        10.8567   |   27:14:02   |   00:21:39   |
11844       |       -2448.27   |       -2460.73   |        12.4627   |   27:14:22   |   00:21:31   |
11845       |       -2452.85   |        -2465.6   |        12.7543   |   27:14:40   |   00:21:23   |
11846       |       -2452.85   |        -2465.6   |        12.7543   |   27:15:00   |   00:21:15   |
11847       |       -2452.29   |       -2465.05   |        12.7567   |   27:15:18   |   00:21:07   |
11848       |       -2451.81   |       -2464.37   |        12.5543   |   27:15:37   |   00:20:59   |
11849       |       -2449.75   |       -2461.59   |        11.8352   |   27:15:55   |   00:20:50   |
11850       |        -2448.6   |       -2460.74   |        12.1335   |   27:16:13   |   00:20:42   |
11851       |       -2450.51   |       -2462.64   |        12.1266   |   27:19:19   |   00:20:36   |
11852       |       -2451.54   |       -2463.64   |        12.1028   |   27:19:37   |   00:20:28   |
11853       |       -2455.14   |       -2467.21   |        12.0773   |   27:19:56   |   00:20:20   |
11854       |       -2447.54   |       -2459.35   |        11.8164   |   27:20:15   |   00:20:12   |
11855       |       -2447.54   |       -2459.35   |        11.8164   |   27:20:34   |   00:20:03   |
11856       |       -2448.39   |       -2460.26   |        11.8665   |   27:20:53   |   00:19:55   |
11857       |       -2446.58   |       -2458.43   |        11.8506   |   27:21:12   |   00:19:47   |
11858       |        -2447.6   |       -2459.45   |        11.8529   |   27:21:31   |   00:19:39   |
11859       |       -2446.81   |       -2458.53   |         11.722   |   27:21:50   |   00:19:31   |


Iter        |      Posterior   |     Likelihood   |          Prior   |    elapsed   |        ETA   |
----------------------------------------------------------------------------------------------------
11860       |       -2447.41   |        -2459.1   |        11.6936   |   27:22:09   |   00:19:23   |
11861       |        -2445.6   |        -2457.3   |        11.6923   |   27:25:13   |   00:19:16   |
11862       |        -2444.6   |       -2456.29   |        11.6923   |   27:25:32   |   00:19:08   |
11863       |        -2444.6   |       -2456.29   |        11.6923   |   27:25:50   |   00:19:00   |
11864       |       -2444.44   |       -2455.34   |        10.8987   |   27:26:09   |   00:18:52   |
11865       |       -2443.74   |       -2454.27   |        10.5227   |   27:26:25   |   00:18:43   |
11866       |       -2445.38   |       -2455.93   |        10.5492   |   27:26:42   |   00:18:35   |
11867       |       -2445.25   |       -2455.27   |        10.0224   |   27:26:59   |   00:18:27   |
11868       |       -2447.95   |       -2458.66   |        10.7164   |   27:27:16   |   00:18:19   |
11869       |       -2453.48   |       -2464.16   |        10.6797   |   27:27:33   |   00:18:11   |
11870       |       -2448.85   |       -2459.53   |        10.6806   |   27:27:50   |   00:18:02   |
11871       |       -2450.82   |       -2461.56   |        10.7452   |   27:30:33   |   00:17:56   |
11872       |       -2447.61   |       -2458.31   |        10.6995   |   27:30:52   |   00:17:47   |
11873       |       -2451.56   |       -2462.17   |        10.6114   |   27:31:11   |   00:17:39   |
11874       |       -2448.76   |        -2459.1   |        10.3388   |   27:31:30   |   00:17:31   |
11875       |       -2452.43   |       -2462.75   |        10.3229   |   27:31:49   |   00:17:23   |
11876       |       -2446.35   |       -2456.71   |        10.3571   |   27:32:08   |   00:17:15   |
11877       |       -2447.94   |       -2457.26   |        9.31611   |   27:32:28   |   00:17:06   |
11878       |       -2445.43   |       -2454.76   |        9.32845   |   27:32:47   |   00:16:58   |
11879       |       -2446.14   |       -2455.25   |        9.10929   |   27:33:05   |   00:16:50   |


Iter        |      Posterior   |     Likelihood   |          Prior   |    elapsed   |        ETA   |
----------------------------------------------------------------------------------------------------
11880       |       -2446.33   |       -2455.47   |        9.13786   |   27:33:24   |   00:16:42   |
11881       |       -2446.17   |       -2454.27   |        8.10289   |   27:36:24   |   00:16:35   |
11882       |       -2447.61   |       -2455.71   |        8.09701   |   27:36:43   |   00:16:27   |
11883       |       -2447.61   |       -2455.71   |        8.09701   |   27:37:02   |   00:16:18   |
11884       |       -2447.17   |       -2455.28   |        8.10692   |   27:37:21   |   00:16:10   |
11885       |       -2448.61   |       -2456.72   |        8.11632   |   27:37:40   |   00:16:02   |
11886       |       -2449.32   |       -2457.15   |        7.82629   |   27:37:59   |   00:15:54   |
11887       |       -2447.18   |       -2455.29   |        8.10646   |   27:38:16   |   00:15:45   |
11888       |       -2446.11   |       -2454.23   |        8.11419   |   27:38:35   |   00:15:37   |
11889       |       -2446.02   |       -2454.89   |        8.86614   |   27:38:54   |   00:15:29   |
11890       |       -2449.08   |       -2458.11   |        9.03593   |   27:39:13   |   00:15:21   |
11891       |       -2446.87   |       -2455.92   |          9.052   |   27:42:18   |   00:15:14   |
11892       |       -2449.05   |       -2457.91   |        8.85589   |   27:42:37   |   00:15:05   |
11893       |       -2446.91   |       -2455.05   |        8.13303   |   27:42:56   |   00:14:57   |
11894       |       -2446.84   |       -2454.98   |         8.1351   |   27:43:15   |   00:14:49   |
11895       |       -2446.84   |       -2454.98   |         8.1351   |   27:43:34   |   00:14:41   |
11896       |       -2446.67   |       -2454.78   |        8.11149   |   27:43:53   |   00:14:32   |
11897       |          -2446   |       -2454.17   |        8.17387   |   27:44:12   |   00:14:24   |
11898       |       -2447.23   |       -2456.68   |        9.45124   |   27:44:31   |   00:14:16   |
11899       |       -2447.34   |       -2456.93   |        9.58977   |   27:44:50   |   00:14:07   |


Iter        |      Posterior   |     Likelihood   |          Prior   |    elapsed   |        ETA   |
----------------------------------------------------------------------------------------------------
11900       |        -2447.1   |       -2456.83   |        9.73419   |   27:45:07   |   00:13:59   |
11901       |       -2445.33   |       -2455.01   |        9.67928   |   27:48:14   |   00:13:52   |
11902       |       -2445.29   |       -2454.77   |        9.48151   |   27:48:32   |   00:13:44   |
11903       |       -2447.09   |       -2455.43   |        8.34336   |   27:48:50   |   00:13:35   |
11904       |       -2445.12   |       -2453.33   |        8.20126   |   27:49:09   |   00:13:27   |
11905       |       -2444.67   |       -2452.87   |        8.20027   |   27:49:28   |   00:13:19   |
11906       |       -2443.69   |       -2451.89   |         8.2054   |   27:49:47   |   00:13:10   |
11907       |       -2443.86   |       -2452.73   |         8.8686   |   27:50:06   |   00:13:02   |
11908       |        -2443.9   |       -2452.63   |        8.72769   |   27:50:25   |   00:12:54   |
11909       |       -2443.12   |       -2452.06   |        8.94201   |   27:50:44   |   00:12:45   |
11910       |       -2443.18   |       -2452.12   |        8.94099   |   27:51:03   |   00:12:37   |
11911       |       -2443.19   |       -2452.13   |        8.94365   |   27:54:08   |   00:12:30   |
11912       |       -2442.69   |       -2451.63   |        8.94351   |   27:54:27   |   00:12:22   |
11913       |       -2444.39   |       -2453.85   |        9.45704   |   27:54:45   |   00:12:13   |
11914       |       -2444.38   |       -2453.27   |        8.89587   |   27:55:04   |   00:12:05   |
11915       |       -2444.63   |       -2452.95   |        8.31679   |   27:55:22   |   00:11:57   |
11916       |       -2444.63   |       -2452.95   |        8.31679   |   27:55:40   |   00:11:48   |
11917       |       -2445.22   |       -2455.18   |        9.95843   |   27:55:59   |   00:11:40   |
11918       |       -2445.84   |       -2455.79   |        9.95476   |   27:56:17   |   00:11:32   |
11919       |       -2446.47   |       -2456.47   |        10.0034   |   27:56:36   |   00:11:23   |


Iter        |      Posterior   |     Likelihood   |          Prior   |    elapsed   |        ETA   |
----------------------------------------------------------------------------------------------------
11920       |       -2447.46   |       -2457.46   |        10.0006   |   27:56:54   |   00:11:15   |
11921       |       -2444.81   |       -2454.73   |        9.91638   |   27:59:49   |   00:11:07   |
11922       |       -2443.43   |       -2453.36   |        9.92225   |   28:00:06   |   00:10:59   |
11923       |       -2443.43   |       -2453.36   |        9.92225   |   28:00:24   |   00:10:51   |
11924       |       -2444.93   |       -2454.85   |        9.91618   |   28:00:41   |   00:10:42   |
11925       |       -2446.75   |       -2456.81   |        10.0571   |   28:00:58   |   00:10:34   |
11926       |       -2447.28   |       -2457.24   |        9.95318   |   28:01:15   |   00:10:25   |
11927       |       -2446.08   |       -2456.03   |        9.95617   |   28:01:32   |   00:10:17   |
11928       |       -2446.11   |       -2456.21   |        10.0926   |   28:01:49   |   00:10:09   |
11929       |       -2445.65   |       -2455.74   |        10.0877   |   28:02:06   |   00:10:00   |
11930       |       -2445.45   |       -2455.57   |        10.1144   |   28:02:23   |   00:09:52   |
11931       |       -2446.12   |       -2456.63   |        10.5066   |   28:05:19   |   00:09:44   |
11932       |       -2451.19   |       -2462.51   |        11.3183   |   28:05:38   |   00:09:36   |
11933       |       -2450.96   |       -2462.48   |        11.5232   |   28:05:56   |   00:09:27   |
11934       |       -2450.82   |       -2462.59   |        11.7718   |   28:06:15   |   00:09:19   |
11935       |       -2453.11   |       -2464.87   |        11.7609   |   28:06:33   |   00:09:11   |
11936       |       -2453.11   |       -2464.64   |        11.5266   |   28:06:51   |   00:09:02   |
11937       |       -2449.88   |       -2461.45   |        11.5691   |   28:07:10   |   00:08:54   |
11938       |       -2446.94   |        -2458.5   |        11.5573   |   28:07:28   |   00:08:45   |
11939       |       -2446.97   |       -2458.52   |          11.55   |   28:07:47   |   00:08:37   |


Iter        |      Posterior   |     Likelihood   |          Prior   |    elapsed   |        ETA   |
----------------------------------------------------------------------------------------------------
11940       |       -2446.97   |       -2458.52   |          11.55   |   28:08:06   |   00:08:28   |
11941       |       -2447.27   |       -2458.89   |        11.6256   |   28:11:09   |   00:08:21   |
11942       |       -2445.33   |       -2456.77   |        11.4376   |   28:11:28   |   00:08:12   |
11943       |       -2444.49   |       -2455.93   |         11.433   |   28:11:47   |   00:08:04   |
11944       |       -2446.41   |       -2457.88   |         11.471   |   28:12:06   |   00:07:56   |
11945       |       -2442.91   |       -2453.74   |        10.8359   |   28:12:26   |   00:07:47   |
11946       |       -2443.78   |       -2454.74   |        10.9577   |   28:12:45   |   00:07:39   |
11947       |       -2447.05   |       -2457.98   |        10.9347   |   28:13:04   |   00:07:30   |
11948       |       -2446.61   |       -2457.32   |        10.7033   |   28:13:23   |   00:07:22   |
11949       |       -2445.24   |       -2455.96   |        10.7157   |   28:13:42   |   00:07:13   |
11950       |       -2445.32   |       -2455.91   |         10.593   |   28:14:00   |   00:07:05   |
11951       |       -2447.97   |       -2458.32   |        10.3497   |   28:17:05   |   00:06:57   |
11952       |       -2447.08   |       -2457.42   |        10.3381   |   28:17:23   |   00:06:49   |
11953       |        -2444.6   |       -2454.96   |        10.3561   |   28:17:42   |   00:06:40   |
11954       |       -2443.15   |       -2453.57   |        10.4213   |   28:17:59   |   00:06:32   |
11955       |       -2443.46   |       -2453.88   |          10.42   |   28:18:18   |   00:06:23   |
11956       |       -2443.46   |       -2453.88   |          10.42   |   28:18:37   |   00:06:15   |
11957       |       -2443.46   |       -2453.88   |          10.42   |   28:18:57   |   00:06:06   |
11958       |       -2443.39   |       -2453.88   |         10.492   |   28:19:16   |   00:05:58   |
11959       |       -2443.94   |       -2454.44   |        10.4964   |   28:19:35   |   00:05:49   |


Iter        |      Posterior   |     Likelihood   |          Prior   |    elapsed   |        ETA   |
----------------------------------------------------------------------------------------------------
11960       |       -2444.32   |       -2454.59   |        10.2703   |   28:19:54   |   00:05:41   |
11961       |       -2444.77   |        -2455.1   |        10.3359   |   28:22:58   |   00:05:33   |
11962       |       -2445.35   |       -2455.69   |        10.3417   |   28:23:17   |   00:05:24   |
11963       |       -2444.63   |       -2455.22   |        10.5892   |   28:23:36   |   00:05:16   |
11964       |       -2445.44   |       -2456.02   |        10.5803   |   28:23:55   |   00:05:07   |
11965       |       -2447.14   |       -2457.72   |        10.5783   |   28:24:14   |   00:04:59   |
11966       |        -2449.8   |       -2459.21   |        9.40913   |   28:24:33   |   00:04:50   |
11967       |       -2450.62   |       -2460.68   |        10.0591   |   28:24:50   |   00:04:42   |
11968       |       -2447.55   |       -2457.54   |        9.99038   |   28:25:09   |   00:04:33   |
11969       |       -2447.35   |       -2457.34   |        9.99191   |   28:25:28   |   00:04:25   |
11970       |       -2447.35   |       -2457.34   |        9.99191   |   28:25:47   |   00:04:16   |
11971       |       -2444.79   |       -2455.69   |        10.9043   |   28:28:47   |   00:04:08   |
11972       |       -2447.97   |       -2458.86   |        10.8906   |   28:29:04   |   00:03:59   |
11973       |       -2448.25   |       -2459.14   |        10.8889   |   28:29:21   |   00:03:51   |
11974       |       -2450.71   |       -2461.39   |        10.6812   |   28:29:38   |   00:03:42   |
11975       |       -2448.26   |       -2457.27   |        9.01073   |   28:29:55   |   00:03:34   |
11976       |       -2445.71   |       -2454.22   |        8.51164   |   28:30:12   |   00:03:25   |
11977       |       -2445.16   |       -2453.68   |        8.51452   |   28:30:29   |   00:03:17   |
11978       |       -2446.39   |       -2455.72   |         9.3304   |   28:30:46   |   00:03:08   |
11979       |       -2446.28   |       -2455.61   |        9.33032   |   28:31:03   |   00:02:59   |


Iter        |      Posterior   |     Likelihood   |          Prior   |    elapsed   |        ETA   |
----------------------------------------------------------------------------------------------------
11980       |       -2445.83   |       -2455.59   |        9.76225   |   28:31:20   |   00:02:51   |
11981       |       -2447.28   |        -2456.6   |        9.31261   |   28:34:14   |   00:02:43   |
11982       |       -2446.56   |       -2455.78   |         9.2184   |   28:34:33   |   00:02:34   |
11983       |       -2447.76   |       -2456.97   |        9.21082   |   28:34:52   |   00:02:25   |
11984       |       -2444.68   |       -2453.91   |        9.22964   |   28:35:10   |   00:02:17   |
11985       |        -2444.6   |       -2453.83   |        9.22486   |   28:35:28   |   00:02:08   |
11986       |        -2445.1   |       -2454.32   |        9.22433   |   28:35:47   |   00:02:00   |
11987       |       -2444.67   |       -2452.76   |        8.09275   |   28:36:05   |   00:01:51   |
11988       |       -2444.85   |       -2453.01   |         8.1569   |   28:36:23   |   00:01:43   |
11989       |        -2444.5   |       -2452.66   |        8.15817   |   28:36:42   |   00:01:34   |
11990       |       -2445.05   |       -2453.21   |        8.15526   |   28:37:00   |   00:01:25   |
11991       |       -2443.43   |       -2451.59   |        8.16506   |   28:40:05   |   00:01:17   |
11992       |       -2444.54   |       -2452.06   |        7.52008   |   28:40:23   |   00:01:08   |
11993       |       -2446.26   |       -2454.48   |        8.22319   |   28:40:42   |   00:01:00   |
11994       |       -2445.24   |       -2453.47   |        8.23401   |   28:41:01   |   00:00:51   |
11995       |       -2445.43   |       -2453.67   |        8.23701   |   28:41:20   |   00:00:43   |
11996       |       -2445.43   |       -2453.67   |        8.23701   |   28:41:39   |   00:00:34   |
11997       |       -2445.43   |       -2453.67   |        8.23701   |   28:41:58   |   00:00:25   |
11998       |       -2444.34   |       -2452.45   |        8.10833   |   28:42:17   |   00:00:17   |
11999       |       -2445.03   |       -2453.16   |        8.13613   |   28:42:36   |   00:00:08   |


Iter        |      Posterior   |     Likelihood   |          Prior   |    elapsed   |        ETA   |
----------------------------------------------------------------------------------------------------
12000       |        -2446.1   |        -2453.2   |        7.10166   |   28:42:55   |   00:00:00   |

                  Name                  | Param              |  Weight  |  Tried   | Accepted | Acc. Ratio| Parameters
===============================================================================================================================
Scaling                                  gamma                    2.0000      23927      12824      0.5360 lambda = 3.0116
Scaling                                  delta                    2.0000      23930      11285      0.4716 lambda = 1.1154
Scaling                                  rho                      2.0000      23973      12574      0.5245 lambda = 3.0510
Scaling                                  eta                      2.0000      24058      12071      0.5017 lambda = 2.7935
BetaSimplex                              relative_clado           3.0000      35967      15741      0.4377 alpha = 11.7199
ElementSwapSimplex                       relative_clado           1.0000      12099        431      0.0356 
Scaling                                  turnover                 1.0000      12131       5397      0.4449 lambda = 0.1655
UpDownScaling                            total_speciation         1.0000      11915       5229      0.4389 lambda = 0.4044

