
RevBayes version (1.1.0)
Build from dev_mrm (rapture-477-g991966) on Thu Feb 15 15:42:16 EST 2024

Visit the website www.RevBayes.com for more information about RevBayes.

RevBayes is free software released under the GPL license, version 3. Type 'license()' for details.

To quit RevBayes type 'quit()' or 'q()'.


> source("scripts/asple/asple_chromohisse_modelspec_tb_3.rev")
   Processing file "scripts/asple/asple_chromohisse_modelspec_tb_3.rev"
   Attempting to read the contents of file "aspleniineae_csomepruned.tree"
   Successfully read file
   Processing file "scripts/chromohisse_tp_mrm_tb.rev"
Anagenic Rates Matrix Built
Cladogenic Rates Matrix Built
All MCMC moves defined
   Warning: simulating tree under uniform model.
   Warning: simulating tree under uniform model.
GHLBDSP
Model clamped
   -2853.538
Defining Model...
Setting monitors...
		monitoring stochasitc character map
Initializing MCMC...
	Intializing from checkpoint
		Continuing main analysis
   Appending to previous MCMC simulation of 17820 iterations
   This simulation runs 1 independent replicate.
   The simulator uses 18 different moves in a random move schedule with 32 moves per iteration

Iter        |      Posterior   |     Likelihood   |          Prior   |    elapsed   |        ETA   |
----------------------------------------------------------------------------------------------------
17821       |       -2822.56   |       -2836.15   |        13.5919   |   00:01:33   |   00:00:15   |
17822       |       -2824.77   |       -2838.36   |        13.5957   |   00:03:09   |   00:00:31   |
17823       |       -2824.77   |       -2838.36   |        13.5957   |   00:04:49   |   00:00:48   |
17824       |       -2823.43   |       -2837.01   |        13.5762   |   00:06:32   |   00:01:05   |
17825       |       -2824.04   |       -2836.95   |         12.905   |   00:08:08   |   00:01:21   |
17826       |        -2824.7   |       -2838.47   |        13.7642   |   00:09:44   |   00:01:38   |
17827       |       -2823.23   |       -2838.17   |        14.9416   |   00:11:12   |   00:01:52   |
17828       |       -2824.57   |       -2838.51   |        13.9487   |   00:12:42   |   00:02:07   |
17829       |       -2823.65   |        -2837.4   |        13.7476   |   00:14:11   |   00:02:22   |
17830       |       -2824.59   |       -2836.97   |        12.3823   |   00:15:31   |   00:02:36   |
17831       |        -2824.9   |        -2834.8   |        9.89279   |   00:22:11   |   00:03:43   |
17832       |       -2826.36   |       -2835.95   |        9.59059   |   00:23:45   |   00:03:58   |
17833       |       -2828.96   |       -2838.43   |         9.4733   |   00:25:24   |   00:04:15   |
17834       |        -2823.9   |       -2834.46   |        10.5555   |   00:26:47   |   00:04:29   |
17835       |       -2824.04   |       -2834.68   |        10.6355   |   00:28:22   |   00:04:44   |
17836       |       -2824.04   |       -2834.68   |        10.6355   |   00:29:59   |   00:05:00   |
17837       |       -2826.14   |       -2836.83   |        10.6924   |   00:31:23   |   00:05:14   |
17838       |       -2827.21   |       -2836.85   |        9.63955   |   00:32:48   |   00:05:28   |
17839       |       -2829.03   |       -2840.29   |        11.2509   |   00:34:07   |   00:05:42   |


Iter        |      Posterior   |     Likelihood   |          Prior   |    elapsed   |        ETA   |
----------------------------------------------------------------------------------------------------
17840       |       -2828.53   |       -2837.65   |        9.11928   |   00:35:32   |   00:05:56   |
17841       |       -2828.79   |       -2839.38   |        10.5879   |   00:42:17   |   00:07:03   |
17842       |       -2827.53   |        -2839.3   |        11.7655   |   00:43:49   |   00:07:18   |
17843       |       -2825.75   |       -2838.95   |         13.196   |   00:45:14   |   00:07:32   |
17844       |       -2827.17   |       -2838.38   |        11.2064   |   00:46:44   |   00:07:47   |
17845       |       -2826.93   |       -2841.38   |         14.446   |   00:48:09   |   00:08:01   |
17846       |       -2826.01   |       -2838.75   |        12.7434   |   00:49:38   |   00:08:16   |
17847       |       -2826.01   |       -2842.07   |        16.0594   |   00:51:12   |   00:08:31   |
17848       |       -2827.69   |       -2842.85   |        15.1599   |   00:52:51   |   00:08:48   |
17849       |       -2824.47   |       -2839.37   |        14.9056   |   00:54:27   |   00:09:03   |
17850       |       -2826.55   |       -2840.52   |        13.9705   |   00:56:04   |   00:09:19   |
17851       |       -2826.55   |       -2840.52   |        13.9705   |   01:03:08   |   00:10:30   |
17852       |       -2824.12   |       -2835.38   |        11.2573   |   01:04:45   |   00:10:45   |
17853       |       -2826.88   |       -2836.15   |        9.27435   |   01:06:16   |   00:11:00   |
17854       |        -2829.6   |       -2837.21   |        7.61009   |   01:07:51   |   00:11:16   |
17855       |       -2830.22   |       -2838.43   |        8.21581   |   01:09:40   |   00:11:34   |
17856       |       -2829.66   |        -2837.5   |        7.84224   |   01:11:24   |   00:11:51   |
17857       |       -2827.08   |       -2834.91   |        7.83061   |   01:13:09   |   00:12:08   |
17858       |       -2831.64   |       -2834.25   |         2.6074   |   01:14:55   |   00:12:25   |
17859       |       -2828.83   |        -2834.1   |        5.26211   |   01:16:32   |   00:12:41   |


Iter        |      Posterior   |     Likelihood   |          Prior   |    elapsed   |        ETA   |
----------------------------------------------------------------------------------------------------
17860       |       -2826.25   |       -2834.41   |        8.16655   |   01:18:06   |   00:12:56   |
17861       |       -2824.88   |          -2833   |        8.11468   |   01:25:17   |   00:14:07   |
17862       |       -2825.36   |       -2835.02   |        9.65815   |   01:27:02   |   00:14:24   |
17863       |       -2822.21   |       -2834.45   |        12.2412   |   01:28:33   |   00:14:39   |
17864       |       -2823.54   |       -2834.75   |        11.2159   |   01:30:01   |   00:14:53   |
17865       |        -2825.4   |       -2836.38   |         10.973   |   01:31:36   |   00:15:09   |
17866       |       -2822.28   |       -2834.23   |        11.9536   |   01:33:02   |   00:15:22   |
17867       |       -2820.97   |          -2833   |        12.0316   |   01:34:28   |   00:15:36   |
17868       |       -2824.45   |        -2837.2   |        12.7477   |   01:35:57   |   00:15:51   |
17869       |       -2823.09   |       -2835.46   |        12.3642   |   01:37:29   |   00:16:05   |
17870       |       -2826.58   |        -2843.3   |        16.7265   |   01:38:55   |   00:16:19   |
17871       |        -2824.2   |       -2840.73   |        16.5244   |   01:45:28   |   00:17:24   |
17872       |       -2824.09   |       -2840.36   |        16.2674   |   01:46:56   |   00:17:38   |
17873       |       -2825.72   |       -2837.81   |        12.0918   |   01:48:14   |   00:17:50   |
17874       |       -2824.18   |       -2837.98   |        13.8006   |   01:49:29   |   00:18:02   |
17875       |       -2827.11   |        -2840.7   |        13.5892   |   01:50:46   |   00:18:14   |
17876       |       -2822.93   |       -2833.89   |        10.9577   |   01:52:17   |   00:18:29   |
17877       |       -2822.28   |       -2833.57   |        11.2894   |   01:53:57   |   00:18:45   |
17878       |       -2820.43   |       -2833.32   |        12.8883   |   01:55:40   |   00:19:02   |
17879       |       -2823.79   |       -2837.91   |         14.115   |   01:57:17   |   00:19:17   |


Iter        |      Posterior   |     Likelihood   |          Prior   |    elapsed   |        ETA   |
----------------------------------------------------------------------------------------------------
17880       |       -2824.49   |       -2839.01   |         14.513   |   01:58:49   |   00:19:32   |
17881       |       -2826.52   |       -2840.04   |        13.5107   |   02:05:42   |   00:20:39   |
17882       |       -2824.87   |       -2837.19   |        12.3183   |   02:07:21   |   00:20:55   |
17883       |        -2825.3   |       -2837.41   |        12.1085   |   02:09:04   |   00:21:11   |
17884       |       -2823.68   |       -2837.22   |        13.5342   |   02:10:46   |   00:21:28   |
17885       |       -2822.03   |       -2835.77   |        13.7365   |   02:12:22   |   00:21:43   |
17886       |       -2823.99   |       -2838.38   |        14.3918   |   02:14:02   |   00:21:59   |
17887       |       -2823.99   |       -2838.38   |        14.3918   |   02:15:43   |   00:22:15   |
17888       |        -2823.4   |       -2838.72   |        15.3132   |   02:17:16   |   00:22:29   |
17889       |        -2823.4   |       -2838.72   |        15.3132   |   02:18:55   |   00:22:45   |
17890       |       -2825.61   |       -2841.58   |        15.9714   |   02:20:24   |   00:22:59   |
17891       |       -2822.86   |       -2837.58   |        14.7153   |   02:27:14   |   00:24:06   |
17892       |       -2822.86   |       -2837.58   |        14.7153   |   02:28:59   |   00:24:22   |
17893       |       -2823.57   |       -2838.54   |        14.9742   |   02:30:33   |   00:24:37   |
17894       |       -2821.38   |       -2836.98   |        15.5963   |   02:32:08   |   00:24:52   |
17895       |       -2820.71   |       -2835.45   |        14.7381   |   02:33:40   |   00:25:07   |
17896       |       -2821.56   |       -2835.69   |        14.1292   |   02:35:16   |   00:25:22   |
17897       |       -2820.27   |       -2833.37   |        13.0999   |   02:36:55   |   00:25:37   |
17898       |       -2819.55   |       -2833.53   |        13.9826   |   02:38:31   |   00:25:52   |
17899       |       -2819.85   |       -2835.04   |        15.1965   |   02:39:58   |   00:26:06   |


Iter        |      Posterior   |     Likelihood   |          Prior   |    elapsed   |        ETA   |
----------------------------------------------------------------------------------------------------
17900       |       -2820.77   |       -2836.49   |        15.7134   |   02:41:18   |   00:26:18   |
17901       |       -2821.13   |       -2836.03   |        14.9076   |   02:48:05   |   00:27:24   |
17902       |       -2821.69   |       -2836.12   |        14.4353   |   02:49:37   |   00:27:38   |
17903       |       -2823.44   |       -2837.56   |        14.1243   |   02:51:15   |   00:27:54   |
17904       |       -2827.46   |        -2841.9   |        14.4433   |   02:52:40   |   00:28:07   |
17905       |       -2824.98   |       -2838.41   |        13.4295   |   02:54:14   |   00:28:21   |
17906       |       -2823.91   |       -2837.59   |         13.677   |   02:55:46   |   00:28:36   |
17907       |       -2824.04   |       -2840.14   |        16.1032   |   02:57:15   |   00:28:50   |
17908       |       -2825.41   |       -2844.12   |        18.7068   |   02:58:32   |   00:29:01   |
17909       |       -2826.84   |       -2844.34   |        17.5037   |   02:59:51   |   00:29:14   |
17910       |       -2826.84   |       -2844.34   |        17.5037   |   03:01:32   |   00:29:29   |
17911       |       -2827.69   |       -2844.73   |         17.045   |   03:08:14   |   00:30:34   |
17912       |       -2831.28   |       -2848.02   |        16.7411   |   03:09:43   |   00:30:48   |
17913       |       -2830.35   |       -2845.45   |         15.101   |   03:11:08   |   00:31:01   |
17914       |       -2831.35   |       -2847.51   |        16.1573   |   03:12:42   |   00:31:15   |
17915       |       -2831.35   |       -2847.51   |        16.1573   |   03:14:13   |   00:31:29   |
17916       |       -2829.46   |       -2845.22   |        15.7578   |   03:15:39   |   00:31:42   |
17917       |       -2829.81   |       -2845.29   |        15.4854   |   03:17:06   |   00:31:56   |
17918       |       -2826.34   |       -2842.59   |        16.2454   |   03:18:34   |   00:32:09   |
17919       |       -2825.89   |       -2840.82   |        14.9281   |   03:20:03   |   00:32:23   |


Iter        |      Posterior   |     Likelihood   |          Prior   |    elapsed   |        ETA   |
----------------------------------------------------------------------------------------------------
17920       |       -2827.84   |       -2844.73   |        16.8851   |   03:21:27   |   00:32:36   |
17921       |        -2827.9   |       -2844.39   |        16.4901   |   03:27:59   |   00:33:38   |
17922       |       -2826.25   |       -2841.75   |        15.5011   |   03:29:34   |   00:33:53   |
17923       |       -2824.14   |       -2839.66   |        15.5106   |   03:31:17   |   00:34:09   |
17924       |       -2826.31   |       -2841.41   |        15.0986   |   03:32:58   |   00:34:24   |
17925       |       -2830.24   |       -2843.87   |        13.6362   |   03:34:45   |   00:34:41   |
17926       |       -2825.93   |       -2840.64   |        14.7058   |   03:36:22   |   00:34:55   |
17927       |       -2826.46   |       -2839.84   |        13.3819   |   03:37:49   |   00:35:09   |
17928       |       -2830.83   |       -2841.07   |        10.2377   |   03:39:11   |   00:35:21   |
17929       |       -2831.81   |       -2840.99   |        9.18432   |   03:40:42   |   00:35:35   |
17930       |       -2832.97   |       -2842.02   |        9.05454   |   03:42:18   |   00:35:49   |
17931       |       -2829.29   |       -2837.69   |        8.40447   |   03:49:01   |   00:36:53   |
17932       |       -2830.45   |       -2836.93   |        6.47123   |   03:50:37   |   00:37:08   |
17933       |       -2829.95   |       -2838.52   |        8.56554   |   03:52:12   |   00:37:22   |
17934       |       -2828.92   |       -2836.66   |        7.74347   |   03:53:49   |   00:37:37   |
17935       |       -2829.13   |       -2837.92   |        8.79156   |   03:55:16   |   00:37:50   |
17936       |       -2828.53   |       -2836.26   |         7.7302   |   03:56:57   |   00:38:06   |
17937       |       -2830.93   |       -2838.79   |        7.86804   |   03:58:32   |   00:38:20   |
17938       |       -2830.76   |       -2839.72   |        8.95318   |   04:00:11   |   00:38:35   |
17939       |        -2830.8   |       -2838.34   |        7.53968   |   04:01:53   |   00:38:50   |


Iter        |      Posterior   |     Likelihood   |          Prior   |    elapsed   |        ETA   |
----------------------------------------------------------------------------------------------------
17940       |       -2833.48   |       -2841.11   |        7.63567   |   04:03:24   |   00:39:04   |
17941       |       -2830.65   |       -2838.97   |        8.31565   |   04:10:11   |   00:40:08   |
17942       |       -2828.61   |       -2839.45   |        10.8355   |   04:11:51   |   00:40:23   |
17943       |       -2828.61   |       -2839.45   |        10.8355   |   04:13:35   |   00:40:39   |
17944       |       -2829.54   |       -2836.81   |         7.2684   |   04:15:16   |   00:40:54   |
17945       |       -2833.05   |       -2840.26   |        7.21113   |   04:16:57   |   00:41:09   |
17946       |       -2833.26   |        -2840.5   |        7.24694   |   04:18:42   |   00:41:25   |
17947       |       -2833.26   |        -2840.5   |        7.24694   |   04:20:35   |   00:41:42   |
17948       |       -2833.13   |       -2840.85   |        7.72187   |   04:22:17   |   00:41:58   |
17949       |       -2835.05   |       -2842.31   |        7.25669   |   04:23:59   |   00:42:13   |
17950       |       -2831.22   |       -2838.99   |          7.767   |   04:25:38   |   00:42:28   |
17951       |        -2829.9   |        -2838.2   |        8.29974   |   04:32:34   |   00:43:33   |
17952       |        -2829.1   |       -2838.52   |        9.41638   |   04:34:16   |   00:43:49   |
17953       |       -2829.78   |       -2837.13   |        7.34588   |   04:35:55   |   00:44:03   |
17954       |       -2830.13   |       -2839.49   |         9.3531   |   04:37:28   |   00:44:17   |
17955       |       -2828.17   |       -2841.44   |        13.2711   |   04:39:01   |   00:44:31   |
17956       |       -2828.96   |       -2841.98   |        13.0181   |   04:40:38   |   00:44:45   |
17957       |          -2828   |       -2840.72   |         12.714   |   04:42:06   |   00:44:58   |
17958       |       -2828.86   |       -2840.65   |        11.7968   |   04:43:34   |   00:45:11   |
17959       |       -2827.09   |       -2838.41   |        11.3136   |   04:45:18   |   00:45:27   |


Iter        |      Posterior   |     Likelihood   |          Prior   |    elapsed   |        ETA   |
----------------------------------------------------------------------------------------------------
17960       |       -2828.37   |       -2839.11   |        10.7379   |   04:46:48   |   00:45:40   |
17961       |       -2828.26   |        -2839.1   |         10.843   |   04:53:48   |   00:46:45   |
17962       |       -2827.35   |       -2836.06   |        8.70865   |   04:55:30   |   00:47:01   |
17963       |       -2830.12   |        -2836.4   |        6.28671   |   04:57:09   |   00:47:15   |
17964       |       -2830.03   |       -2836.56   |         6.5289   |   04:58:52   |   00:47:30   |
17965       |       -2828.08   |       -2836.66   |        8.57984   |   05:00:34   |   00:47:45   |
17966       |       -2826.79   |       -2833.98   |        7.18127   |   05:02:12   |   00:48:00   |
17967       |       -2828.45   |       -2834.73   |        6.27456   |   05:03:52   |   00:48:15   |
17968       |       -2829.58   |       -2833.61   |        4.03391   |   05:05:37   |   00:48:30   |
17969       |       -2829.41   |       -2835.48   |        6.06451   |   05:07:13   |   00:48:44   |
17970       |       -2830.09   |        -2837.4   |         7.3083   |   05:08:52   |   00:48:59   |
17971       |       -2826.32   |       -2834.97   |        8.64746   |   05:15:48   |   00:50:03   |
17972       |       -2830.16   |       -2839.41   |        9.24946   |   05:17:23   |   00:50:17   |
17973       |       -2831.12   |       -2840.59   |        9.47902   |   05:18:57   |   00:50:31   |
17974       |       -2831.12   |       -2840.59   |        9.47902   |   05:20:45   |   00:50:47   |
17975       |       -2831.12   |       -2840.59   |        9.47902   |   05:22:33   |   00:51:03   |
17976       |       -2831.12   |       -2840.59   |        9.47902   |   05:24:17   |   00:51:18   |
17977       |       -2831.12   |       -2840.59   |        9.47902   |   05:26:08   |   00:51:34   |
17978       |       -2831.12   |       -2840.59   |        9.47902   |   05:27:55   |   00:51:50   |
17979       |       -2831.73   |        -2836.5   |        4.77254   |   05:29:34   |   00:52:04   |


Iter        |      Posterior   |     Likelihood   |          Prior   |    elapsed   |        ETA   |
----------------------------------------------------------------------------------------------------
17980       |       -2835.15   |       -2842.42   |        7.26886   |   05:31:11   |   00:52:18   |
17981       |       -2832.59   |       -2837.78   |        5.18978   |   05:38:07   |   00:53:23   |
17982       |       -2831.86   |       -2837.42   |        5.56196   |   05:39:45   |   00:53:37   |
17983       |       -2828.96   |       -2835.53   |        6.56984   |   05:41:24   |   00:53:51   |
17984       |          -2828   |       -2834.02   |        6.01846   |   05:42:58   |   00:54:05   |
17985       |       -2824.95   |       -2835.74   |         10.789   |   05:44:37   |   00:54:19   |
17986       |        -2823.3   |       -2835.95   |        12.6559   |   05:46:15   |   00:54:33   |
17987       |       -2825.17   |       -2834.51   |        9.33967   |   05:47:54   |   00:54:47   |
17988       |       -2821.32   |       -2830.96   |        9.64256   |   05:49:38   |   00:55:02   |
17989       |       -2821.14   |       -2831.43   |        10.2897   |   05:51:28   |   00:55:18   |
17990       |       -2822.66   |       -2833.92   |        11.2587   |   05:53:16   |   00:55:34   |
17991       |       -2824.58   |       -2834.56   |        9.98123   |   06:00:18   |   00:56:39   |
17992       |       -2824.09   |       -2834.39   |        10.2939   |   06:02:07   |   00:56:55   |
17993       |       -2826.66   |       -2839.16   |        12.5001   |   06:03:57   |   00:57:10   |
17994       |        -2825.8   |       -2838.61   |        12.8068   |   06:05:34   |   00:57:24   |
17995       |       -2823.29   |       -2835.15   |         11.861   |   06:07:10   |   00:57:38   |
17996       |       -2821.88   |       -2834.92   |        13.0351   |   06:08:47   |   00:57:52   |
17997       |       -2819.81   |       -2831.56   |        11.7521   |   06:10:22   |   00:58:05   |
17998       |       -2820.37   |       -2832.22   |        11.8453   |   06:12:04   |   00:58:20   |
17999       |       -2820.32   |       -2832.16   |        11.8466   |   06:13:40   |   00:58:33   |


Iter        |      Posterior   |     Likelihood   |          Prior   |    elapsed   |        ETA   |
----------------------------------------------------------------------------------------------------
18000       |       -2820.81   |       -2832.22   |        11.4069   |   06:15:15   |   00:58:47   |
18001       |       -2822.44   |       -2831.96   |        9.51157   |   06:22:14   |   00:59:51   |
18002       |       -2824.81   |       -2834.35   |         9.5449   |   06:23:44   |   01:00:04   |
18003       |       -2828.12   |       -2834.48   |        6.36223   |   06:25:27   |   01:00:18   |
18004       |       -2827.84   |       -2837.06   |        9.22671   |   06:27:10   |   01:00:33   |
18005       |       -2828.19   |       -2838.36   |          10.17   |   06:28:50   |   01:00:47   |
18006       |       -2828.19   |       -2838.36   |          10.17   |   06:30:40   |   01:01:03   |
18007       |       -2827.31   |       -2838.93   |        11.6178   |   06:32:29   |   01:01:18   |
18008       |       -2826.96   |        -2837.4   |        10.4413   |   06:34:10   |   01:01:33   |
18009       |       -2830.41   |       -2840.25   |        9.84057   |   06:35:48   |   01:01:46   |
18010       |       -2831.17   |       -2842.82   |        11.6481   |   06:37:19   |   01:01:59   |
18011       |       -2831.17   |       -2842.82   |        11.6481   |   06:44:18   |   01:03:03   |
18012       |       -2831.17   |       -2842.82   |        11.6481   |   06:46:01   |   01:03:17   |
18013       |       -2827.61   |       -2838.71   |         11.096   |   06:47:37   |   01:03:31   |
18014       |       -2829.95   |       -2840.89   |        10.9402   |   06:49:17   |   01:03:45   |
18015       |        -2828.7   |       -2842.45   |        13.7524   |   06:50:56   |   01:03:59   |
18016       |       -2828.67   |       -2843.26   |         14.587   |   06:52:21   |   01:04:10   |
18017       |        -2827.9   |        -2841.8   |         13.903   |   06:53:47   |   01:04:22   |
18018       |       -2827.03   |       -2841.47   |        14.4412   |   06:55:13   |   01:04:34   |
18019       |       -2827.47   |       -2843.73   |        16.2627   |   06:56:32   |   01:04:44   |


Iter        |      Posterior   |     Likelihood   |          Prior   |    elapsed   |        ETA   |
----------------------------------------------------------------------------------------------------
18020       |       -2825.52   |       -2842.46   |        16.9398   |   06:57:56   |   01:04:56   |
18021       |       -2826.47   |       -2843.39   |        16.9191   |   07:04:19   |   01:05:54   |
18022       |       -2826.47   |       -2843.39   |        16.9191   |   07:05:45   |   01:06:05   |
18023       |       -2826.47   |       -2843.39   |        16.9191   |   07:07:10   |   01:06:17   |
18024       |       -2826.92   |       -2846.22   |        19.2955   |   07:08:31   |   01:06:28   |
18025       |       -2825.72   |       -2843.41   |        17.6916   |   07:09:42   |   01:06:37   |
18026       |       -2827.07   |       -2843.57   |        16.5046   |   07:11:09   |   01:06:49   |
18027       |       -2825.12   |        -2841.6   |        16.4786   |   07:12:37   |   01:07:01   |
18028       |       -2825.71   |       -2841.19   |        15.4808   |   07:14:20   |   01:07:15   |
18029       |       -2825.71   |       -2841.19   |        15.4808   |   07:16:03   |   01:07:30   |
18030       |       -2825.55   |       -2842.66   |        17.1055   |   07:17:32   |   01:07:42   |
18031       |       -2827.63   |       -2845.26   |        17.6353   |   07:24:04   |   01:08:41   |
18032       |        -2825.9   |       -2841.93   |        16.0299   |   07:25:37   |   01:08:53   |
18033       |       -2826.11   |       -2841.49   |        15.3852   |   07:27:06   |   01:09:05   |
18034       |       -2828.48   |       -2842.54   |        14.0681   |   07:28:47   |   01:09:19   |
18035       |       -2830.73   |       -2841.52   |        10.7932   |   07:30:16   |   01:09:31   |
18036       |       -2828.31   |       -2838.93   |        10.6192   |   07:31:46   |   01:09:44   |
18037       |       -2829.08   |        -2839.1   |        10.0247   |   07:33:22   |   01:09:57   |
18038       |       -2832.75   |          -2841   |        8.24335   |   07:34:52   |   01:10:09   |
18039       |       -2831.59   |       -2844.56   |        12.9717   |   07:36:33   |   01:10:23   |


Iter        |      Posterior   |     Likelihood   |          Prior   |    elapsed   |        ETA   |
----------------------------------------------------------------------------------------------------
18040       |       -2833.15   |       -2845.88   |        12.7256   |   07:38:01   |   01:10:34   |
18041       |       -2833.97   |       -2846.33   |         12.356   |   07:44:41   |   01:11:34   |
18042       |       -2833.97   |       -2846.33   |         12.356   |   07:46:29   |   01:11:49   |
18043       |       -2836.32   |       -2848.47   |        12.1508   |   07:48:12   |   01:12:03   |
18044       |       -2835.52   |       -2847.77   |        12.2539   |   07:49:40   |   01:12:15   |
18045       |       -2833.09   |       -2847.81   |         14.721   |   07:51:12   |   01:12:27   |
18046       |       -2834.94   |       -2848.11   |        13.1716   |   07:52:32   |   01:12:38   |
18047       |        -2834.4   |       -2846.82   |        12.4159   |   07:54:01   |   01:12:50   |
18048       |       -2834.28   |       -2843.82   |        9.53881   |   07:55:36   |   01:13:02   |
18049       |       -2833.45   |       -2846.05   |        12.6034   |   07:57:11   |   01:13:15   |
18050       |       -2834.91   |       -2848.86   |        13.9551   |   07:58:40   |   01:13:27   |
18051       |       -2829.59   |        -2842.2   |        12.6099   |   08:05:27   |   01:14:28   |
18052       |       -2828.21   |       -2841.74   |        13.5282   |   08:06:58   |   01:14:40   |
18053       |       -2828.61   |       -2841.18   |        12.5742   |   08:08:32   |   01:14:52   |
18054       |       -2829.46   |       -2841.85   |        12.3926   |   08:10:10   |   01:15:05   |
18055       |       -2830.62   |       -2843.21   |          12.59   |   08:11:37   |   01:15:17   |
18056       |       -2831.77   |        -2843.4   |        11.6222   |   08:13:11   |   01:15:29   |
18057       |       -2832.14   |       -2843.16   |        11.0115   |   08:14:53   |   01:15:43   |
18058       |       -2830.98   |       -2840.72   |        9.74295   |   08:16:34   |   01:15:57   |
18059       |          -2828   |       -2837.59   |        9.58697   |   08:18:12   |   01:16:10   |


Iter        |      Posterior   |     Likelihood   |          Prior   |    elapsed   |        ETA   |
----------------------------------------------------------------------------------------------------
18060       |       -2831.19   |       -2843.38   |        12.1963   |   08:19:56   |   01:16:24   |
18061       |       -2831.16   |       -2843.36   |        12.1965   |   08:27:10   |   01:17:28   |
18062       |       -2830.69   |       -2843.85   |        13.1639   |   08:28:46   |   01:17:41   |
18063       |        -2827.4   |       -2841.21   |        13.8111   |   08:30:22   |   01:17:53   |
18064       |       -2828.45   |       -2842.17   |         13.722   |   08:32:07   |   01:18:07   |
18065       |       -2828.95   |        -2842.3   |        13.3569   |   08:33:39   |   01:18:20   |
18066       |       -2828.59   |       -2842.57   |        13.9856   |   08:35:20   |   01:18:33   |
18067       |       -2830.21   |       -2845.38   |        15.1749   |   08:37:01   |   01:18:46   |
18068       |       -2832.45   |        -2847.3   |        14.8508   |   08:38:35   |   01:18:59   |
18069       |       -2830.39   |       -2846.45   |        16.0599   |   08:40:03   |   01:19:10   |
18070       |       -2829.62   |       -2843.73   |         14.105   |   08:41:40   |   01:19:23   |
18071       |       -2828.48   |       -2842.23   |        13.7539   |   08:48:32   |   01:20:24   |
18072       |       -2829.34   |       -2844.47   |        15.1285   |   08:50:07   |   01:20:36   |
18073       |       -2830.11   |       -2845.61   |        15.5005   |   08:51:47   |   01:20:49   |
18074       |       -2828.91   |       -2845.92   |        17.0135   |   08:53:16   |   01:21:01   |
18075       |       -2831.11   |       -2849.33   |        18.2177   |   08:54:46   |   01:21:12   |
18076       |       -2830.77   |       -2850.11   |        19.3421   |   08:56:22   |   01:21:25   |
18077       |       -2832.02   |        -2848.8   |        16.7778   |   08:57:53   |   01:21:37   |
18078       |       -2830.83   |       -2848.67   |        17.8357   |   08:59:29   |   01:21:49   |
18079       |       -2831.78   |       -2849.63   |        17.8528   |   09:01:14   |   01:22:03   |


Iter        |      Posterior   |     Likelihood   |          Prior   |    elapsed   |        ETA   |
----------------------------------------------------------------------------------------------------
18080       |       -2829.67   |       -2848.02   |        18.3514   |   09:02:53   |   01:22:16   |
18081       |        -2829.2   |       -2845.44   |         16.238   |   09:09:36   |   01:23:15   |
18082       |        -2828.9   |       -2847.55   |        18.6518   |   09:11:16   |   01:23:28   |
18083       |       -2827.97   |       -2845.67   |        17.6982   |   09:12:49   |   01:23:40   |
18084       |       -2827.55   |       -2844.46   |        16.9182   |   09:14:24   |   01:23:52   |
18085       |       -2827.58   |       -2845.89   |        18.3121   |   09:16:07   |   01:24:06   |
18086       |       -2827.03   |       -2844.92   |         17.888   |   09:17:40   |   01:24:18   |
18087       |       -2828.94   |       -2845.29   |        16.3497   |   09:19:09   |   01:24:29   |
18088       |       -2827.09   |       -2843.49   |        16.4034   |   09:20:44   |   01:24:41   |
18089       |       -2827.47   |       -2843.48   |        16.0105   |   09:22:11   |   01:24:52   |
18090       |       -2826.97   |       -2840.72   |        13.7517   |   09:23:44   |   01:25:04   |
18091       |       -2824.12   |       -2840.46   |        16.3399   |   09:30:17   |   01:26:01   |
18092       |       -2825.41   |       -2839.31   |        13.9019   |   09:31:52   |   01:26:13   |
18093       |       -2828.31   |       -2839.68   |        11.3708   |   09:33:21   |   01:26:24   |
18094       |       -2829.62   |          -2842   |        12.3881   |   09:35:00   |   01:26:37   |
18095       |        -2830.8   |       -2844.05   |        13.2511   |   09:36:29   |   01:26:48   |
18096       |       -2828.57   |       -2844.19   |        15.6244   |   09:38:12   |   01:27:02   |
18097       |       -2829.56   |       -2846.44   |        16.8838   |   09:39:51   |   01:27:14   |
18098       |       -2830.22   |       -2844.73   |         14.508   |   09:41:27   |   01:27:27   |
18099       |       -2827.69   |        -2843.6   |        15.9144   |   09:43:05   |   01:27:39   |


Iter        |      Posterior   |     Likelihood   |          Prior   |    elapsed   |        ETA   |
----------------------------------------------------------------------------------------------------
18100       |       -2826.93   |        -2845.8   |        18.8761   |   09:44:42   |   01:27:51   |
18101       |        -2828.7   |       -2846.73   |        18.0307   |   09:51:12   |   01:28:48   |
18102       |       -2832.74   |       -2852.44   |        19.7043   |   09:52:43   |   01:28:59   |
18103       |       -2829.77   |       -2849.07   |        19.3062   |   09:54:14   |   01:29:11   |
18104       |       -2829.79   |       -2849.77   |        19.9804   |   09:55:44   |   01:29:22   |
18105       |       -2829.65   |       -2849.62   |        19.9726   |   09:57:09   |   01:29:32   |
18106       |       -2828.95   |       -2848.97   |        20.0211   |   09:58:37   |   01:29:43   |
18107       |       -2831.19   |       -2851.69   |        20.5049   |   10:00:04   |   01:29:54   |
18108       |       -2831.11   |       -2853.26   |        22.1557   |   10:01:29   |   01:30:04   |
18109       |       -2831.98   |       -2854.55   |        22.5638   |   10:02:45   |   01:30:14   |
18110       |       -2830.18   |       -2852.63   |        22.4429   |   10:04:11   |   01:30:24   |
18111       |       -2831.93   |       -2853.55   |        21.6266   |   10:10:43   |   01:31:20   |
18112       |        -2828.1   |       -2847.33   |         19.232   |   10:12:12   |   01:31:31   |
18113       |       -2828.23   |       -2847.43   |        19.2045   |   10:13:54   |   01:31:44   |
18114       |       -2828.03   |       -2847.99   |        19.9587   |   10:15:31   |   01:31:57   |
18115       |        -2829.6   |       -2849.41   |        19.8034   |   10:17:08   |   01:32:09   |
18116       |       -2831.29   |       -2851.34   |        20.0538   |   10:18:39   |   01:32:20   |
18117       |       -2830.67   |       -2850.99   |        20.3207   |   10:20:03   |   01:32:30   |
18118       |       -2831.61   |       -2851.52   |        19.9049   |   10:21:34   |   01:32:41   |
18119       |       -2829.33   |       -2848.85   |        19.5165   |   10:23:01   |   01:32:52   |


Iter        |      Posterior   |     Likelihood   |          Prior   |    elapsed   |        ETA   |
----------------------------------------------------------------------------------------------------
18120       |       -2830.94   |        -2848.8   |        17.8632   |   10:24:31   |   01:33:03   |
18121       |       -2831.88   |       -2849.09   |        17.2106   |   10:31:09   |   01:34:00   |
18122       |       -2830.91   |       -2847.52   |        16.6102   |   10:32:43   |   01:34:11   |
18123       |       -2831.59   |       -2846.43   |        14.8405   |   10:34:22   |   01:34:24   |
18124       |       -2831.36   |       -2846.07   |        14.7158   |   10:36:05   |   01:34:37   |
18125       |       -2829.43   |       -2844.16   |        14.7356   |   10:37:44   |   01:34:49   |
18126       |       -2828.34   |       -2844.41   |         16.072   |   10:39:26   |   01:35:02   |
18127       |       -2828.09   |       -2843.28   |        15.1971   |   10:41:05   |   01:35:14   |
18128       |       -2828.09   |       -2843.28   |        15.1971   |   10:42:51   |   01:35:27   |
18129       |       -2828.29   |       -2842.59   |        14.2964   |   10:44:26   |   01:35:39   |
18130       |       -2828.33   |       -2841.91   |        13.5791   |   10:46:04   |   01:35:51   |
18131       |       -2830.06   |       -2842.33   |        12.2643   |   10:52:51   |   01:36:49   |
18132       |       -2834.91   |       -2845.37   |        10.4507   |   10:54:31   |   01:37:01   |
18133       |       -2829.26   |       -2840.21   |         10.946   |   10:56:01   |   01:37:12   |
18134       |       -2828.25   |       -2840.61   |        12.3544   |   10:57:31   |   01:37:23   |
18135       |        -2827.8   |       -2841.73   |        13.9207   |   10:59:04   |   01:37:34   |
18136       |       -2827.63   |       -2842.01   |        14.3838   |   11:00:41   |   01:37:46   |
18137       |       -2827.75   |       -2842.28   |        14.5267   |   11:02:09   |   01:37:57   |
18138       |       -2827.75   |       -2842.28   |        14.5267   |   11:03:56   |   01:38:10   |
18139       |       -2829.17   |       -2843.95   |        14.7831   |   11:05:37   |   01:38:22   |


Iter        |      Posterior   |     Likelihood   |          Prior   |    elapsed   |        ETA   |
----------------------------------------------------------------------------------------------------
18140       |       -2831.73   |       -2846.88   |        15.1492   |   11:07:07   |   01:38:33   |
18141       |       -2828.73   |       -2845.12   |          16.39   |   11:13:56   |   01:39:31   |
18142       |       -2828.18   |       -2844.97   |        16.7859   |   11:15:26   |   01:39:42   |
18143       |       -2828.28   |       -2846.04   |        17.7617   |   11:16:58   |   01:39:53   |
18144       |       -2833.69   |       -2848.16   |        14.4651   |   11:18:31   |   01:40:04   |
18145       |        -2829.7   |       -2847.13   |        17.4254   |   11:20:01   |   01:40:15   |
18146       |       -2830.87   |       -2848.07   |        17.1963   |   11:21:36   |   01:40:26   |
18147       |       -2830.87   |       -2848.07   |        17.1963   |   11:23:16   |   01:40:38   |
18148       |       -2832.47   |       -2849.55   |         17.081   |   11:24:49   |   01:40:49   |
18149       |       -2833.48   |       -2851.85   |        18.3783   |   11:26:17   |   01:41:00   |
18150       |       -2832.63   |       -2850.07   |        17.4394   |   11:27:41   |   01:41:09   |
18151       |       -2829.09   |       -2847.45   |        18.3597   |   11:34:07   |   01:42:03   |
18152       |       -2829.82   |       -2848.18   |          18.36   |   11:35:45   |   01:42:15   |
18153       |       -2829.94   |       -2850.32   |        20.3841   |   11:37:17   |   01:42:26   |
18154       |       -2829.98   |       -2849.68   |        19.6937   |   11:38:41   |   01:42:36   |
18155       |       -2829.78   |       -2847.82   |         18.033   |   11:40:10   |   01:42:46   |
18156       |       -2829.03   |        -2846.4   |        17.3712   |   11:41:38   |   01:42:56   |
18157       |       -2828.42   |       -2846.37   |        17.9529   |   11:43:03   |   01:43:06   |
18158       |        -2827.6   |       -2846.73   |        19.1344   |   11:44:32   |   01:43:17   |
18159       |       -2826.94   |       -2845.55   |        18.6076   |   11:45:50   |   01:43:25   |


Iter        |      Posterior   |     Likelihood   |          Prior   |    elapsed   |        ETA   |
----------------------------------------------------------------------------------------------------
18160       |       -2828.11   |       -2847.21   |        19.1002   |   11:47:22   |   01:43:36   |
18161       |       -2829.29   |       -2848.64   |         19.353   |   11:53:36   |   01:44:28   |
18162       |       -2830.53   |          -2850   |        19.4733   |   11:54:51   |   01:44:37   |
18163       |       -2828.09   |       -2846.63   |        18.5438   |   11:56:13   |   01:44:46   |
18164       |       -2829.82   |       -2850.26   |        20.4352   |   11:57:36   |   01:44:55   |
18165       |       -2830.82   |       -2850.68   |         19.862   |   11:58:57   |   01:45:04   |
18166       |       -2828.81   |       -2847.59   |         18.784   |   12:00:30   |   01:45:15   |
18167       |       -2825.51   |       -2843.72   |        18.2102   |   12:01:57   |   01:45:25   |
18168       |       -2825.91   |       -2842.87   |        16.9641   |   12:03:26   |   01:45:36   |
18169       |       -2825.69   |        -2843.3   |        17.6034   |   12:04:54   |   01:45:46   |
18170       |       -2825.86   |        -2843.1   |        17.2465   |   12:06:32   |   01:45:57   |
18171       |       -2824.57   |       -2840.91   |        16.3461   |   12:13:14   |   01:46:53   |
18172       |       -2824.81   |       -2841.07   |        16.2588   |   12:14:49   |   01:47:04   |
18173       |       -2826.09   |       -2842.79   |        16.6985   |   12:16:24   |   01:47:15   |
18174       |       -2825.78   |       -2844.81   |        19.0304   |   12:18:04   |   01:47:27   |
18175       |       -2828.06   |       -2845.44   |        17.3819   |   12:19:36   |   01:47:38   |
18176       |       -2832.38   |       -2850.04   |         17.658   |   12:21:10   |   01:47:48   |
18177       |       -2832.38   |       -2850.04   |         17.658   |   12:22:55   |   01:48:01   |
18178       |        -2831.9   |       -2850.81   |        18.9099   |   12:24:28   |   01:48:12   |
18179       |       -2830.15   |       -2848.61   |        18.4535   |   12:26:00   |   01:48:22   |


Iter        |      Posterior   |     Likelihood   |          Prior   |    elapsed   |        ETA   |
----------------------------------------------------------------------------------------------------
18180       |       -2828.99   |       -2848.45   |        19.4678   |   12:27:37   |   01:48:33   |
18181       |       -2829.13   |       -2846.01   |        16.8779   |   12:34:03   |   01:49:27   |
18182       |        -2829.7   |       -2846.38   |        16.6782   |   12:35:34   |   01:49:37   |
18183       |       -2832.03   |       -2848.51   |        16.4785   |   12:37:09   |   01:49:48   |
18184       |       -2831.74   |       -2849.62   |        17.8741   |   12:38:46   |   01:49:59   |
18185       |       -2832.48   |        -2849.7   |        17.2125   |   12:40:18   |   01:50:10   |
18186       |       -2831.02   |       -2847.94   |        16.9256   |   12:41:56   |   01:50:21   |
18187       |        -2831.2   |       -2848.73   |        17.5319   |   12:43:30   |   01:50:32   |
18188       |       -2834.58   |       -2849.12   |        14.5329   |   12:45:07   |   01:50:43   |
18189       |       -2834.58   |       -2849.12   |        14.5329   |   12:46:55   |   01:50:55   |
18190       |       -2834.58   |       -2849.12   |        14.5329   |   12:48:41   |   01:51:08   |
18191       |       -2835.92   |       -2850.54   |        14.6204   |   12:55:36   |   01:52:05   |
18192       |        -2827.7   |       -2842.05   |        14.3522   |   12:57:21   |   01:52:17   |
18193       |       -2825.69   |       -2844.03   |        18.3416   |   12:58:49   |   01:52:27   |
18194       |       -2826.19   |       -2844.22   |        18.0378   |   13:00:21   |   01:52:37   |
18195       |       -2825.71   |       -2843.77   |         18.064   |   13:01:44   |   01:52:46   |
18196       |       -2826.11   |       -2845.08   |        18.9639   |   13:03:10   |   01:52:56   |
18197       |       -2824.76   |       -2843.99   |         19.232   |   13:04:36   |   01:53:05   |
18198       |       -2826.94   |       -2845.05   |        18.1099   |   13:05:55   |   01:53:14   |
18199       |       -2827.17   |       -2843.12   |        15.9545   |   13:07:24   |   01:53:24   |


Iter        |      Posterior   |     Likelihood   |          Prior   |    elapsed   |        ETA   |
----------------------------------------------------------------------------------------------------
18200       |       -2830.09   |       -2846.57   |        16.4778   |   13:09:00   |   01:53:34   |
18201       |       -2824.85   |       -2840.06   |        15.2108   |   13:15:41   |   01:54:29   |
18202       |       -2824.68   |       -2835.48   |        10.7984   |   13:17:13   |   01:54:39   |
18203       |       -2824.77   |       -2836.81   |        12.0401   |   13:18:57   |   01:54:51   |
18204       |       -2824.23   |       -2838.65   |        14.4153   |   13:20:41   |   01:55:03   |
18205       |       -2824.13   |       -2838.59   |        14.4622   |   13:22:31   |   01:55:16   |
18206       |       -2822.64   |       -2837.71   |        15.0719   |   13:24:07   |   01:55:27   |
18207       |       -2822.27   |       -2837.08   |        14.8058   |   13:25:45   |   01:55:38   |
18208       |       -2824.39   |       -2838.87   |        14.4801   |   13:27:12   |   01:55:47   |
18209       |       -2822.97   |       -2837.45   |        14.4806   |   13:28:53   |   01:55:59   |
18210       |       -2823.08   |       -2836.81   |        13.7235   |   13:30:29   |   01:56:09   |
18211       |       -2823.16   |       -2838.46   |        15.3028   |   13:37:09   |   01:57:04   |
18212       |       -2823.16   |       -2838.46   |        15.3028   |   13:38:53   |   01:57:15   |
18213       |       -2823.92   |       -2839.49   |        15.5734   |   13:40:28   |   01:57:26   |
18214       |       -2824.25   |        -2839.2   |        14.9427   |   13:42:00   |   01:57:36   |
18215       |       -2826.47   |       -2842.26   |        15.7919   |   13:43:35   |   01:57:47   |
18216       |       -2826.47   |       -2842.26   |        15.7919   |   13:45:10   |   01:57:57   |
18217       |       -2826.47   |       -2842.26   |        15.7919   |   13:46:48   |   01:58:08   |
18218       |       -2826.47   |       -2842.26   |        15.7919   |   13:48:26   |   01:58:19   |
18219       |       -2826.64   |       -2842.69   |         16.048   |   13:50:06   |   01:58:30   |


Iter        |      Posterior   |     Likelihood   |          Prior   |    elapsed   |        ETA   |
----------------------------------------------------------------------------------------------------
18220       |        -2826.4   |       -2842.74   |        16.3399   |   13:51:41   |   01:58:40   |
18221       |        -2826.4   |       -2842.74   |        16.3399   |   13:58:20   |   01:59:34   |
18222       |       -2828.51   |       -2844.85   |        16.3408   |   13:59:57   |   01:59:45   |
18223       |       -2827.19   |       -2843.91   |        16.7198   |   14:01:27   |   01:59:55   |
18224       |       -2823.81   |       -2840.36   |        16.5477   |   14:03:04   |   02:00:05   |
18225       |       -2821.67   |       -2839.19   |        17.5221   |   14:04:26   |   02:00:14   |
18226       |       -2824.41   |       -2841.39   |        16.9863   |   14:05:52   |   02:00:23   |
18227       |       -2825.51   |       -2841.96   |        16.4523   |   14:07:20   |   02:00:32   |
18228       |       -2822.85   |       -2837.49   |         14.641   |   14:08:56   |   02:00:43   |
18229       |       -2820.86   |       -2836.06   |         15.202   |   14:10:31   |   02:00:53   |
18230       |       -2821.15   |       -2836.04   |        14.8902   |   14:12:13   |   02:01:04   |
18231       |        -2822.4   |       -2839.11   |         16.711   |   14:19:01   |   02:01:59   |
18232       |       -2823.85   |       -2841.48   |        17.6256   |   14:20:29   |   02:02:08   |
18233       |       -2823.52   |       -2840.92   |        17.3977   |   14:22:03   |   02:02:18   |
18234       |       -2825.83   |       -2842.95   |        17.1133   |   14:23:39   |   02:02:29   |
18235       |       -2826.84   |       -2841.73   |        14.8915   |   14:25:16   |   02:02:39   |
18236       |       -2826.29   |       -2841.37   |        15.0766   |   14:26:53   |   02:02:50   |
18237       |       -2826.75   |       -2841.26   |          14.51   |   14:28:24   |   02:02:59   |
18238       |        -2826.5   |       -2841.34   |        14.8308   |   14:30:04   |   02:03:10   |
18239       |        -2826.5   |       -2841.34   |        14.8308   |   14:31:55   |   02:03:23   |


Iter        |      Posterior   |     Likelihood   |          Prior   |    elapsed   |        ETA   |
----------------------------------------------------------------------------------------------------
18240       |       -2826.69   |       -2841.15   |        14.4543   |   14:33:40   |   02:03:34   |
18241       |       -2827.79   |       -2842.36   |        14.5755   |   14:40:32   |   02:04:29   |
18242       |       -2822.52   |       -2837.53   |        15.0104   |   14:42:10   |   02:04:40   |
18243       |       -2821.68   |        -2837.4   |        15.7144   |   14:43:42   |   02:04:49   |
18244       |       -2821.56   |       -2837.74   |        16.1858   |   14:45:10   |   02:04:58   |
18245       |       -2822.18   |       -2838.55   |        16.3687   |   14:46:43   |   02:05:08   |
18246       |       -2822.25   |       -2838.58   |        16.3277   |   14:48:04   |   02:05:16   |
18247       |       -2824.25   |       -2839.56   |        15.3039   |   14:49:38   |   02:05:26   |
18248       |       -2824.41   |       -2840.58   |        16.1754   |   14:51:06   |   02:05:35   |
18249       |       -2823.12   |       -2840.49   |        17.3692   |   14:52:42   |   02:05:46   |
18250       |        -2822.4   |       -2837.37   |        14.9675   |   14:54:01   |   02:05:53   |
18251       |       -2822.62   |       -2839.17   |        16.5527   |   15:00:29   |   02:06:45   |
18252       |       -2826.55   |       -2842.93   |        16.3858   |   15:01:59   |   02:06:54   |
18253       |       -2824.88   |       -2841.33   |        16.4475   |   15:03:27   |   02:07:03   |
18254       |       -2824.88   |       -2841.33   |        16.4475   |   15:04:57   |   02:07:12   |
18255       |       -2824.88   |       -2841.33   |        16.4475   |   15:06:31   |   02:07:22   |
18256       |       -2824.88   |       -2841.33   |        16.4475   |   15:07:56   |   02:07:30   |
18257       |       -2824.88   |       -2841.33   |        16.4475   |   15:09:32   |   02:07:41   |
18258       |       -2824.88   |       -2841.33   |        16.4475   |   15:10:57   |   02:07:49   |
18259       |       -2824.88   |       -2841.33   |        16.4475   |   15:12:36   |   02:08:00   |


Iter        |      Posterior   |     Likelihood   |          Prior   |    elapsed   |        ETA   |
----------------------------------------------------------------------------------------------------
18260       |       -2825.14   |       -2841.69   |        16.5524   |   15:14:08   |   02:08:09   |
18261       |       -2825.39   |       -2841.14   |        15.7531   |   15:20:56   |   02:09:03   |
18262       |       -2825.39   |       -2841.14   |        15.7531   |   15:22:40   |   02:09:14   |
18263       |       -2825.39   |       -2841.14   |        15.7531   |   15:24:26   |   02:09:25   |
18264       |       -2825.39   |       -2841.14   |        15.7531   |   15:26:09   |   02:09:36   |
18265       |       -2825.39   |       -2841.14   |        15.7531   |   15:27:54   |   02:09:47   |
18266       |       -2825.39   |       -2841.14   |        15.7531   |   15:29:42   |   02:09:59   |
18267       |       -2825.05   |       -2839.95   |        14.9042   |   15:31:24   |   02:10:10   |
18268       |       -2826.05   |       -2840.92   |        14.8683   |   15:33:03   |   02:10:20   |
18269       |       -2823.46   |       -2840.47   |        17.0054   |   15:34:40   |   02:10:30   |
18270       |       -2825.35   |        -2841.5   |        16.1511   |   15:36:11   |   02:10:39   |
18271       |       -2825.35   |        -2841.5   |        16.1511   |   15:43:05   |   02:11:34   |
18272       |       -2822.63   |       -2837.74   |        15.1184   |   15:44:46   |   02:11:44   |
18273       |       -2822.63   |       -2837.74   |        15.1184   |   15:46:35   |   02:11:56   |
18274       |       -2823.86   |       -2838.48   |        14.6238   |   15:48:10   |   02:12:06   |
18275       |       -2824.03   |       -2838.65   |        14.6232   |   15:49:54   |   02:12:17   |
18276       |       -2823.53   |        -2838.9   |        15.3719   |   15:51:30   |   02:12:26   |
18277       |       -2824.12   |       -2839.31   |        15.1939   |   15:53:09   |   02:12:37   |
18278       |       -2824.12   |       -2839.31   |        15.1939   |   15:54:49   |   02:12:47   |
18279       |       -2823.69   |       -2837.56   |          13.87   |   15:56:26   |   02:12:57   |


Iter        |      Posterior   |     Likelihood   |          Prior   |    elapsed   |        ETA   |
----------------------------------------------------------------------------------------------------
18280       |       -2826.18   |       -2838.77   |        12.5893   |   15:58:01   |   02:13:06   |
18281       |       -2827.94   |       -2838.39   |        10.4477   |   16:04:40   |   02:13:58   |
18282       |       -2825.49   |        -2837.7   |        12.2117   |   16:06:23   |   02:14:09   |
18283       |       -2825.15   |       -2839.83   |        14.6763   |   16:08:02   |   02:14:19   |
18284       |       -2822.84   |       -2837.08   |        14.2358   |   16:09:30   |   02:14:28   |
18285       |       -2823.92   |       -2839.09   |        15.1716   |   16:10:56   |   02:14:36   |
18286       |        -2824.6   |       -2840.11   |        15.5072   |   16:12:26   |   02:14:45   |
18287       |       -2824.84   |       -2839.82   |        14.9812   |   16:14:03   |   02:14:55   |
18288       |       -2826.42   |       -2841.76   |        15.3359   |   16:15:32   |   02:15:03   |
18289       |       -2825.53   |       -2841.62   |        16.0892   |   16:16:58   |   02:15:12   |
18290       |       -2825.42   |       -2841.28   |        15.8618   |   16:18:28   |   02:15:20   |
18291       |       -2825.12   |       -2840.92   |        15.7961   |   16:25:08   |   02:16:12   |
18292       |       -2824.57   |       -2841.54   |         16.978   |   16:26:40   |   02:16:21   |
18293       |       -2824.19   |       -2840.41   |        16.2264   |   16:28:09   |   02:16:30   |
18294       |       -2821.33   |       -2837.99   |        16.6601   |   16:29:40   |   02:16:39   |
18295       |       -2822.45   |       -2836.89   |        14.4446   |   16:31:19   |   02:16:49   |
18296       |       -2822.69   |       -2835.19   |        12.4984   |   16:32:53   |   02:16:58   |
18297       |       -2820.07   |       -2833.47   |         13.409   |   16:34:31   |   02:17:08   |
18298       |       -2821.75   |       -2836.76   |        15.0178   |   16:36:07   |   02:17:17   |
18299       |       -2820.49   |       -2835.98   |        15.4892   |   16:37:35   |   02:17:26   |


Iter        |      Posterior   |     Likelihood   |          Prior   |    elapsed   |        ETA   |
----------------------------------------------------------------------------------------------------
18300       |        -2820.3   |       -2831.19   |         10.892   |   16:39:14   |   02:17:35   |
18301       |        -2820.8   |       -2833.56   |        12.7571   |   16:46:08   |   02:18:29   |
18302       |       -2820.35   |        -2832.8   |        12.4474   |   16:47:57   |   02:18:40   |
18303       |       -2820.63   |       -2833.22   |        12.5895   |   16:49:42   |   02:18:51   |
18304       |       -2821.47   |       -2833.85   |        12.3778   |   16:51:33   |   02:19:02   |
18305       |       -2821.39   |       -2833.73   |        12.3462   |   16:53:20   |   02:19:13   |
18306       |       -2821.39   |       -2833.73   |        12.3462   |   16:55:11   |   02:19:25   |
18307       |       -2821.39   |       -2833.73   |        12.3462   |   16:56:53   |   02:19:35   |
18308       |       -2821.39   |       -2833.73   |        12.3462   |   16:58:40   |   02:19:46   |
18309       |       -2821.39   |       -2833.73   |        12.3462   |   17:00:21   |   02:19:56   |
18310       |       -2821.06   |       -2833.47   |        12.4077   |   17:02:05   |   02:20:06   |
18311       |       -2821.06   |       -2833.47   |        12.4077   |   17:09:13   |   02:21:01   |
18312       |       -2821.06   |       -2833.47   |        12.4077   |   17:10:59   |   02:21:12   |
18313       |       -2821.06   |       -2833.47   |        12.4077   |   17:12:43   |   02:21:22   |
18314       |       -2821.06   |       -2833.47   |        12.4077   |   17:14:28   |   02:21:33   |
18315       |       -2821.77   |       -2835.72   |        13.9539   |   17:16:07   |   02:21:42   |
18316       |       -2823.36   |       -2837.31   |        13.9536   |   17:17:54   |   02:21:53   |
18317       |       -2823.36   |       -2837.31   |        13.9536   |   17:19:34   |   02:22:03   |
18318       |       -2823.36   |       -2837.31   |        13.9536   |   17:21:17   |   02:22:13   |
18319       |       -2823.36   |       -2837.31   |        13.9536   |   17:23:05   |   02:22:24   |


Iter        |      Posterior   |     Likelihood   |          Prior   |    elapsed   |        ETA   |
----------------------------------------------------------------------------------------------------
18320       |       -2823.36   |       -2837.31   |        13.9536   |   17:24:49   |   02:22:34   |
18321       |       -2823.36   |       -2837.31   |        13.9536   |   17:31:46   |   02:23:27   |
18322       |       -2823.36   |       -2837.31   |        13.9536   |   17:33:26   |   02:23:37   |
18323       |       -2823.36   |       -2837.31   |        13.9536   |   17:35:13   |   02:23:48   |
18324       |       -2822.61   |       -2836.57   |        13.9556   |   17:36:57   |   02:23:58   |
18325       |       -2822.61   |       -2836.57   |        13.9556   |   17:38:39   |   02:24:08   |
18326       |       -2820.56   |       -2835.51   |        14.9501   |   17:40:18   |   02:24:17   |
18327       |       -2819.35   |       -2833.52   |        14.1716   |   17:41:55   |   02:24:27   |
18328       |       -2818.63   |       -2833.04   |         14.407   |   17:43:23   |   02:24:35   |
18329       |       -2820.94   |       -2835.51   |        14.5672   |   17:44:52   |   02:24:43   |
18330       |       -2819.95   |       -2834.77   |        14.8222   |   17:46:23   |   02:24:51   |
18331       |       -2819.98   |        -2834.1   |        14.1159   |   17:53:09   |   02:25:42   |
18332       |       -2820.54   |       -2834.18   |          13.64   |   17:54:44   |   02:25:51   |
18333       |       -2819.75   |       -2833.59   |        13.8398   |   17:56:17   |   02:26:00   |
18334       |       -2823.01   |       -2837.72   |        14.7006   |   17:57:46   |   02:26:08   |
18335       |       -2821.33   |       -2834.92   |        13.5977   |   17:59:21   |   02:26:17   |
18336       |       -2822.23   |        -2837.6   |        15.3728   |   18:00:41   |   02:26:24   |
18337       |       -2821.01   |       -2836.01   |        15.0015   |   18:02:03   |   02:26:31   |
18338       |       -2821.65   |       -2838.08   |        16.4277   |   18:03:30   |   02:26:38   |
18339       |       -2822.49   |       -2838.42   |        15.9268   |   18:04:48   |   02:26:45   |


Iter        |      Posterior   |     Likelihood   |          Prior   |    elapsed   |        ETA   |
----------------------------------------------------------------------------------------------------
18340       |       -2821.85   |       -2835.13   |        13.2774   |   18:06:11   |   02:26:52   |
18341       |       -2821.88   |       -2835.35   |        13.4645   |   18:12:51   |   02:27:42   |
18342       |        -2822.8   |       -2835.99   |        13.1883   |   18:14:18   |   02:27:50   |
18343       |       -2821.75   |       -2834.99   |        13.2393   |   18:15:43   |   02:27:57   |
18344       |       -2821.29   |       -2835.02   |        13.7361   |   18:17:16   |   02:28:06   |
18345       |       -2820.65   |        -2834.2   |        13.5463   |   18:18:40   |   02:28:13   |
18346       |        -2821.4   |       -2835.04   |        13.6427   |   18:20:04   |   02:28:20   |
18347       |       -2821.71   |       -2835.52   |        13.8067   |   18:21:29   |   02:28:28   |
18348       |       -2823.14   |       -2837.48   |        14.3427   |   18:22:54   |   02:28:35   |
18349       |       -2822.88   |       -2837.52   |        14.6318   |   18:24:08   |   02:28:41   |
18350       |       -2823.52   |       -2837.84   |        14.3213   |   18:25:27   |   02:28:47   |
18351       |          -2826   |       -2840.56   |        14.5577   |   18:31:48   |   02:29:35   |
18352       |       -2826.58   |       -2840.03   |        13.4506   |   18:33:11   |   02:29:42   |
18353       |       -2827.27   |       -2840.21   |         12.938   |   18:34:36   |   02:29:49   |
18354       |       -2824.02   |       -2837.23   |        13.2142   |   18:36:04   |   02:29:57   |
18355       |       -2824.02   |       -2837.23   |        13.2142   |   18:37:40   |   02:30:05   |
18356       |       -2824.02   |       -2837.23   |        13.2142   |   18:39:18   |   02:30:14   |
18357       |       -2824.02   |       -2837.23   |        13.2142   |   18:40:54   |   02:30:23   |
18358       |       -2823.09   |       -2836.76   |        13.6648   |   18:42:29   |   02:30:32   |
18359       |       -2825.78   |        -2839.6   |        13.8135   |   18:43:54   |   02:30:39   |


Iter        |      Posterior   |     Likelihood   |          Prior   |    elapsed   |        ETA   |
----------------------------------------------------------------------------------------------------
18360       |       -2825.42   |       -2839.54   |        14.1237   |   18:45:31   |   02:30:48   |
18361       |       -2826.99   |       -2839.61   |        12.6208   |   18:52:08   |   02:31:37   |
18362       |       -2828.15   |       -2837.62   |        9.47193   |   18:53:50   |   02:31:46   |
18363       |       -2829.66   |       -2834.84   |        5.18147   |   18:55:34   |   02:31:56   |
18364       |       -2830.73   |       -2837.45   |        6.71342   |   18:57:14   |   02:32:05   |
18365       |       -2827.71   |       -2836.79   |        9.07955   |   18:58:57   |   02:32:15   |
18366       |        -2827.5   |       -2837.23   |        9.73441   |   19:00:39   |   02:32:24   |
18367       |       -2828.32   |       -2838.03   |        9.71473   |   19:02:29   |   02:32:35   |
18368       |       -2828.32   |       -2838.03   |        9.71473   |   19:04:20   |   02:32:45   |
18369       |       -2824.85   |       -2835.62   |        10.7645   |   19:05:52   |   02:32:53   |
18370       |        -2824.8   |       -2836.93   |        12.1305   |   19:07:18   |   02:33:00   |
18371       |       -2827.02   |       -2839.87   |        12.8507   |   19:20:09   |   02:34:39   |
18372       |       -2825.46   |        -2839.2   |        13.7472   |   19:21:28   |   02:34:45   |
18373       |       -2827.18   |          -2841   |        13.8209   |   19:22:54   |   02:34:52   |
18374       |        -2825.9   |       -2841.47   |        15.5708   |   19:24:13   |   02:34:59   |
18375       |       -2827.97   |       -2843.24   |        15.2636   |   19:25:34   |   02:35:05   |
18376       |       -2828.97   |       -2843.94   |        14.9699   |   19:26:47   |   02:35:10   |
18377       |       -2827.17   |       -2842.54   |        15.3768   |   19:28:08   |   02:35:17   |
18378       |       -2826.93   |       -2843.66   |        16.7361   |   19:29:26   |   02:35:23   |
18379       |       -2829.27   |       -2844.15   |        14.8782   |   19:30:49   |   02:35:30   |


Iter        |      Posterior   |     Likelihood   |          Prior   |    elapsed   |        ETA   |
----------------------------------------------------------------------------------------------------
18380       |       -2828.03   |       -2842.57   |        14.5385   |   19:32:13   |   02:35:36   |
18381       |       -2827.78   |       -2841.46   |        13.6792   |   19:38:42   |   02:36:24   |
18382       |       -2827.63   |       -2842.21   |        14.5839   |   19:40:03   |   02:36:30   |
18383       |       -2829.18   |       -2838.98   |        9.79731   |   19:41:27   |   02:36:37   |
18384       |       -2829.18   |       -2838.98   |        9.79731   |   19:43:11   |   02:36:46   |
18385       |       -2831.06   |        -2838.2   |        7.13576   |   19:44:53   |   02:36:55   |
18386       |       -2829.91   |       -2838.07   |        8.16646   |   19:46:34   |   02:37:04   |
18387       |       -2829.63   |       -2837.94   |        8.31035   |   19:48:23   |   02:37:14   |
18388       |       -2825.23   |       -2835.34   |         10.111   |   19:50:03   |   02:37:23   |
18389       |       -2824.02   |       -2835.32   |        11.2926   |   19:51:33   |   02:37:31   |
18390       |        -2825.3   |       -2836.32   |         11.011   |   19:53:01   |   02:37:38   |
18391       |       -2823.29   |       -2835.62   |        12.3349   |   19:59:39   |   02:38:26   |
18392       |       -2823.03   |       -2834.59   |         11.552   |   20:01:09   |   02:38:34   |
18393       |       -2822.64   |       -2834.73   |        12.0922   |   20:02:39   |   02:38:41   |
18394       |       -2824.36   |       -2835.95   |        11.5806   |   20:04:17   |   02:38:50   |
18395       |       -2827.21   |       -2838.86   |        11.6509   |   20:05:55   |   02:38:58   |
18396       |       -2827.92   |       -2839.51   |         11.592   |   20:07:31   |   02:39:06   |
18397       |       -2827.66   |       -2838.32   |          10.66   |   20:09:07   |   02:39:14   |
18398       |        -2825.8   |        -2836.6   |        10.8023   |   20:10:43   |   02:39:23   |
18399       |       -2825.14   |       -2837.66   |        12.5216   |   20:12:15   |   02:39:30   |


Iter        |      Posterior   |     Likelihood   |          Prior   |    elapsed   |        ETA   |
----------------------------------------------------------------------------------------------------
18400       |       -2826.24   |       -2840.62   |        14.3789   |   20:13:53   |   02:39:39   |
18401       |       -2823.11   |       -2839.29   |        16.1871   |   20:20:23   |   02:40:25   |
18402       |       -2821.31   |       -2836.59   |        15.2801   |   20:21:45   |   02:40:32   |
18403       |       -2822.05   |       -2836.38   |         14.325   |   20:23:07   |   02:40:38   |
18404       |       -2823.82   |       -2836.49   |        12.6707   |   20:24:34   |   02:40:45   |
18405       |       -2822.87   |       -2834.42   |        11.5526   |   20:26:00   |   02:40:52   |
18406       |       -2821.92   |       -2834.25   |         12.327   |   20:27:37   |   02:41:00   |
18407       |       -2823.46   |       -2834.96   |        11.5062   |   20:29:07   |   02:41:07   |
18408       |       -2821.16   |       -2833.36   |         12.206   |   20:30:54   |   02:41:17   |
18409       |       -2823.28   |        -2834.9   |        11.6241   |   20:32:25   |   02:41:24   |
18410       |        -2822.7   |       -2835.33   |        12.6373   |   20:33:57   |   02:41:31   |
18411       |       -2820.23   |       -2832.98   |        12.7489   |   20:40:38   |   02:42:19   |
18412       |       -2820.23   |       -2832.98   |        12.7489   |   20:42:23   |   02:42:29   |
18413       |       -2820.23   |       -2832.98   |        12.7489   |   20:44:03   |   02:42:37   |
18414       |       -2820.23   |       -2832.98   |        12.7489   |   20:45:40   |   02:42:45   |
18415       |       -2820.23   |       -2832.98   |        12.7489   |   20:47:26   |   02:42:54   |
18416       |       -2820.62   |       -2834.51   |         13.882   |   20:49:05   |   02:43:03   |
18417       |       -2820.62   |       -2834.51   |         13.882   |   20:50:42   |   02:43:11   |
18418       |       -2820.62   |       -2834.51   |         13.882   |   20:52:14   |   02:43:18   |
18419       |       -2820.62   |       -2834.51   |         13.882   |   20:53:53   |   02:43:26   |


Iter        |      Posterior   |     Likelihood   |          Prior   |    elapsed   |        ETA   |
----------------------------------------------------------------------------------------------------
18420       |       -2820.62   |       -2834.51   |         13.882   |   20:55:28   |   02:43:34   |
18421       |       -2823.33   |       -2838.01   |        14.6758   |   21:02:07   |   02:44:22   |
18422       |       -2823.75   |       -2839.26   |        15.5024   |   21:03:35   |   02:44:28   |
18423       |       -2825.06   |       -2840.47   |        15.4104   |   21:05:02   |   02:44:35   |
18424       |       -2827.12   |       -2840.33   |        13.2099   |   21:06:25   |   02:44:41   |
18425       |       -2825.65   |        -2838.8   |        13.1523   |   21:08:04   |   02:44:49   |
18426       |       -2822.09   |       -2834.74   |        12.6535   |   21:09:33   |   02:44:56   |
18427       |       -2822.09   |       -2834.74   |        12.6535   |   21:11:12   |   02:45:04   |
18428       |       -2824.32   |       -2838.43   |        14.1082   |   21:12:38   |   02:45:11   |
18429       |       -2823.34   |       -2836.25   |        12.9095   |   21:13:55   |   02:45:16   |
18430       |       -2824.06   |        -2835.7   |        11.6472   |   21:15:21   |   02:45:23   |
18431       |       -2822.95   |       -2834.54   |        11.5833   |   21:22:01   |   02:46:10   |
18432       |       -2822.89   |       -2836.47   |        13.5785   |   21:23:28   |   02:46:16   |
18433       |       -2822.81   |       -2836.14   |        13.3345   |   21:25:02   |   02:46:24   |
18434       |       -2822.83   |       -2834.64   |         11.812   |   21:26:46   |   02:46:33   |
18435       |       -2823.38   |       -2834.72   |        11.3448   |   21:28:17   |   02:46:40   |
18436       |       -2823.03   |       -2834.34   |        11.3051   |   21:29:56   |   02:46:48   |
18437       |       -2825.54   |       -2836.06   |        10.5201   |   21:31:29   |   02:46:55   |
18438       |       -2821.96   |       -2833.17   |         11.208   |   21:33:05   |   02:47:03   |
18439       |       -2821.09   |       -2831.54   |        10.4514   |   21:34:33   |   02:47:09   |


Iter        |      Posterior   |     Likelihood   |          Prior   |    elapsed   |        ETA   |
----------------------------------------------------------------------------------------------------
18440       |       -2820.28   |        -2831.2   |        10.9205   |   21:36:05   |   02:47:16   |
18441       |       -2820.42   |       -2830.91   |        10.4978   |   21:42:43   |   02:48:03   |
18442       |       -2822.32   |       -2835.39   |        13.0664   |   21:44:06   |   02:48:09   |
18443       |       -2822.98   |       -2834.76   |        11.7736   |   21:45:38   |   02:48:16   |
18444       |       -2822.54   |        -2834.1   |         11.559   |   21:47:09   |   02:48:23   |
18445       |       -2822.54   |        -2834.1   |         11.559   |   21:48:52   |   02:48:31   |
18446       |        -2821.6   |       -2834.34   |        12.7346   |   21:50:22   |   02:48:38   |
18447       |       -2820.37   |       -2833.49   |        13.1227   |   21:51:42   |   02:48:44   |
18448       |       -2822.14   |       -2834.19   |        12.0529   |   21:53:07   |   02:48:50   |
18449       |       -2824.77   |       -2835.26   |        10.4905   |   21:54:42   |   02:48:57   |
18450       |       -2822.15   |       -2834.17   |          12.02   |   21:56:17   |   02:49:05   |
18451       |       -2823.13   |          -2835   |         11.863   |   22:03:03   |   02:49:52   |
18452       |       -2829.39   |       -2838.51   |        9.11835   |   22:04:49   |   02:50:01   |
18453       |       -2825.22   |       -2836.85   |        11.6276   |   22:06:35   |   02:50:09   |
18454       |        -2822.2   |       -2835.97   |        13.7691   |   22:08:16   |   02:50:17   |
18455       |        -2821.2   |       -2834.65   |        13.4419   |   22:09:52   |   02:50:25   |
18456       |       -2822.35   |       -2833.57   |        11.2191   |   22:11:25   |   02:50:32   |
18457       |       -2821.93   |       -2834.29   |        12.3594   |   22:12:59   |   02:50:39   |
18458       |       -2824.89   |       -2833.64   |        8.74963   |   22:14:41   |   02:50:47   |
18459       |       -2827.27   |       -2835.04   |        7.77117   |   22:16:23   |   02:50:55   |


Iter        |      Posterior   |     Likelihood   |          Prior   |    elapsed   |        ETA   |
----------------------------------------------------------------------------------------------------
18460       |       -2823.38   |       -2833.27   |        9.88575   |   22:17:54   |   02:51:02   |
18461       |       -2826.49   |       -2835.63   |        9.14497   |   22:24:46   |   02:51:50   |
18462       |       -2827.68   |       -2835.75   |        8.06683   |   22:26:19   |   02:51:57   |
18463       |       -2823.29   |       -2830.96   |        7.66602   |   22:27:53   |   02:52:04   |
18464       |       -2823.21   |       -2833.07   |        9.85943   |   22:29:32   |   02:52:11   |
18465       |       -2823.16   |        -2832.3   |        9.14042   |   22:31:12   |   02:52:19   |
18466       |       -2823.05   |       -2833.16   |        10.1075   |   22:32:49   |   02:52:27   |
18467       |        -2824.4   |       -2832.96   |        8.55649   |   22:34:31   |   02:52:35   |
18468       |        -2821.5   |       -2831.48   |        9.97731   |   22:36:07   |   02:52:42   |
18469       |       -2821.79   |       -2832.36   |        10.5741   |   22:37:37   |   02:52:49   |
18470       |       -2822.97   |       -2834.12   |        11.1503   |   22:39:15   |   02:52:56   |
18471       |        -2822.7   |        -2834.8   |        12.0964   |   22:46:10   |   02:53:44   |
18472       |       -2823.29   |       -2835.21   |        11.9244   |   22:47:47   |   02:53:51   |
18473       |       -2824.86   |       -2836.96   |        12.0982   |   22:49:29   |   02:53:59   |
18474       |       -2825.26   |       -2835.32   |        10.0606   |   22:51:07   |   02:54:07   |
18475       |       -2824.05   |       -2835.49   |        11.4474   |   22:52:45   |   02:54:14   |
18476       |       -2822.92   |       -2835.44   |        12.5158   |   22:54:18   |   02:54:21   |
18477       |       -2824.91   |       -2838.37   |        13.4627   |   22:55:45   |   02:54:27   |
18478       |       -2824.03   |       -2838.25   |        14.2119   |   22:57:15   |   02:54:33   |
18479       |       -2823.83   |       -2837.51   |        13.6838   |   22:58:48   |   02:54:40   |


Iter        |      Posterior   |     Likelihood   |          Prior   |    elapsed   |        ETA   |
----------------------------------------------------------------------------------------------------
18480       |       -2822.49   |       -2836.66   |        14.1712   |   23:00:16   |   02:54:46   |
18481       |       -2823.81   |       -2839.15   |        15.3492   |   23:06:59   |   02:55:32   |
18482       |       -2824.63   |       -2838.85   |        14.2188   |   23:08:29   |   02:55:38   |
18483       |       -2823.87   |       -2838.22   |        14.3508   |   23:09:53   |   02:55:44   |
18484       |       -2828.39   |       -2841.46   |        13.0636   |   23:11:22   |   02:55:50   |
18485       |       -2825.62   |       -2841.51   |        15.8824   |   23:12:39   |   02:55:55   |
18486       |       -2828.13   |          -2844   |        15.8725   |   23:14:13   |   02:56:01   |
18487       |       -2828.13   |          -2844   |        15.8725   |   23:15:48   |   02:56:08   |
18488       |       -2824.89   |       -2839.17   |        14.2801   |   23:17:08   |   02:56:13   |
18489       |       -2824.27   |       -2837.85   |        13.5719   |   23:18:41   |   02:56:20   |
18490       |       -2824.91   |       -2840.15   |        15.2392   |   23:20:06   |   02:56:25   |
18491       |       -2826.54   |       -2841.52   |        14.9817   |   23:26:30   |   02:57:09   |
18492       |       -2826.08   |       -2841.41   |        15.3277   |   23:27:53   |   02:57:14   |
18493       |       -2824.66   |       -2839.79   |        15.1348   |   23:29:16   |   02:57:19   |
18494       |       -2824.06   |       -2838.92   |        14.8614   |   23:30:41   |   02:57:25   |
18495       |       -2824.06   |       -2838.92   |        14.8614   |   23:32:16   |   02:57:32   |
18496       |       -2824.06   |       -2838.92   |        14.8614   |   23:33:50   |   02:57:38   |
18497       |       -2824.06   |       -2838.92   |        14.8614   |   23:35:26   |   02:57:45   |
18498       |       -2824.06   |       -2838.92   |        14.8614   |   23:37:00   |   02:57:52   |
18499       |       -2824.06   |       -2838.92   |        14.8614   |   23:38:35   |   02:57:59   |


Iter        |      Posterior   |     Likelihood   |          Prior   |    elapsed   |        ETA   |
----------------------------------------------------------------------------------------------------
18500       |       -2824.06   |       -2838.92   |        14.8614   |   23:40:06   |   02:58:05   |
18501       |       -2824.06   |       -2838.92   |        14.8614   |   23:46:47   |   02:58:50   |
18502       |       -2824.06   |       -2838.92   |        14.8614   |   23:48:23   |   02:58:57   |
18503       |       -2824.06   |       -2838.92   |        14.8614   |   23:50:02   |   02:59:04   |
18504       |       -2824.97   |       -2839.54   |        14.5755   |   23:51:40   |   02:59:11   |
18505       |        -2823.9   |       -2838.97   |         15.065   |   23:53:01   |   02:59:16   |
18506       |       -2825.94   |       -2841.94   |        16.0011   |   23:54:26   |   02:59:21   |
18507       |        -2826.3   |       -2841.63   |        15.3306   |   23:55:54   |   02:59:27   |
18508       |        -2826.3   |       -2841.63   |        15.3306   |   23:57:22   |   02:59:33   |
18509       |       -2823.93   |       -2839.24   |         15.306   |   23:58:50   |   02:59:39   |
18510       |       -2826.02   |       -2841.06   |         15.044   |   24:00:15   |   02:59:44   |
18511       |        -2827.8   |       -2843.78   |        15.9738   |   24:06:36   |   03:00:26   |
18512       |       -2828.51   |       -2844.72   |        16.2133   |   24:07:56   |   03:00:31   |
18513       |       -2828.33   |       -2844.53   |        16.1915   |   24:09:23   |   03:00:36   |
18514       |       -2825.22   |       -2840.22   |        14.9974   |   24:10:47   |   03:00:42   |
18515       |       -2826.11   |       -2840.74   |        14.6324   |   24:12:11   |   03:00:47   |
18516       |       -2826.64   |       -2843.78   |        17.1357   |   24:13:28   |   03:00:51   |
18517       |        -2825.1   |       -2841.71   |        16.6079   |   24:14:52   |   03:00:56   |
18518       |        -2828.8   |       -2844.19   |         15.389   |   24:16:35   |   03:01:04   |
18519       |       -2829.82   |       -2845.74   |        15.9238   |   24:18:11   |   03:01:10   |


Iter        |      Posterior   |     Likelihood   |          Prior   |    elapsed   |        ETA   |
----------------------------------------------------------------------------------------------------
18520       |       -2829.22   |       -2845.65   |        16.4389   |   24:19:47   |   03:01:17   |
18521       |       -2831.93   |       -2847.92   |        15.9857   |   24:26:24   |   03:02:01   |
18522       |       -2829.21   |       -2845.28   |        16.0649   |   24:27:59   |   03:02:07   |
18523       |       -2834.35   |       -2849.76   |         15.412   |   24:29:32   |   03:02:14   |
18524       |       -2836.15   |       -2850.73   |        14.5796   |   24:30:55   |   03:02:18   |
18525       |       -2832.43   |       -2846.84   |        14.4045   |   24:32:40   |   03:02:26   |
18526       |       -2833.44   |       -2847.28   |        13.8348   |   24:34:23   |   03:02:34   |
18527       |        -2831.5   |       -2844.97   |        13.4726   |   24:35:55   |   03:02:40   |
18528       |       -2831.42   |        -2844.4   |        12.9725   |   24:37:24   |   03:02:45   |
18529       |       -2832.48   |        -2844.8   |        12.3213   |   24:38:56   |   03:02:51   |
18530       |       -2831.61   |       -2845.39   |        13.7825   |   24:40:34   |   03:02:58   |
18531       |       -2826.41   |       -2842.36   |        15.9416   |   24:47:13   |   03:03:42   |
18532       |       -2827.86   |       -2845.94   |        18.0737   |   24:48:42   |   03:03:47   |
18533       |       -2827.31   |       -2844.48   |        17.1707   |   24:50:04   |   03:03:52   |
18534       |       -2824.46   |       -2841.46   |        17.0005   |   24:51:40   |   03:03:59   |
18535       |       -2826.08   |       -2842.92   |         16.848   |   24:53:00   |   03:04:03   |
18536       |       -2828.09   |       -2844.23   |        16.1453   |   24:54:30   |   03:04:09   |
18537       |        -2828.5   |       -2844.49   |        15.9878   |   24:56:03   |   03:04:15   |
18538       |       -2829.55   |       -2842.65   |        13.0984   |   24:57:39   |   03:04:21   |
18539       |       -2828.89   |       -2842.19   |        13.3016   |   24:59:18   |   03:04:28   |


Iter        |      Posterior   |     Likelihood   |          Prior   |    elapsed   |        ETA   |
----------------------------------------------------------------------------------------------------
18540       |        -2827.3   |       -2839.02   |        11.7147   |   25:00:54   |   03:04:34   |
18541       |        -2826.1   |       -2839.61   |        13.5099   |   25:07:50   |   03:05:20   |
18542       |       -2824.35   |        -2837.6   |         13.255   |   25:09:22   |   03:05:26   |
18543       |       -2824.29   |       -2839.68   |        15.3896   |   25:10:59   |   03:05:32   |
18544       |       -2826.68   |       -2840.68   |        14.0023   |   25:12:40   |   03:05:39   |
18545       |       -2825.03   |       -2839.24   |        14.2178   |   25:14:17   |   03:05:45   |
18546       |       -2824.18   |       -2837.46   |        13.2833   |   25:15:54   |   03:05:52   |
18547       |       -2825.45   |       -2838.51   |        13.0579   |   25:17:33   |   03:05:58   |
18548       |       -2826.11   |       -2842.69   |        16.5815   |   25:19:06   |   03:06:04   |
18549       |       -2825.95   |       -2839.66   |        13.7052   |   25:20:38   |   03:06:10   |
18550       |        -2828.2   |       -2841.65   |        13.4525   |   25:22:08   |   03:06:15   |
18551       |       -2825.98   |       -2838.27   |        12.2946   |   25:28:50   |   03:06:59   |
18552       |       -2825.12   |       -2839.32   |        14.2064   |   25:30:17   |   03:07:04   |
18553       |       -2823.82   |       -2838.22   |        14.3967   |   25:31:46   |   03:07:10   |
18554       |       -2824.23   |       -2838.17   |        13.9408   |   25:33:14   |   03:07:15   |
18555       |       -2822.23   |       -2836.29   |        14.0635   |   25:34:49   |   03:07:21   |
18556       |       -2822.23   |       -2836.29   |        14.0635   |   25:36:33   |   03:07:28   |
18557       |       -2823.83   |       -2836.91   |        13.0855   |   25:38:13   |   03:07:35   |
18558       |        -2824.2   |       -2836.62   |        12.4202   |   25:39:47   |   03:07:40   |
18559       |       -2824.64   |       -2836.46   |        11.8248   |   25:41:21   |   03:07:46   |


Iter        |      Posterior   |     Likelihood   |          Prior   |    elapsed   |        ETA   |
----------------------------------------------------------------------------------------------------
18560       |       -2822.89   |       -2835.45   |        12.5605   |   25:42:51   |   03:07:52   |
18561       |       -2826.02   |        -2840.5   |        14.4761   |   25:49:37   |   03:08:35   |
18562       |       -2830.47   |       -2843.39   |         12.918   |   25:51:12   |   03:08:41   |
18563       |       -2829.34   |       -2842.17   |        12.8269   |   25:52:49   |   03:08:48   |
18564       |       -2827.58   |       -2839.07   |          11.49   |   25:54:24   |   03:08:53   |
18565       |       -2831.07   |       -2843.55   |         12.479   |   25:56:06   |   03:09:00   |
18566       |       -2825.65   |       -2835.99   |        10.3377   |   25:57:30   |   03:09:05   |
18567       |       -2825.77   |       -2836.15   |        10.3751   |   25:59:14   |   03:09:12   |
18568       |       -2825.16   |       -2835.79   |         10.631   |   26:00:57   |   03:09:19   |
18569       |       -2824.91   |       -2835.55   |        10.6445   |   26:02:49   |   03:09:27   |
18570       |       -2824.01   |       -2834.13   |        10.1224   |   26:04:33   |   03:09:33   |
18571       |       -2828.58   |       -2841.13   |        12.5509   |   26:11:29   |   03:10:18   |
18572       |       -2826.36   |       -2841.07   |        14.7053   |   26:13:01   |   03:10:24   |
18573       |       -2825.58   |       -2838.35   |        12.7693   |   26:14:44   |   03:10:30   |
18574       |       -2824.55   |       -2835.01   |        10.4587   |   26:16:30   |   03:10:37   |
18575       |       -2823.72   |       -2834.16   |         10.436   |   26:18:18   |   03:10:45   |
18576       |       -2823.32   |       -2832.08   |        8.75358   |   26:19:59   |   03:10:51   |
18577       |       -2821.73   |       -2831.13   |        9.40649   |   26:21:37   |   03:10:57   |
18578       |       -2823.96   |       -2834.94   |        10.9753   |   26:23:20   |   03:11:04   |
18579       |       -2822.68   |       -2834.48   |        11.7943   |   26:24:59   |   03:11:10   |


Iter        |      Posterior   |     Likelihood   |          Prior   |    elapsed   |        ETA   |
----------------------------------------------------------------------------------------------------
18580       |       -2823.48   |        -2833.4   |        9.92019   |   26:26:41   |   03:11:17   |
18581       |       -2823.79   |       -2833.29   |        9.50889   |   26:33:43   |   03:12:02   |
18582       |       -2823.24   |       -2832.91   |        9.66278   |   26:35:33   |   03:12:09   |
18583       |       -2821.53   |       -2833.38   |        11.8489   |   26:37:17   |   03:12:16   |
18584       |          -2821   |       -2831.86   |        10.8663   |   26:38:56   |   03:12:22   |
18585       |       -2824.85   |       -2833.31   |        8.46073   |   26:40:33   |   03:12:28   |
18586       |       -2821.81   |       -2831.84   |        10.0295   |   26:42:20   |   03:12:35   |
18587       |        -2821.6   |       -2831.48   |        9.88047   |   26:43:54   |   03:12:41   |
18588       |        -2818.6   |       -2830.92   |        12.3134   |   26:45:30   |   03:12:47   |
18589       |       -2818.95   |       -2832.55   |        13.6008   |   26:47:05   |   03:12:52   |
18590       |       -2818.31   |        -2831.3   |        12.9902   |   26:48:42   |   03:12:58   |
18591       |       -2819.77   |       -2833.59   |        13.8142   |   26:55:27   |   03:13:41   |
18592       |       -2819.05   |       -2833.39   |        14.3302   |   26:57:04   |   03:13:47   |
18593       |        -2819.5   |       -2831.48   |        11.9741   |   26:58:34   |   03:13:51   |
18594       |       -2819.39   |       -2831.97   |        12.5813   |   27:00:15   |   03:13:58   |
18595       |       -2822.13   |       -2832.68   |        10.5414   |   27:01:54   |   03:14:04   |
18596       |       -2823.21   |       -2833.08   |        9.86726   |   27:03:31   |   03:14:09   |
18597       |       -2823.78   |       -2832.32   |        8.53322   |   27:05:16   |   03:14:16   |
18598       |       -2821.45   |        -2833.9   |         12.443   |   27:06:51   |   03:14:22   |
18599       |       -2822.98   |        -2833.5   |        10.5202   |   27:08:31   |   03:14:28   |


Iter        |      Posterior   |     Likelihood   |          Prior   |    elapsed   |        ETA   |
----------------------------------------------------------------------------------------------------
18600       |        -2824.2   |       -2834.61   |        10.4161   |   27:10:14   |   03:14:34   |
18601       |       -2823.35   |       -2835.36   |        12.0018   |   27:17:17   |   03:15:19   |
18602       |       -2823.68   |       -2835.85   |        12.1752   |   27:18:53   |   03:15:24   |
18603       |       -2823.68   |       -2835.85   |        12.1752   |   27:20:47   |   03:15:32   |
18604       |       -2825.34   |       -2834.25   |        8.90391   |   27:22:28   |   03:15:38   |
18605       |       -2823.47   |          -2833   |        9.53234   |   27:24:13   |   03:15:45   |
18606       |       -2819.94   |       -2834.58   |        14.6388   |   27:26:00   |   03:15:51   |
18607       |       -2820.13   |       -2836.14   |         16.013   |   27:27:33   |   03:15:56   |
18608       |       -2825.62   |       -2840.41   |         14.794   |   27:29:01   |   03:16:01   |
18609       |       -2822.24   |       -2837.32   |        15.0854   |   27:30:40   |   03:16:07   |
18610       |       -2824.61   |       -2838.75   |        14.1407   |   27:32:16   |   03:16:12   |
18611       |       -2823.31   |       -2837.31   |        13.9965   |   27:38:50   |   03:16:53   |
18612       |       -2824.57   |       -2838.76   |        14.1926   |   27:40:22   |   03:16:58   |
18613       |       -2824.43   |       -2839.52   |         15.085   |   27:41:51   |   03:17:03   |
18614       |       -2826.27   |       -2841.43   |        15.1631   |   27:43:31   |   03:17:08   |
18615       |       -2825.61   |       -2841.95   |        16.3368   |   27:44:55   |   03:17:12   |
18616       |       -2825.89   |       -2839.99   |        14.0933   |   27:46:29   |   03:17:17   |
18617       |       -2826.88   |       -2841.44   |        14.5667   |   27:48:09   |   03:17:23   |
18618       |       -2828.03   |       -2842.22   |        14.1986   |   27:49:43   |   03:17:28   |
18619       |       -2826.54   |       -2840.46   |        13.9106   |   27:51:20   |   03:17:34   |


Iter        |      Posterior   |     Likelihood   |          Prior   |    elapsed   |        ETA   |
----------------------------------------------------------------------------------------------------
18620       |       -2825.97   |       -2841.07   |        15.1007   |   27:52:59   |   03:17:40   |
18621       |       -2825.57   |       -2840.72   |         15.153   |   27:59:44   |   03:18:21   |
18622       |        -2825.2   |        -2839.7   |        14.5017   |   28:01:18   |   03:18:26   |
18623       |       -2823.18   |       -2837.45   |        14.2679   |   28:02:50   |   03:18:31   |
18624       |       -2823.18   |       -2837.45   |        14.2679   |   28:04:32   |   03:18:37   |
18625       |       -2824.11   |       -2838.86   |        14.7493   |   28:06:23   |   03:18:44   |
18626       |       -2822.61   |       -2838.38   |        15.7669   |   28:07:54   |   03:18:49   |
18627       |        -2824.9   |       -2838.76   |         13.858   |   28:09:26   |   03:18:54   |
18628       |       -2822.01   |       -2838.29   |         16.277   |   28:10:59   |   03:18:58   |
18629       |       -2822.31   |       -2839.72   |        17.4097   |   28:12:20   |   03:19:02   |
18630       |        -2823.9   |       -2837.91   |        14.0104   |   28:13:40   |   03:19:05   |
18631       |       -2825.03   |       -2838.42   |        13.3969   |   28:20:15   |   03:19:45   |
18632       |       -2825.03   |       -2838.42   |        13.3969   |   28:21:50   |   03:19:51   |
18633       |       -2824.46   |       -2840.65   |        16.1915   |   28:23:16   |   03:19:54   |
18634       |       -2822.61   |       -2839.61   |        17.0047   |   28:24:34   |   03:19:58   |
18635       |       -2825.68   |       -2841.97   |        16.2912   |   28:25:56   |   03:20:01   |
18636       |       -2825.49   |       -2841.93   |        16.4385   |   28:27:28   |   03:20:06   |
18637       |       -2825.06   |       -2839.33   |        14.2696   |   28:28:53   |   03:20:09   |
18638       |       -2825.54   |       -2838.79   |        13.2447   |   28:30:21   |   03:20:14   |
18639       |       -2823.65   |       -2837.71   |        14.0532   |   28:31:48   |   03:20:18   |


Iter        |      Posterior   |     Likelihood   |          Prior   |    elapsed   |        ETA   |
----------------------------------------------------------------------------------------------------
18640       |       -2824.45   |       -2837.57   |        13.1159   |   28:33:14   |   03:20:22   |
18641       |        -2824.5   |       -2839.59   |        15.0876   |   28:39:50   |   03:21:02   |
18642       |       -2822.63   |       -2837.41   |        14.7731   |   28:41:16   |   03:21:06   |
18643       |       -2825.83   |       -2839.68   |        13.8481   |   28:42:46   |   03:21:10   |
18644       |        -2826.3   |       -2838.15   |        11.8447   |   28:44:23   |   03:21:15   |
18645       |       -2823.43   |       -2836.59   |        13.1668   |   28:46:08   |   03:21:21   |
18646       |       -2823.06   |       -2838.67   |        15.6135   |   28:47:31   |   03:21:25   |
18647       |       -2826.46   |       -2841.06   |        14.5973   |   28:48:58   |   03:21:28   |
18648       |       -2825.53   |       -2840.49   |         14.963   |   28:50:17   |   03:21:31   |
18649       |       -2825.78   |       -2840.43   |        14.6527   |   28:51:44   |   03:21:35   |
18650       |       -2824.92   |       -2838.64   |        13.7261   |   28:53:08   |   03:21:39   |
18651       |        -2826.1   |       -2840.98   |        14.8817   |   28:59:41   |   03:22:18   |
18652       |       -2828.36   |       -2843.31   |         14.957   |   29:01:02   |   03:22:22   |
18653       |       -2826.46   |       -2843.14   |        16.6795   |   29:02:29   |   03:22:25   |
18654       |       -2830.88   |       -2844.84   |        13.9679   |   29:03:56   |   03:22:29   |
18655       |       -2825.94   |       -2842.23   |        16.2891   |   29:05:29   |   03:22:34   |
18656       |       -2826.69   |       -2843.22   |        16.5286   |   29:06:49   |   03:22:37   |
18657       |       -2829.01   |       -2845.49   |         16.486   |   29:08:21   |   03:22:41   |
18658       |       -2830.44   |       -2846.69   |        16.2461   |   29:09:50   |   03:22:45   |
18659       |       -2830.44   |       -2846.69   |        16.2461   |   29:11:36   |   03:22:51   |


Iter        |      Posterior   |     Likelihood   |          Prior   |    elapsed   |        ETA   |
----------------------------------------------------------------------------------------------------
18660       |       -2827.48   |        -2844.3   |        16.8196   |   29:13:05   |   03:22:55   |
18661       |       -2824.66   |       -2838.25   |        13.5911   |   29:19:35   |   03:23:34   |
18662       |       -2821.62   |       -2835.38   |        13.7554   |   29:21:05   |   03:23:38   |
18663       |       -2822.62   |       -2835.94   |        13.3193   |   29:22:19   |   03:23:40   |
18664       |       -2823.02   |       -2835.35   |        12.3343   |   29:23:51   |   03:23:45   |
18665       |       -2825.93   |       -2837.86   |        11.9256   |   29:25:22   |   03:23:49   |
18666       |       -2825.55   |       -2837.84   |        12.2931   |   29:26:52   |   03:23:53   |
18667       |       -2827.07   |       -2837.53   |        10.4595   |   29:28:26   |   03:23:57   |
18668       |       -2827.37   |       -2837.69   |        10.3235   |   29:30:08   |   03:24:03   |
18669       |       -2824.18   |       -2837.27   |         13.088   |   29:31:45   |   03:24:08   |
18670       |       -2826.27   |       -2837.98   |        11.7102   |   29:33:20   |   03:24:12   |
18671       |       -2825.61   |       -2837.25   |        11.6434   |   29:40:09   |   03:24:53   |
18672       |        -2825.9   |       -2835.87   |        9.97027   |   29:41:52   |   03:24:59   |
18673       |       -2824.67   |       -2835.05   |        10.3805   |   29:43:32   |   03:25:04   |
18674       |       -2826.89   |          -2837   |        10.1077   |   29:45:21   |   03:25:10   |
18675       |       -2824.41   |       -2837.45   |        13.0353   |   29:46:59   |   03:25:15   |
18676       |       -2824.07   |       -2837.42   |        13.3546   |   29:48:34   |   03:25:19   |
18677       |       -2822.17   |       -2836.03   |         13.853   |   29:50:04   |   03:25:23   |
18678       |       -2825.08   |       -2838.61   |        13.5305   |   29:51:38   |   03:25:27   |
18679       |       -2823.81   |       -2837.12   |        13.3116   |   29:53:19   |   03:25:33   |


Iter        |      Posterior   |     Likelihood   |          Prior   |    elapsed   |        ETA   |
----------------------------------------------------------------------------------------------------
18680       |       -2825.34   |       -2839.66   |         14.322   |   29:55:03   |   03:25:38   |
18681       |       -2822.13   |       -2834.64   |        12.5097   |   30:01:35   |   03:26:17   |
18682       |       -2824.93   |       -2838.11   |        13.1763   |   30:03:01   |   03:26:20   |
18683       |       -2824.26   |       -2841.07   |         16.805   |   30:04:24   |   03:26:23   |
18684       |       -2822.67   |        -2838.3   |        15.6316   |   30:05:48   |   03:26:26   |
18685       |       -2822.33   |       -2838.11   |        15.7775   |   30:07:15   |   03:26:30   |
18686       |       -2822.98   |       -2841.12   |        18.1443   |   30:08:40   |   03:26:33   |
18687       |       -2822.51   |       -2838.11   |        15.5963   |   30:10:10   |   03:26:37   |
18688       |       -2824.39   |       -2840.53   |        16.1312   |   30:11:39   |   03:26:40   |
18689       |       -2822.36   |       -2837.93   |        15.5732   |   30:13:12   |   03:26:44   |
18690       |       -2821.55   |       -2837.56   |        16.0138   |   30:14:30   |   03:26:47   |
18691       |       -2821.14   |       -2837.23   |        16.0956   |   30:21:09   |   03:27:26   |
18692       |       -2821.78   |       -2837.71   |        15.9267   |   30:22:48   |   03:27:31   |
18693       |       -2820.25   |       -2836.07   |        15.8143   |   30:24:30   |   03:27:36   |
18694       |       -2821.89   |       -2834.93   |        13.0413   |   30:26:00   |   03:27:39   |
18695       |       -2820.56   |       -2833.11   |        12.5518   |   30:27:34   |   03:27:44   |
18696       |       -2822.77   |       -2834.92   |        12.1494   |   30:29:06   |   03:27:47   |
18697       |       -2823.79   |       -2834.78   |        10.9957   |   30:30:33   |   03:27:51   |
18698       |       -2824.61   |       -2834.98   |        10.3674   |   30:32:13   |   03:27:56   |
18699       |       -2821.29   |       -2835.47   |        14.1741   |   30:33:40   |   03:27:59   |


Iter        |      Posterior   |     Likelihood   |          Prior   |    elapsed   |        ETA   |
----------------------------------------------------------------------------------------------------
18700       |       -2822.01   |       -2835.93   |        13.9251   |   30:34:58   |   03:28:01   |
18701       |       -2825.15   |       -2837.89   |        12.7475   |   30:41:39   |   03:28:40   |
18702       |       -2825.19   |       -2838.64   |        13.4457   |   30:43:17   |   03:28:45   |
18703       |       -2824.69   |       -2837.93   |        13.2355   |   30:44:42   |   03:28:48   |
18704       |       -2823.66   |       -2835.77   |         12.106   |   30:46:23   |   03:28:52   |
18705       |       -2826.25   |       -2838.45   |         12.202   |   30:48:02   |   03:28:57   |
18706       |       -2830.08   |       -2843.01   |        12.9339   |   30:49:46   |   03:29:02   |
18707       |       -2827.76   |       -2840.22   |        12.4555   |   30:51:20   |   03:29:06   |
18708       |       -2830.52   |       -2842.36   |        11.8436   |   30:52:58   |   03:29:11   |
18709       |       -2837.67   |       -2850.05   |          12.38   |   30:54:34   |   03:29:15   |
18710       |       -2835.24   |       -2849.02   |        13.7796   |   30:56:19   |   03:29:20   |
18711       |       -2830.19   |       -2846.42   |        16.2274   |   31:02:55   |   03:29:58   |
18712       |       -2830.12   |       -2847.11   |        16.9882   |   31:04:35   |   03:30:03   |
18713       |       -2827.17   |       -2844.96   |        17.7851   |   31:05:58   |   03:30:05   |
18714       |       -2824.92   |       -2843.03   |        18.1084   |   31:07:23   |   03:30:08   |
18715       |        -2825.3   |       -2841.99   |         16.682   |   31:08:59   |   03:30:13   |
18716       |       -2829.94   |        -2846.9   |        16.9592   |   31:10:30   |   03:30:16   |
18717       |       -2826.75   |       -2843.08   |        16.3262   |   31:12:07   |   03:30:20   |
18718       |       -2827.79   |       -2845.12   |        17.3273   |   31:13:46   |   03:30:25   |
18719       |       -2828.19   |       -2844.89   |        16.6977   |   31:15:28   |   03:30:30   |


Iter        |      Posterior   |     Likelihood   |          Prior   |    elapsed   |        ETA   |
----------------------------------------------------------------------------------------------------
18720       |       -2828.94   |       -2846.01   |        17.0774   |   31:17:01   |   03:30:33   |
18721       |       -2830.02   |       -2846.81   |        16.7947   |   31:23:54   |   03:31:13   |
18722       |       -2829.88   |       -2844.83   |        14.9474   |   31:25:38   |   03:31:18   |
18723       |        -2827.6   |       -2844.02   |        16.4189   |   31:27:17   |   03:31:22   |
18724       |       -2827.02   |       -2843.04   |        16.0231   |   31:29:00   |   03:31:27   |
18725       |       -2827.57   |       -2843.15   |        15.5833   |   31:30:47   |   03:31:32   |
18726       |       -2825.32   |       -2839.49   |        14.1775   |   31:32:24   |   03:31:36   |
18727       |       -2824.49   |       -2838.59   |         14.094   |   31:34:02   |   03:31:41   |
18728       |       -2822.78   |       -2836.61   |        13.8268   |   31:35:39   |   03:31:45   |
18729       |       -2825.17   |       -2837.67   |        12.5048   |   31:37:20   |   03:31:49   |
18730       |       -2825.17   |       -2837.67   |        12.5048   |   31:39:08   |   03:31:54   |
18731       |       -2823.61   |       -2834.16   |        10.5514   |   31:45:51   |   03:32:33   |
18732       |        -2823.5   |       -2833.69   |        10.1911   |   31:47:30   |   03:32:37   |
18733       |       -2823.45   |       -2836.09   |        12.6368   |   31:49:12   |   03:32:41   |
18734       |       -2821.51   |       -2835.26   |        13.7525   |   31:50:50   |   03:32:46   |
18735       |       -2821.62   |        -2835.4   |        13.7753   |   31:52:18   |   03:32:49   |
18736       |       -2821.62   |        -2835.4   |        13.7753   |   31:53:52   |   03:32:52   |
18737       |       -2821.84   |       -2836.12   |        14.2808   |   31:55:27   |   03:32:56   |
18738       |       -2823.17   |       -2835.75   |        12.5801   |   31:56:58   |   03:32:59   |
18739       |       -2826.86   |       -2838.68   |        11.8233   |   31:58:27   |   03:33:02   |


Iter        |      Posterior   |     Likelihood   |          Prior   |    elapsed   |        ETA   |
----------------------------------------------------------------------------------------------------
18740       |        -2826.5   |       -2838.35   |         11.851   |   32:00:05   |   03:33:06   |
18741       |       -2829.24   |       -2839.69   |        10.4499   |   32:07:00   |   03:33:46   |
18742       |       -2827.96   |       -2838.41   |        10.4495   |   32:08:36   |   03:33:49   |
18743       |       -2823.54   |       -2836.59   |        13.0555   |   32:10:08   |   03:33:53   |
18744       |       -2825.06   |       -2837.61   |        12.5451   |   32:11:42   |   03:33:56   |
18745       |       -2824.51   |       -2836.11   |        11.5989   |   32:13:15   |   03:34:00   |
18746       |       -2824.47   |       -2835.84   |        11.3697   |   32:14:45   |   03:34:03   |
18747       |       -2826.17   |       -2836.12   |        9.95151   |   32:16:20   |   03:34:06   |
18748       |       -2825.59   |       -2835.95   |        10.3578   |   32:17:55   |   03:34:10   |
18749       |       -2824.37   |       -2833.75   |        9.37814   |   32:19:24   |   03:34:13   |
18750       |       -2824.96   |       -2835.86   |        10.8973   |   32:20:54   |   03:34:16   |
18751       |       -2824.47   |       -2834.97   |        10.4943   |   32:27:25   |   03:34:52   |
18752       |       -2828.53   |       -2838.09   |        9.56182   |   32:28:51   |   03:34:55   |
18753       |       -2827.13   |       -2834.92   |        7.78685   |   32:30:27   |   03:34:58   |
18754       |       -2826.18   |       -2834.78   |        8.59208   |   32:32:08   |   03:35:03   |
18755       |       -2823.75   |       -2835.72   |        11.9704   |   32:33:53   |   03:35:07   |
18756       |       -2822.33   |       -2833.75   |        11.4187   |   32:35:40   |   03:35:12   |
18757       |       -2820.37   |       -2832.17   |        11.8056   |   32:37:19   |   03:35:16   |
18758       |       -2821.82   |       -2833.93   |        12.1068   |   32:38:55   |   03:35:20   |
18759       |        -2821.4   |        -2834.5   |        13.1021   |   32:40:41   |   03:35:24   |


Iter        |      Posterior   |     Likelihood   |          Prior   |    elapsed   |        ETA   |
----------------------------------------------------------------------------------------------------
18760       |        -2824.2   |       -2834.81   |        10.6124   |   32:42:27   |   03:35:29   |
18761       |       -2822.69   |        -2832.8   |        10.1117   |   32:49:23   |   03:36:08   |
18762       |       -2822.98   |       -2832.58   |        9.60018   |   32:51:12   |   03:36:13   |
18763       |       -2823.63   |       -2833.17   |        9.54271   |   32:53:06   |   03:36:18   |
18764       |       -2822.94   |       -2832.97   |        10.0219   |   32:54:45   |   03:36:22   |
18765       |       -2823.49   |       -2832.48   |        8.99619   |   32:56:14   |   03:36:25   |
18766       |       -2822.95   |       -2832.32   |        9.37062   |   32:58:01   |   03:36:30   |
18767       |        -2823.4   |       -2833.59   |        10.1941   |   32:59:37   |   03:36:33   |
18768       |       -2822.73   |       -2832.92   |        10.1893   |   33:01:04   |   03:36:36   |
18769       |       -2823.56   |       -2834.25   |        10.6906   |   33:02:45   |   03:36:40   |
18770       |       -2823.34   |        -2834.8   |        11.4617   |   33:04:18   |   03:36:43   |
18771       |       -2823.34   |        -2834.8   |        11.4617   |   33:11:13   |   03:37:21   |
18772       |       -2822.79   |        -2835.8   |        13.0051   |   33:12:43   |   03:37:24   |
18773       |       -2821.32   |       -2834.09   |        12.7778   |   33:14:14   |   03:37:27   |
18774       |          -2821   |       -2834.99   |        13.9982   |   33:15:52   |   03:37:30   |
18775       |        -2824.2   |       -2837.35   |        13.1496   |   33:17:15   |   03:37:32   |
18776       |       -2827.96   |       -2838.13   |        10.1658   |   33:18:50   |   03:37:35   |
18777       |       -2827.41   |       -2839.74   |        12.3227   |   33:20:13   |   03:37:37   |
18778       |       -2825.51   |       -2838.91   |        13.4041   |   33:21:51   |   03:37:41   |
18779       |       -2823.98   |       -2836.52   |        12.5441   |   33:23:26   |   03:37:44   |


Iter        |      Posterior   |     Likelihood   |          Prior   |    elapsed   |        ETA   |
----------------------------------------------------------------------------------------------------
18780       |        -2825.8   |       -2837.87   |         12.078   |   33:24:54   |   03:37:47   |
18781       |       -2823.45   |       -2837.36   |         13.901   |   33:31:36   |   03:38:23   |
18782       |       -2822.91   |       -2837.42   |        14.5049   |   33:33:04   |   03:38:26   |
18783       |       -2821.71   |       -2836.85   |        15.1432   |   33:34:41   |   03:38:29   |
18784       |       -2822.05   |       -2837.52   |         15.468   |   33:36:12   |   03:38:32   |
18785       |       -2820.94   |       -2837.36   |        16.4147   |   33:37:41   |   03:38:34   |
18786       |        -2819.5   |       -2835.04   |        15.5419   |   33:39:08   |   03:38:36   |
18787       |       -2820.03   |       -2835.15   |        15.1166   |   33:40:31   |   03:38:38   |
18788       |       -2820.08   |       -2835.65   |        15.5671   |   33:42:06   |   03:38:41   |
18789       |        -2821.4   |       -2837.01   |        15.6092   |   33:43:31   |   03:38:43   |
18790       |       -2822.43   |       -2839.08   |        16.6493   |   33:45:07   |   03:38:47   |
18791       |       -2822.58   |        -2838.3   |        15.7202   |   33:51:30   |   03:39:21   |
18792       |       -2821.54   |       -2837.07   |        15.5233   |   33:52:47   |   03:39:22   |
18793       |       -2819.53   |       -2836.42   |        16.8933   |   33:54:10   |   03:39:24   |
18794       |        -2822.6   |       -2838.73   |        16.1231   |   33:55:35   |   03:39:26   |
18795       |       -2819.98   |       -2837.12   |        17.1449   |   33:56:59   |   03:39:28   |
18796       |       -2819.86   |       -2835.29   |         15.424   |   33:58:30   |   03:39:30   |
18797       |       -2819.86   |       -2835.29   |         15.424   |   34:00:06   |   03:39:33   |
18798       |       -2819.14   |       -2835.78   |        16.6418   |   34:01:44   |   03:39:37   |
18799       |       -2819.92   |       -2836.52   |        16.6072   |   34:03:24   |   03:39:40   |


Iter        |      Posterior   |     Likelihood   |          Prior   |    elapsed   |        ETA   |
----------------------------------------------------------------------------------------------------
18800       |       -2819.58   |       -2837.23   |        17.6481   |   34:05:00   |   03:39:43   |
18801       |       -2819.58   |       -2837.23   |        17.6481   |   34:11:32   |   03:40:18   |
18802       |       -2819.56   |        -2837.4   |        17.8351   |   34:12:59   |   03:40:20   |
18803       |       -2818.77   |       -2836.45   |        17.6828   |   34:14:24   |   03:40:22   |
18804       |       -2818.77   |       -2836.45   |        17.6828   |   34:16:01   |   03:40:25   |
18805       |       -2818.77   |       -2836.45   |        17.6828   |   34:17:40   |   03:40:29   |
18806       |       -2818.77   |       -2836.45   |        17.6828   |   34:19:16   |   03:40:32   |
18807       |       -2818.75   |       -2836.08   |          17.33   |   34:20:52   |   03:40:35   |
18808       |       -2819.47   |       -2836.79   |        17.3169   |   34:22:24   |   03:40:37   |
18809       |       -2822.43   |       -2839.24   |        16.8072   |   34:23:57   |   03:40:40   |
18810       |       -2820.73   |       -2836.31   |        15.5855   |   34:25:16   |   03:40:41   |
18811       |       -2820.58   |       -2835.37   |        14.7987   |   34:31:43   |   03:41:15   |
18812       |       -2820.58   |       -2835.37   |        14.7987   |   34:33:03   |   03:41:16   |
18813       |       -2820.22   |       -2835.92   |         15.706   |   34:34:15   |   03:41:17   |
18814       |        -2819.6   |       -2834.49   |        14.8881   |   34:35:40   |   03:41:18   |
18815       |       -2819.37   |       -2833.77   |        14.3993   |   34:36:55   |   03:41:19   |
18816       |       -2820.63   |       -2834.55   |        13.9143   |   34:38:13   |   03:41:20   |
18817       |       -2824.06   |       -2836.46   |        12.3974   |   34:39:49   |   03:41:23   |
18818       |       -2821.66   |       -2836.04   |        14.3827   |   34:41:19   |   03:41:25   |
18819       |       -2818.66   |       -2832.03   |         13.372   |   34:42:48   |   03:41:27   |


Iter        |      Posterior   |     Likelihood   |          Prior   |    elapsed   |        ETA   |
----------------------------------------------------------------------------------------------------
18820       |       -2820.17   |       -2833.82   |        13.6523   |   34:44:23   |   03:41:30   |
18821       |       -2820.41   |       -2833.23   |        12.8129   |   34:51:05   |   03:42:05   |
18822       |       -2820.75   |       -2834.09   |        13.3386   |   34:52:41   |   03:42:08   |
18823       |       -2818.89   |        -2832.4   |        13.5055   |   34:54:05   |   03:42:10   |
18824       |       -2821.73   |       -2834.12   |        12.3847   |   34:55:31   |   03:42:11   |
18825       |       -2821.44   |       -2833.66   |         12.218   |   34:56:58   |   03:42:13   |
18826       |       -2821.82   |       -2834.66   |        12.8338   |   34:58:30   |   03:42:16   |
18827       |       -2822.98   |       -2834.38   |        11.4017   |   35:00:01   |   03:42:18   |
18828       |       -2823.23   |       -2833.22   |        9.99211   |   35:01:42   |   03:42:21   |
18829       |       -2826.82   |       -2836.52   |        9.70339   |   35:03:20   |   03:42:24   |
18830       |       -2823.81   |       -2833.22   |          9.414   |   35:04:55   |   03:42:27   |
18831       |       -2824.87   |        -2834.2   |        9.33588   |   35:11:41   |   03:43:02   |
18832       |       -2824.26   |       -2834.64   |        10.3792   |   35:13:10   |   03:43:04   |
18833       |       -2824.17   |       -2836.36   |        12.1891   |   35:14:47   |   03:43:07   |
18834       |       -2825.14   |       -2837.04   |        11.8983   |   35:16:14   |   03:43:09   |
18835       |       -2825.14   |       -2837.04   |        11.8983   |   35:17:54   |   03:43:12   |
18836       |       -2822.36   |       -2833.39   |        11.0226   |   35:19:21   |   03:43:13   |
18837       |       -2822.49   |          -2837   |        14.5102   |   35:20:41   |   03:43:14   |
18838       |        -2819.2   |       -2832.99   |        13.7888   |   35:22:08   |   03:43:16   |
18839       |       -2819.28   |       -2832.31   |        13.0371   |   35:23:41   |   03:43:18   |


Iter        |      Posterior   |     Likelihood   |          Prior   |    elapsed   |        ETA   |
----------------------------------------------------------------------------------------------------
18840       |       -2819.76   |       -2834.16   |        14.3965   |   35:25:21   |   03:43:21   |
18841       |       -2822.04   |       -2835.79   |        13.7494   |   35:32:11   |   03:43:57   |
18842       |       -2820.39   |       -2834.22   |        13.8393   |   35:33:53   |   03:44:00   |
18843       |       -2822.75   |       -2833.76   |        11.0121   |   35:35:29   |   03:44:03   |
18844       |       -2823.62   |       -2834.15   |        10.5291   |   35:37:16   |   03:44:06   |
18845       |       -2825.19   |       -2835.67   |        10.4772   |   35:38:50   |   03:44:09   |
18846       |       -2826.72   |       -2836.43   |        9.70719   |   35:40:30   |   03:44:12   |
18847       |       -2826.72   |       -2836.62   |        9.89957   |   35:42:09   |   03:44:15   |
18848       |       -2825.33   |        -2837.4   |        12.0694   |   35:43:47   |   03:44:17   |
18849       |       -2826.62   |       -2838.92   |        12.3009   |   35:45:23   |   03:44:20   |
18850       |       -2825.27   |       -2839.45   |        14.1829   |   35:46:53   |   03:44:22   |
18851       |       -2825.46   |       -2838.52   |        13.0648   |   35:53:43   |   03:44:57   |
18852       |       -2828.03   |       -2841.13   |        13.0994   |   35:55:19   |   03:44:59   |
18853       |       -2829.78   |       -2840.25   |        10.4724   |   35:57:02   |   03:45:03   |
18854       |       -2830.93   |       -2840.19   |        9.25969   |   35:58:47   |   03:45:06   |
18855       |        -2829.5   |       -2838.74   |        9.24335   |   36:00:25   |   03:45:09   |
18856       |       -2827.41   |       -2841.57   |        14.1599   |   36:02:11   |   03:45:12   |
18857       |       -2823.61   |       -2839.62   |        16.0098   |   36:03:48   |   03:45:15   |
18858       |       -2824.49   |       -2840.44   |        15.9503   |   36:05:27   |   03:45:17   |
18859       |        -2824.8   |       -2842.06   |        17.2624   |   36:06:55   |   03:45:19   |


Iter        |      Posterior   |     Likelihood   |          Prior   |    elapsed   |        ETA   |
----------------------------------------------------------------------------------------------------
18860       |       -2824.76   |       -2841.35   |        16.5852   |   36:08:17   |   03:45:20   |
18861       |       -2824.49   |       -2840.42   |        15.9245   |   36:14:30   |   03:45:51   |
18862       |       -2825.03   |       -2840.02   |        14.9921   |   36:15:55   |   03:45:52   |
18863       |       -2823.77   |       -2842.23   |         18.464   |   36:17:26   |   03:45:54   |
18864       |       -2823.32   |       -2841.24   |        17.9277   |   36:18:58   |   03:45:56   |
18865       |       -2821.61   |       -2839.03   |        17.4169   |   36:20:18   |   03:45:56   |
18866       |       -2821.78   |       -2839.16   |        17.3803   |   36:21:45   |   03:45:58   |
18867       |       -2826.72   |       -2842.81   |        16.0923   |   36:23:10   |   03:45:59   |
18868       |       -2824.46   |       -2840.26   |         15.796   |   36:24:41   |   03:46:01   |
18869       |       -2824.42   |       -2839.16   |        14.7369   |   36:26:15   |   03:46:03   |
18870       |       -2824.19   |       -2838.55   |        14.3592   |   36:27:52   |   03:46:05   |
18871       |       -2823.17   |       -2838.88   |        15.7151   |   36:34:38   |   03:46:39   |
18872       |       -2823.06   |       -2839.55   |        16.4833   |   36:35:54   |   03:46:39   |
18873       |       -2824.08   |       -2836.64   |        12.5627   |   36:37:26   |   03:46:41   |
18874       |       -2826.22   |       -2838.78   |        12.5611   |   36:38:45   |   03:46:42   |
18875       |        -2825.9   |       -2837.71   |        11.8122   |   36:40:12   |   03:46:43   |
18876       |       -2825.35   |       -2836.68   |         11.328   |   36:41:37   |   03:46:44   |
18877       |       -2828.45   |       -2839.36   |        10.9044   |   36:43:02   |   03:46:45   |
18878       |       -2827.36   |       -2840.52   |        13.1668   |   36:44:25   |   03:46:46   |
18879       |       -2826.97   |       -2839.66   |        12.6925   |   36:45:49   |   03:46:47   |


Iter        |      Posterior   |     Likelihood   |          Prior   |    elapsed   |        ETA   |
----------------------------------------------------------------------------------------------------
18880       |       -2827.67   |       -2840.43   |        12.7566   |   36:47:25   |   03:46:49   |
18881       |        -2828.4   |       -2841.87   |         13.468   |   36:54:09   |   03:47:23   |
18882       |       -2827.26   |       -2841.51   |        14.2524   |   36:55:37   |   03:47:24   |
18883       |       -2829.39   |       -2845.86   |        16.4687   |   36:57:00   |   03:47:25   |
18884       |       -2827.59   |       -2842.98   |        15.3946   |   36:58:26   |   03:47:26   |
18885       |       -2828.77   |       -2841.53   |        12.7592   |   37:00:08   |   03:47:28   |
18886       |       -2828.64   |       -2840.83   |        12.1876   |   37:01:51   |   03:47:31   |
18887       |       -2825.44   |       -2840.12   |        14.6805   |   37:03:26   |   03:47:33   |
18888       |          -2830   |       -2846.33   |        16.3348   |   37:04:55   |   03:47:34   |
18889       |       -2828.26   |       -2844.34   |        16.0705   |   37:06:25   |   03:47:36   |
18890       |       -2827.79   |       -2844.39   |        16.6026   |   37:07:57   |   03:47:37   |
18891       |       -2829.22   |       -2845.48   |        16.2577   |   37:14:24   |   03:48:09   |
18892       |       -2829.04   |       -2845.15   |        16.1051   |   37:15:49   |   03:48:10   |
18893       |       -2828.59   |       -2844.54   |        15.9455   |   37:17:19   |   03:48:11   |
18894       |       -2829.79   |       -2843.57   |        13.7719   |   37:18:44   |   03:48:12   |
18895       |       -2830.07   |       -2844.41   |        14.3385   |   37:20:12   |   03:48:13   |
18896       |        -2829.4   |       -2844.92   |        15.5194   |   37:21:41   |   03:48:14   |
18897       |       -2830.13   |        -2845.4   |        15.2717   |   37:23:16   |   03:48:16   |
18898       |       -2830.64   |       -2846.18   |        15.5379   |   37:24:43   |   03:48:17   |
18899       |       -2835.43   |        -2850.7   |        15.2776   |   37:26:01   |   03:48:17   |


Iter        |      Posterior   |     Likelihood   |          Prior   |    elapsed   |        ETA   |
----------------------------------------------------------------------------------------------------
18900       |       -2830.61   |       -2844.29   |        13.6719   |   37:27:22   |   03:48:18   |
18901       |       -2829.55   |       -2842.52   |        12.9733   |   37:33:48   |   03:48:49   |
18902       |       -2827.42   |       -2838.06   |         10.643   |   37:35:24   |   03:48:51   |
18903       |       -2828.45   |       -2838.77   |        10.3196   |   37:37:01   |   03:48:53   |
18904       |       -2829.38   |       -2839.27   |        9.88952   |   37:38:37   |   03:48:55   |
18905       |       -2829.84   |       -2840.56   |        10.7186   |   37:40:14   |   03:48:57   |
18906       |       -2824.71   |       -2838.11   |        13.4016   |   37:41:49   |   03:48:58   |
18907       |       -2825.72   |       -2838.92   |         13.197   |   37:43:16   |   03:48:59   |
18908       |       -2825.02   |       -2838.62   |        13.5968   |   37:44:55   |   03:49:01   |
18909       |       -2825.28   |       -2839.43   |        14.1499   |   37:46:29   |   03:49:03   |
18910       |       -2826.73   |       -2836.87   |        10.1476   |   37:48:06   |   03:49:05   |
18911       |       -2825.23   |       -2836.01   |        10.7888   |   37:54:54   |   03:49:38   |
18912       |       -2823.66   |       -2835.51   |        11.8489   |   37:56:17   |   03:49:39   |
18913       |        -2825.6   |       -2837.41   |         11.817   |   37:57:50   |   03:49:40   |
18914       |       -2824.98   |       -2836.93   |        11.9483   |   37:59:30   |   03:49:42   |
18915       |       -2824.98   |       -2836.93   |        11.9483   |   38:01:14   |   03:49:45   |
18916       |       -2826.81   |       -2838.96   |        12.1477   |   38:02:40   |   03:49:45   |
18917       |       -2824.99   |       -2837.31   |        12.3208   |   38:04:09   |   03:49:46   |
18918       |       -2825.54   |       -2837.59   |        12.0535   |   38:05:44   |   03:49:48   |
18919       |       -2826.86   |       -2837.61   |        10.7539   |   38:07:24   |   03:49:50   |


Iter        |      Posterior   |     Likelihood   |          Prior   |    elapsed   |        ETA   |
----------------------------------------------------------------------------------------------------
18920       |       -2826.49   |       -2837.08   |        10.5923   |   38:08:51   |   03:49:51   |
18921       |       -2828.25   |       -2838.01   |        9.76509   |   38:15:40   |   03:50:24   |
18922       |       -2828.97   |       -2836.07   |        7.09136   |   38:17:09   |   03:50:25   |
18923       |       -2828.72   |       -2835.48   |        6.75373   |   38:18:47   |   03:50:26   |
18924       |       -2826.41   |       -2836.29   |        9.87959   |   38:20:28   |   03:50:29   |
18925       |       -2824.12   |       -2833.97   |        9.84177   |   38:22:05   |   03:50:30   |
18926       |       -2824.12   |       -2833.97   |        9.84177   |   38:23:53   |   03:50:33   |
18927       |        -2826.1   |        -2835.9   |        9.80048   |   38:25:33   |   03:50:35   |
18928       |       -2826.31   |       -2836.22   |        9.91288   |   38:27:07   |   03:50:36   |
18929       |       -2824.81   |       -2835.36   |        10.5426   |   38:28:43   |   03:50:38   |
18930       |       -2826.05   |       -2839.41   |        13.3591   |   38:30:20   |   03:50:40   |
18931       |       -2823.86   |       -2837.65   |        13.7884   |   38:36:54   |   03:51:11   |
18932       |       -2825.63   |       -2838.26   |        12.6353   |   38:38:17   |   03:51:11   |
18933       |       -2824.17   |       -2835.16   |        10.9887   |   38:39:51   |   03:51:12   |
18934       |       -2824.61   |       -2836.33   |        11.7171   |   38:41:32   |   03:51:14   |
18935       |       -2823.94   |       -2836.76   |        12.8151   |   38:43:13   |   03:51:16   |
18936       |       -2826.82   |       -2836.91   |        10.0945   |   38:44:44   |   03:51:17   |
18937       |       -2826.55   |       -2836.68   |        10.1264   |   38:46:28   |   03:51:19   |
18938       |       -2827.36   |       -2837.92   |         10.562   |   38:48:00   |   03:51:20   |
18939       |       -2825.86   |       -2836.98   |         11.122   |   38:49:38   |   03:51:22   |


Iter        |      Posterior   |     Likelihood   |          Prior   |    elapsed   |        ETA   |
----------------------------------------------------------------------------------------------------
18940       |       -2827.19   |       -2839.16   |        11.9775   |   38:51:14   |   03:51:24   |
18941       |          -2825   |       -2838.61   |        13.6139   |   38:58:02   |   03:51:56   |
18942       |       -2825.29   |       -2839.55   |        14.2653   |   38:59:43   |   03:51:58   |
18943       |       -2826.58   |       -2839.95   |        13.3763   |   39:01:21   |   03:51:59   |
18944       |       -2825.18   |       -2838.91   |        13.7252   |   39:02:54   |   03:52:00   |
18945       |       -2823.99   |       -2839.15   |        15.1631   |   39:04:32   |   03:52:02   |
18946       |       -2824.08   |       -2839.51   |        15.4295   |   39:06:06   |   03:52:03   |
18947       |       -2822.83   |       -2838.94   |        16.1071   |   39:07:37   |   03:52:04   |
18948       |       -2824.42   |       -2839.22   |        14.8032   |   39:09:00   |   03:52:04   |
18949       |       -2822.06   |       -2838.34   |        16.2799   |   39:10:25   |   03:52:04   |
18950       |       -2821.41   |       -2838.06   |        16.6557   |   39:12:00   |   03:52:05   |
18951       |       -2823.07   |       -2839.84   |        16.7718   |   39:18:39   |   03:52:36   |
18952       |       -2822.82   |       -2841.03   |        18.2122   |   39:20:06   |   03:52:37   |
18953       |       -2822.82   |       -2841.03   |        18.2122   |   39:21:36   |   03:52:38   |
18954       |       -2822.82   |       -2841.03   |        18.2122   |   39:23:03   |   03:52:38   |
18955       |        -2821.5   |       -2838.72   |        17.2164   |   39:24:29   |   03:52:38   |
18956       |       -2820.53   |       -2836.48   |        15.9466   |   39:26:02   |   03:52:39   |
18957       |       -2820.19   |       -2838.51   |        18.3178   |   39:27:29   |   03:52:39   |
18958       |       -2821.15   |       -2836.99   |        15.8364   |   39:28:58   |   03:52:40   |
18959       |       -2822.34   |       -2839.72   |        17.3805   |   39:30:29   |   03:52:41   |


Iter        |      Posterior   |     Likelihood   |          Prior   |    elapsed   |        ETA   |
----------------------------------------------------------------------------------------------------
18960       |       -2822.52   |       -2840.83   |        18.3072   |   39:31:57   |   03:52:41   |
18961       |       -2821.03   |        -2839.3   |        18.2706   |   39:38:22   |   03:53:10   |
18962       |       -2820.77   |          -2839   |        18.2236   |   39:39:33   |   03:53:09   |
18963       |       -2822.26   |       -2840.48   |        18.2119   |   39:40:52   |   03:53:09   |
18964       |       -2821.91   |       -2841.35   |        19.4391   |   39:42:07   |   03:53:08   |
18965       |       -2820.88   |       -2840.03   |        19.1446   |   39:43:34   |   03:53:08   |
18966       |       -2822.79   |       -2841.74   |        18.9499   |   39:45:02   |   03:53:08   |
18967       |       -2821.56   |       -2839.92   |        18.3587   |   39:46:35   |   03:53:09   |
18968       |       -2823.09   |       -2841.29   |        18.2054   |   39:48:01   |   03:53:09   |
18969       |       -2824.07   |       -2842.68   |         18.614   |   39:49:34   |   03:53:10   |
18970       |       -2824.96   |       -2842.39   |        17.4258   |   39:51:02   |   03:53:10   |
18971       |       -2825.55   |       -2842.55   |        16.9957   |   39:57:50   |   03:53:42   |
18972       |       -2824.58   |       -2842.11   |        17.5304   |   39:59:23   |   03:53:42   |
18973       |       -2824.65   |       -2842.04   |        17.3963   |   40:00:55   |   03:53:43   |
18974       |       -2825.36   |       -2841.58   |        16.2168   |   40:02:24   |   03:53:43   |
18975       |       -2826.44   |       -2839.61   |        13.1689   |   40:04:03   |   03:53:45   |
18976       |       -2826.29   |       -2838.19   |        11.8973   |   40:05:41   |   03:53:46   |
18977       |       -2825.51   |       -2835.71   |        10.1953   |   40:07:22   |   03:53:47   |
18978       |       -2824.69   |       -2837.07   |        12.3822   |   40:08:58   |   03:53:48   |
18979       |       -2825.88   |        -2837.8   |        11.9257   |   40:10:39   |   03:53:50   |


Iter        |      Posterior   |     Likelihood   |          Prior   |    elapsed   |        ETA   |
----------------------------------------------------------------------------------------------------
18980       |        -2826.9   |       -2840.58   |        13.6772   |   40:12:21   |   03:53:51   |
18981       |       -2829.11   |       -2843.15   |        14.0338   |   40:19:08   |   03:54:22   |
18982       |       -2828.82   |       -2841.78   |        12.9606   |   40:20:34   |   03:54:22   |
18983       |       -2826.62   |       -2840.13   |        13.5119   |   40:21:58   |   03:54:22   |
18984       |       -2825.75   |       -2838.72   |        12.9689   |   40:23:29   |   03:54:22   |
18985       |       -2825.44   |       -2837.36   |        11.9123   |   40:25:02   |   03:54:23   |
18986       |       -2826.94   |       -2840.44   |        13.5071   |   40:26:40   |   03:54:24   |
18987       |       -2830.24   |       -2841.62   |        11.3837   |   40:28:19   |   03:54:25   |
18988       |       -2831.27   |       -2846.12   |        14.8557   |   40:30:01   |   03:54:27   |
18989       |       -2831.27   |       -2847.03   |        15.7575   |   40:31:37   |   03:54:28   |
18990       |       -2831.27   |       -2847.03   |        15.7575   |   40:33:22   |   03:54:29   |
18991       |       -2829.19   |       -2843.31   |        14.1234   |   40:40:10   |   03:55:00   |
18992       |       -2830.54   |       -2842.27   |        11.7319   |   40:41:44   |   03:55:01   |
18993       |       -2828.18   |        -2838.1   |        9.91738   |   40:43:24   |   03:55:02   |
18994       |       -2826.16   |       -2837.13   |        10.9745   |   40:44:56   |   03:55:02   |
18995       |       -2824.05   |       -2834.82   |        10.7768   |   40:46:34   |   03:55:03   |
18996       |       -2825.56   |       -2837.79   |        12.2281   |   40:48:12   |   03:55:04   |
18997       |       -2825.88   |       -2838.73   |        12.8445   |   40:49:45   |   03:55:05   |
18998       |       -2827.89   |       -2838.29   |        10.4008   |   40:51:27   |   03:55:06   |
18999       |       -2831.15   |       -2841.89   |        10.7357   |   40:53:08   |   03:55:07   |


Iter        |      Posterior   |     Likelihood   |          Prior   |    elapsed   |        ETA   |
----------------------------------------------------------------------------------------------------
19000       |       -2830.17   |       -2838.41   |        8.23846   |   40:54:53   |   03:55:09   |
19001       |       -2832.81   |       -2840.77   |        7.95911   |   41:02:09   |   03:55:42   |
19002       |       -2828.99   |       -2839.17   |        10.1778   |   41:03:50   |   03:55:43   |
19003       |       -2826.48   |       -2837.06   |        10.5765   |   41:05:35   |   03:55:45   |
19004       |       -2826.66   |        -2837.3   |        10.6344   |   41:07:15   |   03:55:46   |
19005       |       -2826.41   |       -2833.63   |        7.21577   |   41:08:58   |   03:55:47   |
19006       |       -2826.59   |       -2833.33   |         6.7423   |   41:10:41   |   03:55:48   |
19007       |       -2825.34   |       -2834.68   |        9.33735   |   41:12:16   |   03:55:49   |
19008       |       -2825.56   |       -2836.29   |        10.7325   |   41:13:59   |   03:55:50   |
19009       |       -2828.61   |       -2839.11   |        10.4994   |   41:15:39   |   03:55:51   |
19010       |       -2829.92   |       -2840.26   |        10.3391   |   41:17:19   |   03:55:52   |
19011       |       -2829.92   |       -2840.26   |        10.3391   |   41:24:17   |   03:56:23   |
19012       |       -2829.95   |       -2842.09   |        12.1384   |   41:26:06   |   03:56:25   |
19013       |       -2826.71   |       -2838.98   |         12.264   |   41:27:49   |   03:56:26   |
19014       |       -2828.24   |       -2840.73   |        12.4862   |   41:29:24   |   03:56:26   |
19015       |       -2826.94   |       -2839.05   |        12.1083   |   41:30:59   |   03:56:27   |
19016       |       -2825.64   |       -2837.64   |        12.0013   |   41:32:44   |   03:56:28   |
19017       |       -2826.43   |       -2838.82   |        12.3912   |   41:34:26   |   03:56:29   |
19018       |       -2826.15   |       -2835.13   |        8.98709   |   41:36:06   |   03:56:30   |
19019       |       -2827.43   |       -2836.58   |        9.14805   |   41:37:51   |   03:56:32   |


Iter        |      Posterior   |     Likelihood   |          Prior   |    elapsed   |        ETA   |
----------------------------------------------------------------------------------------------------
19020       |       -2828.72   |       -2839.66   |        10.9435   |   41:39:35   |   03:56:33   |
19021       |       -2826.91   |       -2838.42   |         11.512   |   41:46:28   |   03:57:03   |
19022       |       -2824.97   |       -2837.03   |        12.0579   |   41:48:08   |   03:57:04   |
19023       |       -2824.72   |       -2836.48   |        11.7605   |   41:49:45   |   03:57:04   |
19024       |       -2824.87   |       -2836.78   |        11.9053   |   41:51:26   |   03:57:05   |
19025       |       -2825.92   |       -2838.26   |        12.3334   |   41:53:08   |   03:57:06   |
19026       |       -2825.93   |       -2838.21   |        12.2837   |   41:54:47   |   03:57:07   |
19027       |       -2826.62   |        -2837.9   |        11.2741   |   41:56:31   |   03:57:08   |
19028       |       -2827.65   |       -2840.53   |        12.8711   |   41:58:14   |   03:57:09   |
19029       |       -2827.16   |       -2838.89   |         11.727   |   41:59:59   |   03:57:10   |
19030       |       -2827.16   |       -2838.89   |         11.727   |   42:01:53   |   03:57:12   |
19031       |       -2826.98   |       -2838.49   |        11.5142   |   42:08:47   |   03:57:43   |
19032       |       -2825.45   |       -2839.87   |        14.4189   |   42:10:30   |   03:57:43   |
19033       |       -2826.14   |       -2838.11   |         11.979   |   42:12:07   |   03:57:44   |
19034       |        -2825.9   |       -2837.96   |        12.0586   |   42:13:51   |   03:57:45   |
19035       |       -2830.24   |       -2842.03   |        11.7888   |   42:15:35   |   03:57:46   |
19036       |       -2825.54   |       -2840.33   |        14.7855   |   42:17:28   |   03:57:48   |
19037       |       -2823.12   |       -2839.71   |         16.586   |   42:19:08   |   03:57:48   |
19038       |       -2822.04   |       -2838.04   |        16.0028   |   42:20:55   |   03:57:50   |
19039       |       -2821.43   |       -2838.57   |        17.1372   |   42:22:34   |   03:57:50   |


Iter        |      Posterior   |     Likelihood   |          Prior   |    elapsed   |        ETA   |
----------------------------------------------------------------------------------------------------
19040       |       -2821.09   |       -2837.57   |        16.4891   |   42:24:12   |   03:57:51   |
19041       |       -2820.75   |       -2837.74   |        16.9878   |   42:30:46   |   03:58:19   |
19042       |       -2821.69   |       -2838.24   |        16.5453   |   42:32:17   |   03:58:18   |
19043       |       -2822.47   |       -2836.99   |        14.5276   |   42:33:50   |   03:58:18   |
19044       |       -2822.16   |       -2837.09   |        14.9384   |   42:35:26   |   03:58:18   |
19045       |       -2821.66   |       -2836.39   |        14.7301   |   42:37:01   |   03:58:18   |
19046       |       -2821.12   |       -2836.15   |        15.0308   |   42:38:37   |   03:58:19   |
19047       |       -2820.45   |       -2835.09   |        14.6423   |   42:40:18   |   03:58:19   |
19048       |       -2823.24   |       -2836.34   |        13.0952   |   42:42:02   |   03:58:20   |
19049       |       -2821.67   |       -2833.74   |        12.0743   |   42:43:43   |   03:58:21   |
19050       |       -2823.04   |       -2837.17   |        14.1306   |   42:45:20   |   03:58:21   |
19051       |       -2823.17   |       -2838.18   |        15.0056   |   42:52:08   |   03:58:50   |
19052       |       -2822.79   |       -2839.79   |        16.9949   |   42:53:36   |   03:58:49   |
19053       |       -2824.43   |       -2841.01   |        16.5771   |   42:55:12   |   03:58:49   |
19054       |       -2825.61   |       -2839.18   |        13.5639   |   42:56:45   |   03:58:49   |
19055       |       -2826.42   |       -2840.45   |        14.0212   |   42:58:31   |   03:58:50   |
19056       |       -2823.95   |       -2839.75   |        15.8014   |   43:00:07   |   03:58:50   |
19057       |       -2822.34   |       -2840.48   |        18.1429   |   43:01:32   |   03:58:49   |
19058       |       -2823.29   |       -2840.46   |        17.1758   |   43:02:56   |   03:58:48   |
19059       |       -2825.05   |       -2842.23   |         17.182   |   43:04:24   |   03:58:47   |


Iter        |      Posterior   |     Likelihood   |          Prior   |    elapsed   |        ETA   |
----------------------------------------------------------------------------------------------------
19060       |        -2823.9   |       -2840.04   |        16.1373   |   43:05:49   |   03:58:46   |
19061       |       -2823.93   |       -2840.07   |        16.1382   |   43:12:24   |   03:59:14   |
19062       |       -2824.42   |       -2842.89   |        18.4699   |   43:13:56   |   03:59:13   |
19063       |       -2825.34   |       -2843.56   |        18.2269   |   43:15:29   |   03:59:13   |
19064       |        -2823.9   |       -2841.81   |        17.9101   |   43:17:07   |   03:59:13   |
19065       |       -2822.32   |       -2839.11   |        16.7934   |   43:18:40   |   03:59:12   |
19066       |       -2820.88   |       -2835.75   |        14.8735   |   43:20:15   |   03:59:12   |
19067       |        -2822.3   |       -2837.82   |        15.5216   |   43:21:59   |   03:59:13   |
19068       |       -2822.21   |       -2838.22   |        16.0062   |   43:23:38   |   03:59:13   |
19069       |       -2827.36   |        -2839.1   |        11.7414   |   43:25:12   |   03:59:13   |
19070       |       -2825.58   |       -2836.47   |        10.8968   |   43:26:55   |   03:59:13   |
19071       |       -2827.99   |       -2837.91   |        9.91959   |   43:33:52   |   03:59:43   |
19072       |       -2827.55   |       -2838.39   |        10.8459   |   43:35:22   |   03:59:42   |
19073       |       -2826.87   |       -2836.43   |         9.5592   |   43:37:04   |   03:59:42   |
19074       |        -2827.1   |       -2836.73   |        9.63364   |   43:38:46   |   03:59:43   |
19075       |       -2828.96   |       -2836.06   |        7.10182   |   43:40:32   |   03:59:43   |
19076       |       -2827.62   |       -2836.21   |        8.59066   |   43:42:20   |   03:59:44   |
19077       |        -2825.9   |       -2837.18   |        11.2772   |   43:44:06   |   03:59:45   |
19078       |       -2828.56   |       -2837.68   |        9.12335   |   43:45:51   |   03:59:45   |
19079       |       -2828.52   |       -2837.55   |        9.02956   |   43:47:43   |   03:59:47   |


Iter        |      Posterior   |     Likelihood   |          Prior   |    elapsed   |        ETA   |
----------------------------------------------------------------------------------------------------
19080       |       -2827.63   |       -2835.96   |        8.33053   |   43:49:21   |   03:59:47   |
19081       |       -2827.99   |       -2835.52   |        7.52402   |   43:56:17   |   04:00:15   |
19082       |       -2827.65   |       -2836.89   |        9.24051   |   43:58:00   |   04:00:16   |
19083       |       -2829.99   |       -2839.05   |        9.06533   |   43:59:35   |   04:00:15   |
19084       |        -2828.6   |       -2835.87   |        7.26238   |   44:01:15   |   04:00:15   |
19085       |       -2826.28   |       -2833.82   |        7.54433   |   44:03:00   |   04:00:16   |
19086       |       -2826.11   |       -2835.16   |        9.05085   |   44:04:45   |   04:00:16   |
19087       |       -2828.79   |       -2832.25   |        3.46108   |   44:06:29   |   04:00:17   |
19088       |       -2831.89   |          -2833   |        1.11746   |   44:08:15   |   04:00:17   |
19089       |       -2833.85   |       -2835.73   |        1.87873   |   44:10:04   |   04:00:18   |
19090       |       -2834.75   |       -2835.82   |        1.07615   |   44:11:57   |   04:00:19   |
19091       |        -2827.5   |       -2834.51   |        7.01101   |   44:19:20   |   04:00:50   |
19092       |       -2830.12   |       -2836.34   |        6.21871   |   44:21:10   |   04:00:51   |
19093       |       -2829.81   |       -2834.28   |        4.47236   |   44:23:03   |   04:00:52   |
19094       |       -2825.27   |       -2834.72   |        9.45036   |   44:24:50   |   04:00:53   |
19095       |        -2826.5   |          -2833   |        6.50556   |   44:26:26   |   04:00:52   |
19096       |       -2827.11   |       -2837.31   |        10.2038   |   44:28:05   |   04:00:52   |
19097       |       -2826.04   |        -2836.9   |        10.8574   |   44:29:43   |   04:00:52   |
19098       |        -2826.9   |        -2836.6   |        9.69349   |   44:31:30   |   04:00:52   |
19099       |       -2826.38   |       -2835.78   |        9.39743   |   44:33:17   |   04:00:53   |


Iter        |      Posterior   |     Likelihood   |          Prior   |    elapsed   |        ETA   |
----------------------------------------------------------------------------------------------------
19100       |       -2826.38   |       -2835.78   |        9.39743   |   44:35:05   |   04:00:53   |
19101       |       -2826.38   |       -2835.78   |        9.39743   |   44:42:04   |   04:01:22   |
19102       |       -2826.38   |       -2835.78   |        9.39743   |   44:43:46   |   04:01:22   |
19103       |       -2826.38   |       -2835.78   |        9.39743   |   44:45:35   |   04:01:23   |
19104       |       -2826.38   |       -2835.78   |        9.39743   |   44:47:22   |   04:01:23   |
19105       |       -2826.38   |       -2835.78   |        9.39743   |   44:49:10   |   04:01:23   |
19106       |       -2826.38   |       -2835.78   |        9.39743   |   44:51:00   |   04:01:24   |
19107       |       -2825.68   |          -2836   |        10.3198   |   44:52:44   |   04:01:24   |
19108       |       -2827.62   |       -2838.11   |        10.4862   |   44:54:27   |   04:01:24   |
19109       |       -2827.26   |       -2835.93   |        8.66338   |   44:56:10   |   04:01:24   |
19110       |       -2829.65   |       -2839.71   |         10.058   |   44:57:57   |   04:01:25   |
19111       |       -2829.65   |       -2839.71   |         10.058   |   45:05:07   |   04:01:54   |
19112       |       -2829.65   |       -2839.71   |         10.058   |   45:06:51   |   04:01:54   |
19113       |       -2829.65   |       -2839.71   |         10.058   |   45:08:41   |   04:01:54   |
19114       |       -2829.65   |       -2839.71   |         10.058   |   45:10:24   |   04:01:54   |
19115       |       -2829.65   |       -2839.71   |         10.058   |   45:12:04   |   04:01:54   |
19116       |       -2829.65   |       -2839.71   |         10.058   |   45:13:49   |   04:01:54   |
19117       |       -2827.32   |       -2839.49   |        12.1677   |   45:15:33   |   04:01:54   |
19118       |       -2827.15   |       -2842.17   |        15.0241   |   45:17:06   |   04:01:53   |
19119       |       -2826.55   |       -2841.09   |        14.5396   |   45:18:52   |   04:01:53   |


Iter        |      Posterior   |     Likelihood   |          Prior   |    elapsed   |        ETA   |
----------------------------------------------------------------------------------------------------
19120       |       -2828.46   |       -2842.53   |        14.0698   |   45:20:31   |   04:01:53   |
19121       |       -2823.42   |       -2838.77   |        15.3521   |   45:27:27   |   04:02:20   |
19122       |       -2823.83   |       -2840.86   |        17.0392   |   45:29:07   |   04:02:20   |
19123       |       -2823.76   |       -2840.96   |        17.1973   |   45:30:48   |   04:02:20   |
19124       |       -2823.83   |       -2841.04   |        17.2133   |   45:32:27   |   04:02:19   |
19125       |       -2823.03   |       -2837.52   |        14.4922   |   45:33:59   |   04:02:18   |
19126       |       -2823.46   |       -2838.62   |        15.1557   |   45:35:33   |   04:02:17   |
19127       |       -2823.21   |       -2838.57   |        15.3654   |   45:37:19   |   04:02:17   |
19128       |       -2824.74   |       -2839.58   |        14.8437   |   45:38:50   |   04:02:16   |
19129       |       -2826.22   |       -2839.98   |        13.7639   |   45:40:31   |   04:02:15   |
19130       |       -2826.09   |       -2840.62   |         14.527   |   45:42:15   |   04:02:15   |
19131       |       -2825.79   |       -2842.13   |        16.3323   |   45:49:01   |   04:02:41   |
19132       |       -2825.96   |       -2843.02   |        17.0546   |   45:50:34   |   04:02:40   |
19133       |       -2826.18   |       -2842.27   |        16.0869   |   45:52:07   |   04:02:39   |
19134       |       -2826.91   |       -2841.68   |        14.7679   |   45:53:50   |   04:02:39   |
19135       |       -2825.14   |       -2841.94   |         16.803   |   45:55:21   |   04:02:37   |
19136       |       -2825.33   |       -2841.97   |        16.6358   |   45:56:52   |   04:02:36   |
19137       |       -2825.48   |       -2842.18   |        16.7047   |   45:58:25   |   04:02:35   |
19138       |       -2825.69   |       -2841.73   |        16.0441   |   46:00:04   |   04:02:34   |
19139       |       -2828.81   |       -2846.32   |        17.5058   |   46:01:37   |   04:02:33   |


Iter        |      Posterior   |     Likelihood   |          Prior   |    elapsed   |        ETA   |
----------------------------------------------------------------------------------------------------
19140       |       -2829.35   |       -2846.22   |        16.8722   |   46:03:03   |   04:02:31   |
19141       |       -2827.97   |       -2845.37   |        17.3956   |   46:09:39   |   04:02:56   |
19142       |       -2829.28   |       -2845.62   |        16.3349   |   46:11:11   |   04:02:55   |
19143       |       -2829.95   |       -2846.28   |        16.3335   |   46:12:51   |   04:02:54   |
19144       |       -2827.02   |       -2843.68   |        16.6644   |   46:14:25   |   04:02:53   |
19145       |       -2826.47   |       -2840.42   |        13.9586   |   46:16:04   |   04:02:52   |
19146       |       -2824.57   |       -2837.99   |        13.4249   |   46:17:49   |   04:02:52   |
19147       |       -2825.33   |       -2839.35   |        14.0197   |   46:19:26   |   04:02:51   |
19148       |       -2828.86   |       -2838.66   |        9.80502   |   46:21:08   |   04:02:50   |
19149       |       -2827.37   |       -2839.22   |        11.8464   |   46:22:53   |   04:02:50   |
19150       |        -2829.8   |       -2838.02   |        8.22659   |   46:24:22   |   04:02:48   |
19151       |       -2829.23   |       -2836.85   |        7.62036   |   46:31:10   |   04:03:14   |
19152       |       -2829.84   |       -2839.28   |        9.44104   |   46:32:46   |   04:03:13   |
19153       |       -2829.57   |       -2835.17   |        5.60695   |   46:34:29   |   04:03:13   |
19154       |       -2831.15   |       -2835.78   |        4.62126   |   46:36:11   |   04:03:12   |
19155       |       -2831.16   |        -2835.9   |        4.73713   |   46:37:51   |   04:03:11   |
19156       |       -2827.52   |       -2833.59   |        6.07385   |   46:39:27   |   04:03:10   |
19157       |       -2825.06   |       -2831.63   |        6.57241   |   46:41:07   |   04:03:09   |
19158       |        -2823.9   |       -2832.35   |        8.44502   |   46:42:43   |   04:03:08   |
19159       |       -2825.14   |       -2831.37   |        6.23014   |   46:44:30   |   04:03:08   |


Iter        |      Posterior   |     Likelihood   |          Prior   |    elapsed   |        ETA   |
----------------------------------------------------------------------------------------------------
19160       |       -2823.42   |       -2831.81   |        8.39109   |   46:46:16   |   04:03:07   |
19161       |       -2823.42   |       -2831.81   |        8.39109   |   46:53:14   |   04:03:34   |
19162       |       -2826.78   |       -2832.78   |        5.99814   |   46:54:55   |   04:03:33   |
19163       |       -2824.67   |       -2835.31   |        10.6362   |   46:56:34   |   04:03:32   |
19164       |       -2823.61   |       -2834.37   |        10.7607   |   46:58:09   |   04:03:31   |
19165       |       -2823.96   |       -2833.52   |        9.55534   |   46:59:50   |   04:03:30   |
19166       |       -2823.43   |       -2836.18   |        12.7531   |   47:01:25   |   04:03:29   |
19167       |       -2822.53   |       -2834.16   |        11.6349   |   47:03:05   |   04:03:28   |
19168       |       -2823.66   |       -2835.95   |        12.2904   |   47:04:45   |   04:03:27   |
19169       |       -2823.26   |       -2835.79   |        12.5278   |   47:06:22   |   04:03:25   |
19170       |       -2824.11   |       -2836.33   |        12.2182   |   47:08:11   |   04:03:25   |
19171       |       -2825.48   |       -2836.91   |        11.4309   |   47:15:06   |   04:03:51   |
19172       |       -2823.74   |        -2840.5   |        16.7577   |   47:16:41   |   04:03:50   |
19173       |       -2822.91   |        -2839.6   |        16.6886   |   47:18:20   |   04:03:49   |
19174       |       -2823.34   |        -2840.9   |        17.5552   |   47:19:54   |   04:03:47   |
19175       |        -2822.6   |       -2834.35   |        11.7537   |   47:21:24   |   04:03:45   |
19176       |       -2824.13   |       -2835.06   |        10.9351   |   47:23:12   |   04:03:45   |
19177       |       -2824.42   |       -2833.58   |        9.15768   |   47:24:50   |   04:03:43   |
19178       |       -2828.93   |       -2837.63   |        8.69697   |   47:26:32   |   04:03:43   |
19179       |       -2829.92   |       -2838.49   |         8.5768   |   47:28:13   |   04:03:42   |


Iter        |      Posterior   |     Likelihood   |          Prior   |    elapsed   |        ETA   |
----------------------------------------------------------------------------------------------------
19180       |       -2827.43   |       -2837.07   |        9.64905   |   47:30:03   |   04:03:41   |
19181       |       -2827.96   |       -2835.89   |        7.93386   |   47:37:02   |   04:04:07   |
19182       |       -2824.75   |       -2833.92   |        9.16729   |   47:38:53   |   04:04:07   |
19183       |       -2821.04   |       -2833.64   |         12.595   |   47:40:39   |   04:04:06   |
19184       |       -2821.14   |       -2833.67   |        12.5352   |   47:42:19   |   04:04:05   |
19185       |       -2819.13   |       -2831.74   |        12.6121   |   47:44:03   |   04:04:04   |
19186       |       -2820.06   |       -2833.01   |        12.9418   |   47:45:43   |   04:04:03   |
19187       |       -2819.08   |       -2831.61   |        12.5275   |   47:47:31   |   04:04:03   |
19188       |       -2822.17   |       -2836.75   |        14.5805   |   47:49:03   |   04:04:01   |
19189       |        -2820.5   |       -2835.09   |        14.5893   |   47:50:37   |   04:03:59   |
19190       |       -2820.48   |       -2835.39   |        14.9099   |   47:52:07   |   04:03:57   |
19191       |       -2821.31   |       -2835.91   |        14.6021   |   47:59:03   |   04:04:23   |
19192       |       -2824.34   |       -2840.05   |        15.7152   |   48:00:41   |   04:04:21   |
19193       |       -2825.57   |        -2839.7   |        14.1338   |   48:02:17   |   04:04:19   |
19194       |       -2823.22   |       -2838.26   |        15.0425   |   48:03:46   |   04:04:17   |
19195       |       -2821.82   |        -2838.7   |        16.8821   |   48:05:18   |   04:04:15   |
19196       |       -2822.15   |       -2838.96   |        16.8059   |   48:06:49   |   04:04:13   |
19197       |       -2822.47   |       -2835.14   |        12.6661   |   48:08:27   |   04:04:12   |
19198       |       -2825.73   |       -2836.84   |        11.1094   |   48:10:06   |   04:04:10   |
19199       |       -2828.36   |        -2839.5   |        11.1397   |   48:11:43   |   04:04:09   |


Iter        |      Posterior   |     Likelihood   |          Prior   |    elapsed   |        ETA   |
----------------------------------------------------------------------------------------------------
19200       |       -2823.25   |       -2837.14   |        13.8901   |   48:13:16   |   04:04:07   |
19201       |       -2823.32   |       -2835.27   |        11.9432   |   48:19:57   |   04:04:31   |
19202       |       -2823.71   |       -2835.14   |        11.4264   |   48:21:38   |   04:04:29   |
19203       |       -2823.16   |        -2836.8   |        13.6416   |   48:23:20   |   04:04:28   |
19204       |       -2822.72   |       -2836.04   |        13.3178   |   48:24:47   |   04:04:26   |
19205       |       -2823.53   |       -2837.63   |        14.0986   |   48:26:26   |   04:04:24   |
19206       |       -2823.85   |       -2835.71   |        11.8629   |   48:28:09   |   04:04:23   |
19207       |       -2823.85   |       -2835.71   |        11.8629   |   48:29:59   |   04:04:22   |
19208       |       -2826.44   |        -2840.6   |        14.1632   |   48:31:43   |   04:04:21   |
19209       |       -2824.41   |       -2838.73   |        14.3222   |   48:33:22   |   04:04:20   |
19210       |       -2824.05   |       -2838.14   |        14.0902   |   48:35:07   |   04:04:19   |
19211       |       -2824.17   |       -2837.33   |        13.1577   |   48:42:02   |   04:04:43   |
19212       |       -2823.63   |       -2837.31   |        13.6851   |   48:43:39   |   04:04:42   |
19213       |       -2824.22   |       -2838.71   |        14.4957   |   48:45:18   |   04:04:40   |
19214       |       -2824.22   |       -2838.71   |        14.4957   |   48:47:04   |   04:04:39   |
19215       |       -2826.35   |       -2839.37   |        13.0156   |   48:48:49   |   04:04:38   |
19216       |       -2824.84   |        -2837.6   |        12.7581   |   48:50:27   |   04:04:36   |
19217       |       -2826.35   |       -2839.66   |        13.3078   |   48:52:14   |   04:04:35   |
19218       |       -2828.72   |        -2840.9   |        12.1844   |   48:53:56   |   04:04:34   |
19219       |       -2827.01   |       -2840.55   |         13.547   |   48:55:36   |   04:04:32   |


Iter        |      Posterior   |     Likelihood   |          Prior   |    elapsed   |        ETA   |
----------------------------------------------------------------------------------------------------
19220       |       -2826.21   |       -2839.13   |        12.9277   |   48:57:17   |   04:04:31   |
19221       |        -2825.9   |       -2838.04   |         12.143   |   49:04:11   |   04:04:55   |
19222       |       -2830.29   |       -2843.54   |        13.2497   |   49:05:58   |   04:04:54   |
19223       |        -2830.6   |       -2847.53   |        16.9276   |   49:07:26   |   04:04:51   |
19224       |       -2831.38   |       -2847.14   |         15.763   |   49:09:08   |   04:04:50   |
19225       |       -2829.94   |       -2845.07   |        15.1349   |   49:10:49   |   04:04:48   |
19226       |       -2829.14   |       -2842.85   |        13.7149   |   49:12:23   |   04:04:46   |
19227       |       -2827.04   |       -2840.77   |        13.7323   |   49:14:03   |   04:04:44   |
19228       |       -2826.25   |       -2840.25   |         13.994   |   49:15:36   |   04:04:42   |
19229       |       -2826.71   |        -2839.9   |         13.196   |   49:17:11   |   04:04:40   |
19230       |       -2827.51   |       -2841.27   |        13.7599   |   49:18:49   |   04:04:38   |
19231       |       -2828.29   |       -2842.48   |        14.1984   |   49:25:45   |   04:05:03   |
19232       |       -2828.56   |       -2842.26   |        13.7015   |   49:27:26   |   04:05:01   |
19233       |       -2829.27   |       -2844.45   |        15.1798   |   49:29:04   |   04:04:59   |
19234       |       -2827.69   |       -2842.41   |        14.7207   |   49:30:49   |   04:04:58   |
19235       |       -2828.82   |       -2843.78   |        14.9568   |   49:32:17   |   04:04:55   |
19236       |       -2830.68   |       -2841.93   |        11.2461   |   49:33:55   |   04:04:53   |
19237       |       -2831.94   |       -2842.08   |        10.1392   |   49:35:35   |   04:04:51   |
19238       |       -2832.11   |       -2845.23   |        13.1287   |   49:37:19   |   04:04:50   |
19239       |       -2826.15   |       -2842.46   |        16.3118   |   49:39:02   |   04:04:48   |


Iter        |      Posterior   |     Likelihood   |          Prior   |    elapsed   |        ETA   |
----------------------------------------------------------------------------------------------------
19240       |       -2828.52   |       -2842.94   |         14.419   |   49:40:40   |   04:04:46   |
19241       |       -2830.12   |       -2844.54   |        14.4239   |   49:47:28   |   04:05:09   |
19242       |       -2828.18   |       -2839.73   |        11.5476   |   49:49:17   |   04:05:08   |
19243       |       -2830.46   |       -2838.54   |        8.08253   |   49:51:18   |   04:05:08   |
19244       |       -2831.62   |       -2838.85   |        7.22908   |   49:53:11   |   04:05:07   |
19245       |       -2830.03   |       -2838.85   |        8.81093   |   49:54:56   |   04:05:06   |
19246       |       -2829.39   |       -2840.35   |        10.9663   |   49:56:35   |   04:05:04   |
19247       |       -2831.08   |        -2841.9   |        10.8224   |   49:58:18   |   04:05:02   |
19248       |       -2828.19   |       -2841.13   |        12.9403   |   50:00:00   |   04:05:00   |
19249       |       -2826.34   |       -2839.31   |        12.9669   |   50:01:33   |   04:04:58   |
19250       |       -2829.64   |       -2844.38   |        14.7344   |   50:03:10   |   04:04:56   |
19251       |       -2829.22   |       -2843.76   |        14.5334   |   50:10:09   |   04:05:20   |
19252       |       -2828.73   |       -2841.99   |        13.2686   |   50:11:53   |   04:05:18   |
19253       |       -2826.48   |       -2841.76   |        15.2818   |   50:13:40   |   04:05:16   |
19254       |       -2825.14   |       -2841.14   |        16.0009   |   50:15:13   |   04:05:14   |
19255       |       -2828.32   |       -2845.07   |         16.751   |   50:16:59   |   04:05:12   |
19256       |       -2825.61   |       -2843.86   |        18.2441   |   50:18:40   |   04:05:10   |
19257       |       -2825.48   |       -2842.17   |        16.6932   |   50:20:19   |   04:05:08   |
19258       |       -2825.51   |       -2841.92   |        16.4099   |   50:21:51   |   04:05:05   |
19259       |       -2827.75   |        -2843.4   |        15.6492   |   50:23:24   |   04:05:03   |


Iter        |      Posterior   |     Likelihood   |          Prior   |    elapsed   |        ETA   |
----------------------------------------------------------------------------------------------------
19260       |       -2827.09   |       -2840.84   |        13.7483   |   50:24:58   |   04:05:00   |
19261       |       -2826.55   |       -2841.21   |         14.661   |   50:31:50   |   04:05:23   |
19262       |       -2826.43   |       -2842.27   |        15.8473   |   50:33:35   |   04:05:22   |
19263       |       -2825.91   |       -2841.54   |        15.6351   |   50:35:14   |   04:05:20   |
19264       |       -2828.74   |       -2844.44   |        15.7027   |   50:37:00   |   04:05:18   |
19265       |       -2828.72   |       -2847.27   |        18.5477   |   50:38:48   |   04:05:16   |
19266       |       -2825.77   |        -2844.3   |        18.5325   |   50:40:28   |   04:05:14   |
19267       |       -2825.35   |       -2844.01   |        18.6596   |   50:42:10   |   04:05:12   |
19268       |       -2827.59   |       -2847.04   |        19.4483   |   50:43:45   |   04:05:10   |
19269       |       -2828.38   |       -2846.16   |        17.7777   |   50:45:27   |   04:05:08   |
19270       |       -2830.33   |       -2847.45   |        17.1209   |   50:47:10   |   04:05:06   |
19271       |       -2831.05   |       -2847.34   |        16.2913   |   50:54:17   |   04:05:30   |
19272       |       -2831.05   |       -2847.34   |        16.2913   |   50:56:13   |   04:05:29   |
19273       |       -2831.05   |       -2847.34   |        16.2913   |   50:58:06   |   04:05:28   |
19274       |       -2831.19   |       -2848.05   |        16.8614   |   50:59:51   |   04:05:26   |
19275       |       -2830.33   |       -2847.42   |        17.0956   |   51:01:33   |   04:05:24   |
19276       |       -2830.67   |       -2846.32   |        15.6449   |   51:03:24   |   04:05:22   |
19277       |       -2832.77   |        -2848.5   |        15.7266   |   51:05:14   |   04:05:21   |
19278       |       -2832.98   |       -2844.65   |        11.6726   |   51:06:55   |   04:05:18   |
19279       |       -2831.03   |       -2843.21   |        12.1726   |   51:08:33   |   04:05:16   |


Iter        |      Posterior   |     Likelihood   |          Prior   |    elapsed   |        ETA   |
----------------------------------------------------------------------------------------------------
19280       |       -2829.34   |       -2842.13   |         12.789   |   51:10:11   |   04:05:13   |
19281       |       -2828.59   |       -2840.77   |        12.1722   |   51:17:07   |   04:05:36   |
19282       |       -2831.33   |       -2843.85   |        12.5215   |   51:18:52   |   04:05:34   |
19283       |       -2830.34   |       -2841.61   |        11.2734   |   51:20:34   |   04:05:32   |
19284       |       -2835.98   |       -2844.83   |        8.85182   |   51:22:21   |   04:05:30   |
19285       |       -2833.05   |       -2842.05   |        8.99495   |   51:24:06   |   04:05:28   |
19286       |        -2833.1   |       -2841.71   |        8.60802   |   51:25:51   |   04:05:26   |
19287       |       -2833.84   |       -2842.32   |        8.47562   |   51:27:35   |   04:05:24   |
19288       |       -2835.93   |       -2847.42   |        11.4892   |   51:29:18   |   04:05:22   |
19289       |       -2835.16   |       -2846.91   |        11.7533   |   51:31:01   |   04:05:20   |
19290       |       -2836.79   |       -2848.39   |        11.6023   |   51:32:44   |   04:05:18   |
19291       |       -2838.85   |       -2850.22   |         11.366   |   51:39:27   |   04:05:39   |
19292       |       -2834.26   |       -2846.27   |        12.0032   |   51:41:10   |   04:05:37   |
19293       |       -2831.27   |       -2846.75   |        15.4772   |   51:42:45   |   04:05:34   |
19294       |       -2831.24   |       -2845.86   |        14.6246   |   51:44:29   |   04:05:32   |
19295       |       -2831.24   |       -2845.86   |        14.6246   |   51:46:17   |   04:05:30   |
19296       |       -2828.11   |       -2841.57   |        13.4648   |   51:47:54   |   04:05:27   |
19297       |       -2828.07   |       -2841.66   |        13.5866   |   51:49:37   |   04:05:25   |
19298       |       -2827.85   |       -2841.16   |        13.3117   |   51:51:27   |   04:05:23   |
19299       |       -2829.81   |       -2845.09   |         15.277   |   51:53:12   |   04:05:21   |


Iter        |      Posterior   |     Likelihood   |          Prior   |    elapsed   |        ETA   |
----------------------------------------------------------------------------------------------------
19300       |       -2828.18   |        -2841.2   |        13.0213   |   51:54:53   |   04:05:19   |
19301       |       -2827.66   |        -2840.9   |        13.2451   |   52:01:38   |   04:05:40   |
19302       |       -2830.22   |       -2842.28   |        12.0634   |   52:03:16   |   04:05:37   |
19303       |       -2828.79   |       -2841.11   |        12.3283   |   52:04:56   |   04:05:35   |
19304       |       -2830.43   |       -2840.25   |        9.82435   |   52:06:36   |   04:05:32   |
19305       |       -2828.02   |       -2839.92   |        11.9007   |   52:08:15   |   04:05:29   |
19306       |       -2832.38   |       -2841.01   |        8.63755   |   52:09:48   |   04:05:26   |
19307       |       -2828.43   |       -2838.81   |        10.3847   |   52:11:30   |   04:05:24   |
19308       |       -2828.65   |       -2839.16   |        10.5153   |   52:13:22   |   04:05:22   |
19309       |       -2829.92   |       -2841.02   |        11.1078   |   52:15:04   |   04:05:19   |
19310       |       -2830.65   |       -2842.62   |        11.9759   |   52:16:44   |   04:05:17   |
19311       |        -2830.4   |       -2841.81   |        11.4093   |   52:23:47   |   04:05:39   |
19312       |       -2830.78   |       -2843.56   |        12.7795   |   52:25:33   |   04:05:37   |
19313       |       -2830.41   |       -2845.07   |        14.6583   |   52:27:13   |   04:05:34   |
19314       |        -2829.4   |       -2846.68   |        17.2781   |   52:28:51   |   04:05:31   |
19315       |       -2828.62   |        -2845.3   |        16.6848   |   52:30:25   |   04:05:28   |
19316       |       -2830.09   |       -2848.49   |        18.3985   |   52:32:06   |   04:05:25   |
19317       |       -2828.75   |       -2847.23   |        18.4793   |   52:33:31   |   04:05:21   |
19318       |       -2829.43   |       -2846.01   |        16.5811   |   52:34:57   |   04:05:18   |
19319       |       -2831.09   |        -2848.5   |        17.4128   |   52:36:34   |   04:05:15   |


Iter        |      Posterior   |     Likelihood   |          Prior   |    elapsed   |        ETA   |
----------------------------------------------------------------------------------------------------
19320       |       -2832.87   |       -2848.76   |        15.8968   |   52:38:07   |   04:05:11   |
19321       |       -2834.11   |       -2848.42   |        14.3087   |   52:44:48   |   04:05:32   |
19322       |       -2834.54   |        -2845.2   |        10.6528   |   52:46:31   |   04:05:29   |
19323       |       -2834.72   |       -2845.59   |        10.8764   |   52:48:11   |   04:05:26   |
19324       |       -2831.63   |       -2846.17   |         14.535   |   52:49:52   |   04:05:24   |
19325       |       -2831.51   |       -2847.07   |        15.5583   |   52:51:29   |   04:05:20   |
19326       |       -2833.22   |       -2847.78   |         14.564   |   52:53:03   |   04:05:17   |
19327       |        -2831.8   |       -2846.04   |         14.242   |   52:54:40   |   04:05:14   |
19328       |       -2828.52   |       -2843.99   |        15.4744   |   52:56:10   |   04:05:10   |
19329       |       -2831.33   |       -2845.76   |        14.4354   |   52:57:54   |   04:05:08   |
19330       |       -2830.53   |       -2846.45   |        15.9177   |   52:59:37   |   04:05:05   |
19331       |       -2829.76   |       -2843.33   |        13.5627   |   53:06:15   |   04:05:25   |
19332       |       -2830.77   |       -2843.93   |        13.1554   |   53:07:53   |   04:05:22   |
19333       |       -2830.82   |       -2844.16   |        13.3395   |   53:09:32   |   04:05:19   |
19334       |       -2827.62   |       -2842.78   |        15.1535   |   53:11:09   |   04:05:16   |
19335       |       -2825.51   |       -2841.62   |         16.106   |   53:12:44   |   04:05:12   |
19336       |       -2827.37   |       -2843.01   |        15.6328   |   53:14:18   |   04:05:09   |
19337       |       -2828.46   |       -2843.07   |        14.6117   |   53:15:57   |   04:05:06   |
19338       |        -2830.1   |       -2847.67   |        17.5722   |   53:17:33   |   04:05:02   |
19339       |       -2830.98   |       -2848.64   |        17.6611   |   53:19:06   |   04:04:59   |


Iter        |      Posterior   |     Likelihood   |          Prior   |    elapsed   |        ETA   |
----------------------------------------------------------------------------------------------------
19340       |       -2832.24   |       -2849.28   |         17.045   |   53:20:43   |   04:04:56   |
19341       |       -2832.24   |       -2849.28   |         17.045   |   53:27:37   |   04:05:17   |
19342       |       -2831.17   |       -2848.26   |        17.0893   |   53:29:17   |   04:05:14   |
19343       |       -2829.01   |          -2846   |        16.9867   |   53:30:58   |   04:05:11   |
19344       |       -2827.66   |       -2844.38   |        16.7173   |   53:32:31   |   04:05:07   |
19345       |       -2828.85   |       -2844.86   |         16.012   |   53:34:04   |   04:05:03   |
19346       |       -2828.87   |       -2844.28   |        15.4135   |   53:35:38   |   04:05:00   |
19347       |       -2828.87   |       -2844.28   |        15.4135   |   53:37:18   |   04:04:57   |
19348       |       -2828.87   |       -2844.28   |        15.4135   |   53:39:00   |   04:04:54   |
19349       |       -2828.87   |       -2844.28   |        15.4135   |   53:40:50   |   04:04:51   |
19350       |       -2828.87   |       -2844.28   |        15.4135   |   53:42:37   |   04:04:49   |
19351       |       -2828.87   |       -2844.28   |        15.4135   |   53:49:30   |   04:05:09   |
19352       |       -2828.87   |       -2844.28   |        15.4135   |   53:51:15   |   04:05:06   |
19353       |       -2828.87   |       -2844.28   |        15.4135   |   53:52:54   |   04:05:03   |
19354       |       -2828.87   |       -2844.28   |        15.4135   |   53:54:44   |   04:05:01   |
19355       |       -2828.87   |       -2844.28   |        15.4135   |   53:56:22   |   04:04:57   |
19356       |       -2828.44   |       -2843.76   |         15.327   |   53:58:03   |   04:04:54   |
19357       |       -2828.83   |       -2843.79   |        14.9602   |   53:59:27   |   04:04:50   |
19358       |       -2830.22   |       -2845.42   |        15.2021   |   54:01:05   |   04:04:46   |
19359       |       -2828.58   |       -2844.08   |        15.5018   |   54:02:34   |   04:04:42   |


Iter        |      Posterior   |     Likelihood   |          Prior   |    elapsed   |        ETA   |
----------------------------------------------------------------------------------------------------
19360       |       -2829.72   |       -2843.71   |        13.9896   |   54:03:59   |   04:04:38   |
19361       |       -2827.56   |       -2842.11   |        14.5497   |   54:10:43   |   04:04:57   |
19362       |       -2826.41   |       -2840.82   |         14.414   |   54:12:12   |   04:04:53   |
19363       |       -2827.79   |       -2841.57   |        13.7818   |   54:13:54   |   04:04:50   |
19364       |       -2831.24   |        -2845.8   |        14.5574   |   54:15:34   |   04:04:47   |
19365       |       -2829.83   |        -2846.7   |        16.8699   |   54:17:12   |   04:04:43   |
19366       |       -2828.06   |       -2843.02   |        14.9597   |   54:18:44   |   04:04:39   |
19367       |        -2829.5   |       -2843.47   |        13.9663   |   54:20:24   |   04:04:36   |
19368       |       -2832.85   |       -2847.85   |        14.9975   |   54:22:01   |   04:04:33   |
19369       |       -2827.86   |       -2839.82   |        11.9608   |   54:23:31   |   04:04:28   |
19370       |       -2829.65   |       -2840.25   |        10.5995   |   54:25:11   |   04:04:25   |
19371       |       -2829.31   |       -2837.76   |        8.45062   |   54:31:59   |   04:04:45   |
19372       |       -2828.33   |       -2839.32   |        10.9954   |   54:33:43   |   04:04:42   |
19373       |       -2826.71   |       -2838.31   |        11.5978   |   54:35:21   |   04:04:38   |
19374       |       -2827.18   |       -2839.45   |        12.2711   |   54:37:04   |   04:04:35   |
19375       |       -2826.34   |       -2837.01   |         10.666   |   54:38:40   |   04:04:31   |
19376       |        -2827.2   |       -2837.86   |         10.658   |   54:40:21   |   04:04:28   |
19377       |       -2827.57   |       -2839.66   |        12.0976   |   54:42:02   |   04:04:24   |
19378       |       -2828.44   |       -2839.87   |        11.4281   |   54:43:39   |   04:04:21   |
19379       |       -2826.68   |       -2840.11   |        13.4257   |   54:45:17   |   04:04:17   |


Iter        |      Posterior   |     Likelihood   |          Prior   |    elapsed   |        ETA   |
----------------------------------------------------------------------------------------------------
19380       |       -2828.69   |       -2843.83   |        15.1469   |   54:46:48   |   04:04:13   |
19381       |       -2829.35   |       -2844.48   |        15.1308   |   54:53:19   |   04:04:31   |
19382       |       -2825.05   |       -2840.83   |        15.7821   |   54:54:43   |   04:04:26   |
19383       |       -2823.93   |       -2841.85   |          17.92   |   54:56:15   |   04:04:22   |
19384       |       -2823.46   |       -2841.01   |        17.5509   |   54:57:46   |   04:04:18   |
19385       |       -2823.82   |       -2841.69   |        17.8669   |   54:59:14   |   04:04:13   |
19386       |       -2823.32   |       -2841.55   |        18.2279   |   55:00:44   |   04:04:09   |
19387       |       -2822.27   |       -2838.22   |        15.9496   |   55:02:12   |   04:04:05   |
19388       |       -2822.37   |       -2839.13   |        16.7599   |   55:03:45   |   04:04:00   |
19389       |       -2826.96   |       -2843.49   |         16.522   |   55:05:11   |   04:03:56   |
19390       |       -2823.82   |       -2840.23   |        16.4097   |   55:06:39   |   04:03:51   |
19391       |       -2824.12   |       -2841.17   |        17.0538   |   55:12:59   |   04:04:08   |
19392       |       -2825.75   |       -2837.86   |        12.1053   |   55:14:40   |   04:04:05   |
19393       |       -2825.17   |        -2836.5   |        11.3283   |   55:16:24   |   04:04:01   |
19394       |       -2826.49   |       -2838.26   |        11.7729   |   55:18:14   |   04:03:58   |
19395       |       -2829.35   |       -2836.96   |        7.61005   |   55:20:06   |   04:03:56   |
19396       |       -2828.06   |       -2838.77   |         10.709   |   55:21:51   |   04:03:52   |
19397       |       -2828.69   |       -2842.09   |        13.3965   |   55:23:26   |   04:03:48   |
19398       |       -2830.27   |       -2842.23   |        11.9656   |   55:24:55   |   04:03:44   |
19399       |       -2830.82   |       -2845.45   |        14.6221   |   55:26:26   |   04:03:39   |


Iter        |      Posterior   |     Likelihood   |          Prior   |    elapsed   |        ETA   |
----------------------------------------------------------------------------------------------------
19400       |        -2826.7   |       -2842.89   |        16.1868   |   55:27:54   |   04:03:35   |
19401       |       -2826.17   |       -2838.49   |        12.3153   |   55:34:36   |   04:03:53   |
19402       |       -2823.16   |        -2838.3   |        15.1423   |   55:36:14   |   04:03:49   |
19403       |       -2823.02   |       -2836.97   |        13.9494   |   55:37:49   |   04:03:45   |
19404       |       -2824.67   |       -2839.81   |        15.1364   |   55:39:23   |   04:03:41   |
19405       |       -2829.27   |       -2844.94   |        15.6716   |   55:40:55   |   04:03:37   |
19406       |       -2825.55   |       -2839.91   |         14.358   |   55:42:26   |   04:03:32   |
19407       |       -2824.94   |       -2839.09   |        14.1568   |   55:44:09   |   04:03:29   |
19408       |       -2825.04   |       -2839.49   |        14.4528   |   55:45:55   |   04:03:25   |
19409       |       -2825.59   |       -2840.82   |        15.2275   |   55:47:30   |   04:03:21   |
19410       |       -2821.81   |       -2839.46   |        17.6537   |   55:48:56   |   04:03:16   |
19411       |       -2820.98   |       -2838.65   |        17.6694   |   55:55:42   |   04:03:34   |
19412       |        -2821.9   |       -2838.32   |        16.4157   |   55:57:14   |   04:03:30   |
19413       |       -2823.17   |       -2841.01   |        17.8411   |   55:58:46   |   04:03:26   |
19414       |       -2822.81   |       -2840.72   |        17.9111   |   56:00:28   |   04:03:22   |
19415       |       -2824.14   |       -2840.95   |        16.8152   |   56:02:05   |   04:03:18   |
19416       |       -2826.09   |       -2842.63   |        16.5425   |   56:03:45   |   04:03:14   |
19417       |       -2826.84   |       -2841.51   |        14.6668   |   56:05:16   |   04:03:09   |
19418       |       -2828.66   |       -2842.52   |        13.8585   |   56:06:49   |   04:03:05   |
19419       |       -2824.94   |       -2839.66   |        14.7246   |   56:08:31   |   04:03:01   |


Iter        |      Posterior   |     Likelihood   |          Prior   |    elapsed   |        ETA   |
----------------------------------------------------------------------------------------------------
19420       |       -2825.82   |       -2841.39   |        15.5705   |   56:10:05   |   04:02:57   |
19421       |       -2824.98   |       -2840.91   |        15.9339   |   56:16:46   |   04:03:14   |
19422       |       -2821.15   |       -2838.08   |        16.9312   |   56:18:18   |   04:03:10   |
19423       |        -2821.5   |       -2838.22   |        16.7186   |   56:19:56   |   04:03:06   |
19424       |       -2823.23   |       -2839.94   |        16.7108   |   56:21:18   |   04:03:00   |
19425       |       -2823.32   |        -2840.2   |        16.8843   |   56:22:57   |   04:02:56   |
19426       |       -2824.64   |       -2841.25   |        16.6109   |   56:24:23   |   04:02:51   |
19427       |       -2821.86   |       -2838.58   |        16.7215   |   56:25:47   |   04:02:46   |
19428       |       -2823.62   |       -2840.73   |        17.1141   |   56:27:15   |   04:02:41   |
19429       |       -2821.25   |       -2837.74   |        16.4976   |   56:28:44   |   04:02:36   |
19430       |       -2821.19   |       -2837.69   |        16.4976   |   56:30:25   |   04:02:32   |
19431       |       -2822.61   |       -2839.63   |        17.0188   |   56:37:09   |   04:02:50   |
19432       |        -2824.5   |       -2843.78   |        19.2838   |   56:38:36   |   04:02:45   |
19433       |       -2826.99   |       -2845.28   |        18.2976   |   56:40:01   |   04:02:40   |
19434       |       -2824.69   |       -2843.47   |        18.7865   |   56:41:34   |   04:02:35   |
19435       |       -2822.38   |       -2841.33   |        18.9494   |   56:43:00   |   04:02:30   |
19436       |       -2823.35   |       -2842.58   |        19.2268   |   56:44:28   |   04:02:25   |
19437       |       -2824.36   |        -2842.2   |        17.8402   |   56:46:00   |   04:02:20   |
19438       |       -2821.71   |       -2836.92   |        15.2117   |   56:47:25   |   04:02:15   |
19439       |       -2823.74   |       -2838.96   |        15.2212   |   56:48:58   |   04:02:10   |


Iter        |      Posterior   |     Likelihood   |          Prior   |    elapsed   |        ETA   |
----------------------------------------------------------------------------------------------------
19440       |       -2823.81   |       -2838.54   |        14.7262   |   56:50:20   |   04:02:05   |
19441       |       -2825.17   |       -2839.77   |        14.5921   |   56:57:00   |   04:02:22   |
19442       |       -2820.69   |       -2835.43   |        14.7372   |   56:58:19   |   04:02:16   |
19443       |       -2819.83   |       -2832.71   |        12.8873   |   56:59:48   |   04:02:11   |
19444       |       -2819.82   |       -2832.85   |         13.035   |   57:01:22   |   04:02:07   |
19445       |       -2819.07   |       -2833.89   |        14.8223   |   57:03:06   |   04:02:03   |
19446       |       -2818.99   |       -2833.81   |        14.8251   |   57:04:44   |   04:01:58   |
19447       |       -2818.44   |       -2833.57   |        15.1345   |   57:06:24   |   04:01:54   |
19448       |       -2819.47   |       -2834.81   |        15.3359   |   57:07:59   |   04:01:50   |
19449       |       -2819.64   |          -2836   |        16.3676   |   57:09:25   |   04:01:44   |
19450       |       -2820.41   |       -2836.34   |        15.9371   |   57:10:50   |   04:01:39   |
19451       |       -2819.38   |       -2835.85   |        16.4749   |   57:17:10   |   04:01:54   |
19452       |       -2820.66   |       -2839.07   |        18.4082   |   57:18:38   |   04:01:49   |
19453       |       -2821.07   |       -2840.44   |        19.3739   |   57:20:06   |   04:01:44   |
19454       |       -2819.85   |       -2838.48   |        18.6266   |   57:21:30   |   04:01:39   |
19455       |       -2819.91   |       -2839.24   |        19.3335   |   57:23:00   |   04:01:34   |
19456       |        -2818.3   |        -2835.7   |        17.4027   |   57:24:32   |   04:01:29   |
19457       |       -2817.83   |       -2836.57   |        18.7459   |   57:26:06   |   04:01:24   |
19458       |          -2818   |        -2833.4   |        15.3945   |   57:27:46   |   04:01:19   |
19459       |       -2819.29   |       -2834.36   |        15.0704   |   57:29:21   |   04:01:15   |


Iter        |      Posterior   |     Likelihood   |          Prior   |    elapsed   |        ETA   |
----------------------------------------------------------------------------------------------------
19460       |       -2821.77   |       -2836.61   |        14.8354   |   57:30:59   |   04:01:10   |
19461       |       -2818.62   |       -2836.17   |        17.5555   |   57:37:48   |   04:01:27   |
19462       |        -2818.3   |       -2836.89   |        18.5963   |   57:39:21   |   04:01:22   |
19463       |       -2819.86   |       -2838.72   |        18.8586   |   57:40:50   |   04:01:17   |
19464       |       -2819.29   |        -2838.1   |        18.8079   |   57:42:18   |   04:01:12   |
19465       |       -2820.89   |       -2839.45   |        18.5595   |   57:43:38   |   04:01:06   |
19466       |       -2820.05   |       -2837.25   |        17.1985   |   57:45:03   |   04:01:01   |
19467       |       -2820.54   |       -2838.55   |        18.0076   |   57:46:41   |   04:00:56   |
19468       |       -2821.74   |       -2839.63   |        17.8897   |   57:48:10   |   04:00:51   |
19469       |       -2820.88   |       -2839.15   |        18.2708   |   57:49:47   |   04:00:46   |
19470       |       -2821.54   |       -2840.07   |         18.538   |   57:51:13   |   04:00:41   |
19471       |       -2817.99   |       -2835.67   |        17.6772   |   57:57:51   |   04:00:57   |
19472       |       -2819.35   |        -2835.7   |        16.3487   |   57:59:23   |   04:00:52   |
19473       |       -2824.27   |       -2841.32   |        17.0488   |   58:01:02   |   04:00:47   |
19474       |       -2826.51   |       -2841.82   |        15.3022   |   58:02:37   |   04:00:42   |
19475       |       -2824.21   |       -2839.87   |         15.669   |   58:04:13   |   04:00:37   |
19476       |       -2825.04   |       -2842.48   |        17.4447   |   58:05:46   |   04:00:32   |
19477       |       -2823.68   |        -2841.4   |         17.719   |   58:07:21   |   04:00:27   |
19478       |       -2825.53   |       -2843.13   |        17.6003   |   58:08:53   |   04:00:22   |
19479       |       -2823.96   |       -2841.63   |        17.6656   |   58:10:21   |   04:00:17   |


Iter        |      Posterior   |     Likelihood   |          Prior   |    elapsed   |        ETA   |
----------------------------------------------------------------------------------------------------
19480       |       -2823.16   |       -2840.89   |        17.7271   |   58:11:54   |   04:00:12   |
19481       |       -2823.03   |       -2841.67   |        18.6386   |   58:22:11   |   04:00:43   |
19482       |       -2826.53   |       -2845.67   |         19.144   |   58:23:42   |   04:00:37   |
19483       |       -2823.65   |       -2843.19   |        19.5472   |   58:25:19   |   04:00:32   |
19484       |       -2824.49   |       -2841.74   |        17.2561   |   58:26:51   |   04:00:27   |
19485       |       -2826.77   |       -2843.76   |         16.982   |   58:28:33   |   04:00:23   |
19486       |       -2825.34   |       -2844.36   |        19.0128   |   58:30:18   |   04:00:18   |
19487       |        -2823.4   |       -2842.57   |        19.1671   |   58:31:58   |   04:00:14   |
19488       |       -2824.77   |        -2844.2   |        19.4309   |   58:33:39   |   04:00:09   |
19489       |       -2825.03   |       -2843.87   |        18.8362   |   58:35:00   |   04:00:03   |
19490       |       -2826.17   |       -2845.14   |        18.9779   |   58:36:22   |   03:59:57   |
19491       |        -2826.3   |        -2845.3   |        19.0068   |   58:42:54   |   04:00:12   |
19492       |        -2826.3   |        -2845.3   |        19.0068   |   58:44:28   |   04:00:07   |
19493       |        -2826.3   |        -2845.3   |        19.0068   |   58:46:09   |   04:00:02   |
19494       |       -2826.86   |        -2845.1   |        18.2414   |   58:47:37   |   03:59:57   |
19495       |       -2826.91   |       -2845.15   |        18.2388   |   58:49:10   |   03:59:51   |
19496       |       -2825.64   |       -2844.21   |        18.5733   |   58:50:44   |   03:59:46   |
19497       |       -2826.73   |       -2845.69   |        18.9545   |   58:52:11   |   03:59:40   |
19498       |       -2827.13   |       -2842.65   |        15.5183   |   58:53:41   |   03:59:35   |
19499       |       -2825.14   |       -2840.49   |        15.3538   |   58:55:00   |   03:59:29   |


Iter        |      Posterior   |     Likelihood   |          Prior   |    elapsed   |        ETA   |
----------------------------------------------------------------------------------------------------
19500       |       -2823.99   |       -2839.23   |        15.2339   |   58:56:26   |   03:59:23   |
19501       |       -2823.17   |       -2838.62   |        15.4495   |   59:02:50   |   03:59:37   |
19502       |       -2822.88   |       -2839.31   |        16.4351   |   59:04:19   |   03:59:32   |
19503       |       -2823.93   |       -2837.51   |        13.5856   |   59:05:47   |   03:59:26   |
19504       |        -2825.9   |       -2839.92   |        14.0178   |   59:07:21   |   03:59:21   |
19505       |       -2826.85   |       -2841.25   |        14.3943   |   59:08:51   |   03:59:15   |
19506       |       -2824.14   |       -2840.28   |        16.1404   |   59:10:23   |   03:59:10   |
19507       |       -2824.03   |       -2840.66   |        16.6266   |   59:11:54   |   03:59:04   |
19508       |       -2822.73   |       -2840.02   |        17.2961   |   59:13:21   |   03:58:58   |
19509       |       -2822.84   |       -2838.98   |        16.1487   |   59:14:52   |   03:58:53   |
19510       |       -2825.03   |       -2841.24   |        16.2131   |   59:16:28   |   03:58:47   |
19511       |       -2827.85   |       -2843.39   |        15.5444   |   59:23:13   |   03:59:03   |
19512       |       -2828.46   |       -2844.51   |        16.0477   |   59:24:53   |   03:58:58   |
19513       |       -2827.73   |       -2844.39   |        16.6603   |   59:26:28   |   03:58:53   |
19514       |       -2823.92   |       -2841.41   |        17.4912   |   59:27:59   |   03:58:47   |
19515       |       -2823.36   |       -2841.53   |        18.1714   |   59:29:29   |   03:58:41   |
19516       |       -2823.81   |       -2842.41   |         18.605   |   59:30:55   |   03:58:35   |
19517       |       -2822.68   |       -2842.03   |        19.3485   |   59:32:29   |   03:58:30   |
19518       |       -2822.97   |       -2842.23   |        19.2641   |   59:33:57   |   03:58:24   |
19519       |       -2824.19   |       -2843.06   |        18.8677   |   59:35:22   |   03:58:18   |


Iter        |      Posterior   |     Likelihood   |          Prior   |    elapsed   |        ETA   |
----------------------------------------------------------------------------------------------------
19520       |        -2823.1   |       -2842.74   |        19.6342   |   59:36:43   |   03:58:12   |
19521       |       -2825.18   |        -2841.8   |         16.615   |   59:43:06   |   03:58:25   |
19522       |       -2822.07   |       -2840.69   |        18.6178   |   59:44:38   |   03:58:20   |
19523       |       -2822.07   |       -2840.69   |        18.6178   |   59:46:18   |   03:58:15   |
19524       |       -2824.38   |       -2841.85   |        17.4777   |   59:47:44   |   03:58:09   |
19525       |        -2824.6   |       -2842.35   |        17.7525   |   59:49:17   |   03:58:03   |
19526       |       -2823.49   |          -2843   |        19.5094   |   59:50:45   |   03:57:57   |
19527       |       -2822.57   |       -2841.19   |        18.6191   |   59:52:11   |   03:57:51   |
19528       |       -2824.91   |       -2841.77   |        16.8612   |   59:53:48   |   03:57:46   |
19529       |       -2826.81   |       -2843.62   |        16.8165   |   59:55:22   |   03:57:40   |
19530       |       -2828.91   |       -2846.79   |        17.8808   |   59:56:57   |   03:57:35   |
19531       |       -2826.92   |       -2845.97   |        19.0527   |   60:03:29   |   03:57:49   |
19532       |       -2826.92   |       -2845.97   |        19.0527   |   60:05:04   |   03:57:43   |
19533       |       -2827.97   |       -2846.82   |        18.8534   |   60:06:45   |   03:57:38   |
19534       |       -2828.93   |       -2846.05   |        17.1154   |   60:08:23   |   03:57:33   |
19535       |       -2830.42   |       -2846.21   |        15.7964   |   60:10:03   |   03:57:28   |
19536       |       -2829.42   |       -2845.49   |        16.0657   |   60:11:44   |   03:57:22   |
19537       |       -2827.97   |       -2843.91   |        15.9339   |   60:13:21   |   03:57:17   |
19538       |       -2830.27   |       -2849.01   |        18.7421   |   60:15:03   |   03:57:12   |
19539       |       -2828.24   |       -2846.48   |        18.2333   |   60:16:45   |   03:57:07   |


Iter        |      Posterior   |     Likelihood   |          Prior   |    elapsed   |        ETA   |
----------------------------------------------------------------------------------------------------
19540       |       -2832.85   |        -2850.7   |        17.8488   |   60:18:26   |   03:57:01   |
19541       |       -2836.58   |       -2853.92   |        17.3405   |   60:25:13   |   03:57:16   |
19542       |       -2837.23   |       -2856.24   |        19.0124   |   60:26:47   |   03:57:10   |
19543       |       -2835.47   |        -2854.3   |        18.8296   |   60:28:23   |   03:57:05   |
19544       |       -2834.42   |       -2854.65   |        20.2322   |   60:29:49   |   03:56:59   |
19545       |       -2832.08   |       -2849.95   |         17.872   |   60:31:23   |   03:56:53   |
19546       |       -2829.87   |       -2845.51   |        15.6453   |   60:32:58   |   03:56:47   |
19547       |       -2832.38   |       -2848.99   |        16.6098   |   60:34:39   |   03:56:42   |
19548       |       -2829.83   |       -2846.06   |        16.2266   |   60:36:15   |   03:56:36   |
19549       |        -2832.2   |       -2847.38   |        15.1769   |   60:37:49   |   03:56:31   |
19550       |       -2829.12   |       -2844.38   |         15.255   |   60:39:25   |   03:56:25   |
19551       |       -2824.26   |        -2838.1   |        13.8439   |   60:46:22   |   03:56:40   |
19552       |       -2823.11   |       -2836.83   |        13.7214   |   60:47:57   |   03:56:34   |
19553       |       -2820.89   |       -2837.22   |        16.3329   |   60:49:31   |   03:56:28   |
19554       |       -2823.01   |          -2837   |        13.9876   |   60:51:01   |   03:56:22   |
19555       |       -2821.58   |       -2832.29   |        10.7134   |   60:52:32   |   03:56:16   |
19556       |       -2821.58   |       -2832.29   |        10.7134   |   60:54:23   |   03:56:12   |
19557       |       -2822.62   |       -2837.14   |        14.5207   |   60:56:02   |   03:56:06   |
19558       |       -2820.27   |       -2833.23   |        12.9597   |   60:57:46   |   03:56:01   |
19559       |       -2819.57   |       -2833.19   |        13.6137   |   60:59:22   |   03:55:55   |


Iter        |      Posterior   |     Likelihood   |          Prior   |    elapsed   |        ETA   |
----------------------------------------------------------------------------------------------------
19560       |       -2822.33   |       -2838.42   |        16.0861   |   61:01:02   |   03:55:50   |
19561       |       -2823.97   |       -2839.71   |        15.7406   |   61:07:27   |   03:56:02   |
19562       |        -2823.6   |       -2838.04   |        14.4349   |   61:08:59   |   03:55:56   |
19563       |       -2823.67   |       -2838.31   |        14.6383   |   61:10:29   |   03:55:50   |
19564       |       -2823.41   |       -2837.16   |        13.7419   |   61:12:00   |   03:55:44   |
19565       |        -2823.6   |       -2837.79   |        14.1933   |   61:13:32   |   03:55:38   |
19566       |       -2823.99   |       -2839.68   |        15.6977   |   61:15:08   |   03:55:32   |
19567       |       -2823.39   |       -2839.85   |        16.4593   |   61:16:36   |   03:55:26   |
19568       |       -2826.09   |       -2838.44   |        12.3472   |   61:18:06   |   03:55:19   |
19569       |       -2824.08   |       -2837.15   |        13.0748   |   61:19:52   |   03:55:14   |
19570       |       -2826.21   |       -2838.91   |         12.701   |   61:21:30   |   03:55:08   |
19571       |       -2826.48   |       -2839.93   |        13.4557   |   61:28:21   |   03:55:23   |
19572       |       -2824.68   |       -2842.29   |         17.615   |   61:29:53   |   03:55:17   |
19573       |        -2824.1   |       -2841.46   |        17.3554   |   61:31:29   |   03:55:11   |
19574       |        -2825.6   |       -2841.95   |        16.3509   |   61:32:59   |   03:55:04   |
19575       |        -2826.3   |       -2839.86   |        13.5612   |   61:34:30   |   03:54:58   |
19576       |        -2826.3   |       -2839.86   |        13.5612   |   61:36:18   |   03:54:53   |
19577       |       -2831.92   |        -2845.5   |        13.5769   |   61:38:00   |   03:54:47   |
19578       |       -2826.67   |       -2839.31   |        12.6422   |   61:39:40   |   03:54:42   |
19579       |       -2826.17   |       -2838.52   |        12.3554   |   61:41:25   |   03:54:36   |


Iter        |      Posterior   |     Likelihood   |          Prior   |    elapsed   |        ETA   |
----------------------------------------------------------------------------------------------------
19580       |       -2826.17   |       -2838.52   |        12.3554   |   61:43:15   |   03:54:31   |
19581       |       -2826.17   |       -2838.52   |        12.3554   |   61:50:15   |   03:54:46   |
19582       |       -2826.17   |       -2838.52   |        12.3554   |   61:51:52   |   03:54:40   |
19583       |       -2826.17   |       -2838.52   |        12.3554   |   61:53:31   |   03:54:34   |
19584       |       -2826.17   |       -2838.52   |        12.3554   |   61:55:13   |   03:54:28   |
19585       |       -2826.17   |       -2838.52   |        12.3554   |   61:56:57   |   03:54:23   |
19586       |       -2826.17   |       -2838.52   |        12.3554   |   61:58:47   |   03:54:17   |
19587       |       -2826.17   |       -2838.52   |        12.3554   |   62:00:35   |   03:54:12   |
19588       |       -2826.17   |       -2838.52   |        12.3554   |   62:02:14   |   03:54:06   |
19589       |       -2826.17   |       -2838.52   |        12.3554   |   62:04:00   |   03:54:01   |
19590       |       -2825.99   |       -2837.66   |        11.6723   |   62:05:43   |   03:53:55   |
19591       |       -2825.99   |       -2837.66   |        11.6723   |   62:12:40   |   03:54:09   |
19592       |       -2825.99   |       -2837.66   |        11.6723   |   62:14:28   |   03:54:04   |
19593       |       -2825.07   |       -2841.56   |         16.494   |   62:16:10   |   03:53:58   |
19594       |       -2826.25   |       -2842.99   |        16.7335   |   62:17:51   |   03:53:52   |
19595       |       -2826.02   |       -2841.76   |        15.7328   |   62:19:39   |   03:53:47   |
19596       |       -2826.03   |       -2840.64   |        14.6076   |   62:21:18   |   03:53:41   |
19597       |       -2825.46   |       -2840.36   |        14.9059   |   62:23:08   |   03:53:35   |
19598       |       -2827.93   |       -2842.42   |        14.4896   |   62:24:53   |   03:53:30   |
19599       |       -2825.76   |       -2840.85   |        15.0913   |   62:26:26   |   03:53:23   |


Iter        |      Posterior   |     Likelihood   |          Prior   |    elapsed   |        ETA   |
----------------------------------------------------------------------------------------------------
19600       |       -2822.52   |       -2837.49   |        14.9766   |   62:28:06   |   03:53:18   |
19601       |       -2821.28   |       -2836.14   |        14.8591   |   62:35:00   |   03:53:31   |
19602       |       -2824.76   |        -2835.7   |        10.9388   |   62:36:35   |   03:53:25   |
19603       |       -2823.59   |       -2834.89   |        11.3002   |   62:38:13   |   03:53:19   |
19604       |       -2822.67   |       -2835.47   |        12.8029   |   62:39:47   |   03:53:12   |
19605       |       -2824.18   |       -2837.38   |        13.2005   |   62:41:20   |   03:53:06   |
19606       |       -2823.76   |       -2836.76   |        12.9932   |   62:42:50   |   03:52:59   |
19607       |       -2826.92   |       -2839.46   |        12.5416   |   62:44:24   |   03:52:53   |
19608       |       -2826.97   |       -2839.04   |        12.0687   |   62:46:02   |   03:52:47   |
19609       |       -2824.55   |       -2838.47   |        13.9202   |   62:47:42   |   03:52:40   |
19610       |       -2824.25   |       -2836.23   |        11.9797   |   62:49:11   |   03:52:34   |
19611       |       -2824.38   |       -2837.82   |        13.4346   |   62:55:53   |   03:52:46   |
19612       |        -2824.4   |       -2838.38   |        13.9835   |   62:57:25   |   03:52:40   |
19613       |       -2822.67   |       -2836.35   |        13.6783   |   62:58:42   |   03:52:32   |
19614       |       -2824.42   |       -2837.99   |        13.5655   |   63:00:10   |   03:52:25   |
19615       |       -2824.74   |       -2837.87   |        13.1273   |   63:01:42   |   03:52:19   |
19616       |       -2821.07   |       -2834.31   |        13.2398   |   63:03:18   |   03:52:12   |
19617       |       -2823.57   |       -2835.85   |        12.2876   |   63:04:48   |   03:52:06   |
19618       |       -2820.95   |       -2834.07   |        13.1201   |   63:06:26   |   03:51:59   |
19619       |       -2821.71   |       -2835.07   |        13.3601   |   63:07:59   |   03:51:53   |


Iter        |      Posterior   |     Likelihood   |          Prior   |    elapsed   |        ETA   |
----------------------------------------------------------------------------------------------------
19620       |       -2821.45   |       -2833.81   |        12.3575   |   63:09:39   |   03:51:46   |
19621       |       -2822.84   |       -2834.98   |        12.1474   |   63:16:33   |   03:51:59   |
19622       |       -2821.62   |       -2834.74   |        13.1241   |   63:18:10   |   03:51:53   |
19623       |       -2822.81   |       -2837.81   |        14.9962   |   63:19:42   |   03:51:46   |
19624       |       -2823.84   |       -2837.93   |        14.0933   |   63:21:05   |   03:51:39   |
19625       |       -2825.28   |       -2838.71   |        13.4332   |   63:22:37   |   03:51:32   |
19626       |       -2824.05   |       -2838.89   |        14.8386   |   63:24:07   |   03:51:26   |
19627       |       -2824.01   |       -2839.48   |        15.4681   |   63:25:40   |   03:51:19   |
19628       |       -2822.31   |       -2838.25   |        15.9375   |   63:27:14   |   03:51:12   |
19629       |        -2823.4   |       -2838.57   |        15.1689   |   63:28:40   |   03:51:05   |
19630       |       -2822.59   |       -2836.15   |        13.5584   |   63:30:19   |   03:50:59   |
19631       |       -2821.62   |       -2836.33   |        14.7024   |   63:37:14   |   03:51:12   |
19632       |        -2822.3   |       -2835.83   |        13.5312   |   63:38:43   |   03:51:05   |
19633       |       -2821.49   |       -2835.55   |        14.0619   |   63:40:18   |   03:50:58   |
19634       |       -2826.53   |       -2839.41   |        12.8786   |   63:41:52   |   03:50:51   |
19635       |       -2826.23   |       -2840.22   |        13.9882   |   63:43:22   |   03:50:44   |
19636       |       -2825.52   |       -2839.75   |        14.2311   |   63:45:01   |   03:50:38   |
19637       |       -2825.69   |       -2841.12   |        15.4266   |   63:46:38   |   03:50:31   |
19638       |       -2825.84   |       -2842.11   |        16.2698   |   63:48:08   |   03:50:24   |
19639       |       -2828.61   |       -2845.05   |        16.4471   |   63:49:34   |   03:50:17   |


Iter        |      Posterior   |     Likelihood   |          Prior   |    elapsed   |        ETA   |
----------------------------------------------------------------------------------------------------
19640       |       -2830.14   |       -2845.17   |        15.0335   |   63:51:01   |   03:50:10   |
19641       |       -2828.91   |       -2844.02   |        15.1119   |   63:57:42   |   03:50:22   |
19642       |       -2829.04   |       -2845.05   |        16.0064   |   63:59:14   |   03:50:15   |
19643       |       -2830.18   |       -2842.19   |        12.0143   |   64:00:45   |   03:50:08   |
19644       |       -2827.53   |       -2842.12   |        14.5962   |   64:02:15   |   03:50:01   |
19645       |       -2826.25   |       -2841.42   |        15.1643   |   64:03:49   |   03:49:54   |
19646       |       -2826.25   |       -2841.42   |        15.1643   |   64:05:26   |   03:49:47   |
19647       |       -2826.87   |       -2843.44   |        16.5666   |   64:06:52   |   03:49:40   |
19648       |       -2825.63   |       -2841.38   |        15.7552   |   64:08:16   |   03:49:32   |
19649       |       -2826.94   |       -2840.22   |        13.2765   |   64:09:47   |   03:49:25   |
19650       |        -2827.9   |       -2842.31   |        14.4144   |   64:11:24   |   03:49:19   |
19651       |       -2828.61   |       -2843.19   |        14.5794   |   64:17:56   |   03:49:30   |
19652       |       -2828.61   |       -2843.19   |        14.5794   |   64:19:42   |   03:49:23   |
19653       |       -2828.61   |       -2843.19   |        14.5794   |   64:21:22   |   03:49:17   |
19654       |        -2829.1   |       -2843.61   |        14.5099   |   64:22:51   |   03:49:10   |
19655       |       -2833.54   |       -2846.36   |        12.8213   |   64:24:27   |   03:49:03   |
19656       |       -2834.56   |       -2847.38   |        12.8199   |   64:26:01   |   03:48:56   |
19657       |       -2832.27   |       -2846.84   |        14.5741   |   64:27:31   |   03:48:49   |
19658       |       -2830.95   |       -2846.41   |        15.4644   |   64:28:52   |   03:48:41   |
19659       |       -2831.12   |       -2846.42   |        15.2971   |   64:30:15   |   03:48:33   |


Iter        |      Posterior   |     Likelihood   |          Prior   |    elapsed   |        ETA   |
----------------------------------------------------------------------------------------------------
19660       |       -2829.43   |       -2844.08   |        14.6506   |   64:31:45   |   03:48:26   |
19661       |       -2827.22   |       -2844.66   |        17.4396   |   64:38:05   |   03:48:36   |
19662       |        -2826.4   |       -2844.32   |        17.9121   |   64:39:31   |   03:48:29   |
19663       |       -2827.28   |        -2845.1   |        17.8274   |   64:40:59   |   03:48:21   |
19664       |       -2828.64   |       -2846.73   |        18.0858   |   64:42:22   |   03:48:14   |
19665       |       -2829.44   |       -2847.68   |        18.2384   |   64:43:48   |   03:48:06   |
19666       |       -2827.63   |       -2844.13   |         16.496   |   64:45:11   |   03:47:58   |
19667       |       -2827.26   |       -2845.02   |        17.7654   |   64:46:33   |   03:47:51   |
19668       |       -2826.66   |       -2844.57   |        17.9104   |   64:47:58   |   03:47:43   |
19669       |       -2829.63   |       -2846.31   |        16.6796   |   64:49:24   |   03:47:36   |
19670       |       -2829.44   |        -2844.7   |        15.2523   |   64:50:57   |   03:47:28   |
19671       |       -2827.88   |       -2840.82   |        12.9411   |   64:57:26   |   03:47:39   |
19672       |       -2826.29   |       -2839.78   |        13.4807   |   64:59:03   |   03:47:32   |
19673       |        -2828.6   |       -2842.05   |        13.4503   |   65:00:41   |   03:47:25   |
19674       |       -2830.13   |       -2844.16   |        14.0317   |   65:02:11   |   03:47:18   |
19675       |       -2827.75   |       -2841.97   |        14.2164   |   65:03:44   |   03:47:10   |
19676       |       -2829.56   |       -2843.24   |        13.6732   |   65:05:20   |   03:47:03   |
19677       |       -2827.25   |       -2841.78   |        14.5317   |   65:06:46   |   03:46:56   |
19678       |       -2828.21   |       -2842.74   |        14.5315   |   65:08:29   |   03:46:49   |
19679       |       -2827.72   |       -2843.84   |         16.116   |   65:09:52   |   03:46:41   |


Iter        |      Posterior   |     Likelihood   |          Prior   |    elapsed   |        ETA   |
----------------------------------------------------------------------------------------------------
19680       |       -2827.22   |       -2843.28   |        16.0557   |   65:11:12   |   03:46:33   |
19681       |       -2828.14   |       -2844.13   |        15.9837   |   65:17:51   |   03:46:44   |
19682       |       -2828.24   |       -2840.93   |        12.6919   |   65:19:26   |   03:46:37   |
19683       |       -2826.07   |       -2838.75   |        12.6808   |   65:20:57   |   03:46:29   |
19684       |       -2826.23   |       -2839.15   |        12.9175   |   65:22:30   |   03:46:22   |
19685       |       -2827.34   |       -2840.16   |        12.8206   |   65:24:06   |   03:46:15   |
19686       |       -2825.25   |       -2837.33   |        12.0811   |   65:25:39   |   03:46:08   |
19687       |       -2825.45   |       -2837.66   |        12.2106   |   65:27:21   |   03:46:01   |
19688       |       -2827.37   |       -2839.12   |        11.7536   |   65:28:57   |   03:45:54   |
19689       |       -2828.78   |       -2841.32   |        12.5475   |   65:30:35   |   03:45:47   |
19690       |       -2828.72   |       -2840.05   |        11.3314   |   65:32:14   |   03:45:40   |
19691       |       -2826.96   |       -2840.83   |         13.871   |   65:39:05   |   03:45:51   |
19692       |       -2826.86   |          -2840   |        13.1337   |   65:40:34   |   03:45:43   |
19693       |       -2825.62   |       -2840.07   |        14.4453   |   65:42:00   |   03:45:35   |
19694       |       -2823.41   |          -2838   |        14.5907   |   65:43:30   |   03:45:28   |
19695       |       -2829.56   |       -2842.18   |        12.6192   |   65:45:05   |   03:45:20   |
19696       |       -2829.56   |       -2842.18   |        12.6192   |   65:46:55   |   03:45:14   |
19697       |       -2829.56   |       -2842.18   |        12.6192   |   65:48:43   |   03:45:07   |
19698       |       -2828.36   |       -2841.72   |         13.357   |   65:50:25   |   03:45:00   |
19699       |        -2830.9   |       -2844.34   |        13.4367   |   65:51:59   |   03:44:53   |


Iter        |      Posterior   |     Likelihood   |          Prior   |    elapsed   |        ETA   |
----------------------------------------------------------------------------------------------------
19700       |       -2828.38   |       -2841.15   |        12.7769   |   65:53:33   |   03:44:46   |
19701       |        -2827.6   |        -2840.4   |        12.7984   |   66:00:28   |   03:44:57   |
19702       |       -2825.69   |       -2839.07   |        13.3805   |   66:01:57   |   03:44:49   |
19703       |       -2829.05   |       -2843.29   |        14.2435   |   66:03:20   |   03:44:41   |
19704       |       -2829.05   |       -2843.29   |        14.2435   |   66:05:00   |   03:44:34   |
19705       |       -2829.05   |       -2843.29   |        14.2435   |   66:06:35   |   03:44:26   |
19706       |       -2829.05   |       -2843.29   |        14.2435   |   66:08:09   |   03:44:19   |
19707       |       -2827.21   |       -2844.43   |        17.2184   |   66:09:44   |   03:44:12   |
19708       |       -2826.64   |       -2844.45   |         17.817   |   66:11:16   |   03:44:04   |
19709       |       -2827.18   |       -2846.65   |        19.4765   |   66:12:38   |   03:43:56   |
19710       |       -2826.58   |       -2843.15   |        16.5753   |   66:14:07   |   03:43:48   |
19711       |       -2825.86   |       -2842.38   |        16.5175   |   66:21:00   |   03:43:58   |
19712       |       -2825.57   |       -2844.03   |        18.4644   |   66:22:26   |   03:43:51   |
19713       |       -2826.06   |       -2844.27   |        18.2084   |   66:23:51   |   03:43:42   |
19714       |       -2825.27   |       -2843.32   |        18.0471   |   66:25:15   |   03:43:34   |
19715       |       -2824.52   |       -2842.21   |        17.6867   |   66:26:47   |   03:43:27   |
19716       |       -2823.99   |       -2841.99   |        18.0036   |   66:28:09   |   03:43:19   |
19717       |       -2823.76   |       -2841.53   |         17.769   |   66:29:31   |   03:43:10   |
19718       |       -2823.37   |       -2839.82   |        16.4572   |   66:30:55   |   03:43:02   |
19719       |       -2824.04   |       -2839.62   |        15.5757   |   66:32:27   |   03:42:54   |


Iter        |      Posterior   |     Likelihood   |          Prior   |    elapsed   |        ETA   |
----------------------------------------------------------------------------------------------------
19720       |       -2822.26   |       -2837.78   |        15.5205   |   66:34:05   |   03:42:47   |
19721       |       -2821.71   |       -2836.27   |        14.5604   |   66:40:45   |   03:42:57   |
19722       |       -2824.49   |       -2837.52   |        13.0356   |   66:42:14   |   03:42:49   |
19723       |       -2828.81   |       -2840.19   |        11.3846   |   66:43:47   |   03:42:41   |
19724       |       -2830.59   |       -2843.56   |        12.9779   |   66:45:21   |   03:42:33   |
19725       |       -2830.59   |       -2843.56   |        12.9779   |   66:47:07   |   03:42:26   |
19726       |       -2833.18   |       -2845.65   |        12.4619   |   66:48:45   |   03:42:19   |
19727       |       -2830.67   |       -2844.36   |        13.6918   |   66:50:25   |   03:42:12   |
19728       |       -2824.85   |       -2840.42   |        15.5759   |   66:52:02   |   03:42:04   |
19729       |       -2827.58   |       -2839.87   |        12.2946   |   66:53:36   |   03:41:56   |
19730       |       -2822.67   |       -2835.99   |         13.323   |   66:55:09   |   03:41:49   |
19731       |       -2822.11   |       -2834.17   |        12.0618   |   67:01:55   |   03:41:58   |
19732       |       -2823.04   |       -2836.02   |         12.981   |   67:03:21   |   03:41:50   |
19733       |       -2821.59   |       -2835.21   |        13.6263   |   67:04:58   |   03:41:43   |
19734       |        -2822.8   |       -2840.31   |        17.5087   |   67:06:19   |   03:41:34   |
19735       |       -2823.85   |       -2840.67   |        16.8261   |   67:07:47   |   03:41:26   |
19736       |       -2823.76   |       -2840.36   |        16.5976   |   67:09:16   |   03:41:18   |
19737       |       -2826.08   |       -2842.93   |        16.8509   |   67:10:36   |   03:41:09   |
19738       |       -2824.53   |       -2842.34   |        17.8146   |   67:11:59   |   03:41:01   |
19739       |       -2824.53   |       -2842.34   |        17.8146   |   67:13:33   |   03:40:53   |


Iter        |      Posterior   |     Likelihood   |          Prior   |    elapsed   |        ETA   |
----------------------------------------------------------------------------------------------------
19740       |       -2823.42   |       -2839.88   |        16.4591   |   67:14:59   |   03:40:45   |
19741       |       -2823.67   |       -2840.09   |        16.4174   |   67:21:27   |   03:40:53   |
19742       |       -2824.11   |       -2840.99   |        16.8717   |   67:22:55   |   03:40:45   |
19743       |       -2825.41   |       -2841.34   |        15.9228   |   67:24:25   |   03:40:37   |
19744       |       -2831.54   |       -2846.57   |        15.0324   |   67:25:49   |   03:40:29   |
19745       |       -2825.89   |       -2842.22   |        16.3243   |   67:27:14   |   03:40:20   |
19746       |       -2825.61   |       -2841.28   |        15.6666   |   67:28:39   |   03:40:12   |
19747       |       -2825.37   |       -2841.04   |        15.6693   |   67:30:19   |   03:40:05   |
19748       |       -2829.51   |       -2845.87   |        16.3594   |   67:31:51   |   03:39:57   |
19749       |       -2831.18   |       -2847.13   |        15.9514   |   67:33:19   |   03:39:48   |
19750       |       -2827.78   |       -2844.84   |        17.0688   |   67:34:51   |   03:39:40   |
19751       |       -2827.03   |       -2845.86   |        18.8351   |   67:41:34   |   03:39:49   |
19752       |       -2826.32   |       -2843.71   |        17.3894   |   67:43:03   |   03:39:41   |
19753       |       -2826.04   |       -2843.14   |        17.1038   |   67:44:25   |   03:39:32   |
19754       |       -2825.61   |       -2843.64   |        18.0265   |   67:45:54   |   03:39:24   |
19755       |       -2825.75   |       -2843.75   |        18.0025   |   67:47:27   |   03:39:16   |
19756       |       -2825.75   |       -2843.75   |        18.0025   |   67:48:59   |   03:39:08   |
19757       |       -2826.39   |        -2844.5   |        18.1132   |   67:50:26   |   03:39:00   |
19758       |       -2827.83   |       -2843.82   |        15.9932   |   67:51:51   |   03:38:51   |
19759       |        -2827.7   |       -2842.43   |        14.7267   |   67:53:26   |   03:38:43   |


Iter        |      Posterior   |     Likelihood   |          Prior   |    elapsed   |        ETA   |
----------------------------------------------------------------------------------------------------
19760       |       -2827.74   |          -2842   |        14.2605   |   67:55:12   |   03:38:36   |
19761       |       -2827.74   |          -2842   |        14.2605   |   68:02:13   |   03:38:46   |
19762       |       -2827.74   |          -2842   |        14.2605   |   68:03:59   |   03:38:38   |
19763       |       -2827.62   |       -2842.32   |        14.6909   |   68:05:34   |   03:38:30   |
19764       |       -2827.29   |       -2842.64   |         15.358   |   68:07:00   |   03:38:22   |
19765       |       -2826.03   |       -2841.95   |        15.9278   |   68:08:35   |   03:38:14   |
19766       |       -2826.87   |       -2842.14   |         15.276   |   68:10:09   |   03:38:06   |
19767       |       -2825.81   |       -2839.01   |        13.2003   |   68:11:44   |   03:37:58   |
19768       |        -2827.9   |       -2839.94   |        12.0404   |   68:13:20   |   03:37:50   |
19769       |       -2830.08   |       -2841.86   |        11.7814   |   68:14:55   |   03:37:42   |
19770       |       -2830.37   |       -2843.12   |        12.7487   |   68:16:33   |   03:37:34   |
19771       |       -2829.37   |       -2842.38   |        13.0039   |   68:23:24   |   03:37:42   |
19772       |       -2827.66   |       -2837.36   |         9.6952   |   68:25:03   |   03:37:35   |
19773       |       -2827.28   |       -2836.77   |        9.49234   |   68:26:45   |   03:37:27   |
19774       |       -2827.12   |       -2836.57   |        9.44432   |   68:28:29   |   03:37:19   |
19775       |       -2827.66   |       -2841.44   |        13.7817   |   68:30:15   |   03:37:12   |
19776       |       -2832.77   |       -2844.29   |        11.5223   |   68:31:53   |   03:37:04   |
19777       |       -2832.77   |       -2844.29   |        11.5223   |   68:33:48   |   03:36:57   |
19778       |       -2832.77   |       -2844.29   |        11.5223   |   68:35:38   |   03:36:49   |
19779       |       -2829.77   |       -2843.75   |        13.9754   |   68:37:26   |   03:36:42   |


Iter        |      Posterior   |     Likelihood   |          Prior   |    elapsed   |        ETA   |
----------------------------------------------------------------------------------------------------
19780       |       -2829.58   |       -2843.64   |        14.0614   |   68:39:11   |   03:36:34   |
19781       |       -2830.16   |       -2842.53   |        12.3764   |   68:46:05   |   03:36:43   |
19782       |       -2829.47   |       -2845.82   |         16.353   |   68:47:45   |   03:36:35   |
19783       |       -2828.22   |       -2847.73   |        19.5036   |   68:49:18   |   03:36:27   |
19784       |       -2829.36   |       -2847.83   |        18.4698   |   68:50:44   |   03:36:18   |
19785       |        -2826.7   |       -2846.68   |        19.9728   |   68:52:15   |   03:36:10   |
19786       |       -2827.75   |       -2847.28   |         19.532   |   68:53:44   |   03:36:01   |
19787       |        -2828.5   |       -2848.61   |         20.108   |   68:55:10   |   03:35:52   |
19788       |       -2830.89   |       -2851.03   |        20.1401   |   68:56:34   |   03:35:44   |
19789       |          -2832   |       -2852.27   |        20.2699   |   68:57:54   |   03:35:34   |
19790       |       -2830.06   |       -2850.39   |        20.3261   |   68:59:23   |   03:35:26   |
19791       |       -2827.71   |       -2845.95   |        18.2422   |   69:05:52   |   03:35:33   |
19792       |       -2829.18   |       -2847.67   |        18.4941   |   69:07:16   |   03:35:24   |
19793       |       -2828.44   |        -2846.8   |        18.3645   |   69:08:45   |   03:35:15   |
19794       |       -2828.44   |        -2846.8   |        18.3645   |   69:10:17   |   03:35:07   |
19795       |       -2831.18   |        -2849.3   |        18.1239   |   69:11:49   |   03:34:59   |
19796       |       -2827.61   |       -2846.76   |          19.15   |   69:13:16   |   03:34:50   |
19797       |       -2825.88   |       -2845.24   |        19.3562   |   69:14:41   |   03:34:41   |
19798       |       -2827.27   |       -2846.68   |        19.4111   |   69:16:03   |   03:34:32   |
19799       |       -2825.45   |       -2843.41   |        17.9664   |   69:17:21   |   03:34:23   |


Iter        |      Posterior   |     Likelihood   |          Prior   |    elapsed   |        ETA   |
----------------------------------------------------------------------------------------------------
19800       |       -2825.22   |        -2841.8   |        16.5789   |   69:18:39   |   03:34:14   |
19801       |       -2825.31   |        -2843.1   |        17.7889   |   69:25:01   |   03:34:20   |
19802       |       -2823.25   |       -2840.56   |        17.3122   |   69:26:29   |   03:34:11   |
19803       |       -2822.86   |       -2840.08   |        17.2262   |   69:27:47   |   03:34:02   |
19804       |       -2826.68   |        -2843.5   |        16.8141   |   69:29:09   |   03:33:53   |
19805       |       -2825.41   |        -2841.3   |        15.8876   |   69:30:33   |   03:33:44   |
19806       |       -2824.14   |       -2841.81   |        17.6691   |   69:32:05   |   03:33:35   |
19807       |       -2824.33   |       -2842.08   |        17.7458   |   69:33:33   |   03:33:27   |
19808       |       -2823.75   |       -2841.83   |        18.0783   |   69:35:00   |   03:33:18   |
19809       |       -2823.97   |       -2842.05   |        18.0753   |   69:36:33   |   03:33:09   |
19810       |       -2823.06   |       -2839.76   |        16.6979   |   69:38:07   |   03:33:01   |
19811       |       -2825.69   |       -2840.28   |        14.5876   |   69:44:53   |   03:33:08   |
19812       |       -2827.55   |       -2840.72   |        13.1628   |   69:46:33   |   03:33:00   |
19813       |       -2824.26   |       -2839.14   |        14.8757   |   69:48:13   |   03:32:52   |
19814       |       -2824.28   |       -2838.48   |         14.192   |   69:49:56   |   03:32:43   |
19815       |       -2825.07   |       -2839.14   |        14.0649   |   69:51:26   |   03:32:35   |
19816       |       -2823.15   |       -2838.37   |        15.2232   |   69:52:56   |   03:32:26   |
19817       |       -2823.15   |       -2838.37   |        15.2232   |   69:54:37   |   03:32:18   |
19818       |       -2824.74   |       -2840.49   |        15.7517   |   69:56:20   |   03:32:10   |
19819       |       -2824.05   |       -2838.24   |         14.186   |   69:57:49   |   03:32:01   |


Iter        |      Posterior   |     Likelihood   |          Prior   |    elapsed   |        ETA   |
----------------------------------------------------------------------------------------------------
19820       |       -2825.55   |       -2839.43   |        13.8801   |   69:59:24   |   03:31:52   |
19821       |        -2827.6   |       -2843.63   |        16.0301   |   70:06:01   |   03:31:59   |
19822       |       -2826.63   |       -2842.81   |         16.178   |   70:07:29   |   03:31:50   |
19823       |        -2827.9   |       -2844.02   |         16.119   |   70:08:58   |   03:31:41   |
19824       |       -2829.41   |       -2844.42   |        15.0081   |   70:10:28   |   03:31:32   |
19825       |       -2830.96   |       -2845.42   |        14.4637   |   70:11:57   |   03:31:23   |
19826       |       -2834.01   |       -2846.98   |        12.9771   |   70:13:36   |   03:31:15   |
19827       |       -2831.68   |       -2844.72   |         13.047   |   70:15:17   |   03:31:06   |
19828       |       -2831.68   |       -2844.72   |         13.047   |   70:17:01   |   03:30:58   |
19829       |       -2834.28   |       -2848.64   |        14.3581   |   70:18:36   |   03:30:50   |
19830       |       -2832.38   |       -2846.99   |        14.6113   |   70:20:07   |   03:30:41   |
19831       |       -2832.35   |       -2847.18   |        14.8297   |   70:26:59   |   03:30:48   |
19832       |       -2833.77   |       -2850.03   |        16.2685   |   70:28:34   |   03:30:39   |
19833       |       -2832.84   |       -2849.09   |        16.2498   |   70:30:04   |   03:30:30   |
19834       |       -2832.54   |       -2850.18   |        17.6406   |   70:31:31   |   03:30:21   |
19835       |        -2833.9   |       -2851.65   |        17.7475   |   70:32:53   |   03:30:12   |
19836       |       -2833.65   |       -2851.14   |        17.4986   |   70:34:10   |   03:30:02   |
19837       |       -2832.08   |       -2849.54   |        17.4643   |   70:35:36   |   03:29:53   |
19838       |       -2831.53   |       -2847.94   |        16.4113   |   70:37:12   |   03:29:44   |
19839       |       -2834.81   |       -2851.61   |        16.7997   |   70:38:34   |   03:29:35   |


Iter        |      Posterior   |     Likelihood   |          Prior   |    elapsed   |        ETA   |
----------------------------------------------------------------------------------------------------
19840       |       -2833.92   |       -2849.93   |        16.0046   |   70:40:05   |   03:29:26   |
19841       |       -2830.76   |       -2846.37   |          15.61   |   70:46:45   |   03:29:32   |
19842       |       -2831.57   |       -2847.07   |        15.4991   |   70:48:13   |   03:29:23   |
19843       |       -2830.44   |        -2845.9   |        15.4583   |   70:49:48   |   03:29:14   |
19844       |       -2833.73   |       -2846.24   |        12.5012   |   70:51:16   |   03:29:05   |
19845       |       -2830.83   |       -2844.54   |        13.7053   |   70:52:45   |   03:28:56   |
19846       |       -2831.49   |       -2845.32   |        13.8287   |   70:54:13   |   03:28:47   |
19847       |       -2829.05   |       -2842.23   |        13.1777   |   70:55:43   |   03:28:38   |
19848       |       -2832.13   |       -2848.89   |         16.755   |   70:57:04   |   03:28:28   |
19849       |       -2830.36   |       -2843.65   |        13.2898   |   70:58:27   |   03:28:19   |
19850       |       -2832.14   |       -2846.43   |        14.2917   |   70:59:55   |   03:28:10   |
19851       |       -2831.57   |       -2846.12   |        14.5449   |   71:06:21   |   03:28:15   |
19852       |       -2829.58   |       -2843.24   |        13.6644   |   71:07:47   |   03:28:06   |
19853       |       -2830.01   |       -2843.78   |        13.7702   |   71:09:21   |   03:27:57   |
19854       |       -2830.79   |       -2842.55   |        11.7596   |   71:10:46   |   03:27:47   |
19855       |       -2832.03   |       -2843.86   |         11.826   |   71:12:22   |   03:27:38   |
19856       |       -2833.34   |       -2845.44   |        12.1063   |   71:13:55   |   03:27:29   |
19857       |       -2832.11   |       -2844.27   |        12.1585   |   71:15:30   |   03:27:20   |
19858       |       -2833.11   |       -2840.29   |         7.1789   |   71:16:59   |   03:27:11   |
19859       |       -2833.15   |       -2843.51   |        10.3586   |   71:18:37   |   03:27:02   |


Iter        |      Posterior   |     Likelihood   |          Prior   |    elapsed   |        ETA   |
----------------------------------------------------------------------------------------------------
19860       |        -2830.9   |       -2841.88   |        10.9836   |   71:20:10   |   03:26:53   |
19861       |       -2830.43   |       -2841.48   |         11.054   |   71:26:51   |   03:26:59   |
19862       |       -2835.09   |       -2844.08   |        8.98727   |   71:28:24   |   03:26:50   |
19863       |       -2837.47   |       -2845.76   |        8.28398   |   71:30:05   |   03:26:41   |
19864       |       -2834.35   |       -2842.22   |         7.8752   |   71:31:46   |   03:26:33   |
19865       |        -2832.2   |       -2839.97   |        7.77093   |   71:33:32   |   03:26:24   |
19866       |       -2833.64   |       -2839.22   |        5.57313   |   71:35:21   |   03:26:16   |
19867       |       -2832.92   |       -2836.05   |        3.12231   |   71:37:02   |   03:26:07   |
19868       |       -2830.89   |       -2837.47   |        6.57492   |   71:38:46   |   03:25:58   |
19869       |       -2828.35   |       -2833.55   |        5.20941   |   71:40:27   |   03:25:50   |
19870       |       -2827.73   |        -2836.3   |        8.57424   |   71:42:14   |   03:25:41   |
19871       |       -2825.47   |       -2834.36   |        8.89121   |   71:49:06   |   03:25:47   |
19872       |       -2822.51   |       -2833.46   |        10.9507   |   71:50:43   |   03:25:38   |
19873       |       -2822.23   |       -2833.35   |        11.1259   |   71:52:27   |   03:25:29   |
19874       |       -2824.38   |       -2834.54   |        10.1587   |   71:54:06   |   03:25:21   |
19875       |       -2823.51   |       -2835.07   |         11.565   |   71:55:39   |   03:25:11   |
19876       |       -2824.78   |       -2835.38   |        10.6062   |   71:57:14   |   03:25:02   |
19877       |        -2824.8   |       -2832.44   |        7.64018   |   71:58:48   |   03:24:53   |
19878       |       -2826.18   |       -2830.67   |        4.49916   |   72:00:21   |   03:24:44   |
19879       |       -2826.33   |       -2830.94   |        4.60453   |   72:02:07   |   03:24:35   |


Iter        |      Posterior   |     Likelihood   |          Prior   |    elapsed   |        ETA   |
----------------------------------------------------------------------------------------------------
19880       |       -2826.32   |       -2830.42   |        4.10085   |   72:03:47   |   03:24:26   |
19881       |       -2825.61   |       -2832.98   |        7.37219   |   72:10:41   |   03:24:32   |
19882       |       -2828.64   |       -2835.42   |        6.78274   |   72:12:04   |   03:24:22   |
19883       |       -2827.34   |       -2833.43   |         6.0972   |   72:13:41   |   03:24:13   |
19884       |        -2826.4   |       -2832.24   |        5.84119   |   72:15:13   |   03:24:04   |
19885       |       -2827.25   |       -2833.26   |        6.01749   |   72:16:37   |   03:23:54   |
19886       |       -2825.93   |       -2832.09   |        6.15844   |   72:18:04   |   03:23:44   |
19887       |       -2821.94   |       -2832.07   |        10.1356   |   72:19:28   |   03:23:35   |
19888       |       -2822.09   |       -2832.42   |        10.3226   |   72:21:05   |   03:23:26   |
19889       |       -2821.83   |       -2831.42   |        9.58284   |   72:22:30   |   03:23:16   |
19890       |       -2821.42   |       -2830.53   |        9.11448   |   72:24:03   |   03:23:06   |
19891       |       -2822.38   |       -2830.52   |        8.14715   |   72:30:37   |   03:23:11   |
19892       |       -2824.91   |       -2831.11   |        6.20143   |   72:32:09   |   03:23:02   |
19893       |        -2827.1   |       -2830.67   |        3.57193   |   72:33:48   |   03:22:53   |
19894       |       -2826.95   |       -2831.38   |        4.42289   |   72:35:25   |   03:22:43   |
19895       |       -2828.08   |       -2834.88   |        6.80183   |   72:37:04   |   03:22:34   |
19896       |       -2825.12   |       -2833.21   |         8.0896   |   72:38:40   |   03:22:25   |
19897       |       -2825.88   |       -2833.96   |        8.08491   |   72:40:21   |   03:22:16   |
19898       |       -2824.11   |       -2832.96   |        8.85361   |   72:41:51   |   03:22:06   |
19899       |       -2825.05   |       -2833.89   |        8.83165   |   72:43:18   |   03:21:56   |


Iter        |      Posterior   |     Likelihood   |          Prior   |    elapsed   |        ETA   |
----------------------------------------------------------------------------------------------------
19900       |       -2824.77   |       -2834.34   |        9.57614   |   72:44:49   |   03:21:47   |
19901       |       -2824.03   |       -2836.03   |         12.008   |   72:51:25   |   03:21:51   |
19902       |       -2824.03   |       -2836.03   |         12.008   |   72:52:59   |   03:21:42   |
19903       |       -2824.82   |       -2836.87   |        12.0534   |   72:54:19   |   03:21:32   |
19904       |       -2824.97   |        -2837.6   |        12.6302   |   72:55:40   |   03:21:22   |
19905       |       -2824.57   |       -2834.36   |        9.79054   |   72:57:08   |   03:21:12   |
19906       |        -2825.9   |       -2837.46   |        11.5658   |   72:58:27   |   03:21:02   |
19907       |          -2825   |       -2836.48   |        11.4824   |   72:59:48   |   03:20:52   |
19908       |       -2826.75   |       -2841.11   |        14.3614   |   73:01:15   |   03:20:42   |
19909       |       -2826.34   |       -2842.75   |        16.4077   |   73:02:37   |   03:20:32   |
19910       |       -2826.66   |       -2843.38   |        16.7194   |   73:04:04   |   03:20:22   |
19911       |       -2826.04   |       -2842.12   |        16.0807   |   73:10:24   |   03:20:26   |
19912       |       -2824.82   |       -2841.05   |        16.2341   |   73:11:50   |   03:20:16   |
19913       |       -2826.82   |       -2842.17   |        15.3571   |   73:13:09   |   03:20:05   |
19914       |        -2824.3   |       -2838.27   |        13.9656   |   73:14:26   |   03:19:55   |
19915       |        -2824.4   |       -2838.38   |        13.9757   |   73:15:56   |   03:19:45   |
19916       |       -2824.41   |        -2836.4   |        11.9929   |   73:17:32   |   03:19:36   |
19917       |       -2824.32   |        -2837.7   |        13.3815   |   73:19:02   |   03:19:26   |
19918       |       -2824.37   |        -2836.8   |        12.4265   |   73:20:30   |   03:19:16   |
19919       |       -2826.03   |       -2838.16   |        12.1333   |   73:22:01   |   03:19:07   |


Iter        |      Posterior   |     Likelihood   |          Prior   |    elapsed   |        ETA   |
----------------------------------------------------------------------------------------------------
19920       |       -2824.14   |       -2835.82   |        11.6796   |   73:23:42   |   03:18:57   |
19921       |       -2825.71   |       -2838.32   |        12.6099   |   73:30:27   |   03:19:02   |
19922       |       -2824.89   |       -2836.48   |        11.5927   |   73:32:02   |   03:18:52   |
19923       |       -2824.76   |       -2836.13   |        11.3773   |   73:33:37   |   03:18:42   |
19924       |       -2825.16   |       -2835.77   |        10.6108   |   73:35:18   |   03:18:33   |
19925       |       -2826.42   |       -2836.94   |        10.5214   |   73:36:49   |   03:18:23   |
19926       |       -2822.44   |       -2834.22   |        11.7835   |   73:38:26   |   03:18:14   |
19927       |       -2821.92   |       -2835.39   |        13.4771   |   73:39:59   |   03:18:04   |
19928       |       -2821.38   |       -2835.27   |        13.8839   |   73:41:25   |   03:17:54   |
19929       |       -2822.69   |       -2837.22   |        14.5296   |   73:42:43   |   03:17:44   |
19930       |       -2821.33   |       -2835.55   |        14.2277   |   73:44:06   |   03:17:33   |
19931       |       -2820.83   |       -2835.09   |        14.2591   |   73:50:42   |   03:17:37   |
19932       |       -2820.96   |       -2834.57   |        13.6152   |   73:52:16   |   03:17:27   |
19933       |       -2821.06   |       -2834.77   |        13.7139   |   73:53:51   |   03:17:18   |
19934       |       -2820.97   |       -2832.72   |        11.7509   |   73:55:28   |   03:17:08   |
19935       |        -2821.2   |       -2833.38   |        12.1782   |   73:57:01   |   03:16:58   |
19936       |       -2820.85   |       -2833.71   |        12.8591   |   73:58:20   |   03:16:48   |
19937       |       -2823.28   |        -2835.8   |         12.517   |   73:59:45   |   03:16:38   |
19938       |       -2822.24   |       -2835.97   |        13.7327   |   74:01:15   |   03:16:28   |
19939       |       -2823.69   |       -2837.07   |        13.3833   |   74:02:32   |   03:16:17   |


Iter        |      Posterior   |     Likelihood   |          Prior   |    elapsed   |        ETA   |
----------------------------------------------------------------------------------------------------
19940       |       -2824.08   |       -2838.25   |        14.1684   |   74:03:59   |   03:16:07   |
19941       |       -2822.58   |        -2837.8   |        15.2258   |   74:10:34   |   03:16:10   |
19942       |       -2823.11   |       -2837.68   |        14.5735   |   74:11:56   |   03:16:00   |
19943       |       -2823.37   |       -2838.13   |        14.7613   |   74:13:15   |   03:15:49   |
19944       |       -2824.09   |       -2838.62   |        14.5347   |   74:14:43   |   03:15:39   |
19945       |       -2824.07   |       -2838.19   |        14.1129   |   74:16:07   |   03:15:29   |
19946       |       -2826.36   |       -2842.57   |        16.2129   |   74:17:35   |   03:15:19   |
19947       |       -2826.36   |       -2842.57   |        16.2129   |   74:19:12   |   03:15:09   |
19948       |       -2826.36   |       -2842.57   |        16.2129   |   74:20:47   |   03:14:59   |
19949       |       -2826.36   |       -2842.57   |        16.2129   |   74:22:23   |   03:14:50   |
19950       |       -2827.25   |       -2843.55   |        16.3019   |   74:23:53   |   03:14:39   |
19951       |       -2827.73   |       -2844.15   |        16.4165   |   74:30:09   |   03:14:42   |
19952       |       -2823.41   |       -2840.06   |        16.6528   |   74:31:32   |   03:14:31   |
19953       |       -2822.76   |       -2838.65   |        15.8914   |   74:33:03   |   03:14:21   |
19954       |       -2824.68   |       -2840.43   |        15.7517   |   74:34:29   |   03:14:11   |
19955       |       -2824.68   |       -2840.43   |        15.7517   |   74:36:01   |   03:14:01   |
19956       |       -2824.68   |       -2840.43   |        15.7517   |   74:37:36   |   03:13:51   |
19957       |       -2824.68   |       -2840.43   |        15.7517   |   74:39:15   |   03:13:41   |
19958       |       -2826.73   |       -2843.54   |        16.8074   |   74:40:43   |   03:13:31   |
19959       |       -2824.23   |       -2838.26   |          14.03   |   74:41:58   |   03:13:20   |


Iter        |      Posterior   |     Likelihood   |          Prior   |    elapsed   |        ETA   |
----------------------------------------------------------------------------------------------------
19960       |       -2824.32   |       -2839.19   |         14.872   |   74:43:19   |   03:13:10   |
19961       |       -2822.77   |       -2836.31   |        13.5393   |   74:49:48   |   03:13:12   |
19962       |       -2822.97   |       -2836.95   |        13.9812   |   74:51:15   |   03:13:02   |
19963       |       -2824.73   |        -2838.8   |        14.0688   |   74:52:45   |   03:12:52   |
19964       |        -2824.1   |       -2837.59   |        13.4866   |   74:54:09   |   03:12:41   |
19965       |        -2824.1   |       -2837.59   |        13.4866   |   74:55:50   |   03:12:32   |
19966       |       -2821.96   |       -2835.61   |        13.6432   |   74:57:18   |   03:12:21   |
19967       |       -2822.95   |       -2838.09   |        15.1388   |   74:58:49   |   03:12:11   |
19968       |       -2823.72   |       -2838.24   |        14.5172   |   75:00:23   |   03:12:01   |
19969       |       -2823.32   |       -2835.61   |        12.2939   |   75:01:56   |   03:11:51   |
19970       |       -2822.66   |       -2836.47   |        13.8126   |   75:03:17   |   03:11:40   |
19971       |       -2822.99   |       -2835.56   |        12.5692   |   75:09:57   |   03:11:43   |
19972       |       -2822.08   |       -2834.27   |        12.1871   |   75:11:31   |   03:11:33   |
19973       |       -2822.56   |       -2836.18   |        13.6165   |   75:12:58   |   03:11:22   |
19974       |       -2824.44   |       -2837.16   |        12.7166   |   75:14:17   |   03:11:12   |
19975       |       -2823.54   |       -2837.85   |        14.3106   |   75:15:33   |   03:11:01   |
19976       |       -2826.75   |       -2841.82   |        15.0734   |   75:16:58   |   03:10:50   |
19977       |       -2826.17   |       -2842.17   |        15.9951   |   75:18:29   |   03:10:40   |
19978       |       -2826.32   |        -2841.1   |        14.7827   |   75:20:01   |   03:10:30   |
19979       |       -2828.15   |       -2842.27   |        14.1277   |   75:21:30   |   03:10:19   |


Iter        |      Posterior   |     Likelihood   |          Prior   |    elapsed   |        ETA   |
----------------------------------------------------------------------------------------------------
19980       |       -2828.73   |       -2842.91   |        14.1833   |   75:23:14   |   03:10:09   |
19981       |        -2827.8   |       -2843.11   |        15.3108   |   75:30:06   |   03:10:13   |
19982       |       -2826.66   |       -2841.33   |        14.6698   |   75:31:48   |   03:10:03   |
19983       |       -2827.17   |       -2840.11   |        12.9395   |   75:33:29   |   03:09:53   |
19984       |       -2826.04   |        -2840.4   |        14.3611   |   75:35:06   |   03:09:43   |
19985       |       -2827.46   |       -2841.54   |        14.0862   |   75:36:44   |   03:09:33   |
19986       |       -2828.31   |       -2844.15   |        15.8345   |   75:38:13   |   03:09:22   |
19987       |       -2825.94   |       -2843.07   |        17.1236   |   75:39:48   |   03:09:12   |
19988       |       -2825.84   |       -2842.56   |        16.7202   |   75:41:22   |   03:09:02   |
19989       |        -2828.9   |        -2845.3   |        16.3994   |   75:43:00   |   03:08:51   |
19990       |       -2832.24   |       -2847.46   |        15.2197   |   75:44:40   |   03:08:41   |
19991       |        -2831.2   |       -2845.53   |         14.323   |   75:51:16   |   03:08:44   |
19992       |       -2828.09   |       -2845.25   |        17.1541   |   75:52:48   |   03:08:33   |
19993       |       -2830.18   |       -2849.97   |        19.7911   |   75:54:17   |   03:08:23   |
19994       |       -2827.78   |       -2846.91   |        19.1317   |   75:55:43   |   03:08:12   |
19995       |       -2829.03   |       -2848.33   |        19.2963   |   75:57:01   |   03:08:01   |
19996       |       -2830.29   |       -2849.35   |        19.0626   |   75:58:18   |   03:07:50   |
19997       |       -2831.42   |       -2851.47   |        20.0475   |   75:59:45   |   03:07:39   |
19998       |       -2829.73   |       -2849.43   |        19.7006   |   76:01:11   |   03:07:29   |
19999       |       -2827.79   |       -2845.51   |         17.714   |   76:02:35   |   03:07:18   |


Iter        |      Posterior   |     Likelihood   |          Prior   |    elapsed   |        ETA   |
----------------------------------------------------------------------------------------------------
20000       |       -2827.84   |       -2844.72   |        16.8865   |   76:04:04   |   03:07:07   |
20001       |       -2826.46   |       -2841.55   |        15.0865   |   76:15:47   |   03:07:22   |
20002       |       -2825.89   |       -2840.27   |        14.3797   |   76:17:25   |   03:07:11   |
20003       |       -2825.09   |       -2840.72   |        15.6336   |   76:18:50   |   03:07:01   |
20004       |       -2826.18   |       -2843.55   |        17.3701   |   76:20:19   |   03:06:50   |
20005       |       -2824.49   |       -2841.98   |        17.4937   |   76:21:47   |   03:06:39   |
20006       |       -2826.37   |       -2840.82   |         14.453   |   76:23:11   |   03:06:28   |
20007       |       -2824.13   |       -2837.53   |         13.402   |   76:24:34   |   03:06:17   |
20008       |       -2824.21   |       -2838.64   |        14.4379   |   76:26:04   |   03:06:07   |
20009       |       -2824.77   |       -2835.54   |        10.7729   |   76:27:36   |   03:05:56   |
20010       |       -2825.78   |       -2839.62   |        13.8373   |   76:29:16   |   03:05:46   |
20011       |       -2825.32   |       -2839.39   |        14.0742   |   76:36:04   |   03:05:48   |
20012       |       -2822.25   |       -2836.99   |        14.7451   |   76:37:32   |   03:05:37   |
20013       |       -2823.76   |       -2837.64   |          13.88   |   76:39:09   |   03:05:27   |
20014       |       -2827.46   |       -2839.28   |        11.8238   |   76:40:36   |   03:05:16   |
20015       |          -2829   |       -2842.39   |        13.3901   |   76:42:16   |   03:05:06   |
20016       |       -2826.96   |       -2842.22   |         15.265   |   76:43:56   |   03:04:55   |
20017       |       -2827.19   |        -2842.5   |        15.3128   |   76:45:40   |   03:04:45   |
20018       |       -2831.29   |       -2842.98   |        11.6918   |   76:47:21   |   03:04:35   |
20019       |       -2826.97   |       -2843.38   |        16.4047   |   76:48:59   |   03:04:24   |


Iter        |      Posterior   |     Likelihood   |          Prior   |    elapsed   |        ETA   |
----------------------------------------------------------------------------------------------------
20020       |       -2827.41   |       -2842.72   |        15.3039   |   76:50:41   |   03:04:14   |
20021       |        -2827.6   |       -2841.56   |        13.9641   |   76:57:21   |   03:04:16   |
20022       |       -2831.84   |       -2846.08   |        14.2367   |   76:58:56   |   03:04:05   |
20023       |        -2827.3   |        -2841.6   |        14.3053   |   77:00:34   |   03:03:55   |
20024       |       -2828.16   |       -2841.86   |        13.7083   |   77:02:13   |   03:03:44   |
20025       |       -2826.53   |       -2842.34   |        15.8057   |   77:03:52   |   03:03:34   |
20026       |       -2828.87   |       -2842.26   |        13.3831   |   77:05:26   |   03:03:23   |
20027       |          -2827   |       -2840.94   |        13.9364   |   77:07:03   |   03:03:12   |
20028       |       -2828.81   |       -2841.38   |        12.5692   |   77:08:33   |   03:03:02   |
20029       |       -2829.38   |       -2843.06   |        13.6822   |   77:10:05   |   03:02:51   |
20030       |       -2825.65   |       -2838.06   |        12.4086   |   77:11:40   |   03:02:40   |
20031       |       -2825.66   |       -2840.47   |        14.8149   |   77:18:25   |   03:02:42   |
20032       |       -2823.86   |       -2841.31   |        17.4546   |   77:19:57   |   03:02:31   |
20033       |       -2824.63   |       -2842.85   |        18.2289   |   77:21:20   |   03:02:20   |
20034       |       -2824.56   |       -2842.92   |        18.3607   |   77:22:54   |   03:02:09   |
20035       |       -2824.87   |       -2842.73   |        17.8591   |   77:24:21   |   03:01:58   |
20036       |       -2824.31   |       -2841.01   |        16.7043   |   77:25:58   |   03:01:47   |
20037       |        -2825.5   |       -2841.61   |        16.1107   |   77:27:23   |   03:01:36   |
20038       |       -2824.35   |       -2840.48   |        16.1269   |   77:28:53   |   03:01:25   |
20039       |       -2827.25   |       -2843.33   |        16.0821   |   77:30:27   |   03:01:14   |


Iter        |      Posterior   |     Likelihood   |          Prior   |    elapsed   |        ETA   |
----------------------------------------------------------------------------------------------------
20040       |       -2827.86   |       -2844.91   |        17.0526   |   77:32:05   |   03:01:04   |
20041       |       -2826.22   |        -2843.6   |        17.3812   |   77:38:40   |   03:01:05   |
20042       |       -2831.64   |       -2846.22   |        14.5763   |   77:40:15   |   03:00:54   |
20043       |       -2831.98   |       -2847.05   |         15.067   |   77:41:50   |   03:00:43   |
20044       |       -2831.98   |       -2847.05   |         15.067   |   77:43:33   |   03:00:32   |
20045       |       -2831.98   |       -2847.05   |         15.067   |   77:45:16   |   03:00:22   |
20046       |       -2831.98   |       -2847.05   |         15.067   |   77:46:58   |   03:00:11   |
20047       |       -2830.54   |       -2847.82   |        17.2758   |   77:48:42   |   03:00:01   |
20048       |       -2831.44   |       -2848.19   |        16.7549   |   77:50:18   |   02:59:50   |
20049       |       -2831.44   |       -2848.19   |        16.7549   |   77:51:53   |   02:59:39   |
20050       |       -2832.96   |        -2850.2   |        17.2468   |   77:53:22   |   02:59:28   |
20051       |       -2832.28   |       -2850.83   |        18.5524   |   77:59:45   |   02:59:28   |
20052       |       -2827.86   |       -2847.89   |        20.0309   |   78:01:04   |   02:59:17   |
20053       |       -2827.13   |       -2847.04   |        19.9068   |   78:02:33   |   02:59:06   |
20054       |       -2827.17   |       -2845.83   |        18.6522   |   78:03:55   |   02:58:54   |
20055       |       -2829.82   |       -2846.87   |        17.0531   |   78:05:24   |   02:58:43   |
20056       |       -2829.69   |       -2846.01   |        16.3202   |   78:06:50   |   02:58:32   |
20057       |       -2830.58   |       -2847.07   |        16.4893   |   78:08:19   |   02:58:21   |
20058       |       -2829.45   |       -2845.32   |        15.8733   |   78:09:38   |   02:58:09   |
20059       |        -2830.2   |       -2846.61   |        16.4126   |   78:11:16   |   02:57:58   |


Iter        |      Posterior   |     Likelihood   |          Prior   |    elapsed   |        ETA   |
----------------------------------------------------------------------------------------------------
20060       |       -2830.47   |        -2845.3   |        14.8285   |   78:12:51   |   02:57:47   |
20061       |       -2828.33   |       -2845.79   |        17.4663   |   78:19:29   |   02:57:48   |
20062       |       -2830.12   |       -2847.04   |        16.9246   |   78:20:59   |   02:57:36   |
20063       |       -2829.64   |       -2846.41   |        16.7746   |   78:22:28   |   02:57:25   |
20064       |       -2832.41   |        -2847.6   |        15.1944   |   78:23:50   |   02:57:14   |
20065       |       -2828.02   |       -2843.44   |        15.4162   |   78:25:11   |   02:57:02   |
20066       |       -2828.06   |       -2844.05   |        15.9972   |   78:26:44   |   02:56:51   |
20067       |       -2827.81   |        -2842.1   |        14.2922   |   78:28:21   |   02:56:40   |
20068       |       -2824.96   |       -2840.31   |        15.3506   |   78:29:51   |   02:56:29   |
20069       |       -2825.68   |       -2837.31   |        11.6375   |   78:31:24   |   02:56:18   |
20070       |        -2823.4   |       -2837.27   |        13.8734   |   78:32:54   |   02:56:07   |
20071       |       -2826.21   |       -2840.27   |        14.0605   |   78:39:25   |   02:56:07   |
20072       |       -2824.65   |       -2838.45   |        13.8024   |   78:40:41   |   02:55:55   |
20073       |       -2825.75   |       -2840.31   |        14.5517   |   78:41:57   |   02:55:43   |
20074       |       -2826.21   |        -2840.6   |        14.3875   |   78:43:17   |   02:55:31   |
20075       |       -2824.69   |       -2837.65   |        12.9606   |   78:44:34   |   02:55:19   |
20076       |       -2826.36   |       -2840.48   |        14.1172   |   78:46:02   |   02:55:08   |
20077       |       -2827.62   |       -2840.96   |        13.3426   |   78:47:27   |   02:54:57   |
20078       |       -2824.79   |       -2839.46   |        14.6658   |   78:48:46   |   02:54:45   |
20079       |       -2824.79   |       -2839.46   |        14.6658   |   78:50:14   |   02:54:33   |


Iter        |      Posterior   |     Likelihood   |          Prior   |    elapsed   |        ETA   |
----------------------------------------------------------------------------------------------------
20080       |       -2828.74   |       -2840.94   |        12.1993   |   78:51:37   |   02:54:22   |
20081       |       -2827.98   |       -2837.14   |        9.15851   |   78:58:19   |   02:54:22   |
20082       |       -2829.58   |       -2837.07   |        7.48625   |   78:59:57   |   02:54:11   |
20083       |       -2831.09   |       -2838.57   |        7.47872   |   79:01:26   |   02:53:59   |
20084       |        -2827.1   |       -2836.35   |         9.2542   |   79:03:06   |   02:53:48   |
20085       |       -2825.87   |       -2836.32   |         10.451   |   79:04:43   |   02:53:37   |
20086       |       -2827.09   |        -2841.2   |        14.1105   |   79:06:17   |   02:53:26   |
20087       |       -2827.94   |       -2842.12   |        14.1874   |   79:07:45   |   02:53:15   |
20088       |       -2828.07   |        -2844.6   |        16.5347   |   79:09:11   |   02:53:03   |
20089       |       -2827.63   |       -2844.18   |        16.5553   |   79:10:36   |   02:52:51   |
20090       |       -2828.24   |       -2843.61   |         15.371   |   79:12:04   |   02:52:40   |
20091       |       -2829.06   |          -2841   |        11.9433   |   79:18:31   |   02:52:39   |
20092       |       -2827.14   |       -2839.41   |        12.2732   |   79:20:03   |   02:52:28   |
20093       |       -2827.25   |       -2837.64   |        10.3868   |   79:21:38   |   02:52:17   |
20094       |       -2826.81   |       -2836.53   |        9.72199   |   79:23:19   |   02:52:05   |
20095       |       -2826.97   |       -2834.76   |        7.79021   |   79:25:04   |   02:51:55   |
20096       |       -2828.01   |       -2837.24   |        9.23716   |   79:26:41   |   02:51:43   |
20097       |       -2830.15   |       -2837.32   |        7.17015   |   79:28:13   |   02:51:32   |
20098       |          -2831   |       -2837.62   |        6.62295   |   79:30:01   |   02:51:21   |
20099       |       -2833.29   |       -2838.81   |        5.52166   |   79:31:44   |   02:51:10   |


Iter        |      Posterior   |     Likelihood   |          Prior   |    elapsed   |        ETA   |
----------------------------------------------------------------------------------------------------
20100       |       -2831.32   |       -2837.85   |        6.52435   |   79:33:30   |   02:50:59   |
20101       |       -2829.96   |       -2839.12   |        9.16473   |   79:40:18   |   02:50:59   |
20102       |       -2828.63   |       -2839.04   |         10.405   |   79:41:55   |   02:50:47   |
20103       |       -2828.24   |       -2837.41   |        9.16741   |   79:43:42   |   02:50:37   |
20104       |       -2827.93   |       -2838.14   |        10.2102   |   79:45:21   |   02:50:25   |
20105       |       -2827.54   |       -2837.82   |        10.2824   |   79:46:51   |   02:50:14   |
20106       |       -2829.14   |       -2837.97   |        8.82683   |   79:48:30   |   02:50:02   |
20107       |       -2828.75   |       -2837.09   |        8.34468   |   79:50:11   |   02:49:51   |
20108       |       -2831.27   |       -2840.77   |        9.49741   |   79:51:47   |   02:49:40   |
20109       |       -2830.31   |       -2840.32   |        10.0105   |   79:53:35   |   02:49:29   |
20110       |       -2830.78   |        -2841.4   |         10.622   |   79:55:19   |   02:49:18   |
20111       |       -2833.28   |       -2841.39   |        8.10441   |   80:02:20   |   02:49:18   |
20112       |       -2831.23   |        -2841.4   |        10.1689   |   80:04:04   |   02:49:07   |
20113       |        -2831.9   |       -2841.04   |        9.14126   |   80:05:44   |   02:48:55   |
20114       |       -2831.33   |       -2843.11   |        11.7824   |   80:07:21   |   02:48:44   |
20115       |       -2828.45   |       -2841.02   |        12.5677   |   80:08:58   |   02:48:32   |
20116       |       -2826.58   |       -2842.28   |        15.7069   |   80:10:37   |   02:48:21   |
20117       |       -2825.16   |       -2841.91   |        16.7557   |   80:12:06   |   02:48:09   |
20118       |       -2826.03   |       -2841.19   |         15.155   |   80:13:42   |   02:47:58   |
20119       |       -2826.03   |       -2841.19   |         15.155   |   80:15:30   |   02:47:47   |


Iter        |      Posterior   |     Likelihood   |          Prior   |    elapsed   |        ETA   |
----------------------------------------------------------------------------------------------------
20120       |       -2825.36   |       -2841.82   |        16.4595   |   80:17:04   |   02:47:35   |
20121       |       -2823.36   |       -2840.22   |        16.8597   |   80:23:33   |   02:47:34   |
20122       |       -2823.57   |        -2840.2   |        16.6271   |   80:25:10   |   02:47:22   |
20123       |       -2821.91   |       -2835.23   |        13.3208   |   80:26:47   |   02:47:11   |
20124       |       -2821.11   |        -2836.5   |         15.388   |   80:28:21   |   02:46:59   |
20125       |       -2821.48   |       -2837.09   |        15.6132   |   80:29:56   |   02:46:47   |
20126       |       -2821.57   |       -2837.12   |        15.5523   |   80:31:39   |   02:46:36   |
20127       |        -2824.4   |       -2840.05   |        15.6544   |   80:33:15   |   02:46:24   |
20128       |       -2822.35   |        -2837.1   |        14.7568   |   80:34:47   |   02:46:13   |
20129       |       -2820.65   |       -2836.48   |         15.831   |   80:36:13   |   02:46:01   |
20130       |       -2823.42   |       -2838.38   |        14.9626   |   80:37:41   |   02:45:49   |
20131       |       -2822.78   |       -2839.16   |        16.3735   |   80:44:23   |   02:45:48   |
20132       |       -2824.02   |       -2839.81   |        15.7918   |   80:45:42   |   02:45:35   |
20133       |       -2826.05   |       -2841.66   |        15.6082   |   80:47:05   |   02:45:23   |
20134       |        -2825.7   |        -2841.8   |        16.1027   |   80:48:30   |   02:45:11   |
20135       |       -2829.12   |       -2845.28   |        16.1593   |   80:49:52   |   02:44:59   |
20136       |       -2828.07   |        -2844.4   |        16.3379   |   80:51:15   |   02:44:47   |
20137       |        -2826.1   |       -2841.82   |        15.7248   |   80:52:42   |   02:44:35   |
20138       |       -2826.67   |       -2842.16   |        15.4879   |   80:54:06   |   02:44:23   |
20139       |       -2829.21   |       -2844.04   |        14.8258   |   80:55:31   |   02:44:11   |


Iter        |      Posterior   |     Likelihood   |          Prior   |    elapsed   |        ETA   |
----------------------------------------------------------------------------------------------------
20140       |       -2833.91   |       -2848.63   |         14.719   |   80:56:57   |   02:43:59   |
20141       |       -2831.32   |       -2845.85   |        14.5329   |   81:03:36   |   02:43:57   |
20142       |        -2830.9   |       -2844.77   |        13.8741   |   81:05:01   |   02:43:45   |
20143       |       -2829.44   |        -2843.7   |        14.2664   |   81:06:25   |   02:43:33   |
20144       |          -2832   |       -2843.72   |        11.7242   |   81:07:52   |   02:43:21   |
20145       |       -2827.57   |       -2841.78   |        14.2159   |   81:09:12   |   02:43:09   |
20146       |       -2826.99   |       -2840.83   |        13.8381   |   81:10:48   |   02:42:57   |
20147       |       -2826.24   |       -2840.14   |         13.898   |   81:12:25   |   02:42:45   |
20148       |       -2823.67   |       -2839.86   |          16.19   |   81:14:00   |   02:42:33   |
20149       |       -2826.53   |       -2844.19   |        17.6581   |   81:15:11   |   02:42:21   |
20150       |       -2823.31   |       -2841.22   |        17.9091   |   81:16:38   |   02:42:09   |
20151       |       -2823.31   |       -2841.22   |        17.9091   |   81:23:11   |   02:42:07   |
20152       |       -2823.31   |       -2841.22   |        17.9091   |   81:24:42   |   02:41:55   |
20153       |       -2823.31   |       -2841.22   |        17.9091   |   81:26:17   |   02:41:43   |
20154       |       -2823.72   |       -2841.64   |        17.9256   |   81:27:45   |   02:41:31   |
20155       |       -2825.48   |       -2843.42   |        17.9392   |   81:29:14   |   02:41:19   |
20156       |       -2824.65   |       -2842.52   |          17.87   |   81:30:39   |   02:41:06   |
20157       |       -2823.65   |       -2840.46   |          16.81   |   81:32:05   |   02:40:54   |
20158       |        -2825.5   |       -2842.13   |        16.6268   |   81:33:29   |   02:40:42   |
20159       |       -2824.94   |       -2840.95   |        16.0073   |   81:34:59   |   02:40:30   |


Iter        |      Posterior   |     Likelihood   |          Prior   |    elapsed   |        ETA   |
----------------------------------------------------------------------------------------------------
20160       |       -2824.01   |       -2839.72   |        15.7046   |   81:36:37   |   02:40:18   |
20161       |       -2824.23   |       -2839.63   |        15.3981   |   81:43:26   |   02:40:16   |
20162       |       -2824.94   |       -2840.54   |        15.6052   |   81:44:57   |   02:40:04   |
20163       |       -2823.05   |       -2836.13   |        13.0742   |   81:46:35   |   02:39:52   |
20164       |       -2821.11   |       -2834.83   |        13.7166   |   81:48:08   |   02:39:40   |
20165       |       -2820.65   |        -2834.6   |        13.9573   |   81:49:44   |   02:39:28   |
20166       |       -2823.41   |       -2839.17   |        15.7637   |   81:51:15   |   02:39:16   |
20167       |       -2822.75   |       -2837.88   |        15.1376   |   81:52:33   |   02:39:03   |
20168       |       -2823.64   |       -2838.86   |         15.219   |   81:53:56   |   02:38:51   |
20169       |       -2823.63   |       -2838.84   |         15.207   |   81:55:26   |   02:38:39   |
20170       |       -2822.45   |       -2837.72   |        15.2676   |   81:56:50   |   02:38:27   |
20171       |       -2821.14   |       -2835.44   |        14.3006   |   82:03:27   |   02:38:24   |
20172       |       -2823.26   |       -2838.47   |        15.2119   |   82:05:07   |   02:38:12   |
20173       |       -2823.95   |       -2840.96   |        17.0137   |   82:06:37   |   02:38:00   |
20174       |       -2826.76   |          -2844   |        17.2444   |   82:07:58   |   02:37:48   |
20175       |       -2826.53   |       -2843.37   |        16.8448   |   82:09:32   |   02:37:35   |
20176       |       -2823.78   |        -2840.4   |        16.6202   |   82:10:55   |   02:37:23   |
20177       |       -2825.92   |       -2841.16   |        15.2375   |   82:12:26   |   02:37:11   |
20178       |       -2822.76   |       -2838.38   |        15.6123   |   82:13:50   |   02:36:58   |
20179       |       -2824.96   |       -2839.99   |        15.0359   |   82:15:24   |   02:36:46   |


Iter        |      Posterior   |     Likelihood   |          Prior   |    elapsed   |        ETA   |
----------------------------------------------------------------------------------------------------
20180       |       -2824.22   |       -2838.53   |        14.3058   |   82:16:51   |   02:36:34   |
20181       |       -2822.53   |       -2837.39   |        14.8673   |   82:23:19   |   02:36:31   |
20182       |       -2822.28   |       -2837.92   |        15.6379   |   82:24:37   |   02:36:18   |
20183       |       -2823.41   |       -2838.26   |        14.8527   |   82:26:01   |   02:36:06   |
20184       |       -2824.88   |       -2836.53   |        11.6451   |   82:27:28   |   02:35:53   |
20185       |        -2824.9   |       -2838.59   |        13.6846   |   82:29:01   |   02:35:41   |
20186       |       -2827.58   |       -2842.43   |        14.8506   |   82:30:23   |   02:35:28   |
20187       |       -2826.05   |       -2839.59   |        13.5397   |   82:31:44   |   02:35:16   |
20188       |        -2824.1   |       -2837.24   |        13.1437   |   82:33:19   |   02:35:04   |
20189       |       -2825.33   |       -2838.12   |        12.7904   |   82:34:37   |   02:34:51   |
20190       |       -2824.94   |       -2837.32   |        12.3777   |   82:36:02   |   02:34:38   |
20191       |        -2823.6   |       -2835.96   |        12.3653   |   82:42:37   |   02:34:35   |
20192       |       -2825.45   |       -2837.98   |        12.5243   |   82:44:00   |   02:34:23   |
20193       |       -2824.28   |       -2836.22   |        11.9426   |   82:45:30   |   02:34:10   |
20194       |       -2825.99   |       -2839.85   |        13.8628   |   82:46:58   |   02:33:58   |
20195       |       -2822.53   |       -2836.65   |        14.1149   |   82:48:28   |   02:33:45   |
20196       |       -2822.53   |       -2836.65   |        14.1149   |   82:50:10   |   02:33:33   |
20197       |       -2822.01   |        -2835.3   |        13.2868   |   82:51:40   |   02:33:21   |
20198       |       -2822.01   |        -2835.3   |        13.2868   |   82:53:19   |   02:33:09   |
20199       |       -2822.26   |       -2834.38   |        12.1132   |   82:54:59   |   02:32:57   |


Iter        |      Posterior   |     Likelihood   |          Prior   |    elapsed   |        ETA   |
----------------------------------------------------------------------------------------------------
20200       |        -2820.2   |       -2830.85   |        10.6467   |   82:56:27   |   02:32:44   |
20201       |       -2822.95   |       -2833.56   |        10.6091   |   83:03:23   |   02:32:42   |
20202       |        -2820.6   |       -2832.02   |          11.42   |   83:05:02   |   02:32:29   |
20203       |       -2823.23   |       -2833.24   |        10.0158   |   83:06:42   |   02:32:17   |
20204       |       -2825.29   |       -2834.65   |        9.36362   |   83:08:14   |   02:32:05   |
20205       |       -2822.19   |          -2834   |        11.8068   |   83:09:43   |   02:31:52   |
20206       |       -2824.43   |       -2837.82   |        13.3893   |   83:11:06   |   02:31:39   |
20207       |       -2823.15   |       -2836.97   |        13.8181   |   83:12:33   |   02:31:27   |
20208       |       -2820.27   |       -2833.49   |        13.2221   |   83:14:07   |   02:31:14   |
20209       |       -2821.08   |       -2834.69   |        13.6048   |   83:15:34   |   02:31:02   |
20210       |       -2824.19   |       -2835.49   |        11.3055   |   83:17:10   |   02:30:49   |
20211       |       -2824.42   |       -2835.67   |        11.2474   |   83:23:47   |   02:30:46   |
20212       |       -2820.56   |       -2834.32   |        13.7621   |   83:25:13   |   02:30:33   |
20213       |       -2821.25   |        -2834.7   |        13.4549   |   83:26:41   |   02:30:21   |
20214       |       -2822.81   |       -2835.08   |        12.2687   |   83:28:01   |   02:30:08   |
20215       |       -2824.12   |        -2837.8   |        13.6714   |   83:29:37   |   02:29:55   |
20216       |       -2822.14   |       -2836.64   |        14.5019   |   83:31:10   |   02:29:43   |
20217       |       -2822.57   |       -2837.11   |        14.5396   |   83:32:45   |   02:29:30   |
20218       |       -2825.48   |       -2840.12   |        14.6392   |   83:34:29   |   02:29:18   |
20219       |       -2821.69   |       -2836.18   |        14.4877   |   83:36:05   |   02:29:06   |


Iter        |      Posterior   |     Likelihood   |          Prior   |    elapsed   |        ETA   |
----------------------------------------------------------------------------------------------------
20220       |        -2823.6   |       -2837.19   |        13.5928   |   83:37:44   |   02:28:53   |
20221       |        -2823.6   |       -2837.19   |        13.5928   |   83:44:48   |   02:28:50   |
20222       |       -2825.33   |       -2837.25   |        11.9263   |   83:46:18   |   02:28:38   |
20223       |       -2820.65   |       -2835.91   |        15.2603   |   83:47:50   |   02:28:25   |
20224       |       -2820.08   |       -2834.39   |        14.3153   |   83:49:19   |   02:28:12   |
20225       |       -2824.43   |       -2837.28   |        12.8565   |   83:50:52   |   02:28:00   |
20226       |       -2821.91   |        -2835.1   |        13.1895   |   83:52:24   |   02:27:47   |
20227       |       -2821.91   |        -2835.1   |        13.1895   |   83:54:07   |   02:27:35   |
20228       |       -2821.99   |       -2835.34   |        13.3495   |   83:55:50   |   02:27:22   |
20229       |       -2823.79   |       -2835.21   |        11.4183   |   83:57:27   |   02:27:10   |
20230       |       -2822.76   |       -2833.56   |        10.7975   |   83:59:03   |   02:26:57   |
20231       |       -2824.57   |       -2835.45   |        10.8774   |   84:06:00   |   02:26:54   |
20232       |       -2825.83   |       -2835.33   |        9.49718   |   84:07:38   |   02:26:41   |
20233       |       -2831.47   |       -2841.75   |        10.2747   |   84:09:08   |   02:26:29   |
20234       |       -2826.67   |       -2836.27   |        9.59749   |   84:10:47   |   02:26:16   |
20235       |       -2823.32   |       -2835.25   |        11.9346   |   84:12:20   |   02:26:03   |
20236       |       -2827.48   |       -2838.36   |        10.8853   |   84:14:05   |   02:25:51   |
20237       |       -2826.65   |       -2837.03   |        10.3825   |   84:15:52   |   02:25:39   |
20238       |       -2822.09   |        -2834.2   |        12.1122   |   84:17:28   |   02:25:26   |
20239       |       -2820.72   |       -2831.27   |        10.5517   |   84:19:00   |   02:25:13   |


Iter        |      Posterior   |     Likelihood   |          Prior   |    elapsed   |        ETA   |
----------------------------------------------------------------------------------------------------
20240       |       -2820.47   |       -2831.74   |        11.2694   |   84:20:27   |   02:25:00   |
20241       |       -2820.74   |       -2833.85   |        13.1157   |   84:27:13   |   02:24:56   |
20242       |       -2823.43   |       -2835.75   |        12.3237   |   84:28:50   |   02:24:44   |
20243       |        -2823.9   |       -2835.81   |        11.9115   |   84:30:34   |   02:24:31   |
20244       |       -2829.16   |       -2838.67   |        9.50912   |   84:32:11   |   02:24:19   |
20245       |        -2827.3   |       -2835.33   |         8.0296   |   84:33:54   |   02:24:06   |
20246       |       -2828.29   |       -2835.12   |         6.8273   |   84:35:39   |   02:23:54   |
20247       |       -2824.51   |       -2834.71   |        10.2032   |   84:37:21   |   02:23:41   |
20248       |       -2824.37   |       -2833.89   |        9.51305   |   84:39:02   |   02:23:28   |
20249       |       -2826.13   |       -2835.52   |        9.38703   |   84:40:45   |   02:23:16   |
20250       |       -2824.96   |       -2832.45   |        7.48727   |   84:42:22   |   02:23:03   |
20251       |       -2823.76   |       -2832.61   |        8.85841   |   84:49:05   |   02:22:59   |
20252       |       -2822.44   |       -2832.89   |        10.4521   |   84:50:51   |   02:22:46   |
20253       |       -2823.61   |       -2831.87   |        8.25855   |   84:52:28   |   02:22:34   |
20254       |       -2823.02   |       -2834.66   |        11.6408   |   84:54:01   |   02:22:21   |
20255       |       -2821.99   |       -2832.98   |        10.9908   |   84:55:38   |   02:22:08   |
20256       |       -2819.78   |       -2832.42   |        12.6495   |   84:57:14   |   02:21:55   |
20257       |       -2822.38   |       -2833.63   |        11.2533   |   84:58:49   |   02:21:42   |
20258       |        -2819.8   |       -2831.07   |        11.2677   |   85:00:18   |   02:21:29   |
20259       |       -2819.15   |       -2833.33   |        14.1816   |   85:01:55   |   02:21:16   |


Iter        |      Posterior   |     Likelihood   |          Prior   |    elapsed   |        ETA   |
----------------------------------------------------------------------------------------------------
20260       |       -2820.06   |       -2833.75   |        13.6891   |   85:03:29   |   02:21:03   |
20261       |       -2826.82   |       -2836.87   |        10.0478   |   85:10:24   |   02:20:59   |
20262       |       -2823.07   |       -2831.97   |        8.89655   |   85:12:08   |   02:20:47   |
20263       |       -2822.55   |       -2833.45   |        10.8988   |   85:13:42   |   02:20:34   |
20264       |       -2822.02   |       -2833.33   |        11.3174   |   85:15:27   |   02:20:21   |
20265       |       -2823.03   |       -2836.14   |        13.1027   |   85:17:00   |   02:20:08   |
20266       |       -2821.84   |       -2834.91   |        13.0669   |   85:18:37   |   02:19:55   |
20267       |       -2820.21   |       -2832.54   |        12.3357   |   85:20:13   |   02:19:42   |
20268       |       -2821.81   |       -2835.47   |        13.6561   |   85:21:43   |   02:19:29   |
20269       |       -2821.56   |       -2835.04   |        13.4784   |   85:23:18   |   02:19:16   |
20270       |       -2821.56   |       -2835.04   |        13.4784   |   85:24:55   |   02:19:03   |
20271       |       -2821.56   |       -2835.04   |        13.4784   |   85:31:49   |   02:18:59   |
20272       |        -2820.8   |        -2833.9   |        13.0978   |   85:33:30   |   02:18:46   |
20273       |        -2820.3   |        -2832.4   |        12.1077   |   85:35:10   |   02:18:33   |
20274       |        -2821.6   |       -2833.68   |        12.0811   |   85:36:52   |   02:18:20   |
20275       |       -2820.27   |       -2836.19   |        15.9272   |   85:38:33   |   02:18:07   |
20276       |       -2821.98   |       -2837.64   |        15.6623   |   85:40:09   |   02:17:54   |
20277       |       -2822.56   |       -2836.46   |        13.9014   |   85:41:42   |   02:17:41   |
20278       |       -2821.77   |       -2835.52   |        13.7558   |   85:43:17   |   02:17:28   |
20279       |       -2821.93   |       -2836.43   |        14.5018   |   85:44:52   |   02:17:15   |


Iter        |      Posterior   |     Likelihood   |          Prior   |    elapsed   |        ETA   |
----------------------------------------------------------------------------------------------------
20280       |        -2824.8   |       -2839.79   |        14.9884   |   85:46:23   |   02:17:02   |
20281       |       -2821.71   |       -2836.31   |        14.6007   |   86:00:26   |   02:17:08   |
20282       |       -2824.02   |       -2838.29   |        14.2643   |   86:02:08   |   02:16:55   |
20283       |       -2822.18   |        -2839.8   |        17.6197   |   86:03:44   |   02:16:42   |
20284       |       -2823.27   |       -2841.02   |        17.7556   |   86:05:09   |   02:16:29   |
20285       |       -2823.11   |       -2840.17   |        17.0653   |   86:06:32   |   02:16:15   |
20286       |        -2821.9   |       -2837.32   |         15.421   |   86:08:02   |   02:16:02   |
20287       |       -2823.49   |       -2840.53   |        17.0403   |   86:09:32   |   02:15:49   |
20288       |       -2823.43   |       -2843.44   |        20.0109   |   86:10:57   |   02:15:35   |
20289       |       -2824.04   |       -2845.34   |        21.3015   |   86:12:15   |   02:15:22   |
20290       |       -2826.22   |       -2848.17   |         21.947   |   86:13:34   |   02:15:08   |
20291       |       -2822.06   |       -2842.33   |        20.2726   |   86:20:02   |   02:15:02   |
20292       |       -2822.04   |       -2840.95   |        18.9125   |   86:21:29   |   02:14:49   |
20293       |        -2820.9   |       -2839.33   |        18.4327   |   86:23:08   |   02:14:36   |
20294       |        -2822.8   |        -2839.7   |        16.9003   |   86:24:43   |   02:14:22   |
20295       |       -2823.66   |       -2840.73   |        17.0716   |   86:26:12   |   02:14:09   |
20296       |       -2823.19   |       -2840.29   |        17.1004   |   86:27:39   |   02:13:56   |
20297       |       -2824.37   |       -2841.86   |        17.4976   |   86:29:12   |   02:13:42   |
20298       |       -2823.06   |       -2840.82   |        17.7535   |   86:30:48   |   02:13:29   |
20299       |       -2822.39   |       -2840.15   |        17.7554   |   86:32:23   |   02:13:16   |


Iter        |      Posterior   |     Likelihood   |          Prior   |    elapsed   |        ETA   |
----------------------------------------------------------------------------------------------------
20300       |       -2822.39   |       -2840.15   |        17.7554   |   86:33:59   |   02:13:02   |
20301       |       -2822.92   |       -2840.31   |        17.3819   |   86:40:52   |   02:12:57   |
20302       |       -2821.36   |       -2839.56   |        18.2001   |   86:42:26   |   02:12:44   |
20303       |       -2821.39   |       -2837.59   |        16.1962   |   86:44:02   |   02:12:30   |
20304       |       -2820.29   |       -2835.95   |        15.6533   |   86:45:29   |   02:12:17   |
20305       |       -2819.61   |       -2835.44   |        15.8322   |   86:46:53   |   02:12:03   |
20306       |       -2821.95   |       -2839.67   |        17.7173   |   86:48:15   |   02:11:50   |
20307       |       -2820.95   |       -2838.62   |        17.6663   |   86:49:40   |   02:11:36   |
20308       |       -2820.78   |       -2837.52   |         16.745   |   86:51:05   |   02:11:22   |
20309       |       -2822.93   |       -2839.85   |        16.9137   |   86:52:22   |   02:11:08   |
20310       |       -2822.93   |       -2839.34   |        16.4088   |   86:53:43   |   02:10:55   |
20311       |       -2823.87   |       -2840.22   |        16.3512   |   87:00:07   |   02:10:49   |
20312       |       -2821.24   |       -2836.19   |        14.9482   |   87:01:28   |   02:10:35   |
20313       |        -2824.5   |       -2838.08   |        13.5836   |   87:03:00   |   02:10:21   |
20314       |       -2823.57   |       -2837.58   |        14.0163   |   87:04:42   |   02:10:08   |
20315       |       -2822.93   |       -2836.95   |         14.022   |   87:06:16   |   02:09:55   |
20316       |       -2823.42   |       -2837.33   |        13.9136   |   87:07:46   |   02:09:41   |
20317       |       -2827.03   |       -2841.05   |        14.0205   |   87:09:19   |   02:09:27   |
20318       |       -2828.19   |       -2841.51   |        13.3269   |   87:10:47   |   02:09:14   |
20319       |       -2826.85   |       -2840.17   |        13.3219   |   87:12:20   |   02:09:00   |


Iter        |      Posterior   |     Likelihood   |          Prior   |    elapsed   |        ETA   |
----------------------------------------------------------------------------------------------------
20320       |       -2824.82   |       -2839.36   |          14.54   |   87:13:49   |   02:08:47   |
20321       |       -2823.05   |       -2836.11   |        13.0628   |   87:20:21   |   02:08:40   |
20322       |       -2823.34   |       -2836.27   |        12.9298   |   87:21:51   |   02:08:27   |
20323       |       -2824.55   |       -2837.01   |        12.4585   |   87:23:21   |   02:08:13   |
20324       |       -2822.63   |       -2837.02   |        14.3901   |   87:24:44   |   02:07:59   |
20325       |       -2823.81   |       -2836.36   |        12.5439   |   87:26:11   |   02:07:46   |
20326       |       -2824.98   |       -2839.22   |        14.2464   |   87:27:41   |   02:07:32   |
20327       |       -2822.56   |       -2837.59   |         15.031   |   87:29:02   |   02:07:18   |
20328       |       -2822.81   |       -2838.12   |        15.3132   |   87:30:25   |   02:07:04   |
20329       |       -2821.42   |       -2835.54   |        14.1118   |   87:31:45   |   02:06:50   |
20330       |       -2822.16   |       -2835.77   |        13.6123   |   87:33:11   |   02:06:36   |
20331       |       -2822.49   |       -2835.24   |        12.7492   |   87:39:31   |   02:06:30   |
20332       |       -2826.18   |        -2841.3   |          15.12   |   87:40:56   |   02:06:16   |
20333       |       -2826.28   |       -2842.44   |        16.1602   |   87:42:21   |   02:06:02   |
20334       |        -2828.7   |       -2844.33   |        15.6294   |   87:43:38   |   02:05:48   |
20335       |       -2826.65   |       -2840.02   |        13.3653   |   87:45:05   |   02:05:34   |
20336       |       -2822.89   |       -2836.78   |         13.889   |   87:46:35   |   02:05:20   |
20337       |       -2819.62   |       -2834.62   |         15.002   |   87:48:09   |   02:05:07   |
20338       |       -2818.46   |       -2833.07   |        14.6099   |   87:49:31   |   02:04:53   |
20339       |       -2819.83   |       -2832.65   |        12.8241   |   87:50:58   |   02:04:39   |


Iter        |      Posterior   |     Likelihood   |          Prior   |    elapsed   |        ETA   |
----------------------------------------------------------------------------------------------------
20340       |       -2822.06   |       -2834.55   |        12.4905   |   87:52:37   |   02:04:25   |
20341       |        -2821.8   |       -2834.56   |        12.7586   |   87:59:19   |   02:04:19   |
20342       |       -2820.43   |       -2835.04   |        14.6076   |   88:00:50   |   02:04:05   |
20343       |       -2822.19   |       -2833.81   |        11.6223   |   88:02:24   |   02:03:51   |
20344       |       -2822.19   |       -2833.81   |        11.6223   |   88:04:12   |   02:03:38   |
20345       |       -2822.23   |       -2835.88   |        13.6441   |   88:05:38   |   02:03:24   |
20346       |       -2818.54   |        -2832.2   |        13.6682   |   88:07:13   |   02:03:10   |
20347       |       -2819.47   |       -2833.52   |        14.0546   |   88:08:48   |   02:02:56   |
20348       |       -2819.44   |       -2833.53   |        14.0894   |   88:10:24   |   02:02:43   |
20349       |       -2821.52   |       -2835.47   |        13.9468   |   88:11:59   |   02:02:29   |
20350       |       -2820.06   |       -2832.94   |        12.8766   |   88:13:37   |   02:02:15   |
20351       |       -2822.23   |       -2833.34   |        11.1084   |   88:20:22   |   02:02:08   |
20352       |       -2828.87   |       -2838.89   |         10.026   |   88:21:55   |   02:01:55   |
20353       |       -2824.87   |       -2837.06   |        12.1945   |   88:23:32   |   02:01:41   |
20354       |       -2826.44   |       -2835.98   |        9.54213   |   88:25:11   |   02:01:27   |
20355       |       -2821.21   |       -2832.73   |        11.5206   |   88:26:49   |   02:01:13   |
20356       |       -2821.81   |       -2834.21   |        12.4074   |   88:28:28   |   02:01:00   |
20357       |       -2821.81   |       -2834.21   |        12.4074   |   88:30:18   |   02:00:46   |
20358       |       -2824.46   |       -2837.84   |         13.388   |   88:31:49   |   02:00:32   |
20359       |       -2825.45   |       -2838.51   |        13.0581   |   88:33:28   |   02:00:18   |


Iter        |      Posterior   |     Likelihood   |          Prior   |    elapsed   |        ETA   |
----------------------------------------------------------------------------------------------------
20360       |       -2827.93   |       -2840.36   |        12.4246   |   88:34:58   |   02:00:04   |
20361       |       -2827.84   |       -2839.42   |        11.5756   |   88:41:44   |   01:59:58   |
20362       |        -2825.3   |       -2836.15   |        10.8447   |   88:43:25   |   01:59:44   |
20363       |        -2825.3   |       -2836.15   |        10.8447   |   88:45:17   |   01:59:30   |
20364       |       -2824.45   |       -2839.13   |        14.6813   |   88:46:52   |   01:59:16   |
20365       |       -2828.83   |       -2844.57   |        15.7369   |   88:48:15   |   01:59:02   |
20366       |       -2828.83   |       -2844.57   |        15.7369   |   88:50:01   |   01:58:49   |
20367       |       -2828.83   |       -2844.57   |        15.7369   |   88:51:45   |   01:58:35   |
20368       |       -2827.04   |       -2843.72   |        16.6805   |   88:53:27   |   01:58:21   |
20369       |       -2826.69   |       -2844.09   |        17.3981   |   88:55:05   |   01:58:07   |
20370       |       -2825.17   |       -2843.62   |        18.4509   |   88:56:42   |   01:57:53   |
20371       |       -2825.68   |       -2840.46   |        14.7868   |   89:03:21   |   01:57:46   |
20372       |       -2826.37   |       -2840.57   |        14.1943   |   89:04:48   |   01:57:32   |
20373       |       -2823.55   |       -2839.31   |        15.7611   |   89:06:28   |   01:57:18   |
20374       |       -2823.54   |       -2838.53   |         14.992   |   89:08:05   |   01:57:04   |
20375       |       -2827.92   |       -2841.39   |         13.476   |   89:09:45   |   01:56:50   |
20376       |       -2825.44   |       -2837.68   |        12.2429   |   89:11:22   |   01:56:36   |
20377       |       -2824.39   |        -2836.3   |        11.9086   |   89:12:55   |   01:56:22   |
20378       |       -2827.74   |        -2840.9   |          13.16   |   89:14:27   |   01:56:08   |
20379       |       -2825.87   |       -2838.95   |        13.0801   |   89:16:08   |   01:55:54   |


Iter        |      Posterior   |     Likelihood   |          Prior   |    elapsed   |        ETA   |
----------------------------------------------------------------------------------------------------
20380       |       -2823.73   |       -2835.85   |         12.119   |   89:17:45   |   01:55:40   |
20381       |       -2825.69   |       -2837.51   |         11.822   |   89:24:26   |   01:55:32   |
20382       |       -2827.43   |       -2838.59   |        11.1584   |   89:25:58   |   01:55:18   |
20383       |       -2828.57   |       -2839.85   |        11.2723   |   89:27:35   |   01:55:04   |
20384       |       -2829.59   |       -2839.65   |        10.0582   |   89:29:13   |   01:54:50   |
20385       |       -2826.95   |       -2838.55   |        11.5956   |   89:30:54   |   01:54:36   |
20386       |       -2827.88   |       -2839.12   |        11.2385   |   89:32:37   |   01:54:22   |
20387       |       -2829.89   |       -2841.36   |         11.469   |   89:34:10   |   01:54:08   |
20388       |       -2828.65   |       -2841.11   |        12.4572   |   89:35:50   |   01:53:54   |
20389       |       -2828.65   |       -2841.11   |        12.4572   |   89:37:31   |   01:53:40   |
20390       |       -2828.71   |       -2841.29   |        12.5734   |   89:39:03   |   01:53:26   |
20391       |       -2827.29   |        -2839.2   |        11.9107   |   89:45:08   |   01:53:17   |
20392       |       -2826.32   |       -2835.89   |        9.56244   |   89:46:40   |   01:53:03   |
20393       |       -2825.05   |       -2834.59   |        9.53625   |   89:48:22   |   01:52:49   |
20394       |       -2825.42   |       -2835.33   |        9.91064   |   89:50:04   |   01:52:35   |
20395       |       -2823.48   |       -2834.56   |        11.0815   |   89:51:41   |   01:52:21   |
20396       |       -2823.48   |       -2834.56   |        11.0815   |   89:53:24   |   01:52:07   |
20397       |       -2824.35   |       -2834.28   |        9.93458   |   89:55:03   |   01:51:53   |
20398       |       -2824.51   |       -2832.98   |        8.47114   |   89:56:41   |   01:51:38   |
20399       |       -2823.89   |       -2832.06   |        8.16795   |   89:58:20   |   01:51:24   |


Iter        |      Posterior   |     Likelihood   |          Prior   |    elapsed   |        ETA   |
----------------------------------------------------------------------------------------------------
20400       |       -2822.96   |       -2831.54   |        8.58274   |   89:59:59   |   01:51:10   |
20401       |       -2822.29   |       -2832.83   |        10.5361   |   90:06:41   |   01:51:02   |
20402       |       -2822.79   |       -2833.03   |        10.2365   |   90:08:16   |   01:50:48   |
20403       |       -2822.44   |       -2834.27   |        11.8344   |   90:09:49   |   01:50:34   |
20404       |       -2822.64   |       -2836.52   |        13.8709   |   90:11:15   |   01:50:19   |
20405       |       -2822.54   |       -2834.71   |        12.1735   |   90:12:45   |   01:50:05   |
20406       |       -2822.72   |       -2834.61   |        11.8939   |   90:14:19   |   01:49:50   |
20407       |       -2825.06   |       -2835.83   |        10.7715   |   90:16:04   |   01:49:36   |
20408       |       -2825.42   |       -2836.51   |         11.089   |   90:17:39   |   01:49:22   |
20409       |       -2831.38   |       -2842.91   |        11.5251   |   90:19:13   |   01:49:07   |
20410       |       -2823.11   |       -2834.69   |        11.5827   |   90:20:47   |   01:48:53   |
20411       |       -2821.89   |       -2832.51   |        10.6222   |   90:27:30   |   01:48:45   |
20412       |       -2821.56   |       -2832.34   |        10.7775   |   90:29:08   |   01:48:31   |
20413       |       -2822.81   |       -2834.64   |         11.827   |   90:30:48   |   01:48:16   |
20414       |        -2823.6   |       -2836.09   |        12.4869   |   90:32:27   |   01:48:02   |
20415       |        -2823.6   |       -2836.09   |        12.4869   |   90:34:18   |   01:47:48   |
20416       |       -2825.34   |       -2834.99   |        9.65186   |   90:35:56   |   01:47:34   |
20417       |       -2829.45   |       -2838.31   |        8.85956   |   90:37:41   |   01:47:19   |
20418       |       -2827.28   |       -2837.09   |        9.81208   |   90:39:17   |   01:47:05   |
20419       |       -2824.25   |       -2835.23   |        10.9827   |   90:40:54   |   01:46:51   |


Iter        |      Posterior   |     Likelihood   |          Prior   |    elapsed   |        ETA   |
----------------------------------------------------------------------------------------------------
20420       |       -2821.62   |       -2833.51   |        11.8889   |   90:42:30   |   01:46:36   |
20421       |       -2823.75   |       -2835.17   |        11.4141   |   90:49:29   |   01:46:28   |
20422       |       -2823.11   |       -2834.96   |        11.8461   |   90:51:01   |   01:46:14   |
20423       |       -2822.91   |       -2833.63   |        10.7142   |   90:52:38   |   01:45:59   |
20424       |        -2823.6   |       -2834.04   |        10.4374   |   90:54:15   |   01:45:45   |
20425       |       -2823.75   |       -2833.85   |        10.1001   |   90:55:52   |   01:45:30   |
20426       |       -2823.41   |       -2835.27   |        11.8518   |   90:57:31   |   01:45:16   |
20427       |       -2825.68   |       -2836.23   |        10.5469   |   90:59:10   |   01:45:01   |
20428       |       -2826.68   |       -2836.08   |        9.40028   |   91:00:52   |   01:44:47   |
20429       |       -2826.68   |       -2836.08   |        9.40028   |   91:02:36   |   01:44:33   |
20430       |       -2826.68   |       -2836.08   |        9.40028   |   91:04:21   |   01:44:18   |
20431       |       -2826.68   |       -2836.08   |        9.40028   |   91:11:13   |   01:44:10   |
20432       |       -2826.68   |       -2836.08   |        9.40028   |   91:12:58   |   01:43:55   |
20433       |       -2826.22   |       -2835.73   |        9.50895   |   91:14:45   |   01:43:41   |
20434       |       -2826.22   |       -2835.73   |        9.50895   |   91:16:33   |   01:43:27   |
20435       |       -2826.22   |       -2835.73   |        9.50895   |   91:18:14   |   01:43:12   |
20436       |       -2826.22   |       -2835.73   |        9.50895   |   91:19:54   |   01:42:58   |
20437       |       -2826.22   |       -2835.73   |        9.50895   |   91:21:41   |   01:42:43   |
20438       |       -2826.22   |       -2835.73   |        9.50895   |   91:23:28   |   01:42:29   |
20439       |       -2826.22   |       -2835.73   |        9.50895   |   91:25:11   |   01:42:14   |


Iter        |      Posterior   |     Likelihood   |          Prior   |    elapsed   |        ETA   |
----------------------------------------------------------------------------------------------------
20440       |       -2826.22   |       -2835.73   |        9.50895   |   91:26:57   |   01:42:00   |
20441       |       -2829.95   |       -2838.58   |        8.62532   |   91:33:43   |   01:41:51   |
20442       |       -2829.95   |       -2838.58   |        8.62532   |   91:35:32   |   01:41:37   |
20443       |       -2829.95   |       -2838.58   |        8.62532   |   91:37:23   |   01:41:22   |
20444       |       -2827.65   |       -2837.68   |         10.031   |   91:39:05   |   01:41:08   |
20445       |       -2826.79   |       -2838.58   |        11.7953   |   91:40:43   |   01:40:53   |
20446       |        -2826.3   |       -2838.05   |        11.7496   |   91:42:27   |   01:40:39   |
20447       |       -2825.72   |       -2835.81   |        10.0925   |   91:44:04   |   01:40:24   |
20448       |       -2825.76   |       -2836.71   |        10.9495   |   91:45:46   |   01:40:09   |
20449       |          -2830   |       -2841.98   |        11.9813   |   91:47:20   |   01:39:55   |
20450       |       -2827.81   |       -2839.34   |        11.5283   |   91:48:50   |   01:39:40   |
20451       |        -2824.4   |       -2837.18   |        12.7782   |   91:55:29   |   01:39:30   |
20452       |       -2825.13   |       -2838.16   |        13.0311   |   91:56:58   |   01:39:16   |
20453       |       -2824.44   |       -2837.11   |         12.667   |   91:58:31   |   01:39:01   |
20454       |       -2824.82   |       -2838.25   |        13.4307   |   91:59:59   |   01:38:46   |
20455       |        -2826.8   |       -2841.51   |         14.705   |   92:01:35   |   01:38:31   |
20456       |       -2829.06   |        -2838.7   |         9.6362   |   92:03:03   |   01:38:16   |
20457       |       -2826.55   |       -2839.23   |        12.6786   |   92:04:32   |   01:38:01   |
20458       |       -2825.79   |       -2838.02   |        12.2335   |   92:06:03   |   01:37:46   |
20459       |       -2824.86   |       -2836.19   |        11.3258   |   92:07:45   |   01:37:32   |


Iter        |      Posterior   |     Likelihood   |          Prior   |    elapsed   |        ETA   |
----------------------------------------------------------------------------------------------------
20460       |       -2826.52   |       -2839.19   |        12.6725   |   92:09:21   |   01:37:17   |
20461       |       -2826.66   |       -2837.49   |        10.8356   |   92:15:57   |   01:37:07   |
20462       |       -2827.63   |       -2839.29   |        11.6557   |   92:17:33   |   01:36:53   |
20463       |       -2826.85   |       -2838.71   |        11.8571   |   92:19:06   |   01:36:38   |
20464       |       -2826.94   |       -2836.31   |        9.37366   |   92:20:45   |   01:36:23   |
20465       |       -2826.89   |       -2836.15   |        9.25665   |   92:22:22   |   01:36:08   |
20466       |       -2828.16   |       -2836.12   |        7.95466   |   92:24:02   |   01:35:53   |
20467       |       -2827.08   |       -2836.39   |         9.3136   |   92:25:38   |   01:35:38   |
20468       |       -2827.41   |       -2836.47   |        9.05904   |   92:27:18   |   01:35:24   |
20469       |       -2827.25   |       -2836.71   |        9.45104   |   92:29:01   |   01:35:09   |
20470       |       -2827.66   |       -2838.03   |        10.3662   |   92:30:30   |   01:34:54   |
20471       |       -2829.85   |       -2839.12   |        9.26886   |   92:37:23   |   01:34:44   |
20472       |       -2830.16   |       -2841.27   |        11.1075   |   92:39:01   |   01:34:29   |
20473       |       -2831.09   |       -2843.46   |        12.3715   |   92:40:37   |   01:34:14   |
20474       |       -2831.84   |       -2843.72   |        11.8751   |   92:42:22   |   01:34:00   |
20475       |       -2831.84   |       -2843.72   |        11.8751   |   92:44:14   |   01:33:45   |
20476       |       -2830.73   |       -2844.25   |        13.5224   |   92:45:58   |   01:33:30   |
20477       |        -2827.1   |       -2840.51   |        13.4047   |   92:47:40   |   01:33:15   |
20478       |       -2826.35   |       -2839.51   |        13.1629   |   92:49:12   |   01:33:00   |
20479       |       -2827.09   |       -2840.39   |        13.3077   |   92:50:50   |   01:32:45   |


Iter        |      Posterior   |     Likelihood   |          Prior   |    elapsed   |        ETA   |
----------------------------------------------------------------------------------------------------
20480       |       -2824.91   |       -2837.17   |        12.2519   |   92:52:22   |   01:32:30   |
20481       |       -2825.14   |       -2836.48   |         11.342   |   92:59:00   |   01:32:20   |
20482       |       -2825.01   |       -2836.62   |        11.6079   |   93:00:37   |   01:32:05   |
20483       |        -2829.2   |       -2839.21   |        10.0097   |   93:02:19   |   01:31:50   |
20484       |       -2829.88   |        -2837.1   |        7.22198   |   93:03:57   |   01:31:35   |
20485       |       -2829.57   |       -2835.87   |        6.29768   |   93:05:36   |   01:31:20   |
20486       |       -2829.32   |       -2834.22   |        4.89917   |   93:07:14   |   01:31:05   |
20487       |       -2827.23   |       -2834.87   |        7.63566   |   93:08:59   |   01:30:50   |
20488       |       -2825.59   |       -2836.26   |        10.6702   |   93:10:40   |   01:30:35   |
20489       |       -2825.64   |       -2836.45   |        10.8061   |   93:12:30   |   01:30:20   |
20490       |       -2825.62   |       -2836.57   |        10.9529   |   93:14:02   |   01:30:05   |
20491       |       -2827.38   |       -2838.05   |        10.6778   |   93:20:36   |   01:29:55   |
20492       |       -2826.55   |       -2837.24   |        10.6861   |   93:22:16   |   01:29:40   |
20493       |       -2827.85   |       -2838.08   |         10.227   |   93:23:51   |   01:29:25   |
20494       |       -2830.51   |       -2840.67   |        10.1566   |   93:25:27   |   01:29:09   |
20495       |       -2830.73   |       -2841.38   |        10.6474   |   93:26:59   |   01:28:54   |
20496       |       -2832.13   |       -2845.17   |        13.0456   |   93:28:21   |   01:28:39   |
20497       |       -2823.18   |       -2836.13   |        12.9504   |   93:29:49   |   01:28:24   |
20498       |       -2823.54   |       -2837.63   |        14.0851   |   93:31:14   |   01:28:08   |
20499       |       -2823.36   |       -2836.31   |        12.9545   |   93:32:35   |   01:27:53   |


Iter        |      Posterior   |     Likelihood   |          Prior   |    elapsed   |        ETA   |
----------------------------------------------------------------------------------------------------
20500       |       -2824.03   |       -2835.94   |        11.9013   |   93:34:09   |   01:27:38   |
20501       |       -2823.36   |       -2835.95   |         12.595   |   93:40:49   |   01:27:27   |
20502       |       -2825.18   |       -2837.38   |        12.2035   |   93:42:18   |   01:27:12   |
20503       |       -2825.59   |       -2838.01   |          12.42   |   93:44:02   |   01:26:57   |
20504       |       -2825.68   |       -2838.03   |        12.3515   |   93:45:37   |   01:26:41   |
20505       |       -2825.44   |       -2838.33   |        12.8973   |   93:47:15   |   01:26:26   |
20506       |       -2829.26   |       -2841.79   |        12.5255   |   93:48:50   |   01:26:11   |
20507       |       -2824.54   |       -2838.31   |        13.7708   |   93:50:18   |   01:25:56   |
20508       |       -2825.99   |       -2837.73   |        11.7333   |   93:51:57   |   01:25:40   |
20509       |       -2826.43   |       -2836.15   |        9.72018   |   93:53:30   |   01:25:25   |
20510       |        -2826.4   |       -2835.13   |         8.7349   |   93:55:00   |   01:25:10   |
20511       |       -2824.66   |       -2835.04   |        10.3875   |   94:01:42   |   01:24:59   |
20512       |       -2824.35   |       -2833.86   |        9.50651   |   94:03:13   |   01:24:44   |
20513       |       -2824.28   |       -2833.72   |        9.43482   |   94:04:45   |   01:24:28   |
20514       |       -2826.09   |       -2835.72   |        9.62371   |   94:06:22   |   01:24:13   |
20515       |       -2825.94   |       -2838.92   |        12.9756   |   94:07:56   |   01:23:58   |
20516       |       -2825.23   |       -2838.12   |        12.8911   |   94:09:34   |   01:23:42   |
20517       |        -2825.2   |       -2839.12   |        13.9199   |   94:11:07   |   01:23:27   |
20518       |       -2824.25   |       -2839.97   |        15.7173   |   94:12:39   |   01:23:12   |
20519       |       -2822.71   |        -2836.6   |        13.8938   |   94:14:07   |   01:22:56   |


Iter        |      Posterior   |     Likelihood   |          Prior   |    elapsed   |        ETA   |
----------------------------------------------------------------------------------------------------
20520       |        -2821.4   |       -2835.28   |         13.878   |   94:15:40   |   01:22:41   |
20521       |       -2823.77   |       -2838.36   |        14.5938   |   94:22:20   |   01:22:30   |
20522       |        -2821.8   |       -2836.29   |          14.49   |   94:23:44   |   01:22:14   |
20523       |       -2829.32   |       -2843.59   |        14.2644   |   94:25:12   |   01:21:59   |
20524       |       -2827.68   |       -2842.16   |        14.4718   |   94:26:47   |   01:21:43   |
20525       |       -2825.57   |       -2840.19   |        14.6204   |   94:28:09   |   01:21:28   |
20526       |       -2826.16   |       -2843.49   |          17.33   |   94:29:39   |   01:21:12   |
20527       |       -2821.15   |       -2837.18   |        16.0324   |   94:30:57   |   01:20:56   |
20528       |       -2821.83   |       -2837.87   |        16.0324   |   94:32:29   |   01:20:41   |
20529       |        -2824.1   |       -2837.24   |        13.1384   |   94:33:54   |   01:20:25   |
20530       |       -2823.64   |       -2837.59   |        13.9448   |   94:35:22   |   01:20:10   |
20531       |       -2825.83   |       -2840.77   |        14.9348   |   94:41:55   |   01:19:58   |
20532       |       -2822.14   |       -2837.42   |        15.2812   |   94:43:22   |   01:19:43   |
20533       |       -2824.02   |       -2840.48   |         16.465   |   94:44:54   |   01:19:27   |
20534       |       -2821.71   |       -2839.07   |        17.3656   |   94:46:21   |   01:19:12   |
20535       |       -2821.85   |       -2839.42   |        17.5645   |   94:47:43   |   01:18:56   |
20536       |          -2821   |       -2838.97   |        17.9681   |   94:49:08   |   01:18:40   |
20537       |       -2825.55   |       -2845.21   |        19.6569   |   94:50:40   |   01:18:25   |
20538       |       -2824.71   |       -2844.64   |        19.9339   |   94:52:11   |   01:18:09   |
20539       |       -2825.06   |       -2844.99   |        19.9315   |   94:53:47   |   01:17:53   |


Iter        |      Posterior   |     Likelihood   |          Prior   |    elapsed   |        ETA   |
----------------------------------------------------------------------------------------------------
20540       |        -2824.8   |       -2844.66   |        19.8548   |   94:55:21   |   01:17:38   |
20541       |       -2823.97   |       -2844.24   |         20.266   |   95:01:53   |   01:17:26   |
20542       |       -2827.39   |       -2846.49   |        19.1089   |   95:03:18   |   01:17:11   |
20543       |       -2827.39   |       -2846.67   |        19.2838   |   95:04:45   |   01:16:55   |
20544       |       -2827.39   |       -2846.67   |        19.2838   |   95:06:23   |   01:16:39   |
20545       |       -2827.39   |       -2846.67   |        19.2838   |   95:08:05   |   01:16:24   |
20546       |       -2826.13   |       -2845.99   |        19.8587   |   95:09:41   |   01:16:08   |
20547       |       -2826.09   |       -2846.14   |        20.0581   |   95:11:11   |   01:15:52   |
20548       |       -2825.43   |       -2846.34   |        20.9181   |   95:12:36   |   01:15:37   |
20549       |       -2826.06   |       -2846.95   |        20.8974   |   95:14:01   |   01:15:21   |
20550       |       -2828.46   |       -2846.39   |        17.9233   |   95:15:16   |   01:15:05   |
20551       |       -2826.31   |       -2845.52   |        19.2027   |   95:21:46   |   01:14:53   |
20552       |       -2829.11   |       -2849.69   |        20.5764   |   95:23:10   |   01:14:37   |
20553       |       -2827.49   |       -2847.58   |        20.0851   |   95:24:28   |   01:14:21   |
20554       |       -2827.49   |       -2847.58   |        20.0851   |   95:25:59   |   01:14:06   |
20555       |       -2830.56   |       -2850.51   |        19.9567   |   95:27:26   |   01:13:50   |
20556       |       -2833.69   |        -2855.3   |        21.6116   |   95:28:48   |   01:13:34   |
20557       |       -2833.08   |       -2854.62   |        21.5393   |   95:30:18   |   01:13:18   |
20558       |       -2827.61   |       -2849.24   |        21.6323   |   95:31:45   |   01:13:02   |
20559       |       -2827.61   |       -2849.24   |        21.6323   |   95:33:16   |   01:12:47   |


Iter        |      Posterior   |     Likelihood   |          Prior   |    elapsed   |        ETA   |
----------------------------------------------------------------------------------------------------
20560       |       -2827.61   |       -2849.24   |        21.6323   |   95:34:51   |   01:12:31   |
20561       |       -2827.61   |       -2849.24   |        21.6323   |   95:41:15   |   01:12:19   |
20562       |       -2827.61   |       -2849.24   |        21.6323   |   95:42:47   |   01:12:03   |
20563       |       -2827.61   |       -2849.24   |        21.6323   |   95:44:19   |   01:11:47   |
20564       |       -2827.61   |       -2849.24   |        21.6323   |   95:45:49   |   01:11:31   |
20565       |       -2827.61   |       -2849.24   |        21.6323   |   95:47:20   |   01:11:15   |
20566       |       -2827.61   |       -2849.24   |        21.6323   |   95:48:48   |   01:11:00   |
20567       |       -2827.61   |       -2849.24   |        21.6323   |   95:50:17   |   01:10:44   |
20568       |       -2827.61   |       -2849.24   |        21.6323   |   95:51:41   |   01:10:28   |
20569       |       -2827.61   |       -2849.24   |        21.6323   |   95:53:19   |   01:10:12   |
20570       |       -2827.61   |       -2849.24   |        21.6323   |   95:54:46   |   01:09:56   |
20571       |       -2827.61   |       -2849.24   |        21.6323   |   96:01:02   |   01:09:44   |
20572       |       -2827.61   |       -2849.24   |        21.6323   |   96:02:31   |   01:09:28   |
20573       |       -2828.17   |        -2849.8   |        21.6323   |   96:04:03   |   01:09:12   |
20574       |       -2828.17   |        -2849.8   |        21.6323   |   96:05:34   |   01:08:56   |
20575       |       -2828.17   |        -2849.8   |        21.6323   |   96:07:07   |   01:08:40   |
20576       |       -2828.17   |        -2849.8   |        21.6323   |   96:08:29   |   01:08:24   |
20577       |       -2828.17   |        -2849.8   |        21.6323   |   96:09:56   |   01:08:08   |
20578       |       -2828.17   |        -2849.8   |        21.6323   |   96:11:19   |   01:07:52   |
20579       |       -2828.17   |        -2849.8   |        21.6323   |   96:12:50   |   01:07:36   |


Iter        |      Posterior   |     Likelihood   |          Prior   |    elapsed   |        ETA   |
----------------------------------------------------------------------------------------------------
20580       |       -2828.21   |       -2849.94   |        21.7353   |   96:14:15   |   01:07:20   |
20581       |       -2828.21   |       -2849.94   |        21.7353   |   96:20:26   |   01:07:07   |
20582       |       -2828.21   |       -2849.94   |        21.7353   |   96:21:56   |   01:06:51   |
20583       |       -2826.02   |       -2847.86   |        21.8391   |   96:23:24   |   01:06:35   |
20584       |       -2824.03   |       -2845.83   |        21.8012   |   96:24:52   |   01:06:19   |
20585       |       -2824.03   |       -2845.83   |        21.8012   |   96:26:11   |   01:06:03   |
20586       |       -2824.03   |       -2845.83   |        21.8012   |   96:27:39   |   01:05:47   |
20587       |       -2824.03   |       -2845.83   |        21.8012   |   96:29:06   |   01:05:31   |
20588       |       -2823.96   |       -2845.56   |        21.6044   |   96:30:28   |   01:05:15   |
20589       |       -2826.48   |          -2848   |        21.5216   |   96:31:52   |   01:04:58   |
20590       |       -2828.87   |       -2849.29   |        20.4193   |   96:33:04   |   01:04:42   |
20591       |       -2828.87   |       -2849.29   |        20.4193   |   96:39:40   |   01:04:30   |
20592       |       -2828.82   |       -2849.57   |        20.7527   |   96:41:02   |   01:04:13   |
20593       |       -2827.12   |       -2847.98   |        20.8585   |   96:42:34   |   01:03:57   |
20594       |       -2827.12   |       -2847.98   |        20.8585   |   96:44:13   |   01:03:41   |
20595       |       -2827.12   |       -2847.98   |        20.8585   |   96:45:46   |   01:03:25   |
20596       |       -2827.12   |       -2847.98   |        20.8585   |   96:47:19   |   01:03:09   |
20597       |       -2827.12   |       -2847.98   |        20.8585   |   96:48:48   |   01:02:53   |
20598       |       -2822.91   |       -2843.81   |        20.8949   |   96:50:12   |   01:02:37   |
20599       |       -2821.92   |       -2843.43   |        21.5111   |   96:51:29   |   01:02:20   |


Iter        |      Posterior   |     Likelihood   |          Prior   |    elapsed   |        ETA   |
----------------------------------------------------------------------------------------------------
20600       |       -2821.92   |       -2843.43   |        21.5111   |   96:52:55   |   01:02:04   |
20601       |       -2821.92   |       -2843.43   |        21.5111   |   96:59:15   |   01:01:51   |
20602       |       -2821.92   |       -2843.43   |        21.5111   |   97:00:41   |   01:01:35   |
20603       |       -2821.92   |       -2843.43   |        21.5111   |   97:02:09   |   01:01:19   |
20604       |       -2821.92   |       -2843.43   |        21.5111   |   97:03:43   |   01:01:03   |
20605       |       -2821.92   |       -2843.43   |        21.5111   |   97:05:10   |   01:00:46   |
20606       |       -2821.92   |       -2843.43   |        21.5111   |   97:06:41   |   01:00:30   |
20607       |       -2821.71   |       -2843.26   |         21.554   |   97:08:11   |   01:00:14   |
20608       |       -2822.44   |       -2844.17   |        21.7242   |   97:09:37   |   00:59:58   |
20609       |       -2822.44   |       -2844.17   |        21.7242   |   97:11:02   |   00:59:41   |
20610       |       -2824.33   |       -2846.04   |        21.7042   |   97:12:25   |   00:59:25   |
20611       |       -2823.62   |       -2845.43   |        21.8061   |   97:18:46   |   00:59:12   |
20612       |       -2823.62   |       -2845.43   |        21.8061   |   97:20:10   |   00:58:56   |
20613       |       -2823.62   |       -2845.43   |        21.8061   |   97:21:39   |   00:58:39   |
20614       |       -2823.62   |       -2845.43   |        21.8061   |   97:23:09   |   00:58:23   |
20615       |       -2823.62   |       -2845.43   |        21.8061   |   97:24:42   |   00:58:07   |
20616       |       -2823.62   |       -2845.43   |        21.8061   |   97:26:12   |   00:57:50   |
20617       |       -2823.62   |       -2845.43   |        21.8061   |   97:27:41   |   00:57:34   |
20618       |       -2823.62   |       -2845.43   |        21.8061   |   97:29:09   |   00:57:18   |
20619       |       -2820.92   |       -2842.84   |        21.9203   |   97:30:37   |   00:57:02   |


Iter        |      Posterior   |     Likelihood   |          Prior   |    elapsed   |        ETA   |
----------------------------------------------------------------------------------------------------
20620       |       -2820.92   |       -2842.84   |        21.9203   |   97:32:07   |   00:56:45   |
20621       |       -2820.92   |       -2842.84   |        21.9203   |   97:38:29   |   00:56:32   |
20622       |       -2820.92   |       -2842.84   |        21.9203   |   97:40:02   |   00:56:15   |
20623       |       -2820.92   |       -2842.76   |        21.8358   |   97:41:23   |   00:55:59   |
20624       |       -2820.66   |       -2842.43   |         21.765   |   97:42:49   |   00:55:43   |
20625       |        -2820.6   |       -2842.37   |         21.765   |   97:44:20   |   00:55:26   |
20626       |       -2820.29   |          -2842   |        21.7153   |   97:45:39   |   00:55:10   |
20627       |       -2820.52   |       -2842.03   |          21.51   |   97:47:11   |   00:54:53   |
20628       |       -2820.52   |       -2842.03   |          21.51   |   97:48:44   |   00:54:37   |
20629       |       -2820.52   |       -2842.03   |          21.51   |   97:50:14   |   00:54:21   |
20630       |       -2820.52   |       -2842.03   |          21.51   |   97:51:45   |   00:54:04   |
20631       |       -2820.52   |       -2842.03   |          21.51   |   97:58:13   |   00:53:51   |
20632       |       -2820.39   |       -2841.88   |        21.4908   |   97:59:32   |   00:53:34   |
20633       |       -2820.39   |       -2841.88   |        21.4908   |   98:01:07   |   00:53:18   |
20634       |       -2820.39   |       -2841.88   |        21.4908   |   98:02:34   |   00:53:01   |
20635       |       -2820.39   |       -2841.88   |        21.4908   |   98:03:55   |   00:52:45   |
20636       |       -2820.39   |       -2841.88   |        21.4908   |   98:05:23   |   00:52:28   |
20637       |       -2820.39   |       -2841.88   |        21.4908   |   98:06:48   |   00:52:12   |
20638       |       -2820.39   |       -2841.88   |        21.4908   |   98:08:15   |   00:51:55   |
20639       |       -2820.39   |       -2841.88   |        21.4908   |   98:09:49   |   00:51:39   |


Iter        |      Posterior   |     Likelihood   |          Prior   |    elapsed   |        ETA   |
----------------------------------------------------------------------------------------------------
20640       |       -2820.39   |       -2841.88   |        21.4908   |   98:11:21   |   00:51:22   |
20641       |       -2820.35   |       -2841.85   |        21.4908   |   98:17:43   |   00:51:08   |
20642       |       -2821.03   |       -2842.43   |        21.3974   |   98:19:00   |   00:50:52   |
20643       |       -2824.44   |       -2845.88   |        21.4381   |   98:20:24   |   00:50:35   |
20644       |       -2824.44   |       -2845.88   |        21.4381   |   98:21:55   |   00:50:19   |
20645       |       -2824.44   |       -2845.88   |        21.4381   |   98:23:25   |   00:50:02   |
20646       |       -2824.44   |       -2845.88   |        21.4381   |   98:24:55   |   00:49:45   |
20647       |       -2824.44   |       -2845.88   |        21.4381   |   98:26:22   |   00:49:29   |
20648       |       -2824.44   |       -2845.88   |        21.4381   |   98:27:53   |   00:49:12   |
20649       |       -2824.44   |       -2845.88   |        21.4381   |   98:29:19   |   00:48:56   |
20650       |       -2824.44   |       -2845.88   |        21.4381   |   98:30:48   |   00:48:39   |
20651       |       -2824.44   |       -2845.88   |        21.4381   |   98:37:07   |   00:48:25   |
20652       |       -2824.44   |       -2845.88   |        21.4381   |   98:38:28   |   00:48:08   |
20653       |       -2824.44   |       -2845.88   |        21.4381   |   98:39:56   |   00:47:52   |
20654       |       -2824.44   |       -2845.88   |        21.4381   |   98:41:25   |   00:47:35   |
20655       |       -2824.44   |       -2845.88   |        21.4381   |   98:42:54   |   00:47:18   |
20656       |       -2824.44   |       -2845.88   |        21.4381   |   98:44:16   |   00:47:02   |
20657       |       -2824.44   |       -2845.88   |        21.4381   |   98:45:45   |   00:46:45   |
20658       |       -2824.44   |       -2845.88   |        21.4381   |   98:47:15   |   00:46:28   |
20659       |       -2827.89   |       -2849.27   |        21.3816   |   98:48:36   |   00:46:12   |


Iter        |      Posterior   |     Likelihood   |          Prior   |    elapsed   |        ETA   |
----------------------------------------------------------------------------------------------------
20660       |       -2827.89   |       -2849.27   |        21.3816   |   98:50:01   |   00:45:55   |
20661       |       -2822.51   |       -2843.37   |        20.8542   |   98:56:23   |   00:45:41   |
20662       |       -2822.51   |       -2843.37   |        20.8542   |   98:57:54   |   00:45:24   |
20663       |       -2822.51   |       -2843.37   |        20.8542   |   98:59:31   |   00:45:07   |
20664       |       -2822.51   |       -2843.37   |        20.8542   |   99:01:00   |   00:44:51   |
20665       |       -2822.51   |       -2843.37   |        20.8542   |   99:02:37   |   00:44:34   |
20666       |       -2822.51   |       -2843.37   |        20.8542   |   99:04:16   |   00:44:17   |
20667       |       -2822.51   |       -2843.37   |        20.8542   |   99:05:51   |   00:44:01   |
20668       |       -2822.51   |       -2843.37   |        20.8542   |   99:07:28   |   00:43:44   |
20669       |       -2824.43   |       -2845.12   |        20.6965   |   99:08:57   |   00:43:27   |
20670       |       -2824.43   |       -2845.12   |        20.6965   |   99:10:31   |   00:43:10   |
20671       |       -2824.43   |       -2845.12   |        20.6965   |   99:17:02   |   00:42:56   |
20672       |       -2824.43   |       -2845.12   |        20.6965   |   99:18:29   |   00:42:39   |
20673       |       -2824.43   |       -2845.12   |        20.6965   |   99:19:58   |   00:42:22   |
20674       |       -2824.43   |       -2845.12   |        20.6965   |   99:21:29   |   00:42:06   |
20675       |       -2824.43   |       -2845.12   |        20.6965   |   99:23:02   |   00:41:49   |
20676       |       -2824.43   |       -2845.12   |        20.6965   |   99:24:31   |   00:41:32   |
20677       |       -2824.43   |       -2845.12   |        20.6965   |   99:26:04   |   00:41:15   |
20678       |       -2824.43   |       -2845.12   |        20.6965   |   99:27:38   |   00:40:58   |
20679       |       -2824.43   |       -2845.12   |        20.6965   |   99:29:06   |   00:40:42   |


Iter        |      Posterior   |     Likelihood   |          Prior   |    elapsed   |        ETA   |
----------------------------------------------------------------------------------------------------
20680       |       -2824.43   |       -2845.12   |        20.6965   |   99:30:34   |   00:40:25   |
20681       |       -2824.43   |       -2845.12   |        20.6965   |   99:36:57   |   00:40:10   |
20682       |        -2821.5   |       -2842.46   |        20.9614   |   99:38:20   |   00:39:53   |
20683       |       -2821.21   |       -2842.42   |        21.2121   |   99:39:40   |   00:39:36   |
20684       |       -2820.32   |       -2840.83   |        20.5138   |   99:41:14   |   00:39:19   |
20685       |       -2820.32   |       -2840.83   |        20.5138   |   99:42:51   |   00:39:02   |
20686       |       -2820.32   |       -2840.83   |        20.5138   |   99:44:23   |   00:38:45   |
20687       |       -2820.32   |       -2840.83   |        20.5138   |   99:45:52   |   00:38:29   |
20688       |       -2820.32   |       -2840.83   |        20.5138   |   99:47:30   |   00:38:12   |
20689       |       -2820.32   |       -2840.83   |        20.5138   |   99:49:00   |   00:37:55   |
20690       |       -2820.32   |       -2840.83   |        20.5138   |   99:50:31   |   00:37:38   |
20691       |       -2820.32   |       -2840.83   |        20.5138   |   99:57:02   |   00:37:23   |
20692       |       -2820.32   |       -2840.83   |        20.5138   |   99:58:33   |   00:37:06   |
20693       |       -2820.32   |       -2840.83   |        20.5138   |   100:00:05   |   00:36:49   |
20694       |       -2820.32   |       -2840.83   |        20.5138   |   100:01:35   |   00:36:32   |
20695       |       -2820.32   |       -2840.83   |        20.5138   |   100:03:04   |   00:36:15   |
20696       |       -2820.32   |       -2840.83   |        20.5138   |   100:04:32   |   00:35:58   |
20697       |       -2820.32   |       -2840.83   |        20.5138   |   100:06:01   |   00:35:41   |
20698       |       -2822.13   |       -2842.66   |        20.5309   |   100:07:30   |   00:35:24   |
20699       |       -2824.75   |       -2844.58   |        19.8349   |   100:09:11   |   00:35:07   |


Iter        |      Posterior   |     Likelihood   |          Prior   |    elapsed   |        ETA   |
----------------------------------------------------------------------------------------------------
20700       |       -2822.12   |       -2841.68   |         19.563   |   100:10:42   |   00:34:50   |
20701       |       -2820.99   |        -2840.4   |        19.4146   |   100:17:16   |   00:34:35   |
20702       |       -2823.18   |       -2842.37   |        19.1916   |   100:18:55   |   00:34:18   |
20703       |       -2823.18   |       -2842.37   |        19.1916   |   100:20:28   |   00:34:01   |
20704       |       -2823.18   |       -2842.37   |        19.1916   |   100:21:57   |   00:33:44   |
20705       |       -2823.18   |       -2842.37   |        19.1916   |   100:23:31   |   00:33:27   |
20706       |       -2823.18   |       -2842.37   |        19.1916   |   100:25:11   |   00:33:10   |
20707       |       -2823.18   |       -2842.37   |        19.1916   |   100:26:49   |   00:32:53   |
20708       |       -2821.44   |       -2840.73   |        19.2878   |   100:28:23   |   00:32:36   |
20709       |       -2822.66   |       -2841.92   |        19.2677   |   100:29:59   |   00:32:19   |
20710       |       -2822.66   |       -2841.92   |        19.2677   |   100:31:37   |   00:32:02   |
20711       |       -2822.66   |       -2841.92   |        19.2677   |   100:38:23   |   00:31:46   |
20712       |       -2822.66   |       -2841.92   |        19.2677   |   100:39:58   |   00:31:29   |
20713       |       -2821.19   |       -2840.52   |        19.3309   |   100:41:32   |   00:31:12   |
20714       |       -2824.89   |        -2844.1   |        19.2105   |   100:43:08   |   00:30:55   |
20715       |       -2824.89   |        -2844.1   |        19.2105   |   100:44:38   |   00:30:38   |
20716       |       -2824.89   |        -2844.1   |        19.2105   |   100:46:09   |   00:30:21   |
20717       |       -2824.89   |        -2844.1   |        19.2105   |   100:47:38   |   00:30:04   |
20718       |       -2824.89   |        -2844.1   |        19.2105   |   100:49:18   |   00:29:46   |
20719       |       -2824.89   |        -2844.1   |        19.2105   |   100:50:55   |   00:29:29   |


Iter        |      Posterior   |     Likelihood   |          Prior   |    elapsed   |        ETA   |
----------------------------------------------------------------------------------------------------
20720       |       -2824.89   |        -2844.1   |        19.2105   |   100:52:26   |   00:29:12   |
20721       |       -2824.89   |        -2844.1   |        19.2105   |   100:59:00   |   00:28:56   |
20722       |       -2824.89   |        -2844.1   |        19.2105   |   101:00:40   |   00:28:39   |
20723       |       -2824.89   |        -2844.1   |        19.2105   |   101:02:21   |   00:28:22   |
20724       |       -2824.89   |        -2844.1   |        19.2105   |   101:03:49   |   00:28:05   |
20725       |       -2824.89   |        -2844.1   |        19.2105   |   101:05:24   |   00:27:48   |
20726       |       -2824.35   |       -2842.74   |        18.3837   |   101:06:57   |   00:27:30   |
20727       |       -2824.19   |       -2842.37   |        18.1801   |   101:08:28   |   00:27:13   |
20728       |       -2824.19   |       -2842.37   |        18.1801   |   101:10:06   |   00:26:56   |
20729       |       -2824.19   |       -2842.37   |        18.1801   |   101:11:48   |   00:26:39   |
20730       |       -2824.19   |       -2842.37   |        18.1801   |   101:13:26   |   00:26:22   |
20731       |       -2824.19   |       -2842.37   |        18.1801   |   101:20:10   |   00:26:06   |
20732       |       -2824.39   |       -2844.36   |        19.9742   |   101:21:42   |   00:25:48   |
20733       |       -2824.16   |        -2844.5   |        20.3485   |   101:23:05   |   00:25:31   |
20734       |       -2824.16   |        -2844.5   |        20.3485   |   101:24:33   |   00:25:14   |
20735       |       -2824.16   |        -2844.5   |        20.3485   |   101:26:03   |   00:24:56   |
20736       |       -2824.16   |        -2844.5   |        20.3485   |   101:27:40   |   00:24:39   |
20737       |       -2824.16   |        -2844.5   |        20.3485   |   101:29:10   |   00:24:22   |
20738       |       -2824.16   |        -2844.5   |        20.3485   |   101:30:43   |   00:24:04   |
20739       |       -2824.16   |        -2844.5   |        20.3485   |   101:32:17   |   00:23:47   |


Iter        |      Posterior   |     Likelihood   |          Prior   |    elapsed   |        ETA   |
----------------------------------------------------------------------------------------------------
20740       |       -2824.16   |        -2844.5   |        20.3485   |   101:33:52   |   00:23:30   |
20741       |       -2824.16   |        -2844.5   |        20.3485   |   101:40:27   |   00:23:14   |
20742       |       -2824.16   |        -2844.5   |        20.3485   |   101:42:00   |   00:22:56   |
20743       |       -2824.16   |        -2844.5   |        20.3485   |   101:43:39   |   00:22:39   |
20744       |       -2824.16   |        -2844.5   |        20.3485   |   101:45:18   |   00:22:22   |
20745       |       -2824.16   |        -2844.5   |        20.3485   |   101:46:59   |   00:22:04   |
20746       |       -2824.16   |        -2844.5   |        20.3485   |   101:48:35   |   00:21:47   |
20747       |       -2824.16   |        -2844.5   |        20.3485   |   101:50:09   |   00:21:29   |
20748       |       -2824.16   |        -2844.5   |        20.3485   |   101:51:45   |   00:21:12   |
20749       |       -2824.71   |       -2845.04   |        20.3335   |   101:53:14   |   00:20:55   |
20750       |       -2824.71   |       -2845.04   |        20.3335   |   101:54:53   |   00:20:37   |
20751       |       -2824.71   |       -2845.04   |        20.3335   |   102:01:32   |   00:20:21   |
20752       |       -2824.71   |       -2845.04   |        20.3335   |   102:03:05   |   00:20:03   |
20753       |       -2824.71   |       -2845.04   |        20.3335   |   102:04:38   |   00:19:46   |
20754       |       -2824.86   |       -2845.74   |        20.8719   |   102:06:09   |   00:19:28   |
20755       |       -2825.18   |       -2846.11   |        20.9294   |   102:07:40   |   00:19:11   |
20756       |       -2825.18   |       -2846.11   |        20.9294   |   102:09:10   |   00:18:53   |
20757       |       -2825.18   |       -2846.11   |        20.9294   |   102:10:40   |   00:18:36   |
20758       |       -2825.18   |       -2846.11   |        20.9294   |   102:12:16   |   00:18:18   |
20759       |       -2827.39   |       -2848.33   |        20.9345   |   102:13:53   |   00:18:01   |


Iter        |      Posterior   |     Likelihood   |          Prior   |    elapsed   |        ETA   |
----------------------------------------------------------------------------------------------------
20760       |       -2824.77   |       -2845.33   |         20.551   |   102:15:11   |   00:17:43   |
20761       |       -2824.77   |       -2845.33   |         20.551   |   102:21:53   |   00:17:27   |
20762       |       -2825.46   |       -2846.28   |        20.8119   |   102:23:28   |   00:17:09   |
20763       |       -2827.18   |       -2847.78   |        20.6002   |   102:24:48   |   00:16:52   |
20764       |        -2828.4   |       -2849.64   |        21.2381   |   102:26:13   |   00:16:34   |
20765       |       -2827.29   |       -2847.04   |        19.7552   |   102:27:41   |   00:16:16   |
20766       |       -2828.34   |       -2847.52   |        19.1747   |   102:29:16   |   00:15:59   |
20767       |       -2823.69   |       -2842.68   |        18.9831   |   102:30:47   |   00:15:41   |
20768       |       -2826.69   |       -2844.07   |        17.3831   |   102:32:17   |   00:15:24   |
20769       |       -2826.16   |       -2842.47   |         16.309   |   102:33:56   |   00:15:06   |
20770       |       -2825.73   |       -2842.89   |        17.1607   |   102:35:32   |   00:14:49   |
20771       |       -2825.73   |       -2842.89   |        17.1607   |   102:42:23   |   00:14:32   |
20772       |       -2830.33   |        -2847.5   |        17.1647   |   102:44:05   |   00:14:14   |
20773       |       -2825.17   |       -2843.77   |        18.5991   |   102:45:39   |   00:13:57   |
20774       |       -2827.54   |       -2845.28   |        17.7385   |   102:47:06   |   00:13:39   |
20775       |       -2825.51   |       -2843.34   |        17.8252   |   102:48:34   |   00:13:21   |
20776       |       -2824.26   |       -2841.15   |        16.8928   |   102:49:56   |   00:13:04   |
20777       |       -2826.71   |       -2842.78   |        16.0678   |   102:51:26   |   00:12:46   |
20778       |       -2824.65   |       -2840.46   |        15.8077   |   102:53:03   |   00:12:28   |
20779       |       -2824.18   |       -2839.23   |        15.0454   |   102:54:42   |   00:12:11   |


Iter        |      Posterior   |     Likelihood   |          Prior   |    elapsed   |        ETA   |
----------------------------------------------------------------------------------------------------
20780       |       -2826.04   |        -2841.7   |        15.6508   |   102:56:24   |   00:11:53   |
20781       |       -2826.24   |       -2842.67   |        16.4314   |   103:03:03   |   00:11:36   |
20782       |       -2824.09   |       -2839.57   |        15.4765   |   103:04:42   |   00:11:18   |
20783       |       -2823.03   |       -2837.07   |        14.0381   |   103:06:23   |   00:11:00   |
20784       |       -2822.26   |       -2836.62   |        14.3642   |   103:08:01   |   00:10:43   |
20785       |       -2821.53   |       -2837.69   |        16.1566   |   103:09:44   |   00:10:25   |
20786       |       -2820.33   |       -2836.18   |        15.8531   |   103:11:16   |   00:10:07   |
20787       |       -2819.83   |       -2837.25   |        17.4207   |   103:12:58   |   00:09:49   |
20788       |       -2821.03   |       -2838.38   |        17.3547   |   103:14:25   |   00:09:32   |
20789       |       -2821.56   |       -2837.76   |        16.2004   |   103:16:00   |   00:09:14   |
20790       |       -2821.92   |       -2836.76   |         14.844   |   103:17:32   |   00:08:56   |
20791       |       -2821.09   |       -2838.09   |        17.0034   |   103:24:23   |   00:08:39   |
20792       |       -2822.08   |        -2839.3   |        17.2182   |   103:25:52   |   00:08:21   |
20793       |       -2822.32   |       -2839.23   |        16.9104   |   103:27:26   |   00:08:03   |
20794       |       -2821.96   |       -2838.68   |        16.7249   |   103:29:01   |   00:07:45   |
20795       |       -2820.94   |       -2837.05   |        16.1126   |   103:30:35   |   00:07:27   |
20796       |        -2822.9   |       -2837.93   |        15.0291   |   103:32:13   |   00:07:10   |
20797       |       -2822.78   |       -2836.73   |        13.9486   |   103:33:43   |   00:06:52   |
20798       |       -2823.88   |       -2837.56   |        13.6802   |   103:35:21   |   00:06:34   |
20799       |       -2824.22   |       -2835.78   |        11.5612   |   103:36:57   |   00:06:16   |


Iter        |      Posterior   |     Likelihood   |          Prior   |    elapsed   |        ETA   |
----------------------------------------------------------------------------------------------------
20800       |       -2827.26   |       -2835.25   |        7.98775   |   103:38:39   |   00:05:58   |
20801       |       -2826.21   |       -2839.47   |        13.2548   |   103:45:28   |   00:05:41   |
20802       |       -2826.07   |       -2839.61   |         13.536   |   103:47:04   |   00:05:23   |
20803       |       -2825.89   |       -2836.62   |        10.7258   |   103:48:41   |   00:05:05   |
20804       |       -2825.41   |       -2835.84   |        10.4256   |   103:50:22   |   00:04:47   |
20805       |       -2827.31   |       -2838.77   |        11.4626   |   103:51:56   |   00:04:29   |
20806       |       -2827.74   |       -2840.58   |         12.842   |   103:53:36   |   00:04:11   |
20807       |       -2825.81   |       -2840.29   |        14.4813   |   103:55:20   |   00:03:53   |
20808       |       -2825.81   |       -2840.29   |        14.4813   |   103:57:07   |   00:03:35   |
20809       |       -2825.81   |       -2840.29   |        14.4813   |   103:58:54   |   00:03:17   |
20810       |        -2827.7   |        -2842.2   |        14.4992   |   104:00:28   |   00:02:59   |
20811       |       -2827.65   |       -2841.34   |        13.6954   |   104:07:25   |   00:02:42   |
20812       |       -2825.86   |       -2839.19   |        13.3341   |   104:09:07   |   00:02:24   |
20813       |       -2825.08   |       -2836.77   |        11.6881   |   104:10:40   |   00:02:06   |
20814       |       -2822.67   |       -2836.87   |        14.1988   |   104:12:11   |   00:01:48   |
20815       |       -2822.06   |       -2834.68   |        12.6232   |   104:13:49   |   00:01:30   |
20816       |        -2823.2   |       -2834.41   |        11.2194   |   104:15:24   |   00:01:12   |
20817       |       -2820.68   |       -2833.16   |          12.48   |   104:16:57   |   00:00:54   |
20818       |       -2820.79   |       -2835.67   |        14.8846   |   104:18:37   |   00:00:36   |
20819       |       -2819.66   |        -2834.6   |        14.9357   |   104:20:11   |   00:00:18   |


Iter        |      Posterior   |     Likelihood   |          Prior   |    elapsed   |        ETA   |
----------------------------------------------------------------------------------------------------
20820       |       -2823.74   |       -2838.25   |        14.5083   |   104:21:50   |   00:00:00   |

                  Name                  | Param              |  Weight  |  Tried   | Accepted | Acc. Ratio| Parameters
===============================================================================================================================
Scaling                                  gamma_a                  2.0000      41751      26993      0.6465 lambda = 0.6973
Scaling                                  gamma_b                  2.0000      41501      24810      0.5978 lambda = 0.6997
UpDownScaling                            gamma_a                  1.0000      20900      12157      0.5817 lambda = 0.6399
Scaling                                  delta_a                  2.0000      41372      26163      0.6324 lambda = 0.6998
Scaling                                  delta_b                  2.0000      41677      24076      0.5777 lambda = 0.6028
UpDownScaling                            delta_a                  1.0000      20823      11715      0.5626 lambda = 0.5351
Scaling                                  rho_a                    2.0000      41528      26731      0.6437 lambda = 0.7576
Scaling                                  rho_b                    2.0000      41418      26571      0.6415 lambda = 0.8072
UpDownScaling                            rho_a                    1.0000      21060      12994      0.6170 lambda = 0.6764
Scaling                                  eta_a                    2.0000      41325      26776      0.6479 lambda = 0.7618
Scaling                                  eta_b                    2.0000      41847      25973      0.6207 lambda = 0.6993
UpDownScaling                            eta_a                    1.0000      20887      12771      0.6114 lambda = 0.5938
Scaling                                  alpha                    1.0000      20918       7806      0.3732 lambda = 2.6763
Scaling                                  turnover                 1.0000      20725       8433      0.4069 lambda = 0.0810
Scaling                                  total_speciation         1.0000      21089       8278      0.3925 lambda = 0.0557
BetaSimplex                              relative_clado           5.0000     104064      51397      0.4939 alpha = 28.9135
ElementSwapSimplex                       relative_clado           3.0000      62288       7651      0.1228 
UpDownScaling                            total_speciation         1.0000      21067       9518      0.4518 lambda = 0.3061

