
RevBayes version (1.1.0)
Build from dev_mrm (rapture-477-g991966) on Thu Feb 15 15:42:16 EST 2024

Visit the website www.RevBayes.com for more information about RevBayes.

RevBayes is free software released under the GPL license, version 3. Type 'license()' for details.

To quit RevBayes type 'quit()' or 'q()'.


> source("scripts/asple/asple_chromohisse_modelspec_tb_5.rev")
   Processing file "scripts/asple/asple_chromohisse_modelspec_tb_5.rev"
   Attempting to read the contents of file "aspleniineae_csomepruned.tree"
   Successfully read file
   Processing file "scripts/chromohisse_tp_mrm_tb.rev"
Anagenic Rates Matrix Built
Cladogenic Rates Matrix Built
All MCMC moves defined
   Warning: simulating tree under uniform model.
   Warning: simulating tree under uniform model.
GHLBDSP
Model clamped
   -2853.538
Defining Model...
Setting monitors...
		monitoring stochasitc character map
Initializing MCMC...
	Intializing from checkpoint
		Continuing main analysis
   Appending to previous MCMC simulation of 17525 iterations
   This simulation runs 1 independent replicate.
   The simulator uses 18 different moves in a random move schedule with 32 moves per iteration

Iter        |      Posterior   |     Likelihood   |          Prior   |    elapsed   |        ETA   |
----------------------------------------------------------------------------------------------------
17526       |       -2831.42   |       -2846.23   |        14.8044   |   00:01:27   |   00:00:14   |
17527       |       -2823.25   |       -2837.43   |        14.1731   |   00:03:00   |   00:00:30   |
17528       |       -2823.54   |       -2837.73   |         14.193   |   00:04:42   |   00:00:48   |
17529       |       -2824.24   |       -2837.72   |        13.4884   |   00:06:21   |   00:01:05   |
17530       |       -2828.69   |        -2841.7   |        13.0118   |   00:07:54   |   00:01:20   |
17531       |       -2828.91   |       -2844.79   |         15.873   |   00:14:57   |   00:02:33   |
17532       |       -2828.91   |       -2844.79   |         15.873   |   00:16:40   |   00:02:50   |
17533       |       -2829.57   |       -2846.01   |        16.4345   |   00:18:11   |   00:03:06   |
17534       |       -2823.27   |       -2839.49   |        16.2209   |   00:19:39   |   00:03:21   |
17535       |       -2825.26   |       -2840.78   |        15.5215   |   00:21:17   |   00:03:37   |
17536       |       -2826.12   |       -2842.43   |        16.3048   |   00:22:45   |   00:03:52   |
17537       |       -2827.81   |       -2844.87   |        17.0636   |   00:24:18   |   00:04:08   |
17538       |       -2827.66   |       -2844.14   |        16.4857   |   00:25:55   |   00:04:24   |
17539       |       -2827.66   |       -2844.14   |        16.4857   |   00:27:41   |   00:04:42   |


Iter        |      Posterior   |     Likelihood   |          Prior   |    elapsed   |        ETA   |
----------------------------------------------------------------------------------------------------
17540       |       -2827.66   |       -2844.14   |        16.4857   |   00:29:23   |   00:05:00   |
17541       |       -2824.78   |       -2843.66   |         18.874   |   00:36:05   |   00:06:08   |
17542       |       -2824.28   |       -2843.66   |        19.3807   |   00:37:23   |   00:06:21   |
17543       |       -2823.98   |       -2841.39   |        17.4053   |   00:38:50   |   00:06:36   |
17544       |       -2822.74   |       -2839.78   |        17.0467   |   00:40:22   |   00:06:51   |
17545       |       -2823.57   |       -2839.35   |        15.7747   |   00:41:44   |   00:07:05   |
17546       |       -2826.12   |       -2841.01   |        14.8861   |   00:43:19   |   00:07:21   |
17547       |       -2824.97   |        -2840.1   |        15.1285   |   00:44:59   |   00:07:38   |
17548       |        -2827.4   |       -2842.51   |        15.1131   |   00:46:41   |   00:07:55   |
17549       |       -2827.44   |       -2842.03   |        14.5887   |   00:48:22   |   00:08:12   |
17550       |       -2826.67   |       -2840.45   |        13.7834   |   00:50:00   |   00:08:28   |
17551       |       -2826.64   |        -2841.3   |        14.6529   |   00:56:58   |   00:09:39   |
17552       |       -2825.36   |       -2839.64   |         14.279   |   00:58:34   |   00:09:55   |
17553       |       -2825.98   |       -2837.92   |        11.9324   |   01:00:11   |   00:10:11   |
17554       |       -2825.33   |       -2836.32   |        10.9881   |   01:01:56   |   00:10:28   |
17555       |        -2825.9   |       -2838.12   |        12.2261   |   01:03:35   |   00:10:45   |
17556       |       -2828.02   |       -2838.32   |        10.3051   |   01:05:11   |   00:11:01   |
17557       |       -2827.82   |       -2841.53   |        13.7055   |   01:06:46   |   00:11:17   |
17558       |       -2823.58   |       -2837.53   |        13.9476   |   01:08:26   |   00:11:33   |
17559       |       -2822.24   |       -2836.61   |        14.3774   |   01:10:10   |   00:11:51   |


Iter        |      Posterior   |     Likelihood   |          Prior   |    elapsed   |        ETA   |
----------------------------------------------------------------------------------------------------
17560       |        -2823.3   |       -2834.73   |        11.4256   |   01:11:54   |   00:12:08   |
17561       |       -2822.05   |       -2834.22   |        12.1741   |   01:18:59   |   00:13:19   |
17562       |        -2823.2   |       -2836.01   |        12.8023   |   01:20:33   |   00:13:35   |
17563       |       -2823.91   |        -2836.4   |        12.4841   |   01:21:58   |   00:13:49   |
17564       |       -2825.94   |        -2837.7   |        11.7578   |   01:23:46   |   00:14:07   |
17565       |       -2824.15   |       -2836.67   |        12.5245   |   01:25:31   |   00:14:24   |
17566       |       -2821.42   |       -2836.18   |        14.7629   |   01:27:04   |   00:14:39   |
17567       |       -2823.44   |       -2837.26   |        13.8175   |   01:28:43   |   00:14:56   |
17568       |       -2823.01   |       -2837.44   |        14.4352   |   01:30:22   |   00:15:12   |
17569       |        -2822.5   |       -2835.93   |        13.4234   |   01:32:06   |   00:15:29   |
17570       |       -2821.77   |       -2835.95   |         14.187   |   01:33:43   |   00:15:45   |
17571       |       -2822.26   |       -2836.54   |        14.2834   |   01:40:46   |   00:16:56   |
17572       |        -2821.1   |       -2836.21   |        15.1136   |   01:42:11   |   00:17:10   |
17573       |       -2821.49   |        -2835.5   |        14.0073   |   01:43:38   |   00:17:24   |
17574       |       -2822.15   |       -2835.18   |        13.0359   |   01:45:17   |   00:17:40   |
17575       |       -2822.06   |       -2835.99   |        13.9325   |   01:46:38   |   00:17:53   |
17576       |       -2821.97   |        -2836.1   |        14.1312   |   01:48:12   |   00:18:09   |
17577       |       -2822.36   |       -2840.09   |         17.732   |   01:49:40   |   00:18:23   |
17578       |       -2821.13   |       -2838.47   |        17.3369   |   01:51:01   |   00:18:36   |
17579       |       -2821.43   |       -2838.69   |        17.2568   |   01:52:31   |   00:18:51   |


Iter        |      Posterior   |     Likelihood   |          Prior   |    elapsed   |        ETA   |
----------------------------------------------------------------------------------------------------
17580       |       -2822.83   |       -2839.78   |        16.9528   |   01:53:53   |   00:19:04   |
17581       |       -2823.36   |       -2842.27   |        18.9136   |   02:00:24   |   00:20:09   |
17582       |       -2822.17   |       -2841.36   |          19.19   |   02:01:57   |   00:20:24   |
17583       |       -2821.75   |       -2839.63   |        17.8792   |   02:03:30   |   00:20:39   |
17584       |       -2822.32   |       -2840.58   |        18.2564   |   02:05:05   |   00:20:55   |
17585       |       -2824.01   |       -2841.93   |        17.9236   |   02:06:42   |   00:21:10   |
17586       |       -2826.97   |       -2846.82   |        19.8449   |   02:08:24   |   00:21:27   |
17587       |       -2824.39   |       -2843.59   |        19.1951   |   02:09:49   |   00:21:41   |
17588       |       -2823.27   |       -2840.64   |        17.3674   |   02:11:26   |   00:21:56   |
17589       |       -2822.29   |       -2838.41   |         16.121   |   02:13:07   |   00:22:13   |
17590       |       -2823.04   |       -2839.57   |        16.5324   |   02:14:52   |   00:22:30   |
17591       |       -2823.64   |       -2841.05   |        17.4038   |   02:21:48   |   00:23:39   |
17592       |          -2825   |        -2839.2   |         14.206   |   02:23:22   |   00:23:54   |
17593       |       -2824.15   |       -2838.82   |        14.6689   |   02:25:01   |   00:24:10   |
17594       |       -2823.28   |       -2838.84   |        15.5592   |   02:26:42   |   00:24:26   |
17595       |       -2821.91   |       -2838.96   |         17.049   |   02:28:19   |   00:24:41   |
17596       |       -2823.34   |        -2839.3   |        15.9577   |   02:29:53   |   00:24:56   |
17597       |       -2824.96   |       -2840.76   |        15.7905   |   02:31:30   |   00:25:12   |
17598       |       -2824.34   |       -2840.13   |        15.7988   |   02:33:06   |   00:25:27   |
17599       |       -2822.67   |       -2837.34   |        14.6739   |   02:34:42   |   00:25:43   |


Iter        |      Posterior   |     Likelihood   |          Prior   |    elapsed   |        ETA   |
----------------------------------------------------------------------------------------------------
17600       |       -2822.12   |        -2837.1   |        14.9811   |   02:36:22   |   00:25:59   |
17601       |       -2821.97   |       -2837.21   |        15.2466   |   02:43:02   |   00:27:05   |
17602       |       -2822.03   |       -2837.22   |        15.1846   |   02:44:29   |   00:27:18   |
17603       |        -2822.9   |       -2838.42   |        15.5169   |   02:45:59   |   00:27:33   |
17604       |       -2824.11   |       -2838.17   |        14.0563   |   02:47:38   |   00:27:48   |
17605       |        -2825.6   |       -2840.96   |         15.358   |   02:49:17   |   00:28:04   |
17606       |       -2824.04   |       -2840.89   |        16.8537   |   02:50:50   |   00:28:19   |
17607       |       -2821.63   |       -2836.77   |         15.145   |   02:52:24   |   00:28:34   |
17608       |       -2821.14   |       -2836.91   |        15.7672   |   02:54:00   |   00:28:49   |
17609       |       -2821.85   |       -2836.83   |        14.9755   |   02:55:31   |   00:29:03   |
17610       |       -2824.26   |       -2838.61   |        14.3534   |   02:57:11   |   00:29:19   |
17611       |       -2828.04   |       -2839.88   |         11.845   |   03:04:11   |   00:30:28   |
17612       |       -2822.44   |       -2835.87   |        13.4255   |   03:05:58   |   00:30:45   |
17613       |       -2821.83   |       -2834.91   |         13.078   |   03:07:28   |   00:30:59   |
17614       |       -2822.44   |       -2836.12   |        13.6834   |   03:09:01   |   00:31:14   |
17615       |       -2822.11   |       -2836.24   |        14.1264   |   03:10:34   |   00:31:28   |
17616       |       -2825.66   |       -2839.93   |        14.2731   |   03:12:08   |   00:31:43   |
17617       |       -2823.85   |       -2837.66   |        13.8095   |   03:13:37   |   00:31:57   |
17618       |       -2823.39   |       -2837.42   |        14.0342   |   03:15:16   |   00:32:13   |
17619       |       -2823.24   |       -2837.36   |        14.1271   |   03:16:56   |   00:32:28   |


Iter        |      Posterior   |     Likelihood   |          Prior   |    elapsed   |        ETA   |
----------------------------------------------------------------------------------------------------
17620       |       -2824.16   |       -2836.15   |         11.987   |   03:18:31   |   00:32:43   |
17621       |       -2826.69   |       -2838.74   |        12.0551   |   03:25:17   |   00:33:49   |
17622       |        -2826.9   |       -2838.26   |        11.3525   |   03:26:53   |   00:34:04   |
17623       |       -2824.55   |        -2835.6   |        11.0517   |   03:28:32   |   00:34:20   |
17624       |       -2828.37   |       -2836.45   |        8.08249   |   03:30:11   |   00:34:35   |
17625       |       -2828.12   |       -2838.33   |        10.2063   |   03:32:00   |   00:34:52   |
17626       |       -2831.03   |       -2839.62   |        8.59312   |   03:33:42   |   00:35:08   |
17627       |        -2827.4   |       -2836.75   |        9.34318   |   03:35:28   |   00:35:25   |
17628       |       -2824.48   |       -2837.97   |        13.4963   |   03:37:10   |   00:35:41   |
17629       |       -2824.99   |       -2839.82   |        14.8319   |   03:38:39   |   00:35:55   |
17630       |       -2823.96   |       -2837.49   |        13.5274   |   03:40:09   |   00:36:09   |
17631       |       -2823.65   |       -2836.54   |        12.8808   |   03:47:06   |   00:37:16   |
17632       |       -2823.51   |       -2837.02   |        13.5089   |   03:48:41   |   00:37:31   |
17633       |       -2824.31   |       -2837.24   |         12.932   |   03:50:21   |   00:37:46   |
17634       |       -2823.45   |       -2837.66   |        14.2051   |   03:52:07   |   00:38:03   |
17635       |       -2822.34   |       -2834.68   |        12.3375   |   03:53:41   |   00:38:17   |
17636       |        -2823.9   |       -2836.41   |        12.5104   |   03:55:17   |   00:38:32   |
17637       |       -2822.58   |       -2835.79   |        13.2102   |   03:56:56   |   00:38:47   |
17638       |       -2824.13   |       -2836.81   |        12.6768   |   03:58:34   |   00:39:02   |
17639       |       -2824.18   |       -2837.28   |        13.1035   |   04:00:14   |   00:39:18   |


Iter        |      Posterior   |     Likelihood   |          Prior   |    elapsed   |        ETA   |
----------------------------------------------------------------------------------------------------
17640       |       -2828.71   |       -2844.13   |         15.421   |   04:01:47   |   00:39:32   |
17641       |       -2826.16   |       -2841.11   |        14.9491   |   04:08:25   |   00:40:36   |
17642       |       -2825.61   |       -2841.51   |        15.8968   |   04:10:00   |   00:40:51   |
17643       |       -2825.59   |       -2840.29   |        14.6934   |   04:11:42   |   00:41:06   |
17644       |        -2826.7   |       -2843.04   |        16.3389   |   04:13:20   |   00:41:21   |
17645       |       -2825.38   |       -2842.29   |        16.9122   |   04:14:52   |   00:41:35   |
17646       |       -2824.48   |       -2841.37   |         16.889   |   04:16:31   |   00:41:51   |
17647       |       -2827.78   |       -2845.95   |        18.1618   |   04:18:01   |   00:42:04   |
17648       |       -2825.29   |       -2845.25   |        19.9621   |   04:19:31   |   00:42:18   |
17649       |       -2825.29   |       -2845.25   |        19.9621   |   04:21:10   |   00:42:33   |
17650       |       -2825.27   |       -2843.88   |        18.6137   |   04:22:41   |   00:42:47   |
17651       |       -2823.66   |       -2842.03   |        18.3716   |   04:29:19   |   00:43:51   |
17652       |       -2823.88   |       -2841.26   |        17.3831   |   04:30:50   |   00:44:04   |
17653       |       -2822.52   |       -2839.72   |        17.1969   |   04:32:17   |   00:44:17   |
17654       |       -2824.64   |       -2837.71   |        13.0717   |   04:33:51   |   00:44:32   |
17655       |       -2823.97   |        -2837.9   |        13.9308   |   04:35:30   |   00:44:47   |
17656       |       -2823.25   |       -2836.81   |        13.5619   |   04:37:02   |   00:45:00   |
17657       |        -2824.2   |       -2838.91   |         14.714   |   04:38:38   |   00:45:15   |
17658       |       -2825.32   |       -2840.71   |        15.3851   |   04:40:14   |   00:45:29   |
17659       |       -2825.52   |       -2841.09   |        15.5725   |   04:41:41   |   00:45:42   |


Iter        |      Posterior   |     Likelihood   |          Prior   |    elapsed   |        ETA   |
----------------------------------------------------------------------------------------------------
17660       |       -2824.12   |       -2841.11   |        16.9816   |   04:43:17   |   00:45:57   |
17661       |       -2824.36   |       -2841.34   |        16.9821   |   04:49:56   |   00:47:01   |
17662       |       -2828.15   |       -2845.06   |        16.9103   |   04:51:14   |   00:47:12   |
17663       |       -2829.42   |        -2844.3   |         14.885   |   04:52:45   |   00:47:26   |
17664       |       -2826.12   |       -2841.11   |        14.9855   |   04:54:05   |   00:47:37   |
17665       |       -2827.06   |       -2842.23   |        15.1682   |   04:55:29   |   00:47:50   |
17666       |       -2821.72   |       -2835.44   |        13.7189   |   04:56:55   |   00:48:03   |
17667       |       -2825.17   |       -2836.92   |        11.7471   |   04:58:25   |   00:48:16   |
17668       |       -2819.94   |       -2831.15   |        11.2109   |   04:59:55   |   00:48:29   |
17669       |        -2821.2   |       -2832.98   |        11.7789   |   05:01:24   |   00:48:43   |
17670       |        -2819.2   |       -2833.29   |         14.088   |   05:03:06   |   00:48:58   |
17671       |       -2818.79   |       -2835.28   |        16.4874   |   05:09:53   |   00:50:02   |
17672       |       -2818.69   |       -2836.01   |        17.3169   |   05:11:13   |   00:50:14   |
17673       |        -2820.3   |        -2839.3   |        19.0005   |   05:12:44   |   00:50:28   |
17674       |       -2823.08   |       -2842.45   |        19.3707   |   05:14:05   |   00:50:39   |
17675       |       -2823.37   |       -2843.35   |        19.9744   |   05:15:30   |   00:50:52   |
17676       |       -2822.96   |       -2841.12   |        18.1653   |   05:17:00   |   00:51:05   |
17677       |       -2824.77   |        -2841.8   |        17.0296   |   05:18:19   |   00:51:17   |
17678       |       -2824.32   |       -2841.41   |        17.0915   |   05:19:38   |   00:51:28   |
17679       |       -2824.76   |       -2838.48   |        13.7238   |   05:21:08   |   00:51:41   |


Iter        |      Posterior   |     Likelihood   |          Prior   |    elapsed   |        ETA   |
----------------------------------------------------------------------------------------------------
17680       |       -2823.15   |       -2838.29   |        15.1307   |   05:22:27   |   00:51:53   |
17681       |       -2824.49   |          -2837   |        12.5111   |   05:29:02   |   00:52:55   |
17682       |       -2823.06   |       -2834.73   |        11.6675   |   05:30:26   |   00:53:07   |
17683       |       -2821.54   |       -2831.48   |        9.94283   |   05:31:54   |   00:53:20   |
17684       |       -2820.87   |       -2830.57   |        9.69389   |   05:33:23   |   00:53:33   |
17685       |       -2821.71   |        -2831.8   |        10.0873   |   05:34:51   |   00:53:46   |
17686       |       -2825.39   |        -2835.1   |         9.7124   |   05:36:20   |   00:53:59   |
17687       |       -2825.78   |       -2834.07   |        8.28919   |   05:38:00   |   00:54:14   |
17688       |       -2826.22   |       -2834.13   |        7.91715   |   05:39:44   |   00:54:29   |
17689       |       -2827.95   |       -2835.93   |        7.98577   |   05:41:25   |   00:54:44   |
17690       |        -2824.9   |       -2833.95   |        9.04325   |   05:43:04   |   00:54:58   |
17691       |       -2827.18   |       -2834.19   |        7.01002   |   05:50:12   |   00:56:06   |
17692       |       -2825.84   |       -2834.04   |        8.20155   |   05:51:55   |   00:56:21   |
17693       |       -2824.62   |          -2832   |        7.38143   |   05:53:30   |   00:56:34   |
17694       |       -2822.86   |       -2832.55   |        9.68323   |   05:55:15   |   00:56:50   |
17695       |       -2822.62   |       -2832.33   |        9.71571   |   05:56:56   |   00:57:05   |
17696       |       -2823.37   |       -2832.93   |        9.56381   |   05:58:34   |   00:57:19   |
17697       |       -2823.37   |       -2832.93   |        9.56381   |   06:00:18   |   00:57:34   |
17698       |       -2823.37   |       -2832.93   |        9.56381   |   06:02:05   |   00:57:50   |
17699       |       -2823.53   |       -2834.38   |        10.8518   |   06:03:45   |   00:58:04   |


Iter        |      Posterior   |     Likelihood   |          Prior   |    elapsed   |        ETA   |
----------------------------------------------------------------------------------------------------
17700       |       -2823.38   |       -2834.81   |        11.4223   |   06:05:18   |   00:58:18   |
17701       |       -2822.04   |       -2832.96   |        10.9182   |   06:12:16   |   00:59:23   |
17702       |       -2821.33   |       -2833.95   |        12.6169   |   06:13:42   |   00:59:35   |
17703       |        -2820.7   |       -2833.31   |        12.6099   |   06:15:16   |   00:59:49   |
17704       |       -2822.27   |       -2834.77   |        12.4948   |   06:16:51   |   01:00:02   |
17705       |       -2826.37   |       -2838.52   |        12.1506   |   06:18:22   |   01:00:15   |
17706       |       -2824.99   |       -2836.86   |        11.8735   |   06:20:00   |   01:00:30   |
17707       |       -2825.41   |        -2836.6   |        11.1909   |   06:21:30   |   01:00:42   |
17708       |       -2824.66   |       -2834.59   |        9.93275   |   06:23:09   |   01:00:57   |
17709       |       -2825.41   |       -2837.57   |        12.1542   |   06:24:40   |   01:01:10   |
17710       |       -2824.76   |       -2839.01   |        14.2499   |   06:26:10   |   01:01:22   |
17711       |        -2824.9   |       -2838.93   |        14.0328   |   06:32:53   |   01:02:25   |
17712       |       -2825.53   |       -2838.81   |        13.2813   |   06:34:25   |   01:02:38   |
17713       |       -2825.62   |       -2839.72   |        14.1055   |   06:36:01   |   01:02:52   |
17714       |       -2825.15   |       -2840.38   |        15.2304   |   06:37:35   |   01:03:05   |
17715       |       -2826.41   |       -2839.85   |        13.4357   |   06:39:04   |   01:03:18   |
17716       |          -2826   |       -2838.88   |        12.8784   |   06:40:46   |   01:03:32   |
17717       |        -2826.4   |       -2838.54   |        12.1428   |   06:42:20   |   01:03:45   |
17718       |        -2826.4   |       -2838.46   |        12.0524   |   06:43:52   |   01:03:58   |
17719       |       -2827.08   |       -2838.38   |        11.3001   |   06:45:25   |   01:04:12   |


Iter        |      Posterior   |     Likelihood   |          Prior   |    elapsed   |        ETA   |
----------------------------------------------------------------------------------------------------
17720       |       -2825.43   |       -2836.26   |        10.8359   |   06:46:54   |   01:04:24   |
17721       |       -2824.38   |       -2834.26   |        9.87796   |   06:53:42   |   01:05:27   |
17722       |       -2825.82   |       -2833.71   |        7.89018   |   06:55:20   |   01:05:41   |
17723       |       -2826.12   |       -2835.85   |        9.72881   |   06:56:51   |   01:05:54   |
17724       |        -2828.1   |       -2837.29   |        9.19182   |   06:58:29   |   01:06:08   |
17725       |       -2826.01   |        -2835.8   |        9.78268   |   07:00:02   |   01:06:21   |
17726       |       -2827.39   |       -2834.89   |         7.5003   |   07:01:39   |   01:06:34   |
17727       |       -2828.86   |       -2833.79   |         4.9313   |   07:03:17   |   01:06:48   |
17728       |       -2827.72   |       -2832.79   |        5.07248   |   07:05:00   |   01:07:03   |
17729       |       -2827.72   |       -2832.79   |        5.07248   |   07:06:50   |   01:07:18   |
17730       |       -2830.94   |        -2836.1   |         5.1522   |   07:08:42   |   01:07:34   |
17731       |       -2828.03   |       -2835.47   |        7.44608   |   07:15:41   |   01:08:39   |
17732       |       -2829.15   |       -2834.82   |        5.66463   |   07:17:14   |   01:08:52   |
17733       |       -2830.71   |       -2836.75   |        6.03342   |   07:18:55   |   01:09:06   |
17734       |       -2828.89   |       -2835.58   |         6.6923   |   07:20:34   |   01:09:20   |
17735       |       -2828.21   |       -2835.24   |        7.03604   |   07:22:08   |   01:09:33   |
17736       |       -2831.64   |       -2833.96   |         2.3156   |   07:23:46   |   01:09:46   |
17737       |       -2829.24   |       -2836.72   |        7.48035   |   07:25:13   |   01:09:58   |
17738       |       -2827.96   |       -2837.13   |        9.16847   |   07:26:50   |   01:10:12   |
17739       |       -2827.25   |       -2835.16   |        7.90374   |   07:28:28   |   01:10:26   |


Iter        |      Posterior   |     Likelihood   |          Prior   |    elapsed   |        ETA   |
----------------------------------------------------------------------------------------------------
17740       |       -2827.47   |       -2836.12   |        8.64807   |   07:30:05   |   01:10:39   |
17741       |       -2826.48   |       -2837.59   |        11.1135   |   07:36:57   |   01:11:42   |
17742       |        -2826.3   |       -2837.22   |        10.9117   |   07:38:25   |   01:11:54   |
17743       |       -2826.95   |       -2837.84   |         10.889   |   07:39:52   |   01:12:06   |
17744       |       -2829.95   |       -2843.02   |        13.0729   |   07:41:14   |   01:12:17   |
17745       |        -2832.3   |       -2845.69   |        13.3944   |   07:42:35   |   01:12:28   |
17746       |       -2829.43   |       -2843.08   |        13.6487   |   07:44:00   |   01:12:39   |
17747       |       -2829.73   |       -2844.68   |         14.953   |   07:45:11   |   01:12:49   |
17748       |       -2829.73   |       -2844.68   |         14.953   |   07:46:39   |   01:13:00   |
17749       |       -2829.04   |       -2841.79   |        12.7477   |   07:48:03   |   01:13:12   |
17750       |       -2832.74   |       -2845.44   |        12.6974   |   07:49:28   |   01:13:23   |
17751       |       -2829.03   |       -2844.55   |        15.5275   |   07:56:07   |   01:14:24   |
17752       |       -2826.26   |       -2840.88   |        14.6198   |   07:57:30   |   01:14:35   |
17753       |       -2822.72   |       -2836.67   |        13.9579   |   07:58:54   |   01:14:46   |
17754       |       -2826.03   |       -2842.49   |        16.4518   |   08:00:20   |   01:14:58   |
17755       |       -2826.03   |       -2841.41   |        15.3758   |   08:01:56   |   01:15:11   |
17756       |       -2825.55   |       -2841.44   |        15.8861   |   08:03:27   |   01:15:23   |
17757       |          -2826   |       -2839.69   |         13.689   |   08:04:55   |   01:15:35   |
17758       |       -2825.06   |       -2839.16   |        14.1006   |   08:06:23   |   01:15:47   |
17759       |       -2823.78   |       -2837.84   |        14.0586   |   08:08:01   |   01:16:00   |


Iter        |      Posterior   |     Likelihood   |          Prior   |    elapsed   |        ETA   |
----------------------------------------------------------------------------------------------------
17760       |       -2824.98   |       -2838.01   |        13.0292   |   08:09:33   |   01:16:12   |
17761       |       -2826.36   |       -2839.67   |        13.3188   |   08:16:21   |   01:17:14   |
17762       |       -2831.93   |       -2843.35   |        11.4113   |   08:17:55   |   01:17:27   |
17763       |       -2830.16   |       -2841.48   |        11.3161   |   08:19:29   |   01:17:39   |
17764       |       -2828.83   |       -2838.59   |        9.76335   |   08:21:02   |   01:17:52   |
17765       |       -2827.44   |       -2837.05   |        9.60659   |   08:22:38   |   01:18:05   |
17766       |       -2825.35   |       -2835.86   |        10.5099   |   08:24:03   |   01:18:16   |
17767       |       -2825.35   |       -2835.86   |        10.5099   |   08:25:49   |   01:18:31   |
17768       |       -2823.49   |       -2833.84   |         10.347   |   08:27:20   |   01:18:43   |
17769       |       -2822.13   |       -2833.76   |        11.6258   |   08:28:52   |   01:18:55   |
17770       |       -2821.42   |       -2833.74   |         12.324   |   08:30:19   |   01:19:07   |
17771       |       -2819.86   |       -2831.72   |        11.8551   |   08:36:59   |   01:20:07   |
17772       |       -2820.92   |       -2835.97   |        15.0513   |   08:38:33   |   01:20:19   |
17773       |       -2821.33   |       -2835.46   |        14.1374   |   08:40:05   |   01:20:31   |
17774       |       -2823.92   |       -2837.85   |        13.9354   |   08:41:30   |   01:20:42   |
17775       |       -2824.86   |        -2838.3   |        13.4396   |   08:43:02   |   01:20:55   |
17776       |        -2824.2   |       -2838.51   |         14.311   |   08:44:37   |   01:21:07   |
17777       |        -2821.6   |        -2837.6   |        16.0003   |   08:46:00   |   01:21:18   |
17778       |       -2824.83   |       -2839.81   |         14.989   |   08:47:15   |   01:21:28   |
17779       |       -2824.84   |       -2838.99   |        14.1444   |   08:48:45   |   01:21:39   |


Iter        |      Posterior   |     Likelihood   |          Prior   |    elapsed   |        ETA   |
----------------------------------------------------------------------------------------------------
17780       |       -2821.84   |       -2835.06   |        13.2214   |   08:50:09   |   01:21:50   |
17781       |       -2823.67   |       -2835.63   |        11.9502   |   08:56:47   |   01:22:50   |
17782       |       -2824.05   |       -2835.45   |        11.3947   |   08:58:22   |   01:23:02   |
17783       |       -2821.57   |       -2835.22   |        13.6502   |   08:59:49   |   01:23:14   |
17784       |       -2821.84   |       -2835.69   |        13.8512   |   09:01:21   |   01:23:26   |
17785       |       -2821.07   |       -2835.48   |        14.4089   |   09:02:56   |   01:23:38   |
17786       |       -2821.07   |       -2835.48   |        14.4089   |   09:04:30   |   01:23:51   |
17787       |       -2821.07   |       -2835.48   |        14.4089   |   09:05:59   |   01:24:02   |
17788       |       -2821.07   |       -2835.48   |        14.4089   |   09:07:31   |   01:24:14   |
17789       |       -2823.95   |       -2838.34   |         14.388   |   09:09:02   |   01:24:26   |
17790       |       -2822.14   |       -2836.71   |        14.5739   |   09:10:27   |   01:24:37   |
17791       |        -2822.2   |        -2836.6   |        14.4052   |   09:17:05   |   01:25:36   |
17792       |       -2821.87   |       -2835.12   |          13.25   |   09:18:45   |   01:25:49   |
17793       |       -2825.04   |       -2834.93   |        9.89289   |   09:20:19   |   01:26:01   |
17794       |       -2821.81   |          -2834   |        12.1876   |   09:21:50   |   01:26:13   |
17795       |       -2820.58   |        -2832.8   |        12.2139   |   09:23:33   |   01:26:27   |
17796       |       -2820.09   |       -2832.23   |        12.1475   |   09:25:05   |   01:26:39   |
17797       |       -2819.91   |       -2832.06   |        12.1475   |   09:26:36   |   01:26:51   |
17798       |       -2819.12   |       -2831.22   |        12.0911   |   09:28:07   |   01:27:02   |
17799       |       -2821.47   |       -2832.15   |        10.6788   |   09:29:40   |   01:27:14   |


Iter        |      Posterior   |     Likelihood   |          Prior   |    elapsed   |        ETA   |
----------------------------------------------------------------------------------------------------
17800       |       -2825.91   |       -2835.47   |        9.56139   |   09:31:19   |   01:27:27   |
17801       |       -2824.66   |        -2835.7   |        11.0341   |   09:38:16   |   01:28:29   |
17802       |       -2823.63   |       -2835.43   |        11.8006   |   09:39:50   |   01:28:41   |
17803       |       -2824.79   |       -2836.42   |        11.6341   |   09:41:36   |   01:28:55   |
17804       |       -2826.59   |       -2834.69   |        8.09877   |   09:43:15   |   01:29:08   |
17805       |       -2826.81   |       -2839.23   |        12.4234   |   09:44:55   |   01:29:21   |
17806       |       -2819.85   |       -2833.57   |        13.7255   |   09:46:30   |   01:29:33   |
17807       |       -2818.98   |       -2833.12   |        14.1396   |   09:48:05   |   01:29:45   |
17808       |        -2820.4   |       -2833.73   |        13.3338   |   09:49:44   |   01:29:58   |
17809       |       -2820.02   |       -2835.28   |        15.2642   |   09:51:09   |   01:30:09   |
17810       |          -2823   |       -2836.57   |        13.5753   |   09:52:37   |   01:30:20   |
17811       |       -2821.75   |       -2836.88   |        15.1242   |   09:59:52   |   01:31:24   |
17812       |       -2819.24   |       -2831.95   |        12.7099   |   10:01:29   |   01:31:36   |
17813       |       -2819.28   |       -2831.99   |        12.7096   |   10:03:16   |   01:31:50   |
17814       |       -2819.28   |       -2831.99   |        12.7096   |   10:05:01   |   01:32:04   |
17815       |       -2819.68   |       -2833.75   |        14.0755   |   10:06:45   |   01:32:17   |
17816       |        -2817.3   |       -2831.11   |        13.8033   |   10:08:22   |   01:32:30   |
17817       |       -2818.37   |       -2831.43   |        13.0574   |   10:09:56   |   01:32:42   |
17818       |       -2818.37   |       -2831.43   |        13.0574   |   10:11:38   |   01:32:55   |
17819       |       -2818.56   |       -2832.83   |        14.2632   |   10:13:08   |   01:33:06   |


Iter        |      Posterior   |     Likelihood   |          Prior   |    elapsed   |        ETA   |
----------------------------------------------------------------------------------------------------
17820       |       -2821.22   |          -2834   |        12.7802   |   10:14:44   |   01:33:18   |
17821       |       -2818.49   |       -2832.34   |        13.8573   |   10:21:35   |   01:34:18   |
17822       |       -2819.09   |       -2832.89   |        13.8015   |   10:23:05   |   01:34:30   |
17823       |       -2819.71   |       -2832.56   |        12.8461   |   10:24:48   |   01:34:43   |
17824       |        -2815.9   |       -2829.94   |        14.0412   |   10:26:23   |   01:34:55   |
17825       |       -2818.75   |       -2834.68   |        15.9382   |   10:27:57   |   01:35:07   |
17826       |       -2819.95   |       -2834.06   |        14.1161   |   10:29:39   |   01:35:20   |
17827       |       -2822.13   |       -2836.38   |        14.2402   |   10:31:10   |   01:35:31   |
17828       |       -2821.17   |        -2834.8   |        13.6279   |   10:32:43   |   01:35:43   |
17829       |       -2819.59   |       -2830.98   |         11.395   |   10:34:19   |   01:35:55   |
17830       |       -2817.86   |       -2830.67   |        12.8188   |   10:35:55   |   01:36:07   |
17831       |       -2818.33   |       -2831.89   |         13.556   |   10:42:42   |   01:37:06   |
17832       |       -2818.85   |       -2832.34   |        13.4898   |   10:44:18   |   01:37:18   |
17833       |       -2818.29   |       -2831.47   |        13.1782   |   10:45:58   |   01:37:30   |
17834       |       -2821.01   |       -2832.29   |        11.2812   |   10:47:32   |   01:37:42   |
17835       |       -2821.01   |       -2832.29   |        11.2812   |   10:49:18   |   01:37:55   |
17836       |       -2820.42   |       -2831.82   |        11.4049   |   10:50:44   |   01:38:06   |
17837       |          -2820   |       -2831.29   |        11.2873   |   10:52:22   |   01:38:18   |
17838       |       -2819.66   |       -2832.05   |        12.3958   |   10:53:49   |   01:38:29   |
17839       |       -2819.35   |       -2831.89   |        12.5442   |   10:55:22   |   01:38:40   |


Iter        |      Posterior   |     Likelihood   |          Prior   |    elapsed   |        ETA   |
----------------------------------------------------------------------------------------------------
17840       |       -2819.39   |       -2832.93   |        13.5361   |   10:56:46   |   01:38:50   |
17841       |       -2820.25   |       -2833.26   |        13.0187   |   11:03:20   |   01:39:47   |
17842       |       -2820.36   |       -2832.93   |        12.5706   |   11:04:49   |   01:39:58   |
17843       |       -2820.36   |       -2832.93   |        12.5706   |   11:06:31   |   01:40:11   |
17844       |       -2821.84   |       -2836.15   |        14.3107   |   11:08:11   |   01:40:23   |
17845       |       -2821.84   |       -2836.15   |        14.3107   |   11:09:58   |   01:40:37   |
17846       |       -2821.84   |       -2836.15   |        14.3107   |   11:11:44   |   01:40:50   |
17847       |       -2821.38   |       -2833.97   |        12.5994   |   11:13:28   |   01:41:03   |
17848       |       -2818.61   |       -2830.14   |        11.5295   |   11:14:56   |   01:41:13   |
17849       |       -2819.38   |       -2830.67   |        11.2908   |   11:16:27   |   01:41:24   |
17850       |        -2819.5   |       -2830.65   |        11.1519   |   11:17:54   |   01:41:35   |
17851       |       -2819.44   |       -2832.63   |        13.1912   |   11:24:19   |   01:42:30   |
17852       |       -2822.15   |       -2836.45   |        14.3022   |   11:25:37   |   01:42:39   |
17853       |        -2822.2   |       -2836.74   |        14.5399   |   11:27:02   |   01:42:49   |
17854       |       -2822.62   |       -2837.45   |        14.8326   |   11:28:20   |   01:42:58   |
17855       |       -2824.13   |       -2838.78   |        14.6537   |   11:29:45   |   01:43:08   |
17856       |       -2822.25   |       -2835.89   |        13.6324   |   11:31:04   |   01:43:17   |
17857       |       -2821.95   |       -2834.78   |        12.8322   |   11:32:27   |   01:43:27   |
17858       |       -2821.53   |       -2834.44   |        12.9106   |   11:33:46   |   01:43:36   |
17859       |       -2821.02   |       -2834.07   |         13.056   |   11:35:14   |   01:43:47   |


Iter        |      Posterior   |     Likelihood   |          Prior   |    elapsed   |        ETA   |
----------------------------------------------------------------------------------------------------
17860       |       -2821.62   |       -2832.72   |        11.1068   |   11:36:28   |   01:43:55   |
17861       |       -2822.94   |       -2835.48   |        12.5391   |   11:42:58   |   01:44:50   |
17862       |       -2820.75   |       -2833.31   |        12.5668   |   11:44:29   |   01:45:01   |
17863       |       -2820.64   |       -2833.18   |        12.5385   |   11:46:00   |   01:45:12   |
17864       |       -2820.27   |       -2830.31   |        10.0447   |   11:47:23   |   01:45:22   |
17865       |       -2819.15   |       -2830.03   |        10.8802   |   11:48:54   |   01:45:33   |
17866       |       -2820.84   |       -2830.34   |        9.50327   |   11:50:24   |   01:45:43   |
17867       |        -2823.1   |       -2831.56   |         8.4646   |   11:52:06   |   01:45:56   |
17868       |       -2823.18   |       -2831.59   |        8.41584   |   11:53:45   |   01:46:08   |
17869       |       -2822.51   |       -2831.51   |        9.00452   |   11:55:25   |   01:46:20   |
17870       |       -2822.36   |       -2831.94   |        9.57842   |   11:57:02   |   01:46:31   |
17871       |       -2821.42   |       -2830.96   |        9.53792   |   12:03:50   |   01:47:29   |
17872       |       -2826.86   |       -2834.46   |         7.6008   |   12:05:21   |   01:47:40   |
17873       |       -2825.23   |        -2830.9   |        5.67404   |   12:07:05   |   01:47:53   |
17874       |       -2822.28   |       -2829.57   |        7.28653   |   12:08:52   |   01:48:06   |
17875       |       -2823.92   |       -2831.27   |        7.35025   |   12:10:27   |   01:48:17   |
17876       |       -2823.79   |        -2831.2   |         7.4064   |   12:12:11   |   01:48:30   |
17877       |       -2822.28   |       -2831.86   |         9.5856   |   12:13:52   |   01:48:42   |
17878       |       -2822.53   |       -2832.43   |        9.89725   |   12:15:34   |   01:48:54   |
17879       |       -2819.08   |       -2832.12   |        13.0406   |   12:17:06   |   01:49:05   |


Iter        |      Posterior   |     Likelihood   |          Prior   |    elapsed   |        ETA   |
----------------------------------------------------------------------------------------------------
17880       |        -2820.5   |       -2833.92   |        13.4127   |   12:18:43   |   01:49:16   |
17881       |          -2820   |       -2833.54   |        13.5441   |   12:25:30   |   01:50:14   |
17882       |       -2818.67   |       -2831.14   |        12.4694   |   12:27:05   |   01:50:25   |
17883       |       -2819.39   |       -2831.19   |        11.7974   |   12:28:33   |   01:50:35   |
17884       |       -2819.74   |       -2831.91   |        12.1734   |   12:30:09   |   01:50:46   |
17885       |       -2826.35   |       -2833.52   |        7.17746   |   12:31:40   |   01:50:57   |
17886       |        -2821.2   |       -2830.61   |        9.40719   |   12:33:13   |   01:51:08   |
17887       |       -2819.67   |       -2828.97   |        9.29721   |   12:34:41   |   01:51:18   |
17888       |       -2823.46   |       -2832.42   |        8.96264   |   12:36:15   |   01:51:29   |
17889       |       -2823.36   |       -2832.19   |        8.83267   |   12:37:53   |   01:51:40   |
17890       |       -2824.46   |       -2833.81   |        9.35312   |   12:39:22   |   01:51:50   |
17891       |       -2824.63   |       -2833.79   |        9.16085   |   12:46:04   |   01:52:47   |
17892       |       -2824.63   |       -2833.79   |        9.16085   |   12:47:44   |   01:52:58   |
17893       |       -2824.63   |       -2833.79   |        9.16085   |   12:49:25   |   01:53:10   |
17894       |       -2820.12   |       -2832.98   |        12.8615   |   12:50:59   |   01:53:21   |
17895       |       -2820.34   |       -2835.67   |        15.3283   |   12:52:27   |   01:53:31   |
17896       |       -2818.96   |       -2833.12   |        14.1548   |   12:53:58   |   01:53:41   |
17897       |       -2818.89   |       -2832.94   |        14.0513   |   12:55:33   |   01:53:52   |
17898       |       -2818.75   |       -2832.82   |         14.062   |   12:56:59   |   01:54:02   |
17899       |       -2818.04   |       -2832.77   |        14.7316   |   12:58:22   |   01:54:11   |


Iter        |      Posterior   |     Likelihood   |          Prior   |    elapsed   |        ETA   |
----------------------------------------------------------------------------------------------------
17900       |       -2818.71   |       -2836.79   |        18.0794   |   12:59:52   |   01:54:21   |
17901       |       -2818.71   |       -2836.79   |         18.082   |   13:06:18   |   01:55:15   |
17902       |       -2819.42   |       -2838.08   |         18.656   |   13:07:44   |   01:55:25   |
17903       |       -2819.66   |       -2837.61   |        17.9469   |   13:09:09   |   01:55:34   |
17904       |       -2820.89   |       -2838.64   |        17.7504   |   13:10:36   |   01:55:44   |
17905       |        -2819.5   |       -2834.38   |        14.8831   |   13:12:12   |   01:55:55   |
17906       |       -2824.56   |       -2839.55   |        14.9844   |   13:13:42   |   01:56:05   |
17907       |       -2821.62   |       -2834.13   |         12.502   |   13:15:12   |   01:56:15   |
17908       |        -2822.3   |       -2834.04   |        11.7354   |   13:16:49   |   01:56:26   |
17909       |       -2820.62   |       -2832.37   |        11.7481   |   13:18:24   |   01:56:37   |
17910       |        -2821.5   |       -2830.96   |        9.45894   |   13:20:01   |   01:56:48   |
17911       |       -2820.68   |          -2831   |        10.3201   |   13:26:51   |   01:57:45   |
17912       |       -2819.88   |       -2830.75   |        10.8605   |   13:28:27   |   01:57:56   |
17913       |       -2821.51   |       -2831.38   |        9.87173   |   13:29:58   |   01:58:06   |
17914       |        -2821.7   |       -2834.64   |        12.9355   |   13:31:29   |   01:58:16   |
17915       |       -2822.94   |       -2835.24   |        12.3004   |   13:33:03   |   01:58:27   |
17916       |       -2822.97   |       -2833.99   |        11.0132   |   13:34:40   |   01:58:38   |
17917       |       -2821.49   |       -2833.92   |         12.435   |   13:36:11   |   01:58:48   |
17918       |       -2820.96   |       -2832.21   |        11.2496   |   13:37:39   |   01:58:57   |
17919       |       -2820.96   |       -2832.21   |        11.2496   |   13:39:19   |   01:59:09   |


Iter        |      Posterior   |     Likelihood   |          Prior   |    elapsed   |        ETA   |
----------------------------------------------------------------------------------------------------
17920       |       -2821.08   |       -2832.29   |        11.2059   |   13:40:57   |   01:59:20   |
17921       |       -2820.77   |        -2831.5   |        10.7244   |   13:47:35   |   02:00:15   |
17922       |       -2819.83   |       -2831.96   |        12.1355   |   13:49:05   |   02:00:24   |
17923       |       -2819.27   |       -2830.72   |        11.4488   |   13:50:30   |   02:00:34   |
17924       |       -2819.99   |       -2832.81   |        12.8204   |   13:52:02   |   02:00:44   |
17925       |       -2819.86   |       -2834.69   |        14.8273   |   13:53:33   |   02:00:54   |
17926       |       -2820.87   |       -2833.43   |        12.5626   |   13:55:03   |   02:01:04   |
17927       |       -2820.58   |       -2832.88   |         12.298   |   13:56:37   |   02:01:14   |
17928       |       -2820.74   |        -2834.1   |        13.3647   |   13:58:01   |   02:01:23   |
17929       |       -2822.92   |       -2836.44   |        13.5142   |   13:59:29   |   02:01:33   |
17930       |       -2822.98   |       -2835.97   |          12.99   |   14:00:56   |   02:01:42   |
17931       |        -2821.7   |       -2834.21   |        12.5072   |   14:07:48   |   02:02:38   |
17932       |       -2821.71   |       -2834.51   |        12.7923   |   14:09:12   |   02:02:47   |
17933       |       -2822.35   |        -2834.5   |        12.1553   |   14:10:42   |   02:02:57   |
17934       |       -2820.47   |       -2835.17   |        14.7032   |   14:12:06   |   02:03:06   |
17935       |        -2820.6   |       -2835.89   |        15.2911   |   14:13:31   |   02:03:15   |
17936       |       -2822.09   |       -2837.07   |        14.9834   |   14:14:48   |   02:03:23   |
17937       |       -2823.19   |       -2838.07   |        14.8865   |   14:16:13   |   02:03:32   |
17938       |       -2823.38   |       -2838.63   |        15.2578   |   14:17:43   |   02:03:41   |
17939       |       -2819.84   |       -2834.72   |        14.8841   |   14:19:10   |   02:03:51   |


Iter        |      Posterior   |     Likelihood   |          Prior   |    elapsed   |        ETA   |
----------------------------------------------------------------------------------------------------
17940       |       -2819.84   |       -2834.71   |        14.8768   |   14:20:38   |   02:04:00   |
17941       |       -2819.84   |       -2834.71   |        14.8768   |   14:27:27   |   02:04:56   |
17942       |       -2819.34   |       -2834.62   |        15.2734   |   14:28:58   |   02:05:05   |
17943       |       -2821.87   |       -2837.79   |         15.915   |   14:30:17   |   02:05:14   |
17944       |        -2821.9   |       -2837.81   |        15.9157   |   14:31:39   |   02:05:22   |
17945       |       -2819.95   |       -2836.25   |        16.2966   |   14:32:59   |   02:05:30   |
17946       |       -2821.88   |       -2837.92   |        16.0378   |   14:34:33   |   02:05:40   |
17947       |       -2822.41   |       -2838.47   |        16.0547   |   14:35:55   |   02:05:49   |
17948       |       -2822.91   |       -2839.63   |          16.72   |   14:37:19   |   02:05:57   |
17949       |       -2827.21   |          -2844   |        16.7856   |   14:38:40   |   02:06:06   |
17950       |       -2826.57   |       -2840.54   |        13.9624   |   14:39:59   |   02:06:14   |
17951       |        -2828.3   |       -2842.79   |        14.4869   |   14:46:13   |   02:07:04   |
17952       |       -2827.54   |       -2841.81   |        14.2714   |   14:47:41   |   02:07:13   |
17953       |       -2826.25   |        -2840.8   |        14.5488   |   14:49:07   |   02:07:22   |
17954       |       -2828.92   |       -2844.05   |        15.1321   |   14:50:31   |   02:07:31   |
17955       |       -2824.93   |       -2839.33   |        14.3984   |   14:51:48   |   02:07:38   |
17956       |       -2825.47   |       -2843.15   |        17.6774   |   14:53:03   |   02:07:46   |
17957       |       -2823.14   |       -2840.04   |        16.8937   |   14:54:19   |   02:07:53   |
17958       |       -2824.35   |       -2843.19   |        18.8417   |   14:55:39   |   02:08:01   |
17959       |       -2823.59   |       -2841.72   |        18.1255   |   14:56:51   |   02:08:08   |


Iter        |      Posterior   |     Likelihood   |          Prior   |    elapsed   |        ETA   |
----------------------------------------------------------------------------------------------------
17960       |       -2828.03   |       -2845.59   |        17.5573   |   14:58:11   |   02:08:16   |
17961       |       -2824.49   |       -2841.87   |        17.3874   |   15:04:24   |   02:09:06   |
17962       |       -2823.13   |       -2839.16   |        16.0323   |   15:05:47   |   02:09:14   |
17963       |       -2826.69   |       -2837.24   |         10.548   |   15:07:15   |   02:09:23   |
17964       |       -2824.72   |       -2838.21   |        13.4931   |   15:08:40   |   02:09:32   |
17965       |       -2823.25   |       -2836.55   |        13.2955   |   15:10:17   |   02:09:42   |
17966       |       -2823.67   |       -2837.09   |        13.4284   |   15:11:42   |   02:09:51   |
17967       |       -2825.93   |       -2837.45   |        11.5146   |   15:13:10   |   02:10:00   |
17968       |       -2826.45   |       -2839.02   |        12.5703   |   15:14:42   |   02:10:10   |
17969       |       -2824.58   |       -2837.28   |        12.6996   |   15:16:28   |   02:10:21   |
17970       |       -2825.21   |       -2837.53   |        12.3207   |   15:18:12   |   02:10:33   |
17971       |        -2825.2   |       -2837.25   |        12.0493   |   15:25:02   |   02:11:27   |
17972       |       -2828.45   |       -2839.42   |        10.9704   |   15:26:40   |   02:11:38   |
17973       |       -2825.98   |       -2837.23   |        11.2532   |   15:28:20   |   02:11:48   |
17974       |        -2824.7   |       -2838.06   |        13.3545   |   15:30:00   |   02:11:59   |
17975       |       -2827.01   |       -2841.09   |        14.0811   |   15:31:32   |   02:12:09   |
17976       |        -2824.6   |       -2838.82   |        14.2191   |   15:33:05   |   02:12:18   |
17977       |       -2826.32   |       -2839.63   |        13.3111   |   15:34:47   |   02:12:29   |
17978       |       -2828.11   |       -2841.24   |        13.1382   |   15:36:26   |   02:12:40   |
17979       |       -2826.12   |       -2838.12   |        12.0004   |   15:38:09   |   02:12:51   |


Iter        |      Posterior   |     Likelihood   |          Prior   |    elapsed   |        ETA   |
----------------------------------------------------------------------------------------------------
17980       |       -2829.01   |       -2840.52   |         11.514   |   15:39:42   |   02:13:00   |
17981       |       -2832.18   |       -2841.46   |        9.28173   |   15:46:39   |   02:13:56   |
17982       |       -2832.21   |       -2844.21   |        11.9969   |   15:48:27   |   02:14:07   |
17983       |       -2834.33   |       -2847.47   |        13.1343   |   15:50:08   |   02:14:18   |
17984       |       -2838.44   |       -2852.58   |        14.1371   |   15:51:57   |   02:14:30   |
17985       |       -2834.57   |       -2850.04   |        15.4704   |   15:53:39   |   02:14:40   |
17986       |       -2834.01   |       -2848.87   |        14.8595   |   15:55:12   |   02:14:50   |
17987       |       -2833.69   |       -2844.88   |        11.1972   |   15:56:57   |   02:15:01   |
17988       |       -2831.04   |       -2842.65   |        11.6068   |   15:58:43   |   02:15:12   |
17989       |       -2830.15   |       -2844.41   |        14.2535   |   16:00:25   |   02:15:23   |
17990       |       -2828.31   |       -2841.32   |        13.0126   |   16:02:00   |   02:15:33   |
17991       |       -2825.41   |       -2839.71   |        14.2982   |   16:08:54   |   02:16:28   |
17992       |       -2823.93   |       -2839.29   |        15.3635   |   16:10:28   |   02:16:37   |
17993       |       -2822.86   |       -2838.54   |        15.6831   |   16:12:04   |   02:16:47   |
17994       |          -2823   |       -2839.93   |        16.9281   |   16:13:32   |   02:16:56   |
17995       |       -2823.11   |       -2839.94   |         16.834   |   16:15:06   |   02:17:05   |
17996       |       -2823.42   |       -2840.17   |        16.7545   |   16:16:45   |   02:17:15   |
17997       |       -2822.07   |       -2837.54   |        15.4666   |   16:18:11   |   02:17:24   |
17998       |       -2821.26   |          -2837   |        15.7418   |   16:19:44   |   02:17:33   |
17999       |       -2822.08   |       -2837.09   |        15.0119   |   16:21:13   |   02:17:42   |


Iter        |      Posterior   |     Likelihood   |          Prior   |    elapsed   |        ETA   |
----------------------------------------------------------------------------------------------------
18000       |       -2823.19   |       -2835.97   |        12.7763   |   16:22:47   |   02:17:51   |
18001       |        -2820.5   |       -2834.13   |        13.6327   |   16:29:36   |   02:18:45   |
18002       |       -2817.97   |       -2832.39   |        14.4189   |   16:31:10   |   02:18:54   |
18003       |       -2819.14   |       -2833.75   |        14.6128   |   16:32:48   |   02:19:04   |
18004       |       -2820.34   |       -2835.15   |        14.8081   |   16:34:24   |   02:19:14   |
18005       |       -2819.15   |       -2833.96   |        14.8071   |   16:36:06   |   02:19:24   |
18006       |       -2819.15   |       -2833.96   |        14.8071   |   16:37:50   |   02:19:35   |
18007       |        -2819.4   |       -2833.31   |        13.9086   |   16:39:32   |   02:19:46   |
18008       |       -2819.74   |       -2833.04   |        13.2984   |   16:41:11   |   02:19:56   |
18009       |       -2819.74   |       -2833.04   |        13.2984   |   16:42:58   |   02:20:07   |
18010       |       -2820.32   |       -2834.23   |        13.9079   |   16:44:37   |   02:20:17   |
18011       |       -2823.45   |       -2837.59   |         14.141   |   16:51:16   |   02:21:09   |
18012       |       -2822.72   |       -2836.08   |        13.3588   |   16:52:43   |   02:21:17   |
18013       |        -2824.6   |       -2835.21   |        10.6098   |   16:54:08   |   02:21:25   |
18014       |        -2826.2   |       -2835.99   |        9.79606   |   16:55:44   |   02:21:35   |
18015       |          -2825   |        -2839.1   |        14.0962   |   16:57:10   |   02:21:43   |
18016       |       -2820.15   |       -2834.91   |        14.7515   |   16:58:41   |   02:21:52   |
18017       |       -2822.36   |       -2837.34   |         14.979   |   16:59:58   |   02:21:58   |
18018       |       -2824.25   |       -2841.02   |        16.7708   |   17:01:27   |   02:22:07   |
18019       |       -2821.11   |       -2836.45   |        15.3371   |   17:02:54   |   02:22:15   |


Iter        |      Posterior   |     Likelihood   |          Prior   |    elapsed   |        ETA   |
----------------------------------------------------------------------------------------------------
18020       |       -2820.92   |       -2835.19   |         14.272   |   17:04:19   |   02:22:23   |
18021       |       -2820.75   |       -2833.61   |        12.8619   |   17:11:07   |   02:23:16   |
18022       |       -2821.14   |        -2833.5   |        12.3659   |   17:12:45   |   02:23:26   |
18023       |       -2821.14   |        -2833.5   |        12.3659   |   17:14:38   |   02:23:37   |
18024       |       -2821.14   |        -2833.5   |        12.3659   |   17:16:33   |   02:23:49   |
18025       |       -2821.73   |       -2833.62   |        11.8955   |   17:18:16   |   02:24:00   |
18026       |       -2823.28   |       -2835.08   |        11.7929   |   17:19:56   |   02:24:10   |
18027       |       -2828.29   |       -2840.28   |        11.9952   |   17:21:30   |   02:24:19   |
18028       |       -2822.62   |       -2834.55   |        11.9299   |   17:23:19   |   02:24:30   |
18029       |       -2824.61   |       -2837.07   |        12.4593   |   17:25:07   |   02:24:41   |
18030       |       -2821.85   |       -2835.54   |        13.6891   |   17:26:47   |   02:24:51   |
18031       |       -2820.03   |       -2834.14   |        14.1065   |   17:33:48   |   02:25:45   |
18032       |       -2820.71   |       -2834.74   |         14.031   |   17:35:34   |   02:25:56   |
18033       |       -2821.39   |       -2837.24   |         15.843   |   17:37:03   |   02:26:04   |
18034       |       -2820.42   |       -2834.11   |        13.6945   |   17:38:30   |   02:26:12   |
18035       |       -2819.65   |       -2833.62   |         13.969   |   17:39:51   |   02:26:19   |
18036       |       -2819.69   |        -2832.9   |        13.2045   |   17:41:18   |   02:26:27   |
18037       |       -2819.26   |       -2831.85   |        12.5898   |   17:42:45   |   02:26:35   |
18038       |       -2820.72   |       -2833.99   |        13.2717   |   17:44:14   |   02:26:43   |
18039       |       -2819.74   |       -2834.46   |        14.7227   |   17:45:36   |   02:26:51   |


Iter        |      Posterior   |     Likelihood   |          Prior   |    elapsed   |        ETA   |
----------------------------------------------------------------------------------------------------
18040       |       -2818.66   |       -2832.99   |        14.3283   |   17:46:59   |   02:26:58   |
18041       |       -2820.29   |       -2832.44   |        12.1535   |   17:53:26   |   02:27:47   |
18042       |       -2826.16   |       -2837.88   |        11.7252   |   17:54:58   |   02:27:56   |
18043       |       -2830.31   |       -2840.78   |        10.4715   |   17:56:33   |   02:28:05   |
18044       |       -2830.21   |       -2843.59   |        13.3831   |   17:58:14   |   02:28:15   |
18045       |       -2829.25   |       -2840.51   |        11.2541   |   17:59:50   |   02:28:24   |
18046       |       -2829.07   |       -2837.83   |        8.75501   |   18:01:23   |   02:28:33   |
18047       |       -2829.02   |        -2837.5   |        8.48122   |   18:02:54   |   02:28:41   |
18048       |        -2825.8   |       -2837.96   |        12.1584   |   18:04:30   |   02:28:50   |
18049       |       -2825.95   |       -2837.79   |        11.8452   |   18:06:05   |   02:28:59   |
18050       |       -2828.23   |       -2838.75   |        10.5177   |   18:07:40   |   02:29:08   |
18051       |        -2834.4   |       -2844.03   |        9.63212   |   18:14:43   |   02:30:02   |
18052       |       -2832.81   |        -2843.3   |        10.4985   |   18:16:21   |   02:30:11   |
18053       |       -2826.76   |       -2839.41   |        12.6558   |   18:18:00   |   02:30:20   |
18054       |       -2827.33   |       -2838.83   |        11.4987   |   18:19:29   |   02:30:28   |
18055       |       -2828.11   |       -2839.18   |        11.0689   |   18:21:00   |   02:30:37   |
18056       |       -2822.99   |       -2837.22   |        14.2235   |   18:22:41   |   02:30:46   |
18057       |       -2824.36   |       -2837.65   |        13.2947   |   18:24:16   |   02:30:55   |
18058       |       -2824.73   |       -2837.03   |        12.3072   |   18:25:41   |   02:31:03   |
18059       |       -2824.25   |       -2835.47   |        11.2273   |   18:27:26   |   02:31:13   |


Iter        |      Posterior   |     Likelihood   |          Prior   |    elapsed   |        ETA   |
----------------------------------------------------------------------------------------------------
18060       |       -2824.42   |       -2835.65   |        11.2273   |   18:29:12   |   02:31:23   |
18061       |        -2824.3   |       -2836.11   |        11.8117   |   18:36:13   |   02:32:16   |
18062       |       -2822.97   |       -2835.75   |        12.7795   |   18:37:48   |   02:32:25   |
18063       |       -2822.76   |       -2835.63   |        12.8698   |   18:39:23   |   02:32:34   |
18064       |       -2822.27   |       -2833.56   |         11.297   |   18:40:52   |   02:32:42   |
18065       |       -2823.24   |       -2835.29   |        12.0441   |   18:42:29   |   02:32:51   |
18066       |       -2822.89   |       -2836.51   |        13.6196   |   18:43:59   |   02:32:59   |
18067       |       -2823.39   |       -2838.83   |        15.4362   |   18:45:33   |   02:33:07   |
18068       |       -2826.64   |       -2843.35   |        16.7043   |   18:47:12   |   02:33:17   |
18069       |       -2823.14   |        -2839.1   |        15.9533   |   18:48:47   |   02:33:25   |
18070       |       -2823.67   |       -2841.58   |         17.911   |   18:50:15   |   02:33:33   |
18071       |       -2827.02   |       -2844.37   |         17.349   |   18:56:50   |   02:34:22   |
18072       |       -2827.02   |       -2844.37   |         17.349   |   18:58:28   |   02:34:31   |
18073       |       -2825.49   |       -2844.76   |        19.2695   |   18:59:58   |   02:34:39   |
18074       |       -2823.66   |       -2842.01   |        18.3411   |   19:01:26   |   02:34:47   |
18075       |       -2822.59   |       -2840.76   |        18.1681   |   19:02:59   |   02:34:55   |
18076       |       -2821.73   |       -2839.31   |        17.5835   |   19:04:30   |   02:35:03   |
18077       |       -2820.59   |       -2838.87   |        18.2804   |   19:06:00   |   02:35:11   |
18078       |       -2821.54   |       -2839.79   |        18.2488   |   19:07:28   |   02:35:19   |
18079       |       -2825.07   |       -2842.45   |        17.3811   |   19:08:56   |   02:35:26   |


Iter        |      Posterior   |     Likelihood   |          Prior   |    elapsed   |        ETA   |
----------------------------------------------------------------------------------------------------
18080       |       -2820.59   |       -2839.07   |        18.4721   |   19:10:26   |   02:35:34   |
18081       |        -2819.4   |       -2837.56   |        18.1628   |   19:17:07   |   02:36:24   |
18082       |       -2818.79   |       -2836.56   |        17.7653   |   19:18:36   |   02:36:32   |
18083       |       -2817.98   |       -2831.43   |        13.4491   |   19:20:06   |   02:36:39   |
18084       |       -2820.73   |       -2833.42   |        12.6994   |   19:21:37   |   02:36:47   |
18085       |       -2818.09   |       -2830.82   |        12.7297   |   19:23:10   |   02:36:55   |
18086       |       -2817.13   |       -2829.62   |        12.4954   |   19:24:38   |   02:37:03   |
18087       |       -2816.77   |       -2830.64   |        13.8678   |   19:26:08   |   02:37:11   |
18088       |       -2817.05   |       -2831.87   |        14.8122   |   19:27:34   |   02:37:18   |
18089       |       -2816.53   |       -2831.08   |        14.5424   |   19:29:01   |   02:37:25   |
18090       |       -2817.39   |       -2830.44   |         13.057   |   19:30:32   |   02:37:33   |
18091       |       -2817.22   |       -2830.69   |        13.4775   |   19:37:11   |   02:38:22   |
18092       |       -2819.41   |        -2833.9   |        14.4904   |   19:38:29   |   02:38:28   |
18093       |       -2820.19   |       -2834.39   |        14.1994   |   19:39:54   |   02:38:35   |
18094       |        -2818.4   |       -2832.57   |        14.1611   |   19:41:22   |   02:38:43   |
18095       |       -2820.13   |        -2830.6   |        10.4724   |   19:42:48   |   02:38:50   |
18096       |       -2820.89   |       -2832.14   |        11.2465   |   19:44:14   |   02:38:57   |
18097       |       -2819.35   |       -2831.47   |        12.1117   |   19:45:35   |   02:39:03   |
18098       |       -2818.14   |       -2829.63   |        11.4967   |   19:47:03   |   02:39:11   |
18099       |       -2820.75   |       -2831.37   |        10.6167   |   19:48:31   |   02:39:18   |


Iter        |      Posterior   |     Likelihood   |          Prior   |    elapsed   |        ETA   |
----------------------------------------------------------------------------------------------------
18100       |       -2820.65   |       -2831.38   |        10.7262   |   19:50:04   |   02:39:26   |
18101       |        -2821.2   |       -2832.33   |         11.133   |   19:56:38   |   02:40:14   |
18102       |        -2820.7   |       -2833.64   |        12.9438   |   19:58:05   |   02:40:21   |
18103       |       -2821.37   |       -2833.13   |        11.7616   |   19:59:26   |   02:40:28   |
18104       |       -2824.66   |       -2836.03   |        11.3776   |   20:00:53   |   02:40:35   |
18105       |       -2824.76   |       -2836.07   |        11.3147   |   20:02:26   |   02:40:43   |
18106       |       -2821.26   |        -2832.5   |        11.2463   |   20:03:58   |   02:40:51   |
18107       |       -2820.08   |       -2833.66   |        13.5808   |   20:05:23   |   02:40:57   |
18108       |       -2820.28   |       -2833.36   |        13.0767   |   20:07:00   |   02:41:06   |
18109       |       -2820.78   |        -2834.4   |        13.6204   |   20:08:25   |   02:41:13   |
18110       |       -2821.46   |       -2837.67   |        16.2184   |   20:09:53   |   02:41:20   |
18111       |       -2824.03   |       -2840.67   |        16.6479   |   20:16:24   |   02:42:07   |
18112       |       -2824.54   |       -2838.48   |        13.9389   |   20:17:47   |   02:42:14   |
18113       |       -2824.18   |       -2839.26   |        15.0894   |   20:19:16   |   02:42:21   |
18114       |        -2823.9   |       -2840.52   |        16.6186   |   20:20:47   |   02:42:29   |
18115       |       -2824.21   |       -2840.29   |        16.0786   |   20:22:23   |   02:42:37   |
18116       |       -2827.72   |       -2844.18   |          16.46   |   20:23:50   |   02:42:44   |
18117       |       -2827.02   |       -2842.38   |        15.3564   |   20:25:26   |   02:42:52   |
18118       |       -2826.92   |       -2842.33   |        15.4118   |   20:27:09   |   02:43:01   |
18119       |       -2826.92   |       -2842.33   |        15.4118   |   20:28:53   |   02:43:10   |


Iter        |      Posterior   |     Likelihood   |          Prior   |    elapsed   |        ETA   |
----------------------------------------------------------------------------------------------------
18120       |       -2826.92   |       -2842.33   |        15.4118   |   20:30:40   |   02:43:20   |
18121       |       -2827.41   |       -2843.09   |        15.6845   |   20:37:19   |   02:44:08   |
18122       |          -2828   |       -2843.71   |        15.7125   |   20:38:48   |   02:44:15   |
18123       |       -2827.74   |       -2843.74   |        15.9989   |   20:40:23   |   02:44:23   |
18124       |       -2827.94   |       -2844.19   |        16.2468   |   20:41:53   |   02:44:31   |
18125       |       -2825.98   |        -2842.2   |        16.2151   |   20:43:21   |   02:44:38   |
18126       |       -2825.91   |       -2841.76   |        15.8468   |   20:44:49   |   02:44:45   |
18127       |       -2825.85   |       -2841.75   |        15.9071   |   20:46:25   |   02:44:53   |
18128       |       -2825.85   |       -2841.75   |        15.9071   |   20:48:05   |   02:45:01   |
18129       |       -2825.85   |       -2841.75   |        15.9071   |   20:49:50   |   02:45:10   |
18130       |       -2827.27   |       -2842.24   |        14.9689   |   20:51:17   |   02:45:17   |
18131       |        -2826.9   |        -2842.8   |        15.9004   |   20:58:02   |   02:46:06   |
18132       |       -2828.91   |       -2844.47   |        15.5673   |   20:59:26   |   02:46:12   |
18133       |       -2827.39   |       -2844.13   |        16.7405   |   21:00:52   |   02:46:19   |
18134       |       -2825.63   |       -2840.48   |        14.8556   |   21:02:25   |   02:46:27   |
18135       |       -2826.78   |        -2840.7   |        13.9186   |   21:03:51   |   02:46:33   |
18136       |       -2824.68   |       -2838.45   |        13.7678   |   21:05:31   |   02:46:42   |
18137       |       -2825.92   |       -2839.19   |        13.2686   |   21:07:13   |   02:46:50   |
18138       |       -2826.39   |       -2840.33   |        13.9391   |   21:08:41   |   02:46:57   |
18139       |       -2826.79   |       -2838.96   |        12.1721   |   21:10:13   |   02:47:05   |


Iter        |      Posterior   |     Likelihood   |          Prior   |    elapsed   |        ETA   |
----------------------------------------------------------------------------------------------------
18140       |       -2826.46   |       -2834.81   |        8.34523   |   21:11:54   |   02:47:13   |
18141       |       -2826.31   |        -2834.5   |        8.19009   |   21:18:46   |   02:48:02   |
18142       |       -2826.86   |       -2834.43   |        7.57516   |   21:20:24   |   02:48:11   |
18143       |       -2829.93   |       -2835.67   |        5.73416   |   21:22:10   |   02:48:20   |
18144       |       -2832.33   |       -2835.85   |         3.5204   |   21:23:51   |   02:48:28   |
18145       |       -2832.06   |       -2836.03   |        3.96539   |   21:25:26   |   02:48:36   |
18146       |       -2832.75   |        -2837.9   |        5.15159   |   21:27:06   |   02:48:44   |
18147       |       -2832.27   |       -2840.49   |        8.22079   |   21:28:43   |   02:48:52   |
18148       |       -2830.89   |       -2839.33   |        8.43943   |   21:30:20   |   02:49:00   |
18149       |       -2832.67   |       -2840.16   |        7.49048   |   21:31:56   |   02:49:08   |
18150       |        -2827.5   |       -2835.16   |        7.65777   |   21:33:36   |   02:49:16   |
18151       |        -2825.5   |       -2835.07   |        9.56959   |   21:40:26   |   02:50:05   |
18152       |       -2828.31   |       -2836.33   |        8.01534   |   21:42:06   |   02:50:13   |
18153       |       -2832.24   |       -2837.69   |        5.44743   |   21:43:45   |   02:50:21   |
18154       |       -2836.23   |       -2845.94   |        9.70372   |   21:45:25   |   02:50:29   |
18155       |       -2835.24   |       -2845.46   |        10.2188   |   21:47:00   |   02:50:37   |
18156       |       -2835.66   |       -2845.37   |        9.70954   |   21:48:35   |   02:50:44   |
18157       |       -2833.94   |       -2846.35   |        12.4143   |   21:50:10   |   02:50:52   |
18158       |       -2830.89   |       -2841.15   |        10.2554   |   21:51:38   |   02:50:58   |
18159       |       -2832.03   |        -2840.6   |        8.56746   |   21:53:14   |   02:51:06   |


Iter        |      Posterior   |     Likelihood   |          Prior   |    elapsed   |        ETA   |
----------------------------------------------------------------------------------------------------
18160       |        -2834.9   |       -2842.85   |         7.9574   |   21:54:51   |   02:51:14   |
18161       |       -2839.38   |       -2847.07   |        7.68882   |   22:01:35   |   02:52:01   |
18162       |       -2837.24   |       -2846.53   |        9.29214   |   22:03:11   |   02:52:09   |
18163       |       -2837.96   |       -2847.77   |        9.81221   |   22:04:55   |   02:52:17   |
18164       |       -2838.63   |       -2847.21   |        8.57876   |   22:06:26   |   02:52:24   |
18165       |       -2834.12   |       -2845.49   |         11.376   |   22:08:00   |   02:52:32   |
18166       |       -2834.78   |       -2846.89   |        12.1126   |   22:09:31   |   02:52:38   |
18167       |       -2830.76   |       -2842.42   |        11.6652   |   22:11:07   |   02:52:46   |
18168       |       -2833.06   |       -2845.58   |        12.5152   |   22:12:38   |   02:52:53   |
18169       |       -2830.44   |       -2842.27   |         11.825   |   22:14:10   |   02:53:00   |
18170       |       -2832.46   |       -2845.66   |        13.2048   |   22:15:48   |   02:53:07   |
18171       |       -2829.67   |       -2841.03   |        11.3612   |   22:22:40   |   02:53:56   |
18172       |       -2830.62   |       -2842.31   |        11.6832   |   22:24:16   |   02:54:03   |
18173       |        -2831.7   |       -2844.34   |        12.6383   |   22:25:48   |   02:54:10   |
18174       |        -2830.8   |        -2839.5   |        8.70199   |   22:27:15   |   02:54:16   |
18175       |       -2831.44   |       -2838.01   |        6.56283   |   22:28:54   |   02:54:24   |
18176       |       -2828.75   |       -2836.22   |        7.47289   |   22:30:29   |   02:54:31   |
18177       |       -2830.01   |       -2836.79   |        6.78187   |   22:32:08   |   02:54:39   |
18178       |       -2832.87   |       -2839.53   |        6.65524   |   22:33:37   |   02:54:46   |
18179       |       -2828.13   |       -2836.67   |         8.5455   |   22:35:15   |   02:54:53   |


Iter        |      Posterior   |     Likelihood   |          Prior   |    elapsed   |        ETA   |
----------------------------------------------------------------------------------------------------
18180       |        -2828.6   |       -2837.23   |        8.62886   |   22:36:38   |   02:54:59   |
18181       |       -2830.36   |       -2837.62   |        7.25547   |   22:43:13   |   02:55:45   |
18182       |       -2829.62   |       -2838.07   |        8.44858   |   22:44:43   |   02:55:51   |
18183       |       -2829.67   |       -2836.23   |        6.56076   |   22:46:13   |   02:55:58   |
18184       |       -2829.82   |       -2836.07   |        6.25164   |   22:47:47   |   02:56:05   |
18185       |       -2828.58   |       -2839.24   |        10.6611   |   22:49:20   |   02:56:12   |
18186       |       -2825.83   |        -2833.6   |        7.77598   |   22:50:55   |   02:56:19   |
18187       |       -2825.86   |       -2834.89   |        9.03002   |   22:52:26   |   02:56:25   |
18188       |       -2826.18   |       -2834.98   |         8.8018   |   22:53:56   |   02:56:32   |
18189       |       -2826.18   |       -2834.98   |         8.8018   |   22:55:36   |   02:56:40   |
18190       |       -2826.18   |       -2834.98   |         8.8018   |   22:57:05   |   02:56:46   |
18191       |       -2824.96   |       -2836.52   |        11.5584   |   23:03:44   |   02:57:32   |
18192       |        -2824.3   |       -2835.39   |        11.0911   |   23:05:14   |   02:57:38   |
18193       |       -2825.58   |       -2837.22   |        11.6447   |   23:06:48   |   02:57:45   |
18194       |       -2826.41   |       -2838.57   |        12.1571   |   23:08:21   |   02:57:52   |
18195       |       -2825.14   |       -2837.02   |        11.8769   |   23:09:56   |   02:57:59   |
18196       |       -2824.04   |       -2837.19   |        13.1436   |   23:11:22   |   02:58:05   |
18197       |       -2825.33   |       -2834.27   |        8.93786   |   23:12:46   |   02:58:10   |
18198       |       -2826.92   |       -2835.84   |        8.92099   |   23:14:19   |   02:58:17   |
18199       |        -2826.5   |       -2835.64   |        9.14212   |   23:15:43   |   02:58:23   |


Iter        |      Posterior   |     Likelihood   |          Prior   |    elapsed   |        ETA   |
----------------------------------------------------------------------------------------------------
18200       |        -2828.6   |       -2834.95   |         6.3469   |   23:17:08   |   02:58:28   |
18201       |       -2825.99   |       -2832.24   |        6.24847   |   23:23:42   |   02:59:13   |
18202       |       -2827.46   |       -2832.72   |        5.26315   |   23:25:12   |   02:59:20   |
18203       |          -2831   |       -2832.93   |        1.92905   |   23:26:41   |   02:59:26   |
18204       |       -2828.81   |       -2832.68   |        3.87137   |   23:28:23   |   02:59:34   |
18205       |       -2827.76   |        -2834.1   |        6.34139   |   23:29:58   |   02:59:40   |
18206       |       -2828.37   |       -2835.26   |         6.8925   |   23:31:21   |   02:59:46   |
18207       |       -2825.92   |        -2833.8   |        7.88558   |   23:32:43   |   02:59:51   |
18208       |       -2828.31   |       -2836.29   |        7.97366   |   23:34:12   |   02:59:57   |
18209       |       -2826.31   |        -2833.7   |        7.38087   |   23:35:45   |   03:00:04   |
18210       |       -2828.31   |        -2836.8   |        8.48322   |   23:37:21   |   03:00:11   |
18211       |       -2828.54   |       -2837.44   |        8.89651   |   23:44:00   |   03:00:56   |
18212       |       -2829.52   |       -2838.38   |        8.85849   |   23:45:30   |   03:01:02   |
18213       |       -2826.52   |       -2834.28   |        7.76457   |   23:47:04   |   03:01:09   |
18214       |       -2826.52   |       -2834.28   |        7.76457   |   23:48:47   |   03:01:17   |
18215       |       -2828.84   |       -2838.01   |         9.1688   |   23:50:23   |   03:01:23   |
18216       |       -2830.25   |       -2839.98   |        9.72605   |   23:51:54   |   03:01:30   |
18217       |       -2831.74   |       -2839.79   |        8.04977   |   23:53:28   |   03:01:36   |
18218       |        -2835.1   |       -2844.24   |        9.13598   |   23:54:57   |   03:01:42   |
18219       |       -2833.39   |       -2844.16   |        10.7776   |   23:56:29   |   03:01:49   |


Iter        |      Posterior   |     Likelihood   |          Prior   |    elapsed   |        ETA   |
----------------------------------------------------------------------------------------------------
18220       |        -2831.1   |        -2841.9   |        10.8077   |   23:58:02   |   03:01:55   |
18221       |       -2830.11   |       -2843.67   |         13.558   |   24:04:49   |   03:02:41   |
18222       |       -2828.85   |       -2842.64   |        13.7945   |   24:06:20   |   03:02:47   |
18223       |       -2827.91   |       -2841.74   |        13.8283   |   24:07:53   |   03:02:54   |
18224       |       -2827.97   |        -2841.4   |        13.4302   |   24:09:18   |   03:02:59   |
18225       |       -2828.17   |       -2841.08   |        12.9102   |   24:10:52   |   03:03:05   |
18226       |       -2828.52   |       -2842.03   |        13.5171   |   24:12:31   |   03:03:13   |
18227       |       -2830.93   |       -2844.85   |        13.9218   |   24:14:01   |   03:03:19   |
18228       |       -2830.07   |        -2844.3   |        14.2268   |   24:15:36   |   03:03:25   |
18229       |       -2827.94   |        -2841.9   |         13.967   |   24:17:00   |   03:03:30   |
18230       |       -2826.75   |        -2840.6   |        13.8576   |   24:18:28   |   03:03:36   |
18231       |       -2826.98   |       -2839.89   |        12.9162   |   24:25:02   |   03:04:20   |
18232       |       -2827.38   |       -2840.43   |        13.0482   |   24:26:36   |   03:04:27   |
18233       |       -2827.58   |       -2841.41   |        13.8315   |   24:28:14   |   03:04:33   |
18234       |       -2827.58   |       -2841.41   |        13.8315   |   24:29:55   |   03:04:41   |
18235       |       -2826.22   |       -2839.64   |        13.4109   |   24:31:26   |   03:04:47   |
18236       |       -2825.95   |        -2839.6   |        13.6576   |   24:33:02   |   03:04:53   |
18237       |        -2825.9   |       -2839.28   |        13.3728   |   24:34:33   |   03:04:59   |
18238       |       -2828.44   |       -2842.62   |        14.1751   |   24:35:58   |   03:05:04   |
18239       |       -2829.92   |       -2844.49   |        14.5679   |   24:37:25   |   03:05:10   |


Iter        |      Posterior   |     Likelihood   |          Prior   |    elapsed   |        ETA   |
----------------------------------------------------------------------------------------------------
18240       |       -2830.15   |       -2844.39   |        14.2452   |   24:39:05   |   03:05:17   |
18241       |       -2828.93   |       -2839.97   |        11.0459   |   24:45:33   |   03:06:00   |
18242       |       -2825.08   |       -2836.85   |        11.7736   |   24:46:58   |   03:06:05   |
18243       |       -2825.08   |       -2836.85   |        11.7736   |   24:48:40   |   03:06:12   |
18244       |       -2825.08   |       -2836.85   |        11.7736   |   24:50:19   |   03:06:19   |
18245       |       -2825.08   |       -2836.85   |        11.7736   |   24:51:54   |   03:06:26   |
18246       |       -2825.08   |       -2836.85   |        11.7736   |   24:53:35   |   03:06:33   |
18247       |       -2825.08   |       -2836.85   |        11.7736   |   24:55:14   |   03:06:40   |
18248       |       -2825.08   |       -2836.85   |        11.7736   |   24:56:51   |   03:06:46   |
18249       |       -2825.96   |       -2835.53   |        9.56674   |   24:58:19   |   03:06:52   |
18250       |       -2825.96   |       -2835.53   |        9.56674   |   24:59:59   |   03:06:59   |
18251       |       -2825.84   |       -2836.13   |        10.2881   |   25:06:45   |   03:07:44   |
18252       |       -2825.84   |       -2836.13   |        10.2881   |   25:08:26   |   03:07:51   |
18253       |       -2825.84   |       -2836.13   |        10.2881   |   25:10:03   |   03:07:57   |
18254       |       -2825.84   |       -2836.13   |        10.2881   |   25:11:40   |   03:08:04   |
18255       |       -2825.84   |       -2836.13   |        10.2881   |   25:13:24   |   03:08:11   |
18256       |       -2825.84   |       -2836.13   |        10.2881   |   25:15:10   |   03:08:19   |
18257       |       -2825.84   |       -2836.13   |        10.2881   |   25:16:57   |   03:08:26   |
18258       |       -2825.84   |       -2836.13   |        10.2881   |   25:18:35   |   03:08:33   |
18259       |       -2825.84   |       -2836.13   |        10.2881   |   25:20:16   |   03:08:40   |


Iter        |      Posterior   |     Likelihood   |          Prior   |    elapsed   |        ETA   |
----------------------------------------------------------------------------------------------------
18260       |       -2825.84   |       -2836.13   |        10.2881   |   25:22:04   |   03:08:47   |
18261       |       -2825.84   |       -2836.13   |        10.2881   |   25:28:53   |   03:09:33   |
18262       |       -2825.84   |       -2836.13   |        10.2881   |   25:30:38   |   03:09:40   |
18263       |       -2825.84   |       -2836.13   |        10.2881   |   25:32:23   |   03:09:47   |
18264       |       -2825.84   |       -2836.13   |        10.2881   |   25:34:10   |   03:09:55   |
18265       |       -2828.35   |       -2837.03   |        8.68683   |   25:35:54   |   03:10:02   |
18266       |       -2828.35   |       -2837.03   |        8.68683   |   25:37:43   |   03:10:10   |
18267       |       -2828.35   |       -2837.03   |        8.68683   |   25:39:29   |   03:10:17   |
18268       |       -2828.35   |       -2837.03   |        8.68683   |   25:41:14   |   03:10:25   |
18269       |       -2828.35   |       -2837.03   |        8.68683   |   25:43:02   |   03:10:32   |
18270       |       -2828.35   |       -2837.03   |        8.68683   |   25:44:49   |   03:10:40   |
18271       |       -2828.35   |       -2837.03   |        8.68683   |   25:51:45   |   03:11:25   |
18272       |       -2828.35   |       -2837.03   |        8.68683   |   25:53:31   |   03:11:33   |
18273       |       -2828.35   |       -2837.03   |        8.68683   |   25:55:16   |   03:11:40   |
18274       |       -2828.35   |       -2837.03   |        8.68683   |   25:57:02   |   03:11:47   |
18275       |        -2833.8   |       -2843.04   |        9.23975   |   25:58:49   |   03:11:55   |
18276       |       -2832.11   |       -2842.22   |        10.1061   |   26:00:30   |   03:12:01   |
18277       |       -2834.68   |       -2844.45   |        9.77536   |   26:02:16   |   03:12:09   |
18278       |       -2827.02   |       -2838.91   |        11.8897   |   26:03:50   |   03:12:14   |
18279       |        -2829.5   |       -2841.35   |        11.8495   |   26:05:34   |   03:12:21   |


Iter        |      Posterior   |     Likelihood   |          Prior   |    elapsed   |        ETA   |
----------------------------------------------------------------------------------------------------
18280       |       -2826.45   |        -2838.2   |         11.746   |   26:07:10   |   03:12:27   |
18281       |       -2826.04   |       -2837.88   |        11.8377   |   26:13:47   |   03:13:10   |
18282       |       -2825.44   |       -2840.07   |        14.6293   |   26:15:27   |   03:13:17   |
18283       |       -2825.98   |       -2839.95   |        13.9674   |   26:17:03   |   03:13:23   |
18284       |       -2825.98   |       -2839.95   |        13.9674   |   26:18:47   |   03:13:30   |
18285       |       -2828.86   |       -2842.44   |        13.5809   |   26:20:27   |   03:13:36   |
18286       |       -2827.54   |       -2840.46   |        12.9213   |   26:22:03   |   03:13:42   |
18287       |       -2827.51   |       -2839.72   |        12.2087   |   26:23:38   |   03:13:48   |
18288       |       -2827.63   |       -2841.02   |        13.3884   |   26:25:11   |   03:13:54   |
18289       |       -2827.48   |       -2840.75   |        13.2746   |   26:26:52   |   03:14:00   |
18290       |       -2827.41   |       -2840.06   |        12.6476   |   26:28:30   |   03:14:06   |
18291       |       -2829.41   |       -2841.05   |        11.6337   |   26:35:15   |   03:14:50   |
18292       |       -2827.22   |       -2838.08   |        10.8654   |   26:36:52   |   03:14:56   |
18293       |       -2825.57   |       -2838.52   |        12.9517   |   26:38:25   |   03:15:01   |
18294       |       -2828.28   |        -2841.2   |        12.9244   |   26:39:48   |   03:15:05   |
18295       |       -2827.13   |       -2841.37   |        14.2344   |   26:41:14   |   03:15:10   |
18296       |        -2825.2   |       -2839.92   |         14.723   |   26:42:39   |   03:15:15   |
18297       |       -2824.74   |       -2839.37   |        14.6283   |   26:44:02   |   03:15:19   |
18298       |       -2824.71   |       -2838.11   |        13.3949   |   26:45:17   |   03:15:22   |
18299       |       -2825.24   |       -2838.63   |         13.394   |   26:46:47   |   03:15:27   |


Iter        |      Posterior   |     Likelihood   |          Prior   |    elapsed   |        ETA   |
----------------------------------------------------------------------------------------------------
18300       |       -2825.12   |       -2838.42   |        13.2987   |   26:48:14   |   03:15:32   |
18301       |       -2825.03   |       -2837.42   |        12.3938   |   26:54:33   |   03:16:12   |
18302       |       -2825.94   |       -2838.37   |        12.4278   |   26:56:00   |   03:16:16   |
18303       |       -2826.09   |       -2838.04   |        11.9545   |   26:57:32   |   03:16:22   |
18304       |       -2825.79   |       -2835.72   |        9.92598   |   26:59:09   |   03:16:28   |
18305       |       -2823.56   |       -2834.33   |        10.7672   |   27:00:49   |   03:16:34   |
18306       |       -2826.14   |       -2837.87   |        11.7383   |   27:02:22   |   03:16:39   |
18307       |       -2826.08   |       -2837.81   |        11.7272   |   27:04:03   |   03:16:45   |
18308       |       -2826.07   |       -2840.84   |        14.7687   |   27:05:36   |   03:16:51   |
18309       |       -2828.55   |       -2842.44   |        13.8871   |   27:07:03   |   03:16:55   |
18310       |       -2829.35   |       -2843.05   |        13.6945   |   27:08:38   |   03:17:01   |
18311       |       -2827.99   |       -2842.78   |        14.7908   |   27:15:26   |   03:17:44   |
18312       |       -2828.28   |       -2843.05   |        14.7705   |   27:16:59   |   03:17:49   |
18313       |       -2829.43   |       -2844.71   |        15.2822   |   27:18:25   |   03:17:54   |
18314       |       -2829.43   |       -2844.71   |        15.2822   |   27:20:03   |   03:17:59   |
18315       |       -2830.01   |       -2845.37   |        15.3603   |   27:21:36   |   03:18:05   |
18316       |       -2829.43   |       -2844.56   |        15.1315   |   27:22:58   |   03:18:08   |
18317       |       -2834.21   |       -2849.05   |        14.8368   |   27:24:26   |   03:18:13   |
18318       |       -2829.97   |       -2845.88   |        15.9152   |   27:26:01   |   03:18:18   |
18319       |       -2829.96   |       -2846.67   |        16.7176   |   27:27:39   |   03:18:24   |


Iter        |      Posterior   |     Likelihood   |          Prior   |    elapsed   |        ETA   |
----------------------------------------------------------------------------------------------------
18320       |       -2830.79   |       -2846.66   |        15.8678   |   27:29:05   |   03:18:29   |
18321       |       -2830.47   |       -2845.99   |        15.5219   |   27:35:41   |   03:19:10   |
18322       |       -2835.96   |       -2847.81   |        11.8496   |   27:37:24   |   03:19:16   |
18323       |       -2835.96   |       -2847.81   |        11.8496   |   27:39:14   |   03:19:24   |
18324       |       -2835.29   |        -2846.5   |        11.2091   |   27:41:04   |   03:19:31   |
18325       |       -2834.08   |       -2845.94   |        11.8551   |   27:42:43   |   03:19:37   |
18326       |       -2830.16   |       -2841.97   |        11.8169   |   27:44:26   |   03:19:43   |
18327       |       -2828.18   |       -2841.59   |        13.4112   |   27:46:00   |   03:19:48   |
18328       |       -2828.55   |       -2840.85   |        12.2923   |   27:47:36   |   03:19:53   |
18329       |       -2826.83   |       -2840.87   |        14.0448   |   27:49:10   |   03:19:58   |
18330       |        -2826.4   |        -2838.9   |        12.5006   |   27:50:45   |   03:20:04   |
18331       |       -2829.72   |       -2840.96   |        11.2428   |   27:57:34   |   03:20:47   |
18332       |       -2832.08   |       -2842.52   |        10.4415   |   27:59:10   |   03:20:52   |
18333       |       -2832.56   |       -2843.31   |        10.7563   |   28:00:52   |   03:20:58   |
18334       |       -2832.32   |       -2842.75   |         10.433   |   28:02:35   |   03:21:04   |
18335       |       -2827.17   |       -2838.93   |        11.7583   |   28:04:13   |   03:21:10   |
18336       |       -2828.11   |       -2838.69   |        10.5838   |   28:05:51   |   03:21:15   |
18337       |       -2827.89   |       -2839.22   |        11.3301   |   28:07:33   |   03:21:21   |
18338       |       -2829.91   |       -2841.13   |        11.2182   |   28:09:08   |   03:21:26   |
18339       |       -2830.53   |       -2841.18   |        10.6509   |   28:10:41   |   03:21:31   |


Iter        |      Posterior   |     Likelihood   |          Prior   |    elapsed   |        ETA   |
----------------------------------------------------------------------------------------------------
18340       |       -2831.99   |       -2842.47   |        10.4793   |   28:12:10   |   03:21:36   |
18341       |       -2831.98   |       -2842.16   |        10.1798   |   28:18:52   |   03:22:17   |
18342       |       -2835.47   |       -2841.51   |        6.03317   |   28:20:29   |   03:22:23   |
18343       |       -2832.87   |       -2840.01   |        7.13147   |   28:22:03   |   03:22:28   |
18344       |       -2833.69   |       -2840.04   |        6.35457   |   28:23:43   |   03:22:33   |
18345       |       -2833.94   |       -2841.18   |        7.23369   |   28:25:27   |   03:22:39   |
18346       |       -2833.02   |       -2839.02   |        5.99096   |   28:27:02   |   03:22:44   |
18347       |       -2830.14   |       -2835.63   |        5.48625   |   28:28:33   |   03:22:49   |
18348       |       -2830.15   |       -2836.33   |        6.17798   |   28:30:03   |   03:22:53   |
18349       |       -2833.85   |       -2839.78   |        5.92289   |   28:31:46   |   03:22:59   |
18350       |       -2830.23   |       -2837.89   |        7.66542   |   28:33:26   |   03:23:05   |
18351       |       -2830.34   |       -2838.86   |        8.51993   |   28:40:09   |   03:23:46   |
18352       |       -2832.16   |       -2838.29   |        6.13263   |   28:41:43   |   03:23:51   |
18353       |       -2832.09   |       -2838.02   |        5.93183   |   28:43:17   |   03:23:56   |
18354       |       -2831.53   |       -2839.35   |         7.8146   |   28:44:43   |   03:24:00   |
18355       |       -2835.76   |       -2841.97   |        6.20429   |   28:46:14   |   03:24:04   |
18356       |       -2836.45   |       -2844.53   |        8.07772   |   28:47:47   |   03:24:09   |
18357       |       -2835.29   |        -2844.2   |        8.90336   |   28:49:21   |   03:24:14   |
18358       |        -2834.2   |       -2843.54   |        9.34157   |   28:50:54   |   03:24:19   |
18359       |       -2832.32   |       -2842.15   |        9.82693   |   28:52:17   |   03:24:22   |


Iter        |      Posterior   |     Likelihood   |          Prior   |    elapsed   |        ETA   |
----------------------------------------------------------------------------------------------------
18360       |       -2833.04   |       -2841.77   |         8.7296   |   28:53:40   |   03:24:25   |
18361       |       -2833.04   |       -2842.34   |        9.29815   |   29:00:31   |   03:25:08   |
18362       |       -2831.45   |       -2842.57   |        11.1193   |   29:02:08   |   03:25:13   |
18363       |       -2829.38   |       -2843.63   |        14.2449   |   29:03:32   |   03:25:16   |
18364       |       -2827.98   |        -2842.7   |        14.7238   |   29:04:59   |   03:25:20   |
18365       |       -2827.98   |        -2842.7   |        14.7238   |   29:06:39   |   03:25:25   |
18366       |       -2825.31   |       -2839.88   |        14.5723   |   29:08:02   |   03:25:29   |
18367       |       -2825.17   |        -2839.9   |        14.7213   |   29:09:30   |   03:25:33   |
18368       |       -2823.92   |       -2838.75   |        14.8267   |   29:11:02   |   03:25:37   |
18369       |       -2824.31   |       -2839.62   |        15.3091   |   29:12:24   |   03:25:40   |
18370       |       -2823.03   |       -2839.74   |        16.7088   |   29:13:50   |   03:25:44   |
18371       |       -2823.06   |       -2840.02   |        16.9604   |   29:20:18   |   03:26:23   |
18372       |       -2823.66   |       -2841.12   |        17.4638   |   29:21:41   |   03:26:27   |
18373       |       -2824.89   |        -2842.7   |        17.8104   |   29:23:06   |   03:26:30   |
18374       |       -2826.26   |        -2844.4   |        18.1415   |   29:24:39   |   03:26:34   |
18375       |       -2827.64   |       -2845.24   |        17.6031   |   29:26:02   |   03:26:38   |
18376       |       -2825.03   |       -2842.23   |        17.2077   |   29:27:29   |   03:26:42   |
18377       |       -2823.29   |       -2840.04   |        16.7411   |   29:28:58   |   03:26:45   |
18378       |       -2825.02   |       -2839.46   |        14.4369   |   29:30:31   |   03:26:50   |
18379       |       -2825.07   |       -2838.99   |        13.9278   |   29:32:09   |   03:26:55   |


Iter        |      Posterior   |     Likelihood   |          Prior   |    elapsed   |        ETA   |
----------------------------------------------------------------------------------------------------
18380       |       -2824.41   |       -2836.91   |        12.4985   |   29:33:47   |   03:27:00   |
18381       |       -2824.05   |       -2838.53   |        14.4829   |   29:40:43   |   03:27:42   |
18382       |       -2823.45   |       -2838.02   |        14.5698   |   29:42:13   |   03:27:46   |
18383       |       -2827.97   |       -2840.96   |         12.989   |   29:43:44   |   03:27:50   |
18384       |       -2828.35   |       -2840.42   |        12.0697   |   29:45:22   |   03:27:55   |
18385       |       -2826.91   |       -2837.44   |        10.5274   |   29:46:51   |   03:27:59   |
18386       |       -2824.88   |        -2835.5   |         10.625   |   29:48:29   |   03:28:04   |
18387       |       -2824.68   |        -2835.7   |        11.0239   |   29:50:08   |   03:28:09   |
18388       |       -2824.68   |        -2835.7   |        11.0239   |   29:51:53   |   03:28:14   |
18389       |       -2826.94   |       -2837.87   |        10.9311   |   29:53:38   |   03:28:20   |
18390       |       -2827.64   |       -2840.92   |        13.2767   |   29:55:15   |   03:28:25   |
18391       |       -2824.52   |       -2836.57   |         12.056   |   30:01:51   |   03:29:04   |
18392       |       -2825.08   |       -2839.54   |        14.4589   |   30:03:24   |   03:29:08   |
18393       |       -2826.38   |       -2839.89   |        13.5048   |   30:04:45   |   03:29:11   |
18394       |       -2825.18   |          -2838   |        12.8263   |   30:06:11   |   03:29:15   |
18395       |       -2825.18   |          -2838   |        12.8263   |   30:07:43   |   03:29:19   |
18396       |       -2825.18   |          -2838   |        12.8263   |   30:09:23   |   03:29:24   |
18397       |       -2825.18   |          -2838   |        12.8263   |   30:11:05   |   03:29:29   |
18398       |       -2824.99   |       -2838.55   |        13.5582   |   30:12:41   |   03:29:33   |
18399       |       -2825.19   |       -2838.39   |        13.1952   |   30:14:19   |   03:29:38   |


Iter        |      Posterior   |     Likelihood   |          Prior   |    elapsed   |        ETA   |
----------------------------------------------------------------------------------------------------
18400       |       -2826.75   |       -2839.63   |        12.8872   |   30:15:59   |   03:29:43   |
18401       |        -2826.2   |        -2838.4   |        12.1964   |   30:22:56   |   03:30:25   |
18402       |       -2829.33   |       -2840.44   |        11.1085   |   30:24:40   |   03:30:30   |
18403       |       -2824.72   |       -2835.79   |        11.0697   |   30:26:18   |   03:30:35   |
18404       |       -2822.99   |       -2834.98   |         11.987   |   30:27:46   |   03:30:38   |
18405       |       -2822.99   |       -2834.98   |         11.987   |   30:29:27   |   03:30:43   |
18406       |       -2824.68   |       -2837.92   |        13.2398   |   30:30:54   |   03:30:46   |
18407       |       -2823.34   |        -2836.5   |        13.1651   |   30:32:13   |   03:30:49   |
18408       |       -2823.55   |        -2836.4   |        12.8456   |   30:33:31   |   03:30:51   |
18409       |       -2824.43   |       -2836.06   |        11.6354   |   30:34:57   |   03:30:54   |
18410       |        -2825.7   |        -2836.3   |        10.6077   |   30:36:22   |   03:30:58   |
18411       |       -2827.62   |       -2836.96   |        9.34408   |   30:43:10   |   03:31:38   |
18412       |       -2827.56   |        -2837.6   |         10.039   |   30:44:39   |   03:31:41   |
18413       |       -2829.18   |       -2836.11   |        6.93074   |   30:46:17   |   03:31:46   |
18414       |        -2829.2   |       -2837.56   |        8.35905   |   30:48:03   |   03:31:51   |
18415       |       -2829.01   |       -2838.59   |        9.57807   |   30:49:45   |   03:31:56   |
18416       |       -2827.57   |       -2838.64   |        11.0774   |   30:51:22   |   03:32:01   |
18417       |        -2825.2   |       -2836.08   |        10.8796   |   30:53:00   |   03:32:05   |
18418       |       -2825.76   |        -2836.5   |        10.7472   |   30:54:44   |   03:32:10   |
18419       |       -2825.76   |        -2836.5   |        10.7472   |   30:56:29   |   03:32:16   |


Iter        |      Posterior   |     Likelihood   |          Prior   |    elapsed   |        ETA   |
----------------------------------------------------------------------------------------------------
18420       |       -2826.74   |       -2841.02   |        14.2734   |   30:58:02   |   03:32:19   |
18421       |       -2825.68   |       -2838.03   |        12.3492   |   31:04:52   |   03:33:00   |
18422       |       -2825.48   |       -2837.38   |        11.8972   |   31:06:40   |   03:33:05   |
18423       |       -2824.57   |       -2836.32   |        11.7544   |   31:08:22   |   03:33:10   |
18424       |        -2824.2   |       -2836.04   |        11.8449   |   31:10:02   |   03:33:15   |
18425       |       -2825.88   |       -2838.47   |        12.5875   |   31:11:44   |   03:33:19   |
18426       |       -2826.73   |       -2839.91   |         13.176   |   31:13:26   |   03:33:24   |
18427       |       -2828.89   |       -2839.83   |        10.9436   |   31:15:00   |   03:33:28   |
18428       |       -2831.21   |       -2839.77   |         8.5587   |   31:16:39   |   03:33:33   |
18429       |       -2831.51   |        -2841.3   |        9.79287   |   31:18:16   |   03:33:37   |
18430       |       -2829.37   |       -2840.11   |        10.7408   |   31:19:53   |   03:33:41   |
18431       |       -2830.09   |       -2838.67   |        8.57818   |   31:26:38   |   03:34:20   |
18432       |        -2829.1   |       -2843.03   |        13.9255   |   31:28:12   |   03:34:24   |
18433       |       -2827.25   |       -2841.15   |        13.8991   |   31:29:44   |   03:34:28   |
18434       |       -2826.69   |       -2840.32   |        13.6265   |   31:31:17   |   03:34:31   |
18435       |       -2829.02   |       -2840.29   |        11.2689   |   31:32:53   |   03:34:35   |
18436       |       -2828.68   |       -2840.02   |        11.3427   |   31:34:37   |   03:34:40   |
18437       |       -2826.05   |       -2836.49   |        10.4325   |   31:36:15   |   03:34:45   |
18438       |       -2828.54   |       -2839.26   |         10.723   |   31:37:54   |   03:34:49   |
18439       |        -2828.4   |       -2839.96   |        11.5542   |   31:39:30   |   03:34:53   |


Iter        |      Posterior   |     Likelihood   |          Prior   |    elapsed   |        ETA   |
----------------------------------------------------------------------------------------------------
18440       |       -2826.94   |       -2838.94   |        11.9945   |   31:41:14   |   03:34:58   |
18441       |       -2827.18   |       -2842.42   |        15.2479   |   31:48:13   |   03:35:38   |
18442       |       -2829.36   |       -2843.16   |        13.7981   |   31:49:54   |   03:35:43   |
18443       |       -2830.36   |       -2845.18   |        14.8122   |   31:51:24   |   03:35:46   |
18444       |       -2829.06   |       -2840.65   |        11.5894   |   31:52:47   |   03:35:48   |
18445       |       -2828.98   |       -2839.36   |        10.3733   |   31:54:25   |   03:35:53   |
18446       |       -2829.13   |       -2839.35   |        10.2275   |   31:56:07   |   03:35:57   |
18447       |       -2829.22   |       -2838.54   |        9.32437   |   31:57:40   |   03:36:01   |
18448       |       -2829.13   |       -2840.04   |        10.9049   |   31:59:14   |   03:36:04   |
18449       |       -2827.26   |       -2838.02   |        10.7657   |   32:00:45   |   03:36:08   |
18450       |       -2829.05   |        -2839.8   |         10.749   |   32:02:06   |   03:36:10   |
18451       |       -2831.77   |       -2842.04   |        10.2727   |   32:08:54   |   03:36:49   |
18452       |       -2830.04   |       -2840.89   |        10.8542   |   32:10:39   |   03:36:53   |
18453       |       -2829.25   |       -2838.86   |        9.61521   |   32:12:22   |   03:36:58   |
18454       |       -2829.67   |       -2837.64   |        7.97766   |   32:14:05   |   03:37:03   |
18455       |       -2828.53   |       -2837.19   |        8.65847   |   32:15:49   |   03:37:07   |
18456       |        -2829.6   |       -2837.41   |        7.80183   |   32:17:30   |   03:37:12   |
18457       |       -2830.06   |        -2839.3   |        9.24204   |   32:19:07   |   03:37:16   |
18458       |       -2828.51   |       -2838.09   |        9.57446   |   32:20:52   |   03:37:20   |
18459       |       -2829.69   |       -2839.46   |        9.76182   |   32:22:24   |   03:37:24   |


Iter        |      Posterior   |     Likelihood   |          Prior   |    elapsed   |        ETA   |
----------------------------------------------------------------------------------------------------
18460       |        -2824.2   |       -2834.53   |        10.3359   |   32:24:03   |   03:37:28   |
18461       |       -2826.06   |       -2833.99   |        7.92357   |   32:31:01   |   03:38:07   |
18462       |       -2826.77   |       -2835.99   |        9.22802   |   32:32:32   |   03:38:10   |
18463       |        -2825.4   |       -2835.75   |        10.3574   |   32:34:09   |   03:38:14   |
18464       |       -2826.88   |       -2835.38   |        8.49835   |   32:35:50   |   03:38:18   |
18465       |       -2829.41   |       -2840.15   |        10.7411   |   32:37:27   |   03:38:22   |
18466       |       -2825.49   |       -2834.82   |        9.32273   |   32:39:06   |   03:38:26   |
18467       |       -2823.81   |       -2833.67   |        9.85482   |   32:40:37   |   03:38:29   |
18468       |       -2823.46   |       -2836.97   |        13.5016   |   32:42:17   |   03:38:33   |
18469       |       -2824.66   |       -2839.77   |        15.1081   |   32:43:59   |   03:38:38   |
18470       |       -2822.65   |        -2837.5   |        14.8508   |   32:45:29   |   03:38:40   |
18471       |       -2823.14   |       -2838.48   |          15.34   |   32:52:07   |   03:39:18   |
18472       |       -2824.74   |        -2839.8   |         15.058   |   32:53:39   |   03:39:21   |
18473       |       -2825.24   |       -2841.19   |        15.9548   |   32:55:18   |   03:39:25   |
18474       |       -2824.87   |       -2841.16   |        16.2873   |   32:56:59   |   03:39:29   |
18475       |        -2824.7   |       -2841.19   |         16.483   |   32:58:40   |   03:39:33   |
18476       |       -2826.51   |       -2842.55   |        16.0442   |   33:00:11   |   03:39:36   |
18477       |       -2825.46   |       -2843.53   |        18.0737   |   33:01:35   |   03:39:38   |
18478       |          -2825   |        -2840.4   |        15.4016   |   33:03:07   |   03:39:41   |
18479       |       -2823.69   |       -2838.33   |        14.6372   |   33:04:44   |   03:39:45   |


Iter        |      Posterior   |     Likelihood   |          Prior   |    elapsed   |        ETA   |
----------------------------------------------------------------------------------------------------
18480       |       -2824.28   |       -2838.92   |        14.6369   |   33:06:28   |   03:39:49   |
18481       |       -2823.77   |       -2839.73   |        15.9577   |   33:13:24   |   03:40:28   |
18482       |       -2826.52   |       -2842.15   |         15.635   |   33:15:01   |   03:40:31   |
18483       |       -2824.11   |       -2839.75   |        15.6383   |   33:16:37   |   03:40:35   |
18484       |       -2825.42   |       -2842.13   |        16.7065   |   33:18:23   |   03:40:39   |
18485       |       -2829.76   |       -2847.74   |        17.9791   |   33:19:55   |   03:40:42   |
18486       |       -2830.55   |       -2849.67   |         19.127   |   33:21:23   |   03:40:45   |
18487       |       -2824.64   |       -2842.56   |        17.9257   |   33:22:52   |   03:40:47   |
18488       |       -2821.73   |       -2838.35   |        16.6188   |   33:24:20   |   03:40:50   |
18489       |       -2821.72   |       -2836.23   |        14.5156   |   33:25:45   |   03:40:52   |
18490       |       -2824.04   |        -2838.5   |        14.4604   |   33:27:09   |   03:40:54   |
18491       |       -2823.35   |       -2838.62   |        15.2735   |   33:33:43   |   03:41:30   |
18492       |       -2823.94   |       -2838.97   |        15.0355   |   33:35:12   |   03:41:32   |
18493       |       -2825.06   |       -2840.06   |         14.997   |   33:36:39   |   03:41:35   |
18494       |       -2821.43   |       -2836.43   |        14.9961   |   33:38:02   |   03:41:37   |
18495       |        -2822.5   |        -2836.9   |        14.3934   |   33:39:40   |   03:41:40   |
18496       |       -2825.46   |       -2838.44   |        12.9779   |   33:41:12   |   03:41:43   |
18497       |       -2824.21   |       -2836.32   |        12.1104   |   33:42:51   |   03:41:47   |
18498       |       -2823.36   |       -2834.28   |        10.9244   |   33:44:33   |   03:41:50   |
18499       |       -2824.13   |       -2836.62   |         12.482   |   33:46:17   |   03:41:55   |


Iter        |      Posterior   |     Likelihood   |          Prior   |    elapsed   |        ETA   |
----------------------------------------------------------------------------------------------------
18500       |       -2824.27   |       -2839.49   |        15.2194   |   33:47:51   |   03:41:58   |
18501       |       -2824.59   |       -2840.72   |        16.1323   |   33:54:43   |   03:42:35   |
18502       |       -2822.86   |       -2835.83   |        12.9707   |   33:56:13   |   03:42:38   |
18503       |       -2822.46   |       -2835.43   |         12.968   |   33:57:51   |   03:42:41   |
18504       |       -2824.96   |       -2837.54   |        12.5861   |   33:59:20   |   03:42:44   |
18505       |       -2823.68   |       -2836.42   |        12.7433   |   34:00:56   |   03:42:47   |
18506       |       -2823.72   |       -2837.01   |        13.2854   |   34:02:33   |   03:42:50   |
18507       |       -2824.15   |       -2836.73   |        12.5836   |   34:03:58   |   03:42:52   |
18508       |        -2828.1   |       -2839.12   |        11.0219   |   34:05:36   |   03:42:55   |
18509       |       -2827.63   |       -2838.03   |        10.4006   |   34:07:15   |   03:42:59   |
18510       |       -2826.46   |        -2837.9   |        11.4361   |   34:08:53   |   03:43:02   |
18511       |       -2824.21   |       -2835.73   |        11.5139   |   34:15:36   |   03:43:38   |
18512       |        -2824.3   |       -2835.93   |        11.6271   |   34:17:12   |   03:43:42   |
18513       |        -2823.1   |        -2836.2   |        13.1026   |   34:18:52   |   03:43:45   |
18514       |       -2824.61   |       -2837.39   |         12.782   |   34:20:31   |   03:43:48   |
18515       |       -2823.04   |       -2835.78   |        12.7361   |   34:22:06   |   03:43:51   |
18516       |       -2824.77   |       -2836.22   |        11.4437   |   34:23:44   |   03:43:54   |
18517       |       -2824.83   |       -2833.59   |        8.76285   |   34:25:21   |   03:43:58   |
18518       |        -2822.6   |       -2832.97   |        10.3716   |   34:27:00   |   03:44:01   |
18519       |       -2825.13   |       -2836.17   |        11.0455   |   34:28:28   |   03:44:03   |


Iter        |      Posterior   |     Likelihood   |          Prior   |    elapsed   |        ETA   |
----------------------------------------------------------------------------------------------------
18520       |       -2822.64   |       -2834.94   |        12.2991   |   34:29:59   |   03:44:05   |
18521       |        -2822.1   |       -2833.37   |        11.2697   |   34:36:42   |   03:44:42   |
18522       |       -2826.63   |       -2836.01   |        9.37539   |   34:38:16   |   03:44:44   |
18523       |       -2826.24   |       -2835.59   |        9.34539   |   34:39:50   |   03:44:47   |
18524       |          -2823   |       -2834.21   |        11.2131   |   34:41:23   |   03:44:50   |
18525       |       -2824.27   |       -2835.26   |        10.9865   |   34:43:00   |   03:44:53   |
18526       |       -2822.74   |       -2834.78   |        12.0404   |   34:44:35   |   03:44:55   |
18527       |       -2822.22   |        -2834.7   |        12.4821   |   34:46:05   |   03:44:58   |
18528       |       -2822.13   |       -2835.75   |        13.6229   |   34:47:40   |   03:45:00   |
18529       |        -2823.4   |       -2837.84   |        14.4399   |   34:49:11   |   03:45:03   |
18530       |       -2821.11   |       -2835.48   |        14.3701   |   34:50:37   |   03:45:04   |
18531       |       -2824.89   |       -2838.04   |        13.1537   |   34:57:01   |   03:45:38   |
18532       |       -2824.96   |       -2838.85   |        13.8913   |   34:58:26   |   03:45:40   |
18533       |       -2827.44   |       -2841.02   |        13.5834   |   34:59:59   |   03:45:42   |
18534       |       -2823.64   |       -2837.59   |        13.9545   |   35:01:26   |   03:45:44   |
18535       |       -2824.64   |       -2837.28   |        12.6416   |   35:03:01   |   03:45:47   |
18536       |       -2825.07   |       -2839.12   |        14.0443   |   35:04:32   |   03:45:49   |
18537       |       -2826.13   |       -2840.74   |        14.6162   |   35:06:07   |   03:45:52   |
18538       |       -2824.81   |       -2837.53   |        12.7281   |   35:07:23   |   03:45:52   |
18539       |       -2826.55   |       -2837.41   |        10.8599   |   35:08:54   |   03:45:55   |


Iter        |      Posterior   |     Likelihood   |          Prior   |    elapsed   |        ETA   |
----------------------------------------------------------------------------------------------------
18540       |       -2826.39   |       -2836.96   |        10.5725   |   35:10:27   |   03:45:57   |
18541       |       -2825.86   |       -2838.37   |        12.5081   |   35:17:04   |   03:46:32   |
18542       |       -2823.98   |       -2837.82   |        13.8387   |   35:18:38   |   03:46:34   |
18543       |       -2826.45   |        -2841.2   |        14.7529   |   35:20:05   |   03:46:36   |
18544       |       -2826.73   |       -2841.25   |        14.5153   |   35:21:26   |   03:46:37   |
18545       |       -2825.61   |       -2840.08   |        14.4695   |   35:22:55   |   03:46:39   |
18546       |       -2825.19   |       -2839.14   |        13.9506   |   35:24:27   |   03:46:41   |
18547       |        -2824.9   |       -2839.58   |        14.6798   |   35:25:52   |   03:46:43   |
18548       |       -2823.61   |       -2839.14   |        15.5264   |   35:27:15   |   03:46:44   |
18549       |       -2824.26   |       -2838.84   |        14.5799   |   35:28:30   |   03:46:44   |
18550       |       -2824.54   |       -2834.71   |        10.1669   |   35:29:56   |   03:46:46   |
18551       |       -2824.68   |       -2835.41   |        10.7321   |   35:36:27   |   03:47:20   |
18552       |       -2825.04   |       -2835.84   |        10.7995   |   35:37:51   |   03:47:21   |
18553       |       -2824.91   |       -2835.76   |        10.8496   |   35:39:31   |   03:47:24   |
18554       |       -2824.91   |       -2835.76   |        10.8496   |   35:41:13   |   03:47:27   |
18555       |       -2824.34   |       -2838.15   |        13.8121   |   35:42:52   |   03:47:30   |
18556       |       -2823.51   |       -2837.64   |        14.1354   |   35:44:21   |   03:47:32   |
18557       |       -2826.15   |       -2839.99   |        13.8375   |   35:45:54   |   03:47:34   |
18558       |       -2826.99   |       -2840.71   |        13.7275   |   35:47:23   |   03:47:36   |
18559       |       -2829.09   |       -2842.96   |        13.8731   |   35:48:51   |   03:47:37   |


Iter        |      Posterior   |     Likelihood   |          Prior   |    elapsed   |        ETA   |
----------------------------------------------------------------------------------------------------
18560       |       -2826.43   |       -2839.02   |        12.5855   |   35:50:29   |   03:47:40   |
18561       |       -2824.84   |       -2839.05   |        14.2097   |   35:57:05   |   03:48:14   |
18562       |       -2826.19   |       -2840.52   |        14.3341   |   35:58:41   |   03:48:17   |
18563       |       -2825.85   |       -2838.52   |        12.6644   |   36:00:03   |   03:48:18   |
18564       |       -2824.92   |       -2839.32   |        14.3992   |   36:01:33   |   03:48:20   |
18565       |       -2826.22   |       -2840.47   |        14.2574   |   36:03:05   |   03:48:22   |
18566       |       -2826.22   |       -2840.47   |        14.2574   |   36:04:47   |   03:48:25   |
18567       |       -2825.49   |        -2839.8   |        14.3051   |   36:06:19   |   03:48:27   |
18568       |       -2826.48   |       -2840.88   |        14.3972   |   36:07:52   |   03:48:29   |
18569       |       -2826.96   |       -2841.68   |        14.7224   |   36:09:22   |   03:48:30   |
18570       |        -2826.1   |       -2840.76   |        14.6577   |   36:10:45   |   03:48:31   |
18571       |       -2825.93   |       -2841.59   |        15.6605   |   36:17:19   |   03:49:05   |
18572       |        -2821.5   |       -2837.96   |        16.4609   |   36:18:39   |   03:49:06   |
18573       |       -2819.51   |       -2832.11   |        12.5919   |   36:19:55   |   03:49:06   |
18574       |       -2822.37   |        -2832.8   |        10.4307   |   36:21:20   |   03:49:07   |
18575       |        -2823.5   |       -2833.21   |        9.71096   |   36:22:48   |   03:49:08   |
18576       |       -2821.47   |       -2831.19   |        9.72373   |   36:24:23   |   03:49:11   |
18577       |       -2821.47   |       -2831.19   |        9.72373   |   36:26:00   |   03:49:13   |
18578       |       -2824.45   |       -2832.47   |         8.0238   |   36:27:33   |   03:49:15   |
18579       |       -2824.54   |       -2830.04   |        5.49729   |   36:29:17   |   03:49:18   |


Iter        |      Posterior   |     Likelihood   |          Prior   |    elapsed   |        ETA   |
----------------------------------------------------------------------------------------------------
18580       |       -2822.91   |       -2829.95   |        7.04068   |   36:30:59   |   03:49:21   |
18581       |       -2822.85   |       -2829.98   |         7.1275   |   36:38:01   |   03:49:57   |
18582       |       -2824.95   |       -2829.91   |        4.95784   |   36:39:33   |   03:49:59   |
18583       |       -2824.79   |       -2829.13   |        4.34246   |   36:41:08   |   03:50:01   |
18584       |          -2823   |       -2830.21   |        7.20827   |   36:42:46   |   03:50:04   |
18585       |        -2825.5   |       -2832.89   |        7.39047   |   36:44:12   |   03:50:05   |
18586       |       -2825.47   |        -2833.4   |        7.93537   |   36:45:46   |   03:50:07   |
18587       |          -2827   |       -2834.37   |        7.37046   |   36:47:21   |   03:50:09   |
18588       |        -2825.9   |       -2833.44   |         7.5373   |   36:49:00   |   03:50:11   |
18589       |       -2824.68   |       -2831.43   |        6.74205   |   36:50:37   |   03:50:13   |
18590       |       -2824.68   |       -2831.43   |        6.74205   |   36:52:19   |   03:50:16   |
18591       |       -2826.05   |       -2831.77   |        5.72187   |   36:59:04   |   03:50:50   |
18592       |       -2828.53   |       -2832.16   |         3.6286   |   37:00:32   |   03:50:52   |
18593       |       -2830.15   |       -2833.78   |         3.6286   |   37:02:15   |   03:50:54   |
18594       |       -2830.15   |       -2833.78   |         3.6286   |   37:04:02   |   03:50:58   |
18595       |       -2830.15   |       -2833.78   |         3.6286   |   37:05:44   |   03:51:00   |
18596       |       -2827.73   |       -2832.26   |        4.52111   |   37:07:25   |   03:51:03   |
18597       |       -2826.21   |       -2832.56   |        6.35423   |   37:08:55   |   03:51:04   |
18598       |       -2822.57   |       -2833.46   |        10.8904   |   37:10:30   |   03:51:06   |
18599       |       -2821.88   |       -2832.23   |         10.349   |   37:12:03   |   03:51:08   |


Iter        |      Posterior   |     Likelihood   |          Prior   |    elapsed   |        ETA   |
----------------------------------------------------------------------------------------------------
18600       |       -2822.15   |       -2833.59   |        11.4451   |   37:13:31   |   03:51:09   |
18601       |       -2823.28   |       -2835.43   |         12.144   |   37:20:12   |   03:51:42   |
18602       |       -2821.46   |       -2833.54   |        12.0784   |   37:21:42   |   03:51:44   |
18603       |       -2821.08   |       -2833.21   |        12.1321   |   37:23:06   |   03:51:44   |
18604       |        -2819.9   |        -2833.9   |        14.0021   |   37:24:28   |   03:51:45   |
18605       |       -2822.58   |       -2835.06   |        12.4804   |   37:25:57   |   03:51:46   |
18606       |       -2821.42   |        -2836.8   |        15.3804   |   37:27:27   |   03:51:47   |
18607       |       -2821.77   |       -2836.65   |        14.8808   |   37:28:53   |   03:51:48   |
18608       |       -2819.26   |       -2833.29   |         14.032   |   37:30:16   |   03:51:49   |
18609       |       -2820.64   |       -2833.18   |        12.5369   |   37:31:45   |   03:51:50   |
18610       |       -2822.59   |       -2836.14   |        13.5526   |   37:33:12   |   03:51:51   |
18611       |       -2821.35   |       -2836.44   |        15.0919   |   37:39:44   |   03:52:23   |
18612       |       -2821.89   |       -2839.13   |        17.2436   |   37:41:08   |   03:52:24   |
18613       |       -2822.23   |       -2837.47   |        15.2409   |   37:42:31   |   03:52:24   |
18614       |       -2821.62   |       -2837.47   |        15.8512   |   37:43:59   |   03:52:25   |
18615       |       -2822.14   |        -2838.2   |        16.0584   |   37:45:21   |   03:52:26   |
18616       |       -2821.66   |       -2835.58   |        13.9285   |   37:46:47   |   03:52:27   |
18617       |       -2828.12   |       -2842.65   |         14.527   |   37:48:13   |   03:52:27   |
18618       |       -2828.23   |       -2842.68   |        14.4521   |   37:49:32   |   03:52:27   |
18619       |       -2827.96   |       -2841.37   |        13.4144   |   37:50:58   |   03:52:28   |


Iter        |      Posterior   |     Likelihood   |          Prior   |    elapsed   |        ETA   |
----------------------------------------------------------------------------------------------------
18620       |       -2829.96   |       -2842.37   |        12.4113   |   37:52:20   |   03:52:28   |
18621       |       -2827.29   |       -2842.12   |        14.8281   |   37:58:56   |   03:53:01   |
18622       |       -2825.09   |        -2835.4   |        10.3087   |   38:00:29   |   03:53:02   |
18623       |       -2825.64   |       -2834.42   |         8.7837   |   38:02:04   |   03:53:04   |
18624       |       -2823.09   |          -2832   |        8.91121   |   38:03:47   |   03:53:06   |
18625       |       -2821.35   |        -2832.3   |        10.9446   |   38:05:25   |   03:53:08   |
18626       |        -2821.8   |       -2832.44   |        10.6322   |   38:07:10   |   03:53:11   |
18627       |       -2821.97   |       -2834.81   |        12.8359   |   38:08:47   |   03:53:12   |
18628       |       -2821.68   |       -2834.42   |        12.7395   |   38:10:24   |   03:53:14   |
18629       |       -2821.19   |       -2834.37   |        13.1769   |   38:12:03   |   03:53:16   |
18630       |       -2824.23   |          -2837   |        12.7706   |   38:13:45   |   03:53:18   |
18631       |       -2826.88   |        -2838.2   |        11.3205   |   38:20:39   |   03:53:52   |
18632       |       -2824.29   |       -2835.46   |         11.167   |   38:22:21   |   03:53:55   |
18633       |       -2823.65   |       -2837.12   |        13.4714   |   38:24:01   |   03:53:57   |
18634       |       -2823.65   |       -2837.12   |        13.4714   |   38:25:48   |   03:53:59   |
18635       |       -2823.79   |       -2837.59   |        13.8058   |   38:27:21   |   03:54:00   |
18636       |       -2824.91   |       -2840.93   |        16.0223   |   38:28:51   |   03:54:01   |
18637       |       -2823.98   |       -2839.85   |          15.87   |   38:30:21   |   03:54:02   |
18638       |       -2824.22   |       -2837.58   |         13.361   |   38:31:50   |   03:54:03   |
18639       |        -2823.3   |       -2836.75   |        13.4533   |   38:33:23   |   03:54:04   |


Iter        |      Posterior   |     Likelihood   |          Prior   |    elapsed   |        ETA   |
----------------------------------------------------------------------------------------------------
18640       |       -2822.99   |       -2838.35   |        15.3531   |   38:34:53   |   03:54:05   |
18641       |       -2823.73   |       -2838.29   |        14.5583   |   38:41:35   |   03:54:38   |
18642       |       -2820.27   |       -2835.08   |        14.8123   |   38:43:09   |   03:54:39   |
18643       |       -2820.51   |       -2837.28   |        16.7649   |   38:44:42   |   03:54:40   |
18644       |       -2821.05   |       -2836.36   |        15.3084   |   38:46:11   |   03:54:41   |
18645       |       -2819.01   |       -2834.33   |        15.3167   |   38:47:41   |   03:54:42   |
18646       |       -2821.43   |       -2836.05   |        14.6193   |   38:49:09   |   03:54:42   |
18647       |       -2827.25   |       -2839.58   |        12.3213   |   38:50:45   |   03:54:44   |
18648       |       -2819.25   |          -2833   |        13.7422   |   38:52:30   |   03:54:46   |
18649       |       -2817.24   |       -2831.67   |        14.4307   |   38:54:09   |   03:54:48   |
18650       |       -2819.28   |       -2831.52   |         12.242   |   38:55:48   |   03:54:49   |
18651       |       -2817.71   |       -2832.18   |        14.4684   |   39:02:56   |   03:55:24   |
18652       |       -2818.95   |        -2833.6   |        14.6455   |   39:04:31   |   03:55:25   |
18653       |       -2819.12   |       -2833.02   |        13.9009   |   39:06:02   |   03:55:26   |
18654       |       -2817.84   |       -2834.28   |        16.4462   |   39:07:32   |   03:55:27   |
18655       |       -2817.94   |       -2835.09   |        17.1478   |   39:09:02   |   03:55:28   |
18656       |       -2817.65   |       -2834.35   |        16.6996   |   39:10:38   |   03:55:29   |
18657       |       -2817.67   |       -2833.81   |        16.1402   |   39:12:06   |   03:55:29   |
18658       |       -2818.38   |       -2834.08   |        15.6968   |   39:13:38   |   03:55:30   |
18659       |       -2818.35   |       -2835.54   |        17.1877   |   39:14:58   |   03:55:30   |


Iter        |      Posterior   |     Likelihood   |          Prior   |    elapsed   |        ETA   |
----------------------------------------------------------------------------------------------------
18660       |       -2820.63   |       -2837.23   |        16.5996   |   39:16:25   |   03:55:30   |
18661       |       -2819.36   |       -2833.93   |        14.5713   |   39:22:55   |   03:56:01   |
18662       |       -2819.37   |       -2834.81   |        15.4377   |   39:24:26   |   03:56:02   |
18663       |       -2819.37   |       -2834.81   |        15.4377   |   39:26:06   |   03:56:03   |
18664       |       -2818.49   |       -2834.37   |         15.877   |   39:27:28   |   03:56:03   |
18665       |       -2819.86   |       -2837.94   |        18.0847   |   39:28:58   |   03:56:04   |
18666       |        -2818.6   |        -2834.5   |        15.9015   |   39:30:25   |   03:56:04   |
18667       |       -2820.38   |       -2836.63   |        16.2491   |   39:31:56   |   03:56:05   |
18668       |       -2820.36   |       -2836.62   |        16.2597   |   39:33:32   |   03:56:06   |
18669       |       -2819.34   |       -2833.93   |        14.5953   |   39:35:00   |   03:56:06   |
18670       |       -2819.01   |       -2834.31   |        15.3095   |   39:36:31   |   03:56:07   |
18671       |        -2820.5   |       -2836.08   |        15.5844   |   39:43:20   |   03:56:39   |
18672       |       -2820.78   |       -2836.77   |         15.996   |   39:44:57   |   03:56:40   |
18673       |       -2821.55   |       -2838.36   |        16.8148   |   39:46:20   |   03:56:40   |
18674       |       -2818.58   |       -2835.14   |        16.5659   |   39:47:39   |   03:56:40   |
18675       |       -2818.73   |       -2835.99   |        17.2566   |   39:48:58   |   03:56:39   |
18676       |       -2819.11   |       -2836.86   |         17.744   |   39:50:23   |   03:56:39   |
18677       |       -2817.39   |       -2835.58   |        18.1882   |   39:51:47   |   03:56:39   |
18678       |       -2817.57   |       -2832.71   |        15.1473   |   39:53:08   |   03:56:38   |
18679       |       -2817.05   |       -2832.05   |        14.9983   |   39:54:31   |   03:56:38   |


Iter        |      Posterior   |     Likelihood   |          Prior   |    elapsed   |        ETA   |
----------------------------------------------------------------------------------------------------
18680       |       -2818.36   |       -2833.02   |        14.6588   |   39:56:06   |   03:56:39   |
18681       |       -2818.45   |       -2831.31   |        12.8684   |   40:02:41   |   03:57:10   |
18682       |       -2821.91   |       -2837.87   |        15.9615   |   40:04:19   |   03:57:11   |
18683       |       -2821.16   |       -2836.38   |        15.2194   |   40:05:41   |   03:57:10   |
18684       |       -2819.03   |       -2833.66   |        14.6292   |   40:07:23   |   03:57:12   |
18685       |       -2819.55   |       -2833.28   |        13.7311   |   40:09:06   |   03:57:14   |
18686       |       -2821.35   |       -2835.43   |         14.081   |   40:10:40   |   03:57:14   |
18687       |       -2819.74   |       -2833.62   |        13.8856   |   40:12:18   |   03:57:16   |
18688       |       -2819.55   |       -2832.89   |        13.3383   |   40:13:56   |   03:57:17   |
18689       |       -2818.78   |        -2834.1   |        15.3186   |   40:15:28   |   03:57:17   |
18690       |       -2819.74   |       -2835.12   |        15.3778   |   40:16:59   |   03:57:18   |
18691       |       -2819.62   |       -2834.94   |        15.3253   |   40:23:42   |   03:57:49   |
18692       |        -2821.6   |       -2835.72   |        14.1239   |   40:25:11   |   03:57:49   |
18693       |       -2822.86   |       -2838.28   |         15.422   |   40:26:50   |   03:57:50   |
18694       |       -2822.87   |       -2837.86   |        14.9831   |   40:28:31   |   03:57:51   |
18695       |       -2820.91   |        -2835.2   |        14.2823   |   40:30:06   |   03:57:52   |
18696       |       -2824.38   |       -2839.88   |        15.4991   |   40:31:39   |   03:57:53   |
18697       |       -2821.27   |       -2836.11   |        14.8337   |   40:33:15   |   03:57:53   |
18698       |       -2819.99   |       -2833.67   |        13.6799   |   40:34:39   |   03:57:53   |
18699       |       -2821.18   |       -2835.07   |        13.8851   |   40:36:25   |   03:57:55   |


Iter        |      Posterior   |     Likelihood   |          Prior   |    elapsed   |        ETA   |
----------------------------------------------------------------------------------------------------
18700       |       -2821.17   |       -2834.69   |        13.5155   |   40:38:04   |   03:57:56   |
18701       |       -2821.44   |       -2834.59   |        13.1494   |   40:44:51   |   03:58:27   |
18702       |       -2823.44   |       -2837.94   |         14.497   |   40:46:14   |   03:58:26   |
18703       |       -2824.99   |       -2839.66   |        14.6639   |   40:47:37   |   03:58:26   |
18704       |        -2825.8   |       -2840.48   |         14.685   |   40:49:07   |   03:58:26   |
18705       |       -2826.36   |       -2837.99   |        11.6307   |   40:50:47   |   03:58:27   |
18706       |       -2825.07   |       -2839.29   |        14.2255   |   40:52:13   |   03:58:27   |
18707       |       -2825.23   |       -2837.72   |        12.4937   |   40:53:42   |   03:58:27   |
18708       |       -2824.17   |       -2836.04   |        11.8748   |   40:55:07   |   03:58:27   |
18709       |       -2827.35   |       -2839.87   |        12.5175   |   40:56:38   |   03:58:27   |
18710       |       -2826.82   |       -2841.07   |        14.2533   |   40:58:13   |   03:58:27   |
18711       |       -2823.73   |       -2836.72   |         12.993   |   41:04:41   |   03:58:56   |
18712       |       -2824.83   |       -2832.69   |        7.86515   |   41:06:10   |   03:58:56   |
18713       |       -2824.66   |       -2833.84   |        9.17341   |   41:07:37   |   03:58:56   |
18714       |       -2824.66   |       -2833.84   |        9.17341   |   41:09:24   |   03:58:58   |
18715       |       -2824.83   |       -2833.85   |        9.01515   |   41:11:06   |   03:58:59   |
18716       |       -2825.38   |       -2834.06   |        8.67114   |   41:12:37   |   03:58:59   |
18717       |       -2827.95   |       -2837.69   |        9.74136   |   41:14:12   |   03:58:59   |
18718       |       -2827.19   |       -2834.82   |         7.6288   |   41:15:47   |   03:59:00   |
18719       |       -2824.58   |       -2833.08   |          8.497   |   41:17:13   |   03:59:00   |


Iter        |      Posterior   |     Likelihood   |          Prior   |    elapsed   |        ETA   |
----------------------------------------------------------------------------------------------------
18720       |       -2824.33   |       -2833.41   |        9.07574   |   41:18:47   |   03:59:00   |
18721       |       -2824.14   |       -2834.63   |        10.4904   |   41:25:33   |   03:59:30   |
18722       |       -2825.95   |       -2836.45   |        10.4966   |   41:27:07   |   03:59:31   |
18723       |       -2826.86   |       -2839.06   |           12.2   |   41:28:36   |   03:59:30   |
18724       |       -2827.47   |       -2840.47   |        13.0058   |   41:30:10   |   03:59:31   |
18725       |       -2828.89   |       -2839.46   |        10.5773   |   41:31:27   |   03:59:29   |
18726       |       -2827.55   |       -2838.87   |        11.3245   |   41:33:04   |   03:59:30   |
18727       |       -2828.46   |        -2840.1   |        11.6417   |   41:34:31   |   03:59:30   |
18728       |       -2829.81   |       -2841.05   |        11.2412   |   41:35:53   |   03:59:29   |
18729       |       -2829.72   |       -2842.14   |        12.4232   |   41:37:12   |   03:59:28   |
18730       |       -2828.64   |       -2840.65   |        12.0159   |   41:38:33   |   03:59:26   |
18731       |       -2827.25   |       -2839.55   |        12.3058   |   41:45:13   |   03:59:56   |
18732       |       -2827.58   |       -2840.25   |        12.6701   |   41:46:32   |   03:59:55   |
18733       |       -2826.89   |       -2838.78   |        11.8949   |   41:47:54   |   03:59:54   |
18734       |       -2826.81   |       -2838.67   |        11.8612   |   41:49:26   |   03:59:54   |
18735       |       -2827.18   |       -2838.92   |        11.7431   |   41:50:54   |   03:59:53   |
18736       |       -2828.77   |       -2838.93   |        10.1584   |   41:52:31   |   03:59:54   |
18737       |       -2830.64   |       -2842.47   |        11.8328   |   41:53:55   |   03:59:53   |
18738       |       -2834.53   |       -2841.88   |        7.35494   |   41:55:28   |   03:59:53   |
18739       |       -2833.45   |       -2843.57   |        10.1198   |   41:57:09   |   03:59:54   |


Iter        |      Posterior   |     Likelihood   |          Prior   |    elapsed   |        ETA   |
----------------------------------------------------------------------------------------------------
18740       |       -2833.58   |       -2847.55   |        13.9643   |   41:58:37   |   03:59:54   |
18741       |       -2836.58   |       -2849.06   |        12.4863   |   42:05:12   |   04:00:22   |
18742       |       -2829.18   |       -2840.36   |         11.178   |   42:06:45   |   04:00:22   |
18743       |       -2831.27   |       -2842.37   |           11.1   |   42:08:21   |   04:00:23   |
18744       |       -2830.51   |       -2842.07   |        11.5549   |   42:09:55   |   04:00:23   |
18745       |       -2828.98   |       -2842.04   |        13.0611   |   42:11:18   |   04:00:22   |
18746       |       -2829.51   |       -2841.82   |         12.313   |   42:12:47   |   04:00:21   |
18747       |       -2829.58   |       -2842.68   |        13.0983   |   42:14:16   |   04:00:21   |
18748       |       -2829.58   |       -2842.68   |        13.0983   |   42:15:54   |   04:00:21   |
18749       |       -2829.58   |       -2842.68   |        13.0983   |   42:17:26   |   04:00:21   |
18750       |        -2827.2   |       -2840.32   |        13.1143   |   42:18:52   |   04:00:20   |
18751       |       -2824.41   |       -2837.82   |        13.4053   |   42:25:26   |   04:00:49   |
18752       |       -2822.85   |       -2834.21   |        11.3627   |   42:26:49   |   04:00:48   |
18753       |       -2823.61   |       -2834.93   |        11.3251   |   42:28:20   |   04:00:47   |
18754       |       -2823.83   |       -2836.78   |        12.9509   |   42:29:46   |   04:00:46   |
18755       |       -2824.89   |       -2837.76   |         12.873   |   42:31:03   |   04:00:45   |
18756       |       -2823.07   |       -2838.33   |        15.2551   |   42:32:28   |   04:00:44   |
18757       |       -2822.72   |       -2838.01   |        15.2849   |   42:33:51   |   04:00:43   |
18758       |       -2824.21   |       -2839.46   |        15.2465   |   42:35:12   |   04:00:41   |
18759       |       -2826.46   |       -2840.57   |        14.1048   |   42:36:34   |   04:00:40   |


Iter        |      Posterior   |     Likelihood   |          Prior   |    elapsed   |        ETA   |
----------------------------------------------------------------------------------------------------
18760       |       -2829.65   |       -2843.01   |        13.3629   |   42:38:04   |   04:00:40   |
18761       |       -2828.77   |       -2842.05   |        13.2731   |   42:44:40   |   04:01:08   |
18762       |       -2826.68   |       -2839.28   |        12.5958   |   42:46:08   |   04:01:07   |
18763       |       -2827.66   |       -2840.13   |        12.4752   |   42:47:40   |   04:01:07   |
18764       |       -2826.75   |       -2839.44   |        12.6892   |   42:49:05   |   04:01:06   |
18765       |       -2826.54   |       -2840.04   |        13.4989   |   42:50:35   |   04:01:05   |
18766       |       -2823.24   |        -2837.2   |        13.9609   |   42:51:53   |   04:01:04   |
18767       |       -2827.39   |       -2841.24   |        13.8495   |   42:53:15   |   04:01:02   |
18768       |       -2825.85   |       -2841.45   |        15.6004   |   42:54:35   |   04:01:01   |
18769       |       -2828.23   |       -2844.85   |        16.6236   |   42:55:57   |   04:01:00   |
18770       |       -2828.41   |       -2842.53   |        14.1155   |   42:57:20   |   04:00:58   |
18771       |       -2829.28   |       -2842.79   |        13.5106   |   43:04:04   |   04:01:27   |
18772       |       -2829.38   |       -2843.67   |        14.2888   |   43:05:42   |   04:01:27   |
18773       |       -2829.19   |       -2843.91   |         14.719   |   43:07:09   |   04:01:26   |
18774       |       -2833.54   |       -2846.25   |         12.713   |   43:08:30   |   04:01:25   |
18775       |       -2834.35   |       -2848.43   |        14.0784   |   43:09:58   |   04:01:24   |
18776       |       -2830.41   |       -2844.39   |         13.978   |   43:11:22   |   04:01:23   |
18777       |        -2832.9   |       -2846.04   |        13.1403   |   43:12:46   |   04:01:22   |
18778       |       -2829.15   |       -2843.14   |         13.983   |   43:14:06   |   04:01:20   |
18779       |       -2835.82   |       -2848.76   |        12.9451   |   43:15:25   |   04:01:18   |


Iter        |      Posterior   |     Likelihood   |          Prior   |    elapsed   |        ETA   |
----------------------------------------------------------------------------------------------------
18780       |       -2832.11   |       -2849.19   |        17.0807   |   43:16:44   |   04:01:16   |
18781       |       -2832.13   |       -2849.59   |        17.4663   |   43:23:12   |   04:01:43   |
18782       |       -2834.61   |       -2852.02   |        17.4083   |   43:24:49   |   04:01:43   |
18783       |       -2827.91   |       -2844.71   |        16.7977   |   43:26:20   |   04:01:43   |
18784       |       -2829.38   |       -2846.19   |         16.816   |   43:27:50   |   04:01:42   |
18785       |       -2827.84   |       -2846.45   |        18.6111   |   43:29:24   |   04:01:42   |
18786       |       -2830.54   |       -2845.93   |        15.3935   |   43:30:53   |   04:01:41   |
18787       |       -2827.64   |       -2844.86   |        17.2211   |   43:32:19   |   04:01:40   |
18788       |        -2827.8   |          -2845   |        17.1967   |   43:33:58   |   04:01:40   |
18789       |       -2826.23   |       -2841.88   |        15.6485   |   43:35:18   |   04:01:38   |
18790       |       -2826.68   |       -2842.08   |        15.3975   |   43:36:40   |   04:01:36   |
18791       |       -2826.93   |       -2842.21   |        15.2879   |   43:43:19   |   04:02:04   |
18792       |       -2830.11   |       -2845.24   |        15.1358   |   43:44:52   |   04:02:03   |
18793       |       -2828.27   |       -2843.19   |        14.9288   |   43:46:12   |   04:02:02   |
18794       |       -2824.41   |       -2839.21   |        14.7939   |   43:47:35   |   04:02:00   |
18795       |       -2825.75   |       -2838.37   |        12.6199   |   43:49:05   |   04:01:59   |
18796       |       -2826.57   |       -2839.09   |        12.5263   |   43:50:33   |   04:01:58   |
18797       |       -2830.46   |       -2843.67   |        13.2085   |   43:52:10   |   04:01:58   |
18798       |       -2829.54   |       -2842.54   |        13.0027   |   43:53:47   |   04:01:58   |
18799       |       -2830.63   |       -2843.17   |        12.5434   |   43:55:26   |   04:01:58   |


Iter        |      Posterior   |     Likelihood   |          Prior   |    elapsed   |        ETA   |
----------------------------------------------------------------------------------------------------
18800       |       -2830.17   |       -2842.22   |        12.0475   |   43:57:01   |   04:01:57   |
18801       |       -2828.02   |       -2843.64   |        15.6224   |   44:03:47   |   04:02:25   |
18802       |       -2829.32   |       -2846.02   |        16.7065   |   44:05:10   |   04:02:24   |
18803       |       -2830.87   |       -2846.15   |        15.2869   |   44:06:42   |   04:02:23   |
18804       |       -2828.29   |       -2841.77   |        13.4766   |   44:08:16   |   04:02:22   |
18805       |       -2828.44   |        -2841.5   |         13.057   |   44:10:00   |   04:02:22   |
18806       |       -2827.31   |       -2842.03   |        14.7147   |   44:11:32   |   04:02:22   |
18807       |       -2828.83   |       -2845.16   |        16.3244   |   44:13:05   |   04:02:21   |
18808       |       -2828.31   |       -2844.63   |        16.3204   |   44:14:36   |   04:02:20   |
18809       |       -2828.31   |       -2844.63   |        16.3204   |   44:16:07   |   04:02:19   |
18810       |       -2828.31   |       -2844.63   |        16.3204   |   44:17:37   |   04:02:18   |
18811       |       -2828.31   |       -2844.63   |        16.3204   |   44:24:18   |   04:02:45   |
18812       |       -2828.31   |       -2844.63   |        16.3204   |   44:25:51   |   04:02:44   |
18813       |       -2828.31   |       -2844.63   |        16.3204   |   44:27:20   |   04:02:43   |
18814       |       -2828.31   |       -2844.63   |        16.3204   |   44:28:52   |   04:02:42   |
18815       |       -2828.31   |       -2844.63   |        16.3204   |   44:30:25   |   04:02:42   |
18816       |       -2832.15   |       -2847.38   |        15.2275   |   44:31:59   |   04:02:41   |
18817       |        -2831.4   |       -2847.46   |        16.0578   |   44:33:32   |   04:02:40   |
18818       |        -2831.4   |       -2847.46   |        16.0578   |   44:34:55   |   04:02:38   |
18819       |       -2824.32   |       -2839.59   |        15.2733   |   44:36:28   |   04:02:37   |


Iter        |      Posterior   |     Likelihood   |          Prior   |    elapsed   |        ETA   |
----------------------------------------------------------------------------------------------------
18820       |       -2822.63   |       -2836.33   |        13.7006   |   44:37:50   |   04:02:35   |
18821       |       -2824.47   |       -2835.97   |         11.502   |   44:44:28   |   04:03:02   |
18822       |       -2823.95   |       -2835.39   |        11.4381   |   44:46:11   |   04:03:02   |
18823       |       -2826.64   |       -2836.92   |        10.2721   |   44:47:47   |   04:03:01   |
18824       |       -2821.77   |       -2833.25   |        11.4816   |   44:49:21   |   04:03:01   |
18825       |       -2824.23   |       -2835.95   |        11.7196   |   44:50:46   |   04:02:59   |
18826       |        -2826.2   |        -2837.3   |        11.0982   |   44:52:18   |   04:02:58   |
18827       |       -2825.87   |       -2835.89   |        10.0243   |   44:53:46   |   04:02:56   |
18828       |        -2826.8   |       -2836.77   |        9.97535   |   44:55:31   |   04:02:57   |
18829       |       -2834.07   |        -2839.9   |        5.82859   |   44:57:09   |   04:02:56   |
18830       |       -2834.28   |       -2838.67   |        4.38661   |   44:58:52   |   04:02:56   |
18831       |       -2833.79   |       -2841.35   |        7.56416   |   45:05:57   |   04:03:25   |
18832       |       -2829.72   |       -2839.95   |        10.2344   |   45:07:35   |   04:03:24   |
18833       |       -2830.48   |        -2838.1   |        7.61373   |   45:09:04   |   04:03:23   |
18834       |        -2830.6   |       -2838.69   |         8.0966   |   45:10:37   |   04:03:22   |
18835       |       -2826.12   |       -2837.57   |        11.4511   |   45:12:04   |   04:03:20   |
18836       |       -2828.18   |       -2840.04   |        11.8558   |   45:13:41   |   04:03:19   |
18837       |       -2830.75   |        -2843.4   |        12.6497   |   45:15:13   |   04:03:18   |
18838       |       -2830.41   |       -2842.86   |        12.4501   |   45:16:52   |   04:03:18   |
18839       |        -2830.4   |       -2843.47   |         13.068   |   45:18:24   |   04:03:17   |


Iter        |      Posterior   |     Likelihood   |          Prior   |    elapsed   |        ETA   |
----------------------------------------------------------------------------------------------------
18840       |       -2831.69   |       -2846.84   |        15.1434   |   45:19:54   |   04:03:15   |
18841       |       -2830.29   |       -2845.01   |        14.7185   |   45:26:26   |   04:03:41   |
18842       |       -2829.72   |       -2843.46   |        13.7467   |   45:28:02   |   04:03:40   |
18843       |       -2828.81   |       -2842.57   |        13.7535   |   45:29:28   |   04:03:38   |
18844       |       -2828.09   |       -2841.53   |        13.4468   |   45:31:07   |   04:03:37   |
18845       |       -2829.31   |       -2843.17   |        13.8662   |   45:32:33   |   04:03:36   |
18846       |       -2831.14   |       -2843.55   |        12.4087   |   45:34:10   |   04:03:35   |
18847       |       -2830.67   |       -2840.41   |        9.74368   |   45:35:43   |   04:03:34   |
18848       |       -2829.66   |       -2839.04   |        9.37194   |   45:37:15   |   04:03:32   |
18849       |       -2828.42   |       -2839.89   |        11.4749   |   45:38:50   |   04:03:31   |
18850       |       -2828.42   |       -2839.89   |        11.4749   |   45:40:38   |   04:03:31   |
18851       |       -2827.63   |       -2838.86   |         11.233   |   45:47:36   |   04:03:59   |
18852       |       -2828.75   |       -2840.01   |        11.2632   |   45:49:06   |   04:03:57   |
18853       |       -2828.17   |       -2839.95   |        11.7828   |   45:50:39   |   04:03:56   |
18854       |       -2828.04   |       -2841.94   |        13.8943   |   45:52:12   |   04:03:55   |
18855       |       -2826.77   |       -2839.38   |        12.6042   |   45:53:44   |   04:03:54   |
18856       |       -2828.78   |       -2840.01   |        11.2314   |   45:55:17   |   04:03:52   |
18857       |       -2836.04   |       -2847.27   |        11.2365   |   45:56:46   |   04:03:51   |
18858       |       -2833.06   |       -2842.18   |        9.11532   |   45:58:30   |   04:03:50   |
18859       |       -2828.37   |       -2838.23   |        9.85684   |   46:00:11   |   04:03:50   |


Iter        |      Posterior   |     Likelihood   |          Prior   |    elapsed   |        ETA   |
----------------------------------------------------------------------------------------------------
18860       |       -2828.99   |       -2840.85   |        11.8623   |   46:01:51   |   04:03:49   |
18861       |       -2829.49   |       -2841.21   |        11.7203   |   46:08:53   |   04:04:16   |
18862       |       -2829.49   |       -2841.21   |        11.7203   |   46:10:32   |   04:04:16   |
18863       |       -2829.49   |       -2841.21   |        11.7203   |   46:12:14   |   04:04:15   |
18864       |       -2828.77   |       -2841.66   |        12.8808   |   46:13:53   |   04:04:14   |
18865       |       -2827.33   |       -2841.07   |        13.7424   |   46:15:29   |   04:04:13   |
18866       |       -2826.41   |       -2840.13   |        13.7167   |   46:17:05   |   04:04:12   |
18867       |       -2828.07   |       -2843.76   |        15.6855   |   46:18:38   |   04:04:10   |
18868       |       -2827.59   |       -2843.63   |        16.0429   |   46:20:08   |   04:04:09   |
18869       |       -2826.56   |       -2842.78   |        16.2225   |   46:21:45   |   04:04:08   |
18870       |       -2826.62   |       -2843.76   |        17.1342   |   46:23:16   |   04:04:06   |
18871       |       -2825.09   |       -2840.51   |        15.4227   |   46:30:00   |   04:04:32   |
18872       |        -2824.2   |       -2842.27   |        18.0783   |   46:31:18   |   04:04:29   |
18873       |        -2825.6   |       -2843.77   |          18.17   |   46:32:35   |   04:04:26   |
18874       |       -2826.43   |       -2844.99   |        18.5595   |   46:34:04   |   04:04:24   |
18875       |       -2825.66   |       -2844.58   |         18.921   |   46:35:21   |   04:04:21   |
18876       |       -2825.17   |       -2842.22   |        17.0483   |   46:36:31   |   04:04:18   |
18877       |       -2827.37   |       -2839.71   |        12.3394   |   46:37:48   |   04:04:15   |
18878       |       -2823.01   |       -2838.74   |        15.7261   |   46:39:05   |   04:04:12   |
18879       |       -2824.66   |       -2842.99   |        18.3351   |   46:40:28   |   04:04:09   |


Iter        |      Posterior   |     Likelihood   |          Prior   |    elapsed   |        ETA   |
----------------------------------------------------------------------------------------------------
18880       |       -2825.62   |       -2842.83   |        17.2038   |   46:41:45   |   04:04:06   |
18881       |       -2822.71   |       -2840.75   |        18.0392   |   46:48:22   |   04:04:31   |
18882       |       -2823.51   |        -2841.5   |        17.9928   |   46:49:47   |   04:04:29   |
18883       |       -2824.43   |       -2840.99   |        16.5609   |   46:51:06   |   04:04:26   |
18884       |       -2824.92   |       -2840.64   |        15.7239   |   46:52:34   |   04:04:24   |
18885       |       -2828.05   |       -2842.12   |        14.0703   |   46:54:06   |   04:04:22   |
18886       |       -2825.39   |       -2840.78   |        15.3832   |   46:55:39   |   04:04:21   |
18887       |       -2825.94   |       -2841.82   |        15.8883   |   46:57:11   |   04:04:19   |
18888       |       -2827.62   |       -2843.85   |        16.2299   |   46:58:42   |   04:04:17   |
18889       |       -2824.68   |       -2840.34   |        15.6549   |   47:00:16   |   04:04:16   |
18890       |       -2826.32   |       -2841.48   |        15.1645   |   47:01:46   |   04:04:14   |
18891       |       -2826.09   |       -2838.15   |        12.0605   |   47:08:25   |   04:04:38   |
18892       |       -2823.99   |       -2837.32   |        13.3321   |   47:09:57   |   04:04:37   |
18893       |       -2825.79   |       -2841.21   |        15.4153   |   47:11:22   |   04:04:34   |
18894       |       -2826.99   |       -2842.03   |        15.0399   |   47:12:48   |   04:04:32   |
18895       |       -2822.44   |       -2837.84   |        15.4012   |   47:14:06   |   04:04:29   |
18896       |       -2823.18   |       -2837.77   |        14.5856   |   47:15:33   |   04:04:26   |
18897       |       -2823.12   |       -2838.41   |        15.2907   |   47:17:05   |   04:04:25   |
18898       |       -2824.25   |       -2837.78   |        13.5308   |   47:18:27   |   04:04:22   |
18899       |       -2825.36   |       -2840.42   |        15.0579   |   47:19:56   |   04:04:20   |


Iter        |      Posterior   |     Likelihood   |          Prior   |    elapsed   |        ETA   |
----------------------------------------------------------------------------------------------------
18900       |       -2823.01   |       -2838.19   |        15.1821   |   47:21:23   |   04:04:17   |
18901       |        -2823.3   |       -2838.54   |         15.245   |   47:28:13   |   04:04:43   |
18902       |       -2825.91   |       -2840.96   |        15.0505   |   47:29:41   |   04:04:41   |
18903       |       -2825.05   |       -2840.46   |        15.4043   |   47:31:19   |   04:04:39   |
18904       |       -2824.92   |       -2840.22   |        15.3021   |   47:32:51   |   04:04:37   |
18905       |          -2824   |       -2839.84   |        15.8379   |   47:34:23   |   04:04:35   |
18906       |       -2824.21   |       -2838.32   |        14.1105   |   47:35:43   |   04:04:32   |
18907       |       -2823.86   |        -2839.3   |        15.4409   |   47:37:14   |   04:04:30   |
18908       |       -2823.69   |       -2839.27   |         15.576   |   47:38:32   |   04:04:27   |
18909       |       -2828.54   |       -2843.67   |        15.1312   |   47:39:57   |   04:04:25   |
18910       |        -2828.5   |       -2843.73   |        15.2319   |   47:41:19   |   04:04:22   |
18911       |       -2829.01   |       -2843.65   |        14.6384   |   47:47:50   |   04:04:45   |
18912       |        -2830.2   |       -2846.25   |        16.0465   |   47:49:13   |   04:04:42   |
18913       |       -2827.69   |       -2842.56   |        14.8666   |   47:50:47   |   04:04:41   |
18914       |       -2830.78   |       -2845.93   |        15.1545   |   47:52:16   |   04:04:38   |
18915       |       -2830.44   |       -2845.64   |        15.2012   |   47:53:49   |   04:04:36   |
18916       |       -2831.16   |       -2845.87   |        14.7067   |   47:55:17   |   04:04:34   |
18917       |       -2831.92   |       -2847.26   |        15.3399   |   47:56:41   |   04:04:31   |
18918       |       -2833.21   |       -2847.14   |        13.9268   |   47:58:11   |   04:04:29   |
18919       |       -2832.71   |       -2846.63   |        13.9195   |   47:59:37   |   04:04:26   |


Iter        |      Posterior   |     Likelihood   |          Prior   |    elapsed   |        ETA   |
----------------------------------------------------------------------------------------------------
18920       |       -2833.49   |       -2849.54   |        16.0514   |   48:01:01   |   04:04:23   |
18921       |       -2831.97   |       -2847.32   |        15.3509   |   48:07:37   |   04:04:47   |
18922       |       -2832.48   |       -2846.87   |        14.3916   |   48:09:12   |   04:04:45   |
18923       |       -2834.59   |       -2847.85   |        13.2623   |   48:10:54   |   04:04:44   |
18924       |       -2831.94   |       -2843.27   |        11.3355   |   48:12:32   |   04:04:42   |
18925       |        -2833.8   |       -2844.11   |        10.3038   |   48:14:11   |   04:04:41   |
18926       |       -2829.35   |       -2839.59   |        10.2387   |   48:15:51   |   04:04:39   |
18927       |       -2828.96   |       -2839.62   |         10.651   |   48:17:30   |   04:04:38   |
18928       |       -2831.08   |       -2840.02   |        8.93219   |   48:19:10   |   04:04:36   |
18929       |       -2834.72   |       -2842.42   |        7.70183   |   48:20:57   |   04:04:35   |
18930       |       -2834.46   |       -2842.36   |        7.90708   |   48:22:37   |   04:04:34   |
18931       |       -2827.35   |       -2842.05   |        14.7096   |   48:29:34   |   04:04:59   |
18932       |       -2827.17   |       -2841.68   |        14.5092   |   48:31:07   |   04:04:57   |
18933       |       -2824.91   |       -2839.68   |        14.7693   |   48:32:40   |   04:04:54   |
18934       |       -2825.67   |       -2840.47   |        14.7981   |   48:34:08   |   04:04:52   |
18935       |       -2830.63   |       -2844.17   |        13.5361   |   48:35:46   |   04:04:50   |
18936       |       -2831.13   |       -2841.81   |        10.6805   |   48:37:27   |   04:04:48   |
18937       |       -2830.48   |       -2843.54   |        13.0595   |   48:38:58   |   04:04:46   |
18938       |        -2827.6   |        -2842.7   |        15.0949   |   48:40:34   |   04:04:44   |
18939       |       -2827.83   |        -2844.7   |        16.8677   |   48:42:06   |   04:04:42   |


Iter        |      Posterior   |     Likelihood   |          Prior   |    elapsed   |        ETA   |
----------------------------------------------------------------------------------------------------
18940       |       -2828.44   |       -2845.17   |         16.732   |   48:43:42   |   04:04:40   |
18941       |       -2828.44   |       -2845.17   |         16.732   |   48:50:32   |   04:05:04   |
18942       |       -2829.53   |       -2845.99   |        16.4576   |   48:52:09   |   04:05:02   |
18943       |       -2827.32   |       -2843.16   |        15.8419   |   48:53:45   |   04:05:00   |
18944       |       -2829.07   |       -2843.22   |        14.1439   |   48:55:20   |   04:04:58   |
18945       |       -2830.06   |       -2844.75   |        14.6938   |   48:56:53   |   04:04:56   |
18946       |       -2826.73   |        -2840.5   |        13.7733   |   48:58:24   |   04:04:53   |
18947       |       -2826.48   |       -2840.96   |        14.4812   |   48:59:54   |   04:04:50   |
18948       |       -2828.66   |        -2842.9   |         14.245   |   49:01:24   |   04:04:48   |
18949       |       -2829.18   |       -2841.65   |        12.4737   |   49:03:01   |   04:04:46   |
18950       |       -2824.08   |       -2837.55   |        13.4758   |   49:04:34   |   04:04:43   |
18951       |       -2823.97   |       -2837.45   |        13.4795   |   49:11:04   |   04:05:06   |
18952       |       -2824.28   |       -2837.81   |        13.5325   |   49:12:38   |   04:05:03   |
18953       |       -2826.13   |       -2838.93   |        12.8075   |   49:14:10   |   04:05:01   |
18954       |       -2825.94   |       -2836.33   |        10.3875   |   49:15:37   |   04:04:58   |
18955       |       -2825.45   |       -2835.39   |        9.94085   |   49:17:15   |   04:04:56   |
18956       |       -2825.95   |       -2835.85   |        9.89612   |   49:18:49   |   04:04:54   |
18957       |       -2823.98   |       -2835.03   |        11.0548   |   49:20:08   |   04:04:50   |
18958       |       -2826.09   |       -2836.52   |        10.4269   |   49:21:38   |   04:04:47   |
18959       |       -2826.12   |       -2836.46   |        10.3379   |   49:23:05   |   04:04:44   |


Iter        |      Posterior   |     Likelihood   |          Prior   |    elapsed   |        ETA   |
----------------------------------------------------------------------------------------------------
18960       |       -2825.22   |       -2836.38   |        11.1544   |   49:24:25   |   04:04:41   |
18961       |       -2825.49   |       -2836.66   |        11.1724   |   49:30:52   |   04:05:03   |
18962       |       -2824.95   |       -2836.34   |        11.3911   |   49:32:16   |   04:04:59   |
18963       |       -2824.95   |       -2836.34   |        11.3911   |   49:33:48   |   04:04:57   |
18964       |       -2829.63   |       -2841.38   |        11.7513   |   49:35:24   |   04:04:54   |
18965       |       -2825.02   |       -2840.16   |        15.1415   |   49:37:00   |   04:04:52   |
18966       |       -2823.53   |       -2838.24   |        14.7125   |   49:38:13   |   04:04:48   |
18967       |       -2826.61   |       -2838.16   |        11.5504   |   49:39:31   |   04:04:44   |
18968       |       -2825.61   |       -2835.94   |         10.332   |   49:40:48   |   04:04:40   |
18969       |       -2824.83   |       -2834.33   |        9.50042   |   49:42:09   |   04:04:37   |
18970       |       -2823.59   |       -2833.61   |        10.0152   |   49:43:29   |   04:04:33   |
18971       |       -2823.38   |       -2834.82   |        11.4389   |   49:50:01   |   04:04:55   |
18972       |       -2825.75   |       -2838.17   |        12.4119   |   49:51:19   |   04:04:51   |
18973       |       -2827.41   |       -2841.09   |        13.6875   |   49:52:49   |   04:04:48   |
18974       |       -2830.44   |        -2844.8   |        14.3626   |   49:54:07   |   04:04:44   |
18975       |       -2836.67   |       -2851.09   |        14.4116   |   49:55:29   |   04:04:41   |
18976       |       -2837.47   |       -2852.27   |        14.8052   |   49:56:47   |   04:04:37   |
18977       |       -2838.36   |       -2853.76   |         15.404   |   49:58:05   |   04:04:33   |
18978       |       -2837.31   |       -2852.02   |        14.7068   |   49:59:28   |   04:04:30   |
18979       |       -2834.81   |       -2849.36   |        14.5492   |   50:00:42   |   04:04:25   |


Iter        |      Posterior   |     Likelihood   |          Prior   |    elapsed   |        ETA   |
----------------------------------------------------------------------------------------------------
18980       |        -2832.8   |        -2846.9   |        14.1022   |   50:01:55   |   04:04:21   |
18981       |       -2830.68   |       -2843.81   |        13.1332   |   50:08:25   |   04:04:43   |
18982       |       -2830.68   |       -2843.81   |        13.1332   |   50:10:04   |   04:04:40   |
18983       |       -2831.82   |       -2844.94   |        13.1203   |   50:11:35   |   04:04:37   |
18984       |       -2834.17   |       -2847.38   |        13.2097   |   50:13:01   |   04:04:34   |
18985       |       -2832.56   |       -2846.05   |        13.4891   |   50:14:26   |   04:04:31   |
18986       |       -2831.12   |       -2842.24   |        11.1179   |   50:15:46   |   04:04:27   |
18987       |       -2827.18   |       -2837.98   |        10.8057   |   50:17:19   |   04:04:24   |
18988       |        -2824.9   |       -2838.74   |        13.8408   |   50:18:44   |   04:04:21   |
18989       |        -2825.3   |       -2840.66   |        15.3605   |   50:20:11   |   04:04:17   |
18990       |       -2825.75   |        -2840.2   |        14.4576   |   50:21:36   |   04:04:14   |
18991       |       -2825.13   |       -2839.78   |        14.6476   |   50:28:05   |   04:04:35   |
18992       |       -2826.13   |       -2841.47   |         15.343   |   50:29:23   |   04:04:31   |
18993       |       -2826.59   |        -2841.8   |        15.2072   |   50:30:45   |   04:04:27   |
18994       |       -2825.19   |       -2840.35   |        15.1579   |   50:32:13   |   04:04:24   |
18995       |        -2826.3   |       -2837.87   |        11.5746   |   50:33:43   |   04:04:21   |
18996       |       -2826.86   |       -2837.75   |        10.8863   |   50:35:13   |   04:04:18   |
18997       |       -2826.88   |       -2838.87   |        11.9899   |   50:36:40   |   04:04:15   |
18998       |       -2826.93   |       -2838.13   |        11.2015   |   50:37:57   |   04:04:10   |
18999       |       -2826.72   |       -2837.62   |        10.8999   |   50:39:34   |   04:04:08   |


Iter        |      Posterior   |     Likelihood   |          Prior   |    elapsed   |        ETA   |
----------------------------------------------------------------------------------------------------
19000       |       -2826.59   |       -2837.95   |        11.3669   |   50:41:03   |   04:04:05   |
19001       |       -2829.33   |       -2845.03   |        15.7002   |   50:47:21   |   04:04:25   |
19002       |       -2827.16   |       -2842.24   |        15.0869   |   50:48:41   |   04:04:21   |
19003       |       -2827.07   |       -2841.57   |        14.5009   |   50:50:02   |   04:04:17   |
19004       |        -2825.1   |       -2840.27   |        15.1685   |   50:51:19   |   04:04:12   |
19005       |        -2824.4   |       -2838.42   |        14.0276   |   50:52:43   |   04:04:09   |
19006       |       -2825.18   |        -2838.9   |        13.7266   |   50:53:55   |   04:04:04   |
19007       |        -2825.3   |       -2840.25   |        14.9494   |   50:55:19   |   04:04:00   |
19008       |       -2826.64   |       -2840.83   |        14.1874   |   50:56:45   |   04:03:57   |
19009       |       -2826.91   |        -2841.3   |        14.3829   |   50:58:10   |   04:03:53   |
19010       |       -2827.26   |       -2840.89   |        13.6344   |   50:59:34   |   04:03:49   |
19011       |       -2827.42   |       -2841.87   |        14.4552   |   51:06:11   |   04:04:11   |
19012       |       -2828.05   |        -2841.8   |        13.7472   |   51:07:31   |   04:04:07   |
19013       |       -2828.32   |       -2840.64   |        12.3247   |   51:09:03   |   04:04:03   |
19014       |       -2829.23   |       -2842.62   |        13.3896   |   51:10:26   |   04:04:00   |
19015       |       -2827.72   |        -2840.1   |         12.385   |   51:11:51   |   04:03:56   |
19016       |       -2827.97   |       -2840.12   |        12.1578   |   51:13:29   |   04:03:53   |
19017       |       -2827.97   |       -2840.12   |        12.1578   |   51:15:11   |   04:03:51   |
19018       |       -2832.37   |        -2844.5   |        12.1343   |   51:16:49   |   04:03:48   |
19019       |       -2832.37   |        -2844.5   |        12.1343   |   51:18:29   |   04:03:45   |


Iter        |      Posterior   |     Likelihood   |          Prior   |    elapsed   |        ETA   |
----------------------------------------------------------------------------------------------------
19020       |       -2828.46   |        -2843.5   |        15.0325   |   51:19:55   |   04:03:42   |
19021       |       -2829.95   |       -2843.96   |        14.0113   |   51:26:33   |   04:04:03   |
19022       |        -2828.1   |          -2841   |        12.9043   |   51:27:59   |   04:03:59   |
19023       |       -2828.79   |       -2843.31   |        14.5131   |   51:29:29   |   04:03:56   |
19024       |        -2826.4   |       -2841.04   |        14.6347   |   51:30:59   |   04:03:52   |
19025       |       -2825.81   |       -2840.58   |         14.772   |   51:32:24   |   04:03:48   |
19026       |       -2827.01   |       -2842.24   |         15.227   |   51:33:59   |   04:03:45   |
19027       |       -2824.34   |       -2838.66   |        14.3212   |   51:35:35   |   04:03:42   |
19028       |       -2823.62   |       -2838.35   |        14.7307   |   51:37:10   |   04:03:39   |
19029       |       -2826.44   |       -2842.18   |        15.7375   |   51:38:42   |   04:03:36   |
19030       |       -2824.91   |       -2840.08   |        15.1684   |   51:40:14   |   04:03:33   |
19031       |       -2830.03   |       -2844.22   |        14.1918   |   51:47:00   |   04:03:54   |
19032       |       -2826.37   |        -2840.4   |        14.0245   |   51:48:35   |   04:03:51   |
19033       |       -2826.71   |       -2839.31   |        12.6036   |   51:50:13   |   04:03:48   |
19034       |       -2825.28   |       -2837.78   |        12.4943   |   51:51:45   |   04:03:45   |
19035       |       -2826.18   |       -2840.09   |         13.909   |   51:53:10   |   04:03:41   |
19036       |       -2825.02   |       -2837.06   |        12.0403   |   51:54:42   |   04:03:37   |
19037       |       -2825.02   |       -2837.06   |        12.0403   |   51:56:22   |   04:03:35   |
19038       |       -2825.02   |       -2837.06   |        12.0403   |   51:58:02   |   04:03:32   |
19039       |        -2826.4   |       -2836.67   |        10.2766   |   51:59:45   |   04:03:29   |


Iter        |      Posterior   |     Likelihood   |          Prior   |    elapsed   |        ETA   |
----------------------------------------------------------------------------------------------------
19040       |       -2827.85   |       -2837.03   |        9.17807   |   52:01:16   |   04:03:26   |
19041       |       -2829.72   |       -2835.69   |        5.97009   |   52:08:14   |   04:03:48   |
19042       |       -2827.47   |       -2834.24   |        6.77602   |   52:09:47   |   04:03:44   |
19043       |       -2827.33   |       -2832.49   |        5.15604   |   52:11:20   |   04:03:41   |
19044       |       -2825.89   |       -2833.76   |        7.87382   |   52:12:57   |   04:03:38   |
19045       |       -2827.21   |       -2834.22   |        7.01519   |   52:14:36   |   04:03:35   |
19046       |       -2827.21   |       -2834.22   |        7.01519   |   52:16:21   |   04:03:33   |
19047       |        -2827.8   |       -2831.49   |         3.6872   |   52:18:03   |   04:03:30   |
19048       |        -2822.2   |       -2829.28   |        7.08607   |   52:19:39   |   04:03:27   |
19049       |       -2823.61   |       -2829.62   |        6.01015   |   52:21:11   |   04:03:23   |
19050       |       -2823.16   |       -2830.79   |        7.62441   |   52:22:46   |   04:03:20   |
19051       |       -2821.47   |       -2830.64   |        9.16249   |   52:29:40   |   04:03:41   |
19052       |       -2822.05   |       -2831.25   |        9.19442   |   52:31:09   |   04:03:37   |
19053       |       -2821.14   |       -2831.31   |         10.173   |   52:32:44   |   04:03:34   |
19054       |       -2821.14   |       -2831.31   |         10.173   |   52:34:24   |   04:03:31   |
19055       |       -2821.28   |       -2831.08   |        9.80005   |   52:35:56   |   04:03:27   |
19056       |       -2821.14   |       -2831.08   |        9.94504   |   52:37:33   |   04:03:24   |
19057       |       -2821.08   |       -2830.92   |          9.844   |   52:39:07   |   04:03:21   |
19058       |       -2823.03   |       -2832.81   |        9.78235   |   52:40:44   |   04:03:17   |
19059       |       -2823.03   |       -2832.81   |        9.78235   |   52:42:34   |   04:03:15   |


Iter        |      Posterior   |     Likelihood   |          Prior   |    elapsed   |        ETA   |
----------------------------------------------------------------------------------------------------
19060       |       -2822.33   |       -2834.47   |        12.1449   |   52:44:13   |   04:03:12   |
19061       |       -2822.36   |       -2834.51   |        12.1433   |   52:52:04   |   04:03:38   |
19062       |       -2822.36   |       -2834.51   |        12.1433   |   52:53:52   |   04:03:35   |
19063       |        -2824.3   |       -2834.69   |        10.3916   |   52:55:29   |   04:03:32   |
19064       |       -2824.14   |       -2835.96   |        11.8115   |   52:57:07   |   04:03:29   |
19065       |       -2821.96   |       -2833.94   |        11.9832   |   52:58:37   |   04:03:25   |
19066       |       -2821.79   |       -2834.09   |        12.3014   |   53:00:07   |   04:03:21   |
19067       |       -2823.47   |       -2835.05   |        11.5854   |   53:01:45   |   04:03:17   |
19068       |       -2822.84   |       -2837.99   |          15.15   |   53:03:12   |   04:03:13   |
19069       |       -2824.06   |       -2839.45   |        15.3871   |   53:04:45   |   04:03:10   |
19070       |       -2823.35   |       -2837.28   |        13.9305   |   53:06:21   |   04:03:06   |
19071       |        -2824.2   |       -2839.28   |        15.0859   |   53:13:03   |   04:03:26   |
19072       |       -2826.01   |       -2838.61   |        12.5969   |   53:14:31   |   04:03:22   |
19073       |       -2827.16   |       -2840.97   |        13.8065   |   53:16:04   |   04:03:18   |
19074       |       -2825.64   |       -2840.55   |        14.9138   |   53:17:37   |   04:03:14   |
19075       |       -2823.66   |       -2837.93   |        14.2741   |   53:19:02   |   04:03:10   |
19076       |       -2824.47   |       -2839.22   |        14.7521   |   53:20:30   |   04:03:06   |
19077       |       -2823.68   |       -2837.26   |        13.5759   |   53:21:55   |   04:03:02   |
19078       |       -2824.38   |       -2836.27   |        11.8968   |   53:23:25   |   04:02:58   |
19079       |       -2824.94   |       -2836.16   |        11.2179   |   53:25:04   |   04:02:54   |


Iter        |      Posterior   |     Likelihood   |          Prior   |    elapsed   |        ETA   |
----------------------------------------------------------------------------------------------------
19080       |       -2826.06   |       -2836.26   |        10.2019   |   53:26:37   |   04:02:50   |
19081       |       -2827.24   |       -2836.12   |        8.87975   |   53:33:19   |   04:03:10   |
19082       |       -2824.38   |       -2835.65   |        11.2704   |   53:34:46   |   04:03:06   |
19083       |       -2824.42   |       -2837.81   |        13.3853   |   53:36:15   |   04:03:02   |
19084       |       -2822.38   |       -2835.68   |        13.2995   |   53:37:47   |   04:02:58   |
19085       |       -2824.77   |       -2837.35   |         12.581   |   53:39:22   |   04:02:54   |
19086       |       -2825.75   |       -2840.91   |         15.155   |   53:41:04   |   04:02:51   |
19087       |       -2823.86   |       -2836.81   |        12.9442   |   53:42:40   |   04:02:47   |
19088       |       -2825.24   |       -2835.63   |        10.3919   |   53:44:13   |   04:02:43   |
19089       |       -2824.56   |       -2836.22   |        11.6638   |   53:45:47   |   04:02:39   |
19090       |       -2822.61   |       -2834.73   |        12.1188   |   53:47:23   |   04:02:36   |
19091       |       -2823.98   |       -2836.72   |        12.7401   |   53:54:07   |   04:02:55   |
19092       |       -2822.35   |       -2834.88   |        12.5314   |   53:55:37   |   04:02:51   |
19093       |       -2823.39   |       -2838.32   |        14.9375   |   53:57:07   |   04:02:47   |
19094       |       -2824.99   |       -2840.42   |        15.4303   |   53:58:42   |   04:02:43   |
19095       |       -2825.88   |       -2838.97   |        13.0959   |   54:00:13   |   04:02:39   |
19096       |       -2827.33   |       -2840.53   |        13.2013   |   54:01:47   |   04:02:35   |
19097       |       -2830.46   |       -2842.91   |        12.4493   |   54:03:17   |   04:02:31   |
19098       |       -2830.61   |       -2843.14   |        12.5299   |   54:04:46   |   04:02:26   |
19099       |       -2822.41   |       -2834.36   |        11.9447   |   54:06:18   |   04:02:22   |


Iter        |      Posterior   |     Likelihood   |          Prior   |    elapsed   |        ETA   |
----------------------------------------------------------------------------------------------------
19100       |       -2825.11   |       -2835.32   |        10.2037   |   54:07:46   |   04:02:18   |
19101       |       -2826.97   |       -2837.52   |          10.55   |   54:14:34   |   04:02:37   |
19102       |       -2826.97   |       -2837.52   |          10.55   |   54:16:07   |   04:02:33   |
19103       |       -2826.97   |       -2837.52   |          10.55   |   54:17:48   |   04:02:30   |
19104       |       -2826.97   |       -2837.52   |          10.55   |   54:19:19   |   04:02:26   |
19105       |       -2825.02   |       -2836.01   |        10.9923   |   54:20:50   |   04:02:21   |
19106       |       -2824.08   |       -2834.59   |        10.5082   |   54:22:11   |   04:02:16   |
19107       |       -2824.12   |       -2833.73   |        9.61309   |   54:23:44   |   04:02:12   |
19108       |       -2822.41   |       -2832.95   |        10.5486   |   54:25:17   |   04:02:08   |
19109       |       -2824.24   |       -2835.41   |        11.1719   |   54:26:38   |   04:02:03   |
19110       |       -2823.34   |       -2836.21   |        12.8661   |   54:28:02   |   04:01:58   |
19111       |       -2824.87   |        -2838.8   |         13.934   |   54:34:30   |   04:02:16   |
19112       |        -2821.1   |       -2835.08   |        13.9825   |   54:35:45   |   04:02:11   |
19113       |       -2821.16   |       -2835.62   |        14.4605   |   54:37:05   |   04:02:05   |
19114       |       -2821.22   |       -2835.05   |        13.8374   |   54:38:28   |   04:02:01   |
19115       |       -2820.58   |       -2834.54   |        13.9535   |   54:39:51   |   04:01:56   |
19116       |       -2819.37   |       -2832.78   |        13.4095   |   54:41:20   |   04:01:51   |
19117       |       -2819.31   |       -2832.66   |        13.3423   |   54:42:47   |   04:01:46   |
19118       |       -2819.31   |       -2832.66   |        13.3423   |   54:44:19   |   04:01:42   |
19119       |       -2822.12   |       -2834.95   |        12.8288   |   54:45:39   |   04:01:37   |


Iter        |      Posterior   |     Likelihood   |          Prior   |    elapsed   |        ETA   |
----------------------------------------------------------------------------------------------------
19120       |       -2821.35   |       -2833.96   |        12.6121   |   54:47:15   |   04:01:33   |
19121       |       -2819.36   |       -2832.83   |        13.4644   |   54:53:47   |   04:01:51   |
19122       |       -2820.87   |       -2833.82   |        12.9449   |   54:55:18   |   04:01:46   |
19123       |       -2820.34   |       -2832.55   |        12.2151   |   54:56:53   |   04:01:42   |
19124       |       -2819.91   |       -2832.28   |        12.3748   |   54:58:30   |   04:01:38   |
19125       |       -2819.61   |       -2832.64   |        13.0294   |   55:00:08   |   04:01:34   |
19126       |       -2818.15   |       -2832.85   |        14.6944   |   55:01:37   |   04:01:30   |
19127       |       -2820.17   |       -2835.27   |        15.0931   |   55:03:06   |   04:01:25   |
19128       |       -2819.64   |       -2835.18   |        15.5459   |   55:04:33   |   04:01:20   |
19129       |       -2820.63   |       -2836.43   |        15.7949   |   55:05:53   |   04:01:15   |
19130       |       -2821.72   |       -2836.57   |        14.8462   |   55:07:15   |   04:01:10   |
19131       |       -2823.41   |       -2836.82   |        13.4068   |   55:13:56   |   04:01:28   |
19132       |       -2821.73   |       -2834.83   |        13.0951   |   55:15:28   |   04:01:23   |
19133       |       -2822.21   |       -2835.64   |        13.4303   |   55:17:03   |   04:01:19   |
19134       |       -2821.74   |       -2835.42   |        13.6806   |   55:18:33   |   04:01:15   |
19135       |       -2821.59   |       -2833.88   |        12.2878   |   55:20:07   |   04:01:10   |
19136       |       -2823.51   |       -2837.12   |        13.6088   |   55:21:35   |   04:01:05   |
19137       |       -2823.51   |       -2836.51   |        13.0007   |   55:23:12   |   04:01:01   |
19138       |       -2822.55   |       -2835.59   |        13.0454   |   55:24:44   |   04:00:57   |
19139       |       -2822.74   |       -2836.44   |        13.7062   |   55:26:17   |   04:00:52   |


Iter        |      Posterior   |     Likelihood   |          Prior   |    elapsed   |        ETA   |
----------------------------------------------------------------------------------------------------
19140       |       -2826.69   |       -2835.82   |        9.12857   |   55:27:51   |   04:00:48   |
19141       |       -2825.75   |          -2835   |        9.25869   |   55:34:27   |   04:01:05   |
19142       |       -2823.53   |       -2833.72   |         10.194   |   55:36:01   |   04:01:01   |
19143       |       -2824.62   |       -2833.02   |        8.40205   |   55:37:38   |   04:00:57   |
19144       |       -2824.56   |       -2833.62   |        9.05368   |   55:39:19   |   04:00:53   |
19145       |        -2825.2   |       -2834.78   |        9.57924   |   55:40:57   |   04:00:49   |
19146       |       -2823.36   |       -2831.27   |        7.90291   |   55:42:47   |   04:00:45   |
19147       |       -2822.73   |       -2832.38   |        9.64941   |   55:44:26   |   04:00:41   |
19148       |       -2822.47   |       -2833.41   |        10.9422   |   55:46:02   |   04:00:37   |
19149       |       -2823.89   |       -2835.64   |        11.7472   |   55:47:23   |   04:00:32   |
19150       |       -2824.35   |       -2839.54   |        15.1928   |   55:48:54   |   04:00:27   |
19151       |       -2828.96   |        -2845.8   |         16.838   |   55:55:22   |   04:00:43   |
19152       |       -2821.52   |       -2838.19   |        16.6705   |   55:56:50   |   04:00:39   |
19153       |        -2821.5   |       -2838.03   |        16.5254   |   55:58:30   |   04:00:34   |
19154       |       -2821.82   |       -2839.16   |        17.3327   |   56:00:03   |   04:00:30   |
19155       |       -2820.62   |       -2838.12   |        17.5027   |   56:01:34   |   04:00:25   |
19156       |       -2820.75   |       -2838.12   |        17.3756   |   56:03:08   |   04:00:20   |
19157       |        -2821.5   |       -2837.18   |        15.6791   |   56:04:38   |   04:00:16   |
19158       |       -2822.43   |       -2836.84   |        14.4074   |   56:06:08   |   04:00:11   |
19159       |        -2823.7   |       -2839.67   |        15.9672   |   56:07:41   |   04:00:06   |


Iter        |      Posterior   |     Likelihood   |          Prior   |    elapsed   |        ETA   |
----------------------------------------------------------------------------------------------------
19160       |       -2824.72   |       -2840.15   |        15.4314   |   56:09:10   |   04:00:01   |
19161       |       -2825.22   |       -2841.41   |        16.1901   |   56:15:48   |   04:00:18   |
19162       |       -2823.41   |       -2841.51   |        18.1005   |   56:17:20   |   04:00:13   |
19163       |       -2823.68   |       -2839.97   |        16.2907   |   56:18:48   |   04:00:08   |
19164       |       -2822.94   |          -2841   |        18.0549   |   56:20:20   |   04:00:03   |
19165       |       -2822.77   |       -2837.49   |        14.7192   |   56:21:50   |   03:59:59   |
19166       |       -2823.75   |       -2836.14   |        12.3861   |   56:23:26   |   03:59:54   |
19167       |       -2825.02   |        -2839.8   |         14.786   |   56:25:03   |   03:59:50   |
19168       |        -2824.5   |       -2838.43   |        13.9273   |   56:26:46   |   03:59:45   |
19169       |        -2825.2   |       -2839.74   |        14.5417   |   56:28:28   |   03:59:41   |
19170       |       -2822.93   |        -2838.6   |        15.6741   |   56:30:08   |   03:59:37   |
19171       |       -2823.68   |        -2839.6   |        15.9142   |   56:36:55   |   03:59:54   |
19172       |       -2823.51   |       -2840.34   |        16.8359   |   56:38:30   |   03:59:50   |
19173       |       -2825.27   |       -2844.13   |        18.8615   |   56:39:59   |   03:59:45   |
19174       |        -2824.9   |       -2843.52   |        18.6255   |   56:41:33   |   03:59:40   |
19175       |       -2823.18   |       -2841.03   |        17.8505   |   56:42:59   |   03:59:35   |
19176       |       -2822.16   |       -2838.98   |        16.8196   |   56:44:19   |   03:59:29   |
19177       |       -2822.59   |       -2838.25   |        15.6559   |   56:45:40   |   03:59:23   |
19178       |       -2821.75   |       -2837.88   |        16.1318   |   56:47:14   |   03:59:18   |
19179       |       -2821.31   |       -2837.62   |        16.3127   |   56:48:46   |   03:59:13   |


Iter        |      Posterior   |     Likelihood   |          Prior   |    elapsed   |        ETA   |
----------------------------------------------------------------------------------------------------
19180       |       -2822.09   |       -2836.98   |        14.8876   |   56:50:18   |   03:59:08   |
19181       |       -2825.19   |       -2840.56   |        15.3752   |   56:57:07   |   03:59:26   |
19182       |       -2824.93   |       -2841.27   |        16.3472   |   56:58:44   |   03:59:21   |
19183       |       -2824.93   |       -2841.27   |        16.3472   |   57:00:22   |   03:59:16   |
19184       |       -2824.12   |       -2837.69   |        13.5767   |   57:01:59   |   03:59:12   |
19185       |       -2824.12   |       -2837.69   |        13.5767   |   57:03:47   |   03:59:08   |
19186       |       -2826.49   |       -2838.22   |        11.7288   |   57:05:27   |   03:59:03   |
19187       |       -2824.84   |       -2837.45   |        12.6088   |   57:07:07   |   03:58:59   |
19188       |       -2831.78   |       -2842.03   |        10.2437   |   57:08:43   |   03:58:54   |
19189       |       -2831.75   |        -2842.9   |        11.1459   |   57:10:15   |   03:58:49   |
19190       |        -2824.7   |       -2836.41   |        11.7076   |   57:11:35   |   03:58:43   |
19191       |       -2823.65   |       -2837.55   |        13.8908   |   57:17:59   |   03:58:58   |
19192       |       -2823.64   |       -2838.02   |        14.3732   |   57:19:27   |   03:58:53   |
19193       |       -2823.86   |       -2835.84   |        11.9763   |   57:20:59   |   03:58:48   |
19194       |       -2822.27   |       -2836.54   |        14.2746   |   57:22:35   |   03:58:43   |
19195       |       -2825.46   |       -2837.36   |        11.9001   |   57:24:05   |   03:58:38   |
19196       |       -2825.47   |       -2837.39   |         11.918   |   57:25:52   |   03:58:34   |
19197       |        -2823.7   |       -2836.93   |        13.2331   |   57:27:29   |   03:58:29   |
19198       |       -2823.81   |       -2837.05   |         13.247   |   57:29:08   |   03:58:24   |
19199       |       -2823.15   |       -2837.34   |        14.1976   |   57:30:40   |   03:58:19   |


Iter        |      Posterior   |     Likelihood   |          Prior   |    elapsed   |        ETA   |
----------------------------------------------------------------------------------------------------
19200       |       -2824.18   |       -2838.39   |        14.2024   |   57:32:19   |   03:58:14   |
19201       |       -2827.28   |       -2840.74   |        13.4625   |   57:39:10   |   03:58:31   |
19202       |       -2825.02   |        -2840.3   |        15.2748   |   57:40:40   |   03:58:26   |
19203       |       -2825.06   |       -2837.16   |        12.1034   |   57:42:16   |   03:58:21   |
19204       |          -2825   |       -2836.89   |        11.8924   |   57:43:51   |   03:58:16   |
19205       |       -2823.25   |       -2835.63   |        12.3817   |   57:45:31   |   03:58:11   |
19206       |       -2822.89   |       -2838.31   |        15.4176   |   57:47:05   |   03:58:06   |
19207       |       -2822.63   |       -2838.16   |         15.532   |   57:48:38   |   03:58:01   |
19208       |        -2823.6   |       -2839.46   |        15.8596   |   57:50:11   |   03:57:56   |
19209       |       -2825.58   |        -2841.7   |        16.1146   |   57:51:52   |   03:57:51   |
19210       |       -2824.84   |       -2842.38   |         17.539   |   57:53:17   |   03:57:45   |
19211       |       -2822.94   |       -2841.21   |        18.2655   |   57:59:50   |   03:58:00   |
19212       |       -2821.27   |       -2838.73   |        17.4549   |   58:01:18   |   03:57:55   |
19213       |        -2821.6   |       -2836.79   |        15.1963   |   58:02:50   |   03:57:49   |
19214       |       -2820.72   |       -2836.23   |        15.5068   |   58:04:18   |   03:57:44   |
19215       |       -2820.72   |       -2836.23   |        15.5068   |   58:05:59   |   03:57:39   |
19216       |       -2820.72   |       -2836.23   |        15.5068   |   58:07:42   |   03:57:34   |
19217       |       -2821.37   |       -2838.76   |        17.3877   |   58:09:15   |   03:57:29   |
19218       |       -2820.19   |        -2836.9   |        16.7127   |   58:10:43   |   03:57:24   |
19219       |       -2821.24   |       -2837.68   |        16.4354   |   58:12:07   |   03:57:18   |


Iter        |      Posterior   |     Likelihood   |          Prior   |    elapsed   |        ETA   |
----------------------------------------------------------------------------------------------------
19220       |       -2820.72   |       -2835.87   |        15.1482   |   58:13:23   |   03:57:11   |
19221       |        -2820.8   |       -2836.09   |        15.2934   |   58:20:11   |   03:57:27   |
19222       |       -2821.89   |        -2834.5   |          12.61   |   58:21:37   |   03:57:21   |
19223       |        -2820.8   |       -2835.22   |        14.4153   |   58:23:02   |   03:57:15   |
19224       |        -2819.3   |       -2833.17   |        13.8642   |   58:24:35   |   03:57:10   |
19225       |       -2819.54   |        -2835.2   |        15.6566   |   58:26:07   |   03:57:05   |
19226       |       -2820.19   |       -2835.58   |        15.3871   |   58:27:46   |   03:57:00   |
19227       |       -2821.97   |       -2836.15   |         14.176   |   58:29:20   |   03:56:54   |
19228       |          -2821   |       -2835.11   |        14.1106   |   58:30:55   |   03:56:49   |
19229       |       -2822.24   |       -2835.65   |        13.4136   |   58:32:36   |   03:56:44   |
19230       |       -2821.39   |       -2834.47   |        13.0875   |   58:34:03   |   03:56:38   |
19231       |        -2823.1   |       -2836.48   |         13.374   |   58:41:02   |   03:56:55   |
19232       |        -2823.1   |       -2836.48   |         13.374   |   58:42:48   |   03:56:50   |
19233       |       -2819.63   |       -2832.27   |        12.6401   |   58:44:29   |   03:56:45   |
19234       |       -2819.56   |       -2832.42   |        12.8574   |   58:46:10   |   03:56:40   |
19235       |       -2822.17   |       -2833.91   |        11.7387   |   58:47:50   |   03:56:35   |
19236       |       -2824.35   |       -2834.25   |        9.90174   |   58:49:23   |   03:56:30   |
19237       |       -2823.26   |          -2834   |        10.7358   |   58:51:08   |   03:56:25   |
19238       |       -2821.35   |       -2829.87   |        8.52596   |   58:52:49   |   03:56:20   |
19239       |       -2823.23   |       -2830.37   |        7.14429   |   58:54:32   |   03:56:15   |


Iter        |      Posterior   |     Likelihood   |          Prior   |    elapsed   |        ETA   |
----------------------------------------------------------------------------------------------------
19240       |       -2821.26   |        -2828.8   |        7.54211   |   58:56:05   |   03:56:10   |
19241       |       -2820.59   |        -2829.1   |        8.50878   |   59:03:00   |   03:56:25   |
19242       |       -2820.59   |        -2829.1   |        8.50878   |   59:04:40   |   03:56:20   |
19243       |          -2821   |       -2829.11   |        8.10639   |   59:06:10   |   03:56:15   |
19244       |       -2823.37   |       -2830.71   |        7.33676   |   59:07:37   |   03:56:09   |
19245       |        -2821.1   |       -2830.95   |        9.84874   |   59:09:08   |   03:56:03   |
19246       |       -2821.28   |       -2831.24   |        9.96087   |   59:10:42   |   03:55:57   |
19247       |       -2823.28   |       -2830.31   |        7.03052   |   59:12:16   |   03:55:52   |
19248       |       -2822.98   |       -2831.55   |        8.56838   |   59:13:54   |   03:55:46   |
19249       |       -2826.85   |       -2834.54   |        7.68493   |   59:15:26   |   03:55:41   |
19250       |       -2828.14   |       -2834.79   |        6.65155   |   59:17:02   |   03:55:35   |
19251       |       -2827.17   |       -2835.35   |        8.17785   |   59:24:09   |   03:55:52   |
19252       |       -2826.34   |       -2833.22   |        6.88136   |   59:25:46   |   03:55:46   |
19253       |       -2828.59   |       -2836.74   |        8.14112   |   59:27:17   |   03:55:40   |
19254       |       -2826.94   |       -2835.61   |        8.66827   |   59:28:59   |   03:55:35   |
19255       |        -2831.6   |       -2841.39   |        9.79527   |   59:30:35   |   03:55:30   |
19256       |       -2832.96   |       -2840.84   |        7.88294   |   59:32:15   |   03:55:25   |
19257       |       -2831.48   |       -2840.98   |         9.5006   |   59:34:02   |   03:55:20   |
19258       |       -2831.98   |       -2842.55   |        10.5701   |   59:35:42   |   03:55:14   |
19259       |       -2831.97   |       -2842.55   |        10.5759   |   59:37:22   |   03:55:09   |


Iter        |      Posterior   |     Likelihood   |          Prior   |    elapsed   |        ETA   |
----------------------------------------------------------------------------------------------------
19260       |       -2827.98   |       -2842.32   |        14.3421   |   59:38:52   |   03:55:03   |
19261       |       -2828.04   |       -2841.75   |        13.7144   |   59:45:47   |   03:55:18   |
19262       |       -2823.83   |       -2839.22   |        15.3867   |   59:47:19   |   03:55:13   |
19263       |       -2823.69   |       -2838.79   |        15.1046   |   59:48:45   |   03:55:06   |
19264       |       -2824.91   |       -2839.16   |        14.2479   |   59:50:20   |   03:55:01   |
19265       |       -2825.42   |       -2843.07   |        17.6508   |   59:51:57   |   03:54:55   |
19266       |       -2822.83   |       -2841.47   |        18.6369   |   59:53:21   |   03:54:49   |
19267       |       -2823.07   |       -2841.85   |        18.7819   |   59:54:55   |   03:54:43   |
19268       |        -2825.1   |       -2842.57   |         17.469   |   59:56:18   |   03:54:36   |
19269       |       -2823.69   |       -2842.37   |        18.6804   |   59:57:37   |   03:54:30   |
19270       |       -2823.88   |       -2841.21   |        17.3303   |   59:59:08   |   03:54:24   |
19271       |        -2823.3   |       -2840.39   |        17.0908   |   60:05:38   |   03:54:37   |
19272       |       -2821.87   |       -2838.51   |        16.6352   |   60:06:56   |   03:54:30   |
19273       |       -2822.92   |       -2840.38   |        17.4587   |   60:08:18   |   03:54:24   |
19274       |       -2825.53   |       -2843.46   |        17.9282   |   60:09:31   |   03:54:16   |
19275       |       -2825.93   |        -2846.2   |        20.2758   |   60:10:56   |   03:54:10   |
19276       |       -2826.98   |       -2847.44   |        20.4606   |   60:12:23   |   03:54:03   |
19277       |       -2822.02   |       -2839.86   |         17.837   |   60:13:46   |   03:53:57   |
19278       |       -2821.31   |       -2838.78   |        17.4701   |   60:14:58   |   03:53:50   |
19279       |       -2821.84   |       -2839.64   |        17.8024   |   60:16:19   |   03:53:43   |


Iter        |      Posterior   |     Likelihood   |          Prior   |    elapsed   |        ETA   |
----------------------------------------------------------------------------------------------------
19280       |       -2821.96   |       -2840.91   |          18.95   |   60:17:42   |   03:53:36   |
19281       |       -2821.74   |        -2841.1   |        19.3598   |   60:24:08   |   03:53:49   |
19282       |       -2821.52   |       -2840.33   |        18.8142   |   60:25:27   |   03:53:42   |
19283       |       -2822.73   |       -2841.03   |        18.3082   |   60:26:48   |   03:53:35   |
19284       |       -2822.67   |       -2840.99   |        18.3275   |   60:28:21   |   03:53:29   |
19285       |       -2823.44   |       -2842.03   |        18.5934   |   60:29:38   |   03:53:22   |
19286       |       -2827.65   |       -2844.72   |        17.0742   |   60:30:55   |   03:53:15   |
19287       |        -2827.3   |       -2843.79   |        16.4938   |   60:32:17   |   03:53:09   |
19288       |       -2827.78   |       -2844.15   |        16.3683   |   60:33:39   |   03:53:02   |
19289       |       -2827.48   |       -2845.02   |         17.537   |   60:35:06   |   03:52:55   |
19290       |        -2829.1   |       -2845.67   |        16.5703   |   60:36:43   |   03:52:49   |
19291       |       -2824.78   |       -2840.12   |        15.3486   |   60:43:19   |   03:53:03   |
19292       |       -2825.99   |       -2840.42   |        14.4293   |   60:44:57   |   03:52:57   |
19293       |       -2827.07   |       -2838.75   |        11.6727   |   60:46:32   |   03:52:51   |
19294       |       -2826.93   |       -2839.85   |        12.9115   |   60:48:10   |   03:52:45   |
19295       |       -2826.93   |       -2839.85   |        12.9115   |   60:49:53   |   03:52:40   |
19296       |       -2827.94   |       -2840.82   |        12.8841   |   60:51:23   |   03:52:33   |
19297       |       -2836.19   |       -2846.11   |        9.91694   |   60:53:00   |   03:52:27   |
19298       |       -2833.73   |       -2843.38   |        9.65289   |   60:54:29   |   03:52:21   |
19299       |       -2839.18   |       -2848.03   |        8.84708   |   60:56:03   |   03:52:15   |


Iter        |      Posterior   |     Likelihood   |          Prior   |    elapsed   |        ETA   |
----------------------------------------------------------------------------------------------------
19300       |       -2834.63   |       -2844.37   |        9.73619   |   60:57:37   |   03:52:09   |
19301       |       -2832.64   |       -2843.18   |        10.5353   |   61:04:28   |   03:52:23   |
19302       |       -2833.24   |       -2843.85   |        10.6037   |   61:06:13   |   03:52:17   |
19303       |       -2833.24   |       -2843.85   |        10.6037   |   61:07:57   |   03:52:12   |
19304       |       -2836.72   |        -2846.4   |        9.67642   |   61:09:37   |   03:52:06   |
19305       |       -2834.73   |       -2844.77   |        10.0344   |   61:11:18   |   03:52:00   |
19306       |       -2832.07   |       -2843.26   |        11.1887   |   61:12:51   |   03:51:54   |
19307       |       -2830.25   |       -2840.48   |          10.23   |   61:14:27   |   03:51:48   |
19308       |       -2828.17   |       -2838.43   |        10.2583   |   61:16:08   |   03:51:42   |
19309       |       -2829.49   |       -2839.53   |        10.0456   |   61:17:39   |   03:51:36   |
19310       |       -2831.36   |       -2838.66   |        7.30351   |   61:19:10   |   03:51:29   |
19311       |        -2834.1   |        -2837.7   |        3.60377   |   61:26:02   |   03:51:43   |
19312       |          -2826   |       -2833.39   |         7.3925   |   61:27:44   |   03:51:37   |
19313       |       -2827.09   |       -2834.73   |        7.63458   |   61:29:24   |   03:51:31   |
19314       |       -2828.37   |       -2836.14   |         7.7727   |   61:30:58   |   03:51:25   |
19315       |        -2831.3   |       -2838.92   |        7.62702   |   61:32:35   |   03:51:19   |
19316       |       -2827.48   |       -2836.16   |        8.68591   |   61:34:18   |   03:51:13   |
19317       |       -2832.03   |       -2840.73   |        8.69815   |   61:35:58   |   03:51:07   |
19318       |       -2825.58   |       -2836.51   |        10.9265   |   61:37:31   |   03:51:01   |
19319       |       -2828.28   |       -2837.54   |        9.25746   |   61:39:11   |   03:50:55   |


Iter        |      Posterior   |     Likelihood   |          Prior   |    elapsed   |        ETA   |
----------------------------------------------------------------------------------------------------
19320       |       -2823.72   |       -2832.75   |        9.03242   |   61:40:49   |   03:50:49   |
19321       |       -2824.44   |       -2833.92   |        9.48727   |   61:47:47   |   03:51:03   |
19322       |       -2824.98   |       -2835.27   |        10.2804   |   61:49:31   |   03:50:57   |
19323       |        -2824.5   |       -2833.82   |        9.31565   |   61:50:58   |   03:50:50   |
19324       |       -2826.96   |       -2836.25   |        9.28951   |   61:52:38   |   03:50:44   |
19325       |       -2827.42   |       -2837.47   |        10.0522   |   61:54:05   |   03:50:37   |
19326       |        -2828.2   |       -2837.73   |        9.52942   |   61:55:45   |   03:50:31   |
19327       |        -2828.2   |       -2837.73   |        9.52942   |   61:57:20   |   03:50:25   |
19328       |        -2828.2   |       -2837.73   |        9.52942   |   61:59:01   |   03:50:19   |
19329       |       -2828.06   |       -2838.22   |        10.1635   |   62:00:37   |   03:50:12   |
19330       |       -2825.62   |       -2835.36   |        9.74227   |   62:02:15   |   03:50:06   |
19331       |       -2826.59   |        -2836.1   |        9.50455   |   62:08:54   |   03:50:19   |
19332       |       -2822.36   |       -2834.22   |        11.8599   |   62:10:28   |   03:50:12   |
19333       |       -2824.15   |       -2833.24   |        9.08459   |   62:12:04   |   03:50:06   |
19334       |       -2821.23   |       -2834.64   |        13.4129   |   62:13:36   |   03:49:59   |
19335       |       -2822.84   |       -2835.94   |        13.1029   |   62:14:59   |   03:49:52   |
19336       |       -2824.18   |          -2836   |        11.8174   |   62:16:36   |   03:49:46   |
19337       |       -2822.47   |        -2835.1   |        12.6389   |   62:18:00   |   03:49:39   |
19338       |       -2822.83   |       -2836.54   |        13.7091   |   62:19:30   |   03:49:32   |
19339       |       -2821.27   |       -2834.78   |        13.5122   |   62:21:11   |   03:49:26   |


Iter        |      Posterior   |     Likelihood   |          Prior   |    elapsed   |        ETA   |
----------------------------------------------------------------------------------------------------
19340       |       -2822.62   |       -2833.94   |        11.3166   |   62:22:51   |   03:49:19   |
19341       |        -2825.8   |       -2837.61   |        11.8021   |   62:29:56   |   03:49:33   |
19342       |       -2826.26   |       -2838.53   |          12.27   |   62:31:40   |   03:49:27   |
19343       |       -2828.89   |       -2837.23   |        8.34677   |   62:33:16   |   03:49:21   |
19344       |       -2826.43   |       -2835.41   |        8.98422   |   62:34:56   |   03:49:14   |
19345       |       -2826.45   |       -2835.37   |        8.92054   |   62:36:40   |   03:49:08   |
19346       |       -2823.73   |       -2832.77   |        9.04129   |   62:38:20   |   03:49:02   |
19347       |       -2824.92   |       -2833.94   |        9.02133   |   62:39:58   |   03:48:56   |
19348       |       -2823.95   |       -2833.12   |         9.1716   |   62:41:38   |   03:48:49   |
19349       |       -2824.99   |       -2831.96   |        6.96112   |   62:43:20   |   03:48:43   |
19350       |       -2823.63   |       -2832.93   |        9.30243   |   62:44:54   |   03:48:37   |
19351       |       -2828.97   |       -2838.09   |        9.12631   |   62:51:52   |   03:48:50   |
19352       |       -2828.97   |       -2838.09   |        9.12631   |   62:53:36   |   03:48:43   |
19353       |       -2828.97   |       -2838.09   |        9.12631   |   62:55:18   |   03:48:37   |
19354       |       -2824.01   |       -2834.93   |        10.9255   |   62:56:51   |   03:48:30   |
19355       |       -2824.36   |       -2835.84   |        11.4766   |   62:58:28   |   03:48:24   |
19356       |       -2825.31   |        -2835.4   |        10.0915   |   63:00:04   |   03:48:17   |
19357       |       -2823.53   |       -2835.26   |        11.7324   |   63:01:46   |   03:48:11   |
19358       |       -2824.31   |       -2838.55   |        14.2488   |   63:03:22   |   03:48:04   |
19359       |       -2826.61   |        -2840.2   |        13.5923   |   63:04:57   |   03:47:58   |


Iter        |      Posterior   |     Likelihood   |          Prior   |    elapsed   |        ETA   |
----------------------------------------------------------------------------------------------------
19360       |       -2827.87   |       -2841.35   |        13.4817   |   63:06:20   |   03:47:50   |
19361       |       -2830.53   |       -2840.96   |        10.4326   |   63:13:03   |   03:48:02   |
19362       |       -2831.12   |       -2841.17   |        10.0468   |   63:14:44   |   03:47:56   |
19363       |       -2829.49   |       -2842.09   |        12.6042   |   63:16:18   |   03:47:49   |
19364       |       -2825.42   |       -2836.59   |        11.1697   |   63:17:40   |   03:47:41   |
19365       |       -2826.23   |        -2834.6   |        8.37026   |   63:18:59   |   03:47:33   |
19366       |       -2826.18   |       -2833.77   |        7.59591   |   63:20:34   |   03:47:27   |
19367       |       -2824.79   |       -2832.03   |        7.23958   |   63:22:10   |   03:47:20   |
19368       |       -2827.17   |        -2834.2   |         7.0217   |   63:23:38   |   03:47:13   |
19369       |       -2826.55   |       -2834.04   |        7.48763   |   63:25:13   |   03:47:06   |
19370       |        -2822.9   |       -2836.24   |        13.3441   |   63:26:40   |   03:46:59   |
19371       |       -2821.82   |       -2834.48   |        12.6624   |   63:33:19   |   03:47:10   |
19372       |       -2825.19   |       -2837.26   |        12.0745   |   63:34:52   |   03:47:03   |
19373       |       -2826.71   |       -2835.73   |        9.02353   |   63:36:29   |   03:46:56   |
19374       |        -2830.7   |       -2837.87   |        7.17575   |   63:38:01   |   03:46:49   |
19375       |       -2827.34   |       -2833.09   |        5.75053   |   63:39:39   |   03:46:42   |
19376       |       -2826.73   |       -2831.56   |        4.83329   |   63:41:25   |   03:46:36   |
19377       |       -2824.72   |       -2832.59   |        7.86435   |   63:43:05   |   03:46:30   |
19378       |        -2824.9   |       -2832.39   |        7.49128   |   63:44:43   |   03:46:23   |
19379       |       -2823.56   |       -2831.88   |        8.32228   |   63:46:21   |   03:46:16   |


Iter        |      Posterior   |     Likelihood   |          Prior   |    elapsed   |        ETA   |
----------------------------------------------------------------------------------------------------
19380       |       -2823.09   |       -2834.53   |        11.4368   |   63:47:50   |   03:46:09   |
19381       |       -2827.65   |       -2839.02   |        11.3704   |   63:54:29   |   03:46:20   |
19382       |       -2824.77   |       -2839.24   |        14.4737   |   63:55:56   |   03:46:12   |
19383       |       -2824.58   |        -2838.5   |        13.9121   |   63:57:23   |   03:46:05   |
19384       |       -2824.68   |       -2839.31   |        14.6295   |   63:58:55   |   03:45:58   |
19385       |       -2829.43   |       -2841.69   |        12.2558   |   64:00:25   |   03:45:50   |
19386       |       -2826.14   |        -2838.6   |         12.457   |   64:02:00   |   03:45:43   |
19387       |       -2827.13   |       -2838.13   |         11.002   |   64:03:25   |   03:45:36   |
19388       |       -2827.02   |       -2837.81   |        10.7941   |   64:04:53   |   03:45:28   |
19389       |        -2828.1   |       -2836.47   |        8.36607   |   64:06:23   |   03:45:21   |
19390       |        -2828.1   |       -2836.47   |        8.36607   |   64:08:06   |   03:45:14   |
19391       |       -2827.21   |        -2837.9   |        10.6849   |   64:15:07   |   03:45:27   |
19392       |       -2825.93   |       -2835.78   |        9.85539   |   64:16:29   |   03:45:19   |
19393       |       -2828.53   |       -2834.53   |        6.00229   |   64:18:04   |   03:45:12   |
19394       |       -2827.14   |       -2834.94   |        7.80473   |   64:19:32   |   03:45:04   |
19395       |       -2826.86   |       -2836.63   |         9.7642   |   64:21:02   |   03:44:57   |
19396       |       -2823.86   |       -2831.93   |        8.06859   |   64:22:39   |   03:44:50   |
19397       |       -2822.54   |       -2831.86   |        9.31634   |   64:24:09   |   03:44:42   |
19398       |       -2823.75   |       -2834.89   |         11.139   |   64:25:46   |   03:44:35   |
19399       |       -2823.59   |       -2836.32   |        12.7345   |   64:27:18   |   03:44:28   |


Iter        |      Posterior   |     Likelihood   |          Prior   |    elapsed   |        ETA   |
----------------------------------------------------------------------------------------------------
19400       |       -2823.18   |       -2834.02   |        10.8412   |   64:28:40   |   03:44:20   |
19401       |       -2822.55   |        -2835.4   |        12.8538   |   64:35:28   |   03:44:31   |
19402       |       -2824.57   |       -2838.11   |        13.5355   |   64:36:54   |   03:44:23   |
19403       |       -2825.57   |       -2838.84   |         13.268   |   64:38:29   |   03:44:16   |
19404       |       -2824.85   |       -2837.74   |        12.8895   |   64:40:02   |   03:44:09   |
19405       |       -2827.88   |       -2838.62   |        10.7428   |   64:41:36   |   03:44:02   |
19406       |        -2828.4   |       -2839.45   |        11.0421   |   64:43:08   |   03:43:54   |
19407       |        -2831.1   |       -2842.57   |         11.476   |   64:44:42   |   03:43:47   |
19408       |       -2826.76   |       -2837.78   |         11.022   |   64:46:23   |   03:43:40   |
19409       |       -2827.05   |       -2839.36   |         12.307   |   64:48:07   |   03:43:33   |
19410       |       -2827.97   |       -2839.94   |         11.969   |   64:49:38   |   03:43:26   |
19411       |       -2832.55   |       -2843.52   |        10.9705   |   64:56:15   |   03:43:36   |
19412       |       -2830.43   |       -2842.81   |        12.3814   |   64:57:50   |   03:43:29   |
19413       |       -2830.19   |       -2845.24   |        15.0437   |   64:59:18   |   03:43:21   |
19414       |        -2828.2   |       -2842.22   |        14.0226   |   65:00:42   |   03:43:13   |
19415       |       -2827.75   |       -2842.45   |        14.6927   |   65:02:13   |   03:43:05   |
19416       |       -2827.75   |       -2842.45   |        14.6927   |   65:03:52   |   03:42:58   |
19417       |       -2827.75   |       -2842.45   |        14.6927   |   65:05:33   |   03:42:51   |
19418       |       -2829.34   |       -2843.33   |        13.9964   |   65:07:05   |   03:42:44   |
19419       |       -2829.03   |       -2844.26   |        15.2344   |   65:08:30   |   03:42:36   |


Iter        |      Posterior   |     Likelihood   |          Prior   |    elapsed   |        ETA   |
----------------------------------------------------------------------------------------------------
19420       |       -2829.24   |       -2845.72   |        16.4819   |   65:09:54   |   03:42:28   |
19421       |       -2830.89   |        -2847.7   |        16.8068   |   65:16:37   |   03:42:38   |
19422       |       -2833.62   |       -2848.51   |        14.8939   |   65:18:09   |   03:42:31   |
19423       |       -2834.38   |       -2846.78   |        12.3992   |   65:19:42   |   03:42:23   |
19424       |       -2828.56   |        -2842.5   |        13.9341   |   65:21:17   |   03:42:16   |
19425       |       -2828.08   |       -2842.14   |        14.0597   |   65:22:51   |   03:42:08   |
19426       |       -2826.76   |        -2840.8   |        14.0422   |   65:24:23   |   03:42:01   |
19427       |       -2829.35   |       -2842.66   |        13.3103   |   65:25:54   |   03:41:53   |
19428       |       -2833.52   |       -2845.33   |        11.8123   |   65:27:31   |   03:41:46   |
19429       |       -2829.05   |       -2842.02   |        12.9659   |   65:29:05   |   03:41:38   |
19430       |       -2829.48   |        -2842.1   |        12.6186   |   65:30:43   |   03:41:31   |
19431       |       -2829.48   |        -2842.1   |        12.6186   |   65:37:39   |   03:41:41   |
19432       |       -2830.75   |       -2843.18   |        12.4314   |   65:39:14   |   03:41:34   |
19433       |       -2827.15   |       -2839.99   |        12.8425   |   65:40:45   |   03:41:26   |
19434       |       -2831.02   |       -2845.19   |        14.1714   |   65:42:22   |   03:41:19   |
19435       |       -2829.35   |       -2838.63   |        9.27512   |   65:43:59   |   03:41:11   |
19436       |        -2829.1   |       -2840.89   |        11.7902   |   65:45:30   |   03:41:03   |
19437       |       -2831.47   |          -2842   |        10.5257   |   65:46:58   |   03:40:56   |
19438       |       -2828.37   |        -2838.4   |        10.0232   |   65:48:26   |   03:40:48   |
19439       |       -2830.14   |       -2840.97   |        10.8284   |   65:50:09   |   03:40:40   |


Iter        |      Posterior   |     Likelihood   |          Prior   |    elapsed   |        ETA   |
----------------------------------------------------------------------------------------------------
19440       |       -2831.38   |       -2842.34   |        10.9545   |   65:51:44   |   03:40:33   |
19441       |        -2829.6   |       -2839.92   |        10.3183   |   65:58:40   |   03:40:43   |
19442       |       -2827.67   |       -2837.79   |        10.1202   |   66:00:15   |   03:40:36   |
19443       |       -2825.95   |       -2836.73   |        10.7828   |   66:01:53   |   03:40:28   |
19444       |       -2828.82   |       -2840.79   |        11.9659   |   66:03:33   |   03:40:21   |
19445       |       -2827.54   |       -2839.27   |        11.7247   |   66:05:09   |   03:40:13   |
19446       |       -2827.72   |       -2840.21   |        12.4928   |   66:06:46   |   03:40:06   |
19447       |        -2826.1   |       -2839.12   |        13.0239   |   66:08:19   |   03:39:58   |
19448       |       -2827.03   |       -2838.37   |        11.3429   |   66:09:53   |   03:39:50   |
19449       |       -2827.71   |       -2836.62   |        8.90972   |   66:11:28   |   03:39:43   |
19450       |       -2824.76   |       -2835.18   |         10.418   |   66:13:06   |   03:39:35   |
19451       |       -2824.53   |        -2834.7   |        10.1634   |   66:19:51   |   03:39:45   |
19452       |       -2824.45   |        -2834.2   |        9.75285   |   66:21:21   |   03:39:37   |
19453       |       -2826.72   |       -2836.96   |        10.2336   |   66:22:49   |   03:39:28   |
19454       |       -2826.72   |       -2837.54   |        10.8196   |   66:24:16   |   03:39:20   |
19455       |       -2826.42   |       -2839.72   |        13.3072   |   66:26:01   |   03:39:13   |
19456       |       -2828.11   |       -2839.36   |        11.2412   |   66:27:27   |   03:39:05   |
19457       |       -2827.06   |       -2838.09   |        11.0252   |   66:28:51   |   03:38:56   |
19458       |       -2826.84   |       -2838.59   |        11.7419   |   66:30:15   |   03:38:48   |
19459       |       -2828.46   |       -2838.11   |        9.64736   |   66:31:58   |   03:38:41   |


Iter        |      Posterior   |     Likelihood   |          Prior   |    elapsed   |        ETA   |
----------------------------------------------------------------------------------------------------
19460       |       -2827.22   |       -2838.29   |        11.0676   |   66:33:35   |   03:38:33   |
19461       |       -2836.29   |       -2847.82   |        11.5279   |   66:40:15   |   03:38:42   |
19462       |       -2831.39   |       -2842.29   |        10.8965   |   66:41:48   |   03:38:34   |
19463       |       -2829.51   |       -2839.37   |        9.85409   |   66:43:14   |   03:38:26   |
19464       |       -2831.47   |          -2842   |        10.5255   |   66:44:38   |   03:38:17   |
19465       |       -2834.45   |       -2841.96   |        7.51421   |   66:46:07   |   03:38:09   |
19466       |       -2830.64   |       -2844.86   |          14.22   |   66:47:38   |   03:38:01   |
19467       |       -2830.07   |       -2843.61   |        13.5382   |   66:49:02   |   03:37:53   |
19468       |       -2828.12   |        -2841.3   |        13.1782   |   66:50:32   |   03:37:44   |
19469       |       -2828.24   |       -2841.54   |        13.3005   |   66:52:03   |   03:37:36   |
19470       |       -2829.57   |       -2841.55   |        11.9858   |   66:53:37   |   03:37:28   |
19471       |       -2830.41   |       -2840.91   |        10.4978   |   67:00:18   |   03:37:37   |
19472       |       -2828.61   |       -2839.62   |        11.0089   |   67:01:44   |   03:37:29   |
19473       |       -2828.94   |       -2840.19   |        11.2491   |   67:03:13   |   03:37:20   |
19474       |       -2826.43   |       -2838.91   |         12.483   |   67:04:37   |   03:37:12   |
19475       |        -2825.6   |       -2837.53   |        11.9287   |   67:05:59   |   03:37:03   |
19476       |       -2825.99   |        -2837.5   |        11.5015   |   67:07:18   |   03:36:54   |
19477       |       -2826.48   |       -2838.67   |        12.1916   |   67:08:46   |   03:36:46   |
19478       |       -2825.15   |       -2838.02   |        12.8684   |   67:10:07   |   03:36:37   |
19479       |       -2826.62   |       -2839.14   |        12.5274   |   67:11:29   |   03:36:29   |


Iter        |      Posterior   |     Likelihood   |          Prior   |    elapsed   |        ETA   |
----------------------------------------------------------------------------------------------------
19480       |       -2828.59   |       -2840.27   |        11.6768   |   67:12:48   |   03:36:20   |
19481       |       -2825.66   |       -2838.61   |        12.9463   |   67:19:16   |   03:36:28   |
19482       |       -2826.86   |       -2838.09   |        11.2207   |   67:20:39   |   03:36:19   |
19483       |       -2828.16   |       -2836.38   |        8.22704   |   67:22:11   |   03:36:11   |
19484       |       -2829.49   |       -2836.66   |        7.16887   |   67:23:44   |   03:36:03   |
19485       |       -2828.39   |       -2838.43   |        10.0456   |   67:25:12   |   03:35:54   |
19486       |       -2828.69   |       -2839.15   |         10.462   |   67:26:44   |   03:35:46   |
19487       |       -2833.26   |       -2843.38   |        10.1206   |   67:28:11   |   03:35:37   |
19488       |       -2830.27   |       -2839.52   |        9.25048   |   67:29:40   |   03:35:29   |
19489       |       -2833.83   |       -2843.29   |        9.45883   |   67:31:06   |   03:35:20   |
19490       |       -2833.24   |        -2841.9   |        8.65854   |   67:32:38   |   03:35:12   |
19491       |       -2834.02   |       -2840.67   |         6.6564   |   67:39:20   |   03:35:20   |
19492       |       -2832.85   |       -2839.89   |        7.03775   |   67:41:04   |   03:35:13   |
19493       |       -2832.06   |       -2838.97   |        6.91133   |   67:42:45   |   03:35:05   |
19494       |        -2830.8   |       -2838.28   |         7.4816   |   67:44:18   |   03:34:57   |
19495       |       -2831.15   |        -2835.7   |        4.55706   |   67:45:59   |   03:34:49   |
19496       |       -2830.01   |       -2837.88   |        7.87243   |   67:47:40   |   03:34:41   |
19497       |       -2828.14   |       -2837.62   |        9.48297   |   67:49:16   |   03:34:33   |
19498       |       -2827.89   |       -2837.06   |        9.17229   |   67:50:54   |   03:34:25   |
19499       |       -2828.22   |       -2838.38   |        10.1633   |   67:52:29   |   03:34:17   |


Iter        |      Posterior   |     Likelihood   |          Prior   |    elapsed   |        ETA   |
----------------------------------------------------------------------------------------------------
19500       |       -2830.62   |       -2838.29   |        7.66464   |   67:54:00   |   03:34:08   |
19501       |       -2832.75   |       -2843.04   |        10.2875   |   68:01:06   |   03:34:17   |
19502       |       -2832.24   |       -2842.51   |        10.2754   |   68:02:37   |   03:34:09   |
19503       |        -2834.9   |        -2844.7   |        9.79922   |   68:04:12   |   03:34:01   |
19504       |       -2835.48   |       -2846.61   |        11.1213   |   68:05:44   |   03:33:52   |
19505       |       -2834.08   |       -2845.87   |        11.7933   |   68:07:17   |   03:33:44   |
19506       |       -2832.68   |       -2845.32   |        12.6412   |   68:08:51   |   03:33:36   |
19507       |       -2832.94   |       -2845.97   |        13.0315   |   68:10:26   |   03:33:27   |
19508       |       -2831.74   |       -2845.95   |        14.2074   |   68:12:01   |   03:33:19   |
19509       |       -2830.34   |       -2842.12   |        11.7788   |   68:13:36   |   03:33:11   |
19510       |       -2831.74   |        -2844.3   |        12.5584   |   68:15:06   |   03:33:02   |
19511       |       -2831.99   |       -2845.33   |        13.3414   |   68:21:44   |   03:33:10   |
19512       |        -2829.7   |       -2845.48   |         15.773   |   68:23:05   |   03:33:01   |
19513       |       -2827.98   |       -2844.74   |        16.7585   |   68:24:27   |   03:32:52   |
19514       |       -2828.41   |       -2845.63   |        17.2242   |   68:25:52   |   03:32:43   |
19515       |       -2826.72   |       -2841.59   |        14.8712   |   68:27:23   |   03:32:34   |
19516       |        -2825.5   |       -2840.86   |        15.3595   |   68:28:53   |   03:32:26   |
19517       |       -2828.32   |       -2842.31   |        13.9895   |   68:30:27   |   03:32:17   |
19518       |       -2827.39   |       -2842.04   |        14.6581   |   68:32:00   |   03:32:09   |
19519       |       -2828.83   |       -2843.75   |        14.9277   |   68:33:32   |   03:32:00   |


Iter        |      Posterior   |     Likelihood   |          Prior   |    elapsed   |        ETA   |
----------------------------------------------------------------------------------------------------
19520       |       -2828.89   |       -2843.81   |        14.9272   |   68:35:16   |   03:31:52   |
19521       |       -2828.89   |       -2843.81   |        14.9272   |   68:42:07   |   03:32:00   |
19522       |       -2828.49   |       -2844.81   |        16.3195   |   68:43:46   |   03:31:52   |
19523       |       -2828.66   |       -2846.06   |        17.4013   |   68:45:17   |   03:31:43   |
19524       |       -2829.81   |       -2846.56   |        16.7486   |   68:46:40   |   03:31:34   |
19525       |       -2831.26   |       -2848.17   |          16.91   |   68:48:13   |   03:31:25   |
19526       |       -2828.66   |       -2846.77   |        18.1128   |   68:49:40   |   03:31:17   |
19527       |       -2828.73   |       -2846.08   |        17.3522   |   68:51:06   |   03:31:08   |
19528       |       -2827.28   |       -2844.12   |        16.8379   |   68:52:32   |   03:30:59   |
19529       |        -2824.1   |       -2840.44   |        16.3403   |   68:53:57   |   03:30:50   |
19530       |       -2826.58   |        -2843.7   |         17.119   |   68:55:31   |   03:30:41   |
19531       |       -2826.95   |       -2843.97   |        17.0206   |   69:02:24   |   03:30:49   |
19532       |       -2826.02   |        -2843.7   |        17.6841   |   69:04:00   |   03:30:40   |
19533       |       -2823.43   |       -2841.34   |        17.9056   |   69:05:34   |   03:30:32   |
19534       |       -2822.45   |       -2839.46   |        17.0104   |   69:07:00   |   03:30:23   |
19535       |       -2823.91   |       -2841.21   |        17.2974   |   69:08:29   |   03:30:14   |
19536       |        -2824.7   |       -2842.75   |        18.0569   |   69:09:56   |   03:30:05   |
19537       |       -2824.84   |        -2842.8   |        17.9524   |   69:11:21   |   03:29:56   |
19538       |       -2826.24   |       -2842.95   |        16.7088   |   69:12:58   |   03:29:47   |
19539       |       -2827.11   |       -2843.81   |        16.7054   |   69:14:39   |   03:29:39   |


Iter        |      Posterior   |     Likelihood   |          Prior   |    elapsed   |        ETA   |
----------------------------------------------------------------------------------------------------
19540       |       -2821.96   |       -2839.39   |        17.4323   |   69:16:06   |   03:29:30   |
19541       |       -2820.61   |       -2839.28   |        18.6656   |   69:22:37   |   03:29:36   |
19542       |       -2821.29   |       -2839.16   |        17.8742   |   69:24:00   |   03:29:27   |
19543       |       -2821.92   |       -2842.05   |        20.1279   |   69:25:26   |   03:29:18   |
19544       |       -2822.54   |       -2841.46   |        18.9241   |   69:26:52   |   03:29:09   |
19545       |        -2822.6   |       -2841.18   |        18.5754   |   69:28:20   |   03:29:00   |
19546       |       -2822.02   |       -2841.84   |        19.8146   |   69:29:39   |   03:28:50   |
19547       |       -2824.92   |       -2840.65   |        15.7328   |   69:31:05   |   03:28:41   |
19548       |       -2822.68   |       -2840.41   |         17.734   |   69:32:33   |   03:28:32   |
19549       |       -2823.39   |       -2842.54   |        19.1493   |   69:34:07   |   03:28:23   |
19550       |       -2823.92   |       -2843.38   |        19.4575   |   69:35:30   |   03:28:14   |
19551       |       -2823.49   |       -2842.95   |        19.4636   |   69:42:05   |   03:28:20   |
19552       |       -2823.49   |       -2842.95   |        19.4636   |   69:43:35   |   03:28:11   |
19553       |       -2825.69   |       -2843.37   |        17.6857   |   69:45:01   |   03:28:02   |
19554       |       -2823.54   |       -2840.35   |         16.807   |   69:46:18   |   03:27:52   |
19555       |       -2824.68   |       -2840.05   |        15.3645   |   69:47:45   |   03:27:43   |
19556       |       -2825.12   |       -2841.44   |        16.3231   |   69:49:10   |   03:27:34   |
19557       |       -2825.84   |       -2843.39   |        17.5474   |   69:50:32   |   03:27:24   |
19558       |        -2825.8   |       -2843.03   |        17.2226   |   69:51:50   |   03:27:15   |
19559       |       -2826.04   |        -2843.4   |        17.3605   |   69:53:05   |   03:27:05   |


Iter        |      Posterior   |     Likelihood   |          Prior   |    elapsed   |        ETA   |
----------------------------------------------------------------------------------------------------
19560       |       -2826.07   |       -2843.33   |         17.267   |   69:54:42   |   03:26:56   |
19561       |       -2826.13   |       -2842.67   |        16.5358   |   70:01:10   |   03:27:02   |
19562       |        -2828.6   |       -2846.64   |        18.0406   |   70:02:30   |   03:26:52   |
19563       |       -2828.42   |       -2845.97   |        17.5578   |   70:03:50   |   03:26:43   |
19564       |       -2827.37   |       -2845.24   |        17.8703   |   70:05:16   |   03:26:33   |
19565       |       -2826.83   |        -2843.3   |        16.4675   |   70:06:41   |   03:26:24   |
19566       |        -2826.7   |       -2843.47   |        16.7703   |   70:08:04   |   03:26:15   |
19567       |       -2823.56   |        -2840.3   |        16.7351   |   70:09:33   |   03:26:05   |
19568       |       -2825.84   |       -2839.55   |        13.7044   |   70:10:54   |   03:25:56   |
19569       |       -2825.11   |       -2839.62   |        14.5113   |   70:12:29   |   03:25:47   |
19570       |       -2826.06   |       -2840.62   |        14.5578   |   70:13:53   |   03:25:38   |
19571       |       -2825.63   |       -2840.16   |        14.5319   |   70:20:30   |   03:25:43   |
19572       |       -2828.55   |        -2840.2   |        11.6455   |   70:21:54   |   03:25:34   |
19573       |       -2826.02   |       -2840.38   |        14.3597   |   70:23:23   |   03:25:25   |
19574       |       -2825.83   |       -2840.49   |        14.6592   |   70:24:45   |   03:25:15   |
19575       |       -2827.79   |       -2843.84   |        16.0467   |   70:25:59   |   03:25:05   |
19576       |       -2827.28   |       -2843.98   |        16.7018   |   70:27:17   |   03:24:55   |
19577       |       -2825.09   |       -2841.66   |        16.5668   |   70:28:34   |   03:24:45   |
19578       |       -2825.09   |       -2841.66   |        16.5668   |   70:30:04   |   03:24:36   |
19579       |       -2826.07   |       -2842.41   |        16.3365   |   70:31:24   |   03:24:26   |


Iter        |      Posterior   |     Likelihood   |          Prior   |    elapsed   |        ETA   |
----------------------------------------------------------------------------------------------------
19580       |        -2825.2   |       -2841.64   |        16.4482   |   70:32:50   |   03:24:17   |
19581       |        -2822.8   |       -2839.37   |        16.5695   |   70:39:16   |   03:24:22   |
19582       |       -2824.92   |       -2840.19   |        15.2662   |   70:40:29   |   03:24:12   |
19583       |       -2826.02   |        -2838.7   |        12.6875   |   70:41:53   |   03:24:02   |
19584       |       -2827.05   |       -2839.72   |        12.6662   |   70:43:21   |   03:23:53   |
19585       |       -2826.57   |       -2841.61   |        15.0402   |   70:44:52   |   03:23:44   |
19586       |       -2825.29   |       -2839.13   |        13.8392   |   70:46:25   |   03:23:35   |
19587       |        -2825.8   |       -2838.83   |        13.0323   |   70:47:53   |   03:23:25   |
19588       |       -2827.15   |       -2841.42   |        14.2788   |   70:49:29   |   03:23:16   |
19589       |        -2825.2   |        -2836.2   |        10.9988   |   70:50:58   |   03:23:07   |
19590       |       -2824.17   |       -2833.34   |        9.16598   |   70:52:23   |   03:22:57   |
19591       |       -2825.05   |       -2833.56   |        8.51256   |   70:59:12   |   03:23:03   |
19592       |       -2826.24   |       -2832.22   |        5.97969   |   71:00:55   |   03:22:54   |
19593       |       -2829.88   |       -2836.16   |        6.28039   |   71:02:39   |   03:22:45   |
19594       |       -2833.92   |       -2839.69   |        5.76857   |   71:04:25   |   03:22:37   |
19595       |       -2827.11   |       -2835.56   |        8.44732   |   71:06:04   |   03:22:28   |
19596       |        -2824.4   |       -2833.53   |        9.12717   |   71:07:40   |   03:22:19   |
19597       |       -2820.64   |        -2835.3   |        14.6615   |   71:09:18   |   03:22:10   |
19598       |       -2821.61   |        -2834.9   |          13.29   |   71:10:54   |   03:22:01   |
19599       |       -2824.01   |       -2837.08   |        13.0688   |   71:12:37   |   03:21:52   |


Iter        |      Posterior   |     Likelihood   |          Prior   |    elapsed   |        ETA   |
----------------------------------------------------------------------------------------------------
19600       |       -2821.85   |       -2834.81   |        12.9585   |   71:14:12   |   03:21:42   |
19601       |       -2819.91   |       -2833.59   |        13.6844   |   71:21:02   |   03:21:48   |
19602       |       -2819.57   |        -2834.4   |        14.8298   |   71:22:37   |   03:21:39   |
19603       |       -2820.69   |       -2834.66   |        13.9772   |   71:24:05   |   03:21:29   |
19604       |       -2820.41   |       -2834.59   |        14.1746   |   71:25:39   |   03:21:20   |
19605       |       -2820.55   |        -2835.6   |        15.0505   |   71:27:06   |   03:21:10   |
19606       |       -2820.63   |       -2836.63   |         16.001   |   71:28:34   |   03:21:01   |
19607       |       -2820.49   |       -2837.05   |        16.5598   |   71:29:53   |   03:20:51   |
19608       |       -2819.91   |       -2836.84   |        16.9297   |   71:31:20   |   03:20:41   |
19609       |       -2818.48   |       -2835.33   |        16.8465   |   71:32:52   |   03:20:32   |
19610       |       -2820.77   |        -2838.8   |        18.0267   |   71:34:24   |   03:20:22   |
19611       |       -2819.29   |        -2835.1   |        15.8137   |   71:40:49   |   03:20:26   |
19612       |        -2820.5   |       -2834.74   |        14.2373   |   71:42:28   |   03:20:17   |
19613       |       -2820.72   |       -2834.15   |        13.4275   |   71:44:14   |   03:20:08   |
19614       |       -2819.86   |       -2833.59   |        13.7268   |   71:45:55   |   03:19:59   |
19615       |       -2820.43   |       -2835.14   |        14.7066   |   71:47:26   |   03:19:50   |
19616       |       -2819.45   |       -2837.06   |        17.6136   |   71:48:43   |   03:19:39   |
19617       |       -2819.85   |       -2836.25   |        16.4067   |   71:50:05   |   03:19:29   |
19618       |       -2820.01   |       -2839.46   |        19.4424   |   71:51:31   |   03:19:20   |
19619       |       -2821.42   |          -2840   |        18.5873   |   71:52:56   |   03:19:10   |


Iter        |      Posterior   |     Likelihood   |          Prior   |    elapsed   |        ETA   |
----------------------------------------------------------------------------------------------------
19620       |       -2821.61   |       -2841.73   |        20.1199   |   71:54:25   |   03:19:00   |
19621       |       -2821.18   |       -2842.01   |        20.8243   |   72:00:53   |   03:19:04   |
19622       |       -2824.05   |       -2845.37   |        21.3145   |   72:02:15   |   03:18:54   |
19623       |       -2822.22   |       -2844.32   |        22.1052   |   72:03:35   |   03:18:44   |
19624       |       -2823.22   |       -2845.26   |        22.0398   |   72:05:01   |   03:18:34   |
19625       |       -2825.23   |       -2845.83   |        20.6003   |   72:06:19   |   03:18:24   |
19626       |       -2824.32   |       -2845.04   |         20.714   |   72:07:51   |   03:18:14   |
19627       |       -2824.02   |       -2844.16   |         20.143   |   72:09:23   |   03:18:05   |
19628       |       -2823.64   |       -2842.61   |        18.9619   |   72:10:51   |   03:17:55   |
19629       |       -2824.35   |       -2842.99   |        18.6353   |   72:12:18   |   03:17:45   |
19630       |       -2824.85   |       -2845.08   |        20.2307   |   72:13:48   |   03:17:35   |
19631       |       -2824.02   |        -2844.4   |         20.381   |   72:20:24   |   03:17:39   |
19632       |       -2825.35   |        -2845.5   |        20.1476   |   72:21:50   |   03:17:29   |
19633       |        -2822.6   |        -2842.2   |        19.5984   |   72:23:12   |   03:17:19   |
19634       |        -2822.6   |        -2842.2   |        19.5984   |   72:24:47   |   03:17:10   |
19635       |        -2822.6   |        -2842.2   |        19.5984   |   72:26:28   |   03:17:00   |
19636       |        -2822.6   |        -2842.2   |        19.5984   |   72:27:57   |   03:16:50   |
19637       |       -2823.28   |        -2843.1   |        19.8166   |   72:29:30   |   03:16:41   |
19638       |       -2824.72   |       -2844.02   |        19.3035   |   72:30:59   |   03:16:31   |
19639       |       -2826.99   |       -2845.86   |        18.8721   |   72:32:23   |   03:16:21   |


Iter        |      Posterior   |     Likelihood   |          Prior   |    elapsed   |        ETA   |
----------------------------------------------------------------------------------------------------
19640       |       -2829.36   |       -2847.67   |         18.308   |   72:34:01   |   03:16:11   |
19641       |       -2827.76   |        -2846.7   |        18.9493   |   72:40:47   |   03:16:16   |
19642       |       -2826.44   |       -2844.94   |        18.5051   |   72:42:20   |   03:16:06   |
19643       |       -2826.38   |       -2845.41   |        19.0301   |   72:43:52   |   03:15:56   |
19644       |       -2824.56   |       -2845.25   |        20.6942   |   72:45:18   |   03:15:46   |
19645       |       -2822.31   |       -2840.39   |        18.0793   |   72:46:54   |   03:15:36   |
19646       |       -2824.39   |       -2842.08   |        17.6918   |   72:48:22   |   03:15:26   |
19647       |       -2825.48   |       -2842.78   |        17.3048   |   72:49:57   |   03:15:17   |
19648       |       -2823.99   |       -2839.43   |        15.4369   |   72:51:32   |   03:15:07   |
19649       |       -2831.56   |       -2847.55   |        15.9881   |   72:53:07   |   03:14:57   |
19650       |       -2826.23   |       -2846.55   |        20.3194   |   72:54:33   |   03:14:47   |
19651       |       -2828.31   |       -2848.36   |        20.0534   |   73:01:01   |   03:14:51   |
19652       |       -2826.66   |       -2845.51   |        18.8425   |   73:02:27   |   03:14:40   |
19653       |       -2825.97   |       -2843.54   |        17.5617   |   73:03:55   |   03:14:30   |
19654       |       -2827.72   |        -2845.4   |        17.6789   |   73:05:35   |   03:14:21   |
19655       |       -2829.35   |       -2848.12   |        18.7687   |   73:07:15   |   03:14:11   |
19656       |       -2826.13   |       -2844.54   |         18.409   |   73:08:47   |   03:14:01   |
19657       |       -2822.45   |       -2840.82   |        18.3659   |   73:10:19   |   03:13:51   |
19658       |        -2820.9   |       -2839.49   |        18.5934   |   73:11:44   |   03:13:41   |
19659       |       -2821.98   |       -2838.63   |        16.6463   |   73:13:12   |   03:13:31   |


Iter        |      Posterior   |     Likelihood   |          Prior   |    elapsed   |        ETA   |
----------------------------------------------------------------------------------------------------
19660       |          -2819   |       -2834.35   |        15.3469   |   73:14:48   |   03:13:21   |
19661       |       -2819.72   |       -2835.16   |        15.4429   |   73:21:35   |   03:13:25   |
19662       |       -2821.23   |       -2834.77   |        13.5418   |   73:23:12   |   03:13:15   |
19663       |       -2818.44   |       -2834.08   |        15.6389   |   73:24:45   |   03:13:05   |
19664       |       -2820.95   |       -2835.06   |        14.1062   |   73:26:14   |   03:12:55   |
19665       |        -2824.7   |       -2838.89   |        14.1897   |   73:27:54   |   03:12:46   |
19666       |       -2824.17   |       -2838.63   |        14.4587   |   73:29:29   |   03:12:36   |
19667       |       -2825.11   |       -2839.12   |        14.0074   |   73:31:09   |   03:12:26   |
19668       |       -2830.34   |       -2842.96   |        12.6153   |   73:32:44   |   03:12:16   |
19669       |          -2829   |       -2840.71   |        11.7125   |   73:34:16   |   03:12:06   |
19670       |       -2826.48   |       -2839.83   |          13.35   |   73:35:51   |   03:11:56   |
19671       |       -2824.64   |       -2838.19   |        13.5542   |   73:42:43   |   03:12:00   |
19672       |       -2822.38   |       -2837.43   |        15.0549   |   73:44:20   |   03:11:50   |
19673       |       -2822.74   |       -2837.06   |         14.318   |   73:45:56   |   03:11:40   |
19674       |       -2824.74   |        -2837.5   |        12.7562   |   73:47:32   |   03:11:30   |
19675       |       -2822.65   |       -2834.22   |        11.5716   |   73:49:06   |   03:11:20   |
19676       |       -2822.55   |        -2834.4   |         11.853   |   73:50:40   |   03:11:10   |
19677       |       -2823.14   |        -2833.7   |        10.5579   |   73:52:16   |   03:11:00   |
19678       |       -2823.93   |          -2834   |        10.0733   |   73:53:51   |   03:10:50   |
19679       |       -2826.27   |       -2834.71   |        8.44511   |   73:55:29   |   03:10:40   |


Iter        |      Posterior   |     Likelihood   |          Prior   |    elapsed   |        ETA   |
----------------------------------------------------------------------------------------------------
19680       |        -2822.9   |       -2832.82   |        9.92265   |   73:57:05   |   03:10:30   |
19681       |        -2824.2   |       -2834.84   |         10.634   |   74:04:04   |   03:10:34   |
19682       |       -2822.63   |       -2831.85   |        9.21669   |   74:05:39   |   03:10:24   |
19683       |       -2822.56   |       -2832.29   |        9.72735   |   74:07:18   |   03:10:14   |
19684       |        -2823.1   |       -2834.07   |        10.9719   |   74:08:56   |   03:10:04   |
19685       |       -2823.09   |       -2833.75   |        10.6667   |   74:10:27   |   03:09:54   |
19686       |       -2821.43   |       -2832.78   |         11.352   |   74:11:58   |   03:09:44   |
19687       |       -2823.79   |       -2832.49   |        8.69345   |   74:13:37   |   03:09:34   |
19688       |       -2822.63   |       -2833.09   |        10.4586   |   74:15:06   |   03:09:24   |
19689       |       -2823.06   |       -2833.39   |        10.3245   |   74:16:36   |   03:09:13   |
19690       |       -2827.49   |       -2837.79   |        10.3002   |   74:18:09   |   03:09:03   |
19691       |       -2824.65   |       -2834.72   |        10.0751   |   74:24:53   |   03:09:06   |
19692       |       -2822.77   |       -2833.35   |        10.5838   |   74:26:25   |   03:08:56   |
19693       |       -2823.41   |       -2834.61   |        11.2031   |   74:27:49   |   03:08:45   |
19694       |       -2824.31   |       -2834.53   |        10.2176   |   74:29:17   |   03:08:35   |
19695       |       -2825.93   |       -2836.75   |        10.8236   |   74:30:51   |   03:08:24   |
19696       |       -2822.39   |       -2833.91   |        11.5193   |   74:32:23   |   03:08:14   |
19697       |       -2823.17   |       -2836.82   |        13.6453   |   74:33:49   |   03:08:03   |
19698       |       -2825.17   |       -2839.17   |        14.0016   |   74:35:32   |   03:07:54   |
19699       |       -2821.96   |       -2835.76   |        13.8036   |   74:37:10   |   03:07:43   |


Iter        |      Posterior   |     Likelihood   |          Prior   |    elapsed   |        ETA   |
----------------------------------------------------------------------------------------------------
19700       |       -2824.49   |       -2837.88   |        13.3914   |   74:38:55   |   03:07:34   |
19701       |       -2826.39   |       -2843.63   |        17.2448   |   74:45:45   |   03:07:37   |
19702       |       -2828.19   |       -2845.57   |        17.3865   |   74:47:21   |   03:07:26   |
19703       |        -2824.6   |       -2841.73   |        17.1284   |   74:48:53   |   03:07:16   |
19704       |       -2824.66   |       -2841.18   |         16.518   |   74:50:23   |   03:07:05   |
19705       |       -2825.75   |       -2843.07   |        17.3225   |   74:51:52   |   03:06:55   |
19706       |       -2826.21   |       -2844.19   |        17.9759   |   74:53:29   |   03:06:45   |
19707       |       -2825.17   |       -2842.46   |        17.2901   |   74:55:03   |   03:06:34   |
19708       |       -2822.28   |       -2841.06   |        18.7823   |   74:56:29   |   03:06:24   |
19709       |       -2822.04   |       -2838.88   |        16.8387   |   74:57:59   |   03:06:13   |
19710       |        -2822.8   |       -2841.71   |        18.9139   |   74:59:23   |   03:06:02   |
19711       |       -2823.59   |       -2840.13   |        16.5436   |   75:06:02   |   03:06:05   |
19712       |       -2823.31   |       -2840.75   |        17.4333   |   75:07:35   |   03:05:54   |
19713       |       -2823.31   |       -2840.91   |        17.5964   |   75:09:17   |   03:05:44   |
19714       |       -2825.52   |       -2843.49   |        17.9694   |   75:10:56   |   03:05:34   |
19715       |       -2823.42   |       -2840.58   |        17.1591   |   75:12:32   |   03:05:23   |
19716       |       -2824.91   |       -2843.58   |        18.6704   |   75:14:10   |   03:05:13   |
19717       |       -2827.78   |       -2843.91   |        16.1221   |   75:15:42   |   03:05:03   |
19718       |       -2827.62   |        -2842.1   |        14.4769   |   75:17:09   |   03:04:52   |
19719       |       -2829.27   |       -2840.77   |        11.5039   |   75:18:40   |   03:04:41   |


Iter        |      Posterior   |     Likelihood   |          Prior   |    elapsed   |        ETA   |
----------------------------------------------------------------------------------------------------
19720       |       -2828.55   |       -2839.92   |        11.3701   |   75:20:28   |   03:04:31   |
19721       |       -2826.82   |       -2840.36   |        13.5407   |   75:27:34   |   03:04:34   |
19722       |       -2827.51   |       -2843.61   |        16.1041   |   75:28:59   |   03:04:24   |
19723       |       -2823.91   |       -2838.18   |        14.2746   |   75:30:31   |   03:04:13   |
19724       |       -2824.15   |       -2839.26   |        15.1069   |   75:32:10   |   03:04:03   |
19725       |       -2822.23   |       -2839.26   |        17.0301   |   75:33:49   |   03:03:52   |
19726       |       -2822.76   |       -2839.79   |        17.0301   |   75:35:29   |   03:03:42   |
19727       |       -2822.85   |       -2839.97   |        17.1159   |   75:37:05   |   03:03:32   |
19728       |       -2822.85   |       -2839.97   |        17.1159   |   75:38:39   |   03:03:21   |
19729       |       -2822.85   |       -2839.97   |        17.1159   |   75:40:14   |   03:03:11   |
19730       |       -2828.04   |       -2845.17   |        17.1205   |   75:41:52   |   03:03:00   |
19731       |       -2821.67   |       -2838.18   |        16.5157   |   75:48:18   |   03:03:01   |
19732       |       -2821.16   |       -2835.44   |        14.2878   |   75:49:37   |   03:02:50   |
19733       |       -2822.71   |       -2837.46   |        14.7562   |   75:50:59   |   03:02:39   |
19734       |        -2823.1   |       -2838.93   |        15.8353   |   75:52:25   |   03:02:28   |
19735       |       -2820.99   |       -2836.59   |        15.5942   |   75:53:42   |   03:02:17   |
19736       |       -2820.39   |       -2835.06   |        14.6686   |   75:55:02   |   03:02:05   |
19737       |       -2820.43   |       -2834.72   |        14.2931   |   75:56:24   |   03:01:54   |
19738       |       -2820.85   |       -2834.43   |        13.5807   |   75:57:53   |   03:01:44   |
19739       |       -2822.07   |       -2834.41   |        12.3376   |   75:59:16   |   03:01:32   |


Iter        |      Posterior   |     Likelihood   |          Prior   |    elapsed   |        ETA   |
----------------------------------------------------------------------------------------------------
19740       |       -2822.04   |       -2831.99   |        9.95284   |   76:00:47   |   03:01:22   |
19741       |       -2821.86   |       -2832.99   |        11.1304   |   76:07:17   |   03:01:23   |
19742       |       -2823.52   |       -2834.97   |        11.4472   |   76:08:40   |   03:01:12   |
19743       |       -2823.79   |       -2835.24   |        11.4416   |   76:09:59   |   03:01:00   |
19744       |       -2823.95   |       -2835.59   |        11.6391   |   76:11:26   |   03:00:49   |
19745       |       -2822.14   |       -2833.41   |        11.2755   |   76:12:43   |   03:00:38   |
19746       |       -2823.46   |       -2832.57   |        9.10557   |   76:13:58   |   03:00:26   |
19747       |       -2822.99   |          -2833   |        10.0076   |   76:15:30   |   03:00:16   |
19748       |       -2823.72   |       -2833.73   |        10.0086   |   76:17:00   |   03:00:05   |
19749       |       -2825.49   |        -2832.7   |        7.21079   |   76:18:22   |   02:59:53   |
19750       |        -2826.8   |        -2833.3   |        6.50093   |   76:19:58   |   02:59:43   |
19751       |       -2823.99   |       -2836.94   |        12.9488   |   76:26:40   |   02:59:44   |
19752       |       -2827.23   |       -2839.51   |        12.2807   |   76:28:02   |   02:59:33   |
19753       |       -2827.63   |       -2837.32   |        9.68286   |   76:29:27   |   02:59:22   |
19754       |       -2828.51   |       -2838.24   |         9.7223   |   76:31:02   |   02:59:11   |
19755       |       -2828.27   |       -2838.36   |         10.096   |   76:32:35   |   02:59:00   |
19756       |        -2826.6   |       -2839.85   |        13.2522   |   76:33:55   |   02:58:49   |
19757       |       -2823.29   |       -2837.85   |        14.5606   |   76:35:21   |   02:58:37   |
19758       |       -2825.23   |       -2840.05   |        14.8231   |   76:36:53   |   02:58:26   |
19759       |       -2825.91   |          -2839   |        13.0955   |   76:38:23   |   02:58:15   |


Iter        |      Posterior   |     Likelihood   |          Prior   |    elapsed   |        ETA   |
----------------------------------------------------------------------------------------------------
19760       |       -2828.01   |       -2841.29   |        13.2747   |   76:39:50   |   02:58:04   |
19761       |       -2829.05   |       -2841.51   |        12.4588   |   76:46:21   |   02:58:05   |
19762       |       -2831.84   |       -2842.68   |        10.8413   |   76:47:50   |   02:57:54   |
19763       |       -2830.81   |       -2842.06   |        11.2488   |   76:49:28   |   02:57:43   |
19764       |       -2830.81   |       -2842.06   |        11.2488   |   76:51:05   |   02:57:32   |
19765       |       -2829.84   |       -2841.72   |        11.8711   |   76:52:46   |   02:57:22   |
19766       |        -2828.3   |       -2842.39   |        14.0922   |   76:54:13   |   02:57:10   |
19767       |       -2828.55   |       -2842.58   |        14.0304   |   76:55:46   |   02:56:59   |
19768       |       -2825.83   |       -2838.34   |        12.5053   |   76:57:16   |   02:56:48   |
19769       |       -2825.83   |       -2838.34   |        12.5053   |   76:58:54   |   02:56:38   |
19770       |       -2823.13   |       -2835.19   |        12.0552   |   77:00:31   |   02:56:27   |
19771       |       -2824.43   |        -2837.4   |        12.9711   |   77:07:14   |   02:56:28   |
19772       |        -2827.4   |       -2840.09   |        12.6858   |   77:08:53   |   02:56:17   |
19773       |        -2827.4   |       -2840.09   |        12.6858   |   77:10:26   |   02:56:06   |
19774       |        -2827.4   |       -2840.09   |        12.6858   |   77:12:09   |   02:55:55   |
19775       |        -2827.4   |       -2840.09   |        12.6858   |   77:13:50   |   02:55:44   |
19776       |        -2827.4   |       -2840.09   |        12.6858   |   77:15:32   |   02:55:34   |
19777       |        -2827.4   |       -2840.09   |        12.6858   |   77:17:14   |   02:55:23   |
19778       |        -2827.4   |       -2840.09   |        12.6858   |   77:18:56   |   02:55:12   |
19779       |       -2825.55   |       -2838.23   |        12.6858   |   77:20:32   |   02:55:01   |


Iter        |      Posterior   |     Likelihood   |          Prior   |    elapsed   |        ETA   |
----------------------------------------------------------------------------------------------------
19780       |       -2823.74   |       -2836.21   |         12.466   |   77:22:04   |   02:54:50   |
19781       |       -2824.38   |       -2836.56   |        12.1887   |   77:28:52   |   02:54:51   |
19782       |       -2824.38   |       -2836.56   |        12.1887   |   77:30:37   |   02:54:40   |
19783       |       -2824.38   |       -2836.56   |        12.1887   |   77:32:21   |   02:54:29   |
19784       |       -2824.38   |       -2836.56   |        12.1887   |   77:34:00   |   02:54:18   |
19785       |       -2824.38   |       -2836.56   |        12.1887   |   77:35:41   |   02:54:07   |
19786       |       -2824.38   |       -2836.56   |        12.1887   |   77:37:27   |   02:53:57   |
19787       |       -2824.38   |       -2836.56   |        12.1887   |   77:39:11   |   02:53:46   |
19788       |       -2824.38   |       -2836.56   |        12.1887   |   77:40:51   |   02:53:35   |
19789       |       -2824.38   |       -2836.56   |        12.1887   |   77:42:33   |   02:53:24   |
19790       |       -2824.38   |       -2836.56   |        12.1887   |   77:44:13   |   02:53:13   |
19791       |       -2824.38   |       -2836.56   |        12.1887   |   77:51:16   |   02:53:14   |
19792       |       -2824.38   |       -2836.56   |        12.1887   |   77:53:02   |   02:53:03   |
19793       |       -2824.38   |       -2836.56   |        12.1887   |   77:54:47   |   02:52:53   |
19794       |       -2824.38   |       -2836.56   |        12.1887   |   77:56:28   |   02:52:42   |
19795       |       -2824.38   |       -2836.56   |        12.1887   |   77:58:13   |   02:52:31   |
19796       |       -2826.19   |       -2839.74   |        13.5402   |   77:59:57   |   02:52:20   |
19797       |       -2822.95   |       -2837.23   |         14.285   |   78:01:30   |   02:52:09   |
19798       |       -2822.95   |       -2837.23   |         14.285   |   78:03:09   |   02:51:58   |
19799       |          -2823   |       -2837.07   |        14.0646   |   78:04:49   |   02:51:47   |


Iter        |      Posterior   |     Likelihood   |          Prior   |    elapsed   |        ETA   |
----------------------------------------------------------------------------------------------------
19800       |       -2822.44   |       -2836.29   |        13.8569   |   78:06:26   |   02:51:35   |
19801       |       -2822.44   |       -2836.29   |        13.8569   |   78:13:12   |   02:51:36   |
19802       |       -2822.44   |       -2836.29   |        13.8569   |   78:14:58   |   02:51:25   |
19803       |       -2822.44   |       -2836.29   |        13.8569   |   78:16:42   |   02:51:14   |
19804       |       -2822.44   |       -2836.29   |        13.8569   |   78:18:26   |   02:51:03   |
19805       |       -2822.44   |       -2836.29   |        13.8569   |   78:20:09   |   02:50:52   |
19806       |       -2822.44   |       -2836.29   |        13.8569   |   78:21:53   |   02:50:41   |
19807       |       -2822.44   |       -2836.29   |        13.8569   |   78:23:31   |   02:50:30   |
19808       |       -2822.44   |       -2836.29   |        13.8569   |   78:25:10   |   02:50:18   |
19809       |       -2822.44   |       -2836.29   |        13.8569   |   78:26:59   |   02:50:08   |
19810       |       -2822.44   |       -2836.29   |        13.8569   |   78:28:42   |   02:49:57   |
19811       |       -2822.44   |       -2836.29   |        13.8569   |   78:35:33   |   02:49:57   |
19812       |       -2822.51   |       -2836.37   |        13.8569   |   78:37:09   |   02:49:45   |
19813       |       -2822.51   |       -2836.37   |        13.8569   |   78:38:51   |   02:49:34   |
19814       |        -2821.7   |       -2835.55   |        13.8558   |   78:40:33   |   02:49:23   |
19815       |       -2822.79   |       -2837.26   |        14.4754   |   78:42:11   |   02:49:12   |
19816       |       -2822.54   |       -2835.79   |        13.2474   |   78:43:47   |   02:49:00   |
19817       |       -2822.54   |       -2835.79   |        13.2474   |   78:45:27   |   02:48:49   |
19818       |       -2822.54   |       -2835.79   |        13.2474   |   78:47:15   |   02:48:38   |
19819       |       -2823.66   |       -2838.22   |        14.5582   |   78:48:56   |   02:48:27   |


Iter        |      Posterior   |     Likelihood   |          Prior   |    elapsed   |        ETA   |
----------------------------------------------------------------------------------------------------
19820       |       -2823.66   |       -2838.22   |        14.5582   |   78:50:32   |   02:48:15   |
19821       |       -2823.66   |       -2838.22   |        14.5582   |   78:57:28   |   02:48:15   |
19822       |       -2821.61   |       -2836.96   |         15.352   |   78:59:06   |   02:48:04   |
19823       |       -2821.61   |       -2836.96   |         15.352   |   79:00:43   |   02:47:53   |
19824       |       -2821.61   |       -2836.96   |         15.352   |   79:02:18   |   02:47:41   |
19825       |       -2821.61   |       -2836.96   |         15.352   |   79:03:55   |   02:47:30   |
19826       |       -2820.71   |       -2836.17   |         15.464   |   79:05:27   |   02:47:18   |
19827       |       -2820.71   |       -2836.17   |         15.464   |   79:06:59   |   02:47:06   |
19828       |       -2820.71   |       -2836.17   |         15.464   |   79:08:31   |   02:46:55   |
19829       |       -2820.71   |       -2836.17   |         15.464   |   79:09:59   |   02:46:43   |
19830       |       -2820.71   |       -2836.17   |         15.464   |   79:11:34   |   02:46:31   |
19831       |       -2823.71   |       -2839.18   |        15.4706   |   79:18:16   |   02:46:31   |
19832       |       -2824.03   |       -2839.68   |        15.6562   |   79:19:43   |   02:46:19   |
19833       |       -2824.03   |       -2839.68   |        15.6562   |   79:21:22   |   02:46:07   |
19834       |       -2824.03   |       -2839.68   |        15.6562   |   79:23:00   |   02:45:56   |
19835       |       -2824.03   |       -2839.68   |        15.6562   |   79:24:37   |   02:45:44   |
19836       |       -2824.03   |       -2839.68   |        15.6562   |   79:26:16   |   02:45:33   |
19837       |       -2824.03   |       -2839.68   |        15.6562   |   79:27:50   |   02:45:21   |
19838       |       -2822.15   |        -2837.8   |        15.6488   |   79:29:26   |   02:45:10   |
19839       |       -2822.15   |        -2837.8   |        15.6488   |   79:30:59   |   02:44:58   |


Iter        |      Posterior   |     Likelihood   |          Prior   |    elapsed   |        ETA   |
----------------------------------------------------------------------------------------------------
19840       |       -2822.15   |        -2837.8   |        15.6488   |   79:32:40   |   02:44:46   |
19841       |       -2825.63   |       -2840.04   |        14.4165   |   79:39:24   |   02:44:45   |
19842       |       -2825.63   |       -2840.04   |        14.4165   |   79:41:02   |   02:44:34   |
19843       |       -2825.63   |       -2840.04   |        14.4165   |   79:42:48   |   02:44:23   |
19844       |       -2825.63   |       -2840.04   |        14.4165   |   79:44:26   |   02:44:11   |
19845       |       -2825.63   |       -2840.04   |        14.4165   |   79:46:10   |   02:44:00   |
19846       |       -2825.63   |       -2840.04   |        14.4165   |   79:47:49   |   02:43:48   |
19847       |       -2825.63   |       -2840.04   |        14.4165   |   79:49:24   |   02:43:36   |
19848       |       -2825.63   |       -2840.04   |        14.4165   |   79:51:05   |   02:43:25   |
19849       |       -2825.63   |       -2840.04   |        14.4165   |   79:52:51   |   02:43:13   |
19850       |       -2825.63   |       -2840.04   |        14.4165   |   79:54:40   |   02:43:02   |
19851       |       -2825.63   |       -2840.04   |        14.4165   |   80:01:44   |   02:43:01   |
19852       |       -2825.63   |       -2840.04   |        14.4165   |   80:03:20   |   02:42:50   |
19853       |       -2825.63   |       -2840.04   |        14.4165   |   80:05:00   |   02:42:38   |
19854       |       -2825.63   |       -2840.04   |        14.4165   |   80:06:44   |   02:42:27   |
19855       |       -2825.63   |       -2840.04   |        14.4165   |   80:08:21   |   02:42:15   |
19856       |       -2825.63   |       -2840.04   |        14.4165   |   80:09:59   |   02:42:03   |
19857       |       -2825.63   |       -2840.04   |        14.4165   |   80:11:32   |   02:41:51   |
19858       |       -2825.63   |       -2840.04   |        14.4165   |   80:13:15   |   02:41:40   |
19859       |       -2825.63   |       -2840.04   |        14.4165   |   80:14:55   |   02:41:28   |


Iter        |      Posterior   |     Likelihood   |          Prior   |    elapsed   |        ETA   |
----------------------------------------------------------------------------------------------------
19860       |       -2825.63   |       -2840.04   |        14.4165   |   80:16:37   |   02:41:16   |
19861       |       -2825.63   |       -2840.04   |        14.4165   |   80:23:35   |   02:41:15   |
19862       |       -2825.63   |       -2840.04   |        14.4165   |   80:25:21   |   02:41:04   |
19863       |       -2825.63   |       -2840.04   |        14.4165   |   80:27:00   |   02:40:52   |
19864       |       -2825.77   |       -2840.18   |        14.4037   |   80:28:40   |   02:40:40   |
19865       |       -2825.91   |       -2840.37   |        14.4603   |   80:30:19   |   02:40:29   |
19866       |       -2825.91   |       -2840.37   |        14.4603   |   80:32:01   |   02:40:17   |
19867       |       -2825.91   |       -2840.37   |        14.4603   |   80:33:44   |   02:40:05   |
19868       |       -2825.91   |       -2840.37   |        14.4603   |   80:35:21   |   02:39:53   |
19869       |       -2825.91   |       -2840.37   |        14.4603   |   80:37:02   |   02:39:42   |
19870       |       -2825.91   |       -2840.37   |        14.4603   |   80:38:40   |   02:39:30   |
19871       |       -2825.83   |       -2840.29   |        14.4623   |   80:45:32   |   02:39:28   |
19872       |       -2829.09   |       -2843.33   |        14.2382   |   80:47:10   |   02:39:16   |
19873       |       -2829.09   |       -2843.33   |        14.2382   |   80:48:53   |   02:39:05   |
19874       |       -2828.97   |       -2843.21   |        14.2382   |   80:50:33   |   02:38:53   |
19875       |       -2828.97   |       -2843.21   |        14.2382   |   80:52:13   |   02:38:41   |
19876       |       -2828.97   |       -2843.21   |        14.2382   |   80:53:50   |   02:38:29   |
19877       |       -2828.97   |       -2843.21   |        14.2382   |   80:55:33   |   02:38:17   |
19878       |       -2828.97   |       -2843.21   |        14.2382   |   80:57:16   |   02:38:05   |
19879       |       -2828.97   |       -2843.21   |        14.2382   |   80:58:59   |   02:37:54   |


Iter        |      Posterior   |     Likelihood   |          Prior   |    elapsed   |        ETA   |
----------------------------------------------------------------------------------------------------
19880       |       -2828.97   |       -2843.21   |        14.2382   |   81:00:39   |   02:37:42   |
19881       |       -2828.97   |       -2843.21   |        14.2382   |   81:07:34   |   02:37:40   |
19882       |       -2828.97   |       -2843.21   |        14.2382   |   81:09:12   |   02:37:28   |
19883       |       -2828.97   |       -2843.21   |        14.2382   |   81:10:49   |   02:37:16   |
19884       |       -2828.97   |       -2843.21   |        14.2382   |   81:12:28   |   02:37:04   |
19885       |       -2828.97   |       -2843.21   |        14.2382   |   81:14:08   |   02:36:52   |
19886       |       -2828.97   |       -2843.21   |        14.2382   |   81:15:55   |   02:36:40   |
19887       |       -2828.97   |       -2843.21   |        14.2382   |   81:17:32   |   02:36:28   |
19888       |       -2828.97   |       -2843.21   |        14.2382   |   81:19:16   |   02:36:16   |
19889       |        -2827.3   |       -2841.72   |        14.4191   |   81:20:54   |   02:36:04   |
19890       |        -2826.4   |       -2841.71   |        15.3111   |   81:22:29   |   02:35:52   |
19891       |       -2825.88   |        -2841.5   |        15.6251   |   81:29:00   |   02:35:49   |
19892       |        -2825.8   |       -2841.46   |        15.6547   |   81:30:38   |   02:35:37   |
19893       |       -2825.71   |       -2842.05   |        16.3408   |   81:32:08   |   02:35:25   |
19894       |       -2825.29   |       -2841.71   |        16.4193   |   81:33:39   |   02:35:13   |
19895       |       -2826.18   |       -2842.54   |        16.3655   |   81:35:10   |   02:35:00   |
19896       |       -2826.18   |       -2842.54   |        16.3655   |   81:36:37   |   02:34:48   |
19897       |       -2826.18   |       -2842.54   |        16.3655   |   81:38:07   |   02:34:35   |
19898       |       -2827.81   |       -2843.27   |        15.4588   |   81:39:33   |   02:34:23   |
19899       |       -2831.38   |       -2846.84   |         15.459   |   81:41:09   |   02:34:11   |


Iter        |      Posterior   |     Likelihood   |          Prior   |    elapsed   |        ETA   |
----------------------------------------------------------------------------------------------------
19900       |       -2831.38   |       -2846.84   |         15.459   |   81:42:50   |   02:33:59   |
19901       |       -2831.38   |       -2846.84   |         15.459   |   81:49:28   |   02:33:56   |
19902       |        -2827.7   |       -2842.91   |        15.2118   |   81:50:55   |   02:33:43   |
19903       |       -2826.16   |       -2841.14   |        14.9779   |   81:52:18   |   02:33:31   |
19904       |       -2826.16   |       -2841.14   |        14.9779   |   81:53:43   |   02:33:18   |
19905       |       -2826.16   |       -2841.14   |        14.9779   |   81:55:08   |   02:33:05   |
19906       |       -2826.16   |       -2841.14   |        14.9779   |   81:56:41   |   02:32:53   |
19907       |       -2826.16   |       -2841.14   |        14.9779   |   81:58:09   |   02:32:40   |
19908       |       -2825.93   |       -2841.32   |        15.3891   |   81:59:39   |   02:32:28   |
19909       |       -2827.06   |       -2841.59   |        14.5277   |   82:01:10   |   02:32:15   |
19910       |       -2829.02   |        -2843.8   |         14.779   |   82:02:45   |   02:32:03   |
19911       |       -2829.05   |       -2848.13   |        19.0707   |   82:09:15   |   02:32:00   |
19912       |       -2829.78   |       -2849.12   |        19.3428   |   82:10:41   |   02:31:47   |
19913       |        -2828.6   |        -2846.9   |        18.2975   |   82:12:13   |   02:31:35   |
19914       |       -2828.71   |       -2846.75   |        18.0444   |   82:13:32   |   02:31:22   |
19915       |       -2829.15   |       -2847.21   |        18.0598   |   82:14:49   |   02:31:09   |
19916       |       -2830.17   |       -2848.04   |        17.8718   |   82:16:11   |   02:30:56   |
19917       |       -2828.09   |       -2844.47   |        16.3826   |   82:17:37   |   02:30:43   |
19918       |       -2830.52   |       -2846.03   |        15.5114   |   82:19:01   |   02:30:30   |
19919       |       -2828.12   |       -2842.57   |        14.4457   |   82:20:25   |   02:30:18   |


Iter        |      Posterior   |     Likelihood   |          Prior   |    elapsed   |        ETA   |
----------------------------------------------------------------------------------------------------
19920       |       -2830.83   |       -2844.89   |        14.0554   |   82:21:58   |   02:30:05   |
19921       |       -2828.47   |       -2843.61   |        15.1416   |   82:28:47   |   02:30:02   |
19922       |       -2830.35   |       -2843.58   |        13.2254   |   82:30:09   |   02:29:49   |
19923       |       -2834.53   |        -2842.4   |        7.87681   |   82:31:43   |   02:29:37   |
19924       |       -2831.59   |       -2839.52   |        7.92472   |   82:33:27   |   02:29:25   |
19925       |       -2831.59   |       -2839.52   |        7.92472   |   82:35:09   |   02:29:12   |
19926       |       -2830.87   |       -2839.48   |        8.60978   |   82:36:47   |   02:29:00   |
19927       |       -2830.79   |       -2839.08   |        8.29407   |   82:38:31   |   02:28:48   |
19928       |       -2829.93   |       -2838.31   |        8.38271   |   82:40:15   |   02:28:35   |
19929       |       -2830.68   |       -2838.26   |        7.57925   |   82:41:54   |   02:28:23   |
19930       |       -2828.55   |       -2839.79   |        11.2369   |   82:43:34   |   02:28:11   |
19931       |       -2830.62   |       -2841.87   |        11.2522   |   82:50:35   |   02:28:08   |
19932       |       -2829.11   |        -2837.1   |        7.99045   |   82:52:19   |   02:27:55   |
19933       |       -2830.25   |       -2837.97   |        7.71654   |   82:54:11   |   02:27:43   |
19934       |       -2826.78   |       -2836.72   |        9.94721   |   82:55:49   |   02:27:31   |
19935       |       -2829.62   |       -2840.53   |        10.9138   |   82:57:26   |   02:27:18   |
19936       |       -2831.17   |       -2839.22   |        8.05309   |   82:58:56   |   02:27:06   |
19937       |       -2828.34   |        -2838.6   |        10.2596   |   83:00:24   |   02:26:53   |
19938       |       -2830.07   |       -2841.76   |        11.6887   |   83:01:50   |   02:26:40   |
19939       |       -2829.96   |       -2841.83   |        11.8704   |   83:03:27   |   02:26:27   |


Iter        |      Posterior   |     Likelihood   |          Prior   |    elapsed   |        ETA   |
----------------------------------------------------------------------------------------------------
19940       |       -2829.99   |       -2841.76   |         11.771   |   83:05:00   |   02:26:15   |
19941       |       -2829.99   |       -2841.76   |         11.771   |   83:11:47   |   02:26:11   |
19942       |       -2829.99   |       -2841.76   |         11.771   |   83:13:22   |   02:25:58   |
19943       |       -2831.47   |       -2843.07   |        11.6062   |   83:14:53   |   02:25:45   |
19944       |       -2831.47   |       -2843.07   |        11.6062   |   83:16:38   |   02:25:33   |
19945       |       -2831.47   |       -2843.07   |        11.6062   |   83:18:16   |   02:25:20   |
19946       |       -2831.47   |       -2843.07   |        11.6062   |   83:19:54   |   02:25:08   |
19947       |       -2828.59   |       -2839.55   |        10.9574   |   83:21:32   |   02:24:55   |
19948       |       -2828.33   |       -2838.77   |        10.4381   |   83:23:15   |   02:24:43   |
19949       |       -2828.33   |       -2838.77   |        10.4381   |   83:25:04   |   02:24:30   |
19950       |       -2828.33   |       -2838.77   |        10.4381   |   83:26:51   |   02:24:18   |
19951       |       -2826.93   |       -2836.98   |        10.0453   |   83:33:49   |   02:24:14   |
19952       |       -2826.93   |       -2836.98   |        10.0453   |   83:35:25   |   02:24:02   |
19953       |       -2826.93   |       -2836.98   |        10.0453   |   83:37:11   |   02:23:49   |
19954       |       -2826.93   |       -2836.98   |        10.0453   |   83:38:55   |   02:23:37   |
19955       |       -2826.93   |       -2836.98   |        10.0453   |   83:40:36   |   02:23:24   |
19956       |       -2826.93   |       -2836.98   |        10.0453   |   83:42:17   |   02:23:11   |
19957       |       -2826.93   |       -2836.98   |        10.0453   |   83:43:59   |   02:22:59   |
19958       |       -2826.93   |       -2836.98   |        10.0453   |   83:45:41   |   02:22:46   |
19959       |       -2828.28   |       -2839.63   |        11.3522   |   83:47:17   |   02:22:33   |


Iter        |      Posterior   |     Likelihood   |          Prior   |    elapsed   |        ETA   |
----------------------------------------------------------------------------------------------------
19960       |       -2825.73   |        -2836.9   |        11.1746   |   83:48:49   |   02:22:20   |
19961       |       -2826.23   |       -2836.92   |        10.6874   |   83:55:23   |   02:22:16   |
19962       |       -2826.01   |       -2836.34   |        10.3287   |   83:56:44   |   02:22:03   |
19963       |       -2825.87   |       -2836.66   |        10.7881   |   83:58:14   |   02:21:50   |
19964       |       -2828.33   |       -2837.58   |        9.25021   |   83:59:27   |   02:21:36   |
19965       |       -2831.18   |        -2839.5   |        8.32631   |   84:00:53   |   02:21:23   |
19966       |        -2829.1   |       -2837.12   |        8.02749   |   84:02:17   |   02:21:10   |
19967       |       -2829.24   |       -2837.69   |        8.45615   |   84:03:46   |   02:20:57   |
19968       |       -2827.67   |       -2840.03   |        12.3577   |   84:05:06   |   02:20:43   |
19969       |       -2825.85   |       -2838.47   |        12.6189   |   84:06:43   |   02:20:30   |
19970       |       -2824.87   |       -2834.77   |        9.90106   |   84:08:17   |   02:20:18   |
19971       |       -2825.67   |       -2837.69   |        12.0209   |   84:15:13   |   02:20:13   |
19972       |        -2825.2   |       -2838.47   |        13.2642   |   84:16:41   |   02:20:00   |
19973       |       -2823.59   |       -2840.38   |        16.7856   |   84:18:04   |   02:19:47   |
19974       |       -2824.71   |       -2842.21   |        17.4982   |   84:19:25   |   02:19:34   |
19975       |       -2826.43   |       -2844.16   |        17.7222   |   84:20:49   |   02:19:20   |
19976       |        -2824.5   |       -2842.59   |        18.0972   |   84:22:20   |   02:19:07   |
19977       |       -2825.61   |       -2843.04   |        17.4337   |   84:23:44   |   02:18:54   |
19978       |       -2826.91   |       -2844.04   |         17.132   |   84:25:11   |   02:18:41   |
19979       |       -2827.19   |       -2844.02   |        16.8349   |   84:26:33   |   02:18:27   |


Iter        |      Posterior   |     Likelihood   |          Prior   |    elapsed   |        ETA   |
----------------------------------------------------------------------------------------------------
19980       |       -2825.24   |       -2837.39   |        12.1455   |   84:28:04   |   02:18:14   |
19981       |       -2824.43   |       -2835.79   |        11.3674   |   84:34:47   |   02:18:09   |
19982       |       -2821.64   |       -2834.02   |        12.3739   |   84:36:17   |   02:17:56   |
19983       |       -2821.37   |       -2834.37   |        13.0013   |   84:37:47   |   02:17:43   |
19984       |       -2821.55   |       -2835.49   |         13.945   |   84:38:58   |   02:17:29   |
19985       |        -2823.8   |       -2837.04   |        13.2397   |   84:40:25   |   02:17:16   |
19986       |        -2824.7   |       -2835.84   |        11.1397   |   84:42:05   |   02:17:03   |
19987       |       -2825.77   |       -2835.81   |        10.0403   |   84:43:39   |   02:16:50   |
19988       |       -2822.72   |       -2832.73   |        10.0053   |   84:45:07   |   02:16:37   |
19989       |       -2824.44   |       -2832.86   |        8.41744   |   84:46:34   |   02:16:23   |
19990       |       -2826.89   |       -2834.98   |        8.09183   |   84:48:10   |   02:16:10   |
19991       |       -2828.02   |       -2836.84   |        8.82033   |   84:55:06   |   02:16:06   |
19992       |       -2823.82   |       -2835.66   |         11.832   |   84:56:36   |   02:15:52   |
19993       |       -2823.54   |        -2835.3   |        11.7689   |   84:58:00   |   02:15:39   |
19994       |       -2821.67   |       -2836.22   |        14.5501   |   84:59:29   |   02:15:25   |
19995       |       -2821.01   |        -2836.4   |        15.3856   |   85:00:56   |   02:15:12   |
19996       |       -2822.92   |       -2837.95   |        15.0254   |   85:02:26   |   02:14:59   |
19997       |       -2824.38   |       -2840.25   |        15.8763   |   85:03:53   |   02:14:45   |
19998       |       -2824.46   |       -2840.16   |        15.6935   |   85:05:18   |   02:14:32   |
19999       |       -2822.62   |       -2838.83   |        16.2111   |   85:06:47   |   02:14:18   |


Iter        |      Posterior   |     Likelihood   |          Prior   |    elapsed   |        ETA   |
----------------------------------------------------------------------------------------------------
20000       |       -2822.36   |        -2838.5   |        16.1406   |   85:08:10   |   02:14:05   |
20001       |       -2820.07   |       -2836.43   |        16.3576   |   85:14:41   |   02:13:59   |
20002       |       -2820.07   |       -2836.43   |        16.3576   |   85:16:16   |   02:13:46   |
20003       |       -2820.21   |       -2836.58   |        16.3747   |   85:17:45   |   02:13:33   |
20004       |       -2822.15   |       -2837.95   |        15.8065   |   85:19:14   |   02:13:19   |
20005       |       -2820.41   |       -2834.35   |        13.9469   |   85:20:35   |   02:13:06   |
20006       |       -2822.52   |       -2834.97   |        12.4492   |   85:21:58   |   02:12:52   |
20007       |       -2822.06   |       -2835.34   |        13.2813   |   85:23:31   |   02:12:39   |
20008       |       -2820.56   |       -2836.94   |        16.3796   |   85:24:58   |   02:12:25   |
20009       |       -2821.63   |       -2837.29   |        15.6607   |   85:26:21   |   02:12:12   |
20010       |       -2823.46   |       -2836.39   |        12.9305   |   85:27:54   |   02:11:58   |
20011       |       -2823.14   |       -2835.79   |        12.6474   |   85:34:51   |   02:11:53   |
20012       |        -2826.8   |       -2840.28   |        13.4796   |   85:36:26   |   02:11:40   |
20013       |       -2827.49   |       -2841.88   |        14.3985   |   85:38:03   |   02:11:26   |
20014       |       -2832.83   |       -2847.43   |        14.6032   |   85:39:41   |   02:11:13   |
20015       |       -2827.21   |       -2840.68   |        13.4727   |   85:41:19   |   02:11:00   |
20016       |       -2828.73   |       -2841.97   |        13.2482   |   85:42:55   |   02:10:46   |
20017       |       -2823.51   |       -2836.46   |        12.9471   |   85:44:29   |   02:10:33   |
20018       |       -2827.52   |       -2841.04   |        13.5159   |   85:46:02   |   02:10:20   |
20019       |       -2828.96   |       -2836.35   |        7.38215   |   85:47:32   |   02:10:06   |


Iter        |      Posterior   |     Likelihood   |          Prior   |    elapsed   |        ETA   |
----------------------------------------------------------------------------------------------------
20020       |        -2825.6   |       -2836.41   |        10.8118   |   85:49:15   |   02:09:53   |
20021       |       -2823.91   |        -2834.9   |        10.9907   |   85:56:11   |   02:09:47   |
20022       |       -2826.09   |       -2837.05   |        10.9622   |   85:57:44   |   02:09:34   |
20023       |       -2826.74   |       -2838.31   |        11.5698   |   85:59:19   |   02:09:21   |
20024       |       -2825.56   |       -2837.35   |        11.7865   |   86:01:02   |   02:09:07   |
20025       |       -2824.15   |       -2836.62   |        12.4699   |   86:02:40   |   02:08:54   |
20026       |        -2828.5   |       -2841.28   |        12.7731   |   86:04:11   |   02:08:40   |
20027       |       -2828.83   |       -2839.64   |        10.8164   |   86:05:40   |   02:08:27   |
20028       |       -2829.28   |       -2839.94   |        10.6637   |   86:07:17   |   02:08:13   |
20029       |       -2828.34   |       -2839.84   |        11.5086   |   86:08:43   |   02:07:59   |
20030       |       -2825.55   |       -2836.95   |        11.4033   |   86:10:21   |   02:07:46   |
20031       |       -2825.49   |        -2836.4   |         10.914   |   86:17:01   |   02:07:40   |
20032       |       -2824.54   |       -2835.69   |        11.1533   |   86:18:25   |   02:07:26   |
20033       |       -2825.81   |       -2838.73   |        12.9125   |   86:19:57   |   02:07:13   |
20034       |       -2823.74   |       -2837.57   |        13.8375   |   86:21:28   |   02:06:59   |
20035       |       -2825.64   |       -2838.98   |        13.3431   |   86:23:06   |   02:06:45   |
20036       |       -2825.64   |       -2838.98   |        13.3431   |   86:24:48   |   02:06:32   |
20037       |       -2825.64   |       -2838.98   |        13.3431   |   86:26:33   |   02:06:19   |
20038       |       -2823.26   |       -2836.69   |        13.4305   |   86:28:12   |   02:06:05   |
20039       |       -2822.74   |       -2835.88   |        13.1351   |   86:29:40   |   02:05:51   |


Iter        |      Posterior   |     Likelihood   |          Prior   |    elapsed   |        ETA   |
----------------------------------------------------------------------------------------------------
20040       |       -2823.62   |       -2837.22   |        13.6003   |   86:31:05   |   02:05:37   |
20041       |       -2824.02   |       -2837.96   |        13.9377   |   86:37:35   |   02:05:31   |
20042       |        -2822.9   |       -2837.28   |         14.378   |   86:39:06   |   02:05:17   |
20043       |       -2821.72   |       -2833.38   |        11.6591   |   86:40:36   |   02:05:03   |
20044       |       -2821.72   |       -2833.38   |        11.6591   |   86:42:24   |   02:04:50   |
20045       |       -2821.87   |       -2832.77   |        10.8973   |   86:44:04   |   02:04:37   |
20046       |       -2823.32   |       -2833.66   |        10.3431   |   86:45:41   |   02:04:23   |
20047       |       -2823.32   |       -2833.66   |        10.3431   |   86:47:22   |   02:04:09   |
20048       |       -2823.85   |        -2834.4   |        10.5505   |   86:49:08   |   02:03:56   |
20049       |       -2824.12   |       -2836.28   |        12.1691   |   86:50:45   |   02:03:42   |
20050       |       -2824.36   |       -2837.35   |        12.9877   |   86:52:25   |   02:03:29   |
20051       |       -2824.36   |       -2837.35   |        12.9877   |   86:59:12   |   02:03:22   |
20052       |        -2824.2   |       -2836.05   |        11.8442   |   87:00:50   |   02:03:09   |
20053       |       -2824.85   |       -2835.87   |        11.0168   |   87:02:29   |   02:02:55   |
20054       |       -2825.14   |       -2836.32   |        11.1864   |   87:04:13   |   02:02:41   |
20055       |       -2827.41   |        -2838.7   |        11.2927   |   87:05:46   |   02:02:28   |
20056       |       -2830.24   |       -2836.72   |        6.47652   |   87:07:19   |   02:02:14   |
20057       |       -2832.57   |       -2841.53   |        8.95817   |   87:08:57   |   02:02:00   |
20058       |       -2833.06   |       -2843.38   |        10.3164   |   87:10:30   |   02:01:46   |
20059       |       -2833.01   |       -2842.41   |        9.39838   |   87:12:06   |   02:01:32   |


Iter        |      Posterior   |     Likelihood   |          Prior   |    elapsed   |        ETA   |
----------------------------------------------------------------------------------------------------
20060       |        -2833.4   |       -2842.78   |         9.3834   |   87:13:44   |   02:01:19   |
20061       |       -2828.78   |       -2838.84   |        10.0524   |   87:20:28   |   02:01:12   |
20062       |       -2830.26   |       -2840.52   |        10.2537   |   87:22:11   |   02:00:58   |
20063       |       -2829.55   |       -2839.68   |        10.1335   |   87:23:56   |   02:00:45   |
20064       |       -2831.28   |       -2842.81   |        11.5284   |   87:25:36   |   02:00:31   |
20065       |       -2832.62   |       -2840.42   |        7.80293   |   87:27:18   |   02:00:17   |
20066       |       -2834.74   |       -2842.21   |        7.47201   |   87:28:57   |   02:00:04   |
20067       |       -2830.88   |       -2838.56   |        7.67639   |   87:30:44   |   01:59:50   |
20068       |       -2830.88   |       -2838.56   |        7.67639   |   87:32:34   |   01:59:36   |
20069       |       -2830.88   |       -2838.56   |        7.67639   |   87:34:19   |   01:59:23   |
20070       |       -2830.77   |       -2838.28   |        7.51269   |   87:36:06   |   01:59:09   |
20071       |       -2831.16   |       -2838.41   |        7.25003   |   87:42:59   |   01:59:02   |
20072       |       -2828.97   |       -2837.13   |        8.16331   |   87:44:38   |   01:58:48   |
20073       |          -2829   |       -2837.11   |        8.11245   |   87:46:25   |   01:58:35   |
20074       |       -2825.34   |       -2836.74   |        11.4051   |   87:48:02   |   01:58:21   |
20075       |       -2827.95   |        -2838.4   |        10.4558   |   87:49:32   |   01:58:07   |
20076       |       -2826.42   |       -2835.91   |         9.4932   |   87:51:07   |   01:57:53   |
20077       |       -2824.97   |        -2837.5   |         12.524   |   87:52:45   |   01:57:39   |
20078       |       -2822.73   |       -2833.87   |        11.1441   |   87:54:26   |   01:57:25   |
20079       |       -2822.28   |       -2833.63   |        11.3493   |   87:56:00   |   01:57:11   |


Iter        |      Posterior   |     Likelihood   |          Prior   |    elapsed   |        ETA   |
----------------------------------------------------------------------------------------------------
20080       |       -2823.53   |       -2834.67   |        11.1362   |   87:57:29   |   01:56:57   |
20081       |       -2821.39   |       -2831.33   |        9.93858   |   88:04:16   |   01:56:50   |
20082       |       -2825.74   |       -2836.65   |        10.9069   |   88:05:56   |   01:56:36   |
20083       |       -2823.71   |       -2835.06   |        11.3447   |   88:07:36   |   01:56:22   |
20084       |       -2825.07   |       -2835.91   |        10.8444   |   88:09:31   |   01:56:08   |
20085       |       -2825.28   |       -2835.62   |        10.3439   |   88:11:13   |   01:55:54   |
20086       |        -2823.8   |       -2835.86   |        12.0598   |   88:13:01   |   01:55:41   |
20087       |       -2822.32   |       -2835.15   |        12.8236   |   88:14:44   |   01:55:27   |
20088       |       -2821.06   |       -2834.59   |        13.5234   |   88:16:24   |   01:55:13   |
20089       |       -2821.17   |       -2834.77   |        13.6036   |   88:18:06   |   01:54:59   |
20090       |       -2821.45   |       -2835.06   |        13.6083   |   88:19:46   |   01:54:45   |
20091       |       -2821.63   |       -2832.67   |        11.0442   |   88:26:31   |   01:54:37   |
20092       |       -2823.84   |       -2836.17   |        12.3306   |   88:28:06   |   01:54:23   |
20093       |       -2822.97   |       -2836.03   |        13.0635   |   88:29:41   |   01:54:09   |
20094       |       -2820.52   |       -2833.06   |        12.5421   |   88:31:09   |   01:53:55   |
20095       |       -2823.26   |       -2836.77   |        13.5125   |   88:32:41   |   01:53:40   |
20096       |       -2822.12   |       -2837.22   |        15.0959   |   88:34:10   |   01:53:26   |
20097       |       -2822.12   |       -2837.22   |        15.0959   |   88:35:46   |   01:53:12   |
20098       |       -2821.45   |       -2836.45   |        15.0046   |   88:37:15   |   01:52:58   |
20099       |       -2820.93   |       -2835.92   |        14.9856   |   88:38:51   |   01:52:44   |


Iter        |      Posterior   |     Likelihood   |          Prior   |    elapsed   |        ETA   |
----------------------------------------------------------------------------------------------------
20100       |       -2823.45   |       -2838.03   |        14.5824   |   88:40:11   |   01:52:29   |
20101       |          -2825   |       -2840.25   |         15.253   |   88:46:56   |   01:52:21   |
20102       |       -2827.47   |       -2843.06   |        15.5895   |   88:48:09   |   01:52:07   |
20103       |        -2829.8   |       -2844.34   |        14.5422   |   88:49:23   |   01:51:52   |
20104       |       -2824.85   |        -2837.7   |        12.8523   |   88:50:55   |   01:51:38   |
20105       |       -2824.12   |       -2835.76   |        11.6421   |   88:52:30   |   01:51:23   |
20106       |       -2825.79   |       -2838.36   |        12.5744   |   88:54:01   |   01:51:09   |
20107       |       -2824.29   |       -2837.29   |        13.0001   |   88:55:38   |   01:50:55   |
20108       |       -2827.07   |        -2839.9   |        12.8336   |   88:57:11   |   01:50:40   |
20109       |       -2827.43   |       -2841.16   |        13.7297   |   88:58:47   |   01:50:26   |
20110       |       -2827.51   |       -2840.27   |        12.7609   |   89:00:17   |   01:50:12   |
20111       |       -2830.74   |       -2843.07   |        12.3372   |   89:06:59   |   01:50:04   |
20112       |       -2833.53   |       -2842.57   |        9.03774   |   89:08:36   |   01:49:50   |
20113       |       -2832.16   |        -2841.4   |        9.23587   |   89:10:05   |   01:49:35   |
20114       |       -2827.15   |       -2838.13   |        10.9861   |   89:11:34   |   01:49:21   |
20115       |       -2829.61   |       -2839.96   |        10.3518   |   89:13:07   |   01:49:06   |
20116       |       -2829.37   |       -2839.56   |        10.1913   |   89:14:45   |   01:48:52   |
20117       |       -2830.45   |       -2839.41   |         8.9577   |   89:16:21   |   01:48:38   |
20118       |       -2830.88   |       -2837.51   |        6.62958   |   89:17:53   |   01:48:23   |
20119       |       -2829.94   |          -2839   |        9.05308   |   89:19:29   |   01:48:09   |


Iter        |      Posterior   |     Likelihood   |          Prior   |    elapsed   |        ETA   |
----------------------------------------------------------------------------------------------------
20120       |       -2827.44   |       -2836.78   |        9.33914   |   89:20:59   |   01:47:54   |
20121       |       -2824.19   |       -2836.38   |        12.1864   |   89:27:37   |   01:47:46   |
20122       |       -2822.83   |       -2832.75   |        9.92668   |   89:29:11   |   01:47:31   |
20123       |       -2823.91   |       -2834.04   |        10.1366   |   89:30:51   |   01:47:17   |
20124       |       -2825.28   |       -2836.87   |        11.5876   |   89:32:29   |   01:47:03   |
20125       |       -2826.65   |          -2837   |        10.3509   |   89:34:12   |   01:46:48   |
20126       |       -2826.65   |          -2837   |        10.3509   |   89:36:00   |   01:46:34   |
20127       |       -2826.65   |          -2837   |        10.3509   |   89:37:47   |   01:46:20   |
20128       |       -2824.31   |       -2833.43   |        9.12048   |   89:39:23   |   01:46:06   |
20129       |       -2824.71   |       -2836.74   |        12.0363   |   89:41:03   |   01:45:51   |
20130       |       -2825.13   |       -2836.81   |        11.6836   |   89:42:38   |   01:45:37   |
20131       |       -2825.43   |       -2837.64   |        12.2157   |   89:49:08   |   01:45:28   |
20132       |       -2823.82   |       -2836.86   |        13.0378   |   89:50:26   |   01:45:13   |
20133       |       -2824.75   |       -2842.38   |        17.6296   |   89:51:39   |   01:44:58   |
20134       |        -2823.5   |       -2840.18   |        16.6759   |   89:53:02   |   01:44:43   |
20135       |       -2822.22   |       -2839.39   |        17.1668   |   89:54:18   |   01:44:29   |
20136       |       -2821.84   |        -2837.3   |         15.464   |   89:55:38   |   01:44:14   |
20137       |       -2821.23   |       -2836.57   |        15.3412   |   89:57:04   |   01:43:59   |
20138       |       -2820.59   |       -2834.57   |        13.9853   |   89:58:35   |   01:43:44   |
20139       |       -2823.07   |       -2837.39   |        14.3188   |   90:00:09   |   01:43:30   |


Iter        |      Posterior   |     Likelihood   |          Prior   |    elapsed   |        ETA   |
----------------------------------------------------------------------------------------------------
20140       |       -2823.07   |       -2837.39   |        14.3188   |   90:01:44   |   01:43:15   |
20141       |       -2823.07   |       -2837.39   |        14.3188   |   90:08:33   |   01:43:07   |
20142       |       -2824.22   |       -2840.21   |         15.986   |   90:10:07   |   01:42:52   |
20143       |       -2824.02   |       -2839.99   |        15.9666   |   90:11:33   |   01:42:37   |
20144       |       -2822.49   |       -2839.78   |        17.2923   |   90:13:08   |   01:42:22   |
20145       |       -2822.44   |       -2840.09   |        17.6507   |   90:14:39   |   01:42:08   |
20146       |       -2823.44   |       -2840.76   |        17.3198   |   90:16:05   |   01:41:53   |
20147       |       -2826.09   |       -2842.96   |        16.8627   |   90:17:34   |   01:41:38   |
20148       |        -2824.8   |       -2839.18   |          14.38   |   90:19:06   |   01:41:23   |
20149       |       -2823.37   |       -2839.36   |        15.9923   |   90:20:41   |   01:41:09   |
20150       |       -2823.89   |       -2839.72   |        15.8214   |   90:22:07   |   01:40:54   |
20151       |       -2822.56   |       -2838.76   |        16.1991   |   90:28:48   |   01:40:45   |
20152       |       -2822.56   |       -2838.76   |        16.1991   |   90:30:32   |   01:40:30   |
20153       |       -2824.49   |       -2843.05   |         18.551   |   90:32:06   |   01:40:16   |
20154       |       -2825.26   |        -2843.8   |        18.5404   |   90:33:36   |   01:40:01   |
20155       |       -2824.33   |       -2842.67   |        18.3423   |   90:35:15   |   01:39:46   |
20156       |       -2826.12   |       -2844.54   |        18.4154   |   90:36:38   |   01:39:31   |
20157       |       -2827.62   |       -2844.46   |        16.8475   |   90:38:07   |   01:39:16   |
20158       |       -2827.33   |       -2841.18   |        13.8535   |   90:39:40   |   01:39:02   |
20159       |       -2827.52   |       -2841.88   |        14.3534   |   90:41:22   |   01:38:47   |


Iter        |      Posterior   |     Likelihood   |          Prior   |    elapsed   |        ETA   |
----------------------------------------------------------------------------------------------------
20160       |       -2829.09   |       -2843.97   |        14.8779   |   90:42:54   |   01:38:32   |
20161       |       -2827.68   |       -2842.95   |        15.2749   |   90:49:43   |   01:38:23   |
20162       |       -2826.92   |        -2839.1   |         12.172   |   90:51:21   |   01:38:08   |
20163       |       -2827.57   |       -2839.66   |        12.0882   |   90:52:50   |   01:37:53   |
20164       |       -2830.39   |        -2841.2   |        10.8022   |   90:54:24   |   01:37:39   |
20165       |       -2830.35   |       -2840.84   |        10.4978   |   90:56:02   |   01:37:24   |
20166       |       -2832.42   |       -2839.32   |         6.9002   |   90:57:44   |   01:37:09   |
20167       |       -2830.05   |       -2840.12   |        10.0759   |   90:59:10   |   01:36:54   |
20168       |       -2830.19   |       -2840.14   |        9.94853   |   91:00:55   |   01:36:39   |
20169       |       -2833.76   |       -2842.43   |        8.67209   |   91:02:40   |   01:36:25   |
20170       |       -2837.71   |       -2843.47   |        5.76764   |   91:04:22   |   01:36:10   |
20171       |       -2835.86   |       -2842.08   |        6.21984   |   91:11:16   |   01:36:01   |
20172       |       -2832.85   |       -2841.69   |        8.84592   |   91:12:54   |   01:35:46   |
20173       |       -2830.02   |       -2838.71   |        8.68948   |   91:14:29   |   01:35:31   |
20174       |       -2829.81   |       -2838.68   |        8.87182   |   91:16:14   |   01:35:16   |
20175       |       -2831.62   |        -2841.2   |        9.57977   |   91:17:55   |   01:35:01   |
20176       |       -2829.72   |       -2836.52   |        6.79877   |   91:19:32   |   01:34:47   |
20177       |       -2832.55   |       -2840.25   |        7.69604   |   91:21:01   |   01:34:31   |
20178       |       -2831.82   |       -2839.29   |        7.46659   |   91:22:44   |   01:34:17   |
20179       |       -2828.37   |       -2838.88   |        10.5105   |   91:24:20   |   01:34:02   |


Iter        |      Posterior   |     Likelihood   |          Prior   |    elapsed   |        ETA   |
----------------------------------------------------------------------------------------------------
20180       |       -2827.16   |       -2839.64   |        12.4799   |   91:26:02   |   01:33:47   |
20181       |       -2829.72   |       -2839.47   |        9.75019   |   91:32:46   |   01:33:37   |
20182       |       -2829.27   |       -2839.36   |         10.093   |   91:34:22   |   01:33:22   |
20183       |       -2827.22   |       -2837.03   |        9.81394   |   91:35:58   |   01:33:07   |
20184       |       -2824.59   |       -2835.29   |        10.6975   |   91:37:36   |   01:32:52   |
20185       |          -2825   |       -2834.49   |        9.48569   |   91:39:09   |   01:32:37   |
20186       |       -2825.24   |       -2836.11   |        10.8665   |   91:40:51   |   01:32:22   |
20187       |       -2823.88   |       -2834.66   |        10.7793   |   91:42:35   |   01:32:07   |
20188       |       -2826.44   |       -2837.08   |        10.6379   |   91:44:13   |   01:31:52   |
20189       |        -2824.7   |       -2835.34   |        10.6381   |   91:45:50   |   01:31:37   |
20190       |       -2825.84   |       -2835.97   |        10.1259   |   91:47:34   |   01:31:23   |
20191       |       -2824.36   |       -2837.62   |        13.2549   |   91:54:14   |   01:31:12   |
20192       |       -2826.97   |       -2837.53   |        10.5531   |   91:55:50   |   01:30:57   |
20193       |       -2827.43   |       -2836.81   |        9.37782   |   91:57:22   |   01:30:42   |
20194       |       -2828.58   |       -2837.88   |        9.30297   |   91:58:54   |   01:30:27   |
20195       |       -2827.95   |       -2836.56   |         8.6104   |   92:00:29   |   01:30:12   |
20196       |        -2829.8   |       -2839.44   |        9.64326   |   92:02:01   |   01:29:57   |
20197       |       -2825.43   |       -2837.38   |        11.9491   |   92:03:38   |   01:29:42   |
20198       |       -2823.35   |       -2834.45   |        11.0957   |   92:05:12   |   01:29:27   |
20199       |       -2822.23   |       -2836.15   |        13.9117   |   92:06:55   |   01:29:12   |


Iter        |      Posterior   |     Likelihood   |          Prior   |    elapsed   |        ETA   |
----------------------------------------------------------------------------------------------------
20200       |       -2823.26   |       -2839.09   |        15.8271   |   92:08:31   |   01:28:56   |
20201       |       -2823.69   |       -2838.77   |        15.0864   |   92:14:56   |   01:28:46   |
20202       |       -2823.21   |       -2838.21   |        14.9974   |   92:16:20   |   01:28:31   |
20203       |       -2823.88   |        -2840.9   |        17.0181   |   92:17:44   |   01:28:15   |
20204       |       -2822.57   |          -2839   |        16.4307   |   92:19:11   |   01:28:00   |
20205       |       -2823.02   |       -2838.26   |        15.2403   |   92:20:42   |   01:27:45   |
20206       |       -2822.33   |       -2835.22   |        12.8861   |   92:22:16   |   01:27:29   |
20207       |       -2824.87   |       -2839.73   |        14.8608   |   92:23:58   |   01:27:14   |
20208       |       -2826.07   |       -2841.45   |        15.3798   |   92:25:41   |   01:26:59   |
20209       |       -2829.08   |       -2844.88   |         15.794   |   92:27:20   |   01:26:44   |
20210       |       -2827.96   |       -2843.31   |        15.3446   |   92:28:51   |   01:26:29   |
20211       |       -2829.37   |       -2845.72   |        16.3524   |   92:35:26   |   01:26:18   |
20212       |       -2827.13   |       -2843.36   |        16.2257   |   92:37:02   |   01:26:03   |
20213       |       -2827.59   |        -2842.8   |        15.2101   |   92:38:36   |   01:25:48   |
20214       |       -2832.88   |       -2844.47   |        11.5913   |   92:40:14   |   01:25:32   |
20215       |       -2828.72   |       -2840.94   |        12.2245   |   92:41:48   |   01:25:17   |
20216       |          -2826   |       -2840.68   |        14.6833   |   92:43:15   |   01:25:02   |
20217       |       -2826.04   |        -2840.8   |        14.7644   |   92:44:47   |   01:24:46   |
20218       |       -2828.31   |       -2843.53   |        15.2154   |   92:46:22   |   01:24:31   |
20219       |          -2824   |       -2840.65   |        16.6526   |   92:47:50   |   01:24:15   |


Iter        |      Posterior   |     Likelihood   |          Prior   |    elapsed   |        ETA   |
----------------------------------------------------------------------------------------------------
20220       |       -2825.29   |       -2842.18   |        16.8928   |   92:49:10   |   01:24:00   |
20221       |       -2825.56   |       -2842.01   |        16.4577   |   92:55:30   |   01:23:49   |
20222       |       -2825.26   |        -2842.3   |        17.0379   |   92:56:50   |   01:23:33   |
20223       |       -2828.31   |       -2844.37   |        16.0667   |   92:58:12   |   01:23:18   |
20224       |       -2827.87   |       -2844.64   |        16.7745   |   92:59:45   |   01:23:02   |
20225       |       -2824.83   |       -2840.93   |        16.1065   |   93:01:19   |   01:22:47   |
20226       |       -2824.27   |        -2840.4   |        16.1357   |   93:02:54   |   01:22:31   |
20227       |       -2825.91   |       -2840.52   |        14.6145   |   93:04:32   |   01:22:16   |
20228       |       -2825.42   |       -2842.03   |        16.6048   |   93:05:58   |   01:22:00   |
20229       |       -2824.07   |       -2838.48   |        14.4071   |   93:07:23   |   01:21:45   |
20230       |       -2822.79   |       -2838.77   |        15.9808   |   93:08:41   |   01:21:29   |
20231       |       -2823.56   |       -2838.16   |        14.6016   |   93:15:22   |   01:21:18   |
20232       |       -2823.32   |       -2837.56   |        14.2378   |   93:16:50   |   01:21:03   |
20233       |       -2825.66   |       -2842.08   |         16.426   |   93:18:20   |   01:20:47   |
20234       |       -2825.34   |       -2844.15   |        18.8099   |   93:19:50   |   01:20:32   |
20235       |       -2823.38   |       -2842.15   |        18.7701   |   93:21:20   |   01:20:16   |
20236       |       -2822.89   |       -2842.29   |        19.4054   |   93:22:48   |   01:20:00   |
20237       |       -2824.29   |       -2843.31   |        19.0132   |   93:24:18   |   01:19:45   |
20238       |       -2825.67   |       -2843.76   |        18.0832   |   93:25:51   |   01:19:29   |
20239       |       -2824.38   |       -2840.73   |        16.3458   |   93:27:23   |   01:19:14   |


Iter        |      Posterior   |     Likelihood   |          Prior   |    elapsed   |        ETA   |
----------------------------------------------------------------------------------------------------
20240       |       -2825.25   |       -2841.49   |        16.2404   |   93:29:01   |   01:18:58   |
20241       |       -2826.01   |       -2842.39   |         16.383   |   93:35:58   |   01:18:47   |
20242       |       -2824.65   |       -2841.08   |        16.4259   |   93:37:31   |   01:18:32   |
20243       |       -2825.63   |       -2838.94   |        13.3022   |   93:39:05   |   01:18:16   |
20244       |       -2826.97   |        -2839.7   |        12.7346   |   93:40:41   |   01:18:01   |
20245       |        -2827.5   |       -2840.23   |        12.7337   |   93:42:19   |   01:17:45   |
20246       |        -2825.3   |        -2839.9   |         14.595   |   93:43:52   |   01:17:29   |
20247       |       -2825.53   |       -2841.46   |        15.9326   |   93:45:22   |   01:17:14   |
20248       |       -2825.89   |       -2841.08   |        15.1874   |   93:46:55   |   01:16:58   |
20249       |       -2824.23   |       -2840.74   |        16.5075   |   93:48:23   |   01:16:42   |
20250       |        -2823.2   |       -2840.16   |          16.96   |   93:49:58   |   01:16:27   |
20251       |       -2825.68   |       -2844.09   |        18.4049   |   93:56:37   |   01:16:15   |
20252       |       -2824.99   |       -2842.63   |        17.6399   |   93:58:01   |   01:16:00   |
20253       |       -2825.06   |       -2842.14   |        17.0855   |   93:59:29   |   01:15:44   |
20254       |       -2825.47   |       -2841.77   |        16.2954   |   94:00:52   |   01:15:28   |
20255       |       -2825.47   |       -2841.77   |        16.2954   |   94:02:28   |   01:15:12   |
20256       |       -2826.97   |       -2842.85   |        15.8806   |   94:04:08   |   01:14:57   |
20257       |       -2827.57   |       -2842.53   |        14.9661   |   94:05:45   |   01:14:41   |
20258       |       -2824.78   |        -2840.2   |        15.4183   |   94:07:17   |   01:14:25   |
20259       |       -2825.52   |        -2840.3   |        14.7784   |   94:08:48   |   01:14:10   |


Iter        |      Posterior   |     Likelihood   |          Prior   |    elapsed   |        ETA   |
----------------------------------------------------------------------------------------------------
20260       |       -2826.62   |       -2841.49   |        14.8755   |   94:10:16   |   01:13:54   |
20261       |       -2826.18   |       -2841.28   |        15.1007   |   94:17:02   |   01:13:42   |
20262       |       -2824.81   |       -2842.16   |        17.3504   |   94:18:34   |   01:13:26   |
20263       |       -2826.94   |       -2845.23   |        18.2828   |   94:19:59   |   01:13:11   |
20264       |       -2825.61   |       -2842.69   |         17.077   |   94:21:21   |   01:12:55   |
20265       |       -2823.52   |       -2840.43   |        16.9056   |   94:22:39   |   01:12:39   |
20266       |          -2822   |       -2837.58   |        15.5774   |   94:23:58   |   01:12:23   |
20267       |       -2821.61   |       -2836.55   |        14.9394   |   94:25:21   |   01:12:07   |
20268       |       -2823.94   |       -2837.77   |        13.8367   |   94:26:49   |   01:11:51   |
20269       |       -2823.45   |       -2838.72   |        15.2753   |   94:28:19   |   01:11:35   |
20270       |       -2823.05   |       -2837.31   |        14.2618   |   94:29:50   |   01:11:19   |
20271       |       -2824.24   |       -2838.79   |        14.5548   |   94:36:26   |   01:11:07   |
20272       |       -2823.69   |        -2838.4   |        14.7122   |   94:37:55   |   01:10:51   |
20273       |       -2828.84   |       -2843.05   |        14.2109   |   94:39:31   |   01:10:35   |
20274       |       -2827.67   |       -2843.84   |        16.1709   |   94:41:06   |   01:10:20   |
20275       |       -2827.67   |       -2843.84   |        16.1709   |   94:42:40   |   01:10:04   |
20276       |       -2827.58   |       -2844.56   |         16.982   |   94:44:14   |   01:09:48   |
20277       |       -2827.83   |       -2842.43   |        14.5934   |   94:45:38   |   01:09:32   |
20278       |       -2828.72   |       -2842.61   |        13.8877   |   94:47:10   |   01:09:16   |
20279       |       -2828.57   |       -2842.74   |        14.1727   |   94:48:39   |   01:09:00   |


Iter        |      Posterior   |     Likelihood   |          Prior   |    elapsed   |        ETA   |
----------------------------------------------------------------------------------------------------
20280       |       -2827.98   |       -2839.28   |        11.2933   |   94:50:12   |   01:08:44   |
20281       |       -2827.18   |       -2840.95   |        13.7721   |   94:57:09   |   01:08:32   |
20282       |       -2830.04   |       -2843.78   |        13.7416   |   94:58:52   |   01:08:16   |
20283       |       -2829.47   |       -2843.02   |        13.5425   |   95:00:30   |   01:08:00   |
20284       |       -2829.79   |       -2843.34   |        13.5461   |   95:02:12   |   01:07:44   |
20285       |       -2832.86   |       -2844.94   |        12.0746   |   95:03:45   |   01:07:29   |
20286       |       -2833.84   |       -2845.84   |        12.0016   |   95:05:16   |   01:07:13   |
20287       |       -2839.79   |       -2850.83   |        11.0345   |   95:06:59   |   01:06:57   |
20288       |       -2830.28   |       -2843.78   |         13.502   |   95:08:37   |   01:06:41   |
20289       |       -2826.95   |       -2842.05   |        15.0988   |   95:10:09   |   01:06:25   |
20290       |       -2827.92   |       -2842.26   |        14.3384   |   95:11:46   |   01:06:09   |
20291       |       -2832.74   |       -2844.94   |        12.1943   |   95:18:10   |   01:05:56   |
20292       |       -2833.36   |       -2845.51   |        12.1553   |   95:19:53   |   01:05:40   |
20293       |       -2832.84   |       -2844.99   |         12.151   |   95:21:29   |   01:05:24   |
20294       |        -2831.8   |       -2844.81   |        13.0144   |   95:23:04   |   01:05:08   |
20295       |        -2831.8   |       -2844.81   |        13.0144   |   95:24:40   |   01:04:52   |
20296       |       -2831.84   |       -2844.25   |        12.4145   |   95:26:13   |   01:04:36   |
20297       |       -2828.41   |       -2840.94   |        12.5247   |   95:27:47   |   01:04:20   |
20298       |       -2828.26   |        -2841.2   |        12.9375   |   95:29:25   |   01:04:04   |
20299       |       -2827.69   |       -2840.84   |        13.1471   |   95:30:53   |   01:03:48   |


Iter        |      Posterior   |     Likelihood   |          Prior   |    elapsed   |        ETA   |
----------------------------------------------------------------------------------------------------
20300       |       -2826.19   |       -2839.19   |        13.0014   |   95:32:33   |   01:03:32   |
20301       |       -2826.24   |          -2839   |         12.766   |   95:39:14   |   01:03:19   |
20302       |       -2826.03   |       -2839.97   |        13.9404   |   95:40:51   |   01:03:03   |
20303       |        -2829.6   |       -2843.87   |        14.2776   |   95:42:27   |   01:02:47   |
20304       |       -2831.61   |       -2842.03   |        10.4191   |   95:44:11   |   01:02:31   |
20305       |       -2832.87   |       -2843.92   |        11.0556   |   95:45:51   |   01:02:15   |
20306       |       -2833.82   |       -2843.66   |        9.83791   |   95:47:26   |   01:01:59   |
20307       |       -2831.66   |       -2843.58   |        11.9188   |   95:49:06   |   01:01:43   |
20308       |       -2831.32   |       -2841.14   |        9.81927   |   95:50:42   |   01:01:26   |
20309       |       -2832.57   |       -2842.15   |        9.57994   |   95:52:27   |   01:01:10   |
20310       |        -2827.5   |       -2838.38   |        10.8847   |   95:54:08   |   01:00:54   |
20311       |       -2825.84   |       -2836.54   |        10.6985   |   96:00:53   |   01:00:41   |
20312       |       -2825.75   |        -2841.2   |        15.4449   |   96:02:28   |   01:00:25   |
20313       |       -2825.46   |       -2837.58   |        12.1228   |   96:04:15   |   01:00:09   |
20314       |       -2825.43   |       -2838.16   |        12.7304   |   96:05:54   |   00:59:53   |
20315       |       -2826.92   |       -2839.05   |        12.1242   |   96:07:32   |   00:59:37   |
20316       |       -2826.26   |       -2839.17   |        12.9051   |   96:09:04   |   00:59:20   |
20317       |       -2828.95   |       -2842.87   |        13.9234   |   96:10:37   |   00:59:04   |
20318       |       -2829.24   |       -2846.25   |        17.0103   |   96:12:15   |   00:58:48   |
20319       |       -2829.66   |       -2847.37   |        17.7117   |   96:13:52   |   00:58:32   |


Iter        |      Posterior   |     Likelihood   |          Prior   |    elapsed   |        ETA   |
----------------------------------------------------------------------------------------------------
20320       |       -2828.54   |       -2844.59   |        16.0466   |   96:15:31   |   00:58:16   |
20321       |       -2830.24   |       -2845.13   |        14.8863   |   96:22:15   |   00:58:02   |
20322       |        -2829.1   |       -2844.16   |        15.0683   |   96:24:00   |   00:57:46   |
20323       |        -2829.1   |       -2843.98   |        14.8824   |   96:25:38   |   00:57:30   |
20324       |        -2829.1   |       -2843.98   |        14.8824   |   96:27:29   |   00:57:14   |
20325       |       -2827.77   |       -2843.25   |        15.4733   |   96:29:02   |   00:56:57   |
20326       |       -2829.23   |       -2844.06   |        14.8325   |   96:30:30   |   00:56:41   |
20327       |        -2827.2   |       -2844.12   |        16.9179   |   96:32:05   |   00:56:25   |
20328       |       -2828.05   |       -2845.03   |        16.9752   |   96:33:36   |   00:56:08   |
20329       |       -2825.97   |       -2843.12   |        17.1523   |   96:34:58   |   00:55:52   |
20330       |       -2826.59   |       -2843.91   |        17.3174   |   96:36:29   |   00:55:35   |
20331       |       -2826.67   |       -2844.09   |        17.4234   |   96:43:05   |   00:55:22   |
20332       |       -2826.43   |       -2843.33   |        16.8959   |   96:44:35   |   00:55:05   |
20333       |       -2826.62   |       -2843.65   |        17.0343   |   96:46:01   |   00:54:49   |
20334       |       -2826.51   |       -2843.43   |        16.9216   |   96:47:33   |   00:54:33   |
20335       |       -2827.04   |       -2844.46   |        17.4226   |   96:49:07   |   00:54:16   |
20336       |       -2826.06   |       -2841.58   |        15.5133   |   96:50:27   |   00:54:00   |
20337       |       -2826.09   |       -2840.28   |        14.1948   |   96:52:03   |   00:53:43   |
20338       |       -2824.72   |       -2837.88   |        13.1633   |   96:53:37   |   00:53:27   |
20339       |        -2824.8   |       -2835.78   |         10.984   |   96:55:12   |   00:53:10   |


Iter        |      Posterior   |     Likelihood   |          Prior   |    elapsed   |        ETA   |
----------------------------------------------------------------------------------------------------
20340       |       -2826.14   |       -2836.59   |        10.4446   |   96:56:46   |   00:52:54   |
20341       |        -2825.2   |       -2836.99   |        11.7952   |   97:03:40   |   00:52:40   |
20342       |       -2824.44   |       -2833.77   |        9.33059   |   97:05:21   |   00:52:24   |
20343       |       -2824.14   |       -2834.54   |        10.4036   |   97:06:56   |   00:52:07   |
20344       |       -2824.63   |       -2836.24   |        11.6112   |   97:08:42   |   00:51:51   |
20345       |       -2822.73   |       -2836.96   |          14.23   |   97:10:23   |   00:51:35   |
20346       |       -2826.55   |       -2838.06   |        11.5146   |   97:12:07   |   00:51:18   |
20347       |       -2825.92   |       -2837.33   |        11.4151   |   97:13:51   |   00:51:02   |
20348       |       -2824.07   |       -2837.27   |        13.2097   |   97:15:30   |   00:50:45   |
20349       |       -2824.93   |       -2839.05   |        14.1219   |   97:17:09   |   00:50:29   |
20350       |       -2826.01   |       -2840.67   |        14.6597   |   97:18:43   |   00:50:12   |
20351       |       -2827.38   |       -2838.88   |        11.5054   |   97:25:29   |   00:49:58   |
20352       |       -2824.99   |       -2838.65   |        13.6664   |   97:26:58   |   00:49:42   |
20353       |       -2826.65   |        -2838.2   |        11.5591   |   97:28:39   |   00:49:25   |
20354       |       -2828.07   |       -2837.79   |        9.72951   |   97:30:19   |   00:49:09   |
20355       |       -2828.38   |       -2837.06   |        8.68762   |   97:31:56   |   00:48:52   |
20356       |       -2831.74   |        -2837.4   |        5.66406   |   97:33:41   |   00:48:35   |
20357       |       -2827.28   |       -2835.73   |        8.45022   |   97:35:14   |   00:48:19   |
20358       |       -2829.26   |       -2835.67   |        6.41701   |   97:36:55   |   00:48:02   |
20359       |       -2829.81   |       -2836.13   |        6.31992   |   97:38:39   |   00:47:46   |


Iter        |      Posterior   |     Likelihood   |          Prior   |    elapsed   |        ETA   |
----------------------------------------------------------------------------------------------------
20360       |       -2829.62   |       -2835.55   |        5.93306   |   97:40:31   |   00:47:29   |
20361       |       -2829.13   |       -2836.21   |        7.07973   |   97:47:49   |   00:47:15   |
20362       |       -2828.95   |       -2841.01   |        12.0644   |   97:49:33   |   00:46:59   |
20363       |       -2827.85   |       -2840.83   |        12.9777   |   97:51:10   |   00:46:42   |
20364       |       -2829.66   |       -2842.28   |        12.6237   |   97:52:49   |   00:46:25   |
20365       |       -2830.07   |        -2843.5   |        13.4291   |   97:54:25   |   00:46:09   |
20366       |        -2828.9   |       -2842.76   |         13.862   |   97:56:00   |   00:45:52   |
20367       |       -2829.06   |       -2842.73   |        13.6618   |   97:57:35   |   00:45:35   |
20368       |       -2830.68   |       -2844.49   |        13.8097   |   97:59:08   |   00:45:19   |
20369       |       -2827.69   |       -2842.86   |        15.1761   |   98:00:45   |   00:45:02   |
20370       |       -2826.92   |       -2842.23   |        15.3068   |   98:02:24   |   00:44:45   |
20371       |       -2826.72   |       -2840.21   |        13.4886   |   98:09:18   |   00:44:31   |
20372       |       -2827.42   |       -2841.16   |        13.7333   |   98:10:51   |   00:44:14   |
20373       |       -2829.12   |       -2842.19   |        13.0615   |   98:12:29   |   00:43:57   |
20374       |       -2828.65   |       -2842.28   |        13.6339   |   98:14:05   |   00:43:41   |
20375       |       -2828.02   |       -2841.55   |        13.5233   |   98:15:36   |   00:43:24   |
20376       |       -2825.55   |       -2837.13   |        11.5816   |   98:17:12   |   00:43:07   |
20377       |       -2827.88   |       -2841.42   |        13.5343   |   98:18:47   |   00:42:50   |
20378       |       -2829.09   |       -2843.77   |        14.6792   |   98:20:22   |   00:42:33   |
20379       |       -2824.16   |       -2840.16   |        15.9952   |   98:21:55   |   00:42:16   |


Iter        |      Posterior   |     Likelihood   |          Prior   |    elapsed   |        ETA   |
----------------------------------------------------------------------------------------------------
20380       |       -2823.17   |       -2838.86   |        15.6883   |   98:23:28   |   00:42:00   |
20381       |       -2828.69   |       -2844.41   |        15.7211   |   98:34:26   |   00:41:47   |
20382       |       -2829.06   |       -2845.56   |        16.4997   |   98:35:56   |   00:41:30   |
20383       |       -2828.44   |       -2844.14   |        15.6962   |   98:37:21   |   00:41:13   |
20384       |       -2828.81   |       -2843.91   |        15.0988   |   98:38:57   |   00:40:56   |
20385       |       -2828.89   |       -2844.69   |         15.795   |   98:40:38   |   00:40:39   |
20386       |       -2823.66   |       -2840.79   |        17.1253   |   98:42:14   |   00:40:22   |
20387       |       -2825.07   |       -2838.85   |        13.7716   |   98:43:42   |   00:40:05   |
20388       |       -2826.09   |       -2837.85   |        11.7668   |   98:45:10   |   00:39:48   |
20389       |       -2824.78   |       -2836.73   |        11.9524   |   98:46:42   |   00:39:31   |
20390       |       -2825.02   |       -2835.58   |        10.5538   |   98:48:22   |   00:39:15   |
20391       |       -2826.66   |       -2836.59   |        9.93218   |   98:55:20   |   00:39:00   |
20392       |       -2826.32   |       -2835.98   |        9.65312   |   98:57:08   |   00:38:43   |
20393       |       -2829.09   |       -2840.04   |        10.9548   |   98:58:52   |   00:38:26   |
20394       |       -2825.06   |       -2838.62   |        13.5631   |   99:00:35   |   00:38:09   |
20395       |       -2825.77   |       -2840.02   |        14.2455   |   99:02:15   |   00:37:52   |
20396       |       -2824.34   |          -2839   |        14.6559   |   99:03:51   |   00:37:35   |
20397       |       -2824.73   |       -2839.35   |        14.6293   |   99:05:23   |   00:37:18   |
20398       |       -2823.61   |       -2838.13   |        14.5243   |   99:06:58   |   00:37:01   |
20399       |       -2823.27   |       -2837.92   |        14.6538   |   99:08:31   |   00:36:44   |


Iter        |      Posterior   |     Likelihood   |          Prior   |    elapsed   |        ETA   |
----------------------------------------------------------------------------------------------------
20400       |       -2822.86   |       -2839.71   |        16.8475   |   99:10:19   |   00:36:27   |
20401       |          -2824   |       -2841.14   |        17.1466   |   99:17:00   |   00:36:12   |
20402       |       -2824.52   |       -2844.41   |        19.8977   |   99:18:27   |   00:35:55   |
20403       |       -2826.23   |       -2846.37   |        20.1454   |   99:19:59   |   00:35:38   |
20404       |       -2828.09   |       -2847.72   |        19.6243   |   99:21:27   |   00:35:21   |
20405       |       -2826.32   |       -2845.22   |        18.9036   |   99:22:55   |   00:35:04   |
20406       |       -2828.85   |       -2847.13   |        18.2856   |   99:24:30   |   00:34:46   |
20407       |       -2825.75   |       -2846.12   |        20.3697   |   99:25:59   |   00:34:29   |
20408       |       -2826.32   |       -2844.48   |        18.1602   |   99:27:20   |   00:34:12   |
20409       |       -2825.19   |       -2842.09   |        16.9012   |   99:28:55   |   00:33:55   |
20410       |       -2823.68   |       -2839.17   |        15.4848   |   99:30:33   |   00:33:38   |
20411       |       -2823.68   |       -2839.18   |        15.5063   |   99:37:17   |   00:33:23   |
20412       |       -2826.36   |       -2840.79   |        14.4364   |   99:38:57   |   00:33:05   |
20413       |       -2829.02   |       -2843.57   |        14.5491   |   99:40:41   |   00:32:48   |
20414       |       -2827.67   |        -2841.1   |        13.4311   |   99:42:19   |   00:32:31   |
20415       |       -2828.11   |       -2841.55   |        13.4412   |   99:43:51   |   00:32:14   |
20416       |       -2827.27   |       -2842.85   |        15.5823   |   99:45:30   |   00:31:57   |
20417       |       -2823.66   |       -2840.38   |         16.722   |   99:47:00   |   00:31:40   |
20418       |       -2823.02   |        -2836.5   |        13.4793   |   99:48:26   |   00:31:22   |
20419       |       -2822.67   |       -2837.33   |        14.6613   |   99:49:58   |   00:31:05   |


Iter        |      Posterior   |     Likelihood   |          Prior   |    elapsed   |        ETA   |
----------------------------------------------------------------------------------------------------
20420       |       -2823.46   |       -2835.31   |         11.849   |   99:51:31   |   00:30:48   |
20421       |       -2823.63   |       -2836.12   |        12.4893   |   99:58:09   |   00:30:32   |
20422       |        -2826.2   |       -2838.99   |        12.7878   |   99:59:37   |   00:30:15   |
20423       |        -2825.7   |       -2838.93   |        13.2309   |   100:01:17   |   00:29:58   |
20424       |       -2826.09   |       -2839.75   |        13.6598   |   100:02:56   |   00:29:41   |
20425       |       -2823.25   |       -2837.59   |        14.3398   |   100:04:29   |   00:29:23   |
20426       |       -2825.38   |       -2839.88   |        14.5014   |   100:05:56   |   00:29:06   |
20427       |       -2825.38   |       -2839.88   |        14.5014   |   100:07:29   |   00:28:49   |
20428       |       -2827.18   |       -2841.51   |         14.325   |   100:09:03   |   00:28:31   |
20429       |       -2828.09   |       -2843.04   |        14.9559   |   100:10:33   |   00:28:14   |
20430       |       -2827.36   |       -2843.58   |        16.2295   |   100:12:03   |   00:27:57   |
20431       |       -2826.16   |          -2843   |         16.837   |   100:18:24   |   00:27:41   |
20432       |       -2828.03   |       -2845.39   |        17.3653   |   100:19:39   |   00:27:23   |
20433       |        -2829.2   |       -2848.15   |        18.9545   |   100:21:04   |   00:27:06   |
20434       |       -2829.78   |        -2848.6   |        18.8179   |   100:22:28   |   00:26:49   |
20435       |       -2828.09   |       -2844.59   |        16.5044   |   100:23:55   |   00:26:31   |
20436       |       -2828.03   |       -2844.75   |        16.7244   |   100:25:22   |   00:26:14   |
20437       |       -2825.53   |       -2841.65   |        16.1141   |   100:26:48   |   00:25:57   |
20438       |       -2826.39   |       -2841.72   |        15.3227   |   100:28:18   |   00:25:39   |
20439       |       -2831.72   |       -2846.04   |        14.3253   |   100:29:42   |   00:25:22   |


Iter        |      Posterior   |     Likelihood   |          Prior   |    elapsed   |        ETA   |
----------------------------------------------------------------------------------------------------
20440       |       -2826.48   |       -2841.43   |        14.9514   |   100:31:15   |   00:25:04   |
20441       |       -2827.02   |       -2842.03   |        15.0144   |   100:37:38   |   00:24:48   |
20442       |       -2827.94   |       -2843.41   |         15.475   |   100:39:08   |   00:24:31   |
20443       |       -2822.67   |       -2838.02   |        15.3495   |   100:40:41   |   00:24:13   |
20444       |        -2827.5   |       -2840.15   |        12.6541   |   100:42:21   |   00:23:56   |
20445       |        -2827.5   |       -2840.15   |        12.6541   |   100:44:05   |   00:23:39   |
20446       |        -2827.5   |       -2840.15   |        12.6541   |   100:45:49   |   00:23:21   |
20447       |       -2828.11   |       -2840.53   |        12.4176   |   100:47:28   |   00:23:04   |
20448       |       -2826.33   |       -2839.68   |        13.3548   |   100:49:04   |   00:22:46   |
20449       |       -2825.86   |       -2841.18   |        15.3228   |   100:50:43   |   00:22:29   |
20450       |        -2825.7   |       -2837.87   |        12.1763   |   100:52:25   |   00:22:11   |
20451       |       -2825.85   |       -2837.79   |         11.939   |   100:59:12   |   00:21:55   |
20452       |       -2825.52   |       -2836.34   |        10.8162   |   101:00:47   |   00:21:37   |
20453       |       -2824.24   |       -2835.75   |        11.5095   |   101:02:24   |   00:21:20   |
20454       |       -2826.47   |       -2838.46   |        11.9835   |   101:03:56   |   00:21:02   |
20455       |       -2825.04   |       -2832.59   |        7.54912   |   101:05:31   |   00:20:45   |
20456       |       -2824.02   |       -2832.01   |        7.99764   |   101:07:14   |   00:20:27   |
20457       |       -2825.81   |        -2833.3   |        7.49042   |   101:08:50   |   00:20:10   |
20458       |        -2825.3   |       -2834.09   |        8.78493   |   101:10:28   |   00:19:52   |
20459       |       -2826.32   |       -2835.11   |        8.79557   |   101:12:02   |   00:19:35   |


Iter        |      Posterior   |     Likelihood   |          Prior   |    elapsed   |        ETA   |
----------------------------------------------------------------------------------------------------
20460       |       -2827.44   |        -2836.6   |        9.16405   |   101:13:38   |   00:19:17   |
20461       |       -2827.36   |       -2836.27   |        8.90893   |   101:20:21   |   00:19:01   |
20462       |       -2826.01   |       -2837.37   |        11.3654   |   101:21:51   |   00:18:43   |
20463       |       -2823.94   |       -2835.68   |        11.7422   |   101:23:21   |   00:18:25   |
20464       |       -2825.16   |       -2837.61   |        12.4565   |   101:24:56   |   00:18:08   |
20465       |       -2824.17   |       -2840.51   |        16.3444   |   101:26:19   |   00:17:50   |
20466       |       -2824.71   |       -2839.86   |        15.1494   |   101:27:46   |   00:17:32   |
20467       |       -2824.52   |        -2840.4   |        15.8792   |   101:29:25   |   00:17:15   |
20468       |       -2823.23   |       -2838.61   |          15.38   |   101:30:46   |   00:16:57   |
20469       |       -2824.54   |       -2841.22   |        16.6798   |   101:32:11   |   00:16:40   |
20470       |       -2829.05   |       -2842.24   |        13.1838   |   101:33:26   |   00:16:22   |
20471       |       -2828.19   |       -2842.99   |        14.7965   |   101:39:49   |   00:16:05   |
20472       |       -2829.82   |       -2844.46   |        14.6377   |   101:41:11   |   00:15:47   |
20473       |       -2829.82   |       -2844.46   |        14.6377   |   101:42:43   |   00:15:30   |
20474       |       -2829.82   |       -2844.46   |        14.6377   |   101:44:12   |   00:15:12   |
20475       |       -2829.82   |       -2844.46   |        14.6377   |   101:45:45   |   00:14:54   |
20476       |       -2829.89   |       -2845.84   |        15.9479   |   101:47:04   |   00:14:36   |
20477       |       -2830.94   |       -2845.81   |        14.8697   |   101:48:31   |   00:14:19   |
20478       |       -2830.01   |       -2845.66   |          15.65   |   101:49:51   |   00:14:01   |
20479       |        -2828.4   |       -2846.24   |        17.8421   |   101:51:17   |   00:13:43   |


Iter        |      Posterior   |     Likelihood   |          Prior   |    elapsed   |        ETA   |
----------------------------------------------------------------------------------------------------
20480       |       -2827.22   |        -2844.4   |        17.1787   |   101:52:38   |   00:13:25   |
20481       |        -2827.7   |       -2844.61   |        16.9147   |   101:59:00   |   00:13:08   |
20482       |       -2827.41   |       -2844.33   |        16.9152   |   102:00:27   |   00:12:50   |
20483       |       -2826.37   |       -2843.54   |        17.1702   |   102:01:49   |   00:12:33   |
20484       |       -2825.72   |       -2842.36   |         16.645   |   102:03:04   |   00:12:15   |
20485       |       -2826.32   |       -2842.23   |        15.9141   |   102:04:30   |   00:11:57   |
20486       |       -2824.63   |        -2840.3   |        15.6652   |   102:05:44   |   00:11:39   |
20487       |       -2826.37   |       -2842.28   |        15.9066   |   102:06:58   |   00:11:21   |
20488       |       -2829.22   |       -2845.97   |        16.7533   |   102:08:24   |   00:11:04   |
20489       |       -2826.16   |       -2842.31   |        16.1509   |   102:09:51   |   00:10:46   |
20490       |       -2825.64   |       -2841.42   |        15.7812   |   102:11:15   |   00:10:28   |
20491       |        -2824.2   |       -2839.97   |        15.7646   |   102:17:39   |   00:10:11   |
20492       |       -2827.05   |       -2841.29   |        14.2374   |   102:19:04   |   00:09:53   |
20493       |       -2827.85   |       -2839.31   |        11.4662   |   102:20:31   |   00:09:35   |
20494       |       -2827.66   |       -2840.73   |        13.0646   |   102:21:59   |   00:09:17   |
20495       |       -2825.69   |       -2837.23   |        11.5411   |   102:23:32   |   00:08:59   |
20496       |       -2826.72   |       -2834.66   |        7.94157   |   102:25:09   |   00:08:41   |
20497       |       -2826.68   |       -2834.61   |        7.93166   |   102:26:57   |   00:08:23   |
20498       |       -2824.25   |       -2836.31   |        12.0635   |   102:28:42   |   00:08:05   |
20499       |       -2825.54   |       -2836.76   |        11.2141   |   102:30:24   |   00:07:48   |


Iter        |      Posterior   |     Likelihood   |          Prior   |    elapsed   |        ETA   |
----------------------------------------------------------------------------------------------------
20500       |       -2825.58   |       -2837.92   |        12.3415   |   102:32:00   |   00:07:30   |
20501       |       -2827.64   |       -2840.14   |        12.4993   |   102:38:47   |   00:07:12   |
20502       |       -2826.37   |       -2839.85   |        13.4836   |   102:40:23   |   00:06:54   |
20503       |       -2826.09   |       -2838.77   |        12.6785   |   102:42:02   |   00:06:36   |
20504       |       -2823.94   |       -2836.24   |        12.2971   |   102:43:34   |   00:06:18   |
20505       |        -2822.9   |       -2835.71   |        12.8083   |   102:45:13   |   00:06:00   |
20506       |       -2823.12   |       -2835.12   |        11.9936   |   102:46:51   |   00:05:42   |
20507       |          -2823   |       -2835.13   |        12.1381   |   102:48:20   |   00:05:24   |
20508       |       -2824.29   |       -2834.93   |        10.6404   |   102:50:00   |   00:05:06   |
20509       |        -2825.2   |       -2835.78   |        10.5732   |   102:51:42   |   00:04:48   |
20510       |       -2825.28   |        -2835.7   |        10.4228   |   102:53:15   |   00:04:30   |
20511       |       -2823.21   |       -2835.68   |        12.4667   |   103:00:05   |   00:04:13   |
20512       |       -2825.88   |        -2839.9   |        14.0213   |   103:01:39   |   00:03:55   |
20513       |       -2824.21   |       -2838.31   |        14.0946   |   103:03:22   |   00:03:37   |
20514       |        -2826.8   |        -2841.6   |         14.799   |   103:04:46   |   00:03:18   |
20515       |       -2823.88   |       -2838.62   |        14.7375   |   103:06:21   |   00:03:00   |
20516       |       -2824.01   |        -2838.7   |        14.6922   |   103:08:01   |   00:02:42   |
20517       |          -2825   |        -2837.1   |        12.0999   |   103:09:29   |   00:02:24   |
20518       |       -2827.67   |       -2837.72   |         10.049   |   103:11:04   |   00:02:06   |
20519       |        -2828.1   |       -2840.29   |        12.1919   |   103:12:36   |   00:01:48   |


Iter        |      Posterior   |     Likelihood   |          Prior   |    elapsed   |        ETA   |
----------------------------------------------------------------------------------------------------
20520       |       -2827.04   |       -2839.81   |        12.7679   |   103:14:15   |   00:01:30   |
20521       |       -2826.58   |        -2839.3   |         12.727   |   103:20:57   |   00:01:12   |
20522       |       -2828.33   |       -2839.79   |        11.4618   |   103:22:32   |   00:00:54   |
20523       |        -2826.3   |       -2838.51   |         12.202   |   103:24:06   |   00:00:36   |
20524       |       -2825.53   |       -2842.33   |        16.7999   |   103:25:31   |   00:00:18   |
20525       |       -2825.06   |       -2841.84   |        16.7764   |   103:27:04   |   00:00:00   |

                  Name                  | Param              |  Weight  |  Tried   | Accepted | Acc. Ratio| Parameters
===============================================================================================================================
Scaling                                  gamma_a                  2.0000      40954      25013      0.6108 lambda = 0.8363
Scaling                                  gamma_b                  2.0000      40873      23821      0.5828 lambda = 0.6325
UpDownScaling                            gamma_a                  1.0000      20611      11472      0.5566 lambda = 0.6348
Scaling                                  delta_a                  2.0000      41247      24591      0.5962 lambda = 0.7597
Scaling                                  delta_b                  2.0000      41282      22420      0.5431 lambda = 0.6518
UpDownScaling                            delta_a                  1.0000      20479      10855      0.5301 lambda = 0.5868
Scaling                                  rho_a                    2.0000      40918      25243      0.6169 lambda = 0.8260
Scaling                                  rho_b                    2.0000      41318      25657      0.6210 lambda = 0.7258
UpDownScaling                            rho_a                    1.0000      20643      12124      0.5873 lambda = 0.7833
Scaling                                  eta_a                    2.0000      41127      25355      0.6165 lambda = 0.8081
Scaling                                  eta_b                    2.0000      41151      24095      0.5855 lambda = 0.7608
UpDownScaling                            eta_a                    1.0000      20560      11679      0.5680 lambda = 0.7202
Scaling                                  alpha                    1.0000      20555       7977      0.3881 lambda = 2.0412
Scaling                                  turnover                 1.0000      20621       8398      0.4073 lambda = 0.0773
Scaling                                  total_speciation         1.0000      20487       8072      0.3940 lambda = 0.0504
BetaSimplex                              relative_clado           5.0000     102374      49284      0.4814 alpha = 30.7608
ElementSwapSimplex                       relative_clado           3.0000      61157       7364      0.1204 
UpDownScaling                            total_speciation         1.0000      20443       8693      0.4252 lambda = 0.3172

