
RevBayes version (1.1.0)
Build from dev_mrm (rapture-477-g991966) on Thu Feb 15 15:42:16 EST 2024

Visit the website www.RevBayes.com for more information about RevBayes.

RevBayes is free software released under the GPL license, version 3. Type 'license()' for details.

To quit RevBayes type 'quit()' or 'q()'.


> source("scripts/polyp/polyp_chromohisse_modelspec_tb_1.rev")
   Processing file "scripts/polyp/polyp_chromohisse_modelspec_tb_1.rev"
   Attempting to read the contents of file "polypodiineae_csomepruned.tree"
   Successfully read file
   Processing file "scripts/chromohisse_tp_mrm_tb.rev"
Anagenic Rates Matrix Built
Cladogenic Rates Matrix Built
All MCMC moves defined
   Warning: simulating tree under uniform model.
   Warning: simulating tree under uniform model.
GHLBDSP
Model clamped
   -4942.898
Defining Model...
Setting monitors...
Initializing MCMC...
	Intializing from checkpoint
		Continuing main analysis
   Appending to previous MCMC simulation of 10610 iterations
   This simulation runs 1 independent replicate.
   The simulator uses 18 different moves in a random move schedule with 32 moves per iteration

Iter        |      Posterior   |     Likelihood   |          Prior   |    elapsed   |        ETA   |
----------------------------------------------------------------------------------------------------
10611       |       -4951.89   |       -4950.11   |       -1.78241   |   00:02:54   |   00:00:57   |
10612       |       -4950.19   |       -4952.18   |        1.98649   |   00:05:42   |   00:01:52   |
10613       |       -4947.01   |       -4949.54   |        2.53078   |   00:08:29   |   00:02:47   |
10614       |       -4947.77   |       -4953.48   |        5.70718   |   00:11:05   |   00:03:39   |
10615       |       -4945.77   |       -4951.84   |        6.06938   |   00:13:42   |   00:04:30   |
10616       |        -4945.8   |       -4951.88   |        6.07386   |   00:16:22   |   00:05:23   |
10617       |       -4946.45   |       -4950.59   |        4.13391   |   00:19:02   |   00:06:15   |
10618       |       -4946.09   |       -4951.71   |        5.61863   |   00:21:39   |   00:07:07   |
10619       |       -4947.73   |       -4953.04   |         5.3081   |   00:24:15   |   00:07:58   |


Iter        |      Posterior   |     Likelihood   |          Prior   |    elapsed   |        ETA   |
----------------------------------------------------------------------------------------------------
10620       |       -4946.58   |       -4951.18   |        4.59955   |   00:27:00   |   00:08:52   |
10621       |       -4945.96   |       -4949.39   |        3.42979   |   00:29:30   |   00:09:41   |
10622       |       -4950.06   |       -4949.94   |      -0.127204   |   00:31:51   |   00:10:27   |
10623       |       -4947.56   |       -4948.64   |        1.07813   |   00:34:14   |   00:11:14   |
10624       |       -4946.37   |       -4950.06   |        3.68973   |   00:36:38   |   00:12:01   |
10625       |       -4947.45   |        -4950.7   |        3.25031   |   00:38:50   |   00:12:44   |
10626       |       -4947.14   |       -4951.68   |         4.5396   |   00:41:07   |   00:13:28   |
10627       |       -4950.39   |       -4949.31   |       -1.07377   |   00:43:15   |   00:14:10   |
10628       |       -4951.01   |       -4948.92   |         -2.096   |   00:45:30   |   00:14:54   |
10629       |       -4949.41   |       -4949.49   |       0.083958   |   00:47:49   |   00:15:39   |
10630       |       -4947.23   |       -4951.24   |        4.00599   |   00:50:04   |   00:16:23   |
10631       |       -4947.05   |       -4950.81   |        3.75929   |   00:52:20   |   00:17:07   |
10632       |       -4945.56   |       -4948.29   |        2.73225   |   00:54:36   |   00:17:51   |
10633       |        -4946.9   |       -4948.65   |        1.74944   |   00:56:48   |   00:18:34   |
10634       |       -4945.46   |       -4947.41   |        1.95077   |   00:59:06   |   00:19:19   |
10635       |       -4945.46   |       -4947.41   |        1.95077   |   01:01:27   |   00:20:04   |
10636       |        -4946.1   |       -4949.29   |        3.18988   |   01:03:42   |   00:20:48   |
10637       |       -4946.03   |       -4949.59   |        3.55813   |   01:06:01   |   00:21:33   |
10638       |       -4946.55   |       -4951.37   |        4.82208   |   01:08:11   |   00:22:15   |
10639       |        -4947.6   |       -4948.67   |        1.07435   |   01:10:21   |   00:22:57   |


Iter        |      Posterior   |     Likelihood   |          Prior   |    elapsed   |        ETA   |
----------------------------------------------------------------------------------------------------
10640       |       -4946.49   |       -4947.31   |       0.825021   |   01:12:42   |   00:23:42   |
10641       |        -4947.7   |       -4949.17   |        1.46393   |   01:14:59   |   00:24:26   |
10642       |       -4947.19   |       -4948.71   |        1.51667   |   01:17:14   |   00:25:10   |
10643       |       -4952.32   |       -4949.29   |       -3.02328   |   01:19:34   |   00:25:55   |
10644       |       -4949.36   |       -4947.03   |       -2.33262   |   01:21:56   |   00:26:40   |
10645       |       -4953.88   |       -4952.02   |       -1.86121   |   01:24:19   |   00:27:26   |
10646       |       -4951.25   |       -4950.84   |      -0.417416   |   01:26:45   |   00:28:13   |
10647       |       -4951.55   |          -4950   |       -1.54955   |   01:29:12   |   00:29:00   |
10648       |       -4950.27   |       -4949.23   |        -1.0319   |   01:31:39   |   00:29:47   |
10649       |       -4948.41   |       -4951.32   |        2.90973   |   01:34:09   |   00:30:35   |
10650       |       -4948.39   |          -4951   |        2.61809   |   01:36:33   |   00:31:22   |
10651       |          -4954   |       -4959.78   |        5.78545   |   01:38:52   |   00:32:06   |
10652       |        -4949.7   |       -4958.29   |        8.58471   |   01:41:07   |   00:32:49   |
10653       |       -4951.65   |       -4961.25   |        9.60133   |   01:43:24   |   00:33:33   |
10654       |       -4951.01   |       -4960.23   |        9.22138   |   01:45:37   |   00:34:15   |
10655       |       -4954.47   |       -4963.46   |        8.99273   |   01:47:50   |   00:34:57   |
10656       |       -4953.59   |       -4961.14   |        7.54342   |   01:50:06   |   00:35:41   |
10657       |       -4955.13   |       -4959.63   |        4.49878   |   01:52:17   |   00:36:22   |
10658       |       -4953.21   |       -4959.29   |        6.08052   |   01:54:40   |   00:37:08   |
10659       |       -4952.15   |       -4960.44   |        8.28961   |   01:56:53   |   00:37:50   |


Iter        |      Posterior   |     Likelihood   |          Prior   |    elapsed   |        ETA   |
----------------------------------------------------------------------------------------------------
10660       |       -4952.26   |       -4959.99   |        7.72361   |   01:59:13   |   00:38:34   |
10661       |       -4951.85   |       -4961.41   |        9.55989   |   02:01:18   |   00:39:14   |
10662       |       -4953.75   |       -4961.43   |        7.68134   |   02:03:34   |   00:39:57   |
10663       |       -4951.47   |       -4959.11   |        7.64376   |   02:05:47   |   00:40:39   |
10664       |       -4949.98   |       -4960.61   |        10.6306   |   02:07:58   |   00:41:21   |
10665       |       -4949.34   |       -4958.64   |        9.30208   |   02:10:10   |   00:42:02   |
10666       |        -4949.3   |       -4958.75   |        9.45675   |   02:12:30   |   00:42:47   |
10667       |       -4950.56   |       -4959.04   |        8.48662   |   02:14:49   |   00:43:30   |
10668       |       -4950.39   |       -4957.28   |        6.88213   |   02:17:11   |   00:44:15   |
10669       |       -4950.56   |       -4958.45   |         7.8967   |   02:19:38   |   00:45:02   |
10670       |        -4950.5   |       -4961.63   |        11.1297   |   02:21:49   |   00:45:43   |
10671       |       -4950.15   |       -4961.99   |        11.8337   |   02:24:09   |   00:46:27   |
10672       |       -4950.58   |       -4960.65   |        10.0701   |   02:26:28   |   00:47:11   |
10673       |       -4950.75   |       -4961.64   |        10.8921   |   02:28:43   |   00:47:53   |
10674       |        -4952.1   |       -4962.84   |        10.7412   |   02:30:58   |   00:48:35   |
10675       |       -4952.16   |       -4964.57   |         12.407   |   02:33:11   |   00:49:17   |
10676       |        -4952.9   |       -4964.89   |        11.9863   |   02:35:25   |   00:49:59   |
10677       |       -4951.75   |       -4963.96   |        12.2068   |   02:37:42   |   00:50:42   |
10678       |       -4952.71   |       -4965.22   |        12.5164   |   02:39:53   |   00:51:23   |
10679       |       -4949.08   |       -4958.17   |        9.08683   |   02:42:15   |   00:52:07   |


Iter        |      Posterior   |     Likelihood   |          Prior   |    elapsed   |        ETA   |
----------------------------------------------------------------------------------------------------
10680       |       -4948.25   |       -4956.92   |        8.67649   |   02:44:24   |   00:52:47   |
10681       |       -4948.17   |       -4955.32   |        7.15048   |   02:46:30   |   00:53:27   |
10682       |       -4948.43   |       -4955.16   |        6.73139   |   02:48:43   |   00:54:08   |
10683       |       -4950.58   |       -4955.42   |        4.84826   |   02:51:00   |   00:54:51   |
10684       |       -4950.34   |       -4955.61   |        5.27289   |   02:53:12   |   00:55:32   |
10685       |       -4951.42   |       -4955.94   |        4.52352   |   02:55:35   |   00:56:16   |
10686       |       -4950.41   |       -4955.75   |        5.34714   |   02:57:47   |   00:56:57   |
10687       |       -4947.43   |       -4951.98   |        4.55452   |   03:00:02   |   00:57:39   |
10688       |       -4946.83   |       -4953.79   |        6.96317   |   03:02:24   |   00:58:23   |
10689       |       -4946.83   |       -4953.79   |        6.96317   |   03:04:51   |   00:59:09   |
10690       |       -4946.83   |       -4953.79   |        6.96317   |   03:07:15   |   00:59:54   |
10691       |       -4946.36   |       -4951.35   |        4.99239   |   03:09:28   |   01:00:35   |
10692       |       -4946.99   |       -4952.28   |          5.284   |   03:11:50   |   01:01:19   |
10693       |       -4947.05   |       -4952.22   |        5.16611   |   03:14:12   |   01:02:03   |
10694       |        -4948.3   |       -4952.46   |        4.16249   |   03:16:33   |   01:02:47   |
10695       |       -4949.21   |       -4954.86   |          5.648   |   03:18:46   |   01:03:28   |
10696       |       -4949.13   |       -4954.09   |        4.96414   |   03:21:02   |   01:04:10   |
10697       |       -4949.14   |        -4955.5   |        6.36786   |   03:23:22   |   01:04:53   |
10698       |        -4947.2   |        -4953.4   |        6.20271   |   03:25:34   |   01:05:33   |
10699       |       -4947.98   |       -4953.06   |        5.08777   |   03:27:53   |   01:06:16   |


Iter        |      Posterior   |     Likelihood   |          Prior   |    elapsed   |        ETA   |
----------------------------------------------------------------------------------------------------
10700       |       -4946.98   |        -4953.3   |        6.32321   |   03:30:05   |   01:06:57   |
10701       |        -4947.9   |       -4953.07   |        5.16375   |   03:32:23   |   01:07:39   |
10702       |       -4951.46   |       -4958.64   |        7.17689   |   03:34:35   |   01:08:19   |
10703       |       -4951.32   |        -4957.2   |        5.88032   |   03:36:47   |   01:09:00   |
10704       |       -4948.64   |       -4952.44   |        3.80535   |   03:39:03   |   01:09:42   |
10705       |       -4949.78   |       -4952.52   |        2.73693   |   03:41:21   |   01:10:24   |
10706       |       -4949.06   |        -4954.4   |        5.34217   |   03:43:35   |   01:11:05   |
10707       |       -4947.81   |       -4954.66   |        6.85296   |   03:45:54   |   01:11:47   |
10708       |       -4947.63   |       -4954.43   |         6.7978   |   03:48:10   |   01:12:29   |
10709       |       -4948.11   |        -4952.6   |        4.48871   |   03:50:19   |   01:13:08   |
10710       |       -4947.58   |       -4955.78   |         8.1971   |   03:52:31   |   01:13:48   |
10711       |       -4949.54   |          -4958   |        8.45144   |   03:54:48   |   01:14:30   |
10712       |       -4952.13   |       -4963.36   |         11.235   |   03:57:10   |   01:15:13   |
10713       |       -4949.82   |       -4959.59   |        9.77119   |   03:59:19   |   01:15:53   |
10714       |       -4953.15   |       -4963.12   |        9.97217   |   04:01:30   |   01:16:32   |
10715       |       -4953.84   |        -4964.1   |        10.2576   |   04:03:34   |   01:17:10   |
10716       |       -4953.49   |       -4962.37   |         8.8797   |   04:05:44   |   01:17:49   |
10717       |       -4952.54   |       -4960.75   |        8.20971   |   04:07:54   |   01:18:29   |
10718       |       -4953.55   |       -4957.23   |        3.67761   |   04:10:02   |   01:19:07   |
10719       |       -4954.09   |       -4960.34   |        6.24968   |   04:12:15   |   01:19:48   |


Iter        |      Posterior   |     Likelihood   |          Prior   |    elapsed   |        ETA   |
----------------------------------------------------------------------------------------------------
10720       |       -4955.16   |       -4962.81   |        7.65649   |   04:14:17   |   01:20:24   |
10721       |       -4956.32   |       -4962.94   |        6.61913   |   04:16:21   |   01:21:02   |
10722       |       -4957.32   |       -4963.87   |        6.54672   |   04:18:36   |   01:21:42   |
10723       |       -4956.63   |       -4957.34   |       0.708399   |   04:20:50   |   01:22:23   |
10724       |       -4952.84   |       -4956.39   |        3.54637   |   04:23:11   |   01:23:05   |
10725       |        -4955.2   |       -4956.23   |        1.03161   |   04:25:36   |   01:23:49   |
10726       |       -4952.06   |        -4956.4   |        4.33929   |   04:27:45   |   01:24:28   |
10727       |       -4954.02   |       -4958.36   |        4.33929   |   04:30:04   |   01:25:10   |
10728       |       -4951.85   |       -4954.33   |        2.48905   |   04:32:20   |   01:25:51   |
10729       |        -4950.5   |       -4953.27   |        2.77013   |   04:34:29   |   01:26:29   |
10730       |       -4952.61   |       -4955.36   |        2.75232   |   04:36:54   |   01:27:13   |
10731       |       -4952.78   |        -4955.3   |         2.5259   |   04:39:12   |   01:27:54   |
10732       |       -4951.75   |       -4954.29   |        2.54401   |   04:41:41   |   01:28:39   |
10733       |        -4952.9   |       -4955.17   |        2.26899   |   04:43:58   |   01:29:20   |
10734       |       -4953.48   |       -4958.06   |        4.57689   |   04:46:24   |   01:30:04   |
10735       |       -4954.42   |        -4960.2   |        5.77955   |   04:48:45   |   01:30:46   |
10736       |       -4951.45   |       -4956.55   |        5.10367   |   04:50:49   |   01:31:23   |
10737       |       -4952.53   |       -4958.36   |        5.82709   |   04:53:02   |   01:32:03   |
10738       |       -4951.39   |       -4953.26   |        1.87111   |   04:55:15   |   01:32:42   |
10739       |       -4952.41   |       -4953.41   |       0.995527   |   04:57:48   |   01:33:28   |


Iter        |      Posterior   |     Likelihood   |          Prior   |    elapsed   |        ETA   |
----------------------------------------------------------------------------------------------------
10740       |       -4952.41   |       -4953.41   |       0.995527   |   05:00:23   |   01:34:15   |
10741       |       -4954.75   |       -4954.48   |      -0.279498   |   05:02:46   |   01:34:57   |
10742       |       -4952.48   |       -4954.24   |        1.76007   |   05:05:16   |   01:35:42   |
10743       |       -4953.39   |       -4953.49   |       0.103704   |   05:07:37   |   01:36:24   |
10744       |       -4955.19   |       -4955.07   |      -0.116454   |   05:10:07   |   01:37:09   |
10745       |       -4954.61   |       -4954.05   |      -0.560283   |   05:12:21   |   01:37:49   |
10746       |       -4957.47   |       -4954.22   |       -3.24709   |   05:14:45   |   01:38:31   |
10747       |       -4957.18   |       -4953.82   |       -3.35603   |   05:17:16   |   01:39:16   |
10748       |       -4952.83   |       -4951.18   |       -1.64853   |   05:19:45   |   01:40:01   |
10749       |       -4953.76   |       -4951.58   |        -2.1764   |   05:22:17   |   01:40:46   |
10750       |       -4953.55   |       -4952.99   |      -0.552126   |   05:24:39   |   01:41:28   |
10751       |       -4953.69   |       -4953.13   |      -0.552766   |   05:27:12   |   01:42:13   |
10752       |       -4955.72   |       -4957.05   |        1.32443   |   05:29:40   |   01:42:57   |
10753       |       -4954.37   |       -4956.28   |        1.90407   |   05:32:00   |   01:43:38   |
10754       |       -4953.88   |       -4955.97   |        2.09141   |   05:34:22   |   01:44:20   |
10755       |       -4957.55   |       -4956.32   |       -1.22659   |   05:36:42   |   01:45:01   |
10756       |       -4956.18   |       -4955.77   |      -0.419294   |   05:39:14   |   01:45:46   |
10757       |       -4954.62   |       -4957.94   |        3.32291   |   05:41:52   |   01:46:33   |
10758       |       -4953.74   |       -4958.35   |        4.60998   |   05:44:26   |   01:47:19   |
10759       |       -4954.25   |       -4957.91   |        3.65364   |   05:47:02   |   01:48:05   |


Iter        |      Posterior   |     Likelihood   |          Prior   |    elapsed   |        ETA   |
----------------------------------------------------------------------------------------------------
10760       |       -4955.31   |        -4957.2   |         1.8923   |   05:49:38   |   01:48:51   |
10761       |       -4956.32   |        -4958.6   |        2.28421   |   05:52:11   |   01:49:36   |
10762       |       -4960.01   |       -4958.87   |       -1.14459   |   05:54:38   |   01:50:19   |
10763       |       -4959.84   |        -4958.5   |       -1.34288   |   05:57:14   |   01:51:05   |
10764       |       -4961.63   |       -4957.16   |       -4.47036   |   05:59:49   |   01:51:50   |
10765       |       -4963.15   |       -4956.87   |       -6.27267   |   06:02:27   |   01:52:37   |
10766       |       -4961.38   |       -4953.86   |       -7.52558   |   06:05:03   |   01:53:23   |
10767       |       -4959.53   |       -4954.49   |       -5.04357   |   06:07:50   |   01:54:12   |
10768       |       -4955.77   |       -4953.58   |       -2.19476   |   06:10:21   |   01:54:56   |
10769       |       -4958.59   |       -4956.66   |        -1.9258   |   06:12:59   |   01:55:42   |
10770       |       -4955.37   |       -4953.27   |       -2.10044   |   06:15:33   |   01:56:27   |
10771       |       -4955.47   |        -4953.4   |       -2.07108   |   06:18:00   |   01:57:10   |
10772       |       -4952.99   |        -4951.8   |       -1.19181   |   06:20:35   |   01:57:56   |
10773       |       -4952.92   |       -4955.22   |        2.30469   |   06:23:07   |   01:58:40   |
10774       |       -4953.12   |        -4954.4   |        1.28198   |   06:25:34   |   01:59:23   |
10775       |        -4952.8   |       -4956.32   |        3.52384   |   06:28:05   |   02:00:07   |
10776       |       -4953.26   |       -4953.41   |       0.151099   |   06:30:28   |   02:00:48   |
10777       |       -4951.35   |       -4951.49   |       0.139434   |   06:32:52   |   02:01:30   |
10778       |       -4950.48   |       -4950.85   |       0.361224   |   06:35:17   |   02:02:12   |
10779       |       -4952.19   |       -4952.31   |       0.120574   |   06:37:47   |   02:02:55   |


Iter        |      Posterior   |     Likelihood   |          Prior   |    elapsed   |        ETA   |
----------------------------------------------------------------------------------------------------
10780       |       -4951.87   |       -4950.97   |      -0.893662   |   06:40:24   |   02:03:41   |
10781       |       -4951.02   |       -4950.13   |      -0.894439   |   06:42:59   |   02:04:26   |
10782       |       -4949.97   |       -4951.08   |        1.10357   |   06:45:30   |   02:05:09   |
10783       |       -4948.57   |       -4950.49   |        1.92054   |   06:48:00   |   02:05:53   |
10784       |        -4950.4   |       -4953.89   |        3.49606   |   06:50:27   |   02:06:35   |
10785       |       -4948.81   |       -4950.61   |        1.79764   |   06:53:01   |   02:07:19   |
10786       |       -4947.99   |       -4949.11   |        1.12405   |   06:55:33   |   02:08:03   |
10787       |       -4950.64   |       -4951.69   |        1.05402   |   06:58:10   |   02:08:49   |
10788       |       -4952.61   |       -4953.38   |        0.76787   |   07:00:43   |   02:09:33   |
10789       |        -4953.7   |       -4956.87   |         3.1679   |   07:03:19   |   02:10:18   |
10790       |       -4952.92   |       -4955.33   |        2.40623   |   07:05:46   |   02:11:00   |
10791       |       -4952.63   |       -4956.98   |        4.35419   |   07:08:14   |   02:11:42   |
10792       |       -4953.95   |       -4956.28   |        2.33324   |   07:10:41   |   02:12:24   |
10793       |       -4951.37   |       -4954.57   |         3.1947   |   07:13:13   |   02:13:08   |
10794       |       -4952.81   |       -4955.74   |        2.92974   |   07:15:45   |   02:13:51   |
10795       |       -4950.53   |       -4956.35   |        5.81434   |   07:18:08   |   02:14:32   |
10796       |       -4951.18   |       -4956.31   |        5.12626   |   07:20:46   |   02:15:18   |
10797       |          -4952   |       -4957.52   |        5.51663   |   07:23:18   |   02:16:01   |
10798       |       -4950.59   |       -4957.15   |        6.55766   |   07:25:40   |   02:16:41   |
10799       |       -4954.18   |       -4958.01   |        3.82958   |   07:28:16   |   02:17:26   |


Iter        |      Posterior   |     Likelihood   |          Prior   |    elapsed   |        ETA   |
----------------------------------------------------------------------------------------------------
10800       |       -4953.56   |       -4960.03   |        6.46694   |   07:30:50   |   02:18:10   |
10801       |       -4951.01   |       -4954.52   |        3.50855   |   07:33:25   |   02:18:54   |
10802       |       -4957.18   |       -4960.43   |        3.24803   |   07:35:55   |   02:19:37   |
10803       |       -4956.06   |       -4959.12   |        3.05624   |   07:38:37   |   02:20:23   |
10804       |       -4956.06   |       -4959.12   |        3.05624   |   07:41:22   |   02:21:10   |
10805       |       -4956.81   |       -4959.76   |        2.94966   |   07:43:59   |   02:21:55   |
10806       |          -4956   |       -4959.61   |        3.61363   |   07:46:41   |   02:22:41   |
10807       |        -4952.7   |       -4958.28   |        5.58559   |   07:49:10   |   02:23:23   |
10808       |       -4953.05   |       -4960.32   |        7.26753   |   07:51:40   |   02:24:06   |
10809       |       -4952.51   |       -4959.72   |         7.2095   |   07:54:10   |   02:24:48   |
10810       |       -4951.73   |        -4959.3   |        7.56086   |   07:56:45   |   02:25:32   |
10811       |       -4955.29   |       -4961.84   |        6.54758   |   07:59:12   |   02:26:13   |
10812       |       -4952.92   |        -4963.4   |        10.4863   |   08:01:34   |   02:26:53   |
10813       |       -4951.57   |       -4960.49   |        8.92122   |   08:03:57   |   02:27:33   |
10814       |       -4951.87   |       -4961.95   |        10.0841   |   08:06:13   |   02:28:11   |
10815       |       -4951.42   |       -4961.89   |        10.4639   |   08:08:35   |   02:28:51   |
10816       |       -4955.06   |       -4965.72   |        10.6577   |   08:10:54   |   02:29:30   |
10817       |       -4949.95   |       -4956.24   |        6.29029   |   08:13:19   |   02:30:10   |
10818       |       -4954.13   |       -4961.71   |        7.58112   |   08:15:48   |   02:30:52   |
10819       |       -4955.57   |       -4965.93   |        10.3596   |   08:18:22   |   02:31:35   |


Iter        |      Posterior   |     Likelihood   |          Prior   |    elapsed   |        ETA   |
----------------------------------------------------------------------------------------------------
10820       |       -4953.43   |       -4962.83   |        9.39694   |   08:20:57   |   02:32:19   |
10821       |       -4953.46   |       -4960.84   |        7.38006   |   08:23:16   |   02:32:57   |
10822       |       -4954.51   |       -4959.11   |        4.60075   |   08:25:39   |   02:33:37   |
10823       |       -4953.93   |       -4958.81   |        4.87563   |   08:28:10   |   02:34:19   |
10824       |       -4954.09   |       -4958.24   |        4.15426   |   08:30:46   |   02:35:03   |
10825       |       -4953.27   |       -4957.26   |        3.99372   |   08:33:20   |   02:35:46   |
10826       |       -4952.36   |       -4959.59   |        7.22919   |   08:35:46   |   02:36:27   |
10827       |       -4956.58   |       -4963.63   |        7.05377   |   08:38:16   |   02:37:09   |
10828       |       -4954.61   |        -4960.2   |        5.58818   |   08:40:52   |   02:37:52   |
10829       |       -4954.26   |       -4959.37   |        5.11027   |   08:43:29   |   02:38:36   |
10830       |       -4950.54   |       -4955.39   |        4.84738   |   08:45:51   |   02:39:15   |
10831       |       -4951.14   |       -4956.14   |        4.99309   |   08:48:20   |   02:39:56   |
10832       |       -4952.95   |       -4957.11   |        4.16255   |   08:50:49   |   02:40:38   |
10833       |       -4957.19   |       -4961.12   |        3.92857   |   08:53:15   |   02:41:18   |
10834       |       -4955.31   |       -4956.41   |        1.09979   |   08:55:46   |   02:42:00   |
10835       |       -4953.56   |       -4955.37   |        1.81111   |   08:58:13   |   02:42:40   |
10836       |       -4953.46   |        -4957.7   |        4.24496   |   09:00:48   |   02:43:23   |
10837       |        -4952.7   |       -4957.52   |        4.82189   |   09:03:10   |   02:44:02   |
10838       |       -4953.06   |       -4958.66   |        5.59903   |   09:05:31   |   02:44:41   |
10839       |       -4956.64   |       -4961.03   |        4.39433   |   09:07:52   |   02:45:20   |


Iter        |      Posterior   |     Likelihood   |          Prior   |    elapsed   |        ETA   |
----------------------------------------------------------------------------------------------------
10840       |       -4958.59   |       -4964.48   |        5.88362   |   09:10:18   |   02:46:00   |
10841       |       -4958.33   |       -4960.17   |        1.84149   |   09:12:42   |   02:46:39   |
10842       |       -4955.82   |       -4960.74   |        4.91706   |   09:15:04   |   02:47:18   |
10843       |       -4957.31   |       -4960.37   |        3.05401   |   09:17:29   |   02:47:58   |
10844       |       -4955.72   |       -4960.46   |         4.7396   |   09:19:55   |   02:48:38   |
10845       |       -4956.18   |       -4961.11   |        4.92121   |   09:22:18   |   02:49:17   |
10846       |       -4957.79   |       -4963.17   |        5.38264   |   09:24:35   |   02:49:54   |
10847       |       -4957.49   |       -4960.82   |         3.3313   |   09:26:59   |   02:50:33   |
10848       |       -4957.26   |       -4958.77   |        1.50607   |   09:29:26   |   02:51:13   |
10849       |       -4958.38   |        -4957.6   |      -0.772517   |   09:31:54   |   02:51:54   |
10850       |       -4955.26   |       -4954.58   |      -0.683891   |   09:34:25   |   02:52:35   |
10851       |       -4953.69   |       -4954.45   |        0.76121   |   09:37:01   |   02:53:18   |
10852       |          -4955   |       -4954.97   |     -0.0349953   |   09:39:27   |   02:53:57   |
10853       |       -4955.12   |        -4955.5   |       0.375785   |   09:41:58   |   02:54:38   |
10854       |       -4954.12   |       -4954.52   |       0.402081   |   09:44:30   |   02:55:20   |
10855       |       -4954.12   |       -4954.52   |       0.402081   |   09:47:01   |   02:56:01   |
10856       |       -4954.92   |       -4953.67   |       -1.25185   |   09:49:39   |   02:56:44   |
10857       |       -4953.89   |       -4951.04   |       -2.85058   |   09:52:23   |   02:57:29   |
10858       |       -4953.42   |       -4951.01   |       -2.41682   |   09:55:02   |   02:58:12   |
10859       |       -4953.38   |       -4950.96   |       -2.41661   |   09:57:50   |   02:58:58   |


Iter        |      Posterior   |     Likelihood   |          Prior   |    elapsed   |        ETA   |
----------------------------------------------------------------------------------------------------
10860       |       -4953.53   |       -4951.15   |       -2.37937   |   10:00:31   |   02:59:42   |
10861       |       -4954.29   |       -4955.94   |        1.65153   |   10:03:06   |   03:00:24   |
10862       |       -4954.01   |       -4953.58   |       -0.42379   |   10:05:39   |   03:01:06   |
10863       |       -4954.47   |       -4952.23   |       -2.23436   |   10:08:10   |   03:01:47   |
10864       |       -4954.42   |       -4950.72   |       -3.69867   |   10:10:49   |   03:02:30   |
10865       |       -4953.92   |       -4951.73   |       -2.19076   |   10:13:26   |   03:03:12   |
10866       |       -4950.68   |       -4951.55   |       0.878539   |   10:15:54   |   03:03:52   |
10867       |       -4950.69   |       -4951.57   |       0.878513   |   10:18:29   |   03:04:34   |
10868       |       -4949.77   |       -4952.43   |        2.65954   |   10:21:00   |   03:05:14   |
10869       |       -4949.93   |       -4952.04   |        2.11199   |   10:23:22   |   03:05:52   |
10870       |       -4949.22   |       -4952.26   |        3.03484   |   10:25:57   |   03:06:34   |
10871       |       -4950.67   |       -4955.55   |        4.88425   |   10:28:21   |   03:07:12   |
10872       |       -4949.28   |       -4954.84   |        5.55676   |   10:30:56   |   03:07:54   |
10873       |       -4950.13   |       -4951.82   |        1.69422   |   10:33:24   |   03:08:34   |
10874       |       -4949.24   |       -4952.06   |        2.81697   |   10:35:57   |   03:09:15   |
10875       |       -4950.22   |       -4952.95   |        2.73291   |   10:38:24   |   03:09:54   |
10876       |        -4951.1   |       -4955.09   |        3.99769   |   10:40:44   |   03:10:31   |
10877       |       -4951.06   |       -4954.96   |        3.89619   |   10:43:03   |   03:11:08   |
10878       |       -4951.02   |       -4954.91   |        3.88557   |   10:45:27   |   03:11:46   |
10879       |       -4951.66   |       -4956.49   |        4.82439   |   10:47:45   |   03:12:22   |


Iter        |      Posterior   |     Likelihood   |          Prior   |    elapsed   |        ETA   |
----------------------------------------------------------------------------------------------------
10880       |       -4951.82   |       -4960.23   |        8.41556   |   10:49:59   |   03:12:57   |
10881       |          -4952   |       -4960.31   |         8.3123   |   10:52:11   |   03:13:32   |
10882       |          -4954   |       -4958.65   |        4.64945   |   10:54:19   |   03:14:05   |
10883       |       -4954.92   |       -4959.25   |        4.33172   |   10:56:26   |   03:14:38   |
10884       |       -4955.53   |       -4959.94   |        4.41195   |   10:58:39   |   03:15:13   |
10885       |        -4954.8   |       -4959.53   |        4.72829   |   11:00:50   |   03:15:47   |
10886       |       -4954.49   |       -4959.22   |        4.73028   |   11:03:13   |   03:16:25   |
10887       |       -4954.49   |       -4959.22   |        4.73028   |   11:05:32   |   03:17:01   |
10888       |        -4956.2   |       -4959.48   |        3.28123   |   11:07:49   |   03:17:37   |
10889       |       -4953.57   |       -4960.32   |        6.75349   |   11:10:00   |   03:18:11   |
10890       |       -4953.02   |       -4959.15   |        6.12654   |   11:12:08   |   03:18:44   |
10891       |       -4954.07   |       -4957.64   |        3.56654   |   11:14:22   |   03:19:19   |
10892       |        -4953.3   |       -4957.35   |        4.04918   |   11:16:30   |   03:19:52   |
10893       |       -4952.82   |       -4956.94   |        4.12846   |   11:18:39   |   03:20:25   |
10894       |       -4955.51   |       -4960.89   |        5.38458   |   11:20:50   |   03:20:59   |
10895       |       -4954.85   |       -4959.58   |        4.72582   |   11:22:55   |   03:21:31   |
10896       |        -4955.6   |       -4960.17   |        4.57837   |   11:25:08   |   03:22:05   |
10897       |       -4952.61   |       -4958.46   |        5.84587   |   11:27:17   |   03:22:38   |
10898       |       -4953.02   |        -4958.9   |        5.87896   |   11:29:33   |   03:23:13   |
10899       |       -4953.77   |       -4959.64   |        5.87617   |   11:31:50   |   03:23:49   |


Iter        |      Posterior   |     Likelihood   |          Prior   |    elapsed   |        ETA   |
----------------------------------------------------------------------------------------------------
10900       |       -4953.77   |       -4959.64   |        5.87617   |   11:34:11   |   03:24:26   |
10901       |       -4951.02   |       -4955.03   |        4.01242   |   11:36:18   |   03:24:58   |
10902       |       -4951.48   |       -4955.72   |        4.23957   |   11:38:36   |   03:25:34   |
10903       |       -4951.03   |       -4955.15   |        4.12172   |   11:40:44   |   03:26:06   |
10904       |       -4949.44   |       -4953.63   |        4.18873   |   11:42:47   |   03:26:37   |
10905       |       -4948.27   |       -4951.69   |        3.42475   |   11:45:01   |   03:27:12   |
10906       |       -4950.54   |        -4950.3   |      -0.240061   |   11:47:15   |   03:27:46   |
10907       |       -4952.12   |       -4950.92   |       -1.19797   |   11:49:38   |   03:28:23   |
10908       |       -4949.99   |       -4951.43   |        1.44197   |   11:51:55   |   03:28:58   |
10909       |        -4947.5   |        -4951.2   |        3.69897   |   11:54:11   |   03:29:33   |
10910       |       -4948.51   |       -4952.33   |         3.8232   |   11:56:25   |   03:30:07   |
10911       |       -4949.76   |       -4950.96   |         1.2061   |   11:58:36   |   03:30:41   |
10912       |       -4950.84   |        -4950.1   |      -0.738592   |   12:00:58   |   03:31:17   |
10913       |       -4950.88   |       -4949.46   |       -1.42314   |   12:03:18   |   03:31:53   |
10914       |        -4950.6   |       -4948.57   |       -2.02876   |   12:05:40   |   03:32:30   |
10915       |       -4949.51   |       -4950.63   |        1.11594   |   12:07:59   |   03:33:05   |
10916       |       -4949.84   |       -4950.48   |       0.643025   |   12:10:20   |   03:33:41   |
10917       |       -4953.25   |       -4954.21   |       0.958378   |   12:12:41   |   03:34:17   |
10918       |       -4956.21   |       -4957.32   |        1.11469   |   12:14:52   |   03:34:50   |
10919       |       -4952.21   |       -4949.66   |       -2.54911   |   12:17:07   |   03:35:25   |


Iter        |      Posterior   |     Likelihood   |          Prior   |    elapsed   |        ETA   |
----------------------------------------------------------------------------------------------------
10920       |       -4955.55   |       -4954.14   |       -1.40683   |   12:19:27   |   03:36:00   |
10921       |       -4956.42   |       -4955.56   |      -0.863589   |   12:21:41   |   03:36:34   |
10922       |       -4957.47   |        -4954.2   |       -3.26929   |   12:24:02   |   03:37:10   |
10923       |       -4955.08   |       -4953.33   |       -1.75146   |   12:26:22   |   03:37:46   |
10924       |       -4955.31   |       -4956.89   |        1.58365   |   12:28:39   |   03:38:20   |
10925       |       -4954.58   |       -4957.57   |        2.98577   |   12:30:55   |   03:38:55   |
10926       |       -4954.55   |       -4958.49   |        3.94319   |   12:33:02   |   03:39:26   |
10927       |       -4953.38   |       -4956.88   |        3.50244   |   12:35:16   |   03:40:00   |
10928       |       -4954.63   |       -4960.37   |        5.73866   |   12:37:29   |   03:40:33   |
10929       |       -4953.45   |       -4959.23   |        5.78471   |   12:39:38   |   03:41:05   |
10930       |       -4953.45   |       -4959.23   |        5.78471   |   12:41:53   |   03:41:39   |
10931       |       -4953.45   |       -4959.23   |        5.78471   |   12:44:16   |   03:42:16   |
10932       |       -4953.45   |       -4959.23   |        5.78471   |   12:46:41   |   03:42:52   |
10933       |       -4954.15   |       -4962.35   |        8.19948   |   12:48:48   |   03:43:24   |
10934       |       -4955.13   |       -4957.81   |        2.67741   |   12:51:07   |   03:43:59   |
10935       |        -4954.2   |        -4956.5   |        2.29504   |   12:53:25   |   03:44:33   |
10936       |       -4952.19   |       -4955.67   |        3.47557   |   12:55:43   |   03:45:08   |
10937       |       -4951.65   |       -4955.01   |        3.35776   |   12:57:59   |   03:45:42   |
10938       |       -4951.69   |       -4955.16   |        3.47678   |   13:00:11   |   03:46:15   |
10939       |       -4951.83   |       -4959.67   |        7.83721   |   13:02:25   |   03:46:48   |


Iter        |      Posterior   |     Likelihood   |          Prior   |    elapsed   |        ETA   |
----------------------------------------------------------------------------------------------------
10940       |       -4950.93   |       -4957.19   |        6.25855   |   13:04:44   |   03:47:23   |
10941       |       -4949.25   |       -4958.11   |        8.85585   |   13:07:06   |   03:47:58   |
10942       |       -4950.73   |       -4959.43   |        8.69202   |   13:09:26   |   03:48:33   |
10943       |        -4949.4   |       -4957.88   |        8.48844   |   13:11:53   |   03:49:10   |
10944       |       -4951.69   |       -4957.22   |         5.5328   |   13:14:08   |   03:49:44   |
10945       |        -4948.5   |       -4954.88   |        6.37951   |   13:16:29   |   03:50:19   |
10946       |        -4950.5   |       -4958.12   |        7.61872   |   13:18:53   |   03:50:55   |
10947       |       -4950.63   |       -4955.96   |        5.32907   |   13:21:17   |   03:51:31   |
10948       |       -4950.81   |       -4956.55   |        5.73532   |   13:23:41   |   03:52:07   |
10949       |       -4953.72   |       -4955.75   |        2.02738   |   13:26:05   |   03:52:43   |
10950       |        -4957.3   |       -4956.01   |       -1.28613   |   13:28:38   |   03:53:21   |
10951       |       -4953.74   |       -4954.37   |        0.63225   |   13:31:10   |   03:53:59   |
10952       |        -4949.3   |       -4951.19   |        1.88889   |   13:33:37   |   03:54:36   |
10953       |       -4950.64   |       -4954.84   |        4.19692   |   13:35:44   |   03:55:07   |
10954       |       -4953.24   |       -4957.61   |        4.37187   |   13:38:06   |   03:55:42   |
10955       |       -4951.84   |       -4957.23   |         5.3952   |   13:40:30   |   03:56:18   |
10956       |       -4952.41   |       -4957.22   |        4.80847   |   13:42:43   |   03:56:50   |
10957       |       -4948.52   |       -4951.72   |        3.20194   |   13:44:59   |   03:57:23   |
10958       |       -4950.34   |       -4953.76   |        3.41331   |   13:47:29   |   03:58:01   |
10959       |       -4951.91   |       -4952.54   |       0.626654   |   13:49:55   |   03:58:37   |


Iter        |      Posterior   |     Likelihood   |          Prior   |    elapsed   |        ETA   |
----------------------------------------------------------------------------------------------------
10960       |       -4951.75   |       -4953.28   |        1.52608   |   13:52:26   |   03:59:14   |
10961       |        -4950.8   |       -4956.78   |        5.97534   |   13:54:49   |   03:59:50   |
10962       |       -4952.65   |       -4956.75   |        4.10279   |   13:57:08   |   04:00:24   |
10963       |       -4956.74   |       -4956.31   |      -0.429351   |   13:59:35   |   04:01:00   |
10964       |       -4955.34   |       -4954.21   |       -1.12211   |   14:02:10   |   04:01:39   |
10965       |        -4956.2   |       -4957.64   |        1.43931   |   14:04:43   |   04:02:16   |
10966       |       -4951.67   |       -4956.35   |        4.67653   |   14:06:57   |   04:02:49   |
10967       |       -4956.06   |       -4960.14   |        4.07327   |   14:09:21   |   04:03:24   |
10968       |       -4957.91   |       -4963.69   |        5.78694   |   14:11:42   |   04:03:59   |
10969       |       -4954.06   |        -4957.7   |        3.64391   |   14:14:00   |   04:04:32   |
10970       |       -4952.99   |        -4956.8   |         3.8097   |   14:16:19   |   04:05:06   |
10971       |       -4954.56   |       -4958.84   |        4.27258   |   14:18:45   |   04:05:42   |
10972       |       -4952.13   |       -4957.15   |        5.01384   |   14:21:03   |   04:06:15   |
10973       |       -4952.16   |       -4956.01   |        3.84343   |   14:23:26   |   04:06:50   |
10974       |       -4954.58   |       -4958.39   |        3.81254   |   14:25:48   |   04:07:24   |
10975       |       -4955.68   |       -4956.68   |        0.99661   |   14:28:11   |   04:07:59   |
10976       |       -4952.86   |       -4955.42   |        2.56317   |   14:30:44   |   04:08:37   |
10977       |       -4952.27   |       -4954.99   |        2.72566   |   14:33:22   |   04:09:16   |
10978       |       -4952.27   |       -4954.99   |        2.72566   |   14:36:02   |   04:09:55   |
10979       |       -4954.66   |       -4958.45   |        3.79253   |   14:38:31   |   04:10:32   |


Iter        |      Posterior   |     Likelihood   |          Prior   |    elapsed   |        ETA   |
----------------------------------------------------------------------------------------------------
10980       |       -4960.06   |       -4964.18   |        4.11819   |   14:40:54   |   04:11:06   |
10981       |       -4956.65   |       -4962.55   |        5.89937   |   14:43:16   |   04:11:41   |
10982       |       -4953.88   |       -4957.98   |        4.10266   |   14:45:39   |   04:12:15   |
10983       |       -4959.33   |       -4958.78   |       -0.54318   |   14:48:04   |   04:12:50   |
10984       |       -4955.03   |       -4954.54   |      -0.488454   |   14:50:35   |   04:13:27   |
10985       |       -4959.87   |       -4960.92   |        1.04588   |   14:53:09   |   04:14:04   |
10986       |       -4955.83   |       -4959.77   |        3.94505   |   14:55:30   |   04:14:38   |
10987       |       -4956.39   |       -4959.63   |         3.2417   |   14:57:51   |   04:15:12   |
10988       |       -4956.31   |       -4959.13   |        2.81884   |   15:00:19   |   04:15:48   |
10989       |       -4953.84   |       -4959.98   |        6.13882   |   15:02:42   |   04:16:22   |
10990       |       -4955.18   |       -4961.74   |        6.56045   |   15:05:06   |   04:16:57   |
10991       |       -4955.89   |        -4962.3   |        6.41389   |   15:07:27   |   04:17:30   |
10992       |       -4953.79   |       -4957.65   |        3.85629   |   15:09:50   |   04:18:05   |
10993       |       -4953.41   |       -4958.46   |        5.04623   |   15:12:08   |   04:18:37   |
10994       |       -4955.11   |       -4958.29   |        3.18491   |   15:14:29   |   04:19:11   |
10995       |       -4956.21   |       -4960.27   |        4.06185   |   15:16:42   |   04:19:42   |
10996       |       -4952.11   |       -4956.13   |        4.01932   |   15:19:01   |   04:20:15   |
10997       |       -4950.23   |       -4951.95   |        1.71817   |   15:21:30   |   04:20:51   |
10998       |        -4950.4   |       -4952.12   |        1.71851   |   15:24:03   |   04:21:28   |
10999       |       -4951.02   |        -4954.1   |        3.07438   |   15:26:27   |   04:22:02   |


Iter        |      Posterior   |     Likelihood   |          Prior   |    elapsed   |        ETA   |
----------------------------------------------------------------------------------------------------
11000       |       -4951.78   |       -4954.42   |        2.64548   |   15:28:54   |   04:22:37   |
11001       |       -4953.89   |       -4956.89   |        3.00418   |   15:31:21   |   04:23:12   |
11002       |       -4951.33   |       -4953.01   |        1.67874   |   15:33:51   |   04:23:48   |
11003       |       -4952.43   |       -4956.98   |        4.54997   |   15:36:23   |   04:24:24   |
11004       |       -4950.95   |        -4955.9   |        4.95241   |   15:38:49   |   04:24:59   |
11005       |       -4950.95   |        -4955.9   |        4.95241   |   15:41:20   |   04:25:35   |
11006       |       -4951.12   |       -4956.71   |        5.58628   |   15:43:45   |   04:26:09   |
11007       |       -4953.84   |       -4957.07   |        3.23104   |   15:46:13   |   04:26:44   |
11008       |       -4952.23   |       -4955.74   |        3.51495   |   15:48:37   |   04:27:18   |
11009       |       -4951.37   |       -4953.97   |         2.5988   |   15:50:51   |   04:27:50   |
11010       |       -4951.33   |       -4957.15   |        5.81522   |   15:53:09   |   04:28:22   |
11011       |       -4950.53   |       -4952.71   |        2.18353   |   15:55:32   |   04:28:55   |
11012       |       -4951.89   |       -4954.04   |        2.15028   |   15:58:09   |   04:29:33   |
11013       |        -4952.2   |       -4957.05   |        4.85641   |   16:00:29   |   04:30:06   |
11014       |       -4952.17   |        -4956.4   |        4.22834   |   16:02:47   |   04:30:38   |
11015       |       -4949.47   |       -4953.07   |        3.59637   |   16:05:11   |   04:31:11   |
11016       |       -4953.01   |       -4953.19   |       0.176232   |   16:07:38   |   04:31:46   |
11017       |       -4954.25   |       -4954.13   |       -0.12753   |   16:10:07   |   04:32:21   |
11018       |       -4951.65   |       -4954.58   |        2.93059   |   16:12:33   |   04:32:55   |
11019       |        -4949.9   |       -4952.71   |          2.814   |   16:14:54   |   04:33:28   |


Iter        |      Posterior   |     Likelihood   |          Prior   |    elapsed   |        ETA   |
----------------------------------------------------------------------------------------------------
11020       |       -4948.43   |       -4952.29   |        3.85437   |   16:17:16   |   04:34:01   |
11021       |       -4946.58   |       -4951.67   |        5.09241   |   16:19:42   |   04:34:35   |
11022       |       -4947.82   |       -4953.42   |        5.60816   |   16:22:16   |   04:35:11   |
11023       |       -4948.74   |          -4951   |         2.2626   |   16:24:28   |   04:35:42   |
11024       |       -4950.49   |       -4954.92   |        4.43137   |   16:26:58   |   04:36:17   |
11025       |       -4949.18   |        -4952.3   |        3.12239   |   16:29:20   |   04:36:50   |
11026       |       -4948.71   |       -4951.35   |        2.63383   |   16:31:53   |   04:37:25   |
11027       |       -4948.07   |       -4948.17   |       0.104598   |   16:34:23   |   04:38:00   |
11028       |        -4947.9   |       -4948.59   |       0.681755   |   16:36:52   |   04:38:35   |
11029       |       -4949.23   |       -4948.96   |      -0.278882   |   16:39:18   |   04:39:09   |
11030       |       -4948.45   |       -4948.19   |      -0.261188   |   16:41:32   |   04:39:39   |
11031       |       -4949.28   |       -4948.91   |      -0.364909   |   16:43:57   |   04:40:13   |
11032       |       -4950.25   |       -4951.43   |        1.17462   |   16:46:20   |   04:40:46   |
11033       |        -4952.7   |        -4952.6   |     -0.0973675   |   16:48:42   |   04:41:19   |
11034       |       -4950.53   |        -4949.9   |      -0.637287   |   16:51:07   |   04:41:52   |
11035       |       -4950.86   |       -4948.41   |       -2.44851   |   16:53:38   |   04:42:27   |
11036       |       -4951.03   |        -4947.6   |        -3.4236   |   16:56:10   |   04:43:02   |
11037       |       -4949.63   |       -4947.95   |       -1.67204   |   16:58:35   |   04:43:36   |
11038       |       -4947.97   |       -4948.05   |      0.0800751   |   17:01:11   |   04:44:12   |
11039       |        -4947.3   |       -4950.34   |        3.04483   |   17:03:32   |   04:44:44   |


Iter        |      Posterior   |     Likelihood   |          Prior   |    elapsed   |        ETA   |
----------------------------------------------------------------------------------------------------
11040       |       -4952.99   |       -4954.04   |        1.05147   |   17:06:01   |   04:45:18   |
11041       |       -4951.56   |       -4952.48   |       0.924952   |   17:08:27   |   04:45:52   |
11042       |       -4950.47   |       -4949.31   |       -1.16094   |   17:10:55   |   04:46:26   |
11043       |       -4951.81   |       -4953.97   |        2.16318   |   17:13:20   |   04:46:59   |
11044       |          -4951   |       -4955.62   |        4.62041   |   17:15:46   |   04:47:32   |
11045       |       -4952.06   |       -4957.21   |        5.15051   |   17:18:20   |   04:48:08   |
11046       |       -4950.51   |       -4956.81   |        6.30655   |   17:20:44   |   04:48:41   |
11047       |       -4951.76   |       -4954.43   |        2.67091   |   17:23:16   |   04:49:15   |
11048       |       -4950.71   |       -4955.96   |        5.25074   |   17:25:50   |   04:49:51   |
11049       |       -4952.37   |       -4957.44   |        5.06851   |   17:28:13   |   04:50:23   |
11050       |       -4953.25   |       -4958.89   |        5.64052   |   17:30:40   |   04:50:57   |
11051       |       -4950.63   |       -4958.72   |        8.09541   |   17:32:55   |   04:51:27   |
11052       |       -4950.52   |       -4957.14   |        6.61416   |   17:35:12   |   04:51:57   |
11053       |       -4951.78   |       -4959.52   |        7.73408   |   17:37:27   |   04:52:27   |
11054       |       -4953.83   |       -4961.06   |        7.22395   |   17:39:49   |   04:52:59   |
11055       |       -4953.13   |       -4960.28   |        7.15144   |   17:42:07   |   04:53:30   |
11056       |       -4954.42   |       -4962.11   |        7.69256   |   17:44:18   |   04:53:59   |
11057       |       -4951.81   |       -4954.59   |        2.77612   |   17:46:45   |   04:54:32   |
11058       |       -4952.36   |       -4956.47   |        4.11149   |   17:49:12   |   04:55:05   |
11059       |       -4952.13   |       -4954.48   |        2.34812   |   17:51:36   |   04:55:38   |


Iter        |      Posterior   |     Likelihood   |          Prior   |    elapsed   |        ETA   |
----------------------------------------------------------------------------------------------------
11060       |       -4951.32   |       -4954.55   |         3.2247   |   17:53:59   |   04:56:10   |
11061       |       -4955.89   |       -4956.11   |       0.223393   |   17:56:27   |   04:56:43   |
11062       |       -4955.89   |       -4952.03   |        -3.8542   |   17:58:57   |   04:57:17   |
11063       |       -4955.42   |       -4953.14   |       -2.27701   |   18:01:23   |   04:57:50   |
11064       |       -4955.36   |       -4953.66   |       -1.69411   |   18:03:49   |   04:58:22   |
11065       |       -4955.82   |        -4953.1   |       -2.71235   |   18:06:16   |   04:58:55   |
11066       |       -4954.76   |       -4957.29   |        2.53318   |   18:08:50   |   04:59:30   |
11067       |       -4952.89   |       -4955.29   |        2.40167   |   18:11:00   |   04:59:58   |
11068       |       -4953.39   |       -4950.41   |       -2.97674   |   18:13:17   |   05:00:29   |
11069       |       -4952.54   |       -4951.17   |       -1.36844   |   18:15:46   |   05:01:02   |
11070       |       -4952.68   |       -4953.05   |        0.36964   |   18:18:10   |   05:01:34   |
11071       |       -4952.96   |       -4954.34   |        1.38688   |   18:20:36   |   05:02:06   |
11072       |       -4950.97   |       -4951.18   |       0.208621   |   18:23:02   |   05:02:39   |
11073       |       -4951.97   |       -4953.36   |        1.39083   |   18:25:24   |   05:03:10   |
11074       |       -4950.03   |       -4953.98   |        3.94516   |   18:27:45   |   05:03:41   |
11075       |       -4951.15   |       -4953.44   |        2.28571   |   18:30:09   |   05:04:13   |
11076       |       -4951.84   |       -4953.03   |        1.18465   |   18:32:31   |   05:04:44   |
11077       |          -4953   |       -4958.15   |         5.1434   |   18:34:50   |   05:05:15   |
11078       |       -4954.66   |       -4957.27   |        2.61219   |   18:37:14   |   05:05:46   |
11079       |       -4953.34   |       -4954.97   |          1.631   |   18:39:46   |   05:06:20   |


Iter        |      Posterior   |     Likelihood   |          Prior   |    elapsed   |        ETA   |
----------------------------------------------------------------------------------------------------
11080       |       -4953.34   |       -4954.97   |          1.631   |   18:42:22   |   05:06:55   |
11081       |       -4952.71   |       -4954.22   |        1.51254   |   18:44:53   |   05:07:29   |
11082       |       -4953.46   |       -4956.12   |        2.66408   |   18:47:24   |   05:08:02   |
11083       |       -4954.78   |       -4955.26   |       0.478617   |   18:50:00   |   05:08:37   |
11084       |       -4960.53   |       -4958.54   |        -1.9908   |   18:52:32   |   05:09:11   |
11085       |       -4956.42   |       -4954.06   |       -2.35624   |   18:55:05   |   05:09:45   |
11086       |       -4955.76   |       -4955.08   |      -0.681968   |   18:57:29   |   05:10:16   |
11087       |       -4953.41   |       -4953.97   |        0.56588   |   18:59:57   |   05:10:49   |
11088       |       -4952.16   |       -4953.51   |        1.34784   |   19:02:18   |   05:11:19   |
11089       |       -4952.01   |       -4952.78   |       0.778987   |   19:04:36   |   05:11:49   |
11090       |       -4950.77   |       -4952.18   |        1.41014   |   19:07:03   |   05:12:21   |
11091       |       -4951.14   |       -4953.66   |        2.52096   |   19:09:24   |   05:12:52   |
11092       |        -4950.8   |        -4957.3   |         6.5062   |   19:11:42   |   05:13:21   |
11093       |       -4948.81   |       -4953.86   |        5.05404   |   19:13:57   |   05:13:50   |
11094       |        -4948.7   |       -4956.19   |        7.49082   |   19:16:16   |   05:14:20   |
11095       |       -4952.16   |       -4958.24   |        6.07521   |   19:18:30   |   05:14:48   |
11096       |       -4951.46   |       -4957.97   |         6.5079   |   19:20:52   |   05:15:19   |
11097       |       -4952.69   |       -4958.75   |         6.0621   |   19:23:06   |   05:15:47   |
11098       |       -4952.69   |       -4958.75   |         6.0621   |   19:25:36   |   05:16:20   |
11099       |       -4952.37   |       -4957.44   |        5.07095   |   19:27:56   |   05:16:50   |


Iter        |      Posterior   |     Likelihood   |          Prior   |    elapsed   |        ETA   |
----------------------------------------------------------------------------------------------------
11100       |       -4953.61   |       -4955.55   |        1.94206   |   19:30:15   |   05:17:20   |
11101       |       -4952.67   |       -4954.94   |        2.26467   |   19:32:33   |   05:17:49   |
11102       |       -4953.65   |       -4956.54   |         2.8911   |   19:34:50   |   05:18:18   |
11103       |       -4954.83   |       -4958.33   |        3.49506   |   19:37:04   |   05:18:46   |
11104       |       -4956.06   |       -4959.29   |         3.2274   |   19:39:34   |   05:19:19   |
11105       |       -4953.09   |       -4956.62   |        3.53299   |   19:42:04   |   05:19:51   |
11106       |       -4955.32   |       -4954.53   |      -0.791775   |   19:44:29   |   05:20:23   |
11107       |        -4950.4   |        -4950.1   |      -0.297635   |   19:46:54   |   05:20:54   |
11108       |       -4949.88   |       -4953.75   |        3.86848   |   19:49:21   |   05:21:25   |
11109       |       -4952.05   |       -4956.04   |        3.98308   |   19:51:33   |   05:21:53   |
11110       |       -4950.53   |       -4953.17   |         2.6472   |   19:53:48   |   05:22:21   |
11111       |       -4950.53   |       -4953.17   |         2.6472   |   19:56:13   |   05:22:52   |
11112       |       -4950.53   |       -4953.17   |         2.6472   |   19:58:43   |   05:23:24   |
11113       |       -4950.28   |       -4953.11   |        2.83831   |   20:01:05   |   05:23:54   |
11114       |       -4951.69   |       -4952.42   |       0.730758   |   20:03:35   |   05:24:26   |
11115       |       -4953.07   |       -4956.59   |        3.52007   |   20:06:03   |   05:24:58   |
11116       |       -4954.88   |       -4955.29   |       0.410728   |   20:08:31   |   05:25:30   |
11117       |       -4951.42   |       -4953.25   |         1.8308   |   20:11:00   |   05:26:02   |
11118       |       -4952.08   |       -4954.03   |        1.94197   |   20:13:23   |   05:26:32   |
11119       |       -4952.08   |       -4954.03   |        1.94197   |   20:15:56   |   05:27:05   |


Iter        |      Posterior   |     Likelihood   |          Prior   |    elapsed   |        ETA   |
----------------------------------------------------------------------------------------------------
11120       |       -4952.92   |       -4956.14   |        3.22207   |   20:18:17   |   05:27:34   |
11121       |       -4951.32   |       -4954.73   |        3.40559   |   20:20:33   |   05:28:02   |
11122       |       -4951.32   |       -4954.99   |        3.67172   |   20:22:49   |   05:28:31   |
11123       |       -4950.41   |       -4954.27   |        3.86028   |   20:25:13   |   05:29:01   |
11124       |       -4954.77   |       -4955.13   |       0.362545   |   20:27:37   |   05:29:31   |
11125       |       -4952.65   |       -4955.03   |        2.37846   |   20:30:00   |   05:30:01   |
11126       |       -4948.64   |       -4953.88   |        5.24529   |   20:32:15   |   05:30:29   |
11127       |       -4949.07   |       -4954.58   |        5.51066   |   20:34:29   |   05:30:56   |
11128       |       -4949.13   |       -4955.27   |        6.13731   |   20:36:50   |   05:31:26   |
11129       |       -4949.91   |       -4955.61   |        5.69223   |   20:39:08   |   05:31:54   |
11130       |       -4950.29   |       -4955.11   |        4.81548   |   20:41:26   |   05:32:23   |
11131       |        -4953.5   |       -4960.39   |        6.88404   |   20:43:41   |   05:32:50   |
11132       |       -4949.94   |       -4957.04   |        7.09533   |   20:46:05   |   05:33:20   |
11133       |       -4953.69   |       -4960.18   |        6.48948   |   20:48:29   |   05:33:50   |
11134       |        -4955.8   |       -4961.17   |        5.37417   |   20:50:43   |   05:34:18   |
11135       |       -4953.16   |       -4961.34   |        8.17188   |   20:53:00   |   05:34:46   |
11136       |       -4958.25   |       -4964.95   |        6.69924   |   20:55:23   |   05:35:15   |
11137       |       -4956.16   |       -4962.62   |        6.45863   |   20:57:35   |   05:35:42   |
11138       |       -4955.87   |       -4961.99   |        6.11388   |   20:59:53   |   05:36:10   |
11139       |       -4953.44   |        -4957.9   |        4.46015   |   21:02:09   |   05:36:38   |


Iter        |      Posterior   |     Likelihood   |          Prior   |    elapsed   |        ETA   |
----------------------------------------------------------------------------------------------------
11140       |       -4951.26   |          -4958   |        6.74102   |   21:04:24   |   05:37:05   |
11141       |       -4949.91   |       -4952.62   |        2.71274   |   21:06:41   |   05:37:33   |
11142       |       -4949.17   |       -4952.19   |        3.02446   |   21:09:02   |   05:38:02   |
11143       |       -4949.17   |       -4952.19   |        3.02446   |   21:11:37   |   05:38:35   |
11144       |       -4946.75   |       -4950.67   |        3.92871   |   21:14:04   |   05:39:05   |
11145       |       -4946.75   |       -4950.67   |        3.92871   |   21:16:27   |   05:39:35   |
11146       |       -4946.75   |       -4950.67   |        3.92871   |   21:18:56   |   05:40:06   |
11147       |       -4948.19   |       -4952.02   |        3.82691   |   21:21:22   |   05:40:36   |
11148       |       -4948.24   |       -4953.04   |        4.79739   |   21:23:37   |   05:41:03   |
11149       |       -4949.68   |       -4954.48   |        4.80526   |   21:25:51   |   05:41:30   |
11150       |       -4953.18   |       -4958.15   |        4.96872   |   21:28:06   |   05:41:57   |
11151       |       -4953.44   |       -4959.22   |        5.77561   |   21:30:19   |   05:42:23   |
11152       |       -4953.83   |        -4958.4   |        4.56619   |   21:32:46   |   05:42:53   |
11153       |       -4953.97   |       -4958.51   |        4.54211   |   21:35:11   |   05:43:23   |
11154       |       -4953.81   |        -4958.4   |        4.59483   |   21:37:32   |   05:43:52   |
11155       |       -4956.17   |       -4961.87   |        5.70605   |   21:39:49   |   05:44:19   |
11156       |       -4951.16   |       -4958.28   |        7.12195   |   21:42:06   |   05:44:47   |
11157       |       -4951.82   |       -4956.21   |        4.39125   |   21:44:21   |   05:45:13   |
11158       |       -4950.51   |       -4954.08   |        3.57476   |   21:46:32   |   05:45:39   |
11159       |       -4950.08   |       -4954.34   |        4.26349   |   21:48:50   |   05:46:07   |


Iter        |      Posterior   |     Likelihood   |          Prior   |    elapsed   |        ETA   |
----------------------------------------------------------------------------------------------------
11160       |        -4951.8   |       -4957.34   |         5.5382   |   21:51:00   |   05:46:32   |
11161       |        -4951.8   |       -4957.34   |         5.5382   |   21:53:32   |   05:47:03   |
11162       |       -4952.69   |       -4959.75   |         7.0664   |   21:55:47   |   05:47:30   |
11163       |       -4955.15   |       -4963.06   |        7.91697   |   21:57:55   |   05:47:55   |
11164       |        -4958.1   |       -4965.18   |        7.07636   |   22:00:15   |   05:48:23   |
11165       |       -4956.37   |       -4963.26   |        6.89625   |   22:02:28   |   05:48:49   |
11166       |       -4953.56   |       -4956.09   |        2.52495   |   22:04:45   |   05:49:16   |
11167       |       -4950.98   |       -4954.38   |        3.39727   |   22:07:08   |   05:49:45   |
11168       |       -4951.61   |       -4957.13   |        5.52026   |   22:09:25   |   05:50:12   |
11169       |        -4952.3   |       -4954.25   |        1.95869   |   22:11:36   |   05:50:38   |
11170       |       -4953.11   |       -4955.33   |        2.21699   |   22:14:03   |   05:51:07   |
11171       |       -4953.18   |       -4955.38   |        2.19692   |   22:16:29   |   05:51:37   |
11172       |       -4953.17   |       -4960.78   |        7.61083   |   22:18:52   |   05:52:05   |
11173       |       -4952.97   |       -4958.44   |        5.47281   |   22:21:14   |   05:52:33   |
11174       |       -4952.48   |       -4958.02   |        5.53413   |   22:23:31   |   05:53:00   |
11175       |       -4952.58   |       -4960.31   |        7.72747   |   22:25:45   |   05:53:26   |
11176       |       -4950.17   |       -4957.96   |        7.78258   |   22:27:59   |   05:53:52   |
11177       |       -4950.23   |       -4956.93   |        6.70041   |   22:30:13   |   05:54:18   |
11178       |       -4950.15   |       -4954.93   |        4.77392   |   22:32:38   |   05:54:47   |
11179       |       -4949.55   |       -4954.75   |         5.2041   |   22:34:50   |   05:55:13   |


Iter        |      Posterior   |     Likelihood   |          Prior   |    elapsed   |        ETA   |
----------------------------------------------------------------------------------------------------
11180       |       -4948.68   |       -4954.22   |        5.54372   |   22:37:09   |   05:55:40   |
11181       |       -4949.33   |       -4955.43   |        6.09805   |   22:39:34   |   05:56:09   |
11182       |       -4952.14   |       -4957.74   |        5.59769   |   22:41:45   |   05:56:34   |
11183       |       -4951.82   |        -4958.1   |        6.28271   |   22:44:09   |   05:57:02   |
11184       |       -4951.46   |       -4960.77   |        9.31648   |   22:46:23   |   05:57:28   |
11185       |        -4952.4   |       -4957.89   |        5.49325   |   22:48:37   |   05:57:54   |
11186       |       -4954.56   |       -4963.22   |        8.65327   |   22:50:59   |   05:58:22   |
11187       |       -4952.24   |       -4960.71   |        8.47916   |   22:53:19   |   05:58:49   |
11188       |       -4953.26   |       -4962.52   |        9.26422   |   22:55:30   |   05:59:14   |
11189       |       -4955.25   |       -4967.45   |        12.1916   |   22:57:55   |   05:59:43   |
11190       |       -4959.58   |        -4971.8   |         12.214   |   23:00:06   |   06:00:08   |
11191       |       -4954.26   |       -4966.27   |        12.0038   |   23:02:14   |   06:00:32   |
11192       |       -4951.08   |       -4960.16   |        9.07724   |   23:04:19   |   06:00:55   |
11193       |       -4952.78   |       -4960.27   |        7.48872   |   23:06:31   |   06:01:20   |
11194       |       -4950.59   |       -4958.63   |        8.04032   |   23:08:44   |   06:01:45   |
11195       |       -4951.91   |       -4960.01   |        8.10249   |   23:10:55   |   06:02:10   |
11196       |       -4948.36   |       -4955.49   |        7.13331   |   23:13:10   |   06:02:36   |
11197       |       -4948.68   |       -4957.21   |        8.53083   |   23:15:15   |   06:02:59   |
11198       |       -4949.14   |       -4957.13   |        7.99418   |   23:17:25   |   06:03:23   |
11199       |       -4948.49   |       -4954.93   |        6.43799   |   23:19:34   |   06:03:47   |


Iter        |      Posterior   |     Likelihood   |          Prior   |    elapsed   |        ETA   |
----------------------------------------------------------------------------------------------------
11200       |       -4953.27   |       -4962.13   |        8.85824   |   23:21:40   |   06:04:10   |
11201       |       -4950.41   |       -4961.54   |        11.1272   |   23:23:51   |   06:04:35   |
11202       |       -4950.67   |        -4962.8   |        12.1276   |   23:26:04   |   06:05:00   |
11203       |       -4949.55   |       -4960.49   |        10.9349   |   23:28:19   |   06:05:26   |
11204       |       -4949.55   |       -4960.49   |        10.9349   |   23:30:36   |   06:05:52   |
11205       |       -4949.55   |       -4960.49   |        10.9349   |   23:32:55   |   06:06:18   |
11206       |       -4953.27   |       -4965.14   |        11.8702   |   23:35:13   |   06:06:44   |
11207       |       -4949.15   |        -4959.2   |        10.0564   |   23:37:20   |   06:07:08   |
11208       |       -4948.31   |       -4958.51   |           10.2   |   23:39:32   |   06:07:32   |
11209       |       -4949.39   |       -4956.36   |        6.97328   |   23:41:45   |   06:07:57   |
11210       |       -4950.09   |       -4955.67   |        5.58109   |   23:43:57   |   06:08:22   |
11211       |       -4950.45   |       -4954.92   |        4.46763   |   23:46:17   |   06:08:48   |
11212       |       -4950.75   |       -4959.29   |        8.53761   |   23:48:29   |   06:09:13   |
11213       |       -4952.17   |       -4960.42   |        8.24335   |   23:50:37   |   06:09:36   |
11214       |       -4953.99   |       -4957.77   |        3.78475   |   23:52:50   |   06:10:01   |
11215       |       -4953.09   |       -4955.71   |        2.62105   |   23:55:03   |   06:10:26   |
11216       |       -4955.56   |       -4955.87   |       0.304901   |   23:57:21   |   06:10:52   |
11217       |       -4952.48   |       -4954.52   |        2.04437   |   23:59:35   |   06:11:17   |
11218       |       -4957.47   |        -4962.6   |        5.13046   |   24:01:37   |   06:11:38   |
11219       |       -4956.86   |       -4961.33   |        4.47826   |   24:03:54   |   06:12:04   |


Iter        |      Posterior   |     Likelihood   |          Prior   |    elapsed   |        ETA   |
----------------------------------------------------------------------------------------------------
11220       |       -4950.76   |       -4956.34   |        5.57471   |   24:05:56   |   06:12:26   |
11221       |       -4950.87   |       -4955.71   |        4.83709   |   24:08:07   |   06:12:50   |
11222       |        -4954.5   |       -4957.99   |         3.4912   |   24:10:15   |   06:13:13   |
11223       |       -4955.72   |       -4956.67   |       0.945107   |   24:12:37   |   06:13:40   |
11224       |       -4953.27   |       -4958.43   |        5.16051   |   24:14:54   |   06:14:05   |
11225       |       -4951.89   |       -4955.58   |        3.69059   |   24:17:14   |   06:14:31   |
11226       |       -4954.27   |       -4955.88   |        1.60703   |   24:19:37   |   06:14:58   |
11227       |       -4950.03   |       -4954.77   |        4.73511   |   24:22:01   |   06:15:26   |
11228       |       -4950.03   |       -4954.77   |        4.73511   |   24:24:30   |   06:15:54   |
11229       |       -4950.03   |       -4954.77   |        4.73511   |   24:26:57   |   06:16:22   |
11230       |       -4949.33   |       -4955.59   |        6.26109   |   24:29:20   |   06:16:49   |
11231       |       -4947.22   |       -4955.99   |        8.76978   |   24:31:35   |   06:17:13   |
11232       |       -4948.91   |       -4958.22   |        9.30977   |   24:33:49   |   06:17:38   |
11233       |       -4948.42   |       -4954.77   |        6.35003   |   24:35:53   |   06:18:00   |
11234       |       -4948.97   |       -4956.12   |        7.15736   |   24:38:17   |   06:18:27   |
11235       |       -4949.87   |       -4956.06   |        6.18608   |   24:40:34   |   06:18:52   |
11236       |       -4949.56   |       -4957.61   |        8.04801   |   24:42:47   |   06:19:16   |
11237       |       -4949.68   |       -4955.91   |        6.23428   |   24:45:01   |   06:19:40   |
11238       |       -4948.82   |       -4955.94   |        7.12286   |   24:47:17   |   06:20:05   |
11239       |       -4948.35   |       -4953.87   |        5.52167   |   24:49:26   |   06:20:28   |


Iter        |      Posterior   |     Likelihood   |          Prior   |    elapsed   |        ETA   |
----------------------------------------------------------------------------------------------------
11240       |       -4950.27   |       -4955.08   |        4.81225   |   24:51:33   |   06:20:50   |
11241       |       -4948.77   |       -4951.91   |        3.13818   |   24:53:45   |   06:21:14   |
11242       |       -4951.88   |       -4956.54   |         4.6556   |   24:55:57   |   06:21:38   |
11243       |       -4948.29   |       -4950.89   |        2.60608   |   24:58:10   |   06:22:02   |
11244       |       -4949.08   |       -4952.81   |        3.72826   |   25:00:31   |   06:22:28   |
11245       |       -4948.67   |       -4951.32   |        2.64395   |   25:02:43   |   06:22:51   |
11246       |        -4948.4   |       -4951.24   |        2.83978   |   25:04:58   |   06:23:16   |
11247       |       -4952.97   |       -4953.85   |       0.874285   |   25:07:10   |   06:23:39   |
11248       |       -4950.63   |       -4950.82   |       0.187045   |   25:09:22   |   06:24:03   |
11249       |       -4950.37   |       -4950.14   |      -0.220953   |   25:11:41   |   06:24:28   |
11250       |       -4951.54   |       -4947.96   |       -3.57597   |   25:14:04   |   06:24:54   |
11251       |       -4951.25   |       -4950.83   |      -0.416007   |   25:16:31   |   06:25:21   |
11252       |       -4953.41   |        -4953.4   |    -0.00814496   |   25:18:47   |   06:25:46   |
11253       |       -4949.83   |       -4949.21   |      -0.624916   |   25:21:09   |   06:26:12   |
11254       |       -4951.62   |       -4953.13   |        1.50416   |   25:23:30   |   06:26:37   |
11255       |       -4953.15   |       -4952.88   |      -0.264507   |   25:25:54   |   06:27:04   |
11256       |       -4955.58   |       -4955.29   |      -0.284222   |   25:28:18   |   06:27:30   |
11257       |       -4946.27   |       -4949.75   |        3.47732   |   25:30:38   |   06:27:55   |
11258       |       -4949.03   |       -4952.33   |        3.29752   |   25:32:54   |   06:28:19   |
11259       |       -4947.48   |       -4950.03   |        2.54978   |   25:35:14   |   06:28:45   |


Iter        |      Posterior   |     Likelihood   |          Prior   |    elapsed   |        ETA   |
----------------------------------------------------------------------------------------------------
11260       |       -4948.58   |       -4953.02   |        4.43379   |   25:37:35   |   06:29:10   |
11261       |       -4947.54   |       -4952.18   |        4.63781   |   25:39:56   |   06:29:35   |
11262       |       -4948.81   |       -4953.12   |        4.31091   |   25:42:20   |   06:30:02   |
11263       |       -4950.64   |       -4951.51   |       0.876564   |   25:44:44   |   06:30:28   |
11264       |       -4951.11   |       -4951.94   |        0.82256   |   25:47:15   |   06:30:56   |
11265       |       -4951.11   |       -4951.94   |        0.82256   |   25:49:52   |   06:31:25   |
11266       |       -4951.11   |       -4951.94   |        0.82256   |   25:52:32   |   06:31:55   |
11267       |       -4953.35   |       -4953.74   |       0.382555   |   25:54:52   |   06:32:20   |
11268       |       -4950.22   |       -4951.45   |        1.23524   |   25:57:15   |   06:32:46   |
11269       |       -4948.54   |       -4952.14   |         3.5966   |   25:59:39   |   06:33:11   |
11270       |        -4950.3   |       -4954.89   |        4.59131   |   26:02:09   |   06:33:39   |
11271       |       -4949.22   |        -4954.4   |        5.18122   |   26:04:34   |   06:34:05   |
11272       |       -4947.06   |       -4952.35   |        5.29649   |   26:06:53   |   06:34:30   |
11273       |       -4950.02   |       -4956.14   |        6.11232   |   26:09:17   |   06:34:55   |
11274       |       -4950.34   |       -4956.32   |        5.98459   |   26:11:31   |   06:35:19   |
11275       |       -4949.91   |       -4955.68   |        5.77221   |   26:13:53   |   06:35:44   |
11276       |       -4949.55   |        -4955.3   |        5.74363   |   26:16:14   |   06:36:09   |
11277       |       -4949.55   |        -4955.3   |        5.74363   |   26:18:40   |   06:36:35   |
11278       |       -4948.53   |       -4950.27   |        1.74551   |   26:20:56   |   06:36:59   |
11279       |       -4949.79   |       -4950.76   |       0.967188   |   26:23:15   |   06:37:23   |


Iter        |      Posterior   |     Likelihood   |          Prior   |    elapsed   |        ETA   |
----------------------------------------------------------------------------------------------------
11280       |       -4950.43   |       -4957.24   |        6.80644   |   26:25:37   |   06:37:48   |
11281       |       -4950.43   |       -4957.24   |        6.80644   |   26:28:01   |   06:38:14   |
11282       |       -4950.43   |       -4957.24   |        6.80644   |   26:30:25   |   06:38:39   |
11283       |       -4950.43   |       -4957.24   |        6.80644   |   26:32:46   |   06:39:04   |
11284       |       -4950.05   |       -4956.95   |        6.89894   |   26:35:06   |   06:39:28   |
11285       |       -4946.94   |       -4953.57   |        6.63068   |   26:37:22   |   06:39:52   |
11286       |       -4950.65   |       -4960.08   |        9.43074   |   26:39:33   |   06:40:14   |
11287       |        -4945.7   |       -4951.43   |        5.72525   |   26:41:52   |   06:40:38   |
11288       |       -4945.81   |       -4952.09   |        6.27134   |   26:44:12   |   06:41:03   |
11289       |       -4945.98   |       -4951.88   |        5.89807   |   26:46:32   |   06:41:27   |
11290       |       -4946.76   |       -4950.95   |        4.18124   |   26:48:50   |   06:41:51   |
11291       |       -4948.13   |       -4952.64   |        4.51146   |   26:51:03   |   06:42:13   |
11292       |       -4949.93   |       -4951.69   |        1.76429   |   26:53:36   |   06:42:41   |
11293       |       -4949.36   |       -4950.87   |        1.50899   |   26:56:10   |   06:43:08   |
11294       |       -4952.56   |       -4953.24   |       0.678481   |   26:58:40   |   06:43:35   |
11295       |       -4950.53   |       -4951.81   |        1.28447   |   27:01:08   |   06:44:01   |
11296       |       -4948.67   |        -4952.7   |        4.02891   |   27:03:34   |   06:44:27   |
11297       |       -4948.09   |       -4952.41   |        4.31464   |   27:05:53   |   06:44:51   |
11298       |       -4948.23   |       -4951.23   |        2.99094   |   27:08:17   |   06:45:16   |
11299       |       -4950.95   |       -4955.04   |        4.09476   |   27:10:37   |   06:45:40   |


Iter        |      Posterior   |     Likelihood   |          Prior   |    elapsed   |        ETA   |
----------------------------------------------------------------------------------------------------
11300       |       -4950.07   |       -4955.35   |        5.27847   |   27:13:00   |   06:46:04   |
11301       |        -4947.2   |       -4950.44   |        3.23923   |   27:15:25   |   06:46:30   |
11302       |       -4947.59   |       -4950.26   |        2.66923   |   27:17:48   |   06:46:54   |
11303       |       -4947.69   |        -4953.1   |        5.40548   |   27:20:10   |   06:47:19   |
11304       |       -4946.29   |       -4950.06   |        3.76919   |   27:22:31   |   06:47:43   |
11305       |       -4947.45   |       -4945.36   |       -2.08605   |   27:24:52   |   06:48:07   |
11306       |       -4947.34   |       -4946.23   |       -1.10582   |   27:27:11   |   06:48:31   |
11307       |       -4948.13   |       -4947.67   |      -0.454366   |   27:29:37   |   06:48:56   |
11308       |       -4946.24   |        -4948.8   |        2.56462   |   27:32:05   |   06:49:22   |
11309       |       -4946.27   |       -4951.36   |         5.0902   |   27:34:23   |   06:49:45   |
11310       |       -4946.68   |       -4952.46   |        5.78092   |   27:36:38   |   06:50:07   |
11311       |       -4946.87   |       -4952.58   |        5.70999   |   27:38:51   |   06:50:29   |
11312       |       -4946.59   |       -4948.51   |        1.91442   |   27:41:13   |   06:50:53   |
11313       |       -4945.45   |       -4949.37   |        3.92404   |   27:43:39   |   06:51:19   |
11314       |       -4945.45   |       -4949.37   |        3.92404   |   27:46:11   |   06:51:45   |
11315       |       -4945.45   |       -4949.37   |        3.92404   |   27:48:37   |   06:52:10   |
11316       |       -4945.45   |       -4949.37   |        3.92404   |   27:51:08   |   06:52:36   |
11317       |       -4946.82   |       -4950.47   |        3.65288   |   27:53:31   |   06:53:01   |
11318       |       -4949.34   |       -4953.22   |        3.88373   |   27:55:45   |   06:53:23   |
11319       |       -4947.66   |       -4948.85   |        1.19377   |   27:58:05   |   06:53:46   |


Iter        |      Posterior   |     Likelihood   |          Prior   |    elapsed   |        ETA   |
----------------------------------------------------------------------------------------------------
11320       |       -4950.01   |       -4953.76   |        3.74375   |   28:00:24   |   06:54:09   |
11321       |       -4950.14   |       -4952.71   |        2.57663   |   28:02:41   |   06:54:32   |
11322       |       -4949.04   |       -4949.25   |        0.21449   |   28:05:01   |   06:54:55   |
11323       |       -4948.56   |       -4951.01   |        2.44664   |   28:07:14   |   06:55:17   |
11324       |       -4948.54   |       -4950.38   |        1.83439   |   28:09:34   |   06:55:40   |
11325       |       -4947.66   |       -4950.67   |         3.0173   |   28:11:55   |   06:56:04   |
11326       |       -4950.48   |       -4951.91   |        1.43017   |   28:14:11   |   06:56:26   |
11327       |        -4948.4   |       -4948.64   |       0.236642   |   28:16:35   |   06:56:50   |
11328       |       -4948.13   |       -4949.94   |        1.81386   |   28:18:55   |   06:57:13   |
11329       |       -4951.89   |       -4951.97   |      0.0769152   |   28:21:16   |   06:57:37   |
11330       |       -4950.34   |       -4952.56   |        2.22411   |   28:23:39   |   06:58:01   |
11331       |       -4950.02   |       -4951.02   |        1.00231   |   28:26:01   |   06:58:24   |
11332       |       -4952.61   |       -4954.82   |        2.21487   |   28:28:20   |   06:58:47   |
11333       |       -4952.56   |       -4954.35   |        1.79086   |   28:30:30   |   06:59:08   |
11334       |        -4949.9   |       -4949.68   |      -0.223423   |   28:32:47   |   06:59:30   |
11335       |       -4949.74   |       -4950.52   |       0.770105   |   28:35:11   |   06:59:54   |
11336       |       -4951.51   |       -4947.99   |       -3.51624   |   28:37:26   |   07:00:16   |
11337       |       -4951.22   |       -4949.15   |       -2.07368   |   28:39:50   |   07:00:39   |
11338       |       -4952.38   |       -4950.67   |       -1.71134   |   28:42:09   |   07:01:02   |
11339       |       -4951.75   |       -4954.08   |        2.32423   |   28:44:27   |   07:01:25   |


Iter        |      Posterior   |     Likelihood   |          Prior   |    elapsed   |        ETA   |
----------------------------------------------------------------------------------------------------
11340       |       -4952.25   |          -4954   |        1.74169   |   28:46:39   |   07:01:45   |
11341       |       -4951.76   |       -4953.58   |        1.82443   |   28:48:55   |   07:02:07   |
11342       |        -4951.4   |       -4953.71   |        2.30864   |   28:50:57   |   07:02:26   |
11343       |       -4951.91   |       -4952.56   |       0.649259   |   28:53:28   |   07:02:51   |
11344       |        -4949.7   |       -4952.66   |        2.95979   |   28:55:43   |   07:03:13   |
11345       |       -4950.31   |       -4952.34   |         2.0291   |   28:58:00   |   07:03:35   |
11346       |        -4952.3   |       -4954.37   |        2.07435   |   29:00:23   |   07:03:58   |
11347       |       -4952.43   |       -4955.73   |        3.30198   |   29:02:39   |   07:04:20   |
11348       |       -4952.43   |       -4955.73   |        3.30198   |   29:05:05   |   07:04:44   |
11349       |       -4952.73   |       -4953.92   |        1.18488   |   29:07:26   |   07:05:07   |
11350       |       -4951.41   |       -4955.77   |        4.36026   |   29:09:50   |   07:05:30   |
11351       |          -4951   |       -4955.96   |        4.96278   |   29:12:03   |   07:05:51   |
11352       |       -4949.93   |       -4955.97   |        6.04061   |   29:14:18   |   07:06:12   |
11353       |       -4949.93   |       -4955.97   |        6.04061   |   29:16:38   |   07:06:35   |
11354       |       -4950.34   |       -4956.62   |        6.27916   |   29:18:58   |   07:06:57   |
11355       |       -4950.34   |       -4956.62   |        6.27916   |   29:21:16   |   07:07:19   |
11356       |       -4950.34   |       -4956.62   |        6.27916   |   29:23:36   |   07:07:41   |
11357       |       -4950.34   |       -4956.62   |        6.27916   |   29:25:55   |   07:08:04   |
11358       |       -4950.34   |       -4956.62   |        6.27916   |   29:28:14   |   07:08:26   |
11359       |       -4950.34   |       -4956.62   |        6.27916   |   29:30:30   |   07:08:47   |


Iter        |      Posterior   |     Likelihood   |          Prior   |    elapsed   |        ETA   |
----------------------------------------------------------------------------------------------------
11360       |       -4950.34   |       -4956.62   |        6.27916   |   29:32:53   |   07:09:10   |
11361       |       -4950.34   |       -4956.62   |        6.27916   |   29:35:18   |   07:09:33   |
11362       |       -4950.34   |       -4956.62   |        6.27916   |   29:37:38   |   07:09:56   |
11363       |       -4950.34   |       -4956.62   |        6.27916   |   29:39:54   |   07:10:17   |
11364       |       -4950.34   |       -4956.62   |        6.27916   |   29:42:14   |   07:10:39   |
11365       |       -4948.57   |       -4953.64   |        5.06908   |   29:44:33   |   07:11:01   |
11366       |       -4948.74   |       -4950.79   |        2.05662   |   29:46:55   |   07:11:24   |
11367       |       -4948.74   |       -4950.79   |        2.05662   |   29:49:24   |   07:11:48   |
11368       |       -4948.74   |       -4950.79   |        2.05662   |   29:51:56   |   07:12:13   |
11369       |       -4948.74   |       -4950.79   |        2.05662   |   29:54:29   |   07:12:38   |
11370       |       -4948.74   |       -4950.79   |        2.05662   |   29:57:03   |   07:13:03   |
11371       |       -4948.74   |       -4950.79   |        2.05662   |   29:59:32   |   07:13:27   |
11372       |       -4948.74   |       -4950.79   |        2.05662   |   30:02:01   |   07:13:51   |
11373       |       -4948.74   |       -4950.79   |        2.05662   |   30:04:21   |   07:14:13   |
11374       |       -4948.74   |       -4950.79   |        2.05662   |   30:06:51   |   07:14:38   |
11375       |       -4948.74   |       -4950.79   |        2.05662   |   30:09:23   |   07:15:02   |
11376       |       -4948.74   |       -4950.79   |        2.05662   |   30:11:45   |   07:15:25   |
11377       |       -4948.74   |       -4950.79   |        2.05662   |   30:14:14   |   07:15:49   |
11378       |       -4948.74   |       -4950.79   |        2.05662   |   30:16:46   |   07:16:13   |
11379       |       -4948.56   |       -4950.62   |        2.05648   |   30:19:13   |   07:16:37   |


Iter        |      Posterior   |     Likelihood   |          Prior   |    elapsed   |        ETA   |
----------------------------------------------------------------------------------------------------
11380       |       -4948.96   |       -4950.75   |        1.79435   |   30:21:42   |   07:17:00   |
11381       |       -4948.96   |       -4950.75   |        1.79435   |   30:24:12   |   07:17:25   |
11382       |       -4948.96   |       -4950.75   |        1.79435   |   30:26:42   |   07:17:49   |
11383       |       -4948.96   |       -4950.75   |        1.79435   |   30:29:10   |   07:18:12   |
11384       |       -4947.24   |       -4949.08   |        1.83533   |   30:31:33   |   07:18:34   |
11385       |       -4947.24   |       -4949.08   |        1.83533   |   30:33:59   |   07:18:57   |
11386       |       -4947.24   |       -4949.08   |        1.83533   |   30:36:24   |   07:19:20   |
11387       |       -4947.24   |       -4949.08   |        1.83533   |   30:38:54   |   07:19:44   |
11388       |       -4947.24   |       -4949.08   |        1.83533   |   30:41:21   |   07:20:07   |
11389       |       -4947.24   |       -4949.08   |        1.83533   |   30:43:51   |   07:20:31   |
11390       |       -4947.24   |       -4949.08   |        1.83533   |   30:46:19   |   07:20:54   |
11391       |       -4947.24   |       -4949.08   |        1.83533   |   30:48:47   |   07:21:17   |
11392       |       -4947.24   |       -4949.08   |        1.83533   |   30:51:20   |   07:21:42   |
11393       |        -4948.9   |       -4952.24   |        3.33954   |   30:53:43   |   07:22:04   |
11394       |       -4947.63   |       -4951.65   |        4.01625   |   30:56:00   |   07:22:25   |
11395       |        -4951.8   |       -4955.81   |        4.00926   |   30:58:22   |   07:22:46   |
11396       |        -4951.8   |       -4955.81   |        4.00926   |   31:00:45   |   07:23:08   |
11397       |        -4951.8   |       -4955.81   |        4.00926   |   31:03:12   |   07:23:31   |
11398       |       -4947.84   |       -4951.85   |        4.00926   |   31:05:32   |   07:23:52   |
11399       |        -4947.3   |       -4952.07   |        4.76676   |   31:07:53   |   07:24:14   |


Iter        |      Posterior   |     Likelihood   |          Prior   |    elapsed   |        ETA   |
----------------------------------------------------------------------------------------------------
11400       |        -4947.3   |       -4952.07   |        4.76676   |   31:10:21   |   07:24:37   |
11401       |       -4948.99   |       -4953.74   |        4.75339   |   31:12:48   |   07:24:59   |
11402       |       -4948.99   |       -4953.74   |        4.75339   |   31:15:11   |   07:25:21   |
11403       |       -4947.28   |       -4952.03   |        4.75339   |   31:17:32   |   07:25:42   |
11404       |       -4948.68   |       -4954.53   |        5.84841   |   31:19:50   |   07:26:03   |
11405       |       -4947.08   |       -4952.99   |         5.9144   |   31:21:58   |   07:26:21   |
11406       |       -4947.08   |       -4952.99   |         5.9144   |   31:24:20   |   07:26:42   |
11407       |       -4947.08   |       -4952.99   |         5.9144   |   31:26:39   |   07:27:03   |
11408       |       -4947.08   |       -4952.99   |         5.9144   |   31:28:55   |   07:27:23   |
11409       |       -4947.08   |       -4952.99   |         5.9144   |   31:31:12   |   07:27:43   |
11410       |       -4947.08   |       -4952.99   |         5.9144   |   31:33:30   |   07:28:04   |
11411       |       -4947.08   |       -4952.99   |         5.9144   |   31:35:53   |   07:28:25   |
11412       |       -4947.08   |       -4952.99   |         5.9144   |   31:38:15   |   07:28:46   |
11413       |       -4947.08   |       -4952.99   |         5.9144   |   31:40:32   |   07:29:06   |
11414       |       -4947.08   |       -4952.99   |         5.9144   |   31:42:46   |   07:29:26   |
11415       |       -4947.08   |       -4952.99   |         5.9144   |   31:45:08   |   07:29:47   |
11416       |       -4947.08   |       -4952.99   |         5.9144   |   31:47:22   |   07:30:06   |
11417       |       -4947.58   |       -4949.48   |        1.90887   |   31:49:43   |   07:30:27   |
11418       |       -4947.67   |       -4949.58   |        1.90741   |   31:52:15   |   07:30:50   |
11419       |       -4947.67   |       -4949.58   |        1.90741   |   31:54:46   |   07:31:14   |


Iter        |      Posterior   |     Likelihood   |          Prior   |    elapsed   |        ETA   |
----------------------------------------------------------------------------------------------------
11420       |       -4946.24   |       -4951.16   |        4.92338   |   31:57:01   |   07:31:33   |
11421       |       -4946.24   |       -4951.16   |        4.92338   |   31:59:22   |   07:31:54   |
11422       |       -4946.24   |       -4951.16   |        4.92338   |   32:01:43   |   07:32:14   |
11423       |       -4946.24   |       -4951.16   |        4.92338   |   32:04:07   |   07:32:36   |
11424       |       -4946.88   |       -4950.69   |        3.81159   |   32:06:19   |   07:32:54   |
11425       |       -4946.82   |        -4950.6   |        3.77696   |   32:08:37   |   07:33:14   |
11426       |       -4946.82   |        -4950.6   |        3.77696   |   32:11:06   |   07:33:37   |
11427       |       -4946.82   |        -4950.6   |        3.77696   |   32:13:35   |   07:33:59   |
11428       |       -4946.82   |        -4950.6   |        3.77696   |   32:15:58   |   07:34:20   |
11429       |       -4946.82   |        -4950.6   |        3.77696   |   32:18:21   |   07:34:41   |
11430       |       -4946.82   |        -4950.6   |        3.77696   |   32:20:46   |   07:35:03   |
11431       |       -4946.82   |        -4950.6   |        3.77696   |   32:23:13   |   07:35:25   |
11432       |       -4946.82   |        -4950.6   |        3.77696   |   32:25:38   |   07:35:46   |
11433       |       -4946.82   |        -4950.6   |        3.77696   |   32:28:01   |   07:36:07   |
11434       |       -4946.82   |        -4950.6   |        3.77696   |   32:30:33   |   07:36:30   |
11435       |       -4946.82   |        -4950.6   |        3.77696   |   32:33:00   |   07:36:52   |
11436       |       -4946.82   |        -4950.6   |        3.77696   |   32:35:18   |   07:37:11   |
11437       |       -4946.82   |        -4950.6   |        3.77696   |   32:37:45   |   07:37:33   |
11438       |       -4946.82   |        -4950.6   |        3.77696   |   32:40:06   |   07:37:53   |
11439       |       -4946.82   |        -4950.6   |        3.77696   |   32:42:34   |   07:38:15   |


Iter        |      Posterior   |     Likelihood   |          Prior   |    elapsed   |        ETA   |
----------------------------------------------------------------------------------------------------
11440       |       -4946.82   |        -4950.6   |        3.77696   |   32:44:59   |   07:38:36   |
11441       |       -4946.82   |        -4950.6   |        3.77696   |   32:47:26   |   07:38:58   |
11442       |       -4946.82   |        -4950.6   |        3.77696   |   32:49:49   |   07:39:18   |
11443       |       -4946.17   |       -4952.04   |        5.87246   |   32:52:13   |   07:39:39   |
11444       |       -4947.05   |       -4954.64   |        7.58319   |   32:54:28   |   07:39:58   |
11445       |       -4946.22   |       -4953.36   |        7.14489   |   32:56:38   |   07:40:15   |
11446       |       -4947.16   |       -4953.64   |        6.48729   |   32:58:52   |   07:40:34   |
11447       |       -4950.33   |       -4954.21   |        3.87943   |   33:01:09   |   07:40:53   |
11448       |       -4949.39   |       -4955.73   |         6.3413   |   33:03:26   |   07:41:12   |
11449       |       -4948.89   |       -4955.15   |        6.25772   |   33:05:46   |   07:41:32   |
11450       |       -4949.83   |       -4955.89   |        6.05233   |   33:08:03   |   07:41:51   |
11451       |       -4947.46   |       -4953.82   |        6.35728   |   33:10:16   |   07:42:09   |
11452       |       -4945.44   |       -4948.98   |        3.54944   |   33:12:29   |   07:42:27   |
11453       |       -4946.27   |       -4950.14   |        3.86752   |   33:14:50   |   07:42:47   |
11454       |       -4946.18   |       -4950.11   |        3.93905   |   33:16:52   |   07:43:02   |
11455       |       -4949.52   |       -4954.48   |        4.95247   |   33:18:59   |   07:43:19   |
11456       |       -4946.84   |       -4951.76   |         4.9195   |   33:21:04   |   07:43:35   |
11457       |       -4949.92   |        -4948.9   |       -1.01324   |   33:23:07   |   07:43:50   |
11458       |       -4945.93   |       -4946.73   |       0.799976   |   33:25:16   |   07:44:07   |
11459       |        -4945.7   |        -4945.5   |      -0.194223   |   33:27:29   |   07:44:25   |


Iter        |      Posterior   |     Likelihood   |          Prior   |    elapsed   |        ETA   |
----------------------------------------------------------------------------------------------------
11460       |       -4948.02   |       -4949.21   |        1.18331   |   33:29:29   |   07:44:40   |
11461       |       -4947.19   |        -4948.6   |        1.40984   |   33:31:35   |   07:44:56   |
11462       |       -4947.68   |       -4947.89   |       0.212928   |   33:33:43   |   07:45:13   |
11463       |       -4946.92   |        -4947.5   |       0.586248   |   33:35:59   |   07:45:31   |
11464       |       -4946.77   |       -4947.36   |        0.58724   |   33:38:10   |   07:45:48   |
11465       |       -4949.12   |       -4950.43   |        1.30826   |   33:40:08   |   07:46:02   |
11466       |       -4946.36   |       -4947.66   |        1.29896   |   33:42:13   |   07:46:18   |
11467       |       -4946.47   |       -4948.06   |        1.58785   |   33:44:22   |   07:46:35   |
11468       |       -4947.26   |       -4950.69   |        3.43123   |   33:46:24   |   07:46:50   |
11469       |        -4945.4   |       -4949.85   |        4.44248   |   33:48:35   |   07:47:07   |
11470       |       -4948.53   |       -4956.98   |         8.4485   |   33:50:42   |   07:47:23   |
11471       |       -4947.51   |        -4956.4   |        8.89206   |   33:52:38   |   07:47:37   |
11472       |       -4945.96   |       -4951.37   |        5.40974   |   33:54:48   |   07:47:54   |
11473       |       -4946.97   |       -4949.81   |        2.83879   |   33:56:56   |   07:48:10   |
11474       |       -4946.97   |       -4949.81   |        2.83879   |   33:59:13   |   07:48:28   |
11475       |       -4944.47   |       -4948.83   |        4.35868   |   34:01:23   |   07:48:45   |
11476       |       -4946.29   |       -4948.19   |        1.90247   |   34:03:37   |   07:49:03   |
11477       |       -4946.69   |       -4945.71   |      -0.973772   |   34:05:46   |   07:49:19   |
11478       |       -4944.62   |       -4945.58   |       0.956126   |   34:08:00   |   07:49:37   |
11479       |       -4943.11   |       -4947.28   |        4.16441   |   34:10:13   |   07:49:54   |


Iter        |      Posterior   |     Likelihood   |          Prior   |    elapsed   |        ETA   |
----------------------------------------------------------------------------------------------------
11480       |       -4944.53   |        -4949.1   |        4.56791   |   34:12:28   |   07:50:12   |
11481       |       -4943.48   |       -4948.26   |         4.7807   |   34:14:35   |   07:50:28   |
11482       |       -4943.74   |       -4948.37   |        4.63134   |   34:16:46   |   07:50:45   |
11483       |       -4943.74   |       -4948.37   |        4.63134   |   34:19:02   |   07:51:03   |
11484       |       -4944.32   |       -4948.01   |        3.69521   |   34:21:11   |   07:51:19   |
11485       |       -4943.95   |       -4948.94   |        4.98482   |   34:23:16   |   07:51:34   |
11486       |       -4945.73   |        -4951.1   |        5.37719   |   34:25:25   |   07:51:50   |
11487       |       -4944.95   |       -4950.25   |        5.30821   |   34:27:32   |   07:52:06   |
11488       |          -4947   |       -4952.48   |        5.48146   |   34:29:41   |   07:52:22   |
11489       |       -4943.83   |       -4947.78   |        3.95026   |   34:31:39   |   07:52:36   |
11490       |       -4945.02   |       -4950.39   |        5.37298   |   34:33:47   |   07:52:52   |
11491       |       -4945.94   |       -4948.37   |        2.42568   |   34:35:59   |   07:53:09   |
11492       |       -4944.77   |       -4948.96   |        4.18702   |   34:38:05   |   07:53:24   |
11493       |       -4945.23   |       -4951.22   |        5.98831   |   34:40:07   |   07:53:39   |
11494       |       -4944.01   |       -4947.93   |        3.92263   |   34:42:10   |   07:53:53   |
11495       |        -4943.7   |       -4948.48   |        4.77473   |   34:44:13   |   07:54:08   |
11496       |       -4943.72   |       -4949.06   |        5.34072   |   34:46:19   |   07:54:23   |
11497       |       -4943.75   |        -4948.5   |        4.74651   |   34:48:24   |   07:54:38   |
11498       |       -4943.46   |       -4947.85   |        4.39179   |   34:50:30   |   07:54:53   |
11499       |       -4946.34   |       -4949.59   |        3.24331   |   34:52:32   |   07:55:08   |


Iter        |      Posterior   |     Likelihood   |          Prior   |    elapsed   |        ETA   |
----------------------------------------------------------------------------------------------------
11500       |       -4944.39   |       -4946.95   |        2.56098   |   34:54:39   |   07:55:23   |
11501       |       -4945.34   |       -4949.49   |        4.14369   |   34:56:46   |   07:55:39   |
11502       |       -4945.93   |       -4947.64   |        1.70729   |   34:58:49   |   07:55:53   |
11503       |       -4948.12   |        -4950.2   |        2.07477   |   35:00:58   |   07:56:09   |
11504       |       -4946.53   |       -4949.54   |         3.0174   |   35:03:04   |   07:56:24   |
11505       |       -4943.98   |       -4947.53   |         3.5594   |   35:05:17   |   07:56:41   |
11506       |       -4945.41   |       -4947.07   |        1.66251   |   35:07:24   |   07:56:56   |
11507       |       -4944.31   |       -4946.66   |        2.34945   |   35:09:35   |   07:57:12   |
11508       |       -4944.81   |       -4946.06   |         1.2548   |   35:11:45   |   07:57:28   |
11509       |       -4949.48   |       -4952.84   |        3.35913   |   35:13:49   |   07:57:42   |
11510       |       -4946.38   |       -4948.63   |        2.24717   |   35:15:47   |   07:57:56   |
11511       |       -4947.82   |       -4951.79   |        3.97009   |   35:17:53   |   07:58:11   |
11512       |       -4948.55   |       -4952.74   |        4.19265   |   35:19:59   |   07:58:25   |
11513       |       -4948.37   |       -4952.23   |        3.85891   |   35:22:00   |   07:58:39   |
11514       |       -4946.27   |       -4947.23   |       0.963105   |   35:24:02   |   07:58:53   |
11515       |       -4946.01   |       -4945.01   |      -0.993858   |   35:26:12   |   07:59:09   |
11516       |       -4946.51   |       -4945.22   |       -1.29018   |   35:28:19   |   07:59:24   |
11517       |       -4948.07   |       -4947.29   |      -0.779875   |   35:30:35   |   07:59:41   |
11518       |          -4947   |       -4946.86   |      -0.143989   |   35:32:48   |   07:59:57   |
11519       |       -4952.53   |       -4957.19   |         4.6631   |   35:35:01   |   08:00:14   |


Iter        |      Posterior   |     Likelihood   |          Prior   |    elapsed   |        ETA   |
----------------------------------------------------------------------------------------------------
11520       |       -4949.07   |       -4951.69   |         2.6195   |   35:37:11   |   08:00:29   |
11521       |       -4944.71   |       -4946.66   |        1.94847   |   35:39:25   |   08:00:46   |
11522       |        -4944.3   |        -4947.4   |        3.10234   |   35:41:30   |   08:01:00   |
11523       |          -4944   |       -4948.08   |        4.08369   |   35:43:36   |   08:01:15   |
11524       |       -4943.68   |       -4947.76   |        4.08356   |   35:45:52   |   08:01:32   |
11525       |       -4948.84   |       -4954.09   |        5.25115   |   35:47:54   |   08:01:45   |
11526       |       -4949.76   |       -4952.23   |         2.4699   |   35:50:19   |   08:02:04   |
11527       |       -4949.55   |       -4951.91   |        2.35521   |   35:52:45   |   08:02:23   |
11528       |       -4950.66   |       -4950.97   |       0.308502   |   35:55:16   |   08:02:43   |
11529       |       -4948.98   |       -4950.61   |        1.63464   |   35:57:43   |   08:03:02   |
11530       |       -4948.78   |       -4948.75   |     -0.0251901   |   36:00:13   |   08:03:22   |
11531       |       -4948.78   |       -4948.75   |     -0.0251901   |   36:02:45   |   08:03:42   |
11532       |       -4951.04   |       -4951.62   |        0.58733   |   36:05:11   |   08:04:01   |
11533       |       -4951.04   |       -4951.62   |        0.58733   |   36:07:41   |   08:04:21   |
11534       |       -4951.02   |       -4952.54   |        1.52082   |   36:10:10   |   08:04:41   |
11535       |       -4948.02   |       -4952.01   |        3.99498   |   36:12:34   |   08:04:59   |
11536       |       -4946.95   |       -4947.96   |        1.00887   |   36:14:54   |   08:05:16   |
11537       |       -4947.88   |       -4948.71   |       0.829685   |   36:17:13   |   08:05:33   |
11538       |       -4945.92   |       -4944.54   |       -1.37308   |   36:19:23   |   08:05:49   |
11539       |       -4949.06   |       -4947.67   |       -1.39126   |   36:21:41   |   08:06:05   |


Iter        |      Posterior   |     Likelihood   |          Prior   |    elapsed   |        ETA   |
----------------------------------------------------------------------------------------------------
11540       |       -4949.06   |       -4947.67   |       -1.39126   |   36:24:16   |   08:06:26   |
11541       |       -4950.55   |       -4951.59   |        1.04641   |   36:26:40   |   08:06:44   |
11542       |       -4952.16   |       -4954.41   |        2.24742   |   36:29:05   |   08:07:03   |
11543       |       -4951.46   |       -4953.58   |        2.11195   |   36:31:30   |   08:07:21   |
11544       |       -4946.85   |       -4948.71   |        1.86811   |   36:33:51   |   08:07:38   |
11545       |       -4947.34   |        -4952.4   |        5.06328   |   36:36:05   |   08:07:54   |
11546       |       -4944.78   |       -4950.48   |        5.70222   |   36:38:15   |   08:08:09   |
11547       |       -4946.72   |       -4950.69   |        3.96742   |   36:40:17   |   08:08:22   |
11548       |       -4946.49   |       -4948.58   |        2.08222   |   36:42:39   |   08:08:40   |
11549       |       -4947.14   |       -4949.69   |        2.54995   |   36:44:58   |   08:08:57   |
11550       |       -4946.92   |       -4947.81   |       0.886891   |   36:47:20   |   08:09:14   |
11551       |       -4947.07   |       -4948.65   |         1.5789   |   36:49:48   |   08:09:33   |
11552       |       -4946.23   |       -4948.85   |        2.61562   |   36:52:08   |   08:09:50   |
11553       |       -4945.28   |       -4947.97   |         2.6898   |   36:54:26   |   08:10:06   |
11554       |       -4945.27   |       -4947.96   |        2.68976   |   36:56:48   |   08:10:24   |
11555       |       -4945.27   |       -4947.96   |        2.68976   |   36:59:15   |   08:10:42   |
11556       |       -4945.27   |       -4947.96   |        2.68976   |   37:01:43   |   08:11:01   |
11557       |       -4947.43   |       -4949.86   |        2.43656   |   37:04:02   |   08:11:18   |
11558       |       -4948.34   |       -4948.48   |       0.143332   |   37:06:18   |   08:11:33   |
11559       |       -4946.89   |       -4948.39   |        1.50426   |   37:08:39   |   08:11:50   |


Iter        |      Posterior   |     Likelihood   |          Prior   |    elapsed   |        ETA   |
----------------------------------------------------------------------------------------------------
11560       |       -4948.11   |       -4947.43   |      -0.676274   |   37:10:53   |   08:12:06   |
11561       |       -4946.71   |       -4949.74   |        3.02737   |   37:13:09   |   08:12:22   |
11562       |       -4947.79   |       -4951.35   |        3.56111   |   37:15:25   |   08:12:38   |
11563       |       -4948.31   |        -4948.6   |       0.289856   |   37:17:41   |   08:12:53   |
11564       |       -4948.26   |       -4948.66   |       0.407663   |   37:20:01   |   08:13:10   |
11565       |       -4947.98   |       -4950.62   |        2.64012   |   37:22:21   |   08:13:27   |
11566       |        -4948.6   |       -4954.49   |        5.88206   |   37:24:37   |   08:13:42   |
11567       |       -4946.96   |       -4949.92   |        2.95706   |   37:26:51   |   08:13:58   |
11568       |       -4948.22   |       -4951.39   |        3.17205   |   37:29:12   |   08:14:14   |
11569       |       -4947.55   |       -4948.87   |        1.32398   |   37:31:38   |   08:14:32   |
11570       |       -4944.42   |       -4947.95   |        3.52484   |   37:34:01   |   08:14:49   |
11571       |       -4945.71   |       -4949.02   |        3.31675   |   37:36:12   |   08:15:04   |
11572       |        -4946.1   |        -4947.2   |        1.10336   |   37:38:28   |   08:15:19   |
11573       |        -4946.1   |        -4947.2   |        1.10336   |   37:40:48   |   08:15:36   |
11574       |       -4945.64   |        -4946.8   |        1.16039   |   37:43:00   |   08:15:51   |
11575       |       -4947.29   |       -4947.65   |       0.359651   |   37:45:14   |   08:16:06   |
11576       |        -4947.8   |       -4946.87   |      -0.933497   |   37:47:40   |   08:16:23   |
11577       |       -4948.54   |       -4947.31   |       -1.22474   |   37:50:03   |   08:16:40   |
11578       |       -4948.32   |       -4945.91   |       -2.40876   |   37:52:20   |   08:16:56   |
11579       |       -4950.58   |       -4947.92   |        -2.6583   |   37:54:42   |   08:17:12   |


Iter        |      Posterior   |     Likelihood   |          Prior   |    elapsed   |        ETA   |
----------------------------------------------------------------------------------------------------
11580       |       -4953.38   |       -4950.03   |        -3.3587   |   37:56:59   |   08:17:28   |
11581       |       -4949.01   |       -4948.32   |       -0.69498   |   37:59:20   |   08:17:44   |
11582       |        -4948.1   |       -4948.47   |       0.374094   |   38:01:47   |   08:18:02   |
11583       |        -4948.8   |       -4948.15   |      -0.654798   |   38:04:09   |   08:18:19   |
11584       |       -4949.21   |       -4950.55   |        1.34373   |   38:06:33   |   08:18:36   |
11585       |       -4947.88   |       -4947.21   |      -0.672505   |   38:08:48   |   08:18:51   |
11586       |       -4947.28   |       -4946.99   |      -0.290926   |   38:11:11   |   08:19:07   |
11587       |       -4947.42   |       -4946.72   |      -0.699277   |   38:13:35   |   08:19:24   |
11588       |       -4946.87   |       -4948.02   |        1.14938   |   38:15:56   |   08:19:41   |
11589       |       -4946.95   |       -4946.61   |      -0.343072   |   38:18:15   |   08:19:56   |
11590       |       -4945.56   |       -4946.78   |        1.21856   |   38:20:32   |   08:20:12   |
11591       |       -4945.23   |       -4945.76   |       0.533213   |   38:22:55   |   08:20:28   |
11592       |       -4947.23   |       -4948.27   |        1.04377   |   38:25:19   |   08:20:45   |
11593       |       -4948.64   |       -4950.02   |        1.38619   |   38:27:36   |   08:21:00   |
11594       |       -4947.06   |       -4945.14   |        -1.9224   |   38:29:57   |   08:21:16   |
11595       |        -4948.2   |       -4948.91   |       0.702157   |   38:32:18   |   08:21:32   |
11596       |       -4947.89   |       -4945.79   |       -2.10204   |   38:34:37   |   08:21:48   |
11597       |       -4946.19   |       -4946.27   |      0.0801129   |   38:36:51   |   08:22:02   |
11598       |       -4945.41   |       -4949.17   |        3.76505   |   38:39:15   |   08:22:19   |
11599       |       -4946.03   |       -4948.51   |        2.48633   |   38:41:33   |   08:22:34   |


Iter        |      Posterior   |     Likelihood   |          Prior   |    elapsed   |        ETA   |
----------------------------------------------------------------------------------------------------
11600       |       -4948.01   |       -4950.48   |        2.46548   |   38:43:51   |   08:22:49   |
11601       |       -4947.91   |       -4951.77   |        3.85777   |   38:46:04   |   08:23:04   |
11602       |        -4947.1   |       -4951.21   |        4.11196   |   38:48:20   |   08:23:18   |
11603       |       -4947.76   |       -4951.74   |        3.97768   |   38:50:42   |   08:23:34   |
11604       |       -4950.35   |       -4954.66   |         4.3065   |   38:52:44   |   08:23:46   |
11605       |       -4951.56   |       -4955.26   |        3.70402   |   38:55:04   |   08:24:02   |
11606       |       -4947.62   |       -4953.84   |        6.22458   |   38:57:24   |   08:24:17   |
11607       |       -4946.77   |       -4952.91   |        6.13539   |   38:59:34   |   08:24:31   |
11608       |       -4947.99   |       -4952.75   |        4.75915   |   39:01:48   |   08:24:45   |
11609       |       -4948.08   |       -4950.31   |         2.2278   |   39:04:11   |   08:25:01   |
11610       |       -4948.19   |       -4949.79   |        1.60465   |   39:06:32   |   08:25:16   |
11611       |       -4948.43   |       -4948.21   |      -0.223337   |   39:09:02   |   08:25:34   |
11612       |       -4948.63   |       -4946.97   |       -1.66039   |   39:11:27   |   08:25:50   |
11613       |       -4947.06   |        -4948.6   |        1.54681   |   39:13:47   |   08:26:06   |
11614       |       -4948.02   |       -4950.02   |        1.99486   |   39:16:11   |   08:26:22   |
11615       |       -4948.57   |       -4951.82   |        3.25156   |   39:18:35   |   08:26:38   |
11616       |       -4947.32   |       -4950.14   |        2.82083   |   39:20:57   |   08:26:54   |
11617       |       -4947.28   |       -4947.51   |       0.221878   |   39:23:10   |   08:27:08   |
11618       |       -4947.76   |        -4945.9   |       -1.85884   |   39:25:26   |   08:27:22   |
11619       |       -4944.83   |       -4946.97   |        2.13713   |   39:27:49   |   08:27:38   |


Iter        |      Posterior   |     Likelihood   |          Prior   |    elapsed   |        ETA   |
----------------------------------------------------------------------------------------------------
11620       |       -4947.66   |       -4946.44   |       -1.22766   |   39:30:15   |   08:27:54   |
11621       |       -4947.34   |       -4949.91   |        2.56068   |   39:32:37   |   08:28:10   |
11622       |       -4945.18   |       -4949.21   |        4.02931   |   39:34:56   |   08:28:25   |
11623       |       -4945.44   |       -4952.68   |        7.24132   |   39:37:20   |   08:28:41   |
11624       |       -4945.74   |       -4951.57   |        5.83604   |   39:39:40   |   08:28:56   |
11625       |       -4945.84   |       -4954.09   |        8.24323   |   39:41:58   |   08:29:10   |
11626       |       -4947.39   |       -4952.42   |        5.02999   |   39:44:13   |   08:29:24   |
11627       |       -4946.13   |       -4951.38   |        5.25229   |   39:46:29   |   08:29:38   |
11628       |       -4946.27   |       -4954.42   |        8.15137   |   39:48:51   |   08:29:54   |
11629       |       -4948.68   |       -4954.15   |        5.46651   |   39:51:08   |   08:30:08   |
11630       |       -4947.02   |       -4952.59   |        5.56815   |   39:53:25   |   08:30:22   |
11631       |       -4946.97   |       -4954.57   |        7.59879   |   39:55:43   |   08:30:36   |
11632       |       -4947.63   |       -4955.25   |        7.61506   |   39:58:04   |   08:30:52   |
11633       |       -4948.19   |       -4955.86   |        7.67691   |   40:00:18   |   08:31:05   |
11634       |       -4949.17   |       -4957.33   |        8.16334   |   40:02:30   |   08:31:18   |
11635       |       -4947.08   |       -4951.25   |        4.17758   |   40:04:45   |   08:31:32   |
11636       |       -4949.38   |       -4952.44   |        3.06123   |   40:07:07   |   08:31:47   |
11637       |        -4948.6   |       -4951.51   |        2.90744   |   40:09:23   |   08:32:01   |
11638       |       -4949.32   |       -4946.82   |       -2.50057   |   40:11:37   |   08:32:14   |
11639       |       -4948.13   |       -4948.48   |       0.357595   |   40:13:57   |   08:32:29   |


Iter        |      Posterior   |     Likelihood   |          Prior   |    elapsed   |        ETA   |
----------------------------------------------------------------------------------------------------
11640       |       -4947.94   |       -4948.27   |       0.325482   |   40:16:18   |   08:32:44   |
11641       |       -4949.06   |       -4949.53   |       0.470141   |   40:18:33   |   08:32:57   |
11642       |       -4949.06   |       -4949.53   |       0.470141   |   40:21:02   |   08:33:14   |
11643       |       -4949.48   |        -4948.8   |       -0.67765   |   40:23:25   |   08:33:29   |
11644       |       -4948.52   |       -4954.11   |        5.59324   |   40:25:41   |   08:33:43   |
11645       |        -4948.5   |        -4951.2   |        2.70637   |   40:28:05   |   08:33:58   |
11646       |       -4946.74   |       -4949.22   |        2.48301   |   40:30:30   |   08:34:13   |
11647       |       -4946.78   |       -4949.24   |        2.46655   |   40:32:42   |   08:34:26   |
11648       |       -4947.93   |       -4953.46   |        5.52626   |   40:35:01   |   08:34:40   |
11649       |        -4948.1   |       -4954.19   |        6.08596   |   40:37:11   |   08:34:53   |
11650       |       -4948.82   |       -4950.28   |         1.4586   |   40:39:29   |   08:35:07   |
11651       |       -4948.43   |       -4949.26   |       0.826486   |   40:41:55   |   08:35:22   |
11652       |       -4948.43   |       -4949.26   |       0.826486   |   40:44:33   |   08:35:40   |
11653       |       -4948.43   |       -4949.26   |       0.826486   |   40:47:07   |   08:35:58   |
11654       |       -4949.95   |       -4952.77   |        2.81562   |   40:49:33   |   08:36:13   |
11655       |       -4947.66   |       -4949.04   |        1.37717   |   40:51:55   |   08:36:28   |
11656       |       -4948.68   |       -4949.04   |       0.363776   |   40:54:14   |   08:36:42   |
11657       |       -4946.88   |       -4948.42   |        1.53923   |   40:56:34   |   08:36:56   |
11658       |       -4950.26   |       -4948.54   |       -1.71549   |   40:58:55   |   08:37:10   |
11659       |       -4945.92   |       -4947.17   |        1.24937   |   41:01:20   |   08:37:25   |


Iter        |      Posterior   |     Likelihood   |          Prior   |    elapsed   |        ETA   |
----------------------------------------------------------------------------------------------------
11660       |       -4947.74   |       -4951.65   |          3.916   |   41:03:42   |   08:37:40   |
11661       |       -4948.93   |       -4952.23   |        3.30191   |   41:06:03   |   08:37:54   |
11662       |       -4947.97   |       -4953.08   |        5.11697   |   41:08:21   |   08:38:08   |
11663       |       -4950.67   |       -4950.97   |       0.298471   |   41:10:42   |   08:38:22   |
11664       |       -4944.99   |        -4946.5   |        1.50569   |   41:13:08   |   08:38:37   |
11665       |       -4945.12   |       -4947.69   |        2.56587   |   41:15:29   |   08:38:51   |
11666       |       -4942.51   |        -4944.7   |        2.19337   |   41:17:56   |   08:39:07   |
11667       |       -4946.02   |       -4949.49   |         3.4713   |   41:20:20   |   08:39:22   |
11668       |       -4944.11   |       -4947.59   |        3.48113   |   41:22:41   |   08:39:36   |
11669       |       -4945.97   |       -4951.39   |        5.42209   |   41:24:52   |   08:39:48   |
11670       |       -4943.57   |       -4946.02   |        2.45028   |   41:27:07   |   08:40:00   |
11671       |        -4943.2   |       -4944.06   |       0.853448   |   41:29:26   |   08:40:14   |
11672       |       -4944.07   |       -4946.05   |        1.97351   |   41:31:49   |   08:40:28   |
11673       |       -4944.07   |       -4946.05   |        1.97351   |   41:34:19   |   08:40:44   |
11674       |       -4944.58   |       -4948.18   |        3.59527   |   41:36:37   |   08:40:57   |
11675       |       -4946.21   |       -4949.44   |        3.22114   |   41:38:50   |   08:41:10   |
11676       |       -4946.12   |       -4945.11   |       -1.00559   |   41:41:03   |   08:41:22   |
11677       |       -4947.75   |       -4949.23   |        1.47345   |   41:43:19   |   08:41:35   |
11678       |       -4946.43   |       -4948.77   |        2.33935   |   41:45:37   |   08:41:48   |
11679       |       -4946.43   |       -4948.77   |        2.33935   |   41:47:59   |   08:42:02   |


Iter        |      Posterior   |     Likelihood   |          Prior   |    elapsed   |        ETA   |
----------------------------------------------------------------------------------------------------
11680       |       -4946.16   |       -4948.39   |        2.22853   |   41:50:23   |   08:42:16   |
11681       |       -4946.84   |       -4945.53   |       -1.30616   |   41:52:36   |   08:42:28   |
11682       |       -4946.01   |       -4943.93   |       -2.08706   |   41:55:05   |   08:42:44   |
11683       |       -4945.67   |       -4948.37   |        2.69524   |   41:57:20   |   08:42:56   |
11684       |       -4945.76   |       -4948.04   |        2.28671   |   41:59:27   |   08:43:07   |
11685       |        -4943.7   |       -4945.98   |        2.28017   |   42:01:49   |   08:43:21   |
11686       |       -4944.94   |        -4948.9   |          3.954   |   42:03:59   |   08:43:32   |
11687       |       -4947.25   |       -4950.34   |        3.09221   |   42:06:20   |   08:43:46   |
11688       |       -4945.05   |       -4949.76   |        4.71401   |   42:08:43   |   08:44:00   |
11689       |       -4944.15   |       -4947.28   |         3.1314   |   42:11:02   |   08:44:13   |
11690       |       -4943.41   |       -4944.53   |        1.11405   |   42:13:31   |   08:44:28   |
11691       |       -4943.96   |       -4947.01   |        3.05235   |   42:15:55   |   08:44:42   |
11692       |       -4943.92   |       -4946.78   |        2.85675   |   42:18:16   |   08:44:56   |
11693       |       -4947.79   |       -4947.39   |      -0.391758   |   42:20:38   |   08:45:09   |
11694       |       -4944.46   |       -4947.19   |         2.7259   |   42:23:00   |   08:45:23   |
11695       |       -4945.13   |       -4949.57   |        4.43681   |   42:25:18   |   08:45:36   |
11696       |       -4946.11   |       -4944.91   |       -1.20096   |   42:27:33   |   08:45:48   |
11697       |       -4945.68   |       -4944.61   |        -1.0765   |   42:29:54   |   08:46:01   |
11698       |       -4945.02   |       -4946.95   |        1.92874   |   42:32:22   |   08:46:16   |
11699       |       -4945.22   |       -4947.37   |        2.14492   |   42:34:41   |   08:46:29   |


Iter        |      Posterior   |     Likelihood   |          Prior   |    elapsed   |        ETA   |
----------------------------------------------------------------------------------------------------
11700       |       -4947.06   |       -4947.45   |       0.393088   |   42:37:02   |   08:46:42   |
11701       |       -4947.46   |       -4946.09   |       -1.37062   |   42:39:20   |   08:46:54   |
11702       |       -4948.68   |       -4945.57   |       -3.10736   |   42:41:43   |   08:47:08   |
11703       |        -4950.3   |       -4951.19   |       0.885129   |   42:44:03   |   08:47:21   |
11704       |       -4950.22   |       -4944.44   |       -5.77335   |   42:46:27   |   08:47:35   |
11705       |       -4949.51   |       -4943.87   |        -5.6366   |   42:48:58   |   08:47:50   |
11706       |       -4950.02   |       -4944.03   |       -5.99084   |   42:51:20   |   08:48:03   |
11707       |       -4951.23   |       -4944.98   |       -6.24955   |   42:53:56   |   08:48:19   |
11708       |       -4949.95   |        -4947.7   |       -2.24876   |   42:56:23   |   08:48:34   |
11709       |       -4948.65   |       -4946.44   |       -2.20722   |   42:58:54   |   08:48:49   |
11710       |       -4949.69   |       -4948.17   |       -1.51635   |   43:01:15   |   08:49:02   |
11711       |        -4948.2   |       -4948.81   |       0.608373   |   43:03:32   |   08:49:14   |
11712       |       -4949.56   |       -4947.96   |       -1.60302   |   43:05:53   |   08:49:27   |
11713       |        -4948.3   |       -4947.95   |       -0.34562   |   43:08:18   |   08:49:40   |
11714       |       -4950.25   |       -4948.11   |       -2.13933   |   43:10:45   |   08:49:54   |
11715       |       -4950.42   |       -4948.44   |       -1.98096   |   43:13:13   |   08:50:09   |
11716       |       -4951.84   |       -4950.12   |       -1.72175   |   43:15:35   |   08:50:22   |
11717       |       -4950.11   |       -4950.49   |       0.381849   |   43:17:56   |   08:50:35   |
11718       |       -4950.06   |       -4950.84   |       0.782501   |   43:20:20   |   08:50:48   |
11719       |       -4951.38   |       -4949.12   |       -2.26001   |   43:22:43   |   08:51:01   |


Iter        |      Posterior   |     Likelihood   |          Prior   |    elapsed   |        ETA   |
----------------------------------------------------------------------------------------------------
11720       |       -4952.19   |       -4949.23   |        -2.9523   |   43:25:15   |   08:51:16   |
11721       |       -4953.38   |       -4951.46   |       -1.91481   |   43:27:50   |   08:51:32   |
11722       |        -4957.4   |          -4959   |        1.59799   |   43:30:16   |   08:51:45   |
11723       |       -4955.27   |       -4956.81   |        1.54363   |   43:32:31   |   08:51:57   |
11724       |       -4949.04   |       -4950.26   |        1.22284   |   43:34:59   |   08:52:11   |
11725       |       -4948.88   |       -4950.31   |        1.42366   |   43:37:25   |   08:52:24   |
11726       |       -4947.63   |       -4950.14   |        2.51229   |   43:39:56   |   08:52:39   |
11727       |       -4945.66   |       -4950.15   |        4.48953   |   43:42:13   |   08:52:51   |
11728       |       -4945.06   |       -4946.97   |        1.91146   |   43:44:41   |   08:53:04   |
11729       |       -4944.12   |       -4948.07   |        3.95573   |   43:47:04   |   08:53:17   |
11730       |       -4943.84   |       -4947.91   |        4.07308   |   43:49:21   |   08:53:29   |
11731       |       -4944.13   |       -4947.12   |        2.98733   |   43:51:47   |   08:53:42   |
11732       |       -4944.41   |       -4947.49   |        3.07889   |   43:54:06   |   08:53:54   |
11733       |       -4943.39   |       -4947.17   |        3.77961   |   43:56:33   |   08:54:08   |
11734       |       -4943.23   |       -4947.46   |         4.2361   |   43:58:44   |   08:54:18   |
11735       |       -4946.15   |        -4949.4   |        3.24987   |   44:01:07   |   08:54:31   |
11736       |       -4945.17   |       -4947.84   |         2.6669   |   44:03:36   |   08:54:45   |
11737       |       -4945.36   |       -4948.01   |        2.65232   |   44:06:06   |   08:54:59   |
11738       |       -4943.04   |       -4945.15   |        2.11082   |   44:08:35   |   08:55:13   |
11739       |        -4942.8   |       -4945.12   |        2.32657   |   44:10:56   |   08:55:25   |


Iter        |      Posterior   |     Likelihood   |          Prior   |    elapsed   |        ETA   |
----------------------------------------------------------------------------------------------------
11740       |       -4946.98   |       -4949.62   |        2.64608   |   44:13:14   |   08:55:37   |
11741       |       -4944.52   |       -4946.34   |        1.81802   |   44:15:33   |   08:55:48   |
11742       |       -4944.85   |       -4943.87   |      -0.984568   |   44:17:46   |   08:55:59   |
11743       |       -4944.46   |       -4946.17   |        1.71136   |   44:20:03   |   08:56:10   |
11744       |       -4944.77   |       -4947.05   |        2.27889   |   44:22:20   |   08:56:21   |
11745       |       -4943.52   |        -4946.1   |        2.57677   |   44:24:40   |   08:56:33   |
11746       |       -4942.99   |       -4944.53   |        1.53945   |   44:27:06   |   08:56:46   |
11747       |       -4942.75   |       -4944.08   |        1.33209   |   44:29:30   |   08:56:59   |
11748       |       -4943.65   |       -4946.39   |        2.73669   |   44:32:01   |   08:57:13   |
11749       |       -4945.56   |       -4946.57   |        1.01831   |   44:34:24   |   08:57:25   |
11750       |       -4945.73   |       -4947.89   |        2.15343   |   44:36:48   |   08:57:38   |
11751       |        -4947.8   |       -4950.58   |         2.7792   |   44:39:06   |   08:57:49   |
11752       |       -4950.36   |       -4955.77   |        5.40584   |   44:41:17   |   08:57:59   |
11753       |       -4946.66   |       -4951.38   |        4.72848   |   44:43:28   |   08:58:09   |
11754       |       -4947.89   |       -4953.67   |        5.77452   |   44:45:40   |   08:58:19   |
11755       |       -4944.56   |       -4950.06   |        5.49548   |   44:47:51   |   08:58:29   |
11756       |       -4944.22   |       -4949.32   |        5.10258   |   44:50:15   |   08:58:41   |
11757       |       -4945.46   |       -4949.92   |        4.46951   |   44:52:27   |   08:58:51   |
11758       |       -4945.22   |       -4948.34   |        3.11777   |   44:54:38   |   08:59:01   |
11759       |       -4949.39   |       -4948.19   |        -1.1947   |   44:56:56   |   08:59:12   |


Iter        |      Posterior   |     Likelihood   |          Prior   |    elapsed   |        ETA   |
----------------------------------------------------------------------------------------------------
11760       |       -4950.25   |       -4949.79   |      -0.460077   |   44:59:17   |   08:59:23   |
11761       |       -4948.72   |       -4953.63   |        4.90585   |   45:01:33   |   08:59:34   |
11762       |       -4947.76   |        -4953.3   |        5.54384   |   45:03:45   |   08:59:44   |
11763       |       -4950.98   |       -4955.15   |        4.16838   |   45:06:04   |   08:59:55   |
11764       |       -4951.07   |       -4955.17   |        4.10255   |   45:08:29   |   09:00:07   |
11765       |       -4949.59   |        -4950.8   |        1.21675   |   45:10:48   |   09:00:19   |
11766       |       -4951.05   |       -4953.12   |        2.06748   |   45:13:10   |   09:00:30   |
11767       |       -4944.47   |       -4949.82   |        5.34904   |   45:15:23   |   09:00:40   |
11768       |       -4946.28   |       -4947.84   |        1.56094   |   45:17:48   |   09:00:52   |
11769       |       -4947.46   |       -4949.36   |        1.89735   |   45:20:10   |   09:01:04   |
11770       |       -4946.99   |       -4946.96   |      -0.036326   |   45:22:42   |   09:01:18   |
11771       |       -4946.03   |       -4946.54   |       0.509608   |   45:25:00   |   09:01:28   |
11772       |        -4945.1   |       -4944.39   |      -0.716412   |   45:27:26   |   09:01:41   |
11773       |        -4945.1   |       -4944.39   |      -0.716412   |   45:30:00   |   09:01:55   |
11774       |       -4947.36   |       -4945.11   |        -2.2501   |   45:32:24   |   09:02:07   |
11775       |       -4949.18   |       -4950.32   |         1.1392   |   45:34:45   |   09:02:18   |
11776       |       -4949.07   |        -4947.3   |       -1.77274   |   45:37:15   |   09:02:31   |
11777       |       -4949.63   |       -4946.25   |       -3.37622   |   45:39:34   |   09:02:42   |
11778       |        -4949.2   |       -4947.08   |       -2.11817   |   45:41:58   |   09:02:53   |
11779       |        -4949.2   |       -4947.08   |       -2.11817   |   45:44:29   |   09:03:07   |


Iter        |      Posterior   |     Likelihood   |          Prior   |    elapsed   |        ETA   |
----------------------------------------------------------------------------------------------------
11780       |        -4949.2   |       -4947.08   |       -2.11817   |   45:47:01   |   09:03:20   |
11781       |       -4948.78   |       -4944.67   |       -4.11408   |   45:49:25   |   09:03:32   |
11782       |       -4945.69   |       -4945.25   |      -0.439826   |   45:51:53   |   09:03:44   |
11783       |       -4947.34   |       -4944.21   |       -3.12681   |   45:54:17   |   09:03:56   |
11784       |       -4946.84   |       -4946.25   |      -0.582476   |   45:56:46   |   09:04:08   |
11785       |       -4947.66   |       -4946.73   |      -0.924467   |   45:59:10   |   09:04:20   |
11786       |       -4947.33   |       -4947.01   |      -0.316948   |   46:01:33   |   09:04:31   |
11787       |       -4946.77   |        -4946.3   |      -0.476606   |   46:03:47   |   09:04:41   |
11788       |       -4947.49   |       -4946.68   |      -0.801495   |   46:06:07   |   09:04:52   |
11789       |       -4948.82   |       -4947.62   |       -1.19538   |   46:08:35   |   09:05:04   |
11790       |       -4947.51   |       -4946.34   |       -1.17448   |   46:10:57   |   09:05:15   |
11791       |       -4948.39   |       -4948.16   |      -0.227773   |   46:13:18   |   09:05:26   |
11792       |       -4947.26   |       -4948.43   |        1.16957   |   46:15:46   |   09:05:38   |
11793       |       -4949.79   |       -4953.15   |        3.35916   |   46:18:02   |   09:05:48   |
11794       |       -4949.74   |       -4952.66   |        2.92607   |   46:20:18   |   09:05:58   |
11795       |       -4948.59   |       -4948.88   |       0.296176   |   46:22:34   |   09:06:07   |
11796       |       -4949.35   |       -4949.03   |      -0.319434   |   46:24:55   |   09:06:18   |
11797       |       -4947.14   |       -4947.11   |     -0.0305061   |   46:27:24   |   09:06:30   |
11798       |       -4950.14   |       -4945.37   |       -4.76912   |   46:29:53   |   09:06:43   |
11799       |       -4949.21   |       -4945.98   |       -3.23307   |   46:32:25   |   09:06:56   |


Iter        |      Posterior   |     Likelihood   |          Prior   |    elapsed   |        ETA   |
----------------------------------------------------------------------------------------------------
11800       |       -4952.63   |       -4946.42   |       -6.21396   |   46:35:10   |   09:07:11   |
11801       |       -4951.86   |       -4947.37   |       -4.48913   |   46:37:49   |   09:07:25   |
11802       |       -4947.69   |        -4947.6   |     -0.0879639   |   46:40:23   |   09:07:38   |
11803       |       -4948.26   |       -4948.56   |        0.29165   |   46:42:52   |   09:07:50   |
11804       |       -4946.73   |       -4945.43   |       -1.29366   |   46:45:10   |   09:08:00   |
11805       |       -4949.48   |       -4945.09   |       -4.38488   |   46:47:33   |   09:08:11   |
11806       |       -4948.64   |       -4944.42   |       -4.22854   |   46:50:03   |   09:08:23   |
11807       |       -4948.64   |       -4944.42   |       -4.22854   |   46:52:36   |   09:08:36   |
11808       |       -4951.16   |       -4947.85   |       -3.31422   |   46:55:00   |   09:08:47   |
11809       |       -4949.99   |       -4949.96   |     -0.0270519   |   46:57:19   |   09:08:57   |
11810       |       -4949.11   |       -4948.63   |      -0.483858   |   46:59:47   |   09:09:09   |
11811       |       -4945.53   |        -4949.1   |         3.5688   |   47:02:05   |   09:09:18   |
11812       |       -4947.11   |       -4950.68   |         3.5688   |   47:04:22   |   09:09:28   |
11813       |       -4949.58   |       -4952.33   |        2.75766   |   47:06:41   |   09:09:38   |
11814       |        -4950.9   |       -4952.64   |        1.73085   |   47:08:52   |   09:09:46   |
11815       |       -4950.92   |       -4952.92   |        1.99878   |   47:11:07   |   09:09:55   |
11816       |       -4950.32   |       -4951.64   |        1.31598   |   47:13:19   |   09:10:04   |
11817       |        -4952.5   |       -4953.29   |       0.781452   |   47:15:35   |   09:10:13   |
11818       |        -4952.5   |       -4953.29   |       0.781452   |   47:18:05   |   09:10:25   |
11819       |       -4950.85   |       -4953.85   |        2.99953   |   47:20:23   |   09:10:34   |


Iter        |      Posterior   |     Likelihood   |          Prior   |    elapsed   |        ETA   |
----------------------------------------------------------------------------------------------------
11820       |       -4953.88   |       -4957.49   |         3.6076   |   47:22:46   |   09:10:45   |
11821       |       -4952.63   |       -4958.24   |        5.60974   |   47:25:02   |   09:10:54   |
11822       |       -4950.44   |       -4956.45   |        6.01107   |   47:27:20   |   09:11:03   |
11823       |       -4947.68   |       -4952.32   |        4.63656   |   47:29:42   |   09:11:14   |
11824       |       -4947.34   |       -4952.91   |        5.57104   |   47:31:55   |   09:11:22   |
11825       |       -4947.62   |        -4953.4   |        5.77125   |   47:34:11   |   09:11:31   |
11826       |       -4947.22   |        -4951.7   |        4.48094   |   47:36:19   |   09:11:39   |
11827       |        -4948.4   |       -4951.95   |         3.5433   |   47:38:33   |   09:11:47   |
11828       |        -4949.1   |       -4955.81   |        6.70939   |   47:40:48   |   09:11:56   |
11829       |       -4949.59   |       -4952.83   |        3.23748   |   47:43:00   |   09:12:04   |
11830       |       -4949.54   |       -4950.64   |        1.10139   |   47:45:13   |   09:12:12   |
11831       |       -4948.36   |       -4949.48   |        1.11609   |   47:47:38   |   09:12:23   |
11832       |       -4951.19   |       -4954.53   |        3.34093   |   47:50:08   |   09:12:34   |
11833       |       -4946.77   |       -4949.83   |        3.06439   |   47:52:24   |   09:12:43   |
11834       |       -4947.07   |       -4947.67   |       0.597932   |   47:54:48   |   09:12:54   |
11835       |          -4946   |       -4948.53   |        2.53705   |   47:57:17   |   09:13:05   |
11836       |        -4947.5   |       -4948.58   |        1.07816   |   47:59:32   |   09:13:13   |
11837       |        -4947.5   |       -4948.58   |        1.07816   |   48:02:04   |   09:13:25   |
11838       |        -4947.5   |       -4948.58   |        1.07816   |   48:04:37   |   09:13:37   |
11839       |       -4949.93   |       -4949.51   |      -0.412919   |   48:07:09   |   09:13:49   |


Iter        |      Posterior   |     Likelihood   |          Prior   |    elapsed   |        ETA   |
----------------------------------------------------------------------------------------------------
11840       |       -4950.36   |       -4953.03   |        2.66402   |   48:09:25   |   09:13:58   |
11841       |       -4949.32   |       -4952.19   |        2.87783   |   48:11:44   |   09:14:07   |
11842       |       -4947.83   |       -4950.43   |        2.59546   |   48:14:07   |   09:14:17   |
11843       |       -4950.22   |       -4953.16   |        2.93725   |   48:16:31   |   09:14:27   |
11844       |       -4947.38   |       -4947.83   |       0.450089   |   48:18:53   |   09:14:36   |
11845       |       -4946.82   |       -4948.55   |        1.73309   |   48:21:15   |   09:14:46   |
11846       |       -4946.92   |       -4951.48   |        4.56646   |   48:23:25   |   09:14:53   |
11847       |       -4947.82   |        -4950.3   |        2.47221   |   48:25:39   |   09:15:02   |
11848       |       -4946.47   |       -4948.96   |        2.49276   |   48:27:58   |   09:15:11   |
11849       |       -4947.91   |        -4952.1   |        4.19089   |   48:30:18   |   09:15:20   |
11850       |       -4947.17   |       -4950.74   |        3.57422   |   48:32:34   |   09:15:28   |
11851       |       -4948.17   |       -4953.62   |        5.44141   |   48:34:43   |   09:15:35   |
11852       |       -4947.85   |       -4950.02   |        2.16625   |   48:37:00   |   09:15:44   |
11853       |        -4948.5   |       -4951.06   |        2.56124   |   48:39:28   |   09:15:54   |
11854       |       -4949.95   |       -4951.38   |        1.43336   |   48:41:54   |   09:16:04   |
11855       |       -4949.82   |       -4951.07   |        1.25122   |   48:44:18   |   09:16:14   |
11856       |        -4948.8   |       -4949.98   |        1.17982   |   48:46:39   |   09:16:23   |
11857       |       -4951.06   |       -4948.81   |       -2.25508   |   48:48:57   |   09:16:32   |
11858       |       -4950.49   |       -4949.39   |       -1.09732   |   48:51:13   |   09:16:40   |
11859       |       -4949.47   |       -4951.34   |        1.87111   |   48:53:29   |   09:16:48   |


Iter        |      Posterior   |     Likelihood   |          Prior   |    elapsed   |        ETA   |
----------------------------------------------------------------------------------------------------
11860       |       -4948.48   |       -4950.05   |        1.56918   |   48:55:49   |   09:16:57   |
11861       |       -4948.55   |       -4949.96   |        1.40635   |   48:58:07   |   09:17:06   |
11862       |        -4948.7   |       -4952.41   |        3.71653   |   49:00:23   |   09:17:14   |
11863       |       -4948.97   |       -4953.64   |        4.67234   |   49:02:31   |   09:17:20   |
11864       |       -4949.04   |       -4954.37   |        5.32397   |   49:04:43   |   09:17:28   |
11865       |       -4951.46   |       -4955.97   |        4.51005   |   49:06:54   |   09:17:35   |
11866       |       -4950.58   |       -4955.39   |        4.80234   |   49:09:04   |   09:17:42   |
11867       |       -4948.78   |       -4951.68   |        2.90181   |   49:11:19   |   09:17:49   |
11868       |       -4950.05   |       -4954.78   |         4.7304   |   49:13:36   |   09:17:58   |
11869       |       -4952.14   |       -4954.78   |        2.64085   |   49:15:51   |   09:18:05   |
11870       |       -4957.33   |       -4956.33   |      -0.992899   |   49:18:13   |   09:18:14   |
11871       |       -4953.45   |       -4957.39   |        3.93851   |   49:20:34   |   09:18:23   |
11872       |       -4951.67   |       -4954.58   |        2.90502   |   49:22:52   |   09:18:31   |
11873       |       -4953.55   |       -4957.15   |        3.59239   |   49:25:10   |   09:18:40   |
11874       |       -4953.55   |       -4957.15   |        3.59239   |   49:27:37   |   09:18:50   |
11875       |       -4953.55   |       -4957.15   |        3.59239   |   49:30:00   |   09:18:59   |
11876       |       -4949.97   |       -4952.13   |        2.15669   |   49:32:24   |   09:19:08   |
11877       |       -4953.74   |       -4951.19   |       -2.54589   |   49:34:47   |   09:19:17   |
11878       |        -4951.6   |       -4950.41   |       -1.19002   |   49:37:08   |   09:19:26   |
11879       |       -4950.51   |       -4952.01   |        1.50242   |   49:39:31   |   09:19:35   |


Iter        |      Posterior   |     Likelihood   |          Prior   |    elapsed   |        ETA   |
----------------------------------------------------------------------------------------------------
11880       |       -4951.95   |       -4953.36   |        1.40855   |   49:41:51   |   09:19:43   |
11881       |       -4951.95   |       -4953.36   |        1.40855   |   49:44:16   |   09:19:52   |
11882       |       -4954.94   |       -4956.89   |        1.94572   |   49:46:31   |   09:20:00   |
11883       |       -4955.52   |       -4962.16   |        6.64299   |   49:48:43   |   09:20:07   |
11884       |       -4953.47   |       -4957.36   |        3.89618   |   49:50:53   |   09:20:13   |
11885       |       -4955.35   |       -4956.44   |        1.08832   |   49:53:06   |   09:20:20   |
11886       |       -4954.92   |       -4958.93   |        4.01115   |   49:55:25   |   09:20:28   |
11887       |       -4951.85   |       -4953.65   |        1.80381   |   49:57:44   |   09:20:36   |
11888       |       -4956.83   |       -4955.82   |       -1.01634   |   50:00:03   |   09:20:44   |
11889       |       -4956.74   |       -4958.76   |        2.02457   |   50:02:28   |   09:20:53   |
11890       |       -4956.96   |       -4956.66   |      -0.299267   |   50:04:55   |   09:21:03   |
11891       |       -4956.96   |       -4956.66   |      -0.299267   |   50:07:26   |   09:21:13   |
11892       |       -4957.07   |       -4956.47   |      -0.603388   |   50:09:43   |   09:21:20   |
11893       |       -4957.72   |       -4955.35   |       -2.37347   |   50:12:11   |   09:21:30   |
11894       |       -4957.71   |       -4958.23   |       0.520311   |   50:14:29   |   09:21:38   |
11895       |       -4955.16   |       -4955.57   |       0.407919   |   50:16:51   |   09:21:46   |
11896       |       -4953.95   |       -4954.63   |       0.678144   |   50:19:08   |   09:21:53   |
11897       |       -4953.95   |        -4954.7   |       0.755707   |   50:21:25   |   09:22:01   |
11898       |       -4955.39   |        -4956.2   |       0.809991   |   50:23:37   |   09:22:07   |
11899       |       -4954.49   |       -4954.33   |      -0.165797   |   50:25:59   |   09:22:16   |


Iter        |      Posterior   |     Likelihood   |          Prior   |    elapsed   |        ETA   |
----------------------------------------------------------------------------------------------------
11900       |       -4955.59   |       -4956.06   |       0.470274   |   50:28:12   |   09:22:22   |
11901       |       -4955.15   |        -4954.4   |       -0.75704   |   50:30:28   |   09:22:29   |
11902       |       -4954.73   |       -4950.84   |       -3.88557   |   50:32:53   |   09:22:38   |
11903       |       -4956.16   |       -4951.73   |       -4.42775   |   50:35:17   |   09:22:47   |
11904       |        -4960.8   |       -4955.99   |       -4.81309   |   50:37:38   |   09:22:55   |
11905       |       -4956.77   |       -4954.54   |        -2.2247   |   50:39:54   |   09:23:02   |
11906       |       -4958.15   |       -4958.39   |       0.239231   |   50:42:11   |   09:23:09   |
11907       |        -4957.2   |       -4957.68   |       0.487398   |   50:44:29   |   09:23:16   |
11908       |       -4952.63   |       -4950.89   |       -1.73226   |   50:46:42   |   09:23:23   |
11909       |       -4951.85   |       -4951.13   |      -0.724008   |   50:48:55   |   09:23:29   |
11910       |       -4950.76   |       -4952.67   |         1.9047   |   50:51:14   |   09:23:37   |
11911       |       -4950.76   |       -4952.67   |         1.9047   |   50:53:41   |   09:23:46   |
11912       |       -4950.41   |       -4952.52   |        2.11154   |   50:56:09   |   09:23:55   |
11913       |       -4950.41   |       -4952.52   |        2.11154   |   50:58:36   |   09:24:04   |
11914       |       -4952.63   |       -4952.14   |       -0.49426   |   51:00:57   |   09:24:11   |
11915       |       -4952.31   |       -4951.81   |       -0.50129   |   51:03:05   |   09:24:17   |
11916       |       -4953.63   |       -4955.13   |        1.50728   |   51:05:22   |   09:24:24   |
11917       |       -4954.79   |       -4956.64   |        1.85299   |   51:07:25   |   09:24:28   |
11918       |       -4953.07   |       -4957.37   |        4.29035   |   51:09:31   |   09:24:33   |
11919       |       -4955.72   |       -4957.73   |        2.01155   |   51:11:47   |   09:24:40   |


Iter        |      Posterior   |     Likelihood   |          Prior   |    elapsed   |        ETA   |
----------------------------------------------------------------------------------------------------
11920       |       -4954.13   |       -4955.63   |        1.49688   |   51:14:08   |   09:24:47   |
11921       |       -4956.48   |       -4955.69   |      -0.790831   |   51:16:30   |   09:24:55   |
11922       |       -4956.93   |       -4955.59   |       -1.34304   |   51:19:03   |   09:25:05   |
11923       |       -4953.02   |       -4956.67   |        3.64883   |   51:21:22   |   09:25:12   |
11924       |       -4953.84   |       -4954.23   |       0.394276   |   51:23:48   |   09:25:20   |
11925       |       -4955.36   |       -4954.51   |       -0.84331   |   51:26:11   |   09:25:28   |
11926       |       -4954.52   |       -4954.45   |     -0.0682057   |   51:28:30   |   09:25:35   |
11927       |       -4953.49   |       -4953.56   |      0.0661147   |   51:30:49   |   09:25:42   |
11928       |       -4951.16   |       -4951.89   |       0.737326   |   51:33:10   |   09:25:50   |
11929       |       -4953.31   |       -4954.84   |        1.52648   |   51:35:34   |   09:25:58   |
11930       |       -4953.31   |       -4954.84   |        1.52648   |   51:37:59   |   09:26:06   |
11931       |       -4955.06   |       -4954.05   |       -1.01522   |   51:40:22   |   09:26:13   |
11932       |       -4954.07   |       -4955.08   |        1.00346   |   51:42:36   |   09:26:19   |
11933       |       -4954.79   |       -4955.64   |       0.847994   |   51:44:59   |   09:26:27   |
11934       |       -4954.63   |        -4950.8   |       -3.83391   |   51:47:21   |   09:26:34   |
11935       |       -4954.18   |       -4950.23   |       -3.95295   |   51:49:45   |   09:26:42   |
11936       |       -4954.18   |       -4950.23   |       -3.95295   |   51:52:14   |   09:26:51   |
11937       |       -4955.66   |       -4954.77   |      -0.893571   |   51:54:30   |   09:26:57   |
11938       |       -4954.37   |       -4955.54   |        1.17249   |   51:56:52   |   09:27:04   |
11939       |       -4952.99   |       -4953.78   |       0.788609   |   51:59:10   |   09:27:11   |


Iter        |      Posterior   |     Likelihood   |          Prior   |    elapsed   |        ETA   |
----------------------------------------------------------------------------------------------------
11940       |       -4949.16   |       -4950.96   |         1.8081   |   52:01:29   |   09:27:18   |
11941       |       -4948.96   |       -4949.59   |        0.63139   |   52:03:51   |   09:27:25   |
11942       |       -4950.05   |       -4949.76   |      -0.296597   |   52:06:07   |   09:27:31   |
11943       |       -4950.44   |       -4952.74   |        2.30053   |   52:08:30   |   09:27:39   |
11944       |       -4952.04   |       -4952.28   |       0.236587   |   52:10:49   |   09:27:45   |
11945       |       -4954.49   |       -4954.72   |         0.2246   |   52:13:09   |   09:27:52   |
11946       |       -4954.71   |       -4953.51   |       -1.19754   |   52:15:32   |   09:27:59   |
11947       |       -4953.09   |       -4949.34   |       -3.75077   |   52:18:02   |   09:28:08   |
11948       |       -4953.53   |       -4949.77   |       -3.75764   |   52:20:28   |   09:28:16   |
11949       |       -4953.53   |       -4949.77   |       -3.75764   |   52:23:04   |   09:28:25   |
11950       |       -4953.53   |       -4949.77   |       -3.75764   |   52:25:31   |   09:28:33   |
11951       |       -4953.53   |       -4949.77   |       -3.75764   |   52:28:03   |   09:28:42   |
11952       |       -4953.53   |       -4949.77   |       -3.75764   |   52:30:34   |   09:28:51   |
11953       |       -4953.53   |       -4949.77   |       -3.75764   |   52:33:05   |   09:28:59   |
11954       |       -4953.53   |       -4949.77   |       -3.75764   |   52:35:39   |   09:29:08   |
11955       |       -4953.53   |       -4949.77   |       -3.75764   |   52:38:14   |   09:29:18   |
11956       |       -4953.53   |       -4949.77   |       -3.75764   |   52:40:45   |   09:29:26   |
11957       |       -4953.53   |       -4949.77   |       -3.75764   |   52:43:20   |   09:29:35   |
11958       |       -4953.53   |       -4949.77   |       -3.75764   |   52:45:56   |   09:29:45   |
11959       |       -4953.53   |       -4949.77   |       -3.75764   |   52:48:35   |   09:29:54   |


Iter        |      Posterior   |     Likelihood   |          Prior   |    elapsed   |        ETA   |
----------------------------------------------------------------------------------------------------
11960       |       -4953.53   |       -4949.77   |       -3.75764   |   52:51:09   |   09:30:03   |
11961       |       -4953.53   |       -4949.77   |       -3.75764   |   52:53:42   |   09:30:12   |
11962       |       -4953.53   |       -4949.77   |       -3.75764   |   52:56:08   |   09:30:20   |
11963       |       -4953.53   |       -4949.77   |       -3.75764   |   52:58:44   |   09:30:29   |
11964       |       -4951.38   |       -4949.55   |       -1.82886   |   53:01:08   |   09:30:36   |
11965       |       -4958.31   |       -4949.92   |       -8.39919   |   53:03:36   |   09:30:43   |
11966       |       -4952.65   |       -4948.98   |       -3.67264   |   53:06:03   |   09:30:51   |
11967       |       -4952.65   |       -4948.98   |       -3.67264   |   53:08:36   |   09:31:00   |
11968       |       -4952.65   |       -4948.98   |       -3.67264   |   53:11:11   |   09:31:08   |
11969       |       -4952.65   |       -4948.98   |       -3.67264   |   53:13:47   |   09:31:18   |
11970       |       -4952.65   |       -4948.98   |       -3.67264   |   53:16:23   |   09:31:27   |
11971       |       -4951.92   |       -4948.93   |       -2.98687   |   53:18:46   |   09:31:33   |
11972       |       -4952.08   |       -4949.05   |       -3.02462   |   53:21:16   |   09:31:41   |
11973       |       -4951.99   |       -4948.95   |       -3.04096   |   53:23:50   |   09:31:50   |
11974       |        -4955.3   |       -4951.36   |       -3.93271   |   53:26:05   |   09:31:55   |
11975       |       -4957.94   |       -4949.34   |        -8.6043   |   53:28:30   |   09:32:02   |
11976       |       -4956.62   |       -4951.54   |       -5.08552   |   53:30:50   |   09:32:08   |
11977       |       -4954.82   |       -4948.98   |       -5.84642   |   53:33:15   |   09:32:15   |
11978       |       -4957.99   |       -4948.79   |       -9.19885   |   53:35:41   |   09:32:22   |
11979       |       -4956.41   |       -4949.59   |       -6.82204   |   53:38:01   |   09:32:28   |


Iter        |      Posterior   |     Likelihood   |          Prior   |    elapsed   |        ETA   |
----------------------------------------------------------------------------------------------------
11980       |       -4953.29   |       -4950.98   |       -2.30929   |   53:40:17   |   09:32:33   |
11981       |        -4952.6   |       -4952.03   |      -0.569579   |   53:42:33   |   09:32:38   |
11982       |       -4953.51   |       -4952.93   |      -0.574355   |   53:44:54   |   09:32:44   |
11983       |       -4953.51   |       -4952.93   |      -0.574355   |   53:47:16   |   09:32:50   |
11984       |       -4953.51   |       -4952.93   |      -0.574355   |   53:49:41   |   09:32:57   |
11985       |       -4952.77   |       -4950.12   |       -2.65262   |   53:52:00   |   09:33:02   |
11986       |       -4952.55   |       -4949.01   |       -3.54054   |   53:54:16   |   09:33:08   |
11987       |       -4950.93   |       -4948.06   |       -2.87627   |   53:56:25   |   09:33:11   |
11988       |       -4950.83   |       -4949.62   |       -1.21745   |   53:58:39   |   09:33:16   |
11989       |       -4957.74   |       -4957.96   |       0.218908   |   54:00:58   |   09:33:21   |
11990       |       -4951.73   |       -4953.11   |        1.38237   |   54:03:09   |   09:33:26   |
11991       |       -4952.19   |       -4952.45   |       0.255943   |   54:05:26   |   09:33:31   |
11992       |       -4952.48   |       -4953.35   |       0.872333   |   54:07:45   |   09:33:36   |
11993       |       -4951.58   |       -4956.48   |        4.90818   |   54:10:02   |   09:33:41   |
11994       |       -4952.78   |        -4959.5   |        6.71845   |   54:12:09   |   09:33:44   |
11995       |       -4953.07   |       -4960.03   |        6.95966   |   54:14:10   |   09:33:47   |
11996       |       -4952.36   |       -4957.96   |        5.59617   |   54:16:16   |   09:33:50   |
11997       |       -4950.65   |       -4956.17   |        5.52331   |   54:18:27   |   09:33:54   |
11998       |       -4948.16   |       -4953.97   |         5.8134   |   54:20:52   |   09:34:00   |
11999       |       -4948.64   |       -4954.14   |        5.49633   |   54:23:10   |   09:34:05   |


Iter        |      Posterior   |     Likelihood   |          Prior   |    elapsed   |        ETA   |
----------------------------------------------------------------------------------------------------
12000       |       -4951.37   |       -4956.83   |        5.46251   |   54:25:30   |   09:34:11   |
12001       |       -4956.38   |       -4957.45   |        1.07264   |   54:27:58   |   09:34:17   |
12002       |       -4957.32   |       -4958.96   |        1.64045   |   54:30:18   |   09:34:23   |
12003       |       -4957.32   |       -4958.96   |        1.64045   |   54:32:50   |   09:34:30   |
12004       |       -4955.92   |       -4956.54   |       0.614181   |   54:35:08   |   09:34:35   |
12005       |       -4954.67   |       -4956.11   |        1.44257   |   54:37:18   |   09:34:39   |
12006       |       -4957.89   |       -4957.64   |      -0.253512   |   54:39:38   |   09:34:44   |
12007       |       -4957.34   |       -4957.19   |       -0.14466   |   54:42:06   |   09:34:51   |
12008       |       -4955.43   |       -4955.43   |    -0.00257914   |   54:44:26   |   09:34:56   |
12009       |       -4953.24   |          -4954   |       0.753028   |   54:46:42   |   09:35:00   |
12010       |       -4953.24   |          -4954   |       0.753028   |   54:49:03   |   09:35:06   |
12011       |       -4954.96   |       -4954.57   |      -0.393578   |   54:51:32   |   09:35:13   |
12012       |       -4955.98   |       -4958.99   |        3.01388   |   54:53:49   |   09:35:17   |
12013       |       -4956.74   |       -4961.02   |        4.28357   |   54:56:08   |   09:35:22   |
12014       |       -4955.06   |        -4959.4   |        4.33985   |   54:58:32   |   09:35:28   |
12015       |       -4955.79   |       -4954.04   |       -1.75312   |   55:00:50   |   09:35:33   |
12016       |       -4953.81   |       -4955.45   |        1.63919   |   55:03:10   |   09:35:38   |
12017       |       -4955.27   |       -4956.02   |        0.74782   |   55:05:34   |   09:35:43   |
12018       |       -4952.94   |       -4954.85   |        1.90933   |   55:07:51   |   09:35:48   |
12019       |       -4951.49   |       -4955.69   |        4.19702   |   55:10:09   |   09:35:52   |


Iter        |      Posterior   |     Likelihood   |          Prior   |    elapsed   |        ETA   |
----------------------------------------------------------------------------------------------------
12020       |       -4955.11   |       -4957.57   |        2.46326   |   55:12:22   |   09:35:56   |
12021       |       -4954.44   |       -4957.11   |        2.67098   |   55:14:42   |   09:36:01   |
12022       |       -4957.79   |       -4956.89   |       -0.90143   |   55:17:07   |   09:36:07   |
12023       |       -4955.84   |       -4954.92   |      -0.916777   |   55:19:36   |   09:36:13   |
12024       |       -4952.56   |       -4954.47   |        1.90379   |   55:21:46   |   09:36:16   |
12025       |       -4950.34   |       -4952.25   |        1.90748   |   55:24:12   |   09:36:22   |
12026       |       -4951.56   |       -4954.28   |        2.71692   |   55:26:37   |   09:36:28   |
12027       |       -4952.65   |       -4959.82   |        7.17281   |   55:28:54   |   09:36:32   |
12028       |       -4953.74   |        -4958.9   |        5.15738   |   55:31:16   |   09:36:37   |
12029       |       -4954.21   |       -4958.29   |        4.08011   |   55:33:41   |   09:36:43   |
12030       |       -4954.66   |       -4960.28   |        5.62379   |   55:36:03   |   09:36:48   |
12031       |       -4952.87   |       -4957.16   |        4.29712   |   55:38:25   |   09:36:53   |
12032       |       -4955.99   |       -4962.69   |         6.7014   |   55:40:51   |   09:36:59   |
12033       |        -4953.5   |       -4960.62   |        7.12108   |   55:43:19   |   09:37:05   |
12034       |       -4952.78   |       -4963.12   |        10.3375   |   55:45:37   |   09:37:09   |
12035       |       -4953.45   |       -4963.23   |         9.7796   |   55:47:52   |   09:37:13   |
12036       |       -4953.63   |       -4963.26   |         9.6297   |   55:50:09   |   09:37:17   |
12037       |       -4953.03   |       -4960.64   |        7.60747   |   55:52:20   |   09:37:20   |
12038       |       -4951.13   |       -4960.53   |        9.40153   |   55:54:35   |   09:37:23   |
12039       |       -4950.07   |       -4957.72   |        7.65629   |   55:56:53   |   09:37:27   |


Iter        |      Posterior   |     Likelihood   |          Prior   |    elapsed   |        ETA   |
----------------------------------------------------------------------------------------------------
12040       |       -4950.92   |       -4958.27   |        7.35254   |   55:59:18   |   09:37:33   |
12041       |       -4951.24   |       -4959.96   |        8.72212   |   56:01:31   |   09:37:36   |
12042       |       -4952.06   |       -4961.05   |        8.99499   |   56:03:48   |   09:37:40   |
12043       |       -4952.77   |       -4962.99   |        10.2245   |   56:06:05   |   09:37:44   |
12044       |        -4955.8   |       -4964.81   |        9.00804   |   56:08:34   |   09:37:50   |
12045       |        -4955.5   |        -4965.3   |        9.79799   |   56:10:59   |   09:37:55   |
12046       |       -4955.32   |       -4965.52   |        10.2055   |   56:13:15   |   09:37:59   |
12047       |       -4953.04   |       -4962.62   |        9.58648   |   56:15:34   |   09:38:03   |
12048       |       -4952.04   |       -4960.91   |        8.87053   |   56:17:53   |   09:38:07   |
12049       |       -4951.89   |       -4959.08   |        7.18203   |   56:20:13   |   09:38:11   |
12050       |       -4950.86   |        -4957.9   |        7.04566   |   56:22:38   |   09:38:16   |
12051       |       -4950.85   |        -4957.9   |         7.0516   |   56:25:03   |   09:38:21   |
12052       |        -4949.9   |       -4955.85   |        5.94325   |   56:27:28   |   09:38:26   |
12053       |       -4951.07   |       -4960.43   |        9.36043   |   56:29:50   |   09:38:31   |
12054       |       -4951.66   |       -4960.81   |        9.15686   |   56:32:04   |   09:38:34   |
12055       |       -4952.44   |       -4960.16   |        7.71484   |   56:34:21   |   09:38:37   |
12056       |       -4952.84   |       -4957.42   |        4.57558   |   56:36:46   |   09:38:42   |
12057       |       -4952.23   |       -4958.39   |        6.16128   |   56:39:19   |   09:38:49   |
12058       |       -4955.04   |       -4960.68   |        5.64305   |   56:41:53   |   09:38:55   |
12059       |       -4955.04   |       -4960.68   |        5.64305   |   56:44:20   |   09:39:00   |


Iter        |      Posterior   |     Likelihood   |          Prior   |    elapsed   |        ETA   |
----------------------------------------------------------------------------------------------------
12060       |       -4954.23   |       -4957.65   |        3.42278   |   56:46:47   |   09:39:05   |
12061       |       -4952.15   |       -4954.22   |        2.06744   |   56:49:11   |   09:39:10   |
12062       |        -4952.3   |       -4955.38   |        3.08085   |   56:51:33   |   09:39:14   |
12063       |       -4953.16   |       -4956.02   |        2.86165   |   56:53:54   |   09:39:18   |
12064       |       -4955.74   |       -4956.52   |       0.779316   |   56:56:13   |   09:39:22   |
12065       |       -4958.64   |       -4960.21   |        1.56872   |   56:58:33   |   09:39:26   |
12066       |        -4954.1   |       -4955.63   |        1.53137   |   57:00:50   |   09:39:29   |
12067       |        -4952.4   |       -4954.29   |        1.89656   |   57:03:15   |   09:39:34   |
12068       |       -4950.42   |       -4953.57   |        3.15051   |   57:05:32   |   09:39:37   |
12069       |       -4946.77   |       -4950.44   |        3.66259   |   57:07:48   |   09:39:40   |
12070       |       -4948.98   |       -4951.82   |        2.83831   |   57:10:11   |   09:39:44   |
12071       |       -4951.11   |       -4953.89   |        2.78295   |   57:12:33   |   09:39:49   |
12072       |       -4948.19   |       -4951.66   |        3.46718   |   57:14:52   |   09:39:52   |
12073       |       -4947.42   |       -4950.55   |        3.12623   |   57:17:17   |   09:39:57   |
12074       |       -4947.02   |       -4951.01   |        3.98993   |   57:19:35   |   09:40:00   |
12075       |       -4947.02   |       -4951.01   |        3.98993   |   57:22:06   |   09:40:05   |
12076       |       -4946.05   |       -4950.23   |        4.17838   |   57:24:30   |   09:40:10   |
12077       |       -4946.05   |       -4950.23   |        4.17838   |   57:26:58   |   09:40:15   |
12078       |       -4947.67   |       -4952.64   |        4.96457   |   57:29:23   |   09:40:19   |
12079       |       -4948.04   |        -4951.2   |        3.16342   |   57:31:49   |   09:40:23   |


Iter        |      Posterior   |     Likelihood   |          Prior   |    elapsed   |        ETA   |
----------------------------------------------------------------------------------------------------
12080       |       -4954.12   |       -4953.44   |      -0.677979   |   57:34:16   |   09:40:28   |
12081       |       -4951.05   |       -4950.19   |      -0.858814   |   57:36:35   |   09:40:31   |
12082       |       -4950.11   |       -4950.42   |       0.316453   |   57:38:59   |   09:40:36   |
12083       |       -4950.37   |       -4953.26   |        2.88821   |   57:41:25   |   09:40:40   |
12084       |       -4948.22   |       -4951.01   |        2.78637   |   57:43:51   |   09:40:44   |
12085       |       -4946.95   |       -4946.82   |      -0.134831   |   57:46:07   |   09:40:47   |
12086       |       -4947.69   |       -4949.46   |        1.77116   |   57:48:30   |   09:40:51   |
12087       |       -4948.85   |       -4951.02   |        2.17176   |   57:50:54   |   09:40:55   |
12088       |       -4947.71   |        -4949.9   |        2.19027   |   57:53:25   |   09:41:00   |
12089       |       -4949.95   |       -4951.87   |        1.92565   |   57:55:49   |   09:41:04   |
12090       |       -4949.95   |       -4951.87   |        1.92565   |   57:58:21   |   09:41:09   |
12091       |       -4949.95   |       -4951.87   |        1.92565   |   58:00:53   |   09:41:15   |
12092       |       -4949.95   |       -4951.87   |        1.92565   |   58:03:21   |   09:41:19   |
12093       |       -4949.95   |       -4951.87   |        1.92565   |   58:05:46   |   09:41:23   |
12094       |       -4949.95   |       -4951.87   |        1.92565   |   58:08:16   |   09:41:28   |
12095       |        -4951.2   |       -4953.12   |        1.91707   |   58:10:46   |   09:41:33   |
12096       |       -4950.47   |       -4950.48   |      0.0104452   |   58:13:12   |   09:41:37   |
12097       |       -4947.71   |       -4949.44   |        1.72799   |   58:15:37   |   09:41:41   |
12098       |       -4949.44   |       -4948.72   |      -0.722671   |   58:18:05   |   09:41:45   |
12099       |       -4949.25   |       -4950.52   |        1.26459   |   58:20:23   |   09:41:48   |


Iter        |      Posterior   |     Likelihood   |          Prior   |    elapsed   |        ETA   |
----------------------------------------------------------------------------------------------------
12100       |       -4947.41   |       -4948.29   |       0.881878   |   58:22:49   |   09:41:52   |
12101       |       -4946.01   |       -4948.52   |        2.51372   |   58:25:07   |   09:41:55   |
12102       |       -4945.97   |       -4948.55   |         2.5805   |   58:27:26   |   09:41:57   |
12103       |       -4946.06   |       -4947.95   |        1.89245   |   58:29:42   |   09:42:00   |
12104       |       -4946.02   |       -4949.79   |        3.76821   |   58:32:04   |   09:42:03   |
12105       |       -4946.59   |       -4950.29   |        3.70615   |   58:34:36   |   09:42:08   |
12106       |       -4948.27   |       -4953.42   |        5.15566   |   58:37:01   |   09:42:11   |
12107       |       -4952.71   |       -4959.76   |        7.05529   |   58:39:31   |   09:42:16   |
12108       |       -4952.02   |       -4959.74   |        7.71768   |   58:41:54   |   09:42:19   |
12109       |       -4950.92   |       -4958.59   |        7.67263   |   58:44:16   |   09:42:22   |
12110       |          -4956   |       -4965.16   |        9.15713   |   58:46:36   |   09:42:25   |
12111       |       -4955.62   |       -4964.42   |        8.79263   |   58:48:59   |   09:42:28   |
12112       |          -4954   |        -4962.5   |        8.49672   |   58:51:15   |   09:42:30   |
12113       |       -4952.18   |       -4960.91   |        8.73379   |   58:53:33   |   09:42:33   |
12114       |       -4955.46   |       -4963.35   |        7.88889   |   58:55:50   |   09:42:35   |
12115       |       -4947.99   |       -4955.24   |        7.24984   |   58:58:06   |   09:42:37   |
12116       |       -4950.86   |       -4958.32   |         7.4597   |   59:00:22   |   09:42:39   |
12117       |       -4950.86   |       -4958.32   |         7.4597   |   59:02:34   |   09:42:40   |
12118       |       -4948.24   |       -4953.54   |        5.30387   |   59:04:56   |   09:42:43   |
12119       |       -4947.01   |       -4955.56   |        8.54935   |   59:07:17   |   09:42:46   |


Iter        |      Posterior   |     Likelihood   |          Prior   |    elapsed   |        ETA   |
----------------------------------------------------------------------------------------------------
12120       |       -4947.12   |       -4954.64   |         7.5274   |   59:09:40   |   09:42:49   |
12121       |       -4946.78   |       -4953.06   |        6.27713   |   59:11:56   |   09:42:51   |
12122       |       -4946.78   |       -4953.06   |        6.27713   |   59:14:19   |   09:42:54   |
12123       |       -4947.79   |        -4954.1   |        6.30986   |   59:16:44   |   09:42:57   |
12124       |       -4948.04   |       -4954.53   |        6.48861   |   59:19:08   |   09:43:00   |
12125       |       -4946.26   |       -4951.91   |        5.65091   |   59:21:28   |   09:43:03   |
12126       |       -4947.98   |       -4955.81   |        7.83402   |   59:23:45   |   09:43:05   |
12127       |       -4947.83   |       -4955.47   |         7.6369   |   59:26:04   |   09:43:07   |
12128       |       -4948.85   |       -4953.04   |        4.18978   |   59:28:25   |   09:43:09   |
12129       |       -4948.81   |       -4952.56   |        3.75149   |   59:30:49   |   09:43:12   |
12130       |       -4951.72   |       -4958.09   |        6.37953   |   59:33:02   |   09:43:13   |
12131       |       -4954.19   |        -4958.8   |        4.60677   |   59:35:25   |   09:43:16   |
12132       |        -4950.8   |       -4958.31   |        7.51591   |   59:37:41   |   09:43:18   |
12133       |       -4950.26   |        -4956.1   |        5.84543   |   59:40:05   |   09:43:21   |
12134       |       -4949.83   |       -4954.47   |        4.63746   |   59:42:31   |   09:43:24   |
12135       |       -4952.69   |       -4956.81   |        4.11983   |   59:44:57   |   09:43:27   |
12136       |       -4952.26   |       -4958.88   |        6.62006   |   59:47:30   |   09:43:31   |
12137       |       -4952.23   |       -4958.08   |        5.84643   |   59:49:52   |   09:43:34   |
12138       |       -4954.74   |       -4965.67   |         10.927   |   59:52:12   |   09:43:36   |
12139       |       -4950.96   |       -4959.64   |        8.67935   |   59:54:29   |   09:43:38   |


Iter        |      Posterior   |     Likelihood   |          Prior   |    elapsed   |        ETA   |
----------------------------------------------------------------------------------------------------
12140       |       -4950.67   |       -4958.05   |        7.37786   |   59:56:35   |   09:43:37   |
12141       |       -4948.16   |       -4952.97   |        4.81042   |   59:58:49   |   09:43:38   |
12142       |       -4949.19   |        -4953.4   |        4.21242   |   60:01:04   |   09:43:40   |
12143       |       -4952.13   |       -4956.38   |        4.24416   |   60:03:18   |   09:43:41   |
12144       |       -4949.48   |       -4954.17   |        4.68628   |   60:05:34   |   09:43:42   |
12145       |       -4949.25   |       -4954.27   |        5.01912   |   60:07:47   |   09:43:43   |
12146       |       -4951.37   |       -4956.53   |        5.15546   |   60:10:04   |   09:43:44   |
12147       |       -4950.16   |        -4956.2   |        6.04208   |   60:12:22   |   09:43:46   |
12148       |       -4948.59   |       -4950.63   |        2.03557   |   60:14:45   |   09:43:48   |
12149       |       -4950.31   |       -4949.84   |       -0.46858   |   60:17:04   |   09:43:50   |
12150       |       -4948.92   |       -4949.64   |       0.722073   |   60:19:28   |   09:43:52   |
12151       |       -4946.26   |       -4950.99   |        4.73815   |   60:21:55   |   09:43:55   |
12152       |       -4948.65   |       -4952.64   |        3.99567   |   60:24:03   |   09:43:55   |
12153       |       -4949.72   |       -4953.05   |        3.33396   |   60:26:27   |   09:43:58   |
12154       |       -4952.36   |       -4956.74   |        4.38192   |   60:28:42   |   09:43:59   |
12155       |       -4949.99   |       -4953.29   |        3.29338   |   60:31:03   |   09:44:00   |
12156       |        -4950.2   |       -4954.73   |        4.52525   |   60:33:26   |   09:44:03   |
12157       |       -4954.15   |       -4959.73   |        5.57163   |   60:35:48   |   09:44:05   |
12158       |       -4952.83   |       -4957.93   |        5.10114   |   60:38:11   |   09:44:07   |
12159       |       -4953.01   |       -4957.09   |        4.07879   |   60:40:28   |   09:44:08   |


Iter        |      Posterior   |     Likelihood   |          Prior   |    elapsed   |        ETA   |
----------------------------------------------------------------------------------------------------
12160       |       -4953.01   |       -4957.09   |        4.07879   |   60:42:56   |   09:44:11   |
12161       |        -4954.3   |       -4957.85   |        3.54323   |   60:45:21   |   09:44:13   |
12162       |       -4953.08   |       -4956.02   |        2.93901   |   60:47:33   |   09:44:13   |
12163       |       -4950.21   |       -4954.42   |        4.20918   |   60:49:53   |   09:44:15   |
12164       |        -4948.7   |       -4953.05   |        4.35015   |   60:52:12   |   09:44:16   |
12165       |       -4949.98   |       -4955.25   |        5.27574   |   60:54:27   |   09:44:17   |
12166       |       -4953.08   |       -4955.48   |        2.40252   |   60:56:40   |   09:44:17   |
12167       |       -4950.48   |       -4952.13   |         1.6495   |   60:58:59   |   09:44:19   |
12168       |        -4949.9   |       -4947.64   |       -2.26035   |   61:01:07   |   09:44:18   |
12169       |       -4951.48   |       -4954.28   |        2.80287   |   61:03:26   |   09:44:19   |
12170       |       -4956.11   |       -4952.51   |       -3.60639   |   61:05:49   |   09:44:21   |
12171       |       -4954.79   |          -4951   |        -3.7873   |   61:08:20   |   09:44:24   |
12172       |       -4953.84   |       -4951.24   |        -2.5981   |   61:10:54   |   09:44:28   |
12173       |       -4954.29   |        -4954.3   |     0.00897277   |   61:13:12   |   09:44:29   |
12174       |       -4955.61   |       -4954.32   |       -1.28938   |   61:15:39   |   09:44:31   |
12175       |       -4950.85   |       -4952.58   |        1.72923   |   61:17:58   |   09:44:32   |
12176       |       -4955.23   |       -4956.47   |        1.23517   |   61:20:06   |   09:44:32   |
12177       |       -4953.25   |       -4955.78   |        2.53085   |   61:22:25   |   09:44:33   |
12178       |       -4948.57   |       -4952.61   |        4.03286   |   61:24:39   |   09:44:33   |
12179       |        -4949.5   |       -4951.27   |        1.76189   |   61:27:03   |   09:44:35   |


Iter        |      Posterior   |     Likelihood   |          Prior   |    elapsed   |        ETA   |
----------------------------------------------------------------------------------------------------
12180       |        -4949.5   |       -4951.22   |        1.72753   |   61:29:26   |   09:44:36   |
12181       |       -4949.73   |       -4948.42   |       -1.31344   |   61:31:50   |   09:44:38   |
12182       |       -4949.15   |       -4950.54   |         1.3856   |   61:34:10   |   09:44:39   |
12183       |       -4954.41   |       -4953.93   |      -0.482216   |   61:36:32   |   09:44:41   |
12184       |       -4954.72   |       -4956.63   |        1.90783   |   61:38:50   |   09:44:41   |
12185       |       -4951.18   |       -4954.61   |        3.43696   |   61:41:05   |   09:44:42   |
12186       |       -4952.49   |       -4953.82   |        1.32928   |   61:43:26   |   09:44:43   |
12187       |       -4952.15   |       -4953.36   |        1.20762   |   61:45:42   |   09:44:43   |
12188       |       -4949.95   |       -4952.24   |        2.28765   |   61:47:58   |   09:44:43   |
12189       |       -4950.37   |       -4951.85   |        1.47902   |   61:50:15   |   09:44:44   |
12190       |       -4953.51   |       -4956.01   |         2.5062   |   61:52:21   |   09:44:43   |
12191       |       -4954.56   |       -4957.21   |        2.65069   |   61:54:27   |   09:44:41   |
12192       |       -4953.69   |       -4956.35   |        2.65317   |   61:56:51   |   09:44:43   |
12193       |       -4954.07   |       -4955.33   |        1.25145   |   61:59:11   |   09:44:44   |
12194       |        -4949.6   |       -4952.87   |        3.27555   |   62:01:18   |   09:44:42   |
12195       |       -4950.26   |       -4952.35   |        2.08219   |   62:03:35   |   09:44:43   |
12196       |       -4950.33   |       -4952.18   |         1.8441   |   62:06:00   |   09:44:44   |
12197       |       -4949.66   |       -4951.31   |        1.64781   |   62:08:17   |   09:44:45   |
12198       |       -4946.92   |       -4950.47   |        3.54697   |   62:10:30   |   09:44:44   |
12199       |       -4949.38   |       -4952.28   |        2.89979   |   62:12:44   |   09:44:44   |


Iter        |      Posterior   |     Likelihood   |          Prior   |    elapsed   |        ETA   |
----------------------------------------------------------------------------------------------------
12200       |       -4948.75   |       -4950.64   |        1.88829   |   62:14:58   |   09:44:44   |
12201       |       -4953.49   |       -4955.65   |        2.16069   |   62:17:20   |   09:44:45   |
12202       |        -4952.9   |       -4955.39   |        2.48611   |   62:19:46   |   09:44:46   |
12203       |       -4955.49   |       -4957.93   |        2.44544   |   62:22:01   |   09:44:46   |
12204       |       -4952.75   |       -4954.83   |        2.08108   |   62:24:25   |   09:44:47   |
12205       |       -4951.03   |        -4954.3   |        3.27493   |   62:26:49   |   09:44:48   |
12206       |       -4951.11   |       -4954.33   |        3.21365   |   62:29:08   |   09:44:49   |
12207       |        -4950.6   |       -4953.41   |        2.80867   |   62:31:31   |   09:44:50   |
12208       |       -4949.04   |       -4951.22   |        2.17995   |   62:33:49   |   09:44:50   |
12209       |       -4947.99   |       -4951.02   |        3.03617   |   62:36:05   |   09:44:50   |
12210       |       -4950.85   |       -4951.78   |       0.931377   |   62:38:23   |   09:44:50   |
12211       |       -4950.85   |       -4951.78   |       0.931377   |   62:40:54   |   09:44:52   |
12212       |       -4946.63   |       -4947.08   |       0.449578   |   62:43:11   |   09:44:52   |
12213       |       -4950.92   |          -4950   |      -0.917543   |   62:45:38   |   09:44:54   |
12214       |       -4950.27   |       -4950.39   |       0.125727   |   62:48:08   |   09:44:56   |
12215       |       -4949.61   |       -4951.62   |        2.01125   |   62:50:34   |   09:44:57   |
12216       |       -4950.59   |       -4954.19   |        3.59632   |   62:52:54   |   09:44:57   |
12217       |       -4947.72   |       -4950.59   |        2.87246   |   62:55:05   |   09:44:56   |
12218       |       -4946.41   |       -4950.52   |        4.11099   |   62:57:18   |   09:44:55   |
12219       |       -4946.46   |       -4949.28   |        2.81124   |   62:59:30   |   09:44:54   |


Iter        |      Posterior   |     Likelihood   |          Prior   |    elapsed   |        ETA   |
----------------------------------------------------------------------------------------------------
12220       |       -4946.49   |       -4950.39   |        3.89484   |   63:01:50   |   09:44:54   |
12221       |        -4947.5   |       -4951.22   |        3.72378   |   63:04:10   |   09:44:55   |
12222       |       -4946.91   |        -4949.2   |        2.28982   |   63:06:19   |   09:44:53   |
12223       |       -4946.13   |       -4950.03   |        3.90024   |   63:08:21   |   09:44:50   |
12224       |       -4950.84   |       -4953.26   |        2.42623   |   63:10:25   |   09:44:48   |
12225       |       -4949.71   |       -4950.47   |       0.762184   |   63:12:36   |   09:44:47   |
12226       |       -4950.29   |       -4947.52   |       -2.77156   |   63:14:53   |   09:44:46   |
12227       |       -4951.96   |       -4950.29   |       -1.66609   |   63:17:10   |   09:44:46   |
12228       |       -4951.96   |       -4950.29   |       -1.66609   |   63:19:35   |   09:44:47   |
12229       |       -4949.54   |       -4946.33   |       -3.20394   |   63:21:58   |   09:44:47   |
12230       |       -4947.76   |       -4947.37   |      -0.391151   |   63:24:22   |   09:44:48   |
12231       |        -4948.1   |       -4947.87   |      -0.235511   |   63:26:40   |   09:44:48   |
12232       |       -4950.05   |       -4948.81   |       -1.24135   |   63:28:53   |   09:44:47   |
12233       |       -4948.27   |       -4948.64   |       0.372624   |   63:31:05   |   09:44:45   |
12234       |       -4947.52   |       -4947.55   |      0.0324878   |   63:33:21   |   09:44:45   |
12235       |       -4948.36   |       -4949.92   |        1.55724   |   63:35:37   |   09:44:44   |
12236       |       -4949.88   |       -4954.86   |        4.97989   |   63:37:46   |   09:44:42   |
12237       |       -4949.01   |       -4953.26   |        4.24516   |   63:40:13   |   09:44:43   |
12238       |        -4949.6   |       -4952.31   |        2.71197   |   63:42:23   |   09:44:41   |
12239       |       -4949.59   |        -4952.3   |        2.71205   |   63:44:48   |   09:44:42   |


Iter        |      Posterior   |     Likelihood   |          Prior   |    elapsed   |        ETA   |
----------------------------------------------------------------------------------------------------
12240       |       -4948.93   |       -4951.61   |        2.67998   |   63:47:17   |   09:44:43   |
12241       |       -4948.09   |       -4951.81   |        3.72401   |   63:49:40   |   09:44:43   |
12242       |        -4951.9   |       -4958.53   |        6.62656   |   63:51:59   |   09:44:43   |
12243       |       -4950.17   |       -4956.56   |        6.39403   |   63:54:14   |   09:44:42   |
12244       |       -4950.33   |       -4953.48   |         3.1447   |   63:56:38   |   09:44:42   |
12245       |       -4949.12   |       -4952.54   |        3.42056   |   63:58:54   |   09:44:41   |
12246       |        -4947.5   |       -4949.81   |         2.3157   |   64:01:12   |   09:44:40   |
12247       |       -4949.87   |       -4951.26   |        1.39161   |   64:03:30   |   09:44:40   |
12248       |       -4950.89   |       -4948.71   |       -2.18261   |   64:05:53   |   09:44:40   |
12249       |       -4950.76   |       -4948.52   |       -2.24299   |   64:08:12   |   09:44:39   |
12250       |       -4952.06   |        -4953.7   |        1.63813   |   64:10:36   |   09:44:39   |
12251       |       -4952.02   |          -4952   |     -0.0260136   |   64:12:53   |   09:44:38   |
12252       |       -4949.83   |       -4951.46   |        1.63108   |   64:15:10   |   09:44:37   |
12253       |       -4950.45   |       -4949.79   |      -0.655213   |   64:17:28   |   09:44:37   |
12254       |       -4957.12   |       -4954.73   |       -2.39514   |   64:19:58   |   09:44:38   |
12255       |       -4957.23   |       -4954.22   |       -3.00277   |   64:22:24   |   09:44:38   |
12256       |       -4954.85   |       -4953.51   |       -1.34631   |   64:24:55   |   09:44:39   |
12257       |       -4951.33   |       -4947.42   |       -3.90711   |   64:27:22   |   09:44:39   |
12258       |       -4951.99   |       -4950.33   |       -1.65556   |   64:29:50   |   09:44:40   |
12259       |       -4952.01   |       -4949.87   |       -2.14085   |   64:32:05   |   09:44:39   |


Iter        |      Posterior   |     Likelihood   |          Prior   |    elapsed   |        ETA   |
----------------------------------------------------------------------------------------------------
12260       |       -4951.07   |       -4950.57   |       -0.50198   |   64:34:27   |   09:44:38   |
12261       |       -4949.39   |        -4950.4   |        1.01024   |   64:36:52   |   09:44:38   |
12262       |       -4951.71   |       -4952.01   |       0.297012   |   64:39:12   |   09:44:37   |
12263       |       -4948.61   |        -4952.2   |        3.59601   |   64:41:40   |   09:44:38   |
12264       |       -4949.27   |       -4951.83   |        2.55803   |   64:44:00   |   09:44:37   |
12265       |        -4949.8   |       -4954.78   |        4.98522   |   64:46:17   |   09:44:36   |
12266       |        -4950.6   |       -4957.13   |        6.52827   |   64:48:41   |   09:44:36   |
12267       |       -4952.34   |       -4958.35   |        6.01129   |   64:50:55   |   09:44:34   |
12268       |       -4949.98   |       -4953.53   |        3.55333   |   64:53:16   |   09:44:33   |
12269       |       -4949.98   |       -4953.53   |        3.55333   |   64:55:54   |   09:44:35   |
12270       |       -4950.73   |        -4954.4   |        3.67125   |   64:58:21   |   09:44:35   |
12271       |       -4953.58   |       -4955.85   |        2.26561   |   65:00:48   |   09:44:35   |
12272       |       -4948.73   |       -4953.17   |         4.4316   |   65:03:14   |   09:44:35   |
12273       |       -4947.33   |       -4953.28   |        5.95728   |   65:05:34   |   09:44:34   |
12274       |        -4946.6   |       -4952.96   |        6.35418   |   65:07:57   |   09:44:34   |
12275       |       -4947.62   |       -4952.68   |        5.06472   |   65:10:07   |   09:44:31   |
12276       |       -4948.13   |       -4951.73   |        3.59823   |   65:12:30   |   09:44:30   |
12277       |       -4947.88   |       -4951.78   |         3.9088   |   65:14:52   |   09:44:30   |
12278       |       -4948.97   |       -4954.09   |        5.12713   |   65:17:11   |   09:44:28   |
12279       |       -4948.53   |        -4953.1   |        4.57284   |   65:19:17   |   09:44:25   |


Iter        |      Posterior   |     Likelihood   |          Prior   |    elapsed   |        ETA   |
----------------------------------------------------------------------------------------------------
12280       |       -4950.55   |       -4951.17   |        0.62098   |   65:21:35   |   09:44:24   |
12281       |       -4953.42   |       -4956.83   |        3.40673   |   65:23:52   |   09:44:22   |
12282       |       -4949.83   |       -4953.45   |        3.62399   |   65:26:15   |   09:44:21   |
12283       |       -4947.88   |          -4950   |        2.12079   |   65:28:38   |   09:44:21   |
12284       |       -4947.74   |       -4951.22   |        3.48609   |   65:30:53   |   09:44:19   |
12285       |       -4949.48   |       -4954.74   |        5.26574   |   65:33:07   |   09:44:17   |
12286       |        -4949.3   |       -4955.47   |         6.1736   |   65:35:22   |   09:44:15   |
12287       |       -4949.85   |       -4953.24   |        3.38916   |   65:37:39   |   09:44:13   |
12288       |        -4950.5   |       -4953.36   |        2.85636   |   65:40:03   |   09:44:12   |
12289       |        -4948.4   |       -4953.69   |        5.29204   |   65:42:23   |   09:44:11   |
12290       |       -4947.06   |       -4951.32   |        4.26583   |   65:44:47   |   09:44:10   |
12291       |       -4948.88   |       -4951.15   |        2.27494   |   65:47:06   |   09:44:08   |
12292       |       -4947.16   |       -4945.06   |       -2.09726   |   65:49:31   |   09:44:08   |
12293       |       -4948.02   |       -4949.45   |         1.4239   |   65:51:51   |   09:44:06   |
12294       |       -4946.81   |       -4949.73   |        2.91393   |   65:54:14   |   09:44:05   |
12295       |       -4948.99   |       -4955.02   |        6.02411   |   65:56:37   |   09:44:04   |
12296       |       -4949.23   |       -4955.68   |        6.45009   |   65:58:57   |   09:44:03   |
12297       |       -4950.11   |       -4959.28   |        9.16684   |   66:01:11   |   09:44:00   |
12298       |       -4950.36   |        -4960.5   |        10.1368   |   66:03:17   |   09:43:57   |
12299       |       -4951.97   |       -4963.11   |        11.1393   |   66:05:36   |   09:43:55   |


Iter        |      Posterior   |     Likelihood   |          Prior   |    elapsed   |        ETA   |
----------------------------------------------------------------------------------------------------
12300       |       -4950.44   |       -4959.64   |        9.19879   |   66:07:56   |   09:43:53   |
12301       |       -4952.69   |       -4960.52   |        7.83705   |   66:10:11   |   09:43:51   |
12302       |       -4953.19   |       -4958.61   |        5.41567   |   66:12:36   |   09:43:50   |
12303       |       -4954.22   |       -4961.38   |        7.16496   |   66:14:52   |   09:43:48   |
12304       |       -4953.03   |       -4963.01   |        9.98327   |   66:17:07   |   09:43:46   |
12305       |       -4953.94   |       -4962.23   |        8.28995   |   66:19:29   |   09:43:44   |
12306       |       -4952.08   |       -4959.71   |        7.63637   |   66:21:47   |   09:43:42   |
12307       |       -4951.81   |       -4961.26   |        9.45003   |   66:24:09   |   09:43:41   |
12308       |       -4948.15   |       -4956.47   |        8.32282   |   66:26:28   |   09:43:39   |
12309       |       -4948.84   |       -4957.81   |        8.96719   |   66:28:47   |   09:43:37   |
12310       |       -4946.86   |       -4953.72   |        6.86114   |   66:31:05   |   09:43:35   |
12311       |       -4945.88   |       -4952.79   |        6.91194   |   66:33:24   |   09:43:33   |
12312       |       -4945.56   |       -4953.18   |         7.6222   |   66:35:44   |   09:43:31   |
12313       |       -4945.79   |        -4952.3   |        6.50719   |   66:38:03   |   09:43:29   |
12314       |       -4946.57   |       -4954.58   |        8.00801   |   66:40:23   |   09:43:27   |
12315       |       -4949.21   |       -4953.47   |        4.25725   |   66:42:39   |   09:43:24   |
12316       |       -4948.45   |       -4955.89   |        7.43935   |   66:45:02   |   09:43:23   |
12317       |       -4949.75   |        -4957.3   |        7.55092   |   66:47:24   |   09:43:21   |
12318       |       -4945.51   |       -4949.29   |        3.77185   |   66:49:46   |   09:43:20   |
12319       |       -4945.91   |       -4950.51   |        4.60153   |   66:52:04   |   09:43:17   |


Iter        |      Posterior   |     Likelihood   |          Prior   |    elapsed   |        ETA   |
----------------------------------------------------------------------------------------------------
12320       |       -4946.89   |       -4949.55   |        2.65735   |   66:54:25   |   09:43:15   |
12321       |       -4950.38   |       -4948.02   |       -2.35392   |   66:56:45   |   09:43:13   |
12322       |       -4949.28   |       -4949.86   |       0.573459   |   66:59:11   |   09:43:12   |
12323       |       -4945.48   |       -4948.28   |         2.8048   |   67:01:25   |   09:43:09   |
12324       |        -4946.8   |          -4947   |       0.208914   |   67:03:48   |   09:43:07   |
12325       |       -4947.48   |       -4950.19   |        2.70475   |   67:06:12   |   09:43:06   |
12326       |       -4949.73   |       -4952.27   |        2.53948   |   67:08:26   |   09:43:03   |
12327       |       -4951.63   |       -4954.29   |        2.66569   |   67:10:29   |   09:42:58   |
12328       |       -4951.61   |       -4954.22   |        2.60996   |   67:12:41   |   09:42:55   |
12329       |        -4949.8   |       -4952.42   |        2.62396   |   67:15:04   |   09:42:53   |
12330       |       -4948.96   |       -4955.68   |        6.71536   |   67:17:28   |   09:42:51   |
12331       |       -4948.67   |       -4948.56   |      -0.113507   |   67:19:48   |   09:42:49   |
12332       |       -4946.85   |       -4947.22   |       0.367426   |   67:22:13   |   09:42:47   |
12333       |       -4946.06   |       -4948.76   |        2.70718   |   67:24:36   |   09:42:45   |
12334       |       -4946.02   |       -4948.09   |        2.06758   |   67:26:59   |   09:42:44   |
12335       |       -4946.11   |       -4948.19   |        2.07655   |   67:29:24   |   09:42:42   |
12336       |       -4945.96   |       -4947.59   |         1.6312   |   67:31:48   |   09:42:40   |
12337       |       -4945.85   |       -4948.07   |        2.21752   |   67:34:06   |   09:42:37   |
12338       |       -4945.72   |        -4946.4   |        0.68314   |   67:36:24   |   09:42:35   |
12339       |       -4945.22   |       -4949.93   |          4.717   |   67:38:42   |   09:42:32   |


Iter        |      Posterior   |     Likelihood   |          Prior   |    elapsed   |        ETA   |
----------------------------------------------------------------------------------------------------
12340       |       -4945.13   |       -4949.55   |        4.41948   |   67:41:00   |   09:42:29   |
12341       |       -4945.13   |       -4949.55   |        4.41948   |   67:43:33   |   09:42:28   |
12342       |        -4946.7   |       -4952.12   |        5.42048   |   67:45:46   |   09:42:25   |
12343       |       -4943.37   |       -4947.96   |        4.59054   |   67:47:59   |   09:42:21   |
12344       |       -4945.89   |       -4949.35   |        3.46619   |   67:50:20   |   09:42:19   |
12345       |       -4945.06   |       -4947.72   |        2.66016   |   67:52:45   |   09:42:17   |
12346       |        -4945.5   |       -4945.66   |       0.166018   |   67:55:11   |   09:42:15   |
12347       |       -4946.89   |       -4949.48   |         2.5856   |   67:57:41   |   09:42:14   |
12348       |       -4949.72   |       -4949.38   |      -0.332774   |   68:00:09   |   09:42:13   |
12349       |       -4950.71   |       -4949.42   |       -1.28768   |   68:02:38   |   09:42:11   |
12350       |        -4948.5   |       -4948.21   |       -0.28862   |   68:05:04   |   09:42:09   |
12351       |       -4947.66   |       -4948.23   |       0.572874   |   68:07:24   |   09:42:07   |
12352       |       -4947.96   |       -4949.97   |        2.00465   |   68:09:50   |   09:42:05   |
12353       |       -4950.54   |        -4950.9   |       0.350262   |   68:12:13   |   09:42:02   |
12354       |       -4947.37   |       -4946.18   |       -1.18959   |   68:14:46   |   09:42:01   |
12355       |       -4945.16   |       -4946.55   |        1.39542   |   68:17:07   |   09:41:59   |
12356       |       -4945.57   |       -4947.72   |        2.14743   |   68:19:20   |   09:41:55   |
12357       |       -4948.45   |        -4943.9   |       -4.55907   |   68:21:43   |   09:41:52   |
12358       |       -4945.93   |       -4946.78   |       0.848922   |   68:24:05   |   09:41:50   |
12359       |       -4945.39   |       -4947.04   |        1.65366   |   68:26:16   |   09:41:46   |


Iter        |      Posterior   |     Likelihood   |          Prior   |    elapsed   |        ETA   |
----------------------------------------------------------------------------------------------------
12360       |       -4942.37   |       -4945.12   |        2.75369   |   68:28:26   |   09:41:41   |
12361       |       -4942.99   |       -4944.73   |        1.73685   |   68:30:42   |   09:41:38   |
12362       |       -4943.33   |       -4945.44   |         2.1111   |   68:33:03   |   09:41:35   |
12363       |       -4945.22   |       -4945.53   |       0.310369   |   68:35:24   |   09:41:32   |
12364       |        -4946.6   |       -4942.75   |       -3.84455   |   68:37:51   |   09:41:30   |
12365       |       -4948.27   |       -4943.94   |        -4.3301   |   68:40:22   |   09:41:28   |
12366       |       -4950.87   |       -4951.95   |        1.08425   |   68:43:07   |   09:41:29   |
12367       |       -4947.11   |        -4946.9   |      -0.210266   |   68:45:50   |   09:41:29   |
12368       |        -4944.7   |       -4945.22   |       0.524072   |   68:48:19   |   09:41:27   |
12369       |       -4944.92   |       -4945.59   |       0.671562   |   68:50:50   |   09:41:26   |
12370       |       -4945.72   |       -4948.21   |        2.48938   |   68:53:27   |   09:41:25   |
12371       |       -4944.32   |       -4944.47   |       0.141586   |   68:55:54   |   09:41:23   |
12372       |       -4942.72   |       -4944.36   |        1.63901   |   68:58:26   |   09:41:21   |
12373       |       -4946.39   |       -4949.63   |        3.24025   |   69:00:55   |   09:41:19   |
12374       |       -4946.92   |       -4946.75   |      -0.171153   |   69:03:22   |   09:41:17   |
12375       |        -4944.9   |       -4946.23   |        1.33346   |   69:05:56   |   09:41:16   |
12376       |       -4946.47   |       -4947.54   |        1.07307   |   69:08:28   |   09:41:14   |
12377       |       -4946.47   |       -4947.54   |        1.07307   |   69:11:17   |   09:41:15   |
12378       |       -4946.26   |       -4947.22   |       0.958759   |   69:14:03   |   09:41:15   |
12379       |       -4949.57   |       -4947.74   |       -1.82589   |   69:16:41   |   09:41:14   |


Iter        |      Posterior   |     Likelihood   |          Prior   |    elapsed   |        ETA   |
----------------------------------------------------------------------------------------------------
12380       |       -4945.04   |       -4949.31   |        4.26828   |   69:19:24   |   09:41:14   |
12381       |       -4946.21   |       -4950.41   |        4.20298   |   69:21:53   |   09:41:12   |
12382       |       -4947.32   |       -4950.38   |        3.05216   |   69:24:35   |   09:41:11   |
12383       |       -4946.89   |        -4950.5   |        3.60787   |   69:27:12   |   09:41:10   |
12384       |       -4945.15   |       -4947.75   |        2.60005   |   69:29:38   |   09:41:08   |
12385       |        -4945.1   |       -4946.82   |        1.72018   |   69:32:10   |   09:41:06   |
12386       |       -4946.12   |       -4947.53   |        1.41889   |   69:34:48   |   09:41:05   |
12387       |        -4947.3   |       -4947.71   |       0.405195   |   69:37:33   |   09:41:05   |
12388       |       -4943.74   |       -4948.45   |        4.71065   |   69:40:19   |   09:41:05   |
12389       |       -4943.99   |       -4950.21   |         6.2163   |   69:42:48   |   09:41:02   |
12390       |       -4946.04   |       -4952.49   |         6.4514   |   69:45:16   |   09:41:00   |
12391       |       -4943.62   |       -4950.03   |        6.41351   |   69:47:57   |   09:40:59   |
12392       |       -4943.35   |       -4949.76   |        6.41346   |   69:50:36   |   09:40:58   |
12393       |       -4949.39   |       -4953.21   |        3.82063   |   69:53:01   |   09:40:55   |
12394       |       -4945.35   |       -4947.41   |        2.06246   |   69:55:33   |   09:40:53   |
12395       |       -4945.65   |       -4947.11   |        1.45844   |   69:58:15   |   09:40:52   |
12396       |       -4944.68   |       -4949.38   |        4.70822   |   70:00:47   |   09:40:50   |
12397       |       -4944.82   |       -4949.16   |        4.33905   |   70:03:17   |   09:40:48   |
12398       |       -4946.67   |       -4947.52   |       0.855846   |   70:05:57   |   09:40:47   |
12399       |       -4946.59   |       -4947.16   |        0.56795   |   70:08:38   |   09:40:46   |


Iter        |      Posterior   |     Likelihood   |          Prior   |    elapsed   |        ETA   |
----------------------------------------------------------------------------------------------------
12400       |       -4945.01   |       -4946.52   |        1.50616   |   70:11:12   |   09:40:44   |
12401       |       -4948.71   |       -4948.83   |       0.119797   |   70:13:59   |   09:40:44   |
12402       |       -4948.49   |       -4948.88   |       0.387482   |   70:16:43   |   09:40:43   |
12403       |       -4954.11   |       -4954.98   |       0.870584   |   70:19:26   |   09:40:42   |
12404       |       -4952.23   |       -4953.32   |        1.09902   |   70:22:10   |   09:40:42   |
12405       |       -4952.33   |       -4953.58   |        1.24074   |   70:24:52   |   09:40:41   |
12406       |       -4949.35   |       -4956.27   |        6.92456   |   70:27:31   |   09:40:39   |
12407       |       -4946.73   |       -4953.73   |        6.99677   |   70:30:04   |   09:40:37   |
12408       |       -4945.06   |       -4951.67   |        6.61086   |   70:32:39   |   09:40:35   |
12409       |       -4949.82   |       -4950.99   |         1.1742   |   70:35:10   |   09:40:32   |
12410       |       -4951.44   |       -4955.38   |        3.94504   |   70:37:51   |   09:40:31   |
12411       |        -4951.1   |       -4955.05   |        3.94504   |   70:40:33   |   09:40:30   |
12412       |        -4951.1   |       -4955.05   |        3.94504   |   70:43:27   |   09:40:31   |
12413       |       -4948.47   |       -4955.31   |        6.83992   |   70:46:10   |   09:40:29   |
12414       |       -4948.49   |       -4956.46   |        7.97565   |   70:48:55   |   09:40:29   |
12415       |       -4948.49   |       -4956.46   |        7.97565   |   70:51:36   |   09:40:27   |
12416       |       -4948.33   |       -4957.59   |        9.25547   |   70:54:10   |   09:40:25   |
12417       |       -4943.94   |       -4950.05   |        6.10444   |   70:56:41   |   09:40:22   |
12418       |       -4944.65   |       -4949.11   |        4.46533   |   70:59:15   |   09:40:20   |
12419       |       -4944.68   |       -4949.13   |        4.45341   |   71:01:52   |   09:40:18   |


Iter        |      Posterior   |     Likelihood   |          Prior   |    elapsed   |        ETA   |
----------------------------------------------------------------------------------------------------
12420       |       -4944.44   |       -4948.84   |        4.40743   |   71:04:23   |   09:40:15   |
12421       |       -4944.28   |       -4949.43   |         5.1482   |   71:06:54   |   09:40:12   |
12422       |       -4947.72   |       -4949.04   |        1.32401   |   71:09:29   |   09:40:10   |
12423       |       -4945.62   |       -4949.09   |        3.46771   |   71:11:58   |   09:40:07   |
12424       |       -4946.33   |       -4950.43   |        4.10122   |   71:14:36   |   09:40:05   |
12425       |       -4945.44   |       -4947.09   |        1.65412   |   71:17:09   |   09:40:02   |
12426       |       -4946.42   |       -4948.94   |        2.52662   |   71:19:43   |   09:39:59   |
12427       |       -4943.63   |       -4944.35   |       0.723243   |   71:22:15   |   09:39:56   |
12428       |       -4942.79   |       -4945.44   |        2.64629   |   71:24:49   |   09:39:54   |
12429       |       -4943.84   |       -4944.16   |       0.319054   |   71:27:19   |   09:39:51   |
12430       |       -4944.07   |       -4947.17   |        3.09452   |   71:29:46   |   09:39:47   |
12431       |       -4946.49   |       -4951.16   |        4.66241   |   71:32:19   |   09:39:44   |
12432       |       -4944.53   |       -4947.97   |        3.43366   |   71:34:58   |   09:39:42   |
12433       |       -4944.31   |       -4945.49   |         1.1714   |   71:37:42   |   09:39:41   |
12434       |       -4945.04   |        -4947.7   |        2.66007   |   71:40:26   |   09:39:39   |
12435       |       -4943.87   |        -4947.3   |        3.43176   |   71:43:01   |   09:39:37   |
12436       |       -4944.06   |       -4947.74   |        3.68211   |   71:45:22   |   09:39:32   |
12437       |        -4946.7   |       -4948.61   |        1.90845   |   71:47:57   |   09:39:29   |
12438       |       -4946.07   |       -4947.64   |         1.5642   |   71:50:30   |   09:39:26   |
12439       |       -4948.94   |       -4953.24   |        4.30777   |   71:53:01   |   09:39:23   |


Iter        |      Posterior   |     Likelihood   |          Prior   |    elapsed   |        ETA   |
----------------------------------------------------------------------------------------------------
12440       |       -4949.04   |       -4953.63   |        4.59319   |   71:55:33   |   09:39:20   |
12441       |       -4948.84   |        -4951.7   |        2.85668   |   71:58:14   |   09:39:18   |
12442       |       -4951.22   |       -4952.85   |        1.63521   |   72:00:42   |   09:39:14   |
12443       |       -4949.26   |       -4952.91   |        3.64758   |   72:03:16   |   09:39:11   |
12444       |        -4949.4   |       -4950.69   |        1.28672   |   72:05:47   |   09:39:08   |
12445       |       -4949.18   |       -4948.92   |      -0.264774   |   72:08:19   |   09:39:04   |
12446       |       -4946.21   |       -4946.93   |       0.720272   |   72:10:50   |   09:39:01   |
12447       |        -4943.8   |       -4945.85   |        2.04381   |   72:13:24   |   09:38:58   |
12448       |       -4944.43   |        -4943.9   |      -0.531004   |   72:15:51   |   09:38:54   |
12449       |       -4946.93   |       -4946.15   |      -0.788165   |   72:18:15   |   09:38:49   |
12450       |       -4948.53   |       -4945.17   |        -3.3598   |   72:20:49   |   09:38:46   |
12451       |       -4947.35   |       -4944.88   |       -2.47437   |   72:23:29   |   09:38:44   |
12452       |       -4948.64   |       -4942.72   |       -5.92359   |   72:26:10   |   09:38:41   |
12453       |       -4948.53   |       -4944.52   |       -4.01622   |   72:28:50   |   09:38:39   |
12454       |       -4946.41   |       -4944.21   |       -2.20727   |   72:31:33   |   09:38:37   |
12455       |       -4949.43   |        -4945.5   |         -3.936   |   72:34:11   |   09:38:34   |
12456       |       -4951.99   |       -4945.58   |       -6.41382   |   72:36:51   |   09:38:32   |
12457       |       -4951.07   |       -4944.77   |       -6.29716   |   72:39:31   |   09:38:29   |
12458       |       -4955.89   |       -4946.52   |       -9.37471   |   72:42:09   |   09:38:26   |
12459       |       -4953.25   |       -4943.61   |       -9.64492   |   72:45:06   |   09:38:26   |


Iter        |      Posterior   |     Likelihood   |          Prior   |    elapsed   |        ETA   |
----------------------------------------------------------------------------------------------------
12460       |       -4954.72   |       -4944.64   |       -10.0832   |   72:47:45   |   09:38:23   |
12461       |       -4953.36   |       -4943.78   |       -9.57848   |   72:50:34   |   09:38:22   |
12462       |        -4953.2   |       -4945.79   |       -7.41227   |   72:53:29   |   09:38:21   |
12463       |        -4952.3   |       -4945.56   |       -6.74772   |   72:56:22   |   09:38:20   |
12464       |       -4950.45   |       -4946.85   |       -3.60363   |   72:58:56   |   09:38:17   |
12465       |       -4950.22   |        -4946.6   |       -3.61981   |   73:01:54   |   09:38:16   |
12466       |       -4952.83   |       -4951.58   |        -1.2538   |   73:04:52   |   09:38:16   |
12467       |       -4952.96   |       -4950.93   |       -2.02884   |   73:07:41   |   09:38:14   |
12468       |       -4950.85   |       -4953.63   |         2.7734   |   73:10:35   |   09:38:13   |
12469       |       -4949.45   |       -4952.43   |         2.9846   |   73:13:12   |   09:38:10   |
12470       |       -4947.76   |       -4948.87   |        1.11117   |   73:15:51   |   09:38:07   |
12471       |        -4945.4   |        -4946.4   |        1.00141   |   73:18:25   |   09:38:03   |
12472       |       -4944.98   |        -4948.3   |        3.32503   |   73:20:59   |   09:37:59   |
12473       |       -4947.23   |       -4952.68   |        5.44252   |   73:23:30   |   09:37:55   |
12474       |       -4952.92   |       -4958.65   |        5.73373   |   73:26:04   |   09:37:52   |
12475       |        -4951.1   |       -4954.67   |        3.56752   |   73:28:38   |   09:37:48   |
12476       |       -4948.48   |       -4952.96   |        4.47176   |   73:31:16   |   09:37:45   |
12477       |       -4949.41   |       -4952.91   |         3.5009   |   73:34:00   |   09:37:42   |
12478       |       -4949.41   |       -4952.91   |         3.5009   |   73:36:35   |   09:37:38   |
12479       |       -4948.41   |       -4954.84   |        6.42861   |   73:39:04   |   09:37:34   |


Iter        |      Posterior   |     Likelihood   |          Prior   |    elapsed   |        ETA   |
----------------------------------------------------------------------------------------------------
12480       |       -4944.92   |       -4949.69   |        4.77262   |   73:41:39   |   09:37:30   |
12481       |       -4944.92   |       -4949.69   |        4.77262   |   73:44:23   |   09:37:27   |
12482       |       -4944.92   |       -4949.69   |        4.77262   |   73:47:03   |   09:37:24   |
12483       |       -4944.92   |       -4949.69   |        4.77262   |   73:49:41   |   09:37:21   |
12484       |       -4950.48   |       -4955.34   |        4.85673   |   73:52:18   |   09:37:17   |
12485       |       -4950.76   |       -4957.26   |        6.49992   |   73:54:55   |   09:37:13   |
12486       |       -4946.04   |       -4953.13   |         7.0837   |   73:57:19   |   09:37:08   |
12487       |       -4947.32   |       -4953.64   |        6.32475   |   73:59:52   |   09:37:04   |
12488       |       -4945.29   |       -4950.58   |        5.28269   |   74:02:23   |   09:36:59   |
12489       |       -4946.43   |       -4951.22   |         4.7885   |   74:04:48   |   09:36:54   |
12490       |       -4948.27   |        -4950.8   |        2.53118   |   74:07:29   |   09:36:51   |
12491       |       -4948.27   |        -4950.8   |        2.53118   |   74:10:08   |   09:36:47   |
12492       |        -4946.2   |       -4948.22   |        2.02554   |   74:12:42   |   09:36:43   |
12493       |       -4946.77   |       -4950.42   |        3.64872   |   74:15:26   |   09:36:40   |
12494       |       -4946.34   |       -4948.24   |        1.89914   |   74:18:02   |   09:36:36   |
12495       |       -4947.91   |       -4949.39   |         1.4777   |   74:20:43   |   09:36:33   |
12496       |        -4944.9   |       -4950.63   |        5.73049   |   74:23:22   |   09:36:29   |
12497       |       -4947.19   |       -4950.89   |        3.69991   |   74:25:54   |   09:36:25   |
12498       |       -4945.09   |       -4950.21   |        5.11727   |   74:28:22   |   09:36:19   |
12499       |       -4947.15   |       -4952.45   |        5.29909   |   74:30:53   |   09:36:15   |


Iter        |      Posterior   |     Likelihood   |          Prior   |    elapsed   |        ETA   |
----------------------------------------------------------------------------------------------------
12500       |       -4948.87   |       -4952.61   |        3.74046   |   74:33:36   |   09:36:11   |
12501       |       -4947.32   |       -4950.36   |        3.03644   |   74:36:19   |   09:36:08   |
12502       |       -4946.81   |       -4949.85   |        3.03644   |   74:39:08   |   09:36:06   |
12503       |       -4947.08   |        -4948.5   |        1.41942   |   74:41:56   |   09:36:03   |
12504       |       -4944.83   |       -4950.36   |        5.53215   |   74:44:35   |   09:35:59   |
12505       |        -4945.6   |       -4949.17   |        3.56997   |   74:47:15   |   09:35:55   |
12506       |       -4946.77   |       -4948.65   |        1.87751   |   74:49:50   |   09:35:51   |
12507       |       -4946.59   |       -4948.68   |        2.08567   |   74:52:25   |   09:35:47   |
12508       |       -4947.32   |       -4951.98   |        4.66355   |   74:55:09   |   09:35:43   |
12509       |       -4946.33   |       -4951.71   |        5.37814   |   74:57:43   |   09:35:39   |
12510       |       -4945.47   |          -4951   |        5.53028   |   75:00:14   |   09:35:34   |
12511       |       -4944.77   |       -4947.61   |        2.84464   |   75:02:45   |   09:35:29   |
12512       |       -4945.39   |       -4947.32   |        1.92555   |   75:05:32   |   09:35:26   |
12513       |       -4944.92   |          -4946   |        1.08475   |   75:08:13   |   09:35:22   |
12514       |       -4945.57   |       -4947.03   |        1.45766   |   75:10:47   |   09:35:17   |
12515       |       -4947.01   |       -4949.96   |        2.95241   |   75:13:11   |   09:35:11   |
12516       |       -4945.44   |       -4948.58   |        3.13903   |   75:15:37   |   09:35:05   |
12517       |       -4944.86   |       -4947.71   |        2.85187   |   75:18:14   |   09:35:01   |
12518       |       -4944.86   |       -4947.71   |        2.85187   |   75:20:46   |   09:34:56   |
12519       |       -4944.86   |       -4947.71   |        2.85187   |   75:23:31   |   09:34:52   |


Iter        |      Posterior   |     Likelihood   |          Prior   |    elapsed   |        ETA   |
----------------------------------------------------------------------------------------------------
12520       |       -4944.86   |       -4947.71   |        2.85187   |   75:26:11   |   09:34:48   |
12521       |       -4945.03   |       -4950.02   |        4.98992   |   75:28:40   |   09:34:43   |
12522       |        -4946.8   |       -4953.71   |        6.91318   |   75:31:06   |   09:34:37   |
12523       |       -4946.62   |       -4952.38   |        5.76628   |   75:33:51   |   09:34:33   |
12524       |       -4946.62   |       -4952.38   |        5.76628   |   75:36:40   |   09:34:30   |
12525       |       -4945.31   |       -4951.69   |        6.38417   |   75:39:22   |   09:34:26   |
12526       |        -4947.4   |       -4952.39   |        4.99093   |   75:42:01   |   09:34:22   |
12527       |       -4946.26   |       -4950.16   |        3.89737   |   75:44:35   |   09:34:17   |
12528       |       -4946.93   |       -4952.04   |        5.10796   |   75:47:15   |   09:34:12   |
12529       |        -4944.1   |        -4950.7   |        6.60545   |   75:49:58   |   09:34:08   |
12530       |       -4947.07   |       -4952.26   |        5.19285   |   75:52:40   |   09:34:04   |
12531       |       -4945.78   |       -4956.95   |        11.1684   |   75:55:21   |   09:34:00   |
12532       |       -4946.15   |       -4955.37   |        9.21533   |   75:57:52   |   09:33:54   |
12533       |       -4946.36   |       -4955.39   |        9.02532   |   76:00:33   |   09:33:50   |
12534       |       -4943.67   |       -4950.97   |        7.30027   |   76:03:04   |   09:33:45   |
12535       |       -4944.47   |       -4951.56   |        7.09556   |   76:05:39   |   09:33:39   |
12536       |       -4943.46   |       -4952.31   |        8.85171   |   76:08:13   |   09:33:34   |
12537       |       -4945.85   |       -4957.29   |        11.4454   |   76:10:40   |   09:33:28   |
12538       |       -4944.74   |       -4953.62   |        8.88655   |   76:13:18   |   09:33:23   |
12539       |       -4945.21   |       -4951.58   |        6.36621   |   76:15:45   |   09:33:17   |


Iter        |      Posterior   |     Likelihood   |          Prior   |    elapsed   |        ETA   |
----------------------------------------------------------------------------------------------------
12540       |       -4942.36   |       -4949.24   |          6.882   |   76:18:16   |   09:33:11   |
12541       |       -4944.66   |       -4954.22   |        9.55787   |   76:20:42   |   09:33:05   |
12542       |       -4945.48   |       -4952.37   |        6.89387   |   76:23:20   |   09:33:00   |
12543       |       -4941.76   |       -4948.27   |        6.50974   |   76:25:43   |   09:32:53   |
12544       |        -4942.2   |       -4948.21   |        6.01201   |   76:28:14   |   09:32:47   |
12545       |       -4943.56   |       -4945.31   |         1.7415   |   76:30:52   |   09:32:42   |
12546       |       -4942.61   |       -4945.12   |        2.51218   |   76:33:22   |   09:32:36   |
12547       |       -4943.35   |        -4945.4   |         2.0536   |   76:36:00   |   09:32:31   |
12548       |       -4942.45   |       -4944.76   |        2.30818   |   76:38:35   |   09:32:26   |
12549       |       -4942.66   |       -4946.93   |        4.27004   |   76:41:11   |   09:32:21   |
12550       |       -4944.43   |        -4948.8   |         4.3649   |   76:43:44   |   09:32:15   |
12551       |       -4944.43   |        -4948.8   |         4.3649   |   76:46:26   |   09:32:10   |
12552       |       -4942.37   |       -4943.35   |       0.973826   |   76:49:02   |   09:32:05   |
12553       |       -4942.72   |       -4946.85   |        4.13573   |   76:51:34   |   09:31:59   |
12554       |       -4943.13   |       -4947.46   |        4.32783   |   76:54:07   |   09:31:53   |
12555       |       -4942.87   |       -4945.22   |        2.35141   |   76:56:36   |   09:31:47   |
12556       |          -4944   |       -4942.62   |       -1.37606   |   76:59:20   |   09:31:42   |
12557       |       -4944.89   |       -4943.06   |       -1.82957   |   77:02:01   |   09:31:37   |
12558       |       -4946.42   |       -4942.88   |       -3.53854   |   77:04:38   |   09:31:32   |
12559       |       -4946.08   |        -4942.8   |       -3.28371   |   77:07:23   |   09:31:28   |


Iter        |      Posterior   |     Likelihood   |          Prior   |    elapsed   |        ETA   |
----------------------------------------------------------------------------------------------------
12560       |        -4944.9   |       -4944.91   |      0.0102233   |   77:10:09   |   09:31:23   |
12561       |       -4949.84   |       -4952.19   |         2.3431   |   77:12:42   |   09:31:17   |
12562       |       -4946.33   |       -4948.85   |        2.52352   |   77:15:17   |   09:31:12   |
12563       |       -4944.19   |       -4946.91   |        2.71997   |   77:18:01   |   09:31:07   |
12564       |       -4944.76   |       -4945.22   |       0.452538   |   77:20:40   |   09:31:02   |
12565       |       -4945.48   |       -4946.65   |        1.17116   |   77:23:22   |   09:30:57   |
12566       |       -4945.84   |       -4945.17   |      -0.673573   |   77:26:02   |   09:30:51   |
12567       |       -4947.02   |       -4945.78   |        -1.2429   |   77:28:49   |   09:30:47   |
12568       |       -4946.09   |       -4942.71   |       -3.38399   |   77:31:24   |   09:30:41   |
12569       |       -4945.74   |       -4947.55   |          1.817   |   77:33:59   |   09:30:35   |
12570       |       -4946.21   |        -4947.7   |        1.48892   |   77:36:33   |   09:30:29   |
12571       |        -4947.1   |        -4949.6   |        2.49826   |   77:39:10   |   09:30:23   |
12572       |        -4947.2   |       -4949.71   |         2.5038   |   77:41:52   |   09:30:18   |
12573       |       -4947.22   |       -4950.38   |        3.15961   |   77:44:35   |   09:30:13   |
12574       |       -4950.77   |       -4957.24   |         6.4736   |   77:47:15   |   09:30:08   |
12575       |       -4948.16   |       -4951.59   |        3.42479   |   77:50:04   |   09:30:03   |
12576       |        -4949.1   |       -4953.02   |        3.92141   |   77:52:42   |   09:29:58   |
12577       |       -4948.42   |        -4950.5   |        2.07842   |   77:55:32   |   09:29:53   |
12578       |       -4947.55   |       -4949.69   |        2.13527   |   77:58:24   |   09:29:49   |
12579       |       -4948.63   |       -4952.39   |        3.76187   |   78:01:10   |   09:29:44   |


Iter        |      Posterior   |     Likelihood   |          Prior   |    elapsed   |        ETA   |
----------------------------------------------------------------------------------------------------
12580       |       -4954.86   |       -4960.59   |        5.72561   |   78:03:42   |   09:29:38   |
12581       |       -4948.58   |       -4953.29   |        4.70842   |   78:06:14   |   09:29:31   |
12582       |          -4949   |       -4953.62   |        4.62118   |   78:08:58   |   09:29:26   |
12583       |       -4948.97   |       -4949.18   |         0.2102   |   78:11:35   |   09:29:20   |
12584       |       -4954.11   |       -4956.88   |          2.766   |   78:14:21   |   09:29:15   |
12585       |       -4952.07   |        -4956.7   |        4.62697   |   78:17:05   |   09:29:10   |
12586       |       -4948.56   |        -4954.8   |        6.23774   |   78:19:34   |   09:29:03   |
12587       |       -4947.38   |       -4954.28   |        6.89911   |   78:22:11   |   09:28:57   |
12588       |       -4948.02   |       -4955.04   |        7.02427   |   78:24:45   |   09:28:50   |
12589       |       -4949.77   |       -4958.69   |        8.91705   |   78:27:22   |   09:28:44   |
12590       |       -4947.12   |       -4953.76   |        6.63806   |   78:29:50   |   09:28:37   |
12591       |       -4947.79   |       -4956.36   |        8.57816   |   78:32:28   |   09:28:31   |
12592       |       -4949.84   |       -4955.87   |        6.02349   |   78:35:06   |   09:28:25   |
12593       |       -4948.31   |       -4952.75   |        4.44157   |   78:37:34   |   09:28:17   |
12594       |       -4947.07   |       -4951.81   |        4.73844   |   78:40:12   |   09:28:11   |
12595       |       -4947.73   |       -4951.75   |        4.02221   |   78:42:54   |   09:28:05   |
12596       |       -4947.53   |       -4952.74   |        5.20306   |   78:45:35   |   09:28:00   |
12597       |       -4950.78   |       -4952.54   |        1.75167   |   78:48:10   |   09:27:53   |
12598       |       -4947.28   |       -4950.32   |        3.04033   |   78:50:50   |   09:27:47   |
12599       |       -4946.54   |       -4950.06   |        3.51583   |   78:53:30   |   09:27:41   |


Iter        |      Posterior   |     Likelihood   |          Prior   |    elapsed   |        ETA   |
----------------------------------------------------------------------------------------------------
12600       |       -4944.79   |       -4948.35   |        3.56043   |   78:56:06   |   09:27:34   |
12601       |       -4945.48   |        -4947.6   |        2.12693   |   78:58:46   |   09:27:28   |
12602       |        -4944.5   |       -4946.13   |        1.62603   |   79:01:19   |   09:27:21   |
12603       |       -4945.45   |       -4945.94   |       0.485755   |   79:03:54   |   09:27:15   |
12604       |       -4943.45   |       -4947.54   |        4.09089   |   79:06:29   |   09:27:08   |
12605       |       -4944.01   |       -4946.63   |         2.6161   |   79:09:05   |   09:27:01   |
12606       |       -4943.34   |        -4945.4   |        2.06212   |   79:11:45   |   09:26:55   |
12607       |       -4944.53   |       -4946.69   |        2.16134   |   79:14:25   |   09:26:49   |
12608       |       -4945.76   |       -4948.41   |        2.65431   |   79:16:53   |   09:26:41   |
12609       |       -4947.02   |       -4949.83   |        2.81248   |   79:19:30   |   09:26:34   |
12610       |       -4946.09   |       -4947.27   |        1.17828   |   79:22:05   |   09:26:27   |
12611       |       -4945.95   |        -4946.7   |       0.748023   |   79:24:30   |   09:26:19   |
12612       |       -4946.03   |       -4946.49   |       0.454485   |   79:27:11   |   09:26:13   |
12613       |       -4946.31   |       -4944.29   |       -2.01972   |   79:29:51   |   09:26:07   |
12614       |       -4945.69   |       -4947.11   |        1.41794   |   79:32:20   |   09:25:59   |
12615       |       -4950.23   |       -4949.48   |      -0.749509   |   79:34:54   |   09:25:52   |
12616       |       -4951.04   |       -4949.69   |       -1.34734   |   79:37:35   |   09:25:45   |
12617       |       -4948.35   |       -4946.63   |        -1.7217   |   79:40:21   |   09:25:40   |
12618       |       -4948.35   |       -4946.63   |        -1.7217   |   79:43:14   |   09:25:35   |
12619       |       -4948.35   |       -4946.63   |        -1.7217   |   79:46:10   |   09:25:30   |


Iter        |      Posterior   |     Likelihood   |          Prior   |    elapsed   |        ETA   |
----------------------------------------------------------------------------------------------------
12620       |       -4948.35   |       -4946.63   |        -1.7217   |   79:49:08   |   09:25:26   |
12621       |       -4949.98   |       -4945.34   |       -4.64778   |   79:51:52   |   09:25:20   |
12622       |       -4946.79   |        -4945.5   |       -1.28988   |   79:54:38   |   09:25:14   |
12623       |       -4943.95   |       -4945.88   |        1.92285   |   79:57:22   |   09:25:08   |
12624       |          -4946   |       -4946.34   |       0.343388   |   80:00:02   |   09:25:01   |
12625       |       -4945.56   |       -4947.99   |        2.43674   |   80:02:44   |   09:24:54   |
12626       |       -4946.88   |       -4949.84   |        2.95941   |   80:05:12   |   09:24:46   |
12627       |        -4948.2   |       -4945.47   |       -2.72264   |   80:07:56   |   09:24:40   |
12628       |       -4947.39   |       -4948.95   |        1.56404   |   80:10:34   |   09:24:33   |
12629       |       -4949.71   |       -4946.65   |       -3.06119   |   80:13:15   |   09:24:26   |
12630       |       -4949.57   |       -4946.23   |       -3.33703   |   80:16:02   |   09:24:20   |
12631       |        -4949.4   |       -4947.15   |       -2.24677   |   80:18:51   |   09:24:15   |
12632       |       -4947.95   |       -4947.64   |      -0.315679   |   80:21:33   |   09:24:08   |
12633       |       -4948.41   |       -4947.19   |       -1.22272   |   80:24:13   |   09:24:01   |
12634       |       -4947.34   |       -4948.64   |        1.29357   |   80:27:05   |   09:23:56   |
12635       |       -4948.54   |       -4951.01   |        2.46835   |   80:29:42   |   09:23:48   |
12636       |       -4949.84   |       -4950.12   |        0.27636   |   80:32:25   |   09:23:42   |
12637       |       -4948.38   |       -4948.74   |       0.355051   |   80:35:02   |   09:23:35   |
12638       |       -4948.38   |       -4948.74   |       0.355051   |   80:37:52   |   09:23:29   |
12639       |       -4948.38   |       -4948.74   |       0.355051   |   80:40:42   |   09:23:23   |


Iter        |      Posterior   |     Likelihood   |          Prior   |    elapsed   |        ETA   |
----------------------------------------------------------------------------------------------------
12640       |       -4949.92   |       -4947.85   |       -2.06689   |   80:43:13   |   09:23:15   |
12641       |       -4947.64   |       -4948.02   |       0.374514   |   80:45:47   |   09:23:07   |
12642       |       -4949.15   |       -4948.95   |      -0.198998   |   80:48:24   |   09:23:00   |
12643       |       -4951.92   |       -4948.86   |       -3.05406   |   80:51:09   |   09:22:53   |
12644       |       -4952.66   |       -4952.89   |       0.229973   |   80:54:01   |   09:22:47   |
12645       |       -4952.66   |       -4952.89   |       0.229973   |   80:57:01   |   09:22:42   |
12646       |       -4951.25   |       -4954.39   |        3.13668   |   80:59:40   |   09:22:35   |
12647       |       -4953.06   |       -4958.45   |        5.38822   |   81:02:23   |   09:22:28   |
12648       |       -4950.93   |       -4956.72   |         5.7905   |   81:04:58   |   09:22:20   |
12649       |        -4949.9   |       -4955.76   |        5.85483   |   81:07:44   |   09:22:14   |
12650       |       -4948.71   |       -4957.82   |        9.10448   |   81:10:18   |   09:22:06   |
12651       |       -4948.16   |        -4957.2   |        9.03553   |   81:12:44   |   09:21:57   |
12652       |       -4949.24   |       -4956.32   |        7.07921   |   81:15:14   |   09:21:48   |
12653       |       -4949.93   |        -4957.4   |        7.47219   |   81:17:53   |   09:21:41   |
12654       |        -4952.5   |       -4961.95   |        9.44394   |   81:20:28   |   09:21:33   |
12655       |       -4948.73   |       -4954.93   |        6.19133   |   81:23:03   |   09:21:25   |
12656       |       -4948.49   |       -4955.38   |         6.8871   |   81:25:35   |   09:21:17   |
12657       |       -4947.37   |       -4954.26   |        6.88523   |   81:28:02   |   09:21:08   |
12658       |       -4946.89   |       -4951.52   |        4.62783   |   81:30:32   |   09:20:59   |
12659       |        -4948.2   |       -4954.65   |        6.44531   |   81:33:12   |   09:20:52   |


Iter        |      Posterior   |     Likelihood   |          Prior   |    elapsed   |        ETA   |
----------------------------------------------------------------------------------------------------
12660       |       -4945.89   |       -4952.47   |         6.5807   |   81:35:44   |   09:20:43   |
12661       |       -4945.89   |       -4952.47   |         6.5807   |   81:38:22   |   09:20:35   |
12662       |       -4945.14   |       -4950.43   |         5.2814   |   81:40:59   |   09:20:27   |
12663       |       -4947.49   |       -4951.82   |        4.32505   |   81:43:37   |   09:20:20   |
12664       |        -4945.2   |       -4948.23   |        3.02432   |   81:46:02   |   09:20:10   |
12665       |        -4943.9   |       -4943.63   |      -0.268567   |   81:48:41   |   09:20:03   |
12666       |       -4944.89   |        -4945.9   |        1.01068   |   81:51:19   |   09:19:55   |
12667       |       -4944.98   |       -4946.91   |        1.92988   |   81:53:57   |   09:19:47   |
12668       |       -4944.91   |       -4945.39   |       0.481642   |   81:56:30   |   09:19:38   |
12669       |       -4944.47   |       -4944.71   |       0.239409   |   81:59:09   |   09:19:30   |
12670       |       -4944.47   |       -4944.71   |       0.239409   |   82:01:53   |   09:19:23   |
12671       |       -4944.92   |       -4947.23   |        2.30745   |   82:04:28   |   09:19:15   |
12672       |       -4944.92   |       -4947.23   |        2.30745   |   82:07:15   |   09:19:08   |
12673       |       -4944.19   |       -4947.66   |        3.47048   |   82:09:58   |   09:19:00   |
12674       |       -4944.19   |       -4947.66   |        3.47048   |   82:12:38   |   09:18:52   |
12675       |       -4944.19   |       -4947.66   |        3.47048   |   82:15:22   |   09:18:45   |
12676       |       -4944.19   |       -4947.66   |        3.47048   |   82:18:02   |   09:18:37   |
12677       |       -4944.75   |       -4950.22   |        5.46884   |   82:20:30   |   09:18:28   |
12678       |       -4945.46   |       -4952.01   |        6.54969   |   82:22:56   |   09:18:18   |
12679       |       -4945.65   |       -4952.13   |         6.4812   |   82:25:21   |   09:18:09   |


Iter        |      Posterior   |     Likelihood   |          Prior   |    elapsed   |        ETA   |
----------------------------------------------------------------------------------------------------
12680       |       -4946.24   |       -4952.45   |        6.20415   |   82:28:00   |   09:18:00   |
12681       |       -4946.59   |       -4952.82   |        6.23105   |   82:30:36   |   09:17:52   |
12682       |        -4945.8   |       -4950.75   |        4.95034   |   82:33:13   |   09:17:44   |
12683       |       -4947.53   |       -4952.37   |        4.84443   |   82:35:58   |   09:17:36   |
12684       |       -4946.06   |       -4952.47   |        6.41441   |   82:38:31   |   09:17:27   |
12685       |       -4947.15   |       -4952.55   |        5.39573   |   82:40:56   |   09:17:17   |
12686       |       -4946.91   |        -4952.2   |        5.28759   |   82:43:37   |   09:17:09   |
12687       |       -4947.37   |       -4954.25   |        6.88085   |   82:46:04   |   09:17:00   |
12688       |       -4946.35   |       -4950.28   |        3.93383   |   82:48:36   |   09:16:51   |
12689       |       -4947.67   |       -4954.01   |        6.33468   |   82:51:06   |   09:16:41   |
12690       |        -4947.3   |       -4951.32   |         4.0154   |   82:53:34   |   09:16:32   |
12691       |       -4945.81   |       -4947.35   |        1.54583   |   82:56:04   |   09:16:22   |
12692       |       -4947.19   |       -4950.47   |        3.28328   |   82:58:39   |   09:16:14   |
12693       |       -4948.21   |       -4951.53   |        3.32254   |   83:01:18   |   09:16:05   |
12694       |       -4945.15   |        -4950.3   |        5.15673   |   83:03:43   |   09:15:55   |
12695       |       -4947.84   |       -4951.53   |        3.69123   |   83:06:12   |   09:15:46   |
12696       |       -4947.65   |       -4951.43   |        3.77643   |   83:08:54   |   09:15:37   |
12697       |       -4947.46   |       -4952.05   |        4.59357   |   83:11:29   |   09:15:28   |
12698       |       -4947.68   |       -4952.05   |        4.36405   |   83:13:59   |   09:15:19   |
12699       |       -4948.04   |        -4952.3   |        4.25989   |   83:16:36   |   09:15:10   |


Iter        |      Posterior   |     Likelihood   |          Prior   |    elapsed   |        ETA   |
----------------------------------------------------------------------------------------------------
12700       |       -4951.26   |       -4957.69   |        6.42832   |   83:19:04   |   09:15:00   |
12701       |       -4948.58   |       -4954.63   |         6.0485   |   83:21:34   |   09:14:51   |
12702       |       -4948.58   |       -4954.63   |         6.0485   |   83:24:20   |   09:14:43   |
12703       |       -4950.01   |       -4955.62   |        5.61295   |   83:26:54   |   09:14:34   |
12704       |       -4951.05   |       -4952.58   |        1.53128   |   83:29:24   |   09:14:24   |
12705       |       -4950.34   |        -4953.2   |        2.85867   |   83:31:55   |   09:14:14   |
12706       |       -4952.09   |       -4954.55   |        2.46049   |   83:34:30   |   09:14:05   |
12707       |       -4949.96   |       -4952.59   |        2.63551   |   83:37:10   |   09:13:57   |
12708       |       -4948.09   |       -4950.83   |         2.7374   |   83:39:48   |   09:13:48   |
12709       |       -4948.48   |       -4948.88   |       0.400378   |   83:42:26   |   09:13:39   |
12710       |       -4951.21   |       -4950.56   |      -0.645181   |   83:45:05   |   09:13:30   |
12711       |       -4951.26   |       -4952.08   |        0.82517   |   83:47:45   |   09:13:21   |
12712       |       -4948.01   |       -4949.91   |        1.89392   |   83:50:24   |   09:13:13   |
12713       |       -4946.71   |       -4948.58   |        1.86274   |   83:52:58   |   09:13:03   |
12714       |       -4949.36   |        -4946.8   |       -2.55728   |   83:55:37   |   09:12:54   |
12715       |       -4948.35   |       -4946.81   |       -1.53958   |   83:58:24   |   09:12:46   |
12716       |        -4947.4   |          -4946   |       -1.39639   |   84:01:18   |   09:12:39   |
12717       |        -4947.4   |          -4946   |       -1.39639   |   84:04:07   |   09:12:31   |
12718       |       -4948.99   |       -4947.59   |       -1.39715   |   84:06:57   |   09:12:23   |
12719       |       -4947.89   |       -4947.42   |       -0.46757   |   84:09:41   |   09:12:15   |


Iter        |      Posterior   |     Likelihood   |          Prior   |    elapsed   |        ETA   |
----------------------------------------------------------------------------------------------------
12720       |       -4948.81   |       -4949.02   |       0.216716   |   84:12:25   |   09:12:06   |
12721       |       -4950.87   |       -4951.24   |       0.369801   |   84:15:06   |   09:11:57   |
12722       |       -4946.49   |       -4947.84   |         1.3547   |   84:17:45   |   09:11:48   |
12723       |       -4947.71   |       -4946.27   |       -1.43684   |   84:20:20   |   09:11:39   |
12724       |       -4947.29   |          -4946   |       -1.28904   |   84:22:59   |   09:11:30   |
12725       |       -4948.31   |       -4947.95   |      -0.358264   |   84:25:34   |   09:11:20   |
12726       |       -4949.85   |       -4948.64   |       -1.21052   |   84:28:06   |   09:11:10   |
12727       |       -4949.29   |        -4949.1   |      -0.192828   |   84:30:41   |   09:11:00   |
12728       |        -4947.3   |       -4949.26   |        1.96395   |   84:33:18   |   09:10:51   |
12729       |        -4950.8   |       -4950.56   |      -0.247096   |   84:35:53   |   09:10:41   |
12730       |       -4952.36   |       -4951.02   |        -1.3476   |   84:38:22   |   09:10:31   |
12731       |       -4953.69   |       -4955.81   |        2.12696   |   84:40:51   |   09:10:20   |
12732       |       -4952.59   |       -4951.18   |       -1.41151   |   84:43:25   |   09:10:11   |
12733       |       -4952.82   |       -4951.58   |       -1.24458   |   84:46:03   |   09:10:01   |
12734       |       -4952.83   |       -4950.74   |       -2.08837   |   84:48:42   |   09:09:52   |
12735       |       -4948.96   |       -4947.96   |      -0.999215   |   84:51:20   |   09:09:42   |
12736       |       -4949.83   |       -4947.37   |       -2.46126   |   84:53:56   |   09:09:32   |
12737       |       -4948.15   |       -4946.73   |       -1.41736   |   84:56:29   |   09:09:22   |
12738       |       -4946.97   |       -4946.52   |      -0.449992   |   84:59:09   |   09:09:13   |
12739       |       -4947.56   |       -4950.05   |        2.49293   |   85:01:44   |   09:09:03   |


Iter        |      Posterior   |     Likelihood   |          Prior   |    elapsed   |        ETA   |
----------------------------------------------------------------------------------------------------
12740       |       -4950.72   |       -4950.49   |      -0.226817   |   85:04:23   |   09:08:54   |
12741       |       -4954.06   |       -4951.77   |       -2.28444   |   85:07:01   |   09:08:44   |
12742       |       -4951.49   |       -4953.34   |        1.84415   |   85:09:38   |   09:08:34   |
12743       |       -4951.92   |        -4953.1   |        1.18376   |   85:12:16   |   09:08:24   |
12744       |       -4952.64   |        -4952.6   |      -0.038754   |   85:14:56   |   09:08:15   |
12745       |       -4950.34   |       -4951.45   |        1.10831   |   85:17:35   |   09:08:05   |
12746       |       -4950.02   |       -4951.47   |        1.44724   |   85:20:02   |   09:07:54   |
12747       |        -4947.2   |       -4947.81   |       0.606874   |   85:22:29   |   09:07:43   |
12748       |       -4948.28   |       -4950.67   |        2.39307   |   85:24:59   |   09:07:33   |
12749       |        -4947.9   |       -4949.99   |        2.09001   |   85:27:36   |   09:07:23   |
12750       |        -4951.9   |       -4952.32   |       0.421707   |   85:30:04   |   09:07:12   |
12751       |       -4950.06   |       -4950.84   |       0.784712   |   85:32:40   |   09:07:02   |
12752       |       -4950.54   |        -4951.3   |       0.757869   |   85:35:19   |   09:06:52   |
12753       |       -4949.92   |       -4949.97   |      0.0449513   |   85:37:55   |   09:06:42   |
12754       |       -4949.92   |       -4949.97   |      0.0449513   |   85:40:40   |   09:06:33   |
12755       |       -4949.92   |       -4949.97   |      0.0449513   |   85:43:30   |   09:06:24   |
12756       |       -4949.92   |       -4949.97   |      0.0449513   |   85:46:21   |   09:06:15   |
12757       |       -4949.92   |       -4949.97   |      0.0449513   |   85:49:04   |   09:06:06   |
12758       |       -4949.92   |       -4949.97   |      0.0449513   |   85:51:46   |   09:05:56   |
12759       |       -4949.92   |       -4949.97   |      0.0449513   |   85:54:27   |   09:05:47   |


Iter        |      Posterior   |     Likelihood   |          Prior   |    elapsed   |        ETA   |
----------------------------------------------------------------------------------------------------
12760       |       -4949.92   |       -4949.97   |      0.0449513   |   85:57:18   |   09:05:38   |
12761       |       -4949.92   |       -4949.97   |      0.0449513   |   86:00:05   |   09:05:29   |
12762       |       -4949.92   |       -4949.97   |      0.0449513   |   86:02:50   |   09:05:19   |
12763       |       -4949.92   |       -4949.97   |      0.0449513   |   86:05:38   |   09:05:10   |
12764       |       -4952.71   |       -4952.79   |      0.0786422   |   86:08:22   |   09:05:01   |
12765       |       -4952.71   |       -4952.68   |     -0.0370047   |   86:11:02   |   09:04:51   |
12766       |       -4952.71   |       -4952.68   |     -0.0370047   |   86:13:39   |   09:04:40   |
12767       |       -4952.71   |       -4952.68   |     -0.0370047   |   86:16:24   |   09:04:31   |
12768       |       -4952.71   |       -4952.68   |     -0.0370047   |   86:19:06   |   09:04:21   |
12769       |       -4952.71   |       -4952.68   |     -0.0370047   |   86:21:51   |   09:04:11   |
12770       |       -4952.71   |       -4952.68   |     -0.0370047   |   86:24:37   |   09:04:02   |
12771       |       -4952.71   |       -4952.68   |     -0.0370047   |   86:27:22   |   09:03:52   |
12772       |       -4950.24   |       -4950.28   |      0.0375606   |   86:29:53   |   09:03:41   |
12773       |       -4950.24   |       -4950.28   |      0.0375606   |   86:32:39   |   09:03:32   |
12774       |       -4949.43   |        -4951.2   |        1.77589   |   86:35:23   |   09:03:22   |
12775       |       -4950.99   |        -4951.7   |       0.716293   |   86:37:57   |   09:03:11   |
12776       |       -4948.98   |       -4945.67   |       -3.31429   |   86:40:42   |   09:03:01   |
12777       |       -4948.98   |       -4945.67   |       -3.31429   |   86:43:37   |   09:02:53   |
12778       |       -4948.98   |       -4945.67   |       -3.31429   |   86:46:31   |   09:02:44   |
12779       |       -4948.98   |       -4945.67   |       -3.31429   |   86:49:23   |   09:02:35   |


Iter        |      Posterior   |     Likelihood   |          Prior   |    elapsed   |        ETA   |
----------------------------------------------------------------------------------------------------
12780       |       -4948.98   |       -4945.67   |       -3.31429   |   86:52:20   |   09:02:26   |
12781       |       -4948.98   |       -4945.67   |       -3.31429   |   86:55:10   |   09:02:17   |
12782       |       -4948.98   |       -4945.67   |       -3.31429   |   86:57:58   |   09:02:07   |
12783       |       -4948.98   |       -4945.67   |       -3.31429   |   87:00:46   |   09:01:57   |
12784       |       -4948.98   |       -4945.67   |       -3.31429   |   87:03:29   |   09:01:47   |
12785       |       -4948.98   |       -4945.67   |       -3.31429   |   87:06:26   |   09:01:39   |
12786       |       -4948.98   |       -4945.67   |       -3.31429   |   87:09:19   |   09:01:29   |
12787       |       -4948.98   |       -4945.67   |       -3.31429   |   87:12:12   |   09:01:20   |
12788       |       -4948.98   |       -4945.67   |       -3.31429   |   87:15:09   |   09:01:12   |
12789       |       -4948.98   |       -4945.67   |       -3.31429   |   87:18:00   |   09:01:02   |
12790       |       -4948.98   |       -4945.67   |       -3.31429   |   87:20:51   |   09:00:53   |
12791       |       -4948.98   |       -4945.67   |       -3.31429   |   87:23:40   |   09:00:43   |
12792       |       -4947.64   |       -4945.42   |       -2.21386   |   87:26:21   |   09:00:32   |
12793       |       -4949.14   |       -4946.15   |        -2.9908   |   87:29:03   |   09:00:22   |
12794       |       -4949.14   |       -4946.15   |        -2.9908   |   87:31:43   |   09:00:11   |
12795       |       -4948.81   |       -4945.02   |       -3.79593   |   87:34:22   |   09:00:00   |
12796       |       -4948.81   |       -4945.02   |       -3.79593   |   87:36:59   |   08:59:49   |
12797       |       -4948.81   |       -4945.02   |       -3.79593   |   87:39:37   |   08:59:38   |
12798       |       -4944.63   |       -4946.36   |        1.73399   |   87:42:03   |   08:59:26   |
12799       |       -4944.42   |       -4947.36   |        2.94436   |   87:44:26   |   08:59:14   |


Iter        |      Posterior   |     Likelihood   |          Prior   |    elapsed   |        ETA   |
----------------------------------------------------------------------------------------------------
12800       |       -4944.42   |       -4947.36   |        2.94436   |   87:46:51   |   08:59:01   |
12801       |       -4944.42   |       -4947.36   |        2.94436   |   87:49:13   |   08:58:49   |
12802       |       -4944.42   |       -4947.36   |        2.94436   |   87:51:43   |   08:58:37   |
12803       |       -4944.76   |       -4946.88   |        2.12751   |   87:54:08   |   08:58:24   |
12804       |       -4944.76   |       -4946.88   |        2.12751   |   87:56:43   |   08:58:13   |
12805       |       -4944.76   |       -4946.88   |        2.12751   |   87:59:16   |   08:58:01   |
12806       |       -4945.09   |       -4947.86   |          2.774   |   88:01:44   |   08:57:49   |
12807       |       -4944.78   |        -4947.7   |        2.91955   |   88:04:12   |   08:57:37   |
12808       |       -4944.91   |       -4947.83   |        2.91726   |   88:06:28   |   08:57:23   |
12809       |       -4944.91   |       -4947.83   |        2.91726   |   88:08:51   |   08:57:11   |
12810       |       -4944.91   |       -4947.83   |        2.91726   |   88:11:14   |   08:56:58   |
12811       |       -4944.91   |       -4947.83   |        2.91726   |   88:13:44   |   08:56:46   |
12812       |       -4944.91   |       -4947.83   |        2.91726   |   88:16:11   |   08:56:33   |
12813       |       -4944.91   |       -4947.83   |        2.91726   |   88:18:41   |   08:56:21   |
12814       |       -4944.91   |       -4947.83   |        2.91726   |   88:21:05   |   08:56:08   |
12815       |       -4944.91   |       -4947.83   |        2.91726   |   88:23:31   |   08:55:56   |
12816       |       -4944.91   |       -4947.83   |        2.91726   |   88:26:01   |   08:55:44   |
12817       |       -4944.91   |       -4947.83   |        2.91726   |   88:28:29   |   08:55:31   |
12818       |       -4944.91   |       -4947.83   |        2.91726   |   88:30:50   |   08:55:18   |
12819       |       -4944.91   |       -4947.83   |        2.91726   |   88:33:14   |   08:55:05   |


Iter        |      Posterior   |     Likelihood   |          Prior   |    elapsed   |        ETA   |
----------------------------------------------------------------------------------------------------
12820       |       -4944.91   |       -4947.83   |        2.91726   |   88:35:29   |   08:54:51   |
12821       |       -4944.91   |       -4947.83   |        2.91726   |   88:37:56   |   08:54:39   |
12822       |       -4946.47   |       -4949.57   |        3.09387   |   88:40:21   |   08:54:26   |
12823       |       -4946.52   |       -4949.45   |        2.93325   |   88:42:41   |   08:54:13   |
12824       |       -4946.52   |       -4949.45   |        2.93325   |   88:44:59   |   08:53:59   |
12825       |       -4946.52   |       -4949.45   |        2.93325   |   88:47:23   |   08:53:46   |
12826       |       -4946.52   |       -4949.45   |        2.93325   |   88:49:51   |   08:53:34   |
12827       |       -4946.52   |       -4949.45   |        2.93325   |   88:52:19   |   08:53:21   |
12828       |       -4946.52   |       -4949.45   |        2.93325   |   88:54:48   |   08:53:08   |
12829       |       -4946.52   |       -4949.45   |        2.93325   |   88:57:17   |   08:52:56   |
12830       |       -4946.52   |       -4949.45   |        2.93325   |   88:59:48   |   08:52:43   |
12831       |       -4946.52   |       -4949.45   |        2.93325   |   89:02:15   |   08:52:31   |
12832       |       -4946.52   |       -4949.45   |        2.93325   |   89:04:34   |   08:52:17   |
12833       |       -4946.52   |       -4949.45   |        2.93325   |   89:06:56   |   08:52:04   |
12834       |       -4946.52   |       -4949.45   |        2.93325   |   89:09:22   |   08:51:51   |
12835       |       -4946.52   |       -4949.45   |        2.93325   |   89:11:48   |   08:51:38   |
12836       |       -4946.52   |       -4949.45   |        2.93325   |   89:14:14   |   08:51:25   |
12837       |       -4948.67   |       -4951.54   |        2.87559   |   89:16:29   |   08:51:11   |
12838       |       -4948.51   |       -4951.78   |        3.27706   |   89:18:50   |   08:50:57   |
12839       |       -4951.81   |       -4952.55   |       0.737662   |   89:21:18   |   08:50:44   |


Iter        |      Posterior   |     Likelihood   |          Prior   |    elapsed   |        ETA   |
----------------------------------------------------------------------------------------------------
12840       |       -4946.92   |        -4949.7   |        2.78571   |   89:23:36   |   08:50:30   |
12841       |       -4949.11   |       -4950.94   |        1.83455   |   89:25:50   |   08:50:16   |
12842       |       -4950.38   |       -4954.45   |        4.06727   |   89:28:10   |   08:50:02   |
12843       |       -4948.56   |       -4948.72   |       0.158161   |   89:30:27   |   08:49:48   |
12844       |       -4948.14   |       -4951.68   |        3.53711   |   89:32:52   |   08:49:35   |
12845       |       -4948.87   |       -4951.41   |         2.5358   |   89:35:13   |   08:49:21   |
12846       |        -4945.7   |       -4949.82   |        4.12386   |   89:37:34   |   08:49:07   |
12847       |       -4946.99   |       -4949.01   |        2.02676   |   89:39:51   |   08:48:53   |
12848       |       -4949.93   |       -4951.26   |        1.33279   |   89:42:15   |   08:48:40   |
12849       |       -4951.35   |       -4956.48   |        5.12909   |   89:44:30   |   08:48:26   |
12850       |        -4949.1   |       -4956.98   |        7.87919   |   89:46:51   |   08:48:12   |
12851       |        -4952.5   |       -4961.35   |        8.85108   |   89:49:09   |   08:47:58   |
12852       |       -4948.08   |       -4955.23   |        7.14684   |   89:51:23   |   08:47:43   |
12853       |       -4951.46   |       -4957.37   |        5.91113   |   89:53:53   |   08:47:30   |
12854       |       -4949.93   |        -4955.7   |        5.77099   |   89:56:08   |   08:47:16   |
12855       |       -4946.74   |       -4952.32   |        5.57794   |   89:58:25   |   08:47:01   |
12856       |       -4947.53   |       -4953.08   |        5.55195   |   90:00:46   |   08:46:48   |
12857       |       -4948.06   |       -4950.61   |        2.54774   |   90:03:26   |   08:46:36   |
12858       |       -4949.04   |       -4951.26   |        2.21569   |   90:06:02   |   08:46:23   |
12859       |       -4949.02   |       -4950.96   |        1.93719   |   90:08:38   |   08:46:11   |


Iter        |      Posterior   |     Likelihood   |          Prior   |    elapsed   |        ETA   |
----------------------------------------------------------------------------------------------------
12860       |       -4949.02   |       -4950.96   |        1.93719   |   90:11:11   |   08:45:58   |
12861       |       -4950.57   |       -4952.16   |        1.58711   |   90:13:41   |   08:45:45   |
12862       |       -4950.76   |       -4954.62   |        3.86587   |   90:16:17   |   08:45:32   |
12863       |       -4949.43   |       -4951.72   |        2.29466   |   90:18:46   |   08:45:19   |
12864       |       -4950.61   |       -4953.32   |        2.71774   |   90:21:29   |   08:45:07   |
12865       |       -4949.09   |       -4952.02   |        2.93054   |   90:23:57   |   08:44:53   |
12866       |        -4949.7   |       -4954.33   |        4.63045   |   90:26:32   |   08:44:41   |
12867       |       -4949.75   |       -4955.32   |        5.56551   |   90:29:01   |   08:44:27   |
12868       |       -4950.03   |       -4954.26   |        4.22381   |   90:31:33   |   08:44:14   |
12869       |       -4950.67   |       -4956.44   |        5.76568   |   90:34:08   |   08:44:01   |
12870       |       -4952.29   |       -4957.72   |        5.42482   |   90:36:54   |   08:43:50   |
12871       |       -4951.79   |       -4953.77   |         1.9721   |   90:39:37   |   08:43:38   |
12872       |       -4948.83   |       -4951.41   |        2.58616   |   90:42:16   |   08:43:25   |
12873       |       -4948.47   |       -4950.01   |        1.53985   |   90:44:53   |   08:43:12   |
12874       |       -4952.59   |       -4956.29   |        3.69851   |   90:47:31   |   08:43:00   |
12875       |       -4950.59   |       -4952.12   |        1.53195   |   90:50:12   |   08:42:47   |
12876       |       -4952.33   |       -4953.01   |         0.6782   |   90:52:41   |   08:42:34   |
12877       |       -4952.99   |       -4951.57   |       -1.41896   |   90:55:19   |   08:42:21   |
12878       |       -4955.12   |       -4954.52   |      -0.598166   |   90:57:56   |   08:42:08   |
12879       |       -4951.73   |       -4949.26   |       -2.46581   |   91:00:42   |   08:41:56   |


Iter        |      Posterior   |     Likelihood   |          Prior   |    elapsed   |        ETA   |
----------------------------------------------------------------------------------------------------
12880       |       -4951.91   |       -4951.59   |      -0.318015   |   91:03:29   |   08:41:44   |
12881       |       -4946.67   |       -4950.32   |        3.64925   |   91:06:07   |   08:41:31   |
12882       |       -4946.65   |       -4951.37   |        4.71947   |   91:08:43   |   08:41:18   |
12883       |       -4947.83   |       -4950.05   |        2.22569   |   91:11:23   |   08:41:06   |
12884       |       -4948.97   |       -4950.46   |        1.48971   |   91:14:05   |   08:40:53   |
12885       |       -4951.06   |       -4951.85   |       0.797317   |   91:16:52   |   08:40:41   |
12886       |          -4949   |       -4948.33   |        -0.6667   |   91:19:38   |   08:40:29   |
12887       |       -4950.48   |       -4950.32   |       -0.16255   |   91:22:16   |   08:40:16   |
12888       |       -4951.37   |       -4948.23   |        -3.1398   |   91:25:09   |   08:40:05   |
12889       |       -4947.19   |       -4948.96   |        1.77341   |   91:28:00   |   08:39:53   |
12890       |       -4949.39   |       -4950.93   |         1.5406   |   91:30:35   |   08:39:40   |
12891       |       -4952.53   |       -4949.53   |       -3.00349   |   91:33:13   |   08:39:27   |
12892       |       -4950.06   |        -4949.5   |      -0.552131   |   91:35:54   |   08:39:14   |
12893       |       -4949.74   |       -4951.54   |        1.79756   |   91:38:29   |   08:39:00   |
12894       |       -4949.93   |       -4951.57   |        1.63774   |   91:40:57   |   08:38:46   |
12895       |       -4950.77   |       -4952.45   |        1.67284   |   91:43:33   |   08:38:33   |
12896       |       -4949.96   |       -4952.52   |        2.56001   |   91:46:00   |   08:38:19   |
12897       |       -4949.78   |       -4952.53   |        2.75225   |   91:48:28   |   08:38:05   |
12898       |       -4952.25   |       -4954.46   |        2.21879   |   91:50:49   |   08:37:50   |
12899       |       -4951.31   |       -4954.47   |         3.1536   |   91:53:12   |   08:37:35   |


Iter        |      Posterior   |     Likelihood   |          Prior   |    elapsed   |        ETA   |
----------------------------------------------------------------------------------------------------
12900       |       -4952.26   |       -4953.73   |        1.47076   |   91:56:03   |   08:37:23   |
12901       |       -4953.03   |       -4953.59   |       0.556857   |   91:58:42   |   08:37:10   |
12902       |       -4950.92   |       -4951.97   |        1.05045   |   92:01:28   |   08:36:58   |
12903       |       -4949.65   |       -4954.06   |        4.40388   |   92:04:02   |   08:36:44   |
12904       |        -4948.4   |       -4952.78   |        4.38447   |   92:06:34   |   08:36:30   |
12905       |        -4950.8   |       -4954.24   |         3.4406   |   92:09:08   |   08:36:16   |
12906       |       -4949.44   |       -4952.38   |        2.93256   |   92:11:39   |   08:36:02   |
12907       |        -4949.2   |       -4953.49   |        4.29018   |   92:14:14   |   08:35:49   |
12908       |       -4946.85   |       -4952.01   |        5.15661   |   92:16:54   |   08:35:35   |
12909       |       -4946.34   |       -4949.39   |        3.05104   |   92:19:35   |   08:35:22   |
12910       |        -4946.6   |       -4949.23   |        2.62861   |   92:22:13   |   08:35:09   |
12911       |       -4947.47   |       -4948.17   |       0.702517   |   92:24:53   |   08:34:56   |
12912       |       -4946.87   |       -4949.93   |        3.06456   |   92:27:27   |   08:34:42   |
12913       |       -4946.65   |       -4949.81   |        3.16651   |   92:30:03   |   08:34:28   |
12914       |       -4946.42   |       -4949.35   |        2.93542   |   92:32:42   |   08:34:15   |
12915       |       -4947.01   |       -4947.01   |    0.000482198   |   92:35:13   |   08:34:00   |
12916       |       -4947.01   |       -4947.01   |    0.000482198   |   92:38:03   |   08:33:48   |
12917       |       -4946.74   |       -4948.67   |        1.92869   |   92:40:37   |   08:33:34   |
12918       |       -4949.37   |       -4947.47   |       -1.89533   |   92:43:27   |   08:33:21   |
12919       |       -4948.24   |        -4950.3   |        2.06619   |   92:46:10   |   08:33:08   |


Iter        |      Posterior   |     Likelihood   |          Prior   |    elapsed   |        ETA   |
----------------------------------------------------------------------------------------------------
12920       |        -4950.3   |       -4953.59   |        3.28336   |   92:48:50   |   08:32:55   |
12921       |       -4951.38   |        -4951.1   |      -0.276748   |   92:51:36   |   08:32:42   |
12922       |       -4951.66   |       -4950.63   |        -1.0223   |   92:54:15   |   08:32:28   |
12923       |        -4950.8   |       -4949.86   |      -0.938834   |   92:56:53   |   08:32:14   |
12924       |       -4955.93   |       -4959.16   |        3.23343   |   92:59:30   |   08:32:00   |
12925       |       -4950.54   |       -4954.82   |        4.28395   |   93:01:56   |   08:31:46   |
12926       |       -4950.04   |       -4956.57   |        6.53347   |   93:04:25   |   08:31:31   |
12927       |       -4948.93   |       -4954.72   |        5.79038   |   93:07:01   |   08:31:17   |
12928       |        -4948.2   |       -4954.14   |        5.94216   |   93:09:35   |   08:31:03   |
12929       |       -4947.67   |       -4952.91   |        5.23484   |   93:12:03   |   08:30:48   |
12930       |       -4949.14   |       -4954.11   |        4.97107   |   93:14:31   |   08:30:33   |
12931       |        -4949.1   |       -4952.89   |        3.79793   |   93:16:58   |   08:30:18   |
12932       |       -4949.04   |        -4950.4   |        1.35564   |   93:19:22   |   08:30:03   |
12933       |       -4951.87   |        -4955.2   |        3.33531   |   93:21:59   |   08:29:49   |
12934       |       -4951.85   |       -4953.13   |        1.27528   |   93:24:27   |   08:29:34   |
12935       |       -4952.44   |       -4956.92   |        4.48592   |   93:27:10   |   08:29:20   |
12936       |       -4952.06   |       -4955.75   |        3.69296   |   93:29:42   |   08:29:06   |
12937       |       -4952.65   |       -4959.19   |         6.5403   |   93:32:12   |   08:28:51   |
12938       |       -4952.13   |       -4956.08   |        3.94281   |   93:34:34   |   08:28:36   |
12939       |       -4950.88   |       -4951.54   |       0.661861   |   93:36:59   |   08:28:20   |


Iter        |      Posterior   |     Likelihood   |          Prior   |    elapsed   |        ETA   |
----------------------------------------------------------------------------------------------------
12940       |       -4952.64   |       -4950.09   |       -2.54859   |   93:39:30   |   08:28:06   |
12941       |        -4948.5   |       -4949.33   |       0.824255   |   93:42:04   |   08:27:51   |
12942       |        -4949.5   |        -4951.6   |        2.10442   |   93:44:40   |   08:27:37   |
12943       |       -4949.95   |       -4949.76   |      -0.193648   |   93:47:01   |   08:27:21   |
12944       |       -4949.86   |        -4951.4   |         1.5419   |   93:49:39   |   08:27:07   |
12945       |       -4947.43   |       -4948.26   |       0.827756   |   93:52:11   |   08:26:52   |
12946       |       -4949.28   |       -4952.36   |        3.07661   |   93:54:58   |   08:26:39   |
12947       |       -4947.68   |       -4947.72   |      0.0400109   |   93:57:42   |   08:26:25   |
12948       |       -4949.42   |       -4953.38   |        3.96226   |   94:00:17   |   08:26:10   |
12949       |       -4949.42   |       -4953.38   |        3.96226   |   94:03:00   |   08:25:56   |
12950       |       -4951.77   |       -4955.46   |        3.69474   |   94:05:34   |   08:25:42   |
12951       |       -4952.17   |        -4957.6   |        5.43087   |   94:08:14   |   08:25:28   |
12952       |       -4949.09   |       -4952.68   |        3.58966   |   94:10:53   |   08:25:13   |
12953       |       -4953.24   |       -4957.97   |        4.72984   |   94:13:27   |   08:24:58   |
12954       |       -4953.92   |       -4957.94   |        4.01936   |   94:16:02   |   08:24:44   |
12955       |       -4956.55   |       -4961.57   |         5.0215   |   94:18:45   |   08:24:30   |
12956       |       -4955.64   |       -4958.25   |        2.60662   |   94:21:21   |   08:24:15   |
12957       |       -4955.54   |       -4959.12   |        3.58117   |   94:23:54   |   08:24:00   |
12958       |       -4953.61   |       -4957.71   |        4.10619   |   94:26:35   |   08:23:46   |
12959       |        -4958.8   |       -4965.04   |        6.24236   |   94:29:08   |   08:23:31   |


Iter        |      Posterior   |     Likelihood   |          Prior   |    elapsed   |        ETA   |
----------------------------------------------------------------------------------------------------
12960       |       -4957.68   |       -4963.99   |        6.30877   |   94:31:37   |   08:23:16   |
12961       |       -4955.18   |       -4961.89   |        6.70252   |   94:34:09   |   08:23:00   |
12962       |       -4951.87   |       -4959.56   |        7.68969   |   94:36:41   |   08:22:45   |
12963       |       -4951.88   |       -4959.21   |         7.3241   |   94:39:17   |   08:22:31   |
12964       |       -4954.75   |       -4961.74   |        6.99261   |   94:41:58   |   08:22:16   |
12965       |       -4953.88   |       -4959.76   |         5.8854   |   94:44:36   |   08:22:02   |
12966       |       -4953.18   |       -4959.19   |        6.00965   |   94:47:20   |   08:21:47   |
12967       |       -4951.64   |       -4958.32   |        6.67817   |   94:49:56   |   08:21:32   |
12968       |       -4951.72   |       -4958.95   |        7.22536   |   94:52:38   |   08:21:18   |
12969       |       -4951.44   |       -4957.97   |        6.52748   |   94:55:19   |   08:21:04   |
12970       |        -4948.3   |       -4950.43   |        2.13195   |   94:57:45   |   08:20:48   |
12971       |       -4947.67   |       -4952.04   |         4.3659   |   95:00:24   |   08:20:33   |
12972       |       -4947.67   |       -4952.04   |         4.3659   |   95:03:05   |   08:20:19   |
12973       |       -4947.67   |       -4952.04   |         4.3659   |   95:05:49   |   08:20:04   |
12974       |       -4945.74   |       -4949.68   |         3.9423   |   95:08:26   |   08:19:49   |
12975       |       -4945.74   |       -4949.68   |         3.9423   |   95:11:10   |   08:19:35   |
12976       |       -4945.74   |       -4949.68   |         3.9423   |   95:13:54   |   08:19:20   |
12977       |       -4945.74   |       -4949.68   |         3.9423   |   95:16:35   |   08:19:06   |
12978       |       -4945.74   |       -4949.68   |         3.9423   |   95:19:13   |   08:18:51   |
12979       |       -4945.74   |       -4949.68   |         3.9423   |   95:21:54   |   08:18:36   |


Iter        |      Posterior   |     Likelihood   |          Prior   |    elapsed   |        ETA   |
----------------------------------------------------------------------------------------------------
12980       |       -4945.74   |       -4949.68   |         3.9423   |   95:24:35   |   08:18:21   |
12981       |        -4946.3   |       -4950.26   |        3.95151   |   95:26:59   |   08:18:05   |
12982       |       -4948.26   |       -4951.64   |        3.37956   |   95:29:34   |   08:17:50   |
12983       |       -4948.04   |       -4951.03   |        2.99581   |   95:32:15   |   08:17:35   |
12984       |       -4950.74   |       -4951.87   |        1.13804   |   95:34:45   |   08:17:19   |
12985       |        -4952.9   |       -4954.86   |        1.96217   |   95:37:18   |   08:17:04   |
12986       |       -4951.77   |        -4952.4   |       0.634355   |   95:39:51   |   08:16:48   |
12987       |       -4948.17   |        -4951.5   |        3.32928   |   95:42:36   |   08:16:34   |
12988       |        -4946.9   |        -4947.9   |        1.00133   |   95:45:11   |   08:16:18   |
12989       |       -4945.65   |       -4948.01   |        2.36002   |   95:47:46   |   08:16:03   |
12990       |       -4945.57   |       -4948.03   |        2.45946   |   95:50:36   |   08:15:49   |
12991       |       -4945.99   |       -4948.86   |        2.87493   |   95:53:21   |   08:15:34   |
12992       |       -4949.72   |       -4955.05   |        5.33633   |   95:55:49   |   08:15:18   |
12993       |       -4947.01   |       -4950.51   |        3.49649   |   95:58:16   |   08:15:02   |
12994       |       -4950.05   |       -4951.19   |        1.14303   |   96:00:50   |   08:14:46   |
12995       |       -4946.46   |       -4949.06   |        2.59325   |   96:03:27   |   08:14:31   |
12996       |       -4947.75   |       -4951.29   |        3.53873   |   96:06:09   |   08:14:16   |
12997       |        -4949.3   |       -4948.83   |      -0.477915   |   96:08:51   |   08:14:00   |
12998       |       -4948.76   |       -4951.34   |        2.57977   |   96:11:28   |   08:13:45   |
12999       |       -4948.99   |       -4950.28   |        1.28671   |   96:13:59   |   08:13:29   |


Iter        |      Posterior   |     Likelihood   |          Prior   |    elapsed   |        ETA   |
----------------------------------------------------------------------------------------------------
13000       |       -4948.93   |       -4952.77   |        3.84347   |   96:16:31   |   08:13:13   |
13001       |       -4948.44   |        -4952.7   |           4.26   |   96:19:09   |   08:12:58   |
13002       |       -4947.83   |       -4953.39   |        5.55346   |   96:21:37   |   08:12:41   |
13003       |       -4947.34   |       -4952.47   |        5.12567   |   96:24:00   |   08:12:24   |
13004       |       -4947.34   |       -4952.47   |        5.12567   |   96:26:37   |   08:12:09   |
13005       |       -4948.68   |       -4951.32   |        2.64692   |   96:29:10   |   08:11:53   |
13006       |       -4947.72   |       -4951.37   |        3.65576   |   96:31:45   |   08:11:37   |
13007       |       -4950.32   |       -4952.42   |        2.10043   |   96:34:20   |   08:11:21   |
13008       |       -4951.11   |       -4952.71   |         1.6005   |   96:37:02   |   08:11:06   |
13009       |       -4949.41   |       -4951.41   |        1.99519   |   96:39:38   |   08:10:50   |
13010       |       -4947.09   |       -4950.94   |        3.84768   |   96:42:13   |   08:10:34   |
13011       |       -4947.51   |       -4951.31   |        3.80193   |   96:44:43   |   08:10:18   |
13012       |       -4947.35   |       -4952.93   |        5.58524   |   96:47:19   |   08:10:02   |
13013       |       -4947.35   |       -4952.93   |        5.58524   |   96:49:58   |   08:09:46   |
13014       |       -4948.27   |       -4951.69   |        3.42337   |   96:52:24   |   08:09:30   |
13015       |       -4950.59   |       -4950.07   |       -0.51091   |   96:55:00   |   08:09:14   |
13016       |       -4949.13   |       -4948.82   |       -0.31702   |   96:57:40   |   08:08:58   |
13017       |       -4948.98   |       -4948.55   |      -0.422865   |   97:00:15   |   08:08:42   |
13018       |       -4949.89   |       -4950.34   |       0.447106   |   97:02:50   |   08:08:26   |
13019       |       -4950.53   |       -4951.02   |        0.49657   |   97:05:25   |   08:08:10   |


Iter        |      Posterior   |     Likelihood   |          Prior   |    elapsed   |        ETA   |
----------------------------------------------------------------------------------------------------
13020       |       -4952.07   |       -4948.64   |       -3.42653   |   97:08:04   |   08:07:54   |
13021       |       -4950.47   |       -4949.36   |       -1.11043   |   97:10:45   |   08:07:38   |
13022       |       -4948.99   |       -4949.91   |       0.915506   |   97:13:08   |   08:07:21   |
13023       |       -4951.72   |       -4952.84   |        1.12811   |   97:15:32   |   08:07:04   |
13024       |       -4949.85   |       -4951.23   |        1.38294   |   97:18:11   |   08:06:48   |
13025       |       -4948.48   |       -4947.28   |       -1.19797   |   97:20:50   |   08:06:32   |
13026       |       -4949.39   |       -4950.52   |        1.12871   |   97:23:36   |   08:06:17   |
13027       |       -4948.56   |       -4948.04   |      -0.515325   |   97:26:21   |   08:06:02   |
13028       |       -4947.11   |       -4950.56   |        3.44756   |   97:29:00   |   08:05:46   |
13029       |       -4947.54   |       -4950.57   |        3.02972   |   97:31:40   |   08:05:30   |
13030       |       -4948.84   |       -4948.94   |      0.0994922   |   97:34:21   |   08:05:14   |
13031       |       -4950.42   |       -4950.84   |       0.417023   |   97:36:57   |   08:04:58   |
13032       |       -4953.08   |       -4947.37   |       -5.71713   |   97:39:45   |   08:04:42   |
13033       |       -4952.28   |       -4946.59   |       -5.69426   |   97:42:43   |   08:04:28   |
13034       |       -4953.08   |       -4947.79   |       -5.28935   |   97:45:42   |   08:04:13   |
13035       |       -4950.48   |       -4948.17   |       -2.31155   |   97:48:36   |   08:03:59   |
13036       |       -4948.66   |       -4948.02   |      -0.634176   |   97:51:22   |   08:03:43   |
13037       |       -4949.54   |        -4947.6   |       -1.94639   |   97:54:05   |   08:03:27   |
13038       |       -4947.98   |       -4947.97   |     -0.0136374   |   97:56:38   |   08:03:11   |
13039       |       -4947.13   |       -4947.14   |      0.0163638   |   97:59:21   |   08:02:55   |


Iter        |      Posterior   |     Likelihood   |          Prior   |    elapsed   |        ETA   |
----------------------------------------------------------------------------------------------------
13040       |       -4949.71   |        -4948.3   |       -1.41228   |   98:02:01   |   08:02:39   |
13041       |       -4950.57   |       -4950.33   |      -0.246466   |   98:04:40   |   08:02:22   |
13042       |       -4950.66   |       -4954.93   |        4.27835   |   98:07:24   |   08:02:06   |
13043       |       -4951.07   |       -4954.12   |          3.043   |   98:09:56   |   08:01:50   |
13044       |       -4948.12   |       -4950.62   |        2.50326   |   98:12:25   |   08:01:32   |
13045       |       -4948.36   |       -4951.23   |        2.86937   |   98:14:51   |   08:01:15   |
13046       |       -4948.26   |       -4949.88   |        1.62054   |   98:17:18   |   08:00:58   |
13047       |       -4949.73   |        -4952.3   |         2.5689   |   98:19:49   |   08:00:41   |
13048       |       -4949.54   |       -4950.81   |        1.26515   |   98:22:27   |   08:00:24   |
13049       |       -4948.35   |        -4952.8   |        4.44902   |   98:24:59   |   08:00:07   |
13050       |       -4948.95   |       -4952.57   |        3.62196   |   98:27:32   |   07:59:50   |
13051       |       -4951.88   |       -4956.39   |        4.50671   |   98:30:05   |   07:59:33   |
13052       |       -4947.09   |       -4950.59   |        3.50424   |   98:32:37   |   07:59:16   |
13053       |       -4948.15   |       -4955.04   |        6.89331   |   98:35:06   |   07:58:59   |
13054       |       -4949.51   |       -4956.39   |        6.87754   |   98:37:33   |   07:58:41   |
13055       |       -4950.12   |       -4958.55   |        8.42751   |   98:40:09   |   07:58:25   |
13056       |       -4949.18   |       -4955.13   |        5.95443   |   98:42:40   |   07:58:07   |
13057       |       -4951.98   |       -4960.74   |        8.76087   |   98:45:07   |   07:57:50   |
13058       |       -4954.17   |       -4962.41   |        8.24096   |   98:47:32   |   07:57:32   |
13059       |        -4948.6   |       -4956.07   |        7.47173   |   98:49:58   |   07:57:14   |


Iter        |      Posterior   |     Likelihood   |          Prior   |    elapsed   |        ETA   |
----------------------------------------------------------------------------------------------------
13060       |       -4949.34   |        -4958.1   |        8.75728   |   98:52:27   |   07:56:57   |
13061       |       -4947.62   |       -4955.88   |        8.25959   |   98:54:54   |   07:56:39   |
13062       |       -4950.29   |       -4957.25   |        6.96232   |   98:57:21   |   07:56:22   |
13063       |       -4951.05   |       -4954.63   |         3.5757   |   99:00:04   |   07:56:05   |
13064       |          -4952   |       -4952.84   |       0.841998   |   99:02:44   |   07:55:49   |
13065       |       -4952.04   |       -4952.15   |       0.111037   |   99:05:22   |   07:55:32   |
13066       |       -4949.41   |       -4953.43   |        4.01665   |   99:08:01   |   07:55:15   |
13067       |       -4951.66   |       -4955.54   |        3.87329   |   99:10:29   |   07:54:57   |
13068       |       -4949.89   |        -4956.9   |        7.01411   |   99:12:58   |   07:54:40   |
13069       |       -4951.57   |       -4958.37   |        6.80377   |   99:15:20   |   07:54:22   |
13070       |       -4952.51   |       -4960.35   |        7.84453   |   99:17:41   |   07:54:03   |
13071       |        -4952.6   |       -4958.96   |        6.36153   |   99:20:12   |   07:53:46   |
13072       |       -4951.97   |       -4956.82   |         4.8568   |   99:22:43   |   07:53:28   |
13073       |       -4949.01   |        -4954.4   |        5.38741   |   99:25:20   |   07:53:11   |
13074       |       -4948.95   |       -4954.48   |        5.52993   |   99:27:55   |   07:52:54   |
13075       |       -4948.49   |       -4955.52   |        7.03055   |   99:30:26   |   07:52:36   |
13076       |       -4949.02   |       -4957.24   |        8.22595   |   99:32:59   |   07:52:19   |
13077       |       -4949.01   |       -4954.43   |        5.42607   |   99:35:33   |   07:52:01   |
13078       |       -4948.92   |       -4954.38   |        5.46056   |   99:38:06   |   07:51:44   |
13079       |       -4947.26   |       -4952.57   |        5.31897   |   99:40:37   |   07:51:26   |


Iter        |      Posterior   |     Likelihood   |          Prior   |    elapsed   |        ETA   |
----------------------------------------------------------------------------------------------------
13080       |       -4950.33   |       -4957.31   |        6.98309   |   99:42:59   |   07:51:08   |
13081       |       -4949.62   |       -4956.73   |        7.10983   |   99:45:26   |   07:50:50   |
13082       |       -4949.43   |       -4957.46   |        8.03783   |   99:48:11   |   07:50:33   |
13083       |       -4948.72   |       -4955.61   |        6.88622   |   99:50:36   |   07:50:15   |
13084       |       -4947.65   |       -4955.55   |        7.89724   |   99:53:15   |   07:49:58   |
13085       |       -4947.33   |       -4955.04   |        7.70361   |   99:55:46   |   07:49:40   |
13086       |       -4947.45   |       -4954.68   |        7.23475   |   99:58:17   |   07:49:22   |
13087       |       -4947.62   |       -4954.85   |        7.23472   |   100:01:02   |   07:49:05   |
13088       |       -4949.76   |       -4957.31   |         7.5493   |   100:03:37   |   07:48:48   |
13089       |        -4950.3   |       -4954.76   |        4.45844   |   100:06:08   |   07:48:30   |
13090       |       -4951.12   |       -4958.51   |        7.39234   |   100:08:49   |   07:48:13   |
13091       |       -4950.92   |        -4955.7   |        4.78294   |   100:11:29   |   07:47:55   |
13092       |       -4953.71   |       -4958.17   |        4.45838   |   100:14:03   |   07:47:38   |
13093       |       -4952.91   |       -4957.64   |        4.73206   |   100:16:36   |   07:47:20   |
13094       |       -4952.67   |       -4957.65   |        4.97561   |   100:19:08   |   07:47:02   |
13095       |       -4951.36   |       -4956.24   |        4.88036   |   100:21:44   |   07:46:44   |
13096       |       -4954.06   |       -4956.82   |        2.76368   |   100:24:08   |   07:46:26   |
13097       |       -4955.82   |       -4958.34   |        2.52499   |   100:26:42   |   07:46:08   |
13098       |       -4955.03   |       -4955.48   |       0.447129   |   100:29:33   |   07:45:51   |
13099       |       -4956.95   |       -4959.85   |        2.90645   |   100:32:13   |   07:45:34   |


Iter        |      Posterior   |     Likelihood   |          Prior   |    elapsed   |        ETA   |
----------------------------------------------------------------------------------------------------
13100       |       -4957.26   |       -4960.17   |        2.90926   |   100:34:48   |   07:45:16   |
13101       |       -4957.26   |       -4960.17   |        2.90926   |   100:37:35   |   07:44:59   |
13102       |       -4953.86   |       -4956.96   |        3.09935   |   100:40:10   |   07:44:41   |
13103       |       -4956.26   |        -4954.3   |       -1.96573   |   100:42:45   |   07:44:24   |
13104       |       -4954.91   |       -4953.07   |       -1.83958   |   100:45:17   |   07:44:05   |
13105       |       -4954.52   |       -4953.06   |       -1.45966   |   100:48:02   |   07:43:48   |
13106       |       -4954.11   |       -4954.89   |       0.778713   |   100:50:40   |   07:43:31   |
13107       |        -4951.5   |       -4954.54   |         3.0479   |   100:53:22   |   07:43:13   |
13108       |       -4952.27   |       -4955.71   |        3.44726   |   100:56:07   |   07:42:56   |
13109       |       -4950.71   |       -4957.01   |        6.30688   |   100:59:01   |   07:42:39   |
13110       |       -4950.64   |       -4954.26   |        3.61878   |   101:01:49   |   07:42:22   |
13111       |       -4952.22   |       -4958.26   |        6.03699   |   101:04:15   |   07:42:04   |
13112       |       -4953.55   |        -4961.1   |        7.55012   |   101:06:42   |   07:41:45   |
13113       |        -4950.2   |        -4955.4   |        5.19677   |   101:09:07   |   07:41:26   |
13114       |       -4947.36   |       -4951.02   |         3.6587   |   101:11:27   |   07:41:07   |
13115       |       -4950.61   |       -4954.01   |        3.40454   |   101:14:05   |   07:40:49   |
13116       |       -4950.59   |       -4954.45   |        3.85818   |   101:16:46   |   07:40:31   |
13117       |       -4948.68   |       -4951.09   |        2.40704   |   101:19:17   |   07:40:13   |
13118       |       -4952.69   |       -4955.38   |        2.68636   |   101:21:46   |   07:39:54   |
13119       |       -4953.76   |       -4958.68   |        4.91968   |   101:24:07   |   07:39:35   |


Iter        |      Posterior   |     Likelihood   |          Prior   |    elapsed   |        ETA   |
----------------------------------------------------------------------------------------------------
13120       |        -4952.1   |       -4959.27   |        7.17262   |   101:26:37   |   07:39:16   |
13121       |       -4950.79   |       -4957.47   |        6.67944   |   101:29:06   |   07:38:58   |
13122       |       -4948.02   |       -4954.57   |        6.55096   |   101:31:35   |   07:38:39   |
13123       |       -4948.21   |       -4952.02   |        3.80181   |   101:34:06   |   07:38:20   |
13124       |       -4946.24   |       -4950.16   |        3.92177   |   101:36:38   |   07:38:02   |
13125       |       -4948.51   |       -4952.28   |        3.77023   |   101:39:07   |   07:37:43   |
13126       |       -4945.93   |       -4948.76   |        2.82992   |   101:41:27   |   07:37:23   |
13127       |       -4945.63   |       -4948.44   |        2.80959   |   101:43:57   |   07:37:05   |
13128       |       -4945.22   |       -4950.33   |         5.1018   |   101:46:29   |   07:36:46   |
13129       |       -4945.85   |       -4946.94   |        1.08985   |   101:49:03   |   07:36:28   |
13130       |       -4946.54   |       -4947.68   |        1.14319   |   101:51:46   |   07:36:10   |
13131       |        -4950.4   |       -4953.59   |        3.18746   |   101:54:20   |   07:35:51   |
13132       |       -4948.49   |       -4951.91   |        3.41591   |   101:56:55   |   07:35:33   |
13133       |       -4946.24   |       -4948.31   |        2.07623   |   101:59:29   |   07:35:14   |
13134       |       -4953.96   |       -4954.59   |       0.631626   |   102:02:02   |   07:34:56   |
13135       |       -4952.12   |       -4954.58   |        2.46335   |   102:04:33   |   07:34:37   |
13136       |       -4953.06   |       -4954.16   |        1.09755   |   102:07:06   |   07:34:18   |
13137       |       -4952.39   |       -4957.05   |        4.65426   |   102:09:39   |   07:33:59   |
13138       |       -4951.52   |       -4956.04   |        4.52073   |   102:12:09   |   07:33:40   |
13139       |       -4950.93   |       -4955.14   |        4.21213   |   102:14:41   |   07:33:21   |


Iter        |      Posterior   |     Likelihood   |          Prior   |    elapsed   |        ETA   |
----------------------------------------------------------------------------------------------------
13140       |       -4950.99   |       -4954.51   |        3.51241   |   102:17:08   |   07:33:02   |
13141       |       -4950.64   |       -4954.79   |        4.15477   |   102:19:47   |   07:32:44   |
13142       |       -4948.98   |       -4952.56   |        3.58126   |   102:22:28   |   07:32:26   |
13143       |       -4951.26   |       -4956.64   |        5.38441   |   102:25:06   |   07:32:07   |
13144       |       -4950.64   |       -4955.94   |        5.29949   |   102:27:42   |   07:31:48   |
13145       |        -4948.8   |       -4952.11   |        3.30957   |   102:30:08   |   07:31:29   |
13146       |       -4950.49   |       -4953.02   |         2.5334   |   102:32:39   |   07:31:10   |
13147       |       -4953.76   |       -4951.74   |       -2.01472   |   102:35:15   |   07:30:51   |
13148       |       -4950.65   |       -4950.21   |      -0.436323   |   102:37:49   |   07:30:32   |
13149       |       -4949.98   |       -4952.49   |        2.51083   |   102:40:13   |   07:30:13   |
13150       |       -4949.88   |       -4951.24   |        1.35832   |   102:42:39   |   07:29:53   |
13151       |        -4952.1   |       -4955.98   |        3.88881   |   102:44:53   |   07:29:33   |
13152       |       -4948.82   |       -4951.21   |        2.39263   |   102:47:17   |   07:29:13   |
13153       |       -4949.03   |       -4950.25   |        1.22834   |   102:49:52   |   07:28:54   |
13154       |       -4947.54   |       -4946.46   |       -1.08776   |   102:52:15   |   07:28:35   |
13155       |       -4945.27   |       -4946.69   |        1.41769   |   102:54:53   |   07:28:16   |
13156       |       -4947.17   |       -4947.29   |        0.11515   |   102:57:28   |   07:27:57   |
13157       |       -4945.94   |       -4946.52   |       0.577895   |   103:00:11   |   07:27:38   |
13158       |       -4945.23   |       -4946.97   |        1.73561   |   103:02:43   |   07:27:19   |
13159       |       -4945.37   |       -4947.24   |        1.87179   |   103:05:13   |   07:27:00   |


Iter        |      Posterior   |     Likelihood   |          Prior   |    elapsed   |        ETA   |
----------------------------------------------------------------------------------------------------
13160       |       -4946.42   |       -4946.05   |      -0.373219   |   103:07:43   |   07:26:40   |
13161       |       -4946.42   |       -4946.05   |      -0.373219   |   103:10:32   |   07:26:22   |
13162       |       -4946.15   |       -4945.66   |      -0.491563   |   103:13:11   |   07:26:04   |
13163       |       -4948.58   |       -4945.59   |        -2.9932   |   103:15:44   |   07:25:44   |
13164       |       -4948.54   |       -4948.16   |       -0.37937   |   103:18:21   |   07:25:25   |
13165       |       -4953.62   |        -4945.3   |       -8.32065   |   103:21:06   |   07:25:07   |
13166       |       -4951.51   |       -4946.42   |       -5.08818   |   103:23:54   |   07:24:49   |
13167       |       -4948.92   |       -4950.88   |         1.9583   |   103:26:29   |   07:24:29   |
13168       |       -4948.12   |       -4949.88   |        1.75971   |   103:29:03   |   07:24:10   |
13169       |       -4947.68   |       -4948.53   |       0.842999   |   103:31:39   |   07:23:51   |
13170       |       -4949.76   |       -4947.09   |       -2.67115   |   103:34:18   |   07:23:32   |
13171       |       -4951.28   |       -4948.76   |        -2.5183   |   103:37:09   |   07:23:14   |
13172       |       -4950.29   |       -4951.34   |        1.05113   |   103:39:55   |   07:22:55   |
13173       |          -4951   |       -4952.12   |        1.12633   |   103:42:31   |   07:22:36   |
13174       |       -4948.44   |       -4952.91   |        4.47267   |   103:45:04   |   07:22:17   |
13175       |        -4949.1   |       -4955.94   |        6.83694   |   103:47:35   |   07:21:57   |
13176       |       -4949.01   |       -4952.58   |        3.56427   |   103:50:09   |   07:21:37   |
13177       |       -4949.29   |       -4952.07   |        2.78347   |   103:52:46   |   07:21:18   |
13178       |       -4949.67   |       -4955.81   |        6.14057   |   103:55:19   |   07:20:59   |
13179       |       -4948.11   |       -4950.52   |        2.41045   |   103:57:54   |   07:20:39   |


Iter        |      Posterior   |     Likelihood   |          Prior   |    elapsed   |        ETA   |
----------------------------------------------------------------------------------------------------
13180       |        -4949.3   |       -4950.64   |        1.33361   |   104:00:40   |   07:20:21   |
13181       |       -4948.81   |       -4951.27   |        2.45545   |   104:03:14   |   07:20:01   |
13182       |       -4947.62   |       -4953.28   |        5.66091   |   104:05:48   |   07:19:41   |
13183       |       -4950.14   |       -4953.86   |        3.72665   |   104:08:25   |   07:19:22   |
13184       |       -4949.56   |        -4951.9   |        2.34227   |   104:11:00   |   07:19:02   |
13185       |       -4951.72   |       -4954.43   |        2.70405   |   104:13:45   |   07:18:44   |
13186       |       -4951.65   |       -4956.14   |         4.4942   |   104:16:24   |   07:18:24   |
13187       |       -4951.65   |       -4956.14   |         4.4942   |   104:19:05   |   07:18:05   |
13188       |        -4954.1   |       -4956.07   |         1.9715   |   104:21:45   |   07:17:46   |
13189       |       -4951.74   |       -4953.67   |         1.9286   |   104:24:23   |   07:17:26   |
13190       |       -4953.57   |       -4955.44   |        1.86604   |   104:26:51   |   07:17:06   |
13191       |       -4954.32   |       -4956.01   |        1.68842   |   104:29:19   |   07:16:46   |
13192       |       -4950.26   |       -4949.79   |      -0.472481   |   104:31:57   |   07:16:27   |
13193       |       -4949.67   |       -4949.33   |      -0.334903   |   104:34:39   |   07:16:07   |
13194       |       -4952.82   |        -4953.6   |       0.776717   |   104:37:20   |   07:15:48   |
13195       |       -4952.15   |       -4953.74   |        1.58765   |   104:40:00   |   07:15:28   |
13196       |       -4953.93   |       -4955.52   |        1.59338   |   104:42:33   |   07:15:09   |
13197       |        -4953.1   |       -4951.91   |       -1.18449   |   104:45:01   |   07:14:48   |
13198       |       -4953.53   |       -4952.08   |       -1.45783   |   104:47:22   |   07:14:27   |
13199       |       -4958.02   |       -4958.96   |       0.947873   |   104:49:41   |   07:14:06   |


Iter        |      Posterior   |     Likelihood   |          Prior   |    elapsed   |        ETA   |
----------------------------------------------------------------------------------------------------
13200       |       -4952.81   |       -4951.15   |       -1.66345   |   104:52:06   |   07:13:46   |
13201       |       -4955.62   |       -4954.96   |      -0.655881   |   104:54:33   |   07:13:25   |
13202       |       -4955.23   |        -4952.8   |       -2.42872   |   104:56:55   |   07:13:05   |
13203       |       -4953.55   |       -4953.43   |      -0.116849   |   104:59:30   |   07:12:45   |
13204       |       -4954.79   |       -4953.97   |      -0.821118   |   105:01:56   |   07:12:24   |
13205       |       -4952.98   |       -4954.65   |         1.6694   |   105:04:15   |   07:12:03   |
13206       |       -4951.52   |       -4952.66   |        1.14495   |   105:06:36   |   07:11:42   |
13207       |       -4953.34   |       -4951.75   |       -1.58694   |   105:09:01   |   07:11:21   |
13208       |       -4954.14   |       -4953.11   |       -1.02873   |   105:11:33   |   07:11:01   |
13209       |       -4953.65   |       -4953.04   |      -0.607741   |   105:14:01   |   07:10:41   |
13210       |       -4950.87   |       -4950.57   |      -0.300541   |   105:16:32   |   07:10:20   |
13211       |       -4949.35   |        -4950.8   |        1.44769   |   105:18:54   |   07:09:59   |
13212       |       -4949.19   |       -4950.57   |        1.38786   |   105:21:28   |   07:09:39   |
13213       |       -4949.61   |       -4954.05   |        4.44513   |   105:23:41   |   07:09:18   |
13214       |       -4949.15   |       -4953.48   |        4.33071   |   105:26:07   |   07:08:57   |
13215       |       -4949.18   |       -4953.39   |        4.20933   |   105:28:29   |   07:08:36   |
13216       |       -4947.94   |       -4953.07   |        5.12369   |   105:30:45   |   07:08:14   |
13217       |       -4948.17   |       -4954.44   |        6.26686   |   105:33:00   |   07:07:53   |
13218       |       -4949.16   |       -4955.57   |        6.41623   |   105:35:18   |   07:07:31   |
13219       |       -4948.78   |       -4955.22   |        6.44125   |   105:37:39   |   07:07:10   |


Iter        |      Posterior   |     Likelihood   |          Prior   |    elapsed   |        ETA   |
----------------------------------------------------------------------------------------------------
13220       |       -4950.11   |        -4956.7   |        6.59193   |   105:39:57   |   07:06:49   |
13221       |       -4950.07   |       -4956.63   |        6.56466   |   105:42:22   |   07:06:28   |
13222       |       -4954.68   |       -4958.63   |        3.95391   |   105:44:42   |   07:06:06   |
13223       |       -4948.34   |       -4953.36   |        5.02182   |   105:46:52   |   07:05:44   |
13224       |       -4949.48   |       -4954.09   |        4.61357   |   105:49:00   |   07:05:22   |
13225       |       -4950.19   |       -4954.79   |        4.59788   |   105:51:10   |   07:05:00   |
13226       |       -4950.25   |       -4950.07   |      -0.178462   |   105:53:22   |   07:04:38   |
13227       |        -4950.1   |       -4949.57   |      -0.532458   |   105:55:35   |   07:04:16   |
13228       |       -4950.92   |        -4952.3   |        1.38242   |   105:57:53   |   07:03:55   |
13229       |       -4948.87   |       -4951.03   |        2.15571   |   106:00:09   |   07:03:33   |
13230       |       -4948.28   |       -4948.87   |       0.588114   |   106:02:25   |   07:03:11   |
13231       |       -4948.18   |       -4948.35   |        0.17514   |   106:04:32   |   07:02:49   |
13232       |       -4948.18   |       -4948.35   |        0.17514   |   106:06:59   |   07:02:28   |
13233       |       -4947.95   |       -4948.14   |       0.190893   |   106:09:25   |   07:02:07   |
13234       |       -4950.23   |       -4946.26   |       -3.96545   |   106:11:53   |   07:01:46   |
13235       |       -4949.82   |        -4951.2   |        1.37895   |   106:14:18   |   07:01:25   |
13236       |       -4948.96   |       -4951.84   |        2.88541   |   106:16:38   |   07:01:03   |
13237       |       -4948.07   |       -4955.59   |        7.51226   |   106:18:58   |   07:00:42   |
13238       |        -4949.6   |       -4953.23   |        3.62439   |   106:21:15   |   07:00:20   |
13239       |       -4949.46   |       -4953.28   |        3.81925   |   106:23:27   |   06:59:58   |


Iter        |      Posterior   |     Likelihood   |          Prior   |    elapsed   |        ETA   |
----------------------------------------------------------------------------------------------------
13240       |       -4950.59   |       -4953.17   |        2.57101   |   106:25:42   |   06:59:36   |
13241       |       -4949.79   |       -4950.74   |       0.943479   |   106:28:01   |   06:59:14   |
13242       |       -4955.25   |       -4954.32   |      -0.930838   |   106:30:20   |   06:58:52   |
13243       |       -4957.81   |       -4957.06   |      -0.751493   |   106:32:39   |   06:58:31   |
13244       |       -4954.82   |       -4955.08   |       0.253777   |   106:34:57   |   06:58:09   |
13245       |       -4953.95   |       -4956.01   |        2.06003   |   106:37:14   |   06:57:47   |
13246       |       -4953.38   |       -4953.26   |      -0.117061   |   106:39:32   |   06:57:25   |
13247       |       -4953.75   |       -4954.21   |       0.456891   |   106:41:50   |   06:57:03   |
13248       |       -4953.75   |       -4954.21   |       0.456891   |   106:44:21   |   06:56:42   |
13249       |       -4956.89   |       -4959.43   |        2.53937   |   106:46:44   |   06:56:20   |
13250       |       -4953.96   |       -4957.21   |        3.24995   |   106:49:01   |   06:55:58   |
13251       |       -4953.05   |       -4955.67   |        2.62377   |   106:51:29   |   06:55:37   |
13252       |       -4949.33   |        -4951.5   |        2.16476   |   106:53:44   |   06:55:15   |
13253       |       -4950.26   |       -4952.54   |        2.27546   |   106:56:01   |   06:54:53   |
13254       |       -4950.07   |       -4951.01   |       0.933151   |   106:58:17   |   06:54:31   |
13255       |       -4954.67   |       -4950.14   |       -4.52741   |   107:00:45   |   06:54:09   |
13256       |       -4956.13   |       -4950.21   |        -5.9118   |   107:03:07   |   06:53:48   |
13257       |       -4953.29   |       -4947.21   |       -6.07953   |   107:05:35   |   06:53:26   |
13258       |       -4951.93   |       -4946.44   |       -5.49363   |   107:07:59   |   06:53:04   |
13259       |       -4947.52   |       -4948.16   |       0.641435   |   107:10:17   |   06:52:42   |


Iter        |      Posterior   |     Likelihood   |          Prior   |    elapsed   |        ETA   |
----------------------------------------------------------------------------------------------------
13260       |       -4948.39   |       -4949.75   |        1.35562   |   107:12:26   |   06:52:20   |
13261       |        -4948.7   |       -4951.77   |        3.07251   |   107:14:38   |   06:51:57   |
13262       |       -4949.64   |       -4953.74   |        4.10588   |   107:16:47   |   06:51:34   |
13263       |       -4948.78   |       -4952.89   |        4.11126   |   107:18:56   |   06:51:12   |
13264       |       -4949.08   |       -4953.12   |        4.03793   |   107:21:09   |   06:50:49   |
13265       |       -4949.74   |       -4954.58   |         4.8398   |   107:23:20   |   06:50:26   |
13266       |       -4951.15   |       -4955.56   |        4.40214   |   107:25:29   |   06:50:04   |
13267       |       -4949.23   |       -4954.61   |        5.38213   |   107:27:34   |   06:49:41   |
13268       |       -4950.51   |       -4955.58   |        5.06941   |   107:29:47   |   06:49:18   |
13269       |       -4947.83   |       -4949.39   |        1.56644   |   107:31:58   |   06:48:55   |
13270       |       -4949.25   |       -4948.88   |      -0.366454   |   107:34:15   |   06:48:33   |
13271       |       -4950.18   |       -4949.75   |      -0.436191   |   107:36:39   |   06:48:11   |
13272       |       -4950.35   |       -4948.99   |       -1.36399   |   107:39:07   |   06:47:49   |
13273       |       -4949.99   |       -4952.71   |        2.72087   |   107:41:27   |   06:47:27   |
13274       |       -4949.71   |       -4950.29   |        0.58298   |   107:43:49   |   06:47:05   |
13275       |       -4949.92   |       -4948.78   |       -1.13757   |   107:46:09   |   06:46:43   |
13276       |       -4951.22   |       -4950.04   |       -1.18094   |   107:48:20   |   06:46:20   |
13277       |       -4955.99   |       -4958.89   |        2.90961   |   107:50:46   |   06:45:58   |
13278       |       -4952.63   |       -4955.69   |        3.06373   |   107:53:15   |   06:45:36   |
13279       |       -4952.73   |       -4956.06   |        3.33411   |   107:55:41   |   06:45:14   |


Iter        |      Posterior   |     Likelihood   |          Prior   |    elapsed   |        ETA   |
----------------------------------------------------------------------------------------------------
13280       |       -4951.89   |       -4953.83   |        1.93724   |   107:58:02   |   06:44:52   |
13281       |       -4948.05   |       -4952.05   |        4.00391   |   108:00:15   |   06:44:29   |
13282       |        -4949.1   |       -4951.09   |        1.99174   |   108:02:31   |   06:44:07   |
13283       |          -4950   |       -4951.97   |         1.9709   |   108:04:57   |   06:43:45   |
13284       |          -4950   |       -4951.97   |         1.9709   |   108:07:32   |   06:43:23   |
13285       |       -4948.62   |        -4951.6   |        2.97989   |   108:09:52   |   06:43:01   |
13286       |       -4950.24   |       -4953.32   |        3.08563   |   108:12:06   |   06:42:38   |
13287       |       -4952.19   |       -4956.97   |        4.77368   |   108:14:25   |   06:42:15   |
13288       |       -4950.44   |       -4958.53   |        8.08926   |   108:16:46   |   06:41:53   |
13289       |       -4950.44   |       -4958.53   |        8.08926   |   108:19:12   |   06:41:31   |
13290       |       -4951.16   |       -4959.27   |        8.10718   |   108:21:34   |   06:41:09   |
13291       |       -4951.31   |       -4960.91   |        9.59988   |   108:23:51   |   06:40:46   |
13292       |       -4951.42   |       -4961.27   |         9.8481   |   108:26:09   |   06:40:23   |
13293       |       -4951.27   |       -4960.85   |        9.57852   |   108:28:31   |   06:40:01   |
13294       |        -4952.1   |       -4961.93   |        9.83157   |   108:30:49   |   06:39:38   |
13295       |        -4952.1   |       -4961.93   |        9.83157   |   108:33:14   |   06:39:16   |
13296       |        -4952.1   |       -4961.93   |        9.83157   |   108:35:42   |   06:38:54   |
13297       |        -4952.1   |       -4961.93   |        9.83157   |   108:38:10   |   06:38:31   |
13298       |        -4952.1   |       -4961.93   |        9.83157   |   108:40:36   |   06:38:09   |
13299       |       -4948.39   |       -4956.54   |        8.15316   |   108:42:54   |   06:37:46   |


Iter        |      Posterior   |     Likelihood   |          Prior   |    elapsed   |        ETA   |
----------------------------------------------------------------------------------------------------
13300       |        -4945.9   |       -4950.14   |        4.23948   |   108:45:15   |   06:37:24   |
13301       |        -4945.9   |       -4950.14   |        4.23948   |   108:47:48   |   06:37:02   |
13302       |        -4945.9   |       -4950.14   |        4.23948   |   108:50:18   |   06:36:40   |
13303       |       -4946.57   |       -4949.91   |        3.33219   |   108:52:38   |   06:36:17   |
13304       |       -4945.63   |       -4951.17   |        5.54337   |   108:54:58   |   06:35:54   |
13305       |       -4945.63   |       -4951.17   |        5.54337   |   108:57:25   |   06:35:32   |
13306       |       -4944.77   |       -4948.75   |        3.98034   |   108:59:53   |   06:35:09   |
13307       |       -4944.12   |       -4949.28   |        5.15185   |   109:02:15   |   06:34:47   |
13308       |       -4947.39   |       -4949.95   |        2.55981   |   109:04:32   |   06:34:24   |
13309       |          -4946   |       -4953.15   |        7.14922   |   109:06:59   |   06:34:01   |
13310       |       -4944.33   |       -4950.72   |        6.39371   |   109:09:13   |   06:33:38   |
13311       |       -4946.11   |       -4951.94   |        5.82498   |   109:11:30   |   06:33:15   |
13312       |       -4945.98   |       -4951.74   |        5.76237   |   109:13:47   |   06:32:52   |
13313       |       -4948.35   |       -4950.46   |         2.1138   |   109:16:05   |   06:32:29   |
13314       |       -4949.19   |       -4954.92   |        5.72244   |   109:18:31   |   06:32:06   |
13315       |       -4947.52   |       -4951.84   |        4.31679   |   109:20:57   |   06:31:44   |
13316       |       -4949.59   |       -4950.32   |       0.736577   |   109:23:19   |   06:31:21   |
13317       |       -4949.06   |       -4951.69   |        2.62832   |   109:25:39   |   06:30:58   |
13318       |       -4951.41   |       -4953.62   |         2.2094   |   109:27:56   |   06:30:35   |
13319       |       -4950.66   |       -4951.97   |        1.30671   |   109:30:25   |   06:30:12   |


Iter        |      Posterior   |     Likelihood   |          Prior   |    elapsed   |        ETA   |
----------------------------------------------------------------------------------------------------
13320       |       -4949.25   |       -4951.86   |        2.61304   |   109:32:36   |   06:29:48   |
13321       |       -4948.95   |        -4952.4   |        3.44719   |   109:34:56   |   06:29:25   |
13322       |       -4947.09   |       -4949.83   |        2.74255   |   109:37:09   |   06:29:02   |
13323       |        -4946.8   |       -4947.68   |       0.882014   |   109:39:36   |   06:28:39   |
13324       |       -4946.66   |       -4946.91   |       0.255638   |   109:41:58   |   06:28:16   |
13325       |       -4946.46   |       -4947.85   |        1.38701   |   109:44:21   |   06:27:53   |
13326       |       -4947.23   |       -4949.48   |        2.24845   |   109:46:36   |   06:27:30   |
13327       |       -4948.73   |       -4948.56   |      -0.166396   |   109:48:59   |   06:27:07   |
13328       |       -4949.21   |       -4949.96   |       0.756349   |   109:51:27   |   06:26:44   |
13329       |       -4946.91   |       -4945.83   |       -1.07854   |   109:53:50   |   06:26:21   |
13330       |        -4949.5   |       -4948.97   |      -0.532714   |   109:56:05   |   06:25:58   |
13331       |       -4950.94   |       -4948.72   |       -2.21643   |   109:58:27   |   06:25:34   |
13332       |        -4948.9   |       -4948.74   |      -0.154907   |   110:00:46   |   06:25:11   |
13333       |       -4948.34   |       -4947.84   |      -0.504916   |   110:02:59   |   06:24:47   |
13334       |       -4949.76   |       -4947.51   |       -2.25127   |   110:05:13   |   06:24:24   |
13335       |       -4948.58   |       -4950.01   |        1.42457   |   110:07:15   |   06:23:59   |
13336       |       -4946.82   |       -4946.46   |      -0.357212   |   110:09:24   |   06:23:35   |
13337       |       -4946.86   |       -4949.96   |        3.10445   |   110:11:42   |   06:23:12   |
13338       |       -4946.75   |       -4951.29   |        4.53888   |   110:13:50   |   06:22:48   |
13339       |       -4946.19   |       -4948.42   |        2.22837   |   110:16:04   |   06:22:24   |


Iter        |      Posterior   |     Likelihood   |          Prior   |    elapsed   |        ETA   |
----------------------------------------------------------------------------------------------------
13340       |        -4945.3   |       -4947.89   |        2.59089   |   110:18:12   |   06:22:00   |
13341       |       -4945.41   |       -4948.04   |        2.62623   |   110:20:31   |   06:21:37   |
13342       |        -4947.4   |       -4948.64   |        1.24716   |   110:22:47   |   06:21:13   |
13343       |       -4947.42   |        -4948.5   |        1.07179   |   110:25:10   |   06:20:50   |
13344       |        -4947.5   |       -4947.36   |      -0.135713   |   110:27:23   |   06:20:26   |
13345       |        -4947.7   |       -4947.83   |       0.128064   |   110:29:39   |   06:20:02   |
13346       |       -4947.48   |       -4947.78   |       0.298416   |   110:32:04   |   06:19:39   |
13347       |        -4946.4   |       -4948.58   |        2.18344   |   110:34:16   |   06:19:15   |
13348       |        -4945.9   |       -4948.74   |        2.83063   |   110:36:33   |   06:18:51   |
13349       |       -4944.89   |       -4947.84   |        2.95518   |   110:38:48   |   06:18:27   |
13350       |       -4946.38   |       -4947.85   |        1.46783   |   110:40:57   |   06:18:03   |
13351       |       -4943.93   |       -4947.94   |        4.00443   |   110:43:12   |   06:17:39   |
13352       |       -4944.27   |       -4946.06   |        1.78738   |   110:45:33   |   06:17:16   |
13353       |       -4944.27   |       -4946.06   |        1.78738   |   110:47:52   |   06:16:52   |
13354       |       -4946.18   |       -4949.97   |        3.78305   |   110:50:05   |   06:16:28   |
13355       |       -4946.34   |        -4946.4   |      0.0605428   |   110:52:25   |   06:16:04   |
13356       |       -4948.88   |       -4943.69   |       -5.18654   |   110:54:41   |   06:15:41   |
13357       |       -4947.25   |       -4942.83   |       -4.42295   |   110:57:03   |   06:15:17   |
13358       |       -4947.28   |       -4942.09   |       -5.18743   |   110:59:28   |   06:14:54   |
13359       |       -4947.36   |       -4944.16   |       -3.20356   |   111:01:52   |   06:14:30   |


Iter        |      Posterior   |     Likelihood   |          Prior   |    elapsed   |        ETA   |
----------------------------------------------------------------------------------------------------
13360       |       -4945.52   |       -4946.99   |        1.47051   |   111:04:10   |   06:14:06   |
13361       |       -4944.24   |       -4945.93   |        1.68989   |   111:06:23   |   06:13:42   |
13362       |       -4946.77   |       -4949.94   |        3.16775   |   111:08:28   |   06:13:17   |
13363       |       -4946.15   |        -4945.2   |      -0.950402   |   111:10:43   |   06:12:53   |
13364       |        -4946.5   |       -4948.91   |        2.40508   |   111:13:01   |   06:12:29   |
13365       |       -4948.59   |       -4945.57   |       -3.02023   |   111:15:19   |   06:12:05   |
13366       |       -4948.09   |       -4946.72   |       -1.36834   |   111:17:39   |   06:11:42   |
13367       |       -4946.15   |       -4947.79   |        1.63876   |   111:19:53   |   06:11:17   |
13368       |       -4945.16   |       -4948.19   |        3.02481   |   111:22:09   |   06:10:53   |
13369       |       -4944.83   |       -4947.83   |        3.00533   |   111:24:25   |   06:10:29   |
13370       |       -4945.35   |       -4948.58   |         3.2316   |   111:26:45   |   06:10:05   |
13371       |       -4951.61   |       -4957.42   |        5.81063   |   111:28:54   |   06:09:41   |
13372       |       -4952.97   |        -4958.7   |        5.72848   |   111:31:04   |   06:09:16   |
13373       |       -4952.97   |        -4958.7   |        5.72848   |   111:33:27   |   06:08:52   |
13374       |       -4950.83   |       -4956.54   |        5.71586   |   111:35:43   |   06:08:28   |
13375       |       -4947.16   |       -4948.22   |        1.06273   |   111:37:55   |   06:08:04   |
13376       |       -4951.04   |       -4950.97   |      -0.072925   |   111:40:09   |   06:07:40   |
13377       |        -4949.9   |       -4949.25   |      -0.649629   |   111:42:24   |   06:07:15   |
13378       |       -4948.58   |       -4952.14   |        3.56602   |   111:44:47   |   06:06:51   |
13379       |       -4948.61   |       -4952.42   |         3.8039   |   111:46:58   |   06:06:27   |


Iter        |      Posterior   |     Likelihood   |          Prior   |    elapsed   |        ETA   |
----------------------------------------------------------------------------------------------------
13380       |       -4949.15   |       -4953.79   |        4.63535   |   111:49:14   |   06:06:02   |
13381       |       -4948.54   |       -4951.66   |        3.11799   |   111:51:30   |   06:05:38   |
13382       |       -4949.56   |       -4950.57   |        1.00915   |   111:53:47   |   06:05:14   |
13383       |       -4947.77   |       -4950.84   |        3.06514   |   111:56:04   |   06:04:50   |
13384       |        -4949.6   |       -4951.14   |        1.53933   |   111:58:18   |   06:04:25   |
13385       |       -4948.73   |       -4950.86   |        2.12653   |   112:00:35   |   06:04:01   |
13386       |       -4950.35   |       -4951.98   |        1.63477   |   112:02:48   |   06:03:36   |
13387       |       -4951.74   |        -4953.3   |        1.56125   |   112:04:58   |   06:03:11   |
13388       |       -4952.46   |       -4956.26   |        3.80129   |   112:07:10   |   06:02:47   |
13389       |       -4952.39   |       -4956.91   |        4.52427   |   112:09:19   |   06:02:22   |
13390       |       -4950.43   |        -4953.1   |        2.66811   |   112:11:28   |   06:01:57   |
13391       |        -4952.5   |       -4956.35   |        3.84823   |   112:13:38   |   06:01:32   |
13392       |       -4951.68   |        -4955.4   |        3.72779   |   112:15:56   |   06:01:08   |
13393       |       -4956.13   |       -4958.94   |        2.81321   |   112:18:05   |   06:00:43   |
13394       |       -4950.51   |       -4954.73   |        4.22014   |   112:20:25   |   06:00:19   |
13395       |       -4950.51   |       -4954.73   |        4.22014   |   112:22:46   |   05:59:54   |
13396       |       -4950.51   |       -4954.73   |        4.22014   |   112:25:08   |   05:59:30   |
13397       |        -4951.6   |       -4956.41   |        4.80211   |   112:27:27   |   05:59:06   |
13398       |       -4952.05   |       -4955.67   |        3.61807   |   112:29:47   |   05:58:41   |
13399       |       -4950.93   |        -4955.1   |         4.1688   |   112:32:03   |   05:58:17   |


Iter        |      Posterior   |     Likelihood   |          Prior   |    elapsed   |        ETA   |
----------------------------------------------------------------------------------------------------
13400       |       -4950.17   |       -4953.43   |        3.26477   |   112:34:18   |   05:57:52   |
13401       |       -4950.17   |       -4953.43   |        3.26477   |   112:36:42   |   05:57:28   |
13402       |       -4950.17   |       -4953.43   |        3.26477   |   112:39:12   |   05:57:04   |
13403       |       -4951.16   |       -4954.14   |        2.97179   |   112:41:31   |   05:56:39   |
13404       |       -4951.16   |       -4954.14   |        2.97179   |   112:44:01   |   05:56:15   |
13405       |       -4951.37   |        -4957.1   |        5.72948   |   112:46:24   |   05:55:51   |
13406       |       -4950.27   |       -4955.91   |        5.63904   |   112:48:49   |   05:55:27   |
13407       |       -4954.18   |       -4961.68   |        7.50086   |   112:51:05   |   05:55:02   |
13408       |          -4954   |       -4958.75   |        4.74681   |   112:53:19   |   05:54:37   |
13409       |       -4955.31   |       -4961.04   |         5.7308   |   112:55:43   |   05:54:13   |
13410       |       -4953.74   |       -4957.07   |        3.33147   |   112:57:58   |   05:53:48   |
13411       |       -4952.03   |       -4957.79   |        5.75658   |   113:00:11   |   05:53:23   |
13412       |       -4949.59   |       -4958.11   |        8.51702   |   113:02:22   |   05:52:58   |
13413       |       -4950.38   |       -4954.37   |        3.98889   |   113:04:38   |   05:52:33   |
13414       |       -4950.67   |       -4956.36   |        5.69663   |   113:06:55   |   05:52:08   |
13415       |       -4949.28   |       -4955.43   |        6.15119   |   113:09:11   |   05:51:43   |
13416       |       -4949.34   |       -4955.59   |        6.24619   |   113:11:35   |   05:51:19   |
13417       |       -4949.97   |       -4956.57   |        6.59266   |   113:13:49   |   05:50:54   |
13418       |        -4950.2   |       -4956.44   |        6.24248   |   113:16:07   |   05:50:29   |
13419       |       -4949.76   |       -4954.77   |        5.00945   |   113:18:24   |   05:50:04   |


Iter        |      Posterior   |     Likelihood   |          Prior   |    elapsed   |        ETA   |
----------------------------------------------------------------------------------------------------
13420       |       -4949.72   |       -4956.82   |        7.10857   |   113:20:43   |   05:49:39   |
13421       |       -4950.45   |       -4955.18   |        4.73407   |   113:22:54   |   05:49:14   |
13422       |       -4952.72   |       -4955.71   |        2.99847   |   113:25:08   |   05:48:49   |
13423       |       -4952.93   |       -4955.44   |        2.50207   |   113:27:29   |   05:48:24   |
13424       |       -4953.47   |       -4955.14   |        1.66295   |   113:29:48   |   05:47:59   |
13425       |       -4950.32   |        -4958.3   |        7.98832   |   113:32:02   |   05:47:34   |
13426       |       -4951.01   |       -4958.25   |        7.24663   |   113:34:18   |   05:47:09   |
13427       |       -4950.12   |       -4954.11   |        3.99622   |   113:36:42   |   05:46:44   |
13428       |       -4947.81   |       -4953.01   |         5.1947   |   113:39:05   |   05:46:20   |
13429       |        -4947.8   |        -4953.6   |         5.8073   |   113:41:27   |   05:45:55   |
13430       |       -4947.88   |       -4951.71   |        3.83213   |   113:43:44   |   05:45:30   |
13431       |       -4946.77   |       -4952.19   |        5.41481   |   113:46:10   |   05:45:05   |
13432       |       -4947.37   |       -4952.99   |        5.62086   |   113:48:26   |   05:44:40   |
13433       |       -4945.93   |       -4952.11   |        6.18076   |   113:50:46   |   05:44:15   |
13434       |       -4949.96   |       -4953.96   |        4.00326   |   113:52:59   |   05:43:50   |
13435       |       -4952.01   |       -4955.29   |        3.27784   |   113:55:23   |   05:43:25   |
13436       |       -4950.74   |       -4955.18   |        4.43956   |   113:57:42   |   05:43:00   |
13437       |       -4951.03   |       -4958.32   |        7.29111   |   114:00:04   |   05:42:35   |
13438       |       -4953.39   |       -4962.43   |        9.03763   |   114:02:12   |   05:42:09   |
13439       |       -4951.12   |       -4959.38   |        8.26042   |   114:04:27   |   05:41:44   |


Iter        |      Posterior   |     Likelihood   |          Prior   |    elapsed   |        ETA   |
----------------------------------------------------------------------------------------------------
13440       |       -4953.18   |       -4959.63   |        6.44423   |   114:06:47   |   05:41:19   |
13441       |        -4951.8   |       -4958.97   |        7.17573   |   114:09:03   |   05:40:53   |
13442       |       -4949.44   |       -4956.23   |        6.79347   |   114:11:26   |   05:40:28   |
13443       |       -4949.17   |       -4956.57   |        7.39724   |   114:13:38   |   05:40:03   |
13444       |       -4949.83   |       -4955.03   |        5.19031   |   114:15:57   |   05:39:38   |
13445       |       -4947.93   |        -4956.4   |        8.47396   |   114:18:14   |   05:39:12   |
13446       |       -4948.07   |       -4954.53   |        6.45993   |   114:20:25   |   05:38:47   |
13447       |       -4953.66   |       -4957.46   |        3.80526   |   114:22:39   |   05:38:21   |
13448       |        -4949.2   |       -4955.55   |        6.35285   |   114:24:57   |   05:37:56   |
13449       |       -4955.52   |       -4965.22   |        9.70752   |   114:27:13   |   05:37:30   |
13450       |       -4952.67   |       -4962.78   |        10.1107   |   114:29:24   |   05:37:05   |
13451       |       -4952.62   |       -4956.06   |        3.43454   |   114:31:27   |   05:36:39   |
13452       |       -4951.09   |       -4954.77   |        3.68113   |   114:33:50   |   05:36:13   |
13453       |       -4951.05   |       -4953.88   |         2.8338   |   114:36:05   |   05:35:48   |
13454       |       -4947.69   |       -4949.63   |        1.93835   |   114:38:34   |   05:35:23   |
13455       |       -4947.58   |       -4951.72   |        4.14101   |   114:40:45   |   05:34:57   |
13456       |       -4952.74   |       -4958.13   |        5.39109   |   114:43:00   |   05:34:32   |
13457       |       -4951.87   |       -4954.73   |        2.86248   |   114:45:12   |   05:34:06   |
13458       |       -4951.87   |       -4954.73   |        2.86248   |   114:47:38   |   05:33:41   |
13459       |       -4951.64   |       -4954.21   |        2.57131   |   114:49:58   |   05:33:15   |


Iter        |      Posterior   |     Likelihood   |          Prior   |    elapsed   |        ETA   |
----------------------------------------------------------------------------------------------------
13460       |       -4948.06   |       -4950.54   |        2.47478   |   114:52:24   |   05:32:50   |
13461       |       -4950.91   |       -4949.62   |       -1.29465   |   114:54:42   |   05:32:24   |
13462       |       -4949.64   |       -4952.28   |        2.63845   |   114:57:07   |   05:31:59   |
13463       |       -4949.03   |       -4951.93   |        2.89746   |   114:59:31   |   05:31:34   |
13464       |       -4949.03   |       -4951.93   |        2.89746   |   115:02:00   |   05:31:09   |
13465       |       -4949.03   |       -4951.93   |        2.89746   |   115:04:31   |   05:30:44   |
13466       |        -4948.7   |       -4949.87   |        1.17306   |   115:06:46   |   05:30:18   |
13467       |       -4950.32   |       -4953.59   |        3.27639   |   115:09:04   |   05:29:52   |
13468       |       -4950.93   |       -4955.54   |         4.6072   |   115:11:25   |   05:29:27   |
13469       |       -4950.92   |       -4955.34   |        4.42035   |   115:13:54   |   05:29:02   |
13470       |       -4950.22   |        -4955.9   |        5.67478   |   115:16:13   |   05:28:36   |
13471       |       -4951.09   |       -4956.94   |        5.84644   |   115:18:35   |   05:28:11   |
13472       |       -4950.45   |       -4955.75   |        5.30352   |   115:20:49   |   05:27:45   |
13473       |       -4948.29   |       -4954.98   |        6.69645   |   115:23:05   |   05:27:19   |
13474       |       -4950.12   |       -4957.36   |        7.24612   |   115:25:09   |   05:26:52   |
13475       |       -4948.76   |       -4952.33   |        3.56733   |   115:27:24   |   05:26:26   |
13476       |        -4954.7   |       -4956.29   |        1.58782   |   115:29:41   |   05:26:01   |
13477       |        -4954.7   |       -4956.29   |        1.58782   |   115:32:14   |   05:25:35   |
13478       |        -4951.8   |       -4956.26   |        4.45847   |   115:34:36   |   05:25:10   |
13479       |        -4957.1   |       -4958.74   |         1.6337   |   115:37:01   |   05:24:44   |


Iter        |      Posterior   |     Likelihood   |          Prior   |    elapsed   |        ETA   |
----------------------------------------------------------------------------------------------------
13480       |       -4951.63   |        -4960.2   |        8.56377   |   115:39:19   |   05:24:18   |
13481       |       -4953.83   |       -4961.13   |        7.29969   |   115:41:30   |   05:23:52   |
13482       |       -4951.21   |       -4959.48   |        8.26431   |   115:43:39   |   05:23:26   |
13483       |       -4949.51   |       -4957.74   |          8.225   |   115:45:57   |   05:23:00   |
13484       |        -4949.8   |       -4957.62   |        7.82257   |   115:48:11   |   05:22:34   |
13485       |       -4952.42   |       -4962.45   |        10.0367   |   115:50:20   |   05:22:07   |
13486       |       -4952.64   |        -4960.3   |        7.66225   |   115:52:31   |   05:21:41   |
13487       |       -4948.66   |       -4956.21   |        7.54494   |   115:54:39   |   05:21:15   |
13488       |       -4949.47   |        -4957.5   |        8.03309   |   115:56:49   |   05:20:48   |
13489       |       -4948.44   |       -4953.64   |        5.19926   |   115:59:05   |   05:20:22   |
13490       |       -4950.73   |       -4956.71   |        5.97831   |   116:01:30   |   05:19:57   |
13491       |        -4950.6   |       -4956.59   |        5.99413   |   116:03:36   |   05:19:30   |
13492       |       -4950.08   |       -4959.08   |        9.00032   |   116:05:44   |   05:19:03   |
13493       |       -4951.72   |       -4961.74   |        10.0225   |   116:07:51   |   05:18:37   |
13494       |       -4950.74   |       -4961.05   |        10.3101   |   116:10:02   |   05:18:10   |
13495       |       -4949.93   |       -4958.92   |        8.98894   |   116:12:05   |   05:17:44   |
13496       |       -4947.53   |       -4954.44   |        6.91276   |   116:14:14   |   05:17:17   |
13497       |       -4950.57   |       -4958.65   |        8.08089   |   116:16:23   |   05:16:50   |
13498       |       -4949.41   |       -4957.97   |        8.55806   |   116:18:21   |   05:16:23   |
13499       |       -4949.27   |       -4955.16   |        5.88813   |   116:20:31   |   05:15:57   |


Iter        |      Posterior   |     Likelihood   |          Prior   |    elapsed   |        ETA   |
----------------------------------------------------------------------------------------------------
13500       |       -4949.27   |       -4954.33   |        5.06156   |   116:22:40   |   05:15:30   |
13501       |       -4950.07   |       -4954.73   |        4.65703   |   116:25:02   |   05:15:04   |
13502       |       -4953.66   |       -4956.43   |         2.7739   |   116:27:07   |   05:14:37   |
13503       |       -4951.08   |       -4954.73   |          3.645   |   116:29:33   |   05:14:12   |
13504       |       -4949.26   |        -4952.3   |        3.03974   |   116:31:59   |   05:13:46   |
13505       |       -4951.63   |       -4954.74   |        3.11293   |   116:34:19   |   05:13:19   |
13506       |       -4951.27   |       -4954.48   |        3.21346   |   116:36:40   |   05:12:53   |
13507       |       -4949.87   |       -4953.28   |        3.41628   |   116:39:03   |   05:12:27   |
13508       |       -4949.78   |       -4953.89   |         4.1117   |   116:41:31   |   05:12:01   |
13509       |       -4949.75   |       -4954.42   |        4.67166   |   116:43:57   |   05:11:35   |
13510       |       -4948.39   |       -4955.39   |        6.99811   |   116:46:13   |   05:11:09   |
13511       |       -4948.52   |       -4956.83   |        8.31126   |   116:48:24   |   05:10:42   |
13512       |       -4949.37   |       -4958.53   |        9.16184   |   116:50:41   |   05:10:16   |
13513       |       -4949.84   |       -4959.07   |        9.23676   |   116:52:52   |   05:09:49   |
13514       |       -4951.44   |        -4957.8   |        6.35185   |   116:55:04   |   05:09:22   |
13515       |        -4950.6   |          -4960   |        9.40205   |   116:57:22   |   05:08:56   |
13516       |       -4951.37   |       -4959.28   |        7.90806   |   116:59:36   |   05:08:29   |
13517       |       -4950.57   |       -4958.63   |        8.05956   |   117:01:46   |   05:08:02   |
13518       |       -4949.91   |       -4954.66   |        4.75443   |   117:03:56   |   05:07:36   |
13519       |       -4951.05   |       -4955.29   |        4.23179   |   117:06:06   |   05:07:09   |


Iter        |      Posterior   |     Likelihood   |          Prior   |    elapsed   |        ETA   |
----------------------------------------------------------------------------------------------------
13520       |       -4951.76   |       -4956.38   |        4.62272   |   117:08:23   |   05:06:42   |
13521       |       -4952.43   |       -4960.95   |        8.51562   |   117:10:43   |   05:06:16   |
13522       |       -4953.52   |       -4961.51   |        7.99333   |   117:13:03   |   05:05:49   |
13523       |       -4950.86   |        -4957.9   |        7.03411   |   117:15:21   |   05:05:23   |
13524       |       -4950.96   |       -4957.53   |        6.57457   |   117:17:34   |   05:04:56   |
13525       |       -4952.53   |       -4959.22   |        6.68995   |   117:19:57   |   05:04:30   |
13526       |       -4952.85   |       -4960.38   |        7.53349   |   117:22:13   |   05:04:03   |
13527       |       -4952.49   |       -4960.01   |        7.51903   |   117:24:30   |   05:03:36   |
13528       |       -4951.23   |       -4957.47   |        6.23594   |   117:26:49   |   05:03:10   |
13529       |       -4953.36   |       -4962.47   |        9.10892   |   117:29:07   |   05:02:43   |
13530       |        -4951.6   |       -4957.94   |        6.33936   |   117:31:13   |   05:02:16   |
13531       |       -4950.04   |       -4954.94   |        4.89955   |   117:33:30   |   05:01:49   |
13532       |       -4947.48   |       -4951.96   |        4.47921   |   117:35:52   |   05:01:22   |
13533       |       -4947.99   |       -4952.35   |        4.36497   |   117:38:16   |   05:00:56   |
13534       |       -4947.99   |       -4952.35   |        4.36497   |   117:40:44   |   05:00:30   |
13535       |       -4947.99   |       -4952.35   |        4.36497   |   117:43:20   |   05:00:04   |
13536       |       -4948.74   |       -4953.42   |        4.68869   |   117:45:48   |   04:59:37   |
13537       |       -4948.79   |       -4953.48   |        4.68869   |   117:48:07   |   04:59:10   |
13538       |        -4950.1   |       -4956.04   |        5.94307   |   117:50:23   |   04:58:44   |
13539       |       -4950.65   |       -4956.05   |        5.39259   |   117:52:33   |   04:58:16   |


Iter        |      Posterior   |     Likelihood   |          Prior   |    elapsed   |        ETA   |
----------------------------------------------------------------------------------------------------
13540       |       -4949.97   |       -4956.49   |        6.51895   |   117:54:44   |   04:57:49   |
13541       |       -4951.36   |        -4954.4   |        3.04508   |   117:56:49   |   04:57:22   |
13542       |       -4953.06   |       -4957.48   |        4.41965   |   117:58:58   |   04:56:55   |
13543       |       -4952.55   |       -4957.09   |        4.54224   |   118:01:16   |   04:56:28   |
13544       |       -4952.07   |       -4956.69   |        4.61648   |   118:03:34   |   04:56:01   |
13545       |       -4951.04   |       -4954.99   |        3.94746   |   118:05:49   |   04:55:34   |
13546       |       -4951.15   |       -4953.82   |         2.6619   |   118:07:58   |   04:55:06   |
13547       |       -4950.96   |       -4954.13   |        3.16727   |   118:10:17   |   04:54:39   |
13548       |       -4949.94   |       -4954.66   |        4.71717   |   118:12:30   |   04:54:12   |
13549       |        -4952.7   |       -4954.44   |        1.74563   |   118:14:51   |   04:53:45   |
13550       |       -4951.13   |       -4957.67   |        6.54604   |   118:17:14   |   04:53:19   |
13551       |       -4950.41   |       -4957.81   |          7.397   |   118:19:23   |   04:52:51   |
13552       |        -4951.5   |        -4958.7   |        7.19968   |   118:21:39   |   04:52:24   |
13553       |       -4950.95   |       -4958.09   |        7.14398   |   118:23:54   |   04:51:57   |
13554       |       -4952.05   |       -4960.22   |        8.17008   |   118:26:04   |   04:51:29   |
13555       |       -4956.52   |       -4959.97   |        3.45663   |   118:28:24   |   04:51:02   |
13556       |       -4952.92   |       -4958.77   |        5.84437   |   118:30:45   |   04:50:35   |
13557       |       -4952.85   |       -4958.66   |        5.81172   |   118:33:01   |   04:50:08   |
13558       |       -4953.49   |       -4959.26   |        5.77132   |   118:35:19   |   04:49:41   |
13559       |       -4954.06   |       -4959.77   |        5.71516   |   118:37:36   |   04:49:14   |


Iter        |      Posterior   |     Likelihood   |          Prior   |    elapsed   |        ETA   |
----------------------------------------------------------------------------------------------------
13560       |        -4951.8   |       -4959.45   |        7.64848   |   118:39:53   |   04:48:47   |
13561       |       -4955.01   |       -4962.68   |        7.67787   |   118:42:11   |   04:48:19   |
13562       |        -4950.1   |       -4957.07   |        6.96615   |   118:44:14   |   04:47:52   |
13563       |        -4950.4   |       -4955.35   |         4.9492   |   118:46:36   |   04:47:25   |
13564       |       -4950.57   |       -4955.96   |        5.38972   |   118:48:57   |   04:46:57   |
13565       |       -4951.04   |       -4955.34   |        4.30231   |   118:51:09   |   04:46:30   |
13566       |       -4956.49   |       -4961.06   |        4.56774   |   118:53:30   |   04:46:03   |
13567       |        -4953.9   |       -4958.66   |        4.76226   |   118:55:47   |   04:45:35   |
13568       |       -4952.14   |       -4957.88   |        5.74467   |   118:58:00   |   04:45:08   |
13569       |       -4954.49   |       -4956.85   |        2.36582   |   119:00:17   |   04:44:41   |
13570       |        -4955.2   |       -4957.58   |        2.38306   |   119:02:40   |   04:44:13   |
13571       |       -4949.21   |       -4953.61   |        4.40055   |   119:04:59   |   04:43:46   |
13572       |       -4949.86   |       -4953.37   |        3.50818   |   119:07:26   |   04:43:19   |
13573       |        -4948.6   |       -4952.98   |        4.37807   |   119:09:42   |   04:42:52   |
13574       |       -4950.17   |       -4953.46   |        3.28681   |   119:12:07   |   04:42:25   |
13575       |        -4949.7   |       -4952.92   |        3.22123   |   119:14:34   |   04:41:57   |
13576       |       -4951.68   |       -4954.03   |        2.35186   |   119:16:55   |   04:41:30   |
13577       |       -4952.23   |       -4953.58   |        1.34829   |   119:19:21   |   04:41:03   |
13578       |       -4955.86   |       -4953.97   |       -1.88498   |   119:21:45   |   04:40:36   |
13579       |       -4952.57   |       -4954.87   |        2.30376   |   119:24:13   |   04:40:09   |


Iter        |      Posterior   |     Likelihood   |          Prior   |    elapsed   |        ETA   |
----------------------------------------------------------------------------------------------------
13580       |       -4951.55   |       -4953.36   |        1.80539   |   119:26:31   |   04:39:41   |
13581       |       -4951.83   |       -4951.32   |      -0.511289   |   119:28:56   |   04:39:14   |
13582       |       -4953.22   |       -4951.53   |       -1.69879   |   119:31:24   |   04:38:47   |
13583       |       -4950.38   |       -4951.25   |       0.874951   |   119:33:52   |   04:38:20   |
13584       |       -4950.38   |       -4951.25   |       0.874951   |   119:36:28   |   04:37:53   |
13585       |       -4950.41   |       -4953.89   |        3.48064   |   119:38:58   |   04:37:26   |
13586       |       -4953.87   |       -4953.15   |       -0.71927   |   119:41:27   |   04:36:58   |
13587       |       -4952.47   |       -4953.27   |        0.80181   |   119:43:44   |   04:36:31   |
13588       |       -4951.77   |       -4953.27   |        1.50139   |   119:46:13   |   04:36:04   |
13589       |       -4951.37   |       -4953.53   |        2.15352   |   119:48:30   |   04:35:36   |
13590       |       -4949.39   |       -4953.64   |         4.2504   |   119:50:47   |   04:35:08   |
13591       |       -4954.66   |       -4960.53   |        5.87953   |   119:53:00   |   04:34:40   |
13592       |       -4952.09   |       -4957.76   |        5.66641   |   119:55:22   |   04:34:13   |
13593       |       -4953.12   |        -4962.2   |        9.08045   |   119:57:40   |   04:33:45   |
13594       |       -4954.27   |       -4962.85   |        8.57923   |   119:59:51   |   04:33:17   |
13595       |       -4954.69   |       -4963.37   |        8.67472   |   120:02:01   |   04:32:49   |
13596       |       -4958.89   |       -4966.99   |        8.10045   |   120:04:17   |   04:32:21   |
13597       |       -4958.89   |       -4966.99   |        8.10045   |   120:06:38   |   04:31:53   |
13598       |       -4958.89   |       -4966.99   |        8.10045   |   120:09:00   |   04:31:26   |
13599       |       -4958.59   |       -4963.65   |        5.05652   |   120:11:20   |   04:30:58   |


Iter        |      Posterior   |     Likelihood   |          Prior   |    elapsed   |        ETA   |
----------------------------------------------------------------------------------------------------
13600       |       -4956.85   |        -4962.3   |        5.44823   |   120:13:43   |   04:30:30   |
13601       |       -4956.99   |       -4962.78   |        5.79323   |   120:16:09   |   04:30:03   |
13602       |       -4956.44   |       -4962.98   |        6.54632   |   120:18:26   |   04:29:35   |
13603       |       -4954.28   |       -4959.88   |        5.60189   |   120:20:42   |   04:29:07   |
13604       |       -4954.72   |       -4958.66   |        3.94611   |   120:22:50   |   04:28:39   |
13605       |       -4957.74   |       -4958.95   |        1.20763   |   120:25:06   |   04:28:11   |
13606       |       -4958.74   |       -4956.63   |       -2.11639   |   120:27:34   |   04:27:43   |
13607       |       -4956.87   |       -4955.18   |       -1.69091   |   120:29:51   |   04:27:15   |
13608       |       -4956.98   |       -4956.25   |      -0.728357   |   120:32:12   |   04:26:47   |
13609       |       -4957.55   |       -4958.36   |       0.810179   |   120:34:25   |   04:26:19   |
13610       |       -4955.11   |       -4956.52   |        1.40816   |   120:36:45   |   04:25:51   |
13611       |       -4954.59   |       -4956.56   |        1.97065   |   120:39:11   |   04:25:23   |
13612       |       -4955.27   |       -4957.08   |        1.81132   |   120:41:34   |   04:24:56   |
13613       |       -4950.67   |       -4953.75   |        3.07874   |   120:43:51   |   04:24:28   |
13614       |       -4949.26   |       -4952.41   |        3.15565   |   120:46:14   |   04:24:00   |
13615       |       -4952.18   |       -4955.77   |        3.59306   |   120:48:24   |   04:23:31   |
13616       |       -4950.66   |       -4954.71   |        4.05112   |   120:50:51   |   04:23:04   |
13617       |       -4950.52   |       -4953.37   |        2.85117   |   120:52:59   |   04:22:35   |
13618       |       -4949.87   |        -4954.2   |        4.32336   |   120:55:11   |   04:22:07   |
13619       |       -4951.33   |       -4953.84   |        2.50745   |   120:57:22   |   04:21:38   |


Iter        |      Posterior   |     Likelihood   |          Prior   |    elapsed   |        ETA   |
----------------------------------------------------------------------------------------------------
13620       |       -4950.59   |       -4955.76   |        5.17416   |   120:59:40   |   04:21:10   |
13621       |       -4950.09   |       -4955.69   |        5.59719   |   121:02:05   |   04:20:42   |
13622       |       -4950.02   |       -4955.66   |        5.64169   |   121:04:24   |   04:20:14   |
13623       |          -4952   |       -4958.18   |        6.17949   |   121:06:35   |   04:19:46   |
13624       |        -4952.4   |       -4959.84   |        7.44433   |   121:08:49   |   04:19:17   |
13625       |       -4951.68   |       -4959.78   |        8.09586   |   121:10:55   |   04:18:49   |
13626       |       -4952.14   |       -4960.19   |        8.05357   |   121:12:55   |   04:18:20   |
13627       |       -4952.38   |       -4959.19   |        6.81182   |   121:15:08   |   04:17:51   |
13628       |       -4952.52   |       -4960.58   |        8.05851   |   121:17:20   |   04:17:23   |
13629       |       -4951.05   |       -4956.86   |        5.81705   |   121:19:26   |   04:16:54   |
13630       |       -4951.25   |       -4956.75   |        5.49535   |   121:21:36   |   04:16:25   |
13631       |       -4952.81   |       -4959.25   |         6.4424   |   121:23:42   |   04:15:57   |
13632       |       -4952.15   |       -4956.79   |        4.64372   |   121:25:48   |   04:15:28   |
13633       |       -4951.61   |       -4957.53   |        5.91868   |   121:28:01   |   04:14:59   |
13634       |       -4957.74   |       -4957.18   |      -0.562163   |   121:30:13   |   04:14:31   |
13635       |       -4958.37   |       -4957.85   |      -0.518981   |   121:32:29   |   04:14:02   |
13636       |       -4958.37   |       -4957.85   |      -0.518981   |   121:34:54   |   04:13:34   |
13637       |       -4958.26   |       -4957.19   |       -1.07134   |   121:37:09   |   04:13:06   |
13638       |       -4958.77   |        -4957.7   |       -1.06831   |   121:39:30   |   04:12:37   |
13639       |        -4957.5   |       -4956.15   |        -1.3526   |   121:41:51   |   04:12:09   |


Iter        |      Posterior   |     Likelihood   |          Prior   |    elapsed   |        ETA   |
----------------------------------------------------------------------------------------------------
13640       |       -4957.17   |       -4955.46   |       -1.71251   |   121:44:12   |   04:11:41   |
13641       |       -4953.36   |       -4955.17   |        1.81072   |   121:46:29   |   04:11:12   |
13642       |       -4958.27   |       -4962.97   |        4.69812   |   121:48:49   |   04:10:44   |
13643       |       -4954.91   |       -4959.57   |        4.66031   |   121:50:52   |   04:10:15   |
13644       |       -4954.88   |       -4961.28   |        6.39678   |   121:53:07   |   04:09:46   |
13645       |       -4954.91   |       -4960.66   |        5.74694   |   121:55:13   |   04:09:17   |
13646       |       -4956.26   |       -4962.54   |        6.27354   |   121:57:19   |   04:08:48   |
13647       |       -4955.08   |       -4960.62   |        5.54696   |   121:59:28   |   04:08:19   |
13648       |       -4954.05   |       -4958.83   |         4.7803   |   122:01:35   |   04:07:50   |
13649       |       -4954.65   |       -4959.17   |        4.52733   |   122:03:45   |   04:07:21   |
13650       |       -4955.96   |       -4960.78   |        4.81608   |   122:06:02   |   04:06:53   |
13651       |        -4954.9   |       -4961.24   |        6.33947   |   122:08:17   |   04:06:24   |
13652       |       -4953.98   |       -4960.92   |        6.94557   |   122:10:35   |   04:05:55   |
13653       |       -4953.91   |       -4961.59   |        7.67559   |   122:12:49   |   04:05:26   |
13654       |       -4953.91   |       -4961.59   |        7.67559   |   122:15:10   |   04:04:58   |
13655       |       -4956.05   |       -4964.77   |         8.7125   |   122:17:16   |   04:04:29   |
13656       |       -4955.05   |       -4960.72   |        5.67785   |   122:19:30   |   04:04:00   |
13657       |       -4953.83   |       -4955.43   |        1.60067   |   122:21:41   |   04:03:31   |
13658       |       -4950.61   |       -4954.83   |        4.21779   |   122:23:51   |   04:03:02   |
13659       |       -4952.24   |        -4955.2   |        2.95767   |   122:26:02   |   04:02:33   |


Iter        |      Posterior   |     Likelihood   |          Prior   |    elapsed   |        ETA   |
----------------------------------------------------------------------------------------------------
13660       |        -4953.2   |       -4953.76   |       0.559095   |   122:28:17   |   04:02:04   |
13661       |       -4950.51   |       -4950.86   |       0.353325   |   122:30:37   |   04:01:35   |
13662       |        -4953.9   |       -4952.54   |       -1.36113   |   122:32:51   |   04:01:06   |
13663       |       -4952.52   |       -4952.01   |      -0.515458   |   122:35:19   |   04:00:38   |
13664       |       -4951.61   |       -4953.47   |        1.85278   |   122:37:42   |   04:00:09   |
13665       |       -4953.71   |       -4954.75   |        1.04164   |   122:40:06   |   03:59:40   |
13666       |       -4955.43   |       -4955.11   |      -0.320681   |   122:42:34   |   03:59:12   |
13667       |       -4958.54   |       -4958.29   |      -0.258942   |   122:44:53   |   03:58:43   |
13668       |       -4951.88   |       -4952.37   |       0.488857   |   122:47:07   |   03:58:14   |
13669       |       -4952.31   |       -4955.36   |        3.04872   |   122:49:23   |   03:57:45   |
13670       |       -4952.31   |       -4955.36   |        3.04872   |   122:51:42   |   03:57:16   |
13671       |       -4952.31   |       -4955.36   |        3.04872   |   122:53:59   |   03:56:47   |
13672       |       -4952.51   |       -4953.04   |       0.533801   |   122:56:23   |   03:56:18   |
13673       |       -4953.36   |       -4953.68   |        0.31284   |   122:58:43   |   03:55:49   |
13674       |       -4956.59   |       -4959.13   |        2.53874   |   123:01:02   |   03:55:20   |
13675       |       -4958.28   |       -4958.44   |       0.161698   |   123:03:20   |   03:54:51   |
13676       |       -4958.18   |       -4958.31   |       0.136026   |   123:05:42   |   03:54:22   |
13677       |          -4960   |       -4960.12   |       0.118208   |   123:08:04   |   03:53:53   |
13678       |        -4955.5   |       -4957.67   |        2.17275   |   123:10:22   |   03:53:24   |
13679       |       -4955.68   |       -4956.27   |       0.588738   |   123:12:35   |   03:52:55   |


Iter        |      Posterior   |     Likelihood   |          Prior   |    elapsed   |        ETA   |
----------------------------------------------------------------------------------------------------
13680       |       -4959.13   |       -4963.65   |         4.5198   |   123:14:52   |   03:52:26   |
13681       |       -4958.68   |       -4962.67   |        3.98989   |   123:17:07   |   03:51:57   |
13682       |          -4956   |       -4956.64   |       0.640698   |   123:19:21   |   03:51:27   |
13683       |       -4954.28   |       -4956.12   |        1.83808   |   123:21:26   |   03:50:58   |
13684       |        -4954.4   |        -4955.8   |        1.39956   |   123:23:39   |   03:50:29   |
13685       |       -4956.09   |       -4957.58   |         1.4899   |   123:25:53   |   03:49:59   |
13686       |       -4951.53   |       -4952.43   |       0.901329   |   123:28:08   |   03:49:30   |
13687       |       -4952.88   |       -4952.16   |      -0.720613   |   123:30:27   |   03:49:01   |
13688       |       -4953.34   |       -4951.63   |       -1.70124   |   123:32:44   |   03:48:32   |
13689       |       -4953.87   |       -4953.34   |      -0.537418   |   123:35:09   |   03:48:03   |
13690       |       -4952.82   |       -4953.44   |       0.614915   |   123:37:21   |   03:47:33   |
13691       |        -4951.8   |        -4956.9   |        5.09211   |   123:39:36   |   03:47:04   |
13692       |       -4951.89   |       -4954.25   |        2.36587   |   123:41:54   |   03:46:34   |
13693       |       -4950.78   |       -4956.25   |          5.466   |   123:44:11   |   03:46:05   |
13694       |       -4951.97   |       -4959.12   |        7.14789   |   123:46:24   |   03:45:36   |
13695       |       -4952.26   |       -4959.36   |        7.09865   |   123:48:46   |   03:45:06   |
13696       |       -4949.58   |       -4956.27   |        6.68935   |   123:51:00   |   03:44:37   |
13697       |       -4950.35   |       -4956.91   |        6.56309   |   123:53:17   |   03:44:07   |
13698       |       -4951.39   |          -4957   |        5.61163   |   123:55:28   |   03:43:38   |
13699       |       -4950.05   |       -4957.62   |         7.5689   |   123:57:44   |   03:43:08   |


Iter        |      Posterior   |     Likelihood   |          Prior   |    elapsed   |        ETA   |
----------------------------------------------------------------------------------------------------
13700       |       -4952.83   |       -4956.42   |        3.58539   |   123:59:52   |   03:42:39   |
13701       |        -4954.6   |       -4959.86   |        5.26372   |   124:02:09   |   03:42:09   |
13702       |       -4952.82   |       -4957.21   |        4.39088   |   124:04:28   |   03:41:40   |
13703       |       -4952.82   |       -4957.21   |        4.39088   |   124:06:51   |   03:41:10   |
13704       |       -4951.06   |       -4956.05   |        4.99167   |   124:09:13   |   03:40:41   |
13705       |       -4951.25   |       -4956.71   |        5.45703   |   124:11:30   |   03:40:12   |
13706       |       -4953.05   |       -4958.98   |        5.92485   |   124:13:44   |   03:39:42   |
13707       |        -4952.6   |       -4957.28   |        4.68193   |   124:15:56   |   03:39:12   |
13708       |       -4955.17   |       -4961.05   |        5.88219   |   124:18:07   |   03:38:42   |
13709       |       -4954.38   |       -4960.53   |         6.1523   |   124:20:22   |   03:38:13   |
13710       |       -4954.55   |       -4961.99   |        7.43825   |   124:22:34   |   03:37:43   |
13711       |       -4952.69   |       -4956.23   |        3.54188   |   124:24:47   |   03:37:13   |
13712       |       -4956.56   |       -4961.54   |        4.98278   |   124:27:08   |   03:36:44   |
13713       |       -4952.27   |       -4955.99   |        3.72346   |   124:29:31   |   03:36:14   |
13714       |       -4950.43   |       -4954.73   |        4.29891   |   124:31:48   |   03:35:45   |
13715       |       -4950.48   |       -4950.86   |       0.377452   |   124:34:02   |   03:35:15   |
13716       |       -4952.02   |       -4953.47   |        1.44833   |   124:36:19   |   03:34:45   |
13717       |       -4948.55   |        -4950.2   |        1.64532   |   124:38:40   |   03:34:16   |
13718       |          -4950   |       -4951.64   |        1.64351   |   124:41:03   |   03:33:46   |
13719       |          -4950   |       -4951.64   |        1.64351   |   124:43:33   |   03:33:17   |


Iter        |      Posterior   |     Likelihood   |          Prior   |    elapsed   |        ETA   |
----------------------------------------------------------------------------------------------------
13720       |          -4950   |       -4951.64   |        1.64351   |   124:46:02   |   03:32:47   |
13721       |          -4950   |       -4951.64   |        1.64351   |   124:48:24   |   03:32:18   |
13722       |          -4950   |       -4951.64   |        1.64351   |   124:50:43   |   03:31:48   |
13723       |          -4950   |       -4951.64   |        1.64351   |   124:53:10   |   03:31:18   |
13724       |          -4950   |       -4951.64   |        1.64351   |   124:55:39   |   03:30:49   |
13725       |       -4949.17   |       -4951.72   |        2.54473   |   124:58:05   |   03:30:19   |
13726       |       -4949.17   |       -4951.72   |        2.54473   |   125:00:25   |   03:29:49   |
13727       |       -4949.17   |       -4951.72   |        2.54473   |   125:02:48   |   03:29:20   |
13728       |       -4949.17   |       -4951.72   |        2.54473   |   125:05:12   |   03:28:50   |
13729       |       -4949.74   |       -4952.28   |        2.54473   |   125:07:30   |   03:28:20   |
13730       |       -4949.74   |       -4952.28   |        2.54473   |   125:09:59   |   03:27:51   |
13731       |       -4949.74   |       -4952.28   |        2.54473   |   125:12:21   |   03:27:21   |
13732       |       -4949.74   |       -4952.28   |        2.54473   |   125:14:45   |   03:26:51   |
13733       |       -4949.74   |       -4952.28   |        2.54473   |   125:17:11   |   03:26:21   |
13734       |       -4949.74   |       -4952.28   |        2.54473   |   125:19:34   |   03:25:51   |
13735       |       -4949.74   |       -4952.28   |        2.54473   |   125:21:58   |   03:25:22   |
13736       |       -4949.74   |       -4952.28   |        2.54473   |   125:24:15   |   03:24:52   |
13737       |       -4949.21   |       -4951.28   |        2.07202   |   125:26:39   |   03:24:22   |
13738       |       -4949.24   |        -4951.4   |        2.16386   |   125:29:02   |   03:23:52   |
13739       |       -4949.24   |        -4951.4   |        2.16386   |   125:31:18   |   03:23:22   |


Iter        |      Posterior   |     Likelihood   |          Prior   |    elapsed   |        ETA   |
----------------------------------------------------------------------------------------------------
13740       |       -4949.24   |        -4951.4   |        2.16386   |   125:33:45   |   03:22:52   |
13741       |       -4949.24   |        -4951.4   |        2.16386   |   125:36:10   |   03:22:22   |
13742       |       -4949.24   |        -4951.4   |        2.16386   |   125:38:36   |   03:21:52   |
13743       |       -4949.07   |       -4951.24   |        2.16386   |   125:41:01   |   03:21:22   |
13744       |       -4947.99   |       -4950.08   |         2.0926   |   125:43:25   |   03:20:52   |
13745       |       -4947.99   |       -4950.08   |         2.0926   |   125:45:47   |   03:20:22   |
13746       |       -4947.99   |       -4950.08   |         2.0926   |   125:48:13   |   03:19:52   |
13747       |       -4947.99   |       -4950.08   |         2.0926   |   125:50:38   |   03:19:22   |
13748       |       -4947.99   |       -4950.08   |         2.0926   |   125:53:03   |   03:18:52   |
13749       |       -4947.99   |       -4950.08   |         2.0926   |   125:55:31   |   03:18:22   |
13750       |       -4947.99   |       -4950.08   |         2.0926   |   125:57:59   |   03:17:52   |
13751       |       -4947.99   |       -4950.08   |         2.0926   |   126:00:21   |   03:17:22   |
13752       |       -4947.99   |       -4950.08   |         2.0926   |   126:02:47   |   03:16:52   |
13753       |       -4947.99   |       -4950.08   |         2.0926   |   126:05:08   |   03:16:22   |
13754       |       -4948.63   |       -4950.72   |         2.0926   |   126:07:36   |   03:15:52   |
13755       |       -4948.63   |       -4950.72   |         2.0926   |   126:10:05   |   03:15:22   |
13756       |       -4948.63   |       -4950.72   |         2.0926   |   126:12:25   |   03:14:52   |
13757       |       -4948.63   |       -4950.72   |         2.0926   |   126:14:49   |   03:14:22   |
13758       |       -4948.63   |       -4950.72   |         2.0926   |   126:17:11   |   03:13:51   |
13759       |       -4951.41   |        -4954.5   |        3.09018   |   126:19:34   |   03:13:21   |


Iter        |      Posterior   |     Likelihood   |          Prior   |    elapsed   |        ETA   |
----------------------------------------------------------------------------------------------------
13760       |       -4947.09   |       -4949.34   |        2.24326   |   126:21:48   |   03:12:51   |
13761       |       -4947.33   |        -4950.8   |        3.46526   |   126:24:06   |   03:12:20   |
13762       |       -4950.65   |       -4955.38   |        4.73089   |   126:26:25   |   03:11:50   |
13763       |       -4949.97   |       -4952.93   |        2.95953   |   126:28:41   |   03:11:19   |
13764       |       -4954.14   |       -4954.29   |       0.143787   |   126:31:02   |   03:10:49   |
13765       |        -4954.6   |       -4955.63   |        1.02896   |   126:33:14   |   03:10:18   |
13766       |       -4950.94   |       -4953.99   |        3.04537   |   126:35:29   |   03:09:48   |
13767       |        -4949.8   |       -4952.73   |        2.93102   |   126:37:52   |   03:09:17   |
13768       |       -4952.05   |       -4951.99   |     -0.0538268   |   126:40:18   |   03:08:47   |
13769       |       -4949.91   |       -4953.41   |        3.49934   |   126:42:38   |   03:08:17   |
13770       |       -4949.36   |       -4953.49   |        4.13409   |   126:44:52   |   03:07:46   |
13771       |        -4951.5   |       -4955.24   |        3.73687   |   126:47:13   |   03:07:15   |
13772       |       -4950.76   |       -4953.19   |        2.42428   |   126:49:33   |   03:06:45   |
13773       |       -4953.06   |        -4957.4   |        4.33322   |   126:51:50   |   03:06:14   |
13774       |       -4953.42   |       -4952.47   |      -0.949732   |   126:54:00   |   03:05:44   |
13775       |       -4956.43   |       -4954.86   |       -1.56644   |   126:56:34   |   03:05:13   |
13776       |        -4955.7   |       -4954.42   |       -1.27728   |   126:58:59   |   03:04:43   |
13777       |       -4956.97   |          -4957   |      0.0343651   |   127:01:24   |   03:04:12   |
13778       |       -4952.93   |       -4954.03   |        1.09892   |   127:03:40   |   03:03:42   |
13779       |       -4951.99   |       -4953.35   |        1.35193   |   127:06:03   |   03:03:11   |


Iter        |      Posterior   |     Likelihood   |          Prior   |    elapsed   |        ETA   |
----------------------------------------------------------------------------------------------------
13780       |       -4951.99   |       -4953.35   |        1.35193   |   127:08:30   |   03:02:41   |
13781       |       -4951.87   |       -4953.03   |        1.16188   |   127:11:01   |   03:02:10   |
13782       |       -4950.75   |       -4951.32   |         0.5695   |   127:13:17   |   03:01:39   |
13783       |       -4953.69   |       -4952.15   |       -1.54033   |   127:15:41   |   03:01:09   |
13784       |       -4952.56   |       -4950.84   |       -1.71764   |   127:17:59   |   03:00:38   |
13785       |       -4954.44   |        -4952.2   |        -2.2464   |   127:20:25   |   03:00:07   |
13786       |       -4955.95   |       -4953.62   |       -2.33107   |   127:22:59   |   02:59:37   |
13787       |       -4955.95   |       -4953.62   |       -2.33107   |   127:25:34   |   02:59:07   |
13788       |        -4953.1   |       -4951.53   |       -1.57372   |   127:28:09   |   02:58:36   |
13789       |       -4954.57   |       -4956.37   |        1.79947   |   127:30:33   |   02:58:06   |
13790       |       -4955.76   |       -4958.33   |        2.57104   |   127:32:56   |   02:57:35   |
13791       |       -4952.48   |        -4954.6   |        2.11881   |   127:35:17   |   02:57:04   |
13792       |       -4953.25   |       -4959.47   |        6.22107   |   127:37:38   |   02:56:33   |
13793       |       -4951.76   |       -4959.44   |         7.6715   |   127:39:55   |   02:56:02   |
13794       |       -4950.53   |       -4957.12   |        6.59128   |   127:42:12   |   02:55:31   |
13795       |       -4951.73   |       -4958.34   |        6.61008   |   127:44:31   |   02:55:00   |
13796       |       -4951.29   |       -4957.62   |         6.3274   |   127:46:48   |   02:54:29   |
13797       |        -4952.4   |       -4957.34   |        4.94023   |   127:49:01   |   02:53:58   |
13798       |       -4949.22   |       -4954.73   |        5.50633   |   127:51:20   |   02:53:27   |
13799       |       -4949.04   |       -4951.99   |        2.94655   |   127:53:38   |   02:52:56   |


Iter        |      Posterior   |     Likelihood   |          Prior   |    elapsed   |        ETA   |
----------------------------------------------------------------------------------------------------
13800       |        -4950.5   |       -4953.54   |        3.03909   |   127:55:54   |   02:52:25   |
13801       |       -4954.39   |       -4958.56   |        4.16719   |   127:58:12   |   02:51:54   |
13802       |       -4950.62   |       -4955.24   |         4.6208   |   128:00:27   |   02:51:23   |
13803       |       -4950.19   |       -4952.72   |        2.53029   |   128:02:39   |   02:50:52   |
13804       |       -4952.82   |       -4953.27   |       0.441586   |   128:05:00   |   02:50:21   |
13805       |       -4953.53   |       -4953.59   |      0.0578154   |   128:07:21   |   02:49:50   |
13806       |       -4953.75   |       -4955.95   |          2.209   |   128:09:46   |   02:49:19   |
13807       |       -4958.39   |       -4958.09   |      -0.298258   |   128:12:13   |   02:48:48   |
13808       |       -4958.82   |       -4957.74   |       -1.07522   |   128:14:46   |   02:48:17   |
13809       |       -4956.85   |       -4955.77   |       -1.07188   |   128:17:18   |   02:47:46   |
13810       |       -4964.15   |       -4963.75   |      -0.397349   |   128:19:43   |   02:47:15   |
13811       |       -4956.66   |        -4956.1   |      -0.552986   |   128:22:15   |   02:46:44   |
13812       |       -4956.51   |       -4955.09   |       -1.41993   |   128:24:38   |   02:46:13   |
13813       |       -4960.45   |       -4955.69   |       -4.76055   |   128:27:08   |   02:45:42   |
13814       |       -4956.98   |       -4953.33   |        -3.6497   |   128:29:31   |   02:45:11   |
13815       |        -4954.5   |       -4955.05   |       0.559104   |   128:32:00   |   02:44:40   |
13816       |        -4954.5   |       -4955.05   |       0.559104   |   128:34:28   |   02:44:09   |
13817       |       -4958.61   |       -4958.18   |      -0.429193   |   128:36:58   |   02:43:38   |
13818       |       -4952.63   |       -4952.97   |       0.343239   |   128:39:20   |   02:43:07   |
13819       |       -4950.81   |       -4955.55   |        4.73444   |   128:41:43   |   02:42:36   |


Iter        |      Posterior   |     Likelihood   |          Prior   |    elapsed   |        ETA   |
----------------------------------------------------------------------------------------------------
13820       |       -4956.12   |       -4959.97   |        3.85057   |   128:43:59   |   02:42:04   |
13821       |       -4952.17   |       -4956.33   |        4.15869   |   128:46:19   |   02:41:33   |
13822       |       -4952.86   |       -4956.99   |        4.12952   |   128:48:47   |   02:41:02   |
13823       |       -4950.58   |       -4952.63   |        2.05079   |   128:51:04   |   02:40:30   |
13824       |       -4950.79   |       -4953.04   |        2.25043   |   128:53:25   |   02:39:59   |
13825       |          -4952   |       -4957.11   |        5.10772   |   128:55:43   |   02:39:28   |
13826       |       -4953.14   |       -4956.58   |        3.43566   |   128:58:04   |   02:38:56   |
13827       |       -4951.02   |        -4955.2   |         4.1831   |   129:00:27   |   02:38:25   |
13828       |       -4953.24   |       -4948.56   |       -4.67914   |   129:02:49   |   02:37:54   |
13829       |        -4952.1   |       -4947.46   |       -4.63085   |   129:05:12   |   02:37:22   |
13830       |        -4952.1   |       -4947.46   |       -4.63085   |   129:07:49   |   02:36:51   |
13831       |       -4951.85   |       -4947.02   |       -4.83183   |   129:10:15   |   02:36:20   |
13832       |       -4953.63   |       -4953.32   |      -0.308923   |   129:12:41   |   02:35:48   |
13833       |       -4952.15   |       -4948.94   |       -3.21192   |   129:15:05   |   02:35:17   |
13834       |       -4952.15   |       -4950.16   |       -1.98726   |   129:17:24   |   02:34:46   |
13835       |       -4951.72   |       -4948.53   |       -3.18909   |   129:19:43   |   02:34:14   |
13836       |       -4954.19   |       -4954.06   |      -0.129441   |   129:22:09   |   02:33:43   |
13837       |       -4957.85   |       -4958.03   |       0.177372   |   129:24:23   |   02:33:11   |
13838       |       -4960.76   |       -4962.86   |        2.10392   |   129:26:42   |   02:32:39   |
13839       |       -4962.13   |       -4964.49   |         2.3551   |   129:28:59   |   02:32:08   |


Iter        |      Posterior   |     Likelihood   |          Prior   |    elapsed   |        ETA   |
----------------------------------------------------------------------------------------------------
13840       |       -4959.55   |       -4963.44   |        3.88668   |   129:31:20   |   02:31:36   |
13841       |       -4958.51   |       -4961.84   |        3.32374   |   129:33:43   |   02:31:04   |
13842       |       -4956.82   |       -4958.11   |        1.29272   |   129:36:05   |   02:30:33   |
13843       |       -4956.82   |       -4958.11   |        1.29272   |   129:38:33   |   02:30:01   |
13844       |       -4956.82   |       -4958.11   |        1.29272   |   129:41:04   |   02:29:30   |
13845       |       -4959.96   |       -4962.77   |        2.80305   |   129:43:23   |   02:28:58   |
13846       |        -4957.6   |       -4958.22   |       0.622066   |   129:45:30   |   02:28:26   |
13847       |       -4955.89   |       -4958.12   |        2.22975   |   129:47:51   |   02:27:55   |
13848       |       -4954.79   |       -4954.94   |       0.144841   |   129:50:03   |   02:27:23   |
13849       |       -4956.41   |       -4956.22   |      -0.191225   |   129:52:18   |   02:26:51   |
