
RevBayes version (1.1.0)
Build from dev_mrm (rapture-477-g991966) on Thu Feb 15 15:42:16 EST 2024

Visit the website www.RevBayes.com for more information about RevBayes.

RevBayes is free software released under the GPL license, version 3. Type 'license()' for details.

To quit RevBayes type 'quit()' or 'q()'.


> source("scripts/asple/asple_chromosse_modelspec_tb_3.rev")
   Processing file "scripts/asple/asple_chromosse_modelspec_tb_3.rev"
   Attempting to read the contents of file "aspleniineae_csomepruned.tree"
   Successfully read file
   Processing file "scripts/chromosse_tp_mrm_tb.rev"
Ana rates matrix
Clado rates matrix
   Warning: simulating tree under uniform model.
   Warning: simulating tree under uniform model.
GLHBDSP
clamp tree
clamp character data
   -2913.176
lnProbability calculated
my_model
monitoring stochastic character map
monitors set
initiating mcmc
Intializing from checkpoint
   Appending to previous MCMC simulation of 9000 iterations
   This simulation runs 1 independent replicate.
   The simulator uses 8 different moves in a random move schedule with 14 moves per iteration

Iter        |      Posterior   |     Likelihood   |          Prior   |    elapsed   |        ETA   |
----------------------------------------------------------------------------------------------------
9001        |       -2913.12   |       -2915.49   |        2.37014   |   00:00:09   |   00:00:01   |
9002        |       -2913.52   |       -2916.68   |        3.15837   |   00:00:17   |   00:00:03   |
9003        |       -2917.87   |          -2919   |        1.13338   |   00:00:26   |   00:00:05   |
9004        |       -2913.41   |       -2913.99   |       0.577969   |   00:00:37   |   00:00:08   |
9005        |       -2912.64   |       -2913.23   |       0.580348   |   00:00:46   |   00:00:10   |
9006        |       -2912.64   |       -2913.23   |       0.591665   |   00:02:07   |   00:00:28   |
9007        |       -2913.33   |       -2913.67   |       0.345626   |   00:02:16   |   00:00:30   |
9008        |       -2913.64   |       -2911.77   |        -1.8695   |   00:02:26   |   00:00:32   |
9009        |       -2913.58   |       -2911.71   |          -1.87   |   00:02:36   |   00:00:34   |
9010        |       -2913.66   |       -2911.79   |       -1.87366   |   00:02:45   |   00:00:36   |
9011        |        -2914.2   |       -2912.33   |       -1.86807   |   00:04:08   |   00:00:54   |
9012        |       -2912.85   |       -2911.92   |      -0.930309   |   00:04:17   |   00:00:56   |
9013        |       -2912.89   |       -2911.97   |      -0.925487   |   00:04:26   |   00:00:58   |
9014        |       -2912.18   |       -2911.42   |      -0.757747   |   00:04:35   |   00:01:00   |
9015        |       -2914.27   |       -2913.65   |      -0.626451   |   00:04:44   |   00:01:02   |
9016        |       -2914.27   |       -2913.65   |      -0.626451   |   00:06:06   |   00:01:20   |
9017        |       -2914.74   |       -2914.12   |      -0.622664   |   00:06:15   |   00:01:22   |
9018        |        -2917.8   |       -2917.17   |      -0.627694   |   00:06:24   |   00:01:24   |
9019        |       -2913.15   |       -2912.37   |      -0.778024   |   00:06:33   |   00:01:26   |


Iter        |      Posterior   |     Likelihood   |          Prior   |    elapsed   |        ETA   |
----------------------------------------------------------------------------------------------------
9020        |       -2913.91   |       -2911.97   |        -1.9329   |   00:06:42   |   00:01:28   |
9021        |       -2914.85   |       -2914.45   |        -0.3956   |   00:08:03   |   00:01:45   |
9022        |       -2915.75   |       -2915.36   |      -0.386944   |   00:08:12   |   00:01:47   |
9023        |       -2913.67   |        -2913.6   |       -0.07152   |   00:08:20   |   00:01:49   |
9024        |       -2913.37   |        -2913.3   |     -0.0760414   |   00:08:29   |   00:01:51   |
9025        |       -2913.23   |       -2913.14   |     -0.0841429   |   00:08:37   |   00:01:53   |
9026        |       -2912.44   |       -2912.78   |       0.334416   |   00:10:00   |   00:02:11   |
9027        |       -2912.84   |       -2913.16   |       0.321604   |   00:10:08   |   00:02:12   |
9028        |       -2912.92   |       -2913.11   |       0.184298   |   00:10:16   |   00:02:14   |
9029        |       -2913.29   |       -2913.48   |       0.182664   |   00:10:25   |   00:02:16   |
9030        |       -2912.08   |       -2912.39   |       0.308843   |   00:10:33   |   00:02:18   |
9031        |          -2914   |       -2914.15   |       0.155662   |   00:11:54   |   00:02:35   |
9032        |       -2914.26   |        -2913.7   |      -0.556133   |   00:12:02   |   00:02:37   |
9033        |       -2913.41   |       -2912.86   |      -0.545993   |   00:12:10   |   00:02:38   |
9034        |        -2911.8   |       -2911.27   |      -0.533768   |   00:12:17   |   00:02:40   |
9035        |       -2914.92   |       -2913.66   |       -1.26257   |   00:12:25   |   00:02:42   |
9036        |       -2914.19   |       -2912.92   |       -1.27121   |   00:13:46   |   00:02:59   |
9037        |       -2913.39   |       -2911.32   |       -2.07657   |   00:13:53   |   00:03:00   |
9038        |        -2912.6   |       -2910.51   |       -2.09525   |   00:14:01   |   00:03:02   |
9039        |       -2913.49   |       -2911.21   |         -2.283   |   00:14:08   |   00:03:03   |


Iter        |      Posterior   |     Likelihood   |          Prior   |    elapsed   |        ETA   |
----------------------------------------------------------------------------------------------------
9040        |       -2912.66   |       -2910.47   |       -2.19832   |   00:14:16   |   00:03:05   |
9041        |       -2913.62   |        -2910.2   |       -3.42894   |   00:15:37   |   00:03:23   |
9042        |       -2912.97   |       -2909.64   |       -3.32812   |   00:15:44   |   00:03:24   |
9043        |       -2915.59   |        -2910.3   |       -5.28953   |   00:15:51   |   00:03:25   |
9044        |       -2914.59   |       -2909.32   |       -5.27455   |   00:15:59   |   00:03:27   |
9045        |       -2914.41   |       -2909.14   |       -5.27167   |   00:16:06   |   00:03:28   |
9046        |       -2915.29   |       -2910.03   |       -5.26721   |   00:17:27   |   00:03:46   |
9047        |       -2915.43   |       -2910.17   |       -5.26139   |   00:17:34   |   00:03:47   |
9048        |       -2915.73   |       -2910.47   |       -5.25676   |   00:17:42   |   00:03:49   |
9049        |       -2915.73   |       -2910.47   |       -5.25676   |   00:17:49   |   00:03:50   |
9050        |       -2913.93   |       -2911.72   |       -2.21191   |   00:17:56   |   00:03:51   |
9051        |       -2915.49   |       -2912.55   |       -2.93774   |   00:19:17   |   00:04:09   |
9052        |       -2916.06   |       -2913.75   |       -2.31742   |   00:19:25   |   00:04:10   |
9053        |       -2912.67   |       -2910.35   |       -2.31135   |   00:19:32   |   00:04:12   |
9054        |        -2912.3   |       -2910.03   |       -2.26525   |   00:19:39   |   00:04:13   |
9055        |       -2911.39   |       -2909.13   |       -2.25914   |   00:19:46   |   00:04:14   |
9056        |       -2911.39   |       -2909.13   |       -2.25914   |   00:21:07   |   00:04:31   |
9057        |        -2913.7   |       -2911.35   |       -2.35349   |   00:21:14   |   00:04:33   |
9058        |       -2913.77   |       -2911.43   |       -2.34148   |   00:21:21   |   00:04:34   |
9059        |       -2913.17   |       -2910.83   |       -2.33579   |   00:21:29   |   00:04:36   |


Iter        |      Posterior   |     Likelihood   |          Prior   |    elapsed   |        ETA   |
----------------------------------------------------------------------------------------------------
9060        |       -2915.43   |       -2913.06   |       -2.36748   |   00:21:36   |   00:04:37   |
9061        |       -2916.02   |       -2914.81   |       -1.21507   |   00:22:57   |   00:04:54   |
9062        |       -2915.66   |       -2914.27   |       -1.38763   |   00:23:04   |   00:04:55   |
9063        |        -2912.6   |       -2911.56   |       -1.03635   |   00:23:11   |   00:04:57   |
9064        |       -2913.09   |       -2914.01   |        0.92034   |   00:23:18   |   00:04:58   |
9065        |       -2913.06   |       -2913.51   |       0.448573   |   00:23:25   |   00:04:59   |
9066        |       -2915.67   |       -2916.04   |       0.373745   |   00:24:46   |   00:05:17   |
9067        |       -2918.27   |       -2918.63   |       0.350522   |   00:24:53   |   00:05:18   |
9068        |       -2918.93   |       -2919.27   |       0.338675   |   00:25:00   |   00:05:19   |
9069        |       -2913.92   |       -2914.33   |       0.406239   |   00:25:07   |   00:05:20   |
9070        |       -2915.51   |       -2916.74   |         1.2331   |   00:25:14   |   00:05:22   |
9071        |       -2914.43   |        -2915.7   |        1.26341   |   00:26:36   |   00:05:39   |
9072        |       -2914.26   |       -2913.91   |      -0.351464   |   00:26:43   |   00:05:40   |
9073        |       -2914.71   |       -2914.15   |      -0.563254   |   00:26:50   |   00:05:41   |
9074        |       -2915.92   |       -2915.63   |      -0.287268   |   00:26:57   |   00:05:43   |
9075        |       -2917.91   |       -2917.58   |      -0.333565   |   00:27:04   |   00:05:44   |
9076        |       -2914.51   |       -2913.56   |      -0.944286   |   00:28:25   |   00:06:01   |
9077        |        -2916.9   |       -2915.96   |      -0.946546   |   00:28:32   |   00:06:02   |
9078        |       -2914.94   |        -2913.4   |       -1.53881   |   00:28:39   |   00:06:03   |
9079        |        -2912.2   |       -2910.69   |       -1.50734   |   00:28:46   |   00:06:05   |


Iter        |      Posterior   |     Likelihood   |          Prior   |    elapsed   |        ETA   |
----------------------------------------------------------------------------------------------------
9080        |        -2912.2   |       -2910.69   |       -1.50734   |   00:28:53   |   00:06:06   |
9081        |       -2910.74   |       -2909.21   |       -1.53475   |   00:30:14   |   00:06:23   |
9082        |       -2913.31   |       -2911.83   |       -1.47475   |   00:30:21   |   00:06:24   |
9083        |       -2912.79   |       -2911.27   |       -1.51848   |   00:30:28   |   00:06:25   |
9084        |       -2912.47   |       -2910.95   |       -1.51987   |   00:30:35   |   00:06:27   |
9085        |       -2912.47   |       -2910.95   |       -1.51987   |   00:30:42   |   00:06:28   |
9086        |       -2913.07   |       -2911.55   |       -1.51895   |   00:32:03   |   00:06:45   |
9087        |          -2917   |       -2914.42   |       -2.58286   |   00:32:11   |   00:06:46   |
9088        |       -2916.21   |       -2913.63   |       -2.58357   |   00:32:18   |   00:06:47   |
9089        |       -2916.21   |       -2913.63   |       -2.58357   |   00:32:25   |   00:06:48   |
9090        |       -2917.66   |       -2913.58   |       -4.08085   |   00:32:32   |   00:06:50   |
9091        |       -2917.61   |       -2911.64   |        -5.9713   |   00:33:53   |   00:07:06   |
9092        |       -2914.37   |       -2911.13   |       -3.23495   |   00:34:00   |   00:07:08   |
9093        |       -2914.41   |       -2911.17   |       -3.23495   |   00:34:07   |   00:07:09   |
9094        |       -2914.41   |       -2911.17   |       -3.23495   |   00:34:14   |   00:07:10   |
9095        |       -2913.54   |       -2910.65   |       -2.88528   |   00:34:21   |   00:07:11   |
9096        |       -2914.32   |       -2911.29   |       -3.02803   |   00:35:42   |   00:07:28   |
9097        |       -2913.61   |       -2910.59   |       -3.02064   |   00:35:49   |   00:07:29   |
9098        |       -2913.27   |       -2910.25   |       -3.01265   |   00:35:56   |   00:07:30   |
9099        |       -2913.35   |       -2910.33   |       -3.01897   |   00:36:03   |   00:07:31   |


Iter        |      Posterior   |     Likelihood   |          Prior   |    elapsed   |        ETA   |
----------------------------------------------------------------------------------------------------
9100        |       -2913.38   |       -2910.36   |       -3.02135   |   00:36:10   |   00:07:33   |
9101        |       -2913.49   |       -2912.16   |       -1.33675   |   00:37:31   |   00:07:49   |
9102        |        -2913.1   |       -2911.83   |       -1.26401   |   00:37:38   |   00:07:50   |
9103        |       -2914.47   |       -2912.16   |       -2.31361   |   00:37:45   |   00:07:52   |
9104        |       -2913.16   |          -2911   |       -2.15659   |   00:37:52   |   00:07:53   |
9105        |       -2917.28   |       -2912.37   |       -4.90471   |   00:37:59   |   00:07:54   |
9106        |       -2917.04   |       -2912.12   |       -4.91469   |   00:39:20   |   00:08:10   |
9107        |       -2918.65   |       -2913.72   |        -4.9318   |   00:39:27   |   00:08:12   |
9108        |       -2916.37   |       -2911.46   |       -4.90624   |   00:39:34   |   00:08:13   |
9109        |       -2912.06   |       -2911.16   |      -0.897747   |   00:39:41   |   00:08:14   |
9110        |       -2915.32   |       -2915.56   |       0.244321   |   00:39:48   |   00:08:15   |
9111        |       -2913.17   |       -2912.49   |         -0.681   |   00:41:09   |   00:08:31   |
9112        |       -2911.07   |       -2910.62   |      -0.453826   |   00:41:16   |   00:08:33   |
9113        |       -2914.28   |       -2913.79   |      -0.484589   |   00:41:23   |   00:08:34   |
9114        |       -2913.99   |       -2913.29   |      -0.701922   |   00:41:30   |   00:08:35   |
9115        |       -2914.23   |       -2913.52   |      -0.710693   |   00:41:37   |   00:08:36   |
9116        |       -2915.58   |        -2912.7   |       -2.88815   |   00:42:57   |   00:08:52   |
9117        |       -2917.34   |        -2913.3   |       -4.04487   |   00:43:04   |   00:08:53   |
9118        |       -2914.95   |       -2914.77   |      -0.174961   |   00:43:11   |   00:08:54   |
9119        |       -2914.95   |       -2914.77   |      -0.174961   |   00:43:18   |   00:08:55   |


Iter        |      Posterior   |     Likelihood   |          Prior   |    elapsed   |        ETA   |
----------------------------------------------------------------------------------------------------
9120        |       -2918.78   |       -2914.68   |       -4.09751   |   00:43:25   |   00:08:56   |
9121        |       -2917.92   |       -2915.03   |       -2.89227   |   00:44:46   |   00:09:13   |
9122        |       -2913.33   |       -2911.25   |        -2.0758   |   00:44:53   |   00:09:14   |
9123        |       -2912.43   |       -2910.04   |       -2.39205   |   00:45:00   |   00:09:15   |
9124        |          -2913   |        -2911.5   |       -1.50045   |   00:45:07   |   00:09:16   |
9125        |       -2913.12   |       -2910.59   |       -2.52517   |   00:45:14   |   00:09:17   |
9126        |       -2912.58   |       -2910.06   |       -2.52026   |   00:46:34   |   00:09:33   |
9127        |       -2912.61   |       -2910.08   |       -2.52128   |   00:46:41   |   00:09:34   |
9128        |       -2912.94   |       -2910.45   |        -2.4869   |   00:46:48   |   00:09:35   |
9129        |       -2914.21   |       -2910.27   |       -3.93763   |   00:46:55   |   00:09:36   |
9130        |       -2914.16   |       -2910.22   |       -3.93933   |   00:47:02   |   00:09:38   |
9131        |       -2913.75   |        -2914.2   |       0.448793   |   00:48:22   |   00:09:54   |
9132        |       -2913.97   |       -2914.41   |        0.43225   |   00:48:29   |   00:09:55   |
9133        |       -2913.97   |       -2914.41   |        0.43225   |   00:48:36   |   00:09:56   |
9134        |       -2911.94   |        -2909.3   |       -2.63966   |   00:48:43   |   00:09:57   |
9135        |       -2912.84   |          -2912   |      -0.848639   |   00:48:50   |   00:09:58   |
9136        |       -2911.91   |       -2911.16   |      -0.750954   |   00:50:11   |   00:10:14   |
9137        |       -2912.77   |       -2912.02   |      -0.751051   |   00:50:18   |   00:10:15   |
9138        |       -2912.69   |       -2911.94   |      -0.744569   |   00:50:25   |   00:10:16   |
9139        |       -2915.14   |        -2914.4   |      -0.735032   |   00:50:31   |   00:10:17   |


Iter        |      Posterior   |     Likelihood   |          Prior   |    elapsed   |        ETA   |
----------------------------------------------------------------------------------------------------
9140        |       -2915.16   |       -2914.43   |      -0.738137   |   00:50:38   |   00:10:18   |
9141        |       -2915.16   |       -2914.43   |      -0.738137   |   00:51:59   |   00:10:34   |
9142        |       -2915.16   |       -2914.43   |      -0.738137   |   00:52:06   |   00:10:35   |
9143        |       -2915.16   |       -2914.43   |      -0.738137   |   00:52:13   |   00:10:36   |
9144        |       -2913.22   |       -2912.49   |       -0.72648   |   00:52:20   |   00:10:37   |
9145        |       -2913.78   |       -2913.06   |      -0.727596   |   00:52:27   |   00:10:38   |
9146        |        -2913.6   |       -2912.87   |      -0.727596   |   00:53:47   |   00:10:54   |
9147        |       -2913.68   |       -2912.96   |      -0.727596   |   00:53:54   |   00:10:55   |
9148        |       -2912.78   |       -2912.04   |      -0.737797   |   00:54:01   |   00:10:56   |
9149        |       -2911.83   |        -2911.1   |      -0.732714   |   00:54:08   |   00:10:57   |
9150        |       -2911.67   |       -2910.94   |      -0.730088   |   00:54:15   |   00:10:58   |
9151        |       -2912.03   |       -2911.36   |      -0.669501   |   00:55:35   |   00:11:13   |
9152        |       -2913.63   |       -2912.96   |      -0.668149   |   00:55:42   |   00:11:14   |
9153        |        -2916.4   |       -2916.03   |      -0.369804   |   00:55:49   |   00:11:15   |
9154        |       -2913.58   |       -2915.64   |        2.06098   |   00:55:56   |   00:11:16   |
9155        |       -2915.01   |        -2915.1   |      0.0929309   |   00:56:03   |   00:11:17   |
9156        |        -2913.1   |       -2913.99   |       0.885617   |   00:57:23   |   00:11:33   |
9157        |       -2912.97   |       -2913.77   |       0.806115   |   00:57:30   |   00:11:34   |
9158        |       -2916.83   |       -2917.94   |        1.11273   |   00:57:37   |   00:11:35   |
9159        |       -2917.46   |       -2918.58   |        1.11273   |   00:57:44   |   00:11:36   |


Iter        |      Posterior   |     Likelihood   |          Prior   |    elapsed   |        ETA   |
----------------------------------------------------------------------------------------------------
9160        |       -2915.86   |       -2917.23   |        1.37807   |   00:57:51   |   00:11:37   |
9161        |        -2916.1   |       -2917.48   |        1.38473   |   00:59:12   |   00:11:53   |
9162        |       -2911.72   |       -2913.18   |        1.45884   |   00:59:18   |   00:11:53   |
9163        |       -2911.24   |       -2912.71   |        1.46534   |   00:59:25   |   00:11:54   |
9164        |       -2911.64   |       -2913.11   |        1.46564   |   00:59:32   |   00:11:55   |
9165        |       -2914.78   |       -2916.02   |        1.23775   |   00:59:39   |   00:11:56   |
9166        |       -2911.85   |       -2913.11   |        1.25868   |   01:01:00   |   00:12:12   |
9167        |       -2911.85   |       -2913.11   |        1.25868   |   01:01:07   |   00:12:13   |
9168        |       -2911.85   |       -2913.11   |        1.25868   |   01:01:14   |   00:12:14   |
9169        |       -2913.93   |       -2915.17   |        1.24049   |   01:01:21   |   00:12:15   |
9170        |       -2913.55   |        -2914.8   |        1.24756   |   01:01:28   |   00:12:15   |
9171        |       -2915.21   |        -2914.9   |      -0.313223   |   01:02:48   |   00:12:31   |
9172        |        -2914.3   |       -2913.99   |      -0.303221   |   01:02:55   |   00:12:32   |
9173        |       -2913.94   |       -2913.35   |       -0.59533   |   01:03:02   |   00:12:33   |
9174        |       -2914.78   |       -2914.53   |      -0.248352   |   01:03:09   |   00:12:34   |
9175        |       -2917.28   |       -2920.06   |        2.77663   |   01:03:16   |   00:12:35   |
9176        |       -2918.95   |       -2921.73   |        2.78193   |   01:04:36   |   00:12:50   |
9177        |       -2916.18   |          -2919   |        2.81607   |   01:04:43   |   00:12:51   |
9178        |       -2912.22   |       -2912.93   |       0.711842   |   01:04:50   |   00:12:52   |
9179        |       -2914.89   |       -2914.78   |       -0.10945   |   01:04:57   |   00:12:53   |


Iter        |      Posterior   |     Likelihood   |          Prior   |    elapsed   |        ETA   |
----------------------------------------------------------------------------------------------------
9180        |       -2916.53   |       -2916.41   |      -0.122032   |   01:05:04   |   00:12:53   |
9181        |       -2916.19   |        -2916.2   |      0.0115288   |   01:06:24   |   00:13:09   |
9182        |       -2913.97   |       -2914.02   |      0.0440933   |   01:06:31   |   00:13:10   |
9183        |       -2914.22   |       -2913.95   |      -0.272445   |   01:06:38   |   00:13:11   |
9184        |       -2919.38   |        -2919.3   |     -0.0812333   |   01:06:44   |   00:13:11   |
9185        |       -2918.22   |       -2918.15   |        -0.0691   |   01:06:51   |   00:13:12   |
9186        |       -2919.83   |       -2919.74   |     -0.0818974   |   01:08:18   |   00:13:29   |
9187        |       -2914.02   |       -2917.12   |        3.09597   |   01:08:25   |   00:13:30   |
9188        |       -2914.02   |       -2917.12   |        3.09597   |   01:08:32   |   00:13:30   |
9189        |       -2914.92   |       -2917.46   |        2.53254   |   01:08:39   |   00:13:31   |
9190        |       -2915.83   |       -2918.94   |        3.11485   |   01:08:46   |   00:13:32   |
9191        |       -2918.04   |       -2920.99   |         2.9528   |   01:10:07   |   00:13:48   |
9192        |       -2915.39   |       -2918.34   |         2.9528   |   01:10:14   |   00:13:48   |
9193        |       -2914.32   |       -2917.38   |        3.05386   |   01:10:20   |   00:13:49   |
9194        |       -2913.25   |        -2917.2   |        3.94985   |   01:10:27   |   00:13:50   |
9195        |       -2914.04   |       -2918.71   |        4.67292   |   01:10:34   |   00:13:51   |
9196        |        -2915.1   |       -2919.72   |         4.6281   |   01:11:54   |   00:14:06   |
9197        |       -2912.61   |       -2917.34   |         4.7308   |   01:12:01   |   00:14:07   |
9198        |       -2915.77   |        -2919.3   |        3.52644   |   01:12:07   |   00:14:07   |
9199        |       -2917.94   |       -2921.51   |        3.57411   |   01:12:14   |   00:14:08   |


Iter        |      Posterior   |     Likelihood   |          Prior   |    elapsed   |        ETA   |
----------------------------------------------------------------------------------------------------
9200        |       -2915.46   |       -2920.16   |        4.69624   |   01:12:21   |   00:14:09   |
9201        |       -2913.19   |       -2917.92   |        4.72453   |   01:13:41   |   00:14:24   |
9202        |          -2922   |       -2925.65   |        3.65422   |   01:13:48   |   00:14:25   |
9203        |       -2918.11   |       -2921.43   |        3.32406   |   01:13:54   |   00:14:25   |
9204        |       -2917.88   |       -2918.79   |       0.907277   |   01:14:01   |   00:14:26   |
9205        |       -2917.88   |       -2918.79   |       0.907277   |   01:14:08   |   00:14:27   |
9206        |       -2915.56   |       -2916.48   |       0.925964   |   01:15:33   |   00:14:43   |
9207        |        -2915.3   |       -2916.22   |       0.922553   |   01:15:40   |   00:14:44   |
9208        |       -2915.65   |       -2915.86   |       0.208964   |   01:15:47   |   00:14:44   |
9209        |       -2920.95   |        -2921.2   |       0.252538   |   01:15:54   |   00:14:45   |
9210        |       -2918.57   |       -2920.95   |        2.37707   |   01:16:01   |   00:14:46   |
9211        |       -2921.75   |       -2923.31   |        1.55938   |   01:17:21   |   00:15:01   |
9212        |       -2914.74   |       -2916.33   |        1.58784   |   01:17:28   |   00:15:02   |
9213        |       -2914.78   |       -2916.36   |        1.57999   |   01:17:35   |   00:15:02   |
9214        |       -2914.52   |       -2916.07   |        1.55554   |   01:17:42   |   00:15:03   |
9215        |       -2910.82   |        -2912.3   |        1.47397   |   01:17:49   |   00:15:04   |
9216        |       -2912.35   |        -2913.9   |        1.54415   |   01:19:08   |   00:15:19   |
9217        |        -2913.3   |       -2915.99   |        2.68426   |   01:19:15   |   00:15:19   |
9218        |       -2913.97   |       -2917.77   |        3.80708   |   01:19:22   |   00:15:20   |
9219        |       -2914.25   |       -2918.08   |        3.82787   |   01:19:29   |   00:15:21   |


Iter        |      Posterior   |     Likelihood   |          Prior   |    elapsed   |        ETA   |
----------------------------------------------------------------------------------------------------
9220        |       -2913.28   |       -2917.09   |        3.80791   |   01:19:36   |   00:15:22   |
9221        |       -2913.35   |       -2917.49   |        4.13289   |   01:20:55   |   00:15:36   |
9222        |        -2913.8   |       -2917.64   |        3.83468   |   01:21:02   |   00:15:37   |
9223        |       -2913.26   |       -2913.82   |        0.55864   |   01:21:09   |   00:15:38   |
9224        |       -2910.72   |        -2911.1   |       0.373147   |   01:21:16   |   00:15:38   |
9225        |       -2912.37   |        -2912.9   |       0.529815   |   01:21:23   |   00:15:39   |
9226        |       -2915.57   |        -2916.1   |       0.530033   |   01:22:43   |   00:15:54   |
9227        |       -2912.94   |       -2913.11   |       0.172986   |   01:22:50   |   00:15:55   |
9228        |       -2913.62   |       -2910.27   |       -3.34515   |   01:22:57   |   00:15:55   |
9229        |       -2913.48   |       -2910.11   |       -3.36334   |   01:23:04   |   00:15:56   |
9230        |       -2912.64   |       -2910.24   |       -2.40475   |   01:23:11   |   00:15:57   |
9231        |       -2913.65   |       -2911.22   |       -2.43134   |   01:24:31   |   00:16:11   |
9232        |       -2913.16   |       -2910.74   |       -2.41597   |   01:24:38   |   00:16:12   |
9233        |       -2912.73   |       -2910.31   |       -2.41726   |   01:24:45   |   00:16:13   |
9234        |       -2913.83   |       -2911.38   |       -2.44594   |   01:24:52   |   00:16:13   |
9235        |       -2914.11   |       -2913.59   |      -0.518517   |   01:24:59   |   00:16:14   |
9236        |       -2914.74   |       -2914.22   |      -0.528296   |   01:26:19   |   00:16:29   |
9237        |       -2915.73   |       -2912.11   |       -3.61854   |   01:26:26   |   00:16:29   |
9238        |       -2915.61   |          -2912   |        -3.6179   |   01:26:33   |   00:16:30   |
9239        |       -2915.53   |       -2911.92   |       -3.61754   |   01:26:40   |   00:16:31   |


Iter        |      Posterior   |     Likelihood   |          Prior   |    elapsed   |        ETA   |
----------------------------------------------------------------------------------------------------
9240        |       -2913.13   |       -2911.03   |       -2.10021   |   01:26:47   |   00:16:31   |
9241        |       -2912.61   |       -2910.66   |       -1.95294   |   01:28:08   |   00:16:46   |
9242        |       -2911.83   |       -2909.89   |       -1.94156   |   01:28:15   |   00:16:47   |
9243        |       -2912.29   |       -2912.96   |       0.670835   |   01:28:21   |   00:16:47   |
9244        |          -2913   |       -2913.66   |        0.65993   |   01:28:28   |   00:16:48   |
9245        |       -2913.38   |       -2913.98   |       0.602932   |   01:28:35   |   00:16:48   |
9246        |       -2912.28   |       -2911.58   |      -0.703016   |   01:29:56   |   00:17:03   |
9247        |       -2912.64   |       -2911.94   |      -0.703016   |   01:30:03   |   00:17:04   |
9248        |       -2912.31   |       -2911.61   |      -0.706779   |   01:30:10   |   00:17:04   |
9249        |       -2912.31   |       -2911.61   |      -0.706779   |   01:30:17   |   00:17:05   |
9250        |       -2914.85   |       -2913.35   |       -1.50247   |   01:30:24   |   00:17:06   |
9251        |       -2915.09   |       -2913.58   |       -1.50815   |   01:31:44   |   00:17:20   |
9252        |       -2914.39   |       -2912.99   |       -1.40204   |   01:31:51   |   00:17:21   |
9253        |       -2914.39   |       -2912.99   |       -1.40204   |   01:31:58   |   00:17:21   |
9254        |       -2913.52   |       -2914.04   |       0.524617   |   01:32:05   |   00:17:22   |
9255        |       -2913.33   |       -2913.85   |       0.522178   |   01:32:11   |   00:17:22   |
9256        |       -2911.67   |       -2912.57   |       0.903709   |   01:33:32   |   00:17:37   |
9257        |       -2912.81   |       -2913.72   |       0.912939   |   01:33:39   |   00:17:38   |
9258        |       -2912.84   |       -2914.24   |        1.40073   |   01:33:46   |   00:17:38   |
9259        |       -2915.06   |       -2916.46   |        1.39597   |   01:33:52   |   00:17:39   |


Iter        |      Posterior   |     Likelihood   |          Prior   |    elapsed   |        ETA   |
----------------------------------------------------------------------------------------------------
9260        |       -2913.59   |       -2915.01   |         1.4116   |   01:33:59   |   00:17:39   |
9261        |       -2917.76   |       -2917.07   |      -0.692643   |   01:35:20   |   00:17:54   |
9262        |       -2916.13   |       -2916.47   |       0.337527   |   01:35:27   |   00:17:54   |
9263        |       -2913.87   |       -2914.35   |       0.471713   |   01:35:33   |   00:17:55   |
9264        |       -2912.97   |       -2913.44   |       0.468832   |   01:35:40   |   00:17:55   |
9265        |       -2914.81   |       -2915.26   |       0.454751   |   01:35:47   |   00:17:56   |
9266        |       -2913.61   |       -2914.03   |       0.422261   |   01:37:08   |   00:18:10   |
9267        |       -2915.38   |       -2916.01   |       0.625179   |   01:37:14   |   00:18:11   |
9268        |       -2914.61   |       -2915.69   |        1.08287   |   01:37:21   |   00:18:11   |
9269        |       -2917.43   |       -2918.48   |        1.04922   |   01:37:28   |   00:18:12   |
9270        |       -2916.63   |       -2915.93   |      -0.699485   |   01:37:35   |   00:18:12   |
9271        |       -2916.43   |       -2915.74   |      -0.691006   |   01:38:56   |   00:18:27   |
9272        |       -2915.87   |       -2915.17   |       -0.70103   |   01:39:02   |   00:18:27   |
9273        |       -2915.87   |       -2915.17   |       -0.70103   |   01:39:09   |   00:18:27   |
9274        |       -2915.87   |       -2915.17   |       -0.70103   |   01:39:16   |   00:18:28   |
9275        |       -2915.53   |       -2914.83   |      -0.697891   |   01:39:23   |   00:18:29   |
9276        |        -2916.7   |       -2915.98   |      -0.725078   |   01:40:43   |   00:18:43   |
9277        |       -2917.89   |       -2918.01   |       0.120374   |   01:40:50   |   00:18:43   |
9278        |       -2915.71   |       -2916.04   |       0.328569   |   01:40:57   |   00:18:44   |
9279        |       -2914.52   |       -2916.16   |        1.63982   |   01:41:04   |   00:18:44   |


Iter        |      Posterior   |     Likelihood   |          Prior   |    elapsed   |        ETA   |
----------------------------------------------------------------------------------------------------
9280        |       -2914.52   |       -2916.16   |        1.63979   |   01:41:11   |   00:18:45   |
9281        |       -2914.52   |       -2916.16   |        1.63979   |   01:42:31   |   00:18:59   |
9282        |       -2914.49   |       -2916.12   |         1.6386   |   01:42:38   |   00:18:59   |
9283        |       -2914.57   |       -2913.77   |      -0.795597   |   01:42:45   |   00:19:00   |
9284        |       -2912.93   |       -2913.49   |       0.558095   |   01:42:52   |   00:19:00   |
9285        |       -2912.11   |       -2913.31   |        1.19681   |   01:42:58   |   00:19:01   |
9286        |       -2912.37   |        -2912.4   |      0.0286677   |   01:44:19   |   00:19:15   |
9287        |       -2914.64   |       -2914.66   |      0.0203398   |   01:44:25   |   00:19:15   |
9288        |       -2914.45   |       -2914.48   |      0.0248919   |   01:44:32   |   00:19:16   |
9289        |       -2914.45   |       -2914.48   |      0.0248919   |   01:44:39   |   00:19:16   |
9290        |       -2911.92   |       -2911.86   |     -0.0588605   |   01:44:46   |   00:19:17   |
9291        |       -2911.68   |       -2911.62   |     -0.0608633   |   01:46:06   |   00:19:30   |
9292        |       -2913.97   |       -2913.92   |     -0.0586355   |   01:46:13   |   00:19:31   |
9293        |       -2913.85   |       -2913.79   |      -0.057539   |   01:46:20   |   00:19:31   |
9294        |       -2914.94   |        -2914.7   |      -0.248411   |   01:46:27   |   00:19:32   |
9295        |       -2911.94   |        -2910.6   |       -1.33134   |   01:46:34   |   00:19:32   |
9296        |       -2910.96   |       -2910.15   |      -0.812759   |   01:47:54   |   00:19:46   |
9297        |        -2914.2   |       -2913.25   |      -0.949833   |   01:48:01   |   00:19:47   |
9298        |       -2913.95   |       -2912.33   |       -1.62324   |   01:48:08   |   00:19:47   |
9299        |        -2914.1   |       -2912.44   |       -1.65403   |   01:48:14   |   00:19:47   |


Iter        |      Posterior   |     Likelihood   |          Prior   |    elapsed   |        ETA   |
----------------------------------------------------------------------------------------------------
9300        |       -2912.09   |       -2910.56   |       -1.52633   |   01:48:21   |   00:19:48   |
9301        |       -2913.13   |        -2911.6   |       -1.52885   |   01:49:41   |   00:20:02   |
9302        |       -2914.58   |        -2912.9   |       -1.67945   |   01:49:48   |   00:20:02   |
9303        |       -2917.67   |       -2916.26   |       -1.41035   |   01:49:55   |   00:20:03   |
9304        |       -2915.84   |       -2916.73   |       0.884408   |   01:50:02   |   00:20:03   |
9305        |       -2913.83   |       -2914.75   |       0.912071   |   01:50:09   |   00:20:03   |
9306        |       -2914.73   |       -2914.73   |      0.0016893   |   01:51:29   |   00:20:17   |
9307        |       -2913.68   |       -2913.68   |      0.0040014   |   01:51:36   |   00:20:18   |
9308        |       -2913.68   |       -2913.68   |      0.0040014   |   01:51:43   |   00:20:18   |
9309        |       -2913.68   |       -2913.68   |      0.0040014   |   01:51:50   |   00:20:18   |
9310        |       -2913.23   |       -2914.31   |        1.07763   |   01:51:57   |   00:20:19   |
9311        |       -2915.92   |       -2916.95   |        1.02847   |   01:53:17   |   00:20:32   |
9312        |       -2920.45   |       -2918.38   |       -2.07521   |   01:53:24   |   00:20:33   |
9313        |       -2917.98   |       -2915.93   |       -2.05063   |   01:53:31   |   00:20:33   |
9314        |       -2916.67   |       -2914.19   |       -2.47963   |   01:53:38   |   00:20:34   |
9315        |       -2914.61   |       -2912.17   |       -2.44582   |   01:53:45   |   00:20:34   |
9316        |       -2917.66   |       -2915.55   |       -2.10898   |   01:55:05   |   00:20:48   |
9317        |       -2913.32   |       -2910.51   |       -2.80821   |   01:55:12   |   00:20:48   |
9318        |       -2918.31   |       -2915.43   |       -2.87721   |   01:55:19   |   00:20:48   |
9319        |       -2914.41   |        -2911.6   |       -2.80485   |   01:55:26   |   00:20:49   |


Iter        |      Posterior   |     Likelihood   |          Prior   |    elapsed   |        ETA   |
----------------------------------------------------------------------------------------------------
9320        |       -2915.69   |       -2912.87   |       -2.81559   |   01:55:33   |   00:20:49   |
9321        |        -2915.6   |       -2913.86   |       -1.74316   |   01:56:53   |   00:21:03   |
9322        |       -2916.64   |       -2914.86   |        -1.7787   |   01:57:00   |   00:21:03   |
9323        |       -2916.52   |       -2915.57   |      -0.947383   |   01:57:07   |   00:21:04   |
9324        |       -2915.99   |       -2915.03   |      -0.957575   |   01:57:14   |   00:21:04   |
9325        |       -2915.93   |       -2917.21   |        1.28561   |   01:57:21   |   00:21:04   |
9326        |       -2914.42   |       -2912.97   |        -1.4549   |   01:58:41   |   00:21:18   |
9327        |       -2916.58   |       -2915.11   |        -1.4705   |   01:58:48   |   00:21:18   |
9328        |       -2915.25   |       -2913.77   |       -1.47421   |   01:58:55   |   00:21:18   |
9329        |       -2914.62   |       -2912.66   |       -1.96262   |   01:59:02   |   00:21:19   |
9330        |       -2914.56   |        -2912.6   |       -1.96174   |   01:59:08   |   00:21:19   |
9331        |       -2914.51   |       -2912.55   |       -1.95859   |   02:00:29   |   00:21:33   |
9332        |       -2913.96   |       -2912.01   |        -1.9467   |   02:00:36   |   00:21:33   |
9333        |       -2912.98   |       -2911.05   |       -1.93458   |   02:00:42   |   00:21:33   |
9334        |       -2912.02   |       -2910.07   |       -1.94633   |   02:00:49   |   00:21:33   |
9335        |       -2913.31   |       -2911.34   |       -1.97124   |   02:00:56   |   00:21:34   |
9336        |       -2913.87   |       -2910.59   |       -3.28044   |   02:02:16   |   00:21:47   |
9337        |       -2913.18   |        -2909.9   |       -3.28234   |   02:02:23   |   00:21:47   |
9338        |       -2912.81   |       -2909.42   |       -3.39298   |   02:02:30   |   00:21:48   |
9339        |       -2914.39   |       -2910.98   |       -3.41024   |   02:02:37   |   00:21:48   |


Iter        |      Posterior   |     Likelihood   |          Prior   |    elapsed   |        ETA   |
----------------------------------------------------------------------------------------------------
9340        |       -2913.05   |       -2910.97   |       -2.07992   |   02:02:43   |   00:21:48   |
9341        |       -2913.85   |       -2911.74   |       -2.10486   |   02:04:04   |   00:22:02   |
9342        |       -2911.94   |       -2909.86   |       -2.08604   |   02:04:11   |   00:22:02   |
9343        |       -2912.62   |        -2909.7   |       -2.92319   |   02:04:18   |   00:22:02   |
9344        |       -2912.34   |       -2910.68   |       -1.65717   |   02:04:24   |   00:22:02   |
9345        |       -2914.19   |       -2910.67   |       -3.51811   |   02:04:31   |   00:22:03   |
9346        |        -2914.8   |       -2911.16   |       -3.64384   |   02:05:52   |   00:22:16   |
9347        |       -2914.58   |       -2912.98   |       -1.60488   |   02:05:58   |   00:22:16   |
9348        |       -2916.03   |       -2914.43   |       -1.59904   |   02:06:05   |   00:22:16   |
9349        |       -2916.42   |       -2914.78   |       -1.64217   |   02:06:12   |   00:22:17   |
9350        |       -2913.32   |       -2911.62   |       -1.69871   |   02:06:19   |   00:22:17   |
9351        |       -2913.32   |       -2911.62   |       -1.69871   |   02:07:39   |   00:22:30   |
9352        |       -2915.44   |       -2915.26   |      -0.185241   |   02:07:46   |   00:22:30   |
9353        |       -2912.96   |       -2912.78   |       -0.17806   |   02:07:53   |   00:22:31   |
9354        |       -2916.52   |        -2916.3   |      -0.223352   |   02:08:00   |   00:22:31   |
9355        |       -2914.08   |       -2913.88   |       -0.20304   |   02:08:06   |   00:22:31   |
9356        |        -2915.1   |       -2914.91   |      -0.190819   |   02:09:27   |   00:22:44   |
9357        |        -2914.9   |       -2914.73   |      -0.168586   |   02:09:34   |   00:22:45   |
9358        |       -2912.25   |       -2912.08   |       -0.16672   |   02:09:40   |   00:22:45   |
9359        |       -2913.08   |       -2912.43   |      -0.647976   |   02:09:47   |   00:22:45   |


Iter        |      Posterior   |     Likelihood   |          Prior   |    elapsed   |        ETA   |
----------------------------------------------------------------------------------------------------
9360        |       -2911.58   |       -2910.95   |      -0.625925   |   02:09:54   |   00:22:45   |
9361        |       -2915.85   |       -2915.17   |      -0.679874   |   02:11:14   |   00:22:58   |
9362        |        -2916.3   |       -2915.96   |      -0.335491   |   02:11:21   |   00:22:58   |
9363        |       -2916.05   |       -2915.72   |       -0.33169   |   02:11:28   |   00:22:59   |
9364        |          -2917   |       -2916.71   |      -0.293606   |   02:11:35   |   00:22:59   |
9365        |       -2914.23   |       -2913.95   |      -0.280593   |   02:11:42   |   00:22:59   |
9366        |       -2913.72   |       -2913.47   |      -0.249517   |   02:13:02   |   00:23:12   |
9367        |       -2913.29   |       -2913.05   |      -0.233799   |   02:13:09   |   00:23:12   |
9368        |        -2914.8   |       -2914.58   |       -0.21883   |   02:13:16   |   00:23:12   |
9369        |       -2914.55   |       -2914.33   |      -0.212278   |   02:13:22   |   00:23:13   |
9370        |       -2914.14   |       -2913.92   |      -0.212946   |   02:13:29   |   00:23:13   |
9371        |       -2911.77   |        -2911.8   |      0.0394023   |   02:14:50   |   00:23:26   |
9372        |       -2911.76   |       -2914.38   |        2.62512   |   02:14:56   |   00:23:26   |
9373        |       -2911.64   |       -2913.77   |        2.13627   |   02:15:03   |   00:23:26   |
9374        |       -2913.03   |       -2916.02   |        2.99393   |   02:15:10   |   00:23:26   |
9375        |       -2913.91   |       -2914.36   |       0.447595   |   02:15:17   |   00:23:26   |
9376        |       -2913.12   |       -2913.55   |       0.434733   |   02:16:37   |   00:23:39   |
9377        |       -2913.87   |       -2914.14   |       0.270374   |   02:16:44   |   00:23:39   |
9378        |       -2912.07   |       -2912.37   |       0.303554   |   02:16:51   |   00:23:40   |
9379        |       -2912.68   |       -2912.96   |        0.28707   |   02:16:58   |   00:23:40   |


Iter        |      Posterior   |     Likelihood   |          Prior   |    elapsed   |        ETA   |
----------------------------------------------------------------------------------------------------
9380        |       -2913.53   |       -2913.93   |       0.401767   |   02:17:04   |   00:23:40   |
9381        |       -2914.43   |       -2914.89   |       0.456655   |   02:18:24   |   00:23:53   |
9382        |       -2913.87   |       -2914.34   |       0.471806   |   02:18:31   |   00:23:53   |
9383        |       -2912.55   |       -2913.54   |       0.992996   |   02:18:38   |   00:23:53   |
9384        |       -2912.27   |       -2913.28   |        1.00246   |   02:18:45   |   00:23:53   |
9385        |        -2912.2   |       -2913.23   |        1.02422   |   02:18:52   |   00:23:53   |
9386        |       -2912.41   |       -2913.42   |        1.01171   |   02:20:13   |   00:24:06   |
9387        |        -2913.5   |       -2916.02   |        2.51745   |   02:20:19   |   00:24:06   |
9388        |       -2915.18   |       -2917.68   |        2.50016   |   02:20:26   |   00:24:06   |
9389        |       -2915.65   |       -2918.14   |        2.49662   |   02:20:33   |   00:24:06   |
9390        |       -2915.89   |       -2918.54   |        2.64286   |   02:20:40   |   00:24:07   |
9391        |       -2915.31   |       -2917.95   |        2.64724   |   02:22:00   |   00:24:19   |
9392        |       -2913.28   |       -2915.94   |         2.6617   |   02:22:07   |   00:24:19   |
9393        |       -2913.69   |       -2916.34   |        2.64602   |   02:22:14   |   00:24:20   |
9394        |       -2914.98   |       -2916.25   |        1.26775   |   02:22:21   |   00:24:20   |
9395        |       -2913.64   |       -2914.98   |        1.33601   |   02:22:28   |   00:24:20   |
9396        |       -2918.06   |       -2919.36   |        1.29735   |   02:23:48   |   00:24:32   |
9397        |       -2914.47   |       -2915.51   |        1.04386   |   02:23:55   |   00:24:33   |
9398        |       -2917.84   |       -2918.84   |        1.00231   |   02:24:02   |   00:24:33   |
9399        |       -2923.31   |       -2923.74   |       0.432533   |   02:24:09   |   00:24:33   |


Iter        |      Posterior   |     Likelihood   |          Prior   |    elapsed   |        ETA   |
----------------------------------------------------------------------------------------------------
9400        |       -2919.71   |       -2920.13   |        0.41608   |   02:24:16   |   00:24:33   |
9401        |       -2918.68   |       -2919.34   |       0.660887   |   02:25:36   |   00:24:45   |
9402        |       -2918.68   |       -2919.34   |       0.660887   |   02:25:43   |   00:24:45   |
9403        |       -2917.39   |       -2918.09   |       0.699213   |   02:25:50   |   00:24:46   |
9404        |       -2917.39   |       -2918.09   |       0.699213   |   02:25:57   |   00:24:46   |
9405        |       -2915.77   |       -2916.45   |       0.676909   |   02:26:03   |   00:24:46   |
9406        |       -2912.88   |       -2913.61   |       0.725315   |   02:27:24   |   00:24:58   |
9407        |        -2911.6   |       -2912.34   |       0.734932   |   02:27:30   |   00:24:58   |
9408        |       -2911.39   |       -2912.12   |       0.731998   |   02:27:37   |   00:24:58   |
9409        |        -2912.4   |        -2913.1   |       0.703191   |   02:27:44   |   00:24:58   |
9410        |        -2912.4   |        -2913.1   |       0.703191   |   02:27:51   |   00:24:58   |
9411        |       -2915.74   |       -2916.85   |        1.10865   |   02:29:11   |   00:25:11   |
9412        |       -2914.38   |       -2915.58   |         1.1975   |   02:29:18   |   00:25:11   |
9413        |       -2914.51   |        -2915.7   |        1.19373   |   02:29:25   |   00:25:11   |
9414        |        -2917.4   |       -2918.83   |         1.4242   |   02:29:32   |   00:25:11   |
9415        |       -2919.59   |       -2921.02   |        1.43043   |   02:29:39   |   00:25:11   |
9416        |       -2915.25   |       -2916.69   |         1.4418   |   02:30:59   |   00:25:23   |
9417        |       -2915.85   |       -2917.29   |          1.438   |   02:31:06   |   00:25:23   |
9418        |       -2915.18   |       -2918.12   |        2.94431   |   02:31:12   |   00:25:23   |
9419        |       -2915.92   |       -2918.66   |        2.73876   |   02:31:19   |   00:25:23   |


Iter        |      Posterior   |     Likelihood   |          Prior   |    elapsed   |        ETA   |
----------------------------------------------------------------------------------------------------
9420        |       -2916.34   |       -2918.55   |        2.20592   |   02:31:26   |   00:25:23   |
9421        |       -2917.37   |       -2919.56   |        2.19035   |   02:32:47   |   00:25:36   |
9422        |       -2915.36   |       -2916.78   |        1.42708   |   02:32:53   |   00:25:36   |
9423        |       -2913.63   |       -2916.31   |         2.6842   |   02:33:00   |   00:25:36   |
9424        |        -2918.5   |        -2921.3   |        2.80241   |   02:33:07   |   00:25:36   |
9425        |       -2916.78   |       -2917.76   |       0.980255   |   02:33:14   |   00:25:36   |
9426        |       -2917.25   |       -2918.22   |       0.973797   |   02:34:34   |   00:25:48   |
9427        |       -2918.48   |       -2919.43   |       0.954914   |   02:34:41   |   00:25:48   |
9428        |       -2913.95   |       -2914.84   |       0.889452   |   02:34:48   |   00:25:48   |
9429        |       -2913.83   |       -2914.72   |       0.890898   |   02:34:55   |   00:25:48   |
9430        |        -2912.5   |       -2913.71   |        1.20587   |   02:35:01   |   00:25:48   |
9431        |       -2911.74   |       -2912.95   |        1.20547   |   02:36:22   |   00:26:00   |
9432        |       -2911.75   |       -2913.01   |        1.26068   |   02:36:29   |   00:26:00   |
9433        |       -2910.92   |       -2912.19   |        1.26068   |   02:36:35   |   00:26:00   |
9434        |       -2910.59   |       -2911.78   |        1.19765   |   02:36:42   |   00:26:00   |
9435        |       -2911.21   |       -2912.44   |        1.23034   |   02:36:49   |   00:26:00   |
9436        |       -2912.16   |       -2912.41   |        0.24983   |   02:38:09   |   00:26:12   |
9437        |       -2911.22   |       -2912.42   |        1.20751   |   02:38:16   |   00:26:12   |
9438        |       -2913.02   |        -2914.2   |        1.17994   |   02:38:23   |   00:26:12   |
9439        |       -2912.62   |        -2913.8   |        1.17901   |   02:38:30   |   00:26:12   |


Iter        |      Posterior   |     Likelihood   |          Prior   |    elapsed   |        ETA   |
----------------------------------------------------------------------------------------------------
9440        |       -2912.44   |       -2913.62   |        1.18436   |   02:38:37   |   00:26:12   |
9441        |       -2914.43   |       -2915.59   |        1.16427   |   02:39:57   |   00:26:24   |
9442        |        -2911.1   |       -2913.22   |        2.11083   |   02:40:04   |   00:26:24   |
9443        |       -2909.59   |       -2911.72   |        2.12552   |   02:40:10   |   00:26:24   |
9444        |       -2911.39   |       -2913.49   |        2.10324   |   02:40:17   |   00:26:24   |
9445        |       -2912.48   |       -2914.55   |        2.07589   |   02:40:24   |   00:26:24   |
9446        |       -2911.15   |       -2913.25   |        2.09677   |   02:41:44   |   00:26:36   |
9447        |       -2911.38   |       -2913.47   |        2.09671   |   02:41:51   |   00:26:36   |
9448        |       -2912.93   |       -2914.06   |        1.13301   |   02:41:58   |   00:26:36   |
9449        |       -2913.54   |       -2914.44   |       0.904877   |   02:42:05   |   00:26:36   |
9450        |        -2912.1   |       -2915.45   |        3.34772   |   02:42:11   |   00:26:36   |
9451        |       -2915.88   |       -2919.26   |        3.37969   |   02:43:32   |   00:26:48   |
9452        |       -2914.23   |       -2917.66   |         3.4312   |   02:43:39   |   00:26:48   |
9453        |       -2914.06   |       -2917.39   |        3.33036   |   02:43:45   |   00:26:47   |
9454        |       -2915.06   |       -2918.55   |        3.49071   |   02:43:52   |   00:26:47   |
9455        |       -2916.17   |       -2919.75   |         3.5764   |   02:43:59   |   00:26:47   |
9456        |       -2916.46   |       -2919.99   |        3.53293   |   02:45:19   |   00:26:59   |
9457        |       -2914.79   |       -2918.48   |        3.69655   |   02:45:26   |   00:26:59   |
9458        |       -2914.81   |        -2918.5   |        3.69355   |   02:45:33   |   00:26:59   |
9459        |       -2916.22   |       -2919.97   |        3.74299   |   02:45:40   |   00:26:59   |


Iter        |      Posterior   |     Likelihood   |          Prior   |    elapsed   |        ETA   |
----------------------------------------------------------------------------------------------------
9460        |       -2918.04   |       -2922.32   |        4.27949   |   02:45:47   |   00:26:59   |
9461        |       -2916.03   |       -2920.44   |        4.41263   |   02:47:07   |   00:27:11   |
9462        |       -2916.39   |       -2920.54   |        4.15599   |   02:47:14   |   00:27:10   |
9463        |       -2916.41   |       -2920.53   |        4.12703   |   02:47:21   |   00:27:10   |
9464        |       -2915.72   |       -2919.86   |        4.14215   |   02:47:27   |   00:27:10   |
9465        |       -2915.58   |       -2919.73   |        4.14215   |   02:47:34   |   00:27:10   |
9466        |        -2916.5   |       -2920.66   |        4.16068   |   02:48:55   |   00:27:22   |
9467        |       -2921.44   |       -2925.41   |        3.97321   |   02:49:02   |   00:27:22   |
9468        |       -2920.89   |       -2924.86   |        3.97598   |   02:49:08   |   00:27:22   |
9469        |       -2914.78   |        -2918.8   |         4.0266   |   02:49:15   |   00:27:21   |
9470        |       -2914.89   |       -2918.92   |        4.03382   |   02:49:22   |   00:27:21   |
9471        |       -2915.26   |        -2919.3   |        4.03584   |   02:50:42   |   00:27:33   |
9472        |       -2916.05   |        -2920.1   |         4.0498   |   02:50:49   |   00:27:33   |
9473        |       -2912.88   |       -2916.94   |        4.06279   |   02:50:56   |   00:27:33   |
9474        |       -2914.49   |       -2918.53   |          4.043   |   02:51:03   |   00:27:33   |
9475        |       -2914.88   |       -2918.92   |        4.04262   |   02:51:10   |   00:27:32   |
9476        |       -2914.88   |       -2918.92   |        4.04262   |   02:52:30   |   00:27:44   |
9477        |       -2916.45   |       -2920.55   |        4.09677   |   02:52:37   |   00:27:44   |
9478        |       -2916.62   |       -2918.06   |        1.43879   |   02:52:44   |   00:27:44   |
9479        |       -2911.95   |       -2913.41   |        1.45524   |   02:52:51   |   00:27:44   |


Iter        |      Posterior   |     Likelihood   |          Prior   |    elapsed   |        ETA   |
----------------------------------------------------------------------------------------------------
9480        |       -2914.13   |       -2915.56   |        1.42594   |   02:52:58   |   00:27:43   |
9481        |       -2912.31   |       -2913.76   |        1.44646   |   02:54:18   |   00:27:55   |
9482        |       -2911.25   |       -2913.19   |        1.93873   |   02:54:25   |   00:27:55   |
9483        |       -2913.31   |       -2915.97   |        2.66245   |   02:54:32   |   00:27:55   |
9484        |        -2914.2   |       -2916.86   |        2.66007   |   02:54:39   |   00:27:55   |
9485        |       -2914.23   |       -2916.47   |        2.23694   |   02:54:45   |   00:27:54   |
9486        |       -2916.89   |       -2919.19   |        2.29653   |   02:56:06   |   00:28:06   |
9487        |       -2922.52   |       -2927.75   |        5.23165   |   02:56:13   |   00:28:06   |
9488        |       -2917.78   |       -2923.93   |        6.15088   |   02:56:20   |   00:28:06   |
9489        |       -2916.88   |       -2923.04   |        6.16674   |   02:56:26   |   00:28:05   |
9490        |       -2916.52   |       -2922.63   |        6.11178   |   02:56:33   |   00:28:05   |
9491        |       -2917.45   |       -2923.58   |        6.13423   |   02:57:54   |   00:28:17   |
9492        |       -2920.67   |       -2928.31   |        7.63815   |   02:58:00   |   00:28:16   |
9493        |       -2918.49   |       -2925.18   |        6.68376   |   02:58:07   |   00:28:16   |
9494        |       -2916.86   |       -2922.49   |        5.62231   |   02:58:14   |   00:28:16   |
9495        |       -2917.81   |       -2923.33   |        5.52247   |   02:58:21   |   00:28:16   |
9496        |       -2918.89   |       -2924.55   |        5.65571   |   02:59:41   |   00:28:27   |
9497        |       -2919.34   |       -2924.99   |        5.65293   |   02:59:48   |   00:28:27   |
9498        |       -2917.71   |       -2923.25   |        5.54117   |   02:59:55   |   00:28:27   |
9499        |       -2915.51   |       -2920.83   |        5.32459   |   03:00:02   |   00:28:26   |


Iter        |      Posterior   |     Likelihood   |          Prior   |    elapsed   |        ETA   |
----------------------------------------------------------------------------------------------------
9500        |       -2916.64   |          -2922   |        5.36301   |   03:00:09   |   00:28:26   |
9501        |       -2916.71   |       -2921.91   |        5.20843   |   03:01:29   |   00:28:37   |
9502        |       -2914.77   |        -2920.2   |        5.42657   |   03:01:36   |   00:28:37   |
9503        |       -2917.09   |       -2920.63   |        3.53965   |   03:01:43   |   00:28:37   |
9504        |       -2914.01   |       -2917.59   |        3.57144   |   03:01:49   |   00:28:37   |
9505        |       -2912.37   |        -2915.9   |         3.5263   |   03:01:56   |   00:28:36   |
9506        |       -2913.33   |       -2916.84   |        3.51766   |   03:03:17   |   00:28:48   |
9507        |       -2912.92   |       -2916.06   |        3.14227   |   03:03:24   |   00:28:48   |
9508        |       -2913.74   |       -2917.67   |        3.92719   |   03:03:31   |   00:28:47   |
9509        |        -2912.6   |       -2916.59   |        3.99592   |   03:03:38   |   00:28:47   |
9510        |        -2911.7   |       -2914.29   |        2.59112   |   03:03:44   |   00:28:47   |
9511        |       -2911.74   |       -2914.36   |        2.61652   |   03:05:05   |   00:28:58   |
9512        |        -2914.8   |       -2917.46   |         2.6608   |   03:05:12   |   00:28:58   |
9513        |       -2914.74   |       -2917.35   |        2.61406   |   03:05:18   |   00:28:57   |
9514        |       -2914.63   |       -2917.24   |        2.60965   |   03:05:25   |   00:28:57   |
9515        |       -2915.11   |       -2917.72   |        2.60821   |   03:05:32   |   00:28:57   |
9516        |       -2915.11   |       -2917.72   |        2.60821   |   03:06:52   |   00:29:08   |
9517        |        -2915.8   |       -2918.77   |        2.97004   |   03:06:59   |   00:29:08   |
9518        |       -2913.51   |       -2914.26   |        0.75323   |   03:07:06   |   00:29:07   |
9519        |       -2910.95   |       -2911.73   |       0.787985   |   03:07:13   |   00:29:07   |


Iter        |      Posterior   |     Likelihood   |          Prior   |    elapsed   |        ETA   |
----------------------------------------------------------------------------------------------------
9520        |       -2911.26   |       -2911.88   |       0.627453   |   03:07:19   |   00:29:07   |
9521        |       -2912.37   |       -2910.71   |       -1.65652   |   03:08:40   |   00:29:18   |
9522        |       -2911.43   |       -2909.78   |       -1.65116   |   03:08:47   |   00:29:18   |
9523        |        -2913.5   |       -2915.16   |        1.65922   |   03:08:54   |   00:29:17   |
9524        |       -2912.63   |       -2914.65   |        2.02016   |   03:09:00   |   00:29:17   |
9525        |       -2912.85   |       -2915.52   |         2.6694   |   03:09:07   |   00:29:17   |
9526        |       -2914.41   |       -2917.11   |        2.69279   |   03:10:24   |   00:29:27   |
9527        |       -2913.27   |        -2916.6   |        3.32835   |   03:10:31   |   00:29:27   |
9528        |       -2917.04   |       -2922.08   |        5.04304   |   03:10:38   |   00:29:27   |
9529        |       -2916.01   |       -2921.15   |        5.13647   |   03:10:45   |   00:29:26   |
9530        |       -2915.94   |       -2921.08   |        5.13868   |   03:10:52   |   00:29:26   |
9531        |       -2915.08   |       -2920.23   |        5.14718   |   03:12:12   |   00:29:37   |
9532        |        -2915.9   |       -2921.05   |        5.14837   |   03:12:19   |   00:29:37   |
9533        |       -2918.48   |       -2923.61   |        5.12849   |   03:12:26   |   00:29:36   |
9534        |       -2915.31   |       -2918.52   |        3.20746   |   03:12:32   |   00:29:36   |
9535        |       -2917.59   |       -2920.74   |         3.1545   |   03:12:39   |   00:29:35   |
9536        |        -2917.8   |       -2919.01   |        1.20756   |   03:14:00   |   00:29:47   |
9537        |       -2914.87   |       -2916.13   |        1.25675   |   03:14:06   |   00:29:46   |
9538        |       -2914.39   |       -2915.63   |        1.23984   |   03:14:13   |   00:29:46   |
9539        |       -2913.75   |          -2915   |        1.24916   |   03:14:20   |   00:29:45   |


Iter        |      Posterior   |     Likelihood   |          Prior   |    elapsed   |        ETA   |
----------------------------------------------------------------------------------------------------
9540        |       -2914.16   |       -2915.42   |        1.26075   |   03:14:27   |   00:29:45   |
9541        |       -2915.93   |        -2918.4   |        2.46946   |   03:15:47   |   00:29:56   |
9542        |       -2915.31   |       -2917.79   |        2.47748   |   03:15:54   |   00:29:55   |
9543        |       -2917.99   |       -2922.09   |        4.09817   |   03:16:01   |   00:29:55   |
9544        |       -2919.26   |       -2923.34   |        4.07845   |   03:16:08   |   00:29:55   |
9545        |       -2917.29   |       -2921.08   |        3.79111   |   03:16:15   |   00:29:54   |
9546        |       -2914.75   |       -2918.56   |        3.81356   |   03:17:35   |   00:30:05   |
9547        |       -2918.15   |       -2922.27   |        4.12309   |   03:17:42   |   00:30:05   |
9548        |       -2916.23   |       -2921.68   |        5.45884   |   03:17:48   |   00:30:04   |
9549        |       -2916.21   |       -2921.66   |        5.45396   |   03:17:55   |   00:30:04   |
9550        |       -2916.57   |       -2922.06   |        5.48978   |   03:18:02   |   00:30:04   |
9551        |       -2915.56   |       -2919.61   |        4.05314   |   03:19:22   |   00:30:14   |
9552        |       -2916.52   |       -2920.59   |        4.06504   |   03:19:29   |   00:30:14   |
9553        |       -2919.87   |       -2926.34   |        6.47223   |   03:19:36   |   00:30:14   |
9554        |       -2916.42   |       -2921.24   |        4.81718   |   03:19:43   |   00:30:13   |
9555        |       -2916.33   |       -2920.86   |        4.52111   |   03:19:50   |   00:30:13   |
9556        |       -2915.39   |       -2918.92   |        3.52552   |   03:21:10   |   00:30:23   |
9557        |       -2915.39   |       -2918.92   |        3.52552   |   03:21:17   |   00:30:23   |
9558        |       -2915.44   |       -2919.04   |        3.59914   |   03:21:24   |   00:30:23   |
9559        |       -2916.39   |       -2919.99   |         3.5953   |   03:21:30   |   00:30:22   |


Iter        |      Posterior   |     Likelihood   |          Prior   |    elapsed   |        ETA   |
----------------------------------------------------------------------------------------------------
9560        |       -2915.97   |       -2919.79   |        3.81995   |   03:21:37   |   00:30:22   |
9561        |       -2915.56   |        -2919.4   |        3.83901   |   03:22:57   |   00:30:32   |
9562        |       -2915.56   |        -2919.4   |        3.83901   |   03:23:04   |   00:30:32   |
9563        |       -2914.71   |       -2918.31   |        3.60561   |   03:23:11   |   00:30:31   |
9564        |       -2916.22   |       -2919.82   |        3.60054   |   03:23:18   |   00:30:31   |
9565        |       -2918.61   |       -2922.28   |        3.66981   |   03:23:25   |   00:30:31   |
9566        |       -2919.21   |       -2923.81   |        4.60726   |   03:24:45   |   00:30:41   |
9567        |       -2920.39   |       -2925.01   |        4.62118   |   03:24:52   |   00:30:41   |
9568        |       -2919.68   |       -2924.29   |        4.60984   |   03:24:59   |   00:30:40   |
9569        |       -2919.68   |       -2924.29   |        4.60984   |   03:25:06   |   00:30:40   |
9570        |       -2919.15   |       -2921.17   |        2.02528   |   03:25:12   |   00:30:39   |
9571        |       -2917.88   |       -2920.74   |        2.85507   |   03:26:33   |   00:30:50   |
9572        |       -2916.66   |       -2920.13   |        3.47204   |   03:26:40   |   00:30:49   |
9573        |       -2916.82   |       -2920.31   |         3.4843   |   03:26:46   |   00:30:49   |
9574        |       -2916.82   |       -2920.31   |         3.4843   |   03:26:53   |   00:30:48   |
9575        |       -2916.71   |        -2920.2   |         3.4843   |   03:27:00   |   00:30:48   |
9576        |       -2916.71   |        -2920.2   |         3.4843   |   03:28:21   |   00:30:58   |
9577        |       -2915.87   |       -2919.35   |         3.4843   |   03:28:27   |   00:30:58   |
9578        |       -2916.92   |       -2920.42   |        3.50023   |   03:28:34   |   00:30:57   |
9579        |       -2919.69   |       -2921.08   |         1.3909   |   03:28:41   |   00:30:57   |


Iter        |      Posterior   |     Likelihood   |          Prior   |    elapsed   |        ETA   |
----------------------------------------------------------------------------------------------------
9580        |       -2915.84   |       -2918.27   |        2.42539   |   03:28:48   |   00:30:56   |
9581        |       -2913.48   |       -2915.73   |        2.24975   |   03:30:08   |   00:31:07   |
9582        |       -2913.48   |       -2915.73   |        2.24975   |   03:30:15   |   00:31:06   |
9583        |       -2916.76   |       -2920.17   |        3.40621   |   03:30:22   |   00:31:06   |
9584        |       -2916.76   |       -2920.17   |        3.40621   |   03:30:29   |   00:31:05   |
9585        |       -2917.62   |       -2921.14   |        3.51463   |   03:30:36   |   00:31:05   |
9586        |       -2914.51   |        -2917.9   |        3.39161   |   03:31:56   |   00:31:15   |
9587        |       -2914.51   |        -2917.9   |        3.39161   |   03:32:03   |   00:31:15   |
9588        |        -2914.9   |       -2916.39   |        1.48603   |   03:32:10   |   00:31:14   |
9589        |       -2915.59   |        -2916.7   |        1.10023   |   03:32:16   |   00:31:14   |
9590        |       -2913.84   |       -2915.16   |          1.315   |   03:32:23   |   00:31:13   |
9591        |       -2915.12   |       -2916.58   |        1.45407   |   03:33:44   |   00:31:23   |
9592        |       -2912.93   |       -2915.04   |        2.10093   |   03:33:51   |   00:31:23   |
9593        |       -2913.98   |       -2915.71   |        1.73486   |   03:33:57   |   00:31:22   |
9594        |       -2913.07   |       -2914.67   |        1.59713   |   03:34:04   |   00:31:22   |
9595        |       -2913.15   |       -2914.74   |        1.59794   |   03:34:11   |   00:31:21   |
9596        |       -2912.21   |       -2913.85   |        1.63688   |   03:35:32   |   00:31:32   |
9597        |        -2913.7   |       -2915.32   |        1.62221   |   03:35:38   |   00:31:31   |
9598        |       -2913.36   |          -2915   |        1.63786   |   03:35:45   |   00:31:30   |
9599        |       -2913.76   |       -2914.49   |       0.735608   |   03:35:52   |   00:31:30   |


Iter        |      Posterior   |     Likelihood   |          Prior   |    elapsed   |        ETA   |
----------------------------------------------------------------------------------------------------
9600        |        -2914.3   |       -2914.51   |       0.205334   |   03:35:59   |   00:31:29   |
9601        |       -2913.74   |       -2915.87   |         2.1322   |   03:37:19   |   00:31:39   |
9602        |       -2914.15   |       -2916.41   |        2.26153   |   03:37:26   |   00:31:39   |
9603        |       -2912.61   |       -2914.87   |        2.25962   |   03:37:33   |   00:31:38   |
9604        |       -2912.61   |       -2914.87   |        2.25962   |   03:37:40   |   00:31:38   |
9605        |       -2913.57   |       -2914.39   |       0.818052   |   03:37:47   |   00:31:37   |
9606        |        -2912.4   |       -2913.21   |       0.807473   |   03:39:07   |   00:31:47   |
9607        |       -2911.47   |       -2912.28   |       0.816678   |   03:39:14   |   00:31:47   |
9608        |       -2911.42   |       -2912.09   |       0.669916   |   03:39:21   |   00:31:46   |
9609        |       -2910.96   |       -2911.64   |       0.674713   |   03:39:27   |   00:31:46   |
9610        |       -2910.96   |       -2911.64   |       0.674713   |   03:39:34   |   00:31:45   |
9611        |       -2912.23   |        -2912.9   |       0.672492   |   03:40:55   |   00:31:55   |
9612        |       -2911.77   |       -2912.45   |       0.673867   |   03:41:02   |   00:31:55   |
9613        |       -2911.77   |       -2912.45   |       0.673867   |   03:41:09   |   00:31:54   |
9614        |       -2911.48   |       -2912.32   |       0.839167   |   03:41:15   |   00:31:53   |
9615        |       -2911.45   |       -2912.15   |       0.698905   |   03:41:22   |   00:31:53   |
9616        |       -2910.66   |       -2910.93   |       0.266187   |   03:42:43   |   00:32:03   |
9617        |       -2910.24   |        -2910.5   |        0.25958   |   03:42:49   |   00:32:02   |
9618        |       -2909.42   |       -2909.67   |       0.259578   |   03:42:56   |   00:32:01   |
9619        |       -2914.13   |       -2916.75   |        2.61508   |   03:43:03   |   00:32:01   |


Iter        |      Posterior   |     Likelihood   |          Prior   |    elapsed   |        ETA   |
----------------------------------------------------------------------------------------------------
9620        |          -2911   |       -2913.89   |        2.89782   |   03:43:10   |   00:32:00   |
9621        |       -2913.97   |       -2918.34   |        4.37175   |   03:44:30   |   00:32:10   |
9622        |       -2913.75   |       -2918.13   |        4.37171   |   03:44:37   |   00:32:10   |
9623        |       -2911.42   |       -2914.82   |        3.40312   |   03:44:44   |   00:32:09   |
9624        |       -2912.66   |       -2915.12   |        2.45956   |   03:44:51   |   00:32:08   |
9625        |       -2915.33   |        -2916.3   |       0.975251   |   03:44:58   |   00:32:08   |
9626        |       -2914.06   |       -2915.05   |       0.986703   |   03:46:18   |   00:32:18   |
9627        |       -2912.58   |       -2913.47   |       0.893959   |   03:46:25   |   00:32:17   |
9628        |       -2909.93   |       -2910.83   |       0.899171   |   03:46:32   |   00:32:16   |
9629        |       -2911.07   |       -2911.86   |       0.791317   |   03:46:38   |   00:32:16   |
9630        |       -2913.59   |       -2914.04   |       0.451824   |   03:46:45   |   00:32:15   |
9631        |       -2913.64   |       -2913.52   |      -0.121817   |   03:48:06   |   00:32:25   |
9632        |       -2913.95   |       -2913.83   |      -0.125702   |   03:48:13   |   00:32:24   |
9633        |        -2912.3   |       -2911.76   |      -0.539307   |   03:48:20   |   00:32:24   |
9634        |       -2912.09   |       -2911.97   |      -0.122482   |   03:48:26   |   00:32:23   |
9635        |       -2913.11   |       -2915.23   |        2.12501   |   03:48:33   |   00:32:22   |
9636        |       -2912.62   |       -2914.74   |        2.12488   |   03:49:54   |   00:32:32   |
9637        |       -2912.44   |       -2914.53   |        2.08858   |   03:50:01   |   00:32:31   |
9638        |       -2917.12   |       -2919.18   |        2.05859   |   03:50:07   |   00:32:31   |
9639        |          -2915   |       -2917.07   |        2.06795   |   03:50:14   |   00:32:30   |


Iter        |      Posterior   |     Likelihood   |          Prior   |    elapsed   |        ETA   |
----------------------------------------------------------------------------------------------------
9640        |       -2914.15   |       -2916.38   |        2.23075   |   03:50:21   |   00:32:29   |
9641        |       -2915.87   |        -2915.7   |      -0.169232   |   03:51:42   |   00:32:39   |
9642        |        -2912.5   |       -2913.42   |       0.915692   |   03:51:49   |   00:32:38   |
9643        |       -2914.18   |        -2915.5   |        1.31543   |   03:51:55   |   00:32:38   |
9644        |        -2912.9   |       -2914.21   |        1.30981   |   03:52:02   |   00:32:37   |
9645        |       -2914.73   |       -2916.17   |        1.43921   |   03:52:09   |   00:32:36   |
9646        |       -2914.17   |       -2915.63   |        1.45939   |   03:53:30   |   00:32:46   |
9647        |       -2917.49   |       -2918.64   |        1.14881   |   03:53:36   |   00:32:45   |
9648        |       -2918.04   |       -2918.83   |       0.786477   |   03:53:43   |   00:32:45   |
9649        |        -2918.5   |       -2919.28   |       0.780852   |   03:53:50   |   00:32:44   |
9650        |       -2917.38   |       -2918.51   |        1.13439   |   03:53:57   |   00:32:43   |
9651        |       -2918.86   |          -2920   |        1.14323   |   03:55:17   |   00:32:53   |
9652        |       -2918.33   |       -2919.47   |        1.13492   |   03:55:24   |   00:32:52   |
9653        |       -2920.06   |       -2921.18   |        1.12533   |   03:55:31   |   00:32:51   |
9654        |          -2918   |       -2921.12   |        3.11927   |   03:55:38   |   00:32:51   |
9655        |       -2913.83   |       -2916.93   |        3.09418   |   03:55:45   |   00:32:50   |
9656        |       -2913.61   |       -2916.71   |         3.0966   |   03:57:05   |   00:32:59   |
9657        |       -2913.42   |       -2916.45   |        3.03033   |   03:57:12   |   00:32:59   |
9658        |       -2913.55   |       -2917.55   |        4.00304   |   03:57:19   |   00:32:58   |
9659        |       -2916.71   |       -2920.89   |        4.17407   |   03:57:26   |   00:32:57   |


Iter        |      Posterior   |     Likelihood   |          Prior   |    elapsed   |        ETA   |
----------------------------------------------------------------------------------------------------
9660        |       -2913.87   |       -2918.15   |        4.27541   |   03:57:32   |   00:32:56   |
9661        |       -2915.31   |       -2917.91   |        2.60054   |   03:58:53   |   00:33:06   |
9662        |       -2915.31   |       -2917.91   |        2.60054   |   03:59:00   |   00:33:05   |
9663        |       -2913.52   |       -2916.09   |        2.56743   |   03:59:07   |   00:33:05   |
9664        |       -2912.74   |       -2915.68   |        2.93861   |   03:59:13   |   00:33:04   |
9665        |       -2912.96   |       -2915.72   |        2.75286   |   03:59:20   |   00:33:03   |
9666        |       -2913.05   |       -2915.81   |         2.7515   |   04:00:41   |   00:33:12   |
9667        |       -2913.09   |       -2915.85   |        2.75103   |   04:00:47   |   00:33:12   |
9668        |       -2914.08   |       -2916.81   |        2.73301   |   04:00:54   |   00:33:11   |
9669        |       -2917.61   |          -2920   |        2.39678   |   04:01:01   |   00:33:10   |
9670        |        -2918.4   |       -2920.73   |         2.3244   |   04:01:08   |   00:33:09   |
9671        |        -2916.1   |       -2917.08   |       0.980053   |   04:02:28   |   00:33:19   |
9672        |       -2915.26   |       -2916.24   |       0.981984   |   04:02:35   |   00:33:18   |
9673        |       -2914.31   |       -2915.92   |        1.61182   |   04:02:42   |   00:33:17   |
9674        |       -2915.02   |       -2916.63   |        1.60706   |   04:02:49   |   00:33:16   |
9675        |       -2913.85   |       -2916.11   |         2.2627   |   04:02:55   |   00:33:16   |
9676        |       -2914.34   |       -2917.95   |        3.61006   |   04:04:16   |   00:33:25   |
9677        |       -2912.57   |       -2916.18   |        3.61607   |   04:04:23   |   00:33:24   |
9678        |       -2912.75   |       -2916.37   |        3.61322   |   04:04:30   |   00:33:23   |
9679        |        -2915.8   |       -2919.22   |        3.41976   |   04:04:36   |   00:33:22   |


Iter        |      Posterior   |     Likelihood   |          Prior   |    elapsed   |        ETA   |
----------------------------------------------------------------------------------------------------
9680        |       -2912.35   |       -2915.67   |        3.32689   |   04:04:43   |   00:33:22   |
9681        |       -2912.26   |       -2915.59   |        3.33036   |   04:06:04   |   00:33:31   |
9682        |       -2914.46   |       -2917.75   |        3.28986   |   04:06:10   |   00:33:30   |
9683        |       -2913.19   |       -2916.47   |        3.27942   |   04:06:17   |   00:33:29   |
9684        |       -2912.07   |       -2915.39   |        3.32491   |   04:06:24   |   00:33:29   |
9685        |       -2911.85   |       -2915.18   |        3.32807   |   04:06:31   |   00:33:28   |
9686        |       -2920.04   |       -2923.54   |        3.49816   |   04:07:51   |   00:33:37   |
9687        |       -2920.88   |       -2924.81   |        3.92663   |   04:07:58   |   00:33:36   |
9688        |       -2914.51   |       -2918.47   |        3.96384   |   04:08:05   |   00:33:35   |
9689        |       -2915.33   |       -2919.28   |        3.94874   |   04:08:11   |   00:33:34   |
9690        |       -2915.77   |       -2919.62   |        3.84977   |   04:08:18   |   00:33:34   |
9691        |       -2915.77   |       -2919.62   |        3.84977   |   04:09:39   |   00:33:43   |
9692        |       -2913.44   |       -2917.33   |        3.88988   |   04:09:45   |   00:33:42   |
9693        |       -2915.02   |        -2918.9   |        3.87931   |   04:09:52   |   00:33:41   |
9694        |       -2912.38   |       -2916.23   |        3.84692   |   04:09:59   |   00:33:40   |
9695        |       -2915.05   |       -2917.74   |        2.68964   |   04:10:06   |   00:33:39   |
9696        |       -2913.72   |       -2916.43   |        2.70577   |   04:11:26   |   00:33:48   |
9697        |       -2912.33   |       -2915.04   |        2.70201   |   04:11:33   |   00:33:48   |
9698        |       -2912.87   |       -2915.16   |        2.29528   |   04:11:40   |   00:33:47   |
9699        |       -2914.14   |       -2916.41   |        2.27049   |   04:11:47   |   00:33:46   |


Iter        |      Posterior   |     Likelihood   |          Prior   |    elapsed   |        ETA   |
----------------------------------------------------------------------------------------------------
9700        |       -2914.14   |       -2916.41   |        2.27049   |   04:11:54   |   00:33:45   |
9701        |       -2914.96   |        -2919.3   |        4.34124   |   04:13:10   |   00:33:53   |
9702        |       -2914.93   |       -2916.18   |        1.24879   |   04:13:17   |   00:33:53   |
9703        |       -2912.75   |       -2913.43   |       0.680547   |   04:13:24   |   00:33:52   |
9704        |       -2914.23   |       -2915.04   |       0.817041   |   04:13:30   |   00:33:51   |
9705        |       -2914.39   |       -2916.78   |        2.38845   |   04:13:37   |   00:33:50   |
9706        |       -2914.23   |       -2916.57   |        2.33955   |   04:14:58   |   00:33:59   |
9707        |       -2913.53   |        -2915.9   |        2.36945   |   04:15:04   |   00:33:58   |
9708        |       -2913.41   |       -2915.78   |        2.36418   |   04:15:11   |   00:33:57   |
9709        |       -2913.71   |       -2915.96   |        2.24923   |   04:15:18   |   00:33:56   |
9710        |       -2914.48   |       -2916.71   |        2.22766   |   04:15:25   |   00:33:55   |
9711        |       -2912.61   |       -2914.73   |        2.12283   |   04:16:45   |   00:34:04   |
9712        |       -2911.76   |       -2913.72   |        1.95851   |   04:16:52   |   00:34:03   |
9713        |       -2914.25   |        -2916.2   |        1.94884   |   04:16:59   |   00:34:03   |
9714        |       -2913.31   |       -2914.35   |        1.04436   |   04:17:06   |   00:34:02   |
9715        |       -2914.53   |       -2915.46   |       0.926069   |   04:17:13   |   00:34:01   |
9716        |       -2914.56   |        -2915.5   |       0.947203   |   04:18:34   |   00:34:10   |
9717        |       -2915.63   |       -2916.58   |       0.948129   |   04:18:40   |   00:34:09   |
9718        |       -2917.83   |       -2918.74   |       0.911429   |   04:18:47   |   00:34:08   |
9719        |       -2914.77   |       -2915.51   |       0.737712   |   04:18:54   |   00:34:07   |


Iter        |      Posterior   |     Likelihood   |          Prior   |    elapsed   |        ETA   |
----------------------------------------------------------------------------------------------------
9720        |       -2915.84   |       -2916.55   |       0.717999   |   04:19:01   |   00:34:06   |
9721        |       -2915.62   |       -2916.37   |        0.74532   |   04:20:21   |   00:34:15   |
9722        |       -2912.74   |       -2910.81   |       -1.92494   |   04:20:28   |   00:34:14   |
9723        |       -2912.73   |        -2910.8   |       -1.92576   |   04:20:35   |   00:34:13   |
9724        |       -2915.46   |        -2913.5   |       -1.95382   |   04:20:42   |   00:34:12   |
9725        |       -2914.44   |        -2912.5   |       -1.94299   |   04:20:49   |   00:34:11   |
9726        |       -2916.34   |       -2917.14   |       0.798979   |   04:22:09   |   00:34:20   |
9727        |       -2915.24   |       -2916.38   |        1.14411   |   04:22:16   |   00:34:19   |
9728        |       -2915.21   |       -2916.35   |        1.14411   |   04:22:23   |   00:34:18   |
9729        |        -2914.1   |       -2915.11   |        1.01792   |   04:22:30   |   00:34:17   |
9730        |       -2913.49   |        -2914.5   |        1.01635   |   04:22:36   |   00:34:16   |
9731        |        -2911.8   |       -2912.84   |        1.04028   |   04:23:56   |   00:34:25   |
9732        |       -2914.16   |       -2914.57   |        0.40505   |   04:24:03   |   00:34:24   |
9733        |       -2914.67   |       -2915.06   |       0.392449   |   04:24:10   |   00:34:23   |
9734        |       -2914.67   |       -2915.06   |       0.392449   |   04:24:17   |   00:34:22   |
9735        |       -2911.87   |       -2912.78   |       0.905557   |   04:24:24   |   00:34:21   |
9736        |       -2913.21   |       -2914.69   |        1.47619   |   04:25:44   |   00:34:29   |
9737        |       -2915.55   |       -2917.03   |        1.48378   |   04:25:50   |   00:34:28   |
9738        |       -2913.36   |       -2914.88   |        1.52399   |   04:25:57   |   00:34:27   |
9739        |        -2914.1   |        -2915.6   |        1.50435   |   04:26:04   |   00:34:27   |


Iter        |      Posterior   |     Likelihood   |          Prior   |    elapsed   |        ETA   |
----------------------------------------------------------------------------------------------------
9740        |        -2913.7   |       -2915.21   |        1.51548   |   04:26:11   |   00:34:26   |
9741        |       -2912.34   |       -2913.87   |        1.52628   |   04:27:31   |   00:34:34   |
9742        |       -2912.15   |       -2913.68   |        1.53183   |   04:27:38   |   00:34:33   |
9743        |       -2913.52   |        -2913.6   |       0.076938   |   04:27:45   |   00:34:32   |
9744        |       -2913.52   |        -2913.6   |       0.076938   |   04:27:52   |   00:34:31   |
9745        |       -2914.64   |       -2917.11   |        2.46721   |   04:27:59   |   00:34:30   |
9746        |       -2918.89   |       -2921.35   |        2.46234   |   04:29:19   |   00:34:39   |
9747        |       -2913.87   |       -2916.39   |        2.52238   |   04:29:26   |   00:34:38   |
9748        |       -2913.24   |       -2915.77   |        2.53035   |   04:29:32   |   00:34:37   |
9749        |        -2912.9   |       -2915.46   |        2.56251   |   04:29:39   |   00:34:36   |
9750        |       -2911.63   |       -2914.28   |        2.65014   |   04:29:46   |   00:34:35   |
9751        |       -2914.27   |       -2917.03   |        2.76192   |   04:31:06   |   00:34:43   |
9752        |       -2914.87   |       -2917.63   |        2.76354   |   04:31:13   |   00:34:42   |
9753        |       -2916.46   |       -2918.87   |        2.40315   |   04:31:20   |   00:34:41   |
9754        |        -2913.2   |       -2915.83   |        2.62945   |   04:31:27   |   00:34:40   |
9755        |       -2912.27   |       -2914.92   |        2.64934   |   04:31:34   |   00:34:39   |
9756        |       -2912.75   |       -2914.07   |        1.31366   |   04:32:54   |   00:34:47   |
9757        |       -2912.52   |       -2913.82   |        1.29811   |   04:33:01   |   00:34:46   |
9758        |       -2913.15   |       -2914.47   |         1.3203   |   04:33:07   |   00:34:45   |
9759        |       -2912.94   |       -2916.04   |        3.10561   |   04:33:14   |   00:34:44   |


Iter        |      Posterior   |     Likelihood   |          Prior   |    elapsed   |        ETA   |
----------------------------------------------------------------------------------------------------
9760        |       -2913.15   |       -2916.25   |         3.1081   |   04:33:21   |   00:34:43   |
9761        |       -2913.15   |       -2916.25   |         3.1081   |   04:34:41   |   00:34:51   |
9762        |       -2913.15   |       -2916.25   |         3.1081   |   04:34:48   |   00:34:50   |
9763        |       -2912.64   |       -2915.75   |        3.11082   |   04:34:55   |   00:34:49   |
9764        |       -2913.71   |       -2917.23   |        3.52366   |   04:35:02   |   00:34:48   |
9765        |       -2912.75   |       -2916.28   |        3.52647   |   04:35:09   |   00:34:47   |
9766        |       -2913.18   |        -2916.5   |         3.3246   |   04:36:29   |   00:34:56   |
9767        |       -2912.99   |       -2915.43   |        2.43445   |   04:36:36   |   00:34:55   |
9768        |       -2916.18   |       -2918.73   |        2.55241   |   04:36:43   |   00:34:54   |
9769        |       -2914.34   |       -2916.35   |        2.00481   |   04:36:49   |   00:34:52   |
9770        |       -2914.72   |       -2916.19   |        1.47492   |   04:36:56   |   00:34:51   |
9771        |       -2915.16   |       -2916.63   |        1.47373   |   04:38:17   |   00:35:00   |
9772        |       -2915.16   |       -2916.63   |        1.47373   |   04:38:24   |   00:34:59   |
9773        |       -2916.42   |       -2917.16   |       0.739761   |   04:38:31   |   00:34:58   |
9774        |        -2915.9   |       -2916.62   |       0.726171   |   04:38:37   |   00:34:56   |
9775        |       -2918.94   |       -2919.82   |       0.871959   |   04:38:44   |   00:34:55   |
9776        |       -2914.99   |       -2917.16   |        2.17253   |   04:40:05   |   00:35:04   |
9777        |       -2913.63   |       -2915.65   |        2.02123   |   04:40:11   |   00:35:02   |
9778        |       -2913.09   |       -2915.77   |        2.67914   |   04:40:18   |   00:35:01   |
9779        |       -2912.81   |       -2915.77   |        2.96166   |   04:40:25   |   00:35:00   |


Iter        |      Posterior   |     Likelihood   |          Prior   |    elapsed   |        ETA   |
----------------------------------------------------------------------------------------------------
9780        |       -2915.81   |       -2918.75   |        2.93754   |   04:40:32   |   00:34:59   |
9781        |       -2917.52   |       -2920.47   |        2.95418   |   04:41:52   |   00:35:07   |
9782        |       -2917.31   |       -2920.26   |        2.95378   |   04:41:59   |   00:35:06   |
9783        |       -2915.16   |       -2915.48   |       0.325716   |   04:42:06   |   00:35:05   |
9784        |       -2913.27   |       -2913.62   |       0.347877   |   04:42:13   |   00:35:04   |
9785        |       -2912.28   |       -2912.99   |       0.707584   |   04:42:19   |   00:35:03   |
9786        |       -2912.01   |       -2912.71   |       0.703527   |   04:43:40   |   00:35:11   |
9787        |       -2912.71   |       -2914.49   |        1.77711   |   04:43:47   |   00:35:10   |
9788        |        -2911.8   |       -2913.32   |        1.52422   |   04:43:54   |   00:35:09   |
9789        |       -2912.48   |       -2914.47   |        1.99169   |   04:44:00   |   00:35:08   |
9790        |       -2913.47   |       -2913.12   |      -0.347676   |   04:44:07   |   00:35:06   |
9791        |       -2915.37   |       -2915.03   |      -0.341894   |   04:45:28   |   00:35:14   |
9792        |       -2915.37   |       -2915.03   |      -0.341894   |   04:45:34   |   00:35:13   |
9793        |       -2913.36   |       -2915.86   |        2.50627   |   04:45:41   |   00:35:12   |
9794        |       -2914.61   |       -2917.22   |        2.60924   |   04:45:48   |   00:35:11   |
9795        |       -2914.34   |       -2916.88   |        2.53445   |   04:45:55   |   00:35:10   |
9796        |       -2915.25   |       -2920.63   |        5.38043   |   04:47:15   |   00:35:18   |
9797        |       -2916.07   |       -2921.45   |        5.37379   |   04:47:22   |   00:35:17   |
9798        |       -2912.98   |       -2916.76   |         3.7829   |   04:47:29   |   00:35:16   |
9799        |       -2912.98   |       -2916.76   |         3.7829   |   04:47:36   |   00:35:14   |


Iter        |      Posterior   |     Likelihood   |          Prior   |    elapsed   |        ETA   |
----------------------------------------------------------------------------------------------------
9800        |       -2914.15   |       -2917.93   |        3.77319   |   04:47:43   |   00:35:13   |
9801        |          -2917   |       -2920.46   |        3.46039   |   04:49:03   |   00:35:21   |
9802        |       -2914.97   |        -2918.4   |        3.43013   |   04:49:10   |   00:35:20   |
9803        |       -2916.31   |       -2919.73   |        3.41907   |   04:49:17   |   00:35:19   |
9804        |       -2912.89   |       -2914.77   |        1.87711   |   04:49:24   |   00:35:18   |
9805        |       -2914.43   |       -2916.27   |         1.8436   |   04:49:30   |   00:35:16   |
9806        |       -2914.43   |       -2916.27   |         1.8436   |   04:50:51   |   00:35:24   |
9807        |       -2914.43   |       -2916.27   |         1.8436   |   04:50:58   |   00:35:23   |
9808        |       -2914.43   |       -2916.27   |         1.8436   |   04:51:05   |   00:35:22   |
9809        |       -2914.43   |       -2916.27   |         1.8436   |   04:51:11   |   00:35:21   |
9810        |       -2914.43   |       -2916.46   |        2.03151   |   04:51:18   |   00:35:20   |
9811        |       -2915.54   |       -2917.57   |        2.02248   |   04:52:39   |   00:35:27   |
9812        |       -2912.98   |       -2914.97   |        1.98857   |   04:52:46   |   00:35:26   |
9813        |       -2913.07   |       -2915.02   |        1.95649   |   04:52:52   |   00:35:25   |
9814        |       -2914.14   |        -2916.1   |        1.95739   |   04:52:59   |   00:35:24   |
9815        |       -2914.39   |       -2916.33   |        1.94379   |   04:53:06   |   00:35:23   |
9816        |        -2912.5   |       -2914.47   |         1.9695   |   04:54:27   |   00:35:30   |
9817        |       -2911.55   |       -2913.53   |        1.97372   |   04:54:34   |   00:35:29   |
9818        |        -2912.6   |       -2914.15   |         1.5545   |   04:54:40   |   00:35:28   |
9819        |       -2913.58   |       -2916.13   |        2.54823   |   04:54:47   |   00:35:27   |


Iter        |      Posterior   |     Likelihood   |          Prior   |    elapsed   |        ETA   |
----------------------------------------------------------------------------------------------------
9820        |       -2913.65   |       -2916.08   |        2.43222   |   04:54:54   |   00:35:26   |
9821        |       -2915.26   |       -2918.39   |        3.13317   |   04:56:15   |   00:35:33   |
9822        |       -2912.05   |       -2911.98   |     -0.0692113   |   04:56:22   |   00:35:32   |
9823        |       -2910.71   |       -2911.24   |       0.531082   |   04:56:28   |   00:35:31   |
9824        |       -2910.98   |        -2911.5   |       0.527421   |   04:56:35   |   00:35:30   |
9825        |       -2909.86   |       -2910.49   |       0.630041   |   04:56:42   |   00:35:28   |
9826        |       -2910.41   |       -2910.64   |       0.227138   |   04:58:03   |   00:35:36   |
9827        |       -2910.94   |       -2911.16   |       0.219322   |   04:58:09   |   00:35:35   |
9828        |       -2910.76   |       -2910.99   |       0.223608   |   04:58:16   |   00:35:34   |
9829        |       -2910.13   |       -2910.35   |       0.220196   |   04:58:23   |   00:35:32   |
9830        |       -2910.78   |       -2910.91   |       0.135717   |   04:58:30   |   00:35:31   |
9831        |       -2916.26   |       -2916.22   |     -0.0378645   |   04:59:50   |   00:35:39   |
9832        |       -2915.44   |       -2915.41   |     -0.0365381   |   04:59:57   |   00:35:37   |
9833        |       -2913.47   |       -2913.44   |     -0.0290966   |   05:00:04   |   00:35:36   |
9834        |       -2915.07   |       -2917.01   |        1.94314   |   05:00:11   |   00:35:35   |
9835        |       -2912.51   |       -2912.13   |      -0.380789   |   05:00:17   |   00:35:34   |
9836        |       -2913.51   |       -2913.28   |      -0.237861   |   05:01:38   |   00:35:41   |
9837        |       -2912.86   |       -2912.64   |      -0.222993   |   05:01:45   |   00:35:40   |
9838        |       -2911.17   |       -2910.95   |      -0.226366   |   05:01:52   |   00:35:39   |
9839        |       -2911.69   |       -2910.78   |       -0.91312   |   05:01:58   |   00:35:37   |


Iter        |      Posterior   |     Likelihood   |          Prior   |    elapsed   |        ETA   |
----------------------------------------------------------------------------------------------------
9840        |          -2912   |       -2910.73   |        -1.2735   |   05:02:05   |   00:35:36   |
9841        |       -2913.67   |        -2912.3   |       -1.37005   |   05:03:32   |   00:35:44   |
9842        |       -2912.94   |       -2911.74   |       -1.20414   |   05:03:38   |   00:35:43   |
9843        |       -2913.39   |       -2912.02   |       -1.36443   |   05:03:45   |   00:35:42   |
9844        |       -2912.23   |       -2911.26   |      -0.972641   |   05:03:52   |   00:35:41   |
9845        |       -2911.32   |       -2911.07   |      -0.258176   |   05:03:59   |   00:35:39   |
9846        |       -2911.32   |       -2911.07   |      -0.258176   |   05:05:19   |   00:35:47   |
9847        |       -2916.73   |        -2917.3   |       0.568725   |   05:05:26   |   00:35:45   |
9848        |       -2917.23   |        -2917.8   |        0.57168   |   05:05:33   |   00:35:44   |
9849        |       -2919.93   |       -2920.86   |        0.92869   |   05:05:40   |   00:35:43   |
9850        |       -2917.03   |       -2917.98   |       0.949338   |   05:05:47   |   00:35:42   |
9851        |       -2915.36   |        -2916.3   |       0.940203   |   05:07:07   |   00:35:49   |
9852        |       -2916.29   |       -2916.99   |       0.696041   |   05:07:14   |   00:35:48   |
9853        |       -2915.47   |       -2916.19   |       0.726972   |   05:07:21   |   00:35:46   |
9854        |       -2913.13   |       -2913.49   |        0.36151   |   05:07:27   |   00:35:45   |
9855        |       -2912.63   |       -2913.03   |       0.393859   |   05:07:34   |   00:35:44   |
9856        |        -2911.4   |       -2913.06   |        1.65445   |   05:08:54   |   00:35:51   |
9857        |       -2913.71   |       -2914.57   |       0.851878   |   05:09:01   |   00:35:49   |
9858        |       -2912.33   |       -2914.93   |         2.5955   |   05:09:08   |   00:35:48   |
9859        |       -2914.11   |       -2916.77   |         2.6529   |   05:09:15   |   00:35:47   |


Iter        |      Posterior   |     Likelihood   |          Prior   |    elapsed   |        ETA   |
----------------------------------------------------------------------------------------------------
9860        |       -2914.65   |       -2916.18   |        1.52442   |   05:09:22   |   00:35:46   |
9861        |       -2912.36   |       -2913.93   |        1.56569   |   05:10:42   |   00:35:53   |
9862        |       -2912.32   |       -2914.87   |        2.55267   |   05:10:49   |   00:35:51   |
9863        |       -2911.97   |       -2914.52   |        2.55782   |   05:10:55   |   00:35:50   |
9864        |       -2911.52   |       -2914.07   |        2.54739   |   05:11:02   |   00:35:49   |
9865        |       -2913.08   |       -2916.53   |        3.45089   |   05:11:09   |   00:35:47   |
9866        |        -2912.8   |       -2916.25   |        3.45218   |   05:12:29   |   00:35:55   |
9867        |       -2912.88   |       -2916.49   |        3.60198   |   05:12:36   |   00:35:53   |
9868        |       -2913.14   |       -2916.54   |        3.39798   |   05:12:43   |   00:35:52   |
9869        |       -2912.84   |       -2914.12   |        1.28058   |   05:12:50   |   00:35:51   |
9870        |       -2912.89   |       -2914.17   |        1.27581   |   05:12:57   |   00:35:49   |
9871        |       -2911.86   |       -2913.15   |        1.28986   |   05:14:17   |   00:35:56   |
9872        |       -2914.35   |       -2916.23   |        1.88323   |   05:14:24   |   00:35:55   |
9873        |       -2916.33   |       -2918.19   |        1.85841   |   05:14:31   |   00:35:54   |
9874        |       -2917.19   |       -2919.08   |        1.88672   |   05:14:38   |   00:35:52   |
9875        |       -2916.16   |       -2918.06   |        1.90292   |   05:14:45   |   00:35:51   |
9876        |       -2916.46   |       -2918.37   |        1.91196   |   05:16:05   |   00:35:58   |
9877        |       -2914.41   |       -2916.93   |        2.51948   |   05:16:12   |   00:35:57   |
9878        |       -2916.65   |       -2919.13   |        2.48281   |   05:16:19   |   00:35:55   |
9879        |       -2919.44   |        -2921.9   |          2.456   |   05:16:25   |   00:35:54   |


Iter        |      Posterior   |     Likelihood   |          Prior   |    elapsed   |        ETA   |
----------------------------------------------------------------------------------------------------
9880        |       -2917.58   |       -2920.04   |        2.46205   |   05:16:32   |   00:35:52   |
9881        |       -2917.97   |       -2920.44   |        2.46732   |   05:17:53   |   00:35:59   |
9882        |       -2917.97   |       -2920.44   |        2.46732   |   05:18:00   |   00:35:58   |
9883        |       -2919.51   |       -2922.37   |        2.86542   |   05:18:06   |   00:35:57   |
9884        |       -2916.86   |       -2919.74   |        2.87689   |   05:18:13   |   00:35:55   |
9885        |       -2914.47   |       -2917.34   |        2.86094   |   05:18:20   |   00:35:54   |
9886        |       -2913.26   |       -2916.12   |        2.86116   |   05:19:40   |   00:36:01   |
9887        |       -2916.32   |       -2920.29   |        3.96596   |   05:19:47   |   00:35:59   |
9888        |       -2917.04   |       -2920.94   |        3.89829   |   05:19:54   |   00:35:58   |
9889        |       -2913.72   |       -2916.45   |         2.7301   |   05:20:01   |   00:35:57   |
9890        |       -2913.72   |       -2916.45   |         2.7301   |   05:20:08   |   00:35:55   |
9891        |       -2913.76   |       -2916.38   |        2.61498   |   05:21:28   |   00:36:02   |
9892        |       -2912.95   |       -2915.58   |         2.6282   |   05:21:35   |   00:36:01   |
9893        |       -2912.95   |       -2915.58   |         2.6282   |   05:21:42   |   00:35:59   |
9894        |       -2913.93   |       -2916.54   |        2.61272   |   05:21:49   |   00:35:58   |
9895        |        -2913.3   |       -2916.01   |        2.71276   |   05:21:56   |   00:35:57   |
9896        |       -2915.13   |       -2917.75   |        2.62137   |   05:23:16   |   00:36:03   |
9897        |       -2912.75   |       -2915.39   |        2.64349   |   05:23:23   |   00:36:02   |
9898        |       -2911.67   |       -2913.99   |         2.3212   |   05:23:30   |   00:36:01   |
9899        |       -2910.96   |       -2913.27   |        2.30917   |   05:23:37   |   00:35:59   |


Iter        |      Posterior   |     Likelihood   |          Prior   |    elapsed   |        ETA   |
----------------------------------------------------------------------------------------------------
9900        |       -2912.79   |        -2915.2   |        2.41512   |   05:23:44   |   00:35:58   |
9901        |        -2913.4   |       -2915.81   |        2.41543   |   05:25:04   |   00:36:04   |
9902        |       -2913.78   |        -2916.2   |        2.41543   |   05:25:11   |   00:36:03   |
9903        |       -2914.31   |       -2917.31   |        3.00437   |   05:25:18   |   00:36:02   |
9904        |       -2915.72   |       -2917.45   |        1.72785   |   05:25:25   |   00:36:00   |
9905        |       -2915.02   |       -2916.44   |        1.42034   |   05:25:31   |   00:35:59   |
9906        |        -2911.1   |       -2912.83   |        1.73072   |   05:26:52   |   00:36:05   |
9907        |       -2912.21   |       -2914.04   |        1.83182   |   05:26:59   |   00:36:04   |
9908        |       -2912.69   |       -2916.05   |        3.36339   |   05:27:05   |   00:36:02   |
9909        |       -2912.67   |       -2916.04   |        3.36359   |   05:27:12   |   00:36:01   |
9910        |       -2912.46   |        -2916.1   |        3.63565   |   05:27:19   |   00:36:00   |
9911        |       -2914.28   |       -2917.91   |        3.62641   |   05:28:40   |   00:36:06   |
9912        |       -2914.34   |       -2916.89   |        2.55643   |   05:28:47   |   00:36:05   |
9913        |        -2913.9   |       -2916.45   |         2.5458   |   05:28:53   |   00:36:03   |
9914        |       -2912.34   |       -2915.49   |        3.15278   |   05:29:00   |   00:36:02   |
9915        |       -2913.32   |       -2915.07   |        1.74234   |   05:29:07   |   00:36:00   |
9916        |       -2915.72   |       -2917.91   |        2.19287   |   05:30:27   |   00:36:07   |
9917        |       -2915.46   |       -2919.17   |           3.71   |   05:30:34   |   00:36:06   |
9918        |       -2915.78   |       -2919.49   |        3.70909   |   05:30:41   |   00:36:04   |
9919        |       -2913.42   |       -2917.43   |        4.01528   |   05:30:48   |   00:36:03   |


Iter        |      Posterior   |     Likelihood   |          Prior   |    elapsed   |        ETA   |
----------------------------------------------------------------------------------------------------
9920        |       -2913.03   |       -2913.76   |       0.726221   |   05:30:55   |   00:36:01   |
9921        |       -2913.54   |       -2915.11   |        1.56451   |   05:32:15   |   00:36:08   |
9922        |       -2912.88   |       -2914.45   |        1.57482   |   05:32:22   |   00:36:06   |
9923        |       -2915.02   |       -2916.58   |        1.55906   |   05:32:29   |   00:36:05   |
9924        |       -2912.76   |       -2914.34   |        1.57735   |   05:32:35   |   00:36:03   |
9925        |       -2912.88   |       -2914.46   |        1.57296   |   05:32:42   |   00:36:02   |
9926        |       -2914.18   |       -2915.74   |        1.55513   |   05:34:03   |   00:36:08   |
9927        |       -2912.75   |       -2914.33   |        1.57607   |   05:34:09   |   00:36:07   |
9928        |        -2912.3   |       -2913.87   |        1.56681   |   05:34:16   |   00:36:05   |
9929        |       -2912.44   |       -2913.99   |        1.55645   |   05:34:23   |   00:36:04   |
9930        |       -2912.44   |       -2913.99   |        1.55645   |   05:34:30   |   00:36:02   |
9931        |       -2914.08   |       -2916.75   |        2.66979   |   05:35:50   |   00:36:09   |
9932        |       -2913.38   |       -2914.47   |         1.0866   |   05:35:57   |   00:36:07   |
9933        |       -2912.12   |       -2913.22   |        1.10077   |   05:36:04   |   00:36:06   |
9934        |       -2914.24   |       -2915.04   |       0.801295   |   05:36:11   |   00:36:04   |
9935        |       -2914.68   |       -2915.41   |       0.725364   |   05:36:18   |   00:36:03   |
9936        |        -2918.8   |       -2919.85   |        1.05086   |   05:37:38   |   00:36:09   |
9937        |       -2918.18   |       -2919.24   |        1.05909   |   05:37:45   |   00:36:07   |
9938        |       -2914.28   |       -2915.04   |       0.753545   |   05:37:52   |   00:36:06   |
9939        |       -2914.28   |       -2915.04   |       0.753545   |   05:37:59   |   00:36:04   |


Iter        |      Posterior   |     Likelihood   |          Prior   |    elapsed   |        ETA   |
----------------------------------------------------------------------------------------------------
9940        |       -2913.13   |       -2916.54   |        3.40811   |   05:38:06   |   00:36:03   |
9941        |       -2914.74   |       -2918.12   |        3.38312   |   05:39:26   |   00:36:09   |
9942        |       -2914.58   |       -2917.48   |        2.90007   |   05:39:33   |   00:36:08   |
9943        |       -2911.78   |       -2914.72   |        2.93984   |   05:39:40   |   00:36:06   |
9944        |       -2912.39   |       -2915.33   |         2.9435   |   05:39:47   |   00:36:04   |
9945        |       -2914.27   |       -2916.29   |        2.02264   |   05:39:54   |   00:36:03   |
9946        |       -2914.81   |       -2919.36   |        4.55142   |   05:41:14   |   00:36:09   |
9947        |        -2916.1   |        -2920.8   |        4.70036   |   05:41:21   |   00:36:08   |
9948        |       -2920.67   |       -2925.31   |        4.63368   |   05:41:28   |   00:36:06   |
9949        |       -2915.75   |       -2920.48   |        4.73322   |   05:41:34   |   00:36:04   |
9950        |       -2915.44   |       -2920.18   |        4.74305   |   05:41:41   |   00:36:03   |
9951        |       -2915.39   |       -2920.15   |        4.76312   |   05:43:02   |   00:36:09   |
9952        |       -2914.83   |       -2919.59   |        4.76221   |   05:43:09   |   00:36:08   |
9953        |       -2914.52   |       -2918.89   |        4.37894   |   05:43:16   |   00:36:06   |
9954        |       -2914.52   |       -2918.89   |        4.37894   |   05:43:22   |   00:36:04   |
9955        |       -2913.86   |       -2917.25   |         3.3942   |   05:43:29   |   00:36:03   |
9956        |       -2914.11   |       -2916.93   |        2.81439   |   05:44:50   |   00:36:09   |
9957        |       -2915.26   |       -2918.05   |        2.79171   |   05:44:56   |   00:36:07   |
9958        |       -2912.52   |       -2915.34   |        2.81851   |   05:45:03   |   00:36:06   |
9959        |       -2912.54   |       -2914.17   |        1.62701   |   05:45:10   |   00:36:04   |


Iter        |      Posterior   |     Likelihood   |          Prior   |    elapsed   |        ETA   |
----------------------------------------------------------------------------------------------------
9960        |       -2911.34   |       -2913.04   |        1.70613   |   05:45:17   |   00:36:03   |
9961        |       -2911.51   |       -2913.55   |        2.04466   |   05:46:39   |   00:36:09   |
9962        |       -2910.96   |       -2913.73   |         2.7687   |   05:46:45   |   00:36:07   |
9963        |       -2910.59   |       -2913.37   |        2.78332   |   05:46:52   |   00:36:06   |
9964        |       -2910.95   |       -2912.02   |        1.06714   |   05:46:59   |   00:36:04   |
9965        |       -2913.61   |       -2914.73   |        1.12038   |   05:47:06   |   00:36:03   |
9966        |       -2913.17   |       -2916.42   |        3.24096   |   05:48:26   |   00:36:09   |
9967        |       -2912.83   |       -2916.08   |        3.24415   |   05:48:33   |   00:36:07   |
9968        |       -2911.33   |       -2914.53   |        3.19999   |   05:48:40   |   00:36:05   |
9969        |       -2912.39   |       -2915.57   |        3.18025   |   05:48:46   |   00:36:04   |
9970        |       -2911.11   |       -2914.53   |        3.41401   |   05:48:53   |   00:36:02   |
9971        |       -2910.91   |       -2914.32   |        3.41614   |   05:50:14   |   00:36:08   |
9972        |        -2911.2   |        -2914.6   |        3.40828   |   05:50:21   |   00:36:07   |
9973        |        -2911.2   |        -2914.6   |        3.40828   |   05:50:27   |   00:36:05   |
9974        |       -2911.83   |       -2914.47   |        2.63652   |   05:50:34   |   00:36:03   |
9975        |       -2911.21   |       -2913.86   |        2.64956   |   05:50:41   |   00:36:02   |
9976        |       -2911.21   |       -2913.86   |        2.64956   |   05:52:01   |   00:36:07   |
9977        |       -2911.47   |       -2913.93   |        2.46354   |   05:52:08   |   00:36:06   |
9978        |       -2911.58   |       -2914.05   |        2.46194   |   05:52:15   |   00:36:04   |
9979        |       -2913.41   |       -2917.98   |        4.56665   |   05:52:22   |   00:36:03   |


Iter        |      Posterior   |     Likelihood   |          Prior   |    elapsed   |        ETA   |
----------------------------------------------------------------------------------------------------
9980        |       -2914.39   |       -2919.15   |        4.76319   |   05:52:29   |   00:36:01   |
9981        |       -2914.38   |       -2917.07   |        2.68282   |   05:53:49   |   00:36:07   |
9982        |       -2913.42   |       -2916.11   |         2.6883   |   05:53:56   |   00:36:05   |
9983        |        -2914.7   |       -2917.18   |        2.47677   |   05:54:03   |   00:36:04   |
9984        |       -2913.03   |       -2915.53   |        2.49415   |   05:54:09   |   00:36:02   |
9985        |       -2912.22   |       -2914.72   |        2.50583   |   05:54:16   |   00:36:00   |
9986        |       -2916.04   |       -2918.51   |        2.46711   |   05:55:37   |   00:36:06   |
9987        |       -2917.92   |       -2921.83   |        3.90532   |   05:55:44   |   00:36:04   |
9988        |       -2917.77   |       -2921.68   |        3.90759   |   05:55:50   |   00:36:03   |
9989        |       -2915.96   |       -2919.86   |        3.90367   |   05:55:57   |   00:36:01   |
9990        |       -2914.63   |       -2918.55   |        3.92629   |   05:56:04   |   00:35:59   |
9991        |       -2914.62   |       -2917.64   |        3.02525   |   05:57:25   |   00:36:05   |
9992        |       -2915.87   |       -2918.97   |        3.09833   |   05:57:31   |   00:36:03   |
9993        |       -2914.25   |       -2917.36   |        3.10851   |   05:57:38   |   00:36:02   |
9994        |       -2913.98   |        -2917.1   |         3.1164   |   05:57:45   |   00:36:00   |
9995        |       -2916.42   |       -2918.84   |        2.41423   |   05:57:52   |   00:35:59   |
9996        |       -2915.67   |       -2918.07   |        2.40126   |   05:59:12   |   00:36:04   |
9997        |       -2913.45   |       -2915.55   |        2.10173   |   05:59:19   |   00:36:03   |
9998        |       -2913.45   |       -2915.55   |        2.10173   |   05:59:26   |   00:36:01   |
9999        |       -2913.45   |       -2915.55   |        2.10173   |   05:59:33   |   00:35:59   |


Iter        |      Posterior   |     Likelihood   |          Prior   |    elapsed   |        ETA   |
----------------------------------------------------------------------------------------------------
10000       |        -2912.6   |       -2914.32   |        1.71465   |   05:59:40   |   00:35:58   |
10001       |       -2916.12   |       -2917.83   |        1.71577   |   06:01:02   |   00:36:03   |
10002       |       -2911.27   |       -2913.03   |        1.76556   |   06:01:09   |   00:36:02   |
10003       |       -2911.05   |       -2912.87   |        1.82285   |   06:01:16   |   00:36:00   |
10004       |       -2911.94   |       -2913.76   |        1.82603   |   06:01:23   |   00:35:58   |
10005       |       -2912.08   |       -2913.49   |        1.41673   |   06:01:29   |   00:35:56   |
10006       |       -2911.25   |        -2912.8   |        1.55562   |   06:02:50   |   00:36:02   |
10007       |       -2911.02   |       -2912.56   |        1.54002   |   06:02:57   |   00:36:00   |
10008       |       -2912.43   |       -2914.41   |         1.9846   |   06:03:03   |   00:35:59   |
10009       |        -2911.4   |       -2913.42   |        2.01404   |   06:03:10   |   00:35:57   |
10010       |       -2909.83   |       -2911.85   |        2.01568   |   06:03:17   |   00:35:55   |
10011       |       -2909.83   |       -2911.85   |        2.01568   |   06:04:38   |   00:36:01   |
10012       |       -2911.87   |       -2911.95   |      0.0832925   |   06:04:45   |   00:35:59   |
10013       |       -2912.32   |       -2912.43   |       0.104216   |   06:04:51   |   00:35:57   |
10014       |       -2910.46   |       -2910.57   |       0.111446   |   06:04:58   |   00:35:56   |
10015       |       -2911.51   |       -2911.62   |       0.104597   |   06:05:05   |   00:35:54   |
10016       |       -2911.62   |        -2911.7   |      0.0797364   |   06:06:25   |   00:35:59   |
10017       |       -2911.38   |       -2911.47   |      0.0927226   |   06:06:32   |   00:35:58   |
10018       |       -2913.39   |       -2913.46   |       0.067179   |   06:06:39   |   00:35:56   |
10019       |       -2913.37   |       -2913.44   |       0.067548   |   06:06:46   |   00:35:54   |


Iter        |      Posterior   |     Likelihood   |          Prior   |    elapsed   |        ETA   |
----------------------------------------------------------------------------------------------------
10020       |       -2914.21   |       -2914.37   |       0.154265   |   06:06:53   |   00:35:52   |
10021       |       -2913.67   |       -2913.84   |       0.167048   |   06:08:13   |   00:35:58   |
10022       |       -2914.08   |       -2914.24   |       0.157068   |   06:08:20   |   00:35:56   |
10023       |       -2913.54   |       -2913.71   |       0.164948   |   06:08:27   |   00:35:54   |
10024       |        -2914.5   |       -2914.29   |      -0.209719   |   06:08:34   |   00:35:53   |
10025       |       -2916.62   |       -2918.23   |        1.60533   |   06:08:41   |   00:35:51   |
10026       |       -2913.03   |       -2914.96   |        1.93644   |   06:10:01   |   00:35:56   |
10027       |       -2913.22   |       -2914.78   |        1.56142   |   06:10:08   |   00:35:55   |
10028       |       -2916.35   |        -2917.9   |        1.55728   |   06:10:15   |   00:35:53   |
10029       |       -2913.84   |       -2915.63   |        1.79101   |   06:10:22   |   00:35:51   |
10030       |       -2913.86   |       -2914.94   |        1.08231   |   06:10:28   |   00:35:49   |
10031       |       -2912.34   |       -2913.25   |       0.910607   |   06:11:49   |   00:35:55   |
10032       |       -2916.19   |       -2917.91   |        1.72284   |   06:11:56   |   00:35:53   |
10033       |       -2914.68   |       -2916.45   |        1.77064   |   06:12:03   |   00:35:51   |
10034       |       -2915.78   |       -2917.78   |        1.99821   |   06:12:09   |   00:35:49   |
10035       |       -2917.93   |       -2919.52   |        1.59165   |   06:12:16   |   00:35:47   |
10036       |       -2917.91   |        -2919.5   |        1.59117   |   06:13:37   |   00:35:53   |
10037       |       -2919.38   |       -2920.99   |        1.61139   |   06:13:43   |   00:35:51   |
10038       |        -2915.1   |       -2916.91   |        1.80881   |   06:13:50   |   00:35:49   |
10039       |          -2916   |       -2917.82   |        1.82223   |   06:13:57   |   00:35:47   |


Iter        |      Posterior   |     Likelihood   |          Prior   |    elapsed   |        ETA   |
----------------------------------------------------------------------------------------------------
10040       |       -2913.21   |       -2915.07   |        1.85996   |   06:14:04   |   00:35:46   |
10041       |       -2913.27   |       -2912.91   |      -0.364501   |   06:15:24   |   00:35:51   |
10042       |       -2912.22   |       -2911.87   |      -0.348184   |   06:15:31   |   00:35:49   |
10043       |       -2913.37   |       -2913.04   |      -0.325917   |   06:15:38   |   00:35:47   |
10044       |       -2913.41   |        -2913.1   |      -0.317992   |   06:15:45   |   00:35:45   |
10045       |       -2911.48   |       -2913.03   |        1.54718   |   06:15:52   |   00:35:44   |
10046       |       -2912.43   |       -2913.97   |        1.53552   |   06:17:12   |   00:35:49   |
10047       |          -2913   |       -2915.06   |        2.06362   |   06:17:19   |   00:35:47   |
10048       |       -2915.64   |       -2917.88   |        2.24268   |   06:17:26   |   00:35:45   |
10049       |       -2913.74   |       -2915.43   |        1.69016   |   06:17:33   |   00:35:43   |
10050       |       -2913.88   |       -2914.13   |       0.251244   |   06:17:40   |   00:35:41   |
10051       |       -2915.38   |       -2918.31   |        2.93454   |   06:19:00   |   00:35:47   |
10052       |       -2916.12   |       -2917.82   |        1.69658   |   06:19:07   |   00:35:45   |
10053       |       -2913.46   |       -2914.81   |        1.34246   |   06:19:14   |   00:35:43   |
10054       |       -2911.27   |        -2911.3   |      0.0318811   |   06:19:20   |   00:35:41   |
10055       |       -2912.57   |       -2913.78   |        1.20751   |   06:19:27   |   00:35:39   |
10056       |       -2913.11   |       -2911.82   |       -1.29391   |   06:20:48   |   00:35:44   |
10057       |       -2913.76   |       -2912.48   |       -1.28321   |   06:20:55   |   00:35:43   |
10058       |       -2912.25   |       -2910.97   |       -1.27393   |   06:21:02   |   00:35:41   |
10059       |       -2911.33   |       -2910.02   |       -1.30512   |   06:21:08   |   00:35:39   |


Iter        |      Posterior   |     Likelihood   |          Prior   |    elapsed   |        ETA   |
----------------------------------------------------------------------------------------------------
10060       |       -2910.95   |       -2910.86   |     -0.0884473   |   06:21:15   |   00:35:37   |
10061       |       -2911.62   |       -2911.52   |     -0.0983795   |   06:22:36   |   00:35:42   |
10062       |       -2913.46   |       -2911.43   |       -2.02917   |   06:22:43   |   00:35:40   |
10063       |       -2912.13   |        -2910.1   |       -2.03204   |   06:22:49   |   00:35:38   |
10064       |       -2912.13   |        -2910.1   |       -2.03204   |   06:22:56   |   00:35:36   |
10065       |       -2912.13   |        -2910.1   |       -2.03204   |   06:23:03   |   00:35:35   |
10066       |       -2912.54   |       -2910.41   |       -2.12267   |   06:24:24   |   00:35:40   |
10067       |       -2913.13   |       -2911.14   |       -1.99551   |   06:24:30   |   00:35:38   |
10068       |       -2913.76   |       -2911.76   |       -2.00409   |   06:24:37   |   00:35:36   |
10069       |       -2912.46   |       -2910.45   |       -2.00885   |   06:24:44   |   00:35:34   |
10070       |       -2912.45   |       -2910.37   |       -2.08055   |   06:24:51   |   00:35:32   |
10071       |       -2912.39   |        -2910.3   |       -2.08687   |   06:26:12   |   00:35:37   |
10072       |       -2914.68   |       -2912.68   |       -2.00078   |   06:26:18   |   00:35:35   |
10073       |       -2912.62   |       -2910.73   |       -1.88977   |   06:26:25   |   00:35:33   |
10074       |       -2911.83   |       -2911.14   |      -0.690331   |   06:26:32   |   00:35:31   |
10075       |       -2913.65   |       -2912.94   |      -0.714776   |   06:26:39   |   00:35:29   |
10076       |       -2912.87   |       -2914.94   |        2.06665   |   06:27:59   |   00:35:34   |
10077       |       -2912.87   |       -2914.94   |        2.06665   |   06:28:06   |   00:35:32   |
10078       |       -2912.87   |       -2914.94   |        2.06665   |   06:28:13   |   00:35:30   |
10079       |       -2912.79   |       -2914.27   |         1.4834   |   06:28:20   |   00:35:29   |


Iter        |      Posterior   |     Likelihood   |          Prior   |    elapsed   |        ETA   |
----------------------------------------------------------------------------------------------------
10080       |       -2912.19   |       -2913.68   |        1.48939   |   06:28:27   |   00:35:27   |
10081       |        -2912.2   |       -2913.97   |        1.76873   |   06:29:47   |   00:35:31   |
10082       |       -2914.84   |       -2916.59   |        1.75128   |   06:29:54   |   00:35:30   |
10083       |       -2915.85   |       -2917.59   |         1.7392   |   06:30:01   |   00:35:28   |
10084       |       -2920.55   |       -2921.88   |         1.3263   |   06:30:08   |   00:35:26   |
10085       |       -2914.76   |       -2916.37   |        1.61468   |   06:30:14   |   00:35:24   |
10086       |       -2915.63   |       -2917.24   |        1.61323   |   06:31:35   |   00:35:29   |
10087       |       -2915.63   |       -2917.24   |        1.61323   |   06:31:42   |   00:35:27   |
10088       |       -2915.63   |       -2917.24   |        1.61323   |   06:31:48   |   00:35:25   |
10089       |       -2918.06   |       -2919.63   |        1.56207   |   06:31:55   |   00:35:23   |
10090       |       -2920.59   |       -2922.25   |        1.65823   |   06:32:02   |   00:35:21   |
10091       |          -2919   |       -2920.67   |        1.67859   |   06:33:23   |   00:35:26   |
10092       |       -2917.05   |       -2918.74   |        1.69085   |   06:33:29   |   00:35:24   |
10093       |          -2915   |       -2916.27   |        1.26591   |   06:33:36   |   00:35:22   |
10094       |       -2913.69   |       -2914.73   |        1.03413   |   06:33:43   |   00:35:20   |
10095       |       -2915.55   |       -2916.45   |       0.902858   |   06:33:50   |   00:35:18   |
10096       |       -2916.21   |       -2917.02   |       0.813358   |   06:35:10   |   00:35:23   |
10097       |       -2914.53   |       -2915.62   |        1.09253   |   06:35:17   |   00:35:21   |
10098       |       -2913.33   |       -2914.43   |        1.09253   |   06:35:24   |   00:35:19   |
10099       |       -2915.14   |       -2917.22   |        2.07957   |   06:35:31   |   00:35:17   |


Iter        |      Posterior   |     Likelihood   |          Prior   |    elapsed   |        ETA   |
----------------------------------------------------------------------------------------------------
10100       |       -2914.64   |       -2917.13   |        2.49284   |   06:35:38   |   00:35:15   |
10101       |       -2917.47   |       -2918.15   |       0.678915   |   06:36:58   |   00:35:19   |
10102       |       -2913.68   |       -2914.39   |       0.713488   |   06:37:05   |   00:35:17   |
10103       |       -2915.14   |       -2916.57   |        1.43682   |   06:37:12   |   00:35:15   |
10104       |       -2912.68   |       -2914.16   |        1.47673   |   06:37:19   |   00:35:13   |
10105       |       -2913.04   |       -2914.22   |        1.18262   |   06:37:26   |   00:35:12   |
10106       |       -2911.64   |       -2911.97   |       0.328186   |   06:38:46   |   00:35:16   |
10107       |       -2912.36   |       -2912.53   |       0.170494   |   06:38:53   |   00:35:14   |
10108       |       -2914.73   |       -2914.93   |        0.20211   |   06:38:59   |   00:35:12   |
10109       |       -2920.53   |       -2919.84   |       -0.69125   |   06:39:06   |   00:35:10   |
10110       |       -2911.91   |       -2911.23   |      -0.680969   |   06:39:13   |   00:35:08   |
10111       |       -2911.98   |       -2911.29   |      -0.685486   |   06:40:33   |   00:35:13   |
10112       |       -2912.63   |       -2913.91   |        1.28054   |   06:40:40   |   00:35:11   |
10113       |       -2910.88   |       -2912.28   |        1.40004   |   06:40:47   |   00:35:09   |
10114       |       -2912.35   |       -2915.06   |        2.70871   |   06:40:54   |   00:35:07   |
10115       |       -2910.71   |       -2913.58   |        2.86739   |   06:41:01   |   00:35:05   |
10116       |       -2912.84   |        -2915.8   |         2.9616   |   06:42:21   |   00:35:09   |
10117       |       -2914.48   |       -2917.42   |        2.93428   |   06:42:28   |   00:35:07   |
10118       |        -2913.9   |       -2916.84   |        2.93373   |   06:42:35   |   00:35:05   |
10119       |       -2913.38   |       -2915.93   |        2.54779   |   06:42:41   |   00:35:03   |


Iter        |      Posterior   |     Likelihood   |          Prior   |    elapsed   |        ETA   |
----------------------------------------------------------------------------------------------------
10120       |       -2911.59   |       -2914.15   |         2.5631   |   06:42:48   |   00:35:01   |
10121       |       -2910.77   |       -2912.88   |        2.11344   |   06:44:08   |   00:35:05   |
10122       |       -2910.77   |       -2912.88   |        2.11344   |   06:44:15   |   00:35:03   |
10123       |       -2911.93   |       -2915.03   |        3.10409   |   06:44:22   |   00:35:01   |
10124       |       -2913.14   |       -2916.24   |        3.09401   |   06:44:29   |   00:34:59   |
10125       |       -2913.09   |       -2916.39   |        3.29997   |   06:44:36   |   00:34:57   |
10126       |       -2911.82   |       -2915.13   |        3.30826   |   06:45:56   |   00:35:02   |
10127       |       -2912.72   |       -2915.79   |        3.07686   |   06:46:03   |   00:35:00   |
10128       |       -2914.57   |       -2916.95   |        2.37995   |   06:46:10   |   00:34:58   |
10129       |       -2916.46   |       -2918.81   |        2.34502   |   06:46:17   |   00:34:56   |
10130       |       -2912.86   |       -2915.24   |        2.38722   |   06:46:23   |   00:34:54   |
10131       |        -2917.7   |       -2920.06   |        2.36191   |   06:47:44   |   00:34:58   |
10132       |       -2920.12   |       -2922.46   |        2.33196   |   06:47:50   |   00:34:56   |
10133       |       -2915.88   |       -2918.32   |        2.44513   |   06:47:57   |   00:34:54   |
10134       |       -2912.79   |       -2915.25   |           2.46   |   06:48:04   |   00:34:52   |
10135       |       -2913.04   |       -2915.46   |        2.42476   |   06:48:11   |   00:34:50   |
10136       |       -2913.04   |       -2915.46   |        2.42476   |   06:49:31   |   00:34:54   |
10137       |       -2913.51   |       -2915.89   |        2.38183   |   06:49:38   |   00:34:52   |
10138       |       -2913.46   |       -2915.88   |        2.42038   |   06:49:45   |   00:34:50   |
10139       |       -2913.46   |       -2915.88   |        2.42038   |   06:49:52   |   00:34:48   |


Iter        |      Posterior   |     Likelihood   |          Prior   |    elapsed   |        ETA   |
----------------------------------------------------------------------------------------------------
10140       |       -2913.12   |       -2915.53   |        2.40732   |   06:49:58   |   00:34:46   |
10141       |       -2914.79   |       -2916.12   |        1.32624   |   06:51:19   |   00:34:50   |
10142       |       -2917.23   |       -2921.03   |        3.79794   |   06:51:25   |   00:34:48   |
10143       |       -2915.25   |       -2919.21   |        3.96469   |   06:51:32   |   00:34:46   |
10144       |       -2913.68   |       -2915.99   |        2.30483   |   06:51:39   |   00:34:44   |
10145       |        -2914.3   |       -2918.56   |        4.25753   |   06:51:46   |   00:34:42   |
10146       |       -2919.27   |        -2921.8   |        2.52881   |   06:53:06   |   00:34:46   |
10147       |       -2915.92   |       -2918.42   |        2.49989   |   06:53:13   |   00:34:44   |
10148       |        -2915.5   |       -2917.76   |        2.26097   |   06:53:20   |   00:34:42   |
10149       |       -2914.49   |       -2916.08   |        1.59005   |   06:53:27   |   00:34:40   |
10150       |       -2912.17   |       -2913.79   |        1.62484   |   06:53:34   |   00:34:38   |
10151       |       -2913.08   |        -2911.2   |       -1.88119   |   06:54:54   |   00:34:42   |
10152       |       -2913.95   |        -2912.1   |       -1.84806   |   06:55:01   |   00:34:39   |
10153       |       -2915.12   |       -2914.01   |       -1.10552   |   06:55:08   |   00:34:37   |
10154       |       -2915.62   |       -2914.49   |       -1.12978   |   06:55:15   |   00:34:35   |
10155       |       -2913.67   |        -2913.3   |      -0.368783   |   06:55:21   |   00:34:33   |
10156       |       -2914.01   |       -2913.63   |      -0.383837   |   06:56:42   |   00:34:37   |
10157       |       -2913.52   |       -2913.03   |      -0.488222   |   06:56:49   |   00:34:35   |
10158       |       -2913.73   |       -2913.25   |      -0.475129   |   06:56:55   |   00:34:33   |
10159       |       -2914.03   |       -2913.55   |      -0.472385   |   06:57:02   |   00:34:31   |


Iter        |      Posterior   |     Likelihood   |          Prior   |    elapsed   |        ETA   |
----------------------------------------------------------------------------------------------------
10160       |       -2916.59   |       -2914.94   |       -1.64935   |   06:57:09   |   00:34:29   |
10161       |       -2914.95   |       -2913.33   |       -1.62196   |   06:58:41   |   00:34:34   |
10162       |        -2913.6   |       -2913.13   |      -0.477231   |   06:58:49   |   00:34:32   |
10163       |       -2913.45   |       -2911.46   |       -1.98702   |   06:58:57   |   00:34:30   |
10164       |       -2915.91   |       -2913.93   |       -1.98442   |   06:59:05   |   00:34:28   |
10165       |       -2917.77   |       -2916.26   |        -1.5044   |   06:59:13   |   00:34:26   |
10166       |        -2918.1   |       -2917.25   |      -0.858226   |   07:00:46   |   00:34:31   |
10167       |       -2913.03   |       -2912.18   |      -0.852967   |   07:00:54   |   00:34:29   |
10168       |       -2917.15   |       -2915.11   |       -2.04328   |   07:01:02   |   00:34:27   |
10169       |        -2913.8   |       -2911.81   |       -1.98995   |   07:01:10   |   00:34:25   |
10170       |       -2913.67   |       -2911.48   |       -2.18975   |   07:01:18   |   00:34:23   |
10171       |       -2910.68   |       -2908.58   |        -2.1017   |   07:02:51   |   00:34:27   |
10172       |       -2910.75   |       -2909.47   |       -1.27831   |   07:02:59   |   00:34:25   |
10173       |       -2911.17   |          -2910   |       -1.16697   |   07:03:07   |   00:34:23   |
10174       |       -2910.57   |        -2909.4   |       -1.16852   |   07:03:15   |   00:34:21   |
10175       |        -2911.9   |       -2910.73   |       -1.17198   |   07:03:23   |   00:34:19   |
10176       |       -2912.82   |       -2911.66   |       -1.16212   |   07:04:56   |   00:34:24   |
10177       |       -2913.96   |        -2912.8   |       -1.15917   |   07:05:04   |   00:34:22   |
10178       |       -2914.65   |       -2913.94   |      -0.708166   |   07:05:12   |   00:34:20   |
10179       |       -2916.79   |       -2916.08   |      -0.716193   |   07:05:20   |   00:34:18   |


Iter        |      Posterior   |     Likelihood   |          Prior   |    elapsed   |        ETA   |
----------------------------------------------------------------------------------------------------
10180       |       -2916.03   |       -2915.32   |      -0.712762   |   07:05:28   |   00:34:16   |
10181       |          -2915   |       -2914.31   |      -0.681705   |   07:07:01   |   00:34:21   |
10182       |       -2914.56   |        -2914.8   |       0.236239   |   07:07:09   |   00:34:18   |
10183       |       -2913.36   |        -2913.6   |       0.236136   |   07:07:17   |   00:34:16   |
10184       |       -2913.62   |       -2913.85   |       0.236892   |   07:07:25   |   00:34:14   |
10185       |       -2913.55   |       -2913.77   |       0.221025   |   07:07:33   |   00:34:12   |
10186       |       -2912.81   |       -2910.15   |       -2.66783   |   07:09:06   |   00:34:17   |
10187       |       -2913.19   |       -2910.52   |          -2.67   |   07:09:14   |   00:34:15   |
10188       |       -2913.19   |       -2910.52   |       -2.67346   |   07:09:22   |   00:34:13   |
10189       |        -2915.6   |       -2913.58   |       -2.01827   |   07:09:30   |   00:34:11   |
10190       |        -2916.1   |        -2914.2   |       -1.90192   |   07:09:38   |   00:34:09   |
10191       |       -2914.06   |       -2915.55   |        1.48875   |   07:11:11   |   00:34:13   |
10192       |       -2913.45   |       -2914.94   |         1.4925   |   07:11:19   |   00:34:11   |
10193       |       -2913.67   |       -2915.16   |        1.49234   |   07:11:27   |   00:34:09   |
10194       |       -2913.17   |          -2914   |       0.834068   |   07:11:35   |   00:34:07   |
10195       |       -2913.04   |       -2913.87   |       0.834218   |   07:11:43   |   00:34:05   |
10196       |       -2913.06   |       -2913.89   |       0.832739   |   07:13:16   |   00:34:09   |
10197       |       -2914.14   |       -2915.27   |        1.13417   |   07:13:24   |   00:34:07   |
10198       |       -2914.64   |       -2915.77   |         1.1288   |   07:13:32   |   00:34:05   |
10199       |       -2913.28   |       -2914.45   |        1.17192   |   07:13:40   |   00:34:03   |


Iter        |      Posterior   |     Likelihood   |          Prior   |    elapsed   |        ETA   |
----------------------------------------------------------------------------------------------------
10200       |       -2912.55   |       -2915.18   |        2.63013   |   07:13:48   |   00:34:01   |
10201       |       -2915.19   |       -2917.87   |        2.67936   |   07:15:21   |   00:34:05   |
10202       |        -2915.5   |        -2916.4   |       0.898789   |   07:15:29   |   00:34:03   |
10203       |       -2915.99   |       -2916.82   |       0.835296   |   07:15:36   |   00:34:01   |
10204       |       -2914.22   |       -2915.08   |       0.859029   |   07:15:44   |   00:33:59   |
10205       |       -2910.73   |       -2912.13   |        1.40312   |   07:15:52   |   00:33:57   |
10206       |       -2910.93   |       -2912.33   |        1.40212   |   07:17:25   |   00:34:01   |
10207       |        -2912.8   |       -2913.56   |       0.768742   |   07:17:33   |   00:33:59   |
10208       |       -2911.63   |       -2912.41   |       0.778519   |   07:17:41   |   00:33:57   |
10209       |       -2912.16   |       -2913.53   |        1.37155   |   07:17:49   |   00:33:55   |
10210       |       -2912.17   |       -2913.54   |        1.36918   |   07:17:57   |   00:33:53   |
10211       |       -2910.55   |       -2911.93   |        1.38031   |   07:19:30   |   00:33:57   |
10212       |       -2911.83   |       -2913.22   |        1.38584   |   07:19:38   |   00:33:55   |
10213       |       -2911.43   |       -2912.82   |        1.38179   |   07:19:46   |   00:33:53   |
10214       |       -2913.23   |       -2915.61   |        2.38249   |   07:19:54   |   00:33:51   |
10215       |       -2910.81   |       -2911.96   |        1.14722   |   07:20:01   |   00:33:48   |
10216       |        -2908.9   |       -2912.15   |        3.25373   |   07:21:34   |   00:33:53   |
10217       |       -2909.14   |       -2912.39   |        3.25234   |   07:21:42   |   00:33:51   |
10218       |       -2909.14   |       -2912.39   |        3.25234   |   07:21:50   |   00:33:48   |
10219       |          -2913   |       -2916.25   |        3.24323   |   07:21:58   |   00:33:46   |


Iter        |      Posterior   |     Likelihood   |          Prior   |    elapsed   |        ETA   |
----------------------------------------------------------------------------------------------------
10220       |       -2912.79   |       -2916.26   |        3.47596   |   07:22:06   |   00:33:44   |
10221       |       -2912.56   |       -2916.04   |        3.47665   |   07:23:38   |   00:33:48   |
10222       |       -2914.73   |       -2918.17   |        3.44559   |   07:23:46   |   00:33:46   |
10223       |       -2913.53   |       -2916.98   |        3.45001   |   07:23:54   |   00:33:44   |
10224       |       -2913.31   |       -2916.76   |        3.45285   |   07:24:02   |   00:33:42   |
10225       |       -2915.88   |       -2919.31   |        3.42928   |   07:24:10   |   00:33:39   |
10226       |        -2914.1   |       -2917.54   |        3.44458   |   07:25:43   |   00:33:44   |
10227       |       -2916.73   |       -2922.73   |        5.99956   |   07:25:51   |   00:33:41   |
10228       |       -2917.09   |       -2923.03   |        5.93652   |   07:25:59   |   00:33:39   |
10229       |        -2913.3   |       -2916.81   |        3.51277   |   07:26:07   |   00:33:37   |
10230       |       -2913.08   |       -2916.59   |        3.50739   |   07:26:15   |   00:33:35   |
10231       |        -2913.7   |       -2918.01   |         4.3102   |   07:27:48   |   00:33:39   |
10232       |       -2914.89   |       -2917.53   |        2.64504   |   07:27:56   |   00:33:37   |
10233       |       -2913.68   |       -2916.28   |         2.5965   |   07:28:04   |   00:33:35   |
10234       |       -2913.28   |       -2915.93   |        2.65036   |   07:28:12   |   00:33:32   |
10235       |       -2912.84   |       -2915.49   |        2.65043   |   07:28:20   |   00:33:30   |
10236       |        -2914.2   |        -2915.4   |        1.20204   |   07:29:53   |   00:33:34   |
10237       |       -2914.62   |        -2915.8   |         1.1875   |   07:30:01   |   00:33:32   |
10238       |       -2921.98   |       -2923.13   |        1.14121   |   07:30:09   |   00:33:30   |
10239       |          -2922   |        -2923.6   |        1.60182   |   07:30:17   |   00:33:28   |


Iter        |      Posterior   |     Likelihood   |          Prior   |    elapsed   |        ETA   |
----------------------------------------------------------------------------------------------------
10240       |       -2921.78   |        -2923.9   |        2.12468   |   07:30:25   |   00:33:25   |
10241       |       -2920.96   |       -2923.09   |        2.12926   |   07:31:58   |   00:33:29   |
10242       |       -2916.15   |        -2918.3   |          2.151   |   07:32:06   |   00:33:27   |
10243       |       -2916.53   |       -2918.55   |        2.02244   |   07:32:14   |   00:33:25   |
10244       |       -2916.71   |       -2918.75   |         2.0452   |   07:32:22   |   00:33:23   |
10245       |       -2915.67   |       -2916.54   |        0.86584   |   07:32:29   |   00:33:20   |
10246       |       -2915.71   |       -2916.59   |        0.88634   |   07:34:02   |   00:33:24   |
10247       |       -2915.32   |       -2916.11   |       0.784685   |   07:34:10   |   00:33:22   |
10248       |       -2913.98   |       -2914.98   |        1.00818   |   07:34:18   |   00:33:20   |
10249       |       -2911.79   |       -2909.61   |        -2.1832   |   07:34:26   |   00:33:17   |
10250       |       -2912.43   |        -2910.1   |       -2.33282   |   07:34:34   |   00:33:15   |
10251       |       -2912.35   |       -2910.74   |       -1.60789   |   07:36:06   |   00:33:19   |
10252       |       -2915.36   |       -2913.92   |        -1.4421   |   07:36:14   |   00:33:17   |
10253       |       -2911.51   |       -2910.11   |       -1.40177   |   07:36:22   |   00:33:14   |
10254       |       -2914.27   |       -2912.87   |        -1.4015   |   07:36:30   |   00:33:12   |
10255       |       -2911.71   |       -2910.31   |       -1.40176   |   07:36:38   |   00:33:10   |
10256       |       -2911.27   |       -2909.87   |        -1.4006   |   07:38:11   |   00:33:14   |
10257       |       -2911.74   |        -2910.2   |        -1.5383   |   07:38:18   |   00:33:11   |
10258       |       -2911.76   |       -2910.22   |       -1.53801   |   07:38:26   |   00:33:09   |
10259       |       -2911.76   |       -2910.22   |       -1.53801   |   07:38:34   |   00:33:07   |


Iter        |      Posterior   |     Likelihood   |          Prior   |    elapsed   |        ETA   |
----------------------------------------------------------------------------------------------------
10260       |       -2911.71   |       -2910.31   |        -1.4014   |   07:38:42   |   00:33:05   |
10261       |       -2912.94   |       -2911.59   |       -1.34681   |   07:40:15   |   00:33:08   |
10262       |       -2912.85   |       -2911.74   |       -1.11701   |   07:40:23   |   00:33:06   |
10263       |       -2914.67   |       -2912.39   |       -2.27939   |   07:40:31   |   00:33:04   |
10264       |       -2911.77   |       -2909.42   |       -2.34233   |   07:40:39   |   00:33:01   |
10265       |       -2913.17   |       -2910.81   |       -2.36181   |   07:40:47   |   00:32:59   |
10266       |       -2910.09   |       -2911.49   |        1.39472   |   07:42:20   |   00:33:03   |
10267       |       -2910.31   |        -2911.7   |         1.3951   |   07:42:28   |   00:33:01   |
10268       |       -2911.24   |       -2912.66   |        1.41203   |   07:42:36   |   00:32:58   |
10269       |       -2912.89   |       -2916.93   |        4.03522   |   07:42:44   |   00:32:56   |
10270       |       -2916.85   |       -2920.85   |        4.00167   |   07:42:51   |   00:32:53   |
10271       |       -2914.85   |       -2918.89   |        4.04238   |   07:44:24   |   00:32:57   |
10272       |       -2914.85   |       -2918.89   |        4.04238   |   07:44:32   |   00:32:55   |
10273       |       -2915.96   |       -2919.91   |        3.95422   |   07:44:40   |   00:32:53   |
10274       |        -2916.8   |       -2919.05   |        2.25306   |   07:44:48   |   00:32:50   |
10275       |       -2916.99   |        -2920.1   |        3.11067   |   07:44:56   |   00:32:48   |
10276       |        -2916.5   |       -2919.55   |        3.05277   |   07:46:29   |   00:32:51   |
10277       |       -2915.77   |       -2918.83   |        3.05889   |   07:46:37   |   00:32:49   |
10278       |       -2919.94   |       -2923.27   |        3.32899   |   07:46:45   |   00:32:47   |
10279       |       -2916.45   |       -2921.45   |        5.00186   |   07:46:53   |   00:32:44   |


Iter        |      Posterior   |     Likelihood   |          Prior   |    elapsed   |        ETA   |
----------------------------------------------------------------------------------------------------
10280       |        -2915.8   |       -2920.01   |        4.20348   |   07:47:01   |   00:32:42   |
10281       |       -2915.69   |        -2919.9   |        4.20928   |   07:48:34   |   00:32:46   |
10282       |       -2915.82   |       -2920.41   |        4.59729   |   07:48:42   |   00:32:43   |
10283       |       -2917.36   |       -2922.14   |        4.77869   |   07:48:50   |   00:32:41   |
10284       |       -2917.05   |       -2921.81   |        4.75586   |   07:48:58   |   00:32:39   |
10285       |       -2916.43   |       -2920.72   |        4.28246   |   07:49:06   |   00:32:36   |
10286       |       -2916.13   |        -2920.4   |        4.27179   |   07:50:38   |   00:32:40   |
10287       |       -2913.62   |       -2918.16   |        4.54213   |   07:50:46   |   00:32:37   |
10288       |       -2913.63   |       -2917.91   |         4.2784   |   07:50:54   |   00:32:35   |
10289       |       -2913.63   |       -2917.91   |         4.2784   |   07:51:02   |   00:32:32   |
10290       |       -2915.32   |       -2919.74   |         4.4177   |   07:51:10   |   00:32:30   |
10291       |       -2916.75   |       -2921.12   |        4.37263   |   07:52:43   |   00:32:34   |
10292       |       -2915.02   |       -2919.41   |        4.38977   |   07:52:51   |   00:32:31   |
10293       |       -2918.08   |       -2922.47   |        4.38443   |   07:52:59   |   00:32:29   |
10294       |       -2917.57   |       -2921.96   |        4.39457   |   07:53:07   |   00:32:26   |
10295       |       -2916.84   |       -2922.54   |        5.69189   |   07:53:15   |   00:32:24   |
10296       |       -2917.92   |        -2923.6   |        5.67598   |   07:54:48   |   00:32:27   |
10297       |       -2917.01   |       -2922.42   |        5.41791   |   07:54:56   |   00:32:25   |
10298       |       -2913.45   |       -2916.43   |        2.97783   |   07:55:04   |   00:32:23   |
10299       |       -2911.32   |       -2914.31   |        2.99326   |   07:55:12   |   00:32:20   |


Iter        |      Posterior   |     Likelihood   |          Prior   |    elapsed   |        ETA   |
----------------------------------------------------------------------------------------------------
10300       |       -2911.97   |       -2914.97   |        3.00119   |   07:55:20   |   00:32:18   |
10301       |       -2912.75   |       -2915.74   |        2.99226   |   07:56:53   |   00:32:21   |
10302       |       -2915.76   |       -2918.73   |        2.97462   |   07:57:01   |   00:32:19   |
10303       |       -2914.47   |       -2917.12   |        2.64857   |   07:57:09   |   00:32:16   |
10304       |       -2917.45   |       -2920.08   |        2.63464   |   07:57:17   |   00:32:14   |
10305       |       -2914.32   |       -2916.95   |        2.63616   |   07:57:25   |   00:32:11   |
10306       |       -2912.97   |       -2916.61   |        3.63613   |   07:58:58   |   00:32:15   |
10307       |       -2915.13   |       -2917.53   |        2.39407   |   07:59:06   |   00:32:12   |
10308       |       -2912.71   |        -2914.8   |        2.08444   |   07:59:14   |   00:32:10   |
10309       |       -2911.49   |       -2913.58   |        2.09081   |   07:59:22   |   00:32:07   |
10310       |       -2911.28   |       -2913.32   |        2.04082   |   07:59:30   |   00:32:05   |
10311       |       -2910.64   |       -2911.09   |       0.446514   |   08:01:03   |   00:32:08   |
10312       |       -2910.64   |       -2911.09   |       0.446514   |   08:01:11   |   00:32:06   |
10313       |       -2912.35   |       -2912.93   |        0.58101   |   08:01:19   |   00:32:03   |
10314       |       -2912.99   |       -2913.56   |       0.575407   |   08:01:27   |   00:32:01   |
10315       |       -2915.94   |       -2916.51   |       0.572016   |   08:01:36   |   00:31:58   |
10316       |       -2914.04   |       -2914.55   |       0.508971   |   08:03:07   |   00:32:01   |
10317       |       -2914.27   |       -2914.66   |       0.389129   |   08:03:15   |   00:31:59   |
10318       |       -2914.08   |        -2915.8   |        1.72448   |   08:03:24   |   00:31:57   |
10319       |       -2913.58   |       -2915.33   |        1.74494   |   08:03:32   |   00:31:54   |


Iter        |      Posterior   |     Likelihood   |          Prior   |    elapsed   |        ETA   |
----------------------------------------------------------------------------------------------------
10320       |       -2912.76   |       -2914.57   |         1.8079   |   08:03:40   |   00:31:52   |
10321       |       -2914.23   |       -2916.09   |        1.85407   |   08:05:13   |   00:31:55   |
10322       |       -2914.23   |       -2916.09   |        1.85407   |   08:05:21   |   00:31:52   |
10323       |       -2917.45   |       -2919.58   |        2.12879   |   08:05:30   |   00:31:50   |
10324       |       -2912.59   |       -2914.67   |        2.07683   |   08:05:38   |   00:31:47   |
10325       |       -2911.66   |        -2913.4   |        1.74348   |   08:05:46   |   00:31:45   |
10326       |       -2912.46   |       -2914.75   |        2.28982   |   08:07:19   |   00:31:48   |
10327       |       -2913.23   |        -2915.8   |        2.57411   |   08:07:27   |   00:31:45   |
10328       |       -2913.28   |       -2915.85   |        2.57707   |   08:07:35   |   00:31:43   |
10329       |       -2913.28   |       -2915.85   |        2.57707   |   08:07:43   |   00:31:41   |
10330       |       -2912.55   |       -2915.13   |        2.57727   |   08:07:51   |   00:31:38   |
10331       |       -2913.27   |        -2916.8   |        3.53208   |   08:09:25   |   00:31:41   |
10332       |       -2916.73   |       -2920.24   |        3.51339   |   08:09:33   |   00:31:39   |
10333       |       -2916.33   |       -2919.88   |        3.54634   |   08:09:41   |   00:31:36   |
10334       |       -2914.48   |       -2917.95   |        3.47128   |   08:09:49   |   00:31:34   |
10335       |        -2916.3   |       -2919.75   |        3.45508   |   08:09:57   |   00:31:31   |
10336       |       -2916.01   |       -2919.44   |        3.43259   |   08:11:30   |   00:31:34   |
10337       |       -2917.84   |        -2919.9   |        2.06716   |   08:11:38   |   00:31:31   |
10338       |       -2916.01   |       -2915.26   |      -0.749361   |   08:11:47   |   00:31:29   |
10339       |       -2914.31   |       -2913.58   |      -0.735267   |   08:11:54   |   00:31:26   |


Iter        |      Posterior   |     Likelihood   |          Prior   |    elapsed   |        ETA   |
----------------------------------------------------------------------------------------------------
10340       |       -2912.08   |       -2911.25   |      -0.828293   |   08:12:03   |   00:31:24   |
10341       |       -2911.62   |       -2910.78   |      -0.841166   |   08:13:35   |   00:31:27   |
10342       |       -2914.55   |       -2914.55   |     0.00241735   |   08:13:43   |   00:31:24   |
10343       |       -2915.82   |       -2915.67   |      -0.146247   |   08:13:51   |   00:31:22   |
10344       |       -2914.47   |       -2916.81   |        2.33233   |   08:13:59   |   00:31:19   |
10345       |       -2914.47   |       -2916.81   |        2.33233   |   08:14:07   |   00:31:17   |
10346       |       -2915.56   |       -2917.89   |        2.32555   |   08:15:41   |   00:31:20   |
10347       |       -2913.95   |       -2916.29   |        2.33764   |   08:15:49   |   00:31:17   |
10348       |       -2914.35   |       -2916.68   |        2.33094   |   08:15:57   |   00:31:14   |
10349       |       -2915.19   |       -2916.87   |        1.67552   |   08:16:05   |   00:31:12   |
10350       |       -2916.67   |       -2918.25   |        1.58202   |   08:16:13   |   00:31:09   |
10351       |       -2913.66   |       -2915.25   |        1.58802   |   08:17:46   |   00:31:12   |
10352       |       -2912.94   |       -2914.55   |        1.61099   |   08:17:54   |   00:31:10   |
10353       |       -2913.36   |       -2914.82   |         1.4641   |   08:18:02   |   00:31:07   |
10354       |       -2912.75   |       -2912.89   |       0.141392   |   08:18:10   |   00:31:04   |
10355       |       -2912.98   |       -2913.14   |       0.154911   |   08:18:18   |   00:31:02   |
10356       |       -2911.55   |       -2913.29   |        1.74462   |   08:19:52   |   00:31:05   |
10357       |       -2914.05   |       -2915.65   |        1.60486   |   08:20:00   |   00:31:02   |
10358       |       -2919.25   |       -2917.84   |       -1.41053   |   08:20:08   |   00:30:59   |
10359       |       -2918.05   |       -2916.64   |          -1.41   |   08:20:15   |   00:30:57   |


Iter        |      Posterior   |     Likelihood   |          Prior   |    elapsed   |        ETA   |
----------------------------------------------------------------------------------------------------
10360       |       -2912.02   |       -2910.43   |       -1.58276   |   08:20:23   |   00:30:54   |
10361       |       -2911.21   |       -2909.65   |       -1.56198   |   08:21:56   |   00:30:57   |
10362       |       -2912.21   |       -2910.76   |       -1.45386   |   08:22:04   |   00:30:54   |
10363       |       -2913.13   |       -2911.39   |       -1.74119   |   08:22:12   |   00:30:52   |
10364       |       -2915.22   |       -2913.18   |        -2.0354   |   08:22:20   |   00:30:49   |
10365       |       -2915.22   |       -2913.18   |        -2.0354   |   08:22:28   |   00:30:46   |
10366       |       -2914.78   |       -2912.75   |       -2.03363   |   08:24:00   |   00:30:49   |
10367       |       -2918.28   |        -2915.5   |       -2.78921   |   08:24:08   |   00:30:46   |
10368       |       -2915.87   |       -2913.35   |       -2.51703   |   08:24:16   |   00:30:44   |
10369       |       -2913.24   |       -2913.63   |       0.387714   |   08:24:23   |   00:30:41   |
10370       |       -2912.82   |        -2913.2   |       0.378431   |   08:24:30   |   00:30:38   |
10371       |       -2913.04   |       -2913.41   |       0.369554   |   08:26:03   |   00:30:41   |
10372       |       -2914.56   |       -2914.94   |        0.37679   |   08:26:11   |   00:30:38   |
10373       |       -2912.74   |       -2912.31   |        -0.4352   |   08:26:19   |   00:30:36   |
10374       |       -2913.26   |       -2912.81   |      -0.444304   |   08:26:27   |   00:30:33   |
10375       |        -2912.5   |       -2912.07   |      -0.434505   |   08:26:35   |   00:30:31   |
10376       |       -2915.67   |       -2917.17   |         1.4987   |   08:28:07   |   00:30:33   |
10377       |       -2917.98   |       -2919.51   |        1.52481   |   08:28:15   |   00:30:30   |
10378       |       -2917.61   |       -2919.17   |        1.55308   |   08:28:24   |   00:30:28   |
10379       |        -2916.7   |       -2915.77   |      -0.932518   |   08:28:31   |   00:30:25   |


Iter        |      Posterior   |     Likelihood   |          Prior   |    elapsed   |        ETA   |
----------------------------------------------------------------------------------------------------
10380       |       -2913.35   |       -2912.45   |       -0.89843   |   08:28:39   |   00:30:22   |
10381       |       -2913.45   |       -2912.54   |      -0.916973   |   08:30:12   |   00:30:25   |
10382       |       -2914.07   |       -2913.18   |      -0.897663   |   08:30:20   |   00:30:22   |
10383       |       -2912.53   |       -2911.63   |      -0.897631   |   08:30:28   |   00:30:20   |
10384       |       -2912.33   |       -2911.43   |      -0.901754   |   08:30:36   |   00:30:17   |
10385       |       -2912.82   |        -2911.9   |      -0.915538   |   08:30:44   |   00:30:14   |
10386       |       -2915.09   |       -2914.14   |      -0.950962   |   08:32:17   |   00:30:17   |
10387       |       -2916.02   |       -2915.06   |      -0.961574   |   08:32:25   |   00:30:14   |
10388       |       -2916.43   |       -2915.47   |       -0.96558   |   08:32:33   |   00:30:11   |
10389       |       -2915.21   |       -2914.27   |      -0.933403   |   08:32:41   |   00:30:09   |
10390       |          -2915   |       -2914.56   |      -0.436731   |   08:32:49   |   00:30:06   |
10391       |       -2914.93   |       -2914.57   |       -0.35159   |   08:34:22   |   00:30:08   |
10392       |       -2913.81   |       -2913.06   |      -0.750907   |   08:34:30   |   00:30:06   |
10393       |       -2914.12   |       -2913.36   |        -0.7566   |   08:34:38   |   00:30:03   |
10394       |       -2916.52   |       -2918.78   |        2.25971   |   08:34:46   |   00:30:00   |
10395       |       -2919.59   |       -2921.73   |        2.14105   |   08:34:54   |   00:29:58   |
10396       |       -2919.19   |       -2919.78   |       0.586826   |   08:36:27   |   00:30:00   |
10397       |       -2918.57   |       -2918.36   |       -0.20676   |   08:36:35   |   00:29:57   |
10398       |       -2917.21   |       -2915.95   |       -1.26094   |   08:36:43   |   00:29:54   |
10399       |       -2917.31   |       -2916.04   |       -1.26418   |   08:36:51   |   00:29:52   |


Iter        |      Posterior   |     Likelihood   |          Prior   |    elapsed   |        ETA   |
----------------------------------------------------------------------------------------------------
10400       |       -2918.25   |          -2917   |       -1.24791   |   08:36:59   |   00:29:49   |
10401       |       -2916.91   |       -2916.49   |      -0.428949   |   08:38:32   |   00:29:51   |
10402       |       -2915.36   |       -2914.92   |      -0.443948   |   08:38:40   |   00:29:49   |
10403       |       -2916.44   |       -2914.62   |       -1.82121   |   08:38:48   |   00:29:46   |
10404       |       -2913.62   |       -2913.86   |       0.246669   |   08:38:56   |   00:29:43   |
10405       |        -2913.7   |       -2913.98   |       0.276437   |   08:39:04   |   00:29:40   |
10406       |       -2912.43   |       -2912.71   |       0.273715   |   08:40:37   |   00:29:43   |
10407       |       -2912.43   |       -2912.71   |       0.273715   |   08:40:45   |   00:29:40   |
10408       |       -2914.18   |       -2914.43   |       0.252354   |   08:40:53   |   00:29:37   |
10409       |       -2912.87   |       -2913.13   |       0.261962   |   08:41:01   |   00:29:34   |
10410       |       -2914.47   |       -2914.74   |       0.262666   |   08:41:09   |   00:29:32   |
10411       |       -2914.64   |       -2914.89   |       0.252167   |   08:42:42   |   00:29:34   |
10412       |        -2915.9   |       -2915.77   |      -0.122238   |   08:42:50   |   00:29:31   |
10413       |       -2915.73   |       -2913.47   |       -2.26638   |   08:42:59   |   00:29:28   |
10414       |       -2914.11   |       -2911.85   |       -2.26187   |   08:43:07   |   00:29:26   |
10415       |       -2914.77   |        -2912.5   |        -2.2639   |   08:43:15   |   00:29:23   |
10416       |       -2912.94   |       -2911.64   |       -1.30015   |   08:44:48   |   00:29:25   |
10417       |       -2914.45   |       -2914.32   |      -0.134333   |   08:44:56   |   00:29:22   |
10418       |        -2914.2   |       -2914.07   |      -0.138633   |   08:45:04   |   00:29:19   |
10419       |       -2914.46   |       -2914.32   |      -0.139083   |   08:45:12   |   00:29:17   |


Iter        |      Posterior   |     Likelihood   |          Prior   |    elapsed   |        ETA   |
----------------------------------------------------------------------------------------------------
10420       |       -2914.62   |       -2915.53   |       0.917429   |   08:45:20   |   00:29:14   |
10421       |       -2914.43   |       -2915.34   |       0.901837   |   08:46:52   |   00:29:16   |
10422       |       -2916.49   |       -2917.58   |        1.08325   |   08:47:00   |   00:29:13   |
10423       |       -2914.47   |       -2915.55   |        1.08363   |   08:47:08   |   00:29:10   |
10424       |       -2913.99   |       -2916.27   |        2.27494   |   08:47:16   |   00:29:08   |
10425       |       -2913.96   |       -2916.23   |        2.27897   |   08:47:25   |   00:29:05   |
10426       |       -2913.96   |       -2916.23   |        2.27897   |   08:48:58   |   00:29:07   |
10427       |       -2916.52   |        -2918.8   |        2.27867   |   08:49:06   |   00:29:04   |
10428       |       -2915.24   |       -2917.59   |        2.34319   |   08:49:14   |   00:29:01   |
10429       |       -2912.98   |       -2915.37   |        2.38196   |   08:49:22   |   00:28:59   |
10430       |       -2914.79   |       -2917.18   |         2.3918   |   08:49:30   |   00:28:56   |
10431       |       -2913.57   |       -2915.96   |          2.394   |   08:51:03   |   00:28:58   |
10432       |       -2914.86   |       -2917.25   |        2.38881   |   08:51:12   |   00:28:55   |
10433       |       -2914.26   |       -2916.65   |        2.39036   |   08:51:20   |   00:28:52   |
10434       |       -2915.88   |          -2917   |        1.11457   |   08:51:28   |   00:28:49   |
10435       |       -2915.64   |       -2916.81   |        1.17136   |   08:51:36   |   00:28:46   |
10436       |       -2916.82   |        -2917.4   |       0.578791   |   08:53:09   |   00:28:48   |
10437       |       -2916.82   |        -2917.4   |       0.578791   |   08:53:17   |   00:28:46   |
10438       |       -2916.63   |       -2917.21   |       0.578791   |   08:53:25   |   00:28:43   |
10439       |       -2916.43   |       -2919.86   |        3.42233   |   08:53:33   |   00:28:40   |


Iter        |      Posterior   |     Likelihood   |          Prior   |    elapsed   |        ETA   |
----------------------------------------------------------------------------------------------------
10440       |       -2917.81   |       -2921.24   |        3.42164   |   08:53:41   |   00:28:37   |
10441       |       -2917.81   |       -2921.24   |        3.42164   |   08:55:14   |   00:28:39   |
10442       |       -2917.45   |       -2918.67   |        1.21598   |   08:55:22   |   00:28:36   |
10443       |       -2915.29   |       -2916.38   |        1.08838   |   08:55:30   |   00:28:33   |
10444       |       -2914.96   |       -2916.05   |        1.09172   |   08:55:38   |   00:28:30   |
10445       |        -2914.1   |       -2915.86   |        1.76718   |   08:55:46   |   00:28:28   |
10446       |       -2914.73   |       -2916.47   |        1.73598   |   08:57:19   |   00:28:29   |
10447       |       -2919.21   |       -2921.01   |        1.79806   |   08:57:27   |   00:28:26   |
10448       |        -2918.4   |        -2920.9   |        2.49706   |   08:57:36   |   00:28:24   |
10449       |       -2916.33   |       -2918.86   |        2.53635   |   08:57:44   |   00:28:21   |
10450       |       -2916.33   |       -2918.86   |        2.53635   |   08:57:52   |   00:28:18   |
10451       |       -2916.22   |       -2918.74   |        2.52419   |   08:59:25   |   00:28:20   |
10452       |       -2915.07   |        -2917.7   |        2.62921   |   08:59:33   |   00:28:17   |
10453       |       -2915.12   |       -2917.51   |        2.39392   |   08:59:41   |   00:28:14   |
10454       |       -2914.81   |       -2917.11   |        2.30629   |   08:59:49   |   00:28:11   |
10455       |       -2914.83   |       -2917.14   |        2.30629   |   08:59:57   |   00:28:08   |
10456       |       -2915.17   |       -2915.71   |         0.5353   |   09:01:30   |   00:28:10   |
10457       |       -2918.77   |       -2919.28   |       0.514039   |   09:01:38   |   00:28:07   |
10458       |       -2915.87   |       -2916.37   |        0.49909   |   09:01:46   |   00:28:04   |
10459       |       -2916.63   |       -2916.85   |       0.217424   |   09:01:54   |   00:28:01   |


Iter        |      Posterior   |     Likelihood   |          Prior   |    elapsed   |        ETA   |
----------------------------------------------------------------------------------------------------
10460       |       -2917.54   |       -2918.77   |        1.23056   |   09:02:02   |   00:27:58   |
10461       |        -2916.3   |       -2917.53   |        1.23106   |   09:03:35   |   00:28:00   |
10462       |       -2915.75   |       -2916.58   |       0.831086   |   09:03:43   |   00:27:57   |
10463       |       -2914.46   |       -2915.33   |       0.862849   |   09:03:52   |   00:27:54   |
10464       |       -2914.71   |        -2915.9   |        1.18754   |   09:04:00   |   00:27:51   |
10465       |       -2915.03   |       -2918.14   |        3.11364   |   09:04:08   |   00:27:49   |
10466       |        -2914.2   |       -2917.39   |        3.18909   |   09:05:41   |   00:27:50   |
10467       |       -2918.11   |       -2921.39   |        3.28233   |   09:05:49   |   00:27:47   |
10468       |       -2915.17   |        -2919.7   |        4.52986   |   09:05:57   |   00:27:44   |
10469       |       -2916.37   |       -2920.88   |        4.51309   |   09:06:05   |   00:27:41   |
10470       |       -2915.06   |       -2919.22   |        4.16296   |   09:06:13   |   00:27:38   |
10471       |       -2915.48   |       -2919.67   |        4.19147   |   09:07:45   |   00:27:40   |
10472       |       -2915.77   |       -2919.95   |        4.17171   |   09:07:54   |   00:27:37   |
10473       |        -2917.2   |       -2920.17   |        2.96853   |   09:08:02   |   00:27:34   |
10474       |       -2916.54   |       -2919.36   |        2.81677   |   09:08:10   |   00:27:31   |
10475       |       -2913.01   |       -2915.86   |        2.84933   |   09:08:18   |   00:27:28   |
10476       |       -2913.82   |       -2916.65   |        2.82784   |   09:09:51   |   00:27:30   |
10477       |       -2915.03   |       -2918.03   |        2.99823   |   09:09:59   |   00:27:27   |
10478       |       -2915.04   |       -2918.54   |        3.49181   |   09:10:07   |   00:27:24   |
10479       |       -2915.16   |       -2918.64   |        3.48545   |   09:10:15   |   00:27:21   |


Iter        |      Posterior   |     Likelihood   |          Prior   |    elapsed   |        ETA   |
----------------------------------------------------------------------------------------------------
10480       |       -2914.42   |       -2917.93   |         3.5109   |   09:10:23   |   00:27:18   |
10481       |       -2916.11   |       -2919.89   |        3.77613   |   09:11:56   |   00:27:19   |
10482       |       -2913.39   |       -2917.18   |        3.78911   |   09:12:04   |   00:27:16   |
10483       |       -2913.39   |       -2917.18   |        3.78911   |   09:12:12   |   00:27:14   |
10484       |       -2915.54   |       -2919.33   |        3.79023   |   09:12:20   |   00:27:11   |
10485       |       -2916.18   |       -2918.03   |        1.84823   |   09:12:28   |   00:27:08   |
10486       |       -2915.76   |       -2917.61   |        1.84998   |   09:14:01   |   00:27:09   |
10487       |       -2914.05   |        -2917.3   |        3.25132   |   09:14:09   |   00:27:06   |
10488       |        -2913.7   |       -2917.95   |        4.24426   |   09:14:17   |   00:27:03   |
10489       |        -2911.7   |       -2914.17   |        2.46634   |   09:14:25   |   00:27:00   |
10490       |       -2912.84   |       -2915.29   |        2.45098   |   09:14:33   |   00:26:57   |
10491       |       -2913.61   |       -2916.05   |        2.44832   |   09:16:06   |   00:26:58   |
10492       |       -2913.61   |       -2916.05   |        2.44832   |   09:16:14   |   00:26:55   |
10493       |       -2914.59   |       -2916.91   |        2.31526   |   09:16:22   |   00:26:52   |
10494       |        -2913.3   |       -2915.46   |        2.16075   |   09:16:30   |   00:26:50   |
10495       |        -2913.3   |       -2915.46   |        2.16075   |   09:16:38   |   00:26:47   |
10496       |       -2915.34   |       -2917.33   |        1.98584   |   09:18:11   |   00:26:48   |
10497       |       -2914.77   |       -2916.76   |        1.99257   |   09:18:19   |   00:26:45   |
10498       |       -2917.92   |       -2918.36   |       0.444575   |   09:18:28   |   00:26:42   |
10499       |        -2915.9   |       -2916.33   |       0.423345   |   09:18:36   |   00:26:39   |


Iter        |      Posterior   |     Likelihood   |          Prior   |    elapsed   |        ETA   |
----------------------------------------------------------------------------------------------------
10500       |       -2914.69   |       -2915.12   |       0.428631   |   09:18:44   |   00:26:36   |
10501       |       -2916.72   |       -2917.28   |       0.562155   |   09:20:16   |   00:26:37   |
10502       |       -2914.23   |       -2914.84   |       0.609814   |   09:20:24   |   00:26:34   |
10503       |       -2914.03   |       -2914.43   |       0.397614   |   09:20:32   |   00:26:31   |
10504       |       -2915.33   |       -2915.69   |       0.358434   |   09:20:40   |   00:26:28   |
10505       |       -2914.09   |       -2912.81   |       -1.27327   |   09:20:49   |   00:26:25   |
10506       |       -2918.68   |       -2917.63   |       -1.04989   |   09:22:21   |   00:26:26   |
10507       |       -2918.91   |        -2917.9   |       -1.00638   |   09:22:29   |   00:26:23   |
10508       |       -2914.13   |       -2912.52   |       -1.61088   |   09:22:37   |   00:26:20   |
10509       |       -2914.41   |       -2912.79   |       -1.61501   |   09:22:45   |   00:26:17   |
10510       |       -2913.97   |       -2912.35   |       -1.61897   |   09:22:54   |   00:26:14   |
10511       |        -2913.2   |       -2911.59   |        -1.6064   |   09:24:26   |   00:26:15   |
10512       |       -2912.35   |       -2912.17   |      -0.179859   |   09:24:34   |   00:26:12   |
10513       |       -2914.96   |       -2915.04   |      0.0748088   |   09:24:42   |   00:26:09   |
10514       |        -2915.9   |       -2915.97   |      0.0656762   |   09:24:50   |   00:26:06   |
10515       |       -2913.45   |       -2914.23   |       0.783897   |   09:24:58   |   00:26:03   |
10516       |       -2913.36   |       -2914.15   |       0.787194   |   09:26:31   |   00:26:04   |
10517       |       -2913.35   |       -2914.13   |       0.782422   |   09:26:39   |   00:26:01   |
10518       |       -2913.35   |       -2914.13   |       0.782422   |   09:26:47   |   00:25:58   |
10519       |       -2916.44   |       -2917.16   |       0.719296   |   09:26:55   |   00:25:55   |


Iter        |      Posterior   |     Likelihood   |          Prior   |    elapsed   |        ETA   |
----------------------------------------------------------------------------------------------------
10520       |       -2916.89   |       -2917.18   |       0.288964   |   09:27:03   |   00:25:52   |
10521       |       -2914.42   |       -2916.68   |        2.26345   |   09:28:36   |   00:25:53   |
10522       |       -2914.75   |          -2917   |        2.24773   |   09:28:44   |   00:25:50   |
10523       |       -2913.64   |       -2915.85   |        2.21197   |   09:28:52   |   00:25:47   |
10524       |       -2913.64   |       -2915.85   |        2.21197   |   09:29:01   |   00:25:44   |
10525       |       -2913.53   |       -2914.46   |       0.931737   |   09:29:09   |   00:25:41   |
10526       |          -2913   |       -2913.93   |       0.934706   |   09:30:42   |   00:25:41   |
10527       |       -2912.66   |        -2913.6   |       0.939506   |   09:30:50   |   00:25:38   |
10528       |       -2912.63   |          -2914   |        1.37457   |   09:30:58   |   00:25:35   |
10529       |       -2912.48   |       -2913.85   |        1.37384   |   09:31:06   |   00:25:32   |
10530       |       -2913.08   |       -2914.47   |         1.3876   |   09:31:14   |   00:25:29   |
10531       |       -2914.47   |       -2915.84   |        1.37108   |   09:32:47   |   00:25:30   |
10532       |       -2914.25   |       -2917.06   |        2.81683   |   09:32:55   |   00:25:27   |
10533       |        -2912.8   |       -2915.78   |         2.9772   |   09:33:03   |   00:25:24   |
10534       |       -2914.59   |       -2917.58   |        2.99608   |   09:33:11   |   00:25:21   |
10535       |       -2913.41   |        -2916.4   |        2.98819   |   09:33:19   |   00:25:18   |
10536       |       -2914.52   |       -2917.52   |        2.99874   |   09:34:52   |   00:25:19   |
10537       |       -2913.45   |        -2915.7   |        2.25344   |   09:35:00   |   00:25:15   |
10538       |       -2913.45   |        -2915.7   |        2.25344   |   09:35:08   |   00:25:12   |
10539       |        -2914.2   |        -2916.4   |        2.20254   |   09:35:16   |   00:25:09   |


Iter        |      Posterior   |     Likelihood   |          Prior   |    elapsed   |        ETA   |
----------------------------------------------------------------------------------------------------
10540       |        -2913.5   |       -2914.69   |        1.19623   |   09:35:24   |   00:25:06   |
10541       |        -2915.1   |       -2917.82   |        2.71967   |   09:36:57   |   00:25:07   |
10542       |       -2916.16   |       -2918.12   |        1.96545   |   09:37:05   |   00:25:04   |
10543       |       -2917.73   |       -2921.53   |        3.80068   |   09:37:13   |   00:25:01   |
10544       |       -2917.47   |       -2919.75   |        2.27739   |   09:37:21   |   00:24:58   |
10545       |       -2914.97   |       -2916.75   |        1.78256   |   09:37:29   |   00:24:55   |
10546       |       -2913.34   |        -2915.1   |        1.75566   |   09:39:02   |   00:24:55   |
10547       |       -2912.69   |       -2914.47   |        1.77791   |   09:39:10   |   00:24:52   |
10548       |       -2915.09   |        -2916.9   |        1.80791   |   09:39:18   |   00:24:49   |
10549       |       -2913.58   |       -2915.36   |        1.78119   |   09:39:26   |   00:24:46   |
10550       |       -2915.15   |       -2916.91   |        1.76247   |   09:39:34   |   00:24:43   |
10551       |       -2916.19   |       -2917.95   |         1.7528   |   09:41:07   |   00:24:43   |
10552       |       -2914.82   |        -2916.6   |        1.77799   |   09:41:16   |   00:24:40   |
10553       |       -2915.71   |       -2916.62   |        0.90434   |   09:41:24   |   00:24:37   |
10554       |       -2915.33   |       -2916.78   |        1.44362   |   09:41:32   |   00:24:34   |
10555       |       -2914.11   |       -2915.56   |        1.45233   |   09:41:40   |   00:24:31   |
10556       |       -2914.77   |       -2917.05   |        2.27326   |   09:43:13   |   00:24:31   |
10557       |        -2915.8   |       -2915.51   |      -0.287065   |   09:43:21   |   00:24:28   |
10558       |       -2913.27   |       -2913.01   |      -0.258091   |   09:43:29   |   00:24:25   |
10559       |       -2914.63   |       -2914.39   |      -0.241607   |   09:43:37   |   00:24:22   |


Iter        |      Posterior   |     Likelihood   |          Prior   |    elapsed   |        ETA   |
----------------------------------------------------------------------------------------------------
10560       |       -2914.42   |       -2914.18   |      -0.243706   |   09:43:45   |   00:24:19   |
10561       |       -2914.46   |       -2914.22   |      -0.244005   |   09:45:18   |   00:24:19   |
10562       |       -2912.94   |        -2912.7   |      -0.241312   |   09:45:26   |   00:24:16   |
10563       |       -2913.15   |       -2912.91   |      -0.243234   |   09:45:35   |   00:24:13   |
10564       |       -2912.94   |        -2912.7   |      -0.238416   |   09:45:43   |   00:24:10   |
10565       |       -2914.63   |       -2915.85   |        1.22085   |   09:45:51   |   00:24:07   |
10566       |       -2914.99   |       -2916.24   |        1.24624   |   09:47:24   |   00:24:07   |
10567       |       -2913.16   |        -2914.4   |        1.23409   |   09:47:32   |   00:24:04   |
10568       |       -2912.84   |       -2914.08   |         1.2401   |   09:47:40   |   00:24:01   |
10569       |       -2913.38   |       -2914.63   |        1.24572   |   09:47:48   |   00:23:58   |
10570       |       -2913.61   |       -2915.94   |        2.33617   |   09:47:56   |   00:23:55   |
10571       |       -2912.82   |       -2915.15   |        2.32801   |   09:49:29   |   00:23:55   |
10572       |       -2913.47   |       -2915.71   |        2.23977   |   09:49:37   |   00:23:52   |
10573       |       -2913.76   |       -2916.66   |        2.89999   |   09:49:46   |   00:23:49   |
10574       |        -2913.8   |        -2916.7   |        2.89999   |   09:49:54   |   00:23:45   |
10575       |       -2912.74   |        -2913.1   |       0.355003   |   09:50:02   |   00:23:42   |
10576       |       -2911.77   |       -2912.16   |       0.389281   |   09:51:34   |   00:23:42   |
10577       |       -2911.79   |       -2912.18   |       0.387994   |   09:51:43   |   00:23:39   |
10578       |       -2912.33   |       -2912.71   |       0.383395   |   09:51:51   |   00:23:36   |
10579       |       -2911.86   |       -2912.24   |       0.380211   |   09:51:59   |   00:23:33   |


Iter        |      Posterior   |     Likelihood   |          Prior   |    elapsed   |        ETA   |
----------------------------------------------------------------------------------------------------
10580       |       -2913.44   |       -2913.83   |       0.385311   |   09:52:07   |   00:23:30   |
10581       |       -2913.53   |       -2913.89   |       0.367138   |   09:53:40   |   00:23:30   |
10582       |       -2912.65   |       -2913.55   |       0.899368   |   09:53:48   |   00:23:27   |
10583       |       -2913.04   |       -2913.94   |       0.895779   |   09:53:56   |   00:23:24   |
10584       |       -2913.04   |       -2913.94   |       0.895779   |   09:54:04   |   00:23:20   |
10585       |       -2912.44   |       -2913.36   |       0.914479   |   09:54:12   |   00:23:17   |
10586       |       -2913.93   |       -2916.53   |        2.60609   |   09:55:45   |   00:23:17   |
10587       |       -2914.16   |       -2916.84   |        2.68069   |   09:55:53   |   00:23:14   |
10588       |       -2913.47   |       -2916.14   |        2.66933   |   09:56:02   |   00:23:11   |
10589       |       -2911.78   |       -2914.15   |        2.37765   |   09:56:10   |   00:23:08   |
10590       |       -2911.73   |       -2914.07   |        2.33966   |   09:56:18   |   00:23:05   |
10591       |       -2912.67   |       -2915.01   |        2.33749   |   09:57:51   |   00:23:05   |
10592       |       -2914.23   |       -2915.45   |        1.21938   |   09:57:59   |   00:23:02   |
10593       |       -2915.82   |        -2916.9   |        1.07586   |   09:58:07   |   00:22:58   |
10594       |       -2912.78   |       -2913.86   |        1.08133   |   09:58:15   |   00:22:55   |
10595       |       -2912.78   |       -2913.86   |        1.08133   |   09:58:23   |   00:22:52   |
10596       |       -2913.82   |       -2914.82   |        1.00089   |   09:59:56   |   00:22:52   |
10597       |       -2916.18   |       -2917.14   |       0.960922   |   10:00:05   |   00:22:49   |
10598       |       -2916.23   |       -2917.04   |       0.800756   |   10:00:13   |   00:22:46   |
10599       |       -2911.55   |       -2911.94   |       0.387937   |   10:00:21   |   00:22:42   |


Iter        |      Posterior   |     Likelihood   |          Prior   |    elapsed   |        ETA   |
----------------------------------------------------------------------------------------------------
10600       |       -2911.39   |       -2911.83   |       0.444088   |   10:00:29   |   00:22:39   |
10601       |       -2913.96   |        -2914.4   |       0.438965   |   10:02:02   |   00:22:39   |
10602       |       -2914.09   |        -2914.7   |       0.614995   |   10:02:10   |   00:22:36   |
10603       |       -2915.17   |        -2915.8   |       0.626454   |   10:02:18   |   00:22:33   |
10604       |       -2912.67   |        -2913.3   |       0.627616   |   10:02:26   |   00:22:29   |
10605       |       -2912.75   |       -2913.25   |       0.500455   |   10:02:34   |   00:22:26   |
10606       |       -2912.75   |       -2913.25   |       0.500455   |   10:04:07   |   00:22:26   |
10607       |       -2912.75   |       -2913.25   |       0.500455   |   10:04:15   |   00:22:23   |
10608       |       -2912.75   |       -2913.25   |       0.500455   |   10:04:23   |   00:22:20   |
10609       |       -2912.75   |       -2913.25   |       0.500455   |   10:04:31   |   00:22:16   |
10610       |       -2913.04   |       -2913.53   |       0.497279   |   10:04:39   |   00:22:13   |
10611       |       -2913.17   |       -2913.66   |       0.496788   |   10:06:12   |   00:22:13   |
10612       |       -2912.88   |       -2913.47   |       0.589399   |   10:06:20   |   00:22:10   |
10613       |       -2912.71   |        -2914.9   |        2.19798   |   10:06:29   |   00:22:06   |
10614       |       -2913.92   |       -2916.48   |        2.55181   |   10:06:37   |   00:22:03   |
10615       |       -2911.92   |       -2913.77   |        1.84701   |   10:06:45   |   00:22:00   |
10616       |       -2912.03   |       -2913.88   |        1.84576   |   10:08:18   |   00:22:00   |
10617       |       -2912.62   |       -2914.47   |        1.84153   |   10:08:26   |   00:21:56   |
10618       |       -2913.14   |       -2915.08   |        1.94342   |   10:08:34   |   00:21:53   |
10619       |        -2912.9   |       -2914.85   |        1.94233   |   10:08:42   |   00:21:50   |


Iter        |      Posterior   |     Likelihood   |          Prior   |    elapsed   |        ETA   |
----------------------------------------------------------------------------------------------------
10620       |       -2914.42   |       -2916.13   |        1.71536   |   10:08:50   |   00:21:47   |
10621       |        -2914.2   |       -2916.22   |         2.0235   |   10:10:23   |   00:21:46   |
10622       |        -2912.7   |       -2914.79   |         2.0939   |   10:10:31   |   00:21:43   |
10623       |       -2912.15   |       -2914.18   |         2.0264   |   10:10:39   |   00:21:40   |
10624       |       -2912.06   |       -2914.39   |        2.32826   |   10:10:47   |   00:21:36   |
10625       |       -2913.92   |       -2916.32   |        2.39658   |   10:10:55   |   00:21:33   |
10626       |       -2912.91   |       -2915.32   |        2.40845   |   10:12:28   |   00:21:33   |
10627       |       -2913.65   |       -2915.85   |        2.20162   |   10:12:36   |   00:21:30   |
10628       |       -2913.51   |       -2914.75   |        1.24587   |   10:12:44   |   00:21:26   |
10629       |       -2912.02   |       -2913.42   |        1.39591   |   10:12:52   |   00:21:23   |
10630       |        -2913.5   |       -2915.96   |        2.46119   |   10:13:00   |   00:21:20   |
10631       |       -2914.46   |       -2916.92   |        2.45784   |   10:14:33   |   00:21:19   |
10632       |        -2914.6   |       -2917.65   |        3.04879   |   10:14:41   |   00:21:16   |
10633       |       -2914.68   |       -2917.73   |        3.04879   |   10:14:49   |   00:21:13   |
10634       |       -2913.83   |          -2916   |        2.16527   |   10:14:57   |   00:21:09   |
10635       |       -2916.34   |       -2918.77   |        2.43654   |   10:15:05   |   00:21:06   |
10636       |       -2914.77   |       -2917.21   |        2.44231   |   10:16:38   |   00:21:06   |
10637       |       -2912.77   |       -2917.87   |        5.10019   |   10:16:46   |   00:21:02   |
10638       |       -2912.38   |       -2917.47   |        5.09118   |   10:16:54   |   00:20:59   |
10639       |       -2912.25   |       -2917.41   |        5.15974   |   10:17:03   |   00:20:56   |


Iter        |      Posterior   |     Likelihood   |          Prior   |    elapsed   |        ETA   |
----------------------------------------------------------------------------------------------------
10640       |       -2913.38   |       -2918.52   |        5.14752   |   10:17:11   |   00:20:52   |
10641       |       -2917.12   |       -2922.25   |        5.13726   |   10:18:43   |   00:20:52   |
10642       |       -2915.09   |       -2921.25   |        6.15856   |   10:18:51   |   00:20:49   |
10643       |        -2916.1   |       -2922.25   |        6.15321   |   10:18:59   |   00:20:45   |
10644       |       -2919.35   |        -2925.5   |         6.1532   |   10:19:08   |   00:20:42   |
10645       |       -2914.97   |       -2920.43   |        5.45468   |   10:19:16   |   00:20:39   |
10646       |        -2915.8   |       -2921.27   |        5.46546   |   10:20:49   |   00:20:38   |
10647       |       -2916.02   |       -2921.47   |        5.44613   |   10:20:57   |   00:20:35   |
10648       |       -2916.91   |       -2922.33   |        5.42964   |   10:21:05   |   00:20:31   |
10649       |       -2916.05   |       -2921.01   |        4.95639   |   10:21:13   |   00:20:28   |
10650       |       -2914.76   |       -2919.72   |        4.96385   |   10:21:21   |   00:20:25   |
10651       |       -2918.62   |       -2923.55   |        4.92686   |   10:22:54   |   00:20:24   |
10652       |       -2916.26   |       -2921.24   |         4.9755   |   10:23:02   |   00:20:21   |
10653       |       -2916.26   |       -2921.24   |         4.9755   |   10:23:10   |   00:20:17   |
10654       |       -2915.98   |       -2920.82   |        4.83249   |   10:23:18   |   00:20:14   |
10655       |          -2917   |        -2921.4   |        4.39311   |   10:23:26   |   00:20:11   |
10656       |       -2921.04   |       -2925.39   |        4.35118   |   10:24:53   |   00:20:10   |
10657       |       -2915.25   |       -2918.41   |        3.16803   |   10:25:01   |   00:20:06   |
10658       |       -2914.95   |       -2918.11   |        3.16189   |   10:25:09   |   00:20:03   |
10659       |       -2915.37   |       -2916.57   |        1.20301   |   10:25:17   |   00:20:00   |


Iter        |      Posterior   |     Likelihood   |          Prior   |    elapsed   |        ETA   |
----------------------------------------------------------------------------------------------------
10660       |       -2913.71   |       -2914.89   |        1.18244   |   10:25:25   |   00:19:56   |
10661       |       -2912.85   |       -2915.35   |        2.50335   |   10:26:58   |   00:19:56   |
10662       |       -2913.65   |       -2916.14   |        2.48196   |   10:27:06   |   00:19:52   |
10663       |        -2915.2   |        -2919.3   |        4.10579   |   10:27:15   |   00:19:49   |
10664       |       -2913.03   |       -2917.23   |        4.19777   |   10:27:23   |   00:19:46   |
10665       |       -2912.02   |       -2916.01   |        3.99591   |   10:27:31   |   00:19:42   |
10666       |       -2912.56   |        -2916.5   |        3.93974   |   10:29:03   |   00:19:41   |
10667       |       -2915.89   |       -2919.61   |        3.71528   |   10:29:11   |   00:19:38   |
10668       |       -2917.82   |       -2920.21   |        2.38407   |   10:29:19   |   00:19:35   |
10669       |       -2918.47   |       -2920.84   |        2.37492   |   10:29:27   |   00:19:31   |
10670       |       -2918.65   |       -2923.46   |        4.80606   |   10:29:36   |   00:19:28   |
10671       |       -2916.03   |       -2920.98   |         4.9525   |   10:31:08   |   00:19:27   |
10672       |       -2918.18   |       -2923.11   |        4.92632   |   10:31:16   |   00:19:24   |
10673       |       -2916.35   |       -2921.46   |        5.10918   |   10:31:24   |   00:19:20   |
10674       |       -2918.08   |       -2922.92   |        4.84024   |   10:31:33   |   00:19:17   |
10675       |       -2917.75   |       -2922.86   |        5.11756   |   10:31:41   |   00:19:13   |
10676       |       -2917.73   |       -2922.13   |        4.39776   |   10:33:14   |   00:19:13   |
10677       |       -2915.61   |       -2920.83   |        5.22473   |   10:33:22   |   00:19:09   |
10678       |       -2915.38   |       -2920.61   |        5.23454   |   10:33:30   |   00:19:06   |
10679       |       -2915.26   |        -2920.5   |        5.23418   |   10:33:38   |   00:19:02   |


Iter        |      Posterior   |     Likelihood   |          Prior   |    elapsed   |        ETA   |
----------------------------------------------------------------------------------------------------
10680       |       -2914.39   |       -2920.11   |        5.72454   |   10:33:46   |   00:18:59   |
10681       |       -2914.39   |       -2920.11   |        5.72454   |   10:35:19   |   00:18:58   |
10682       |       -2914.39   |       -2920.11   |        5.72454   |   10:35:27   |   00:18:55   |
10683       |       -2914.77   |       -2919.31   |        4.54515   |   10:35:35   |   00:18:51   |
10684       |       -2916.09   |       -2920.64   |        4.54893   |   10:35:43   |   00:18:48   |
10685       |       -2916.14   |        -2920.4   |        4.26266   |   10:35:51   |   00:18:44   |
10686       |       -2917.67   |       -2922.54   |        4.87063   |   10:37:24   |   00:18:43   |
10687       |       -2913.82   |       -2918.73   |        4.91393   |   10:37:32   |   00:18:40   |
10688       |       -2915.64   |       -2920.55   |        4.91105   |   10:37:41   |   00:18:36   |
10689       |       -2914.68   |       -2919.45   |        4.76746   |   10:37:49   |   00:18:33   |
10690       |       -2915.52   |       -2920.29   |        4.77049   |   10:37:57   |   00:18:29   |
10691       |       -2912.96   |       -2915.94   |        2.97941   |   10:39:30   |   00:18:29   |
10692       |       -2913.44   |        -2916.3   |        2.86821   |   10:39:38   |   00:18:25   |
10693       |       -2916.01   |       -2917.04   |        1.02492   |   10:39:46   |   00:18:22   |
10694       |       -2915.51   |       -2916.54   |        1.02572   |   10:39:54   |   00:18:18   |
10695       |       -2915.76   |        -2916.8   |        1.04212   |   10:40:02   |   00:18:15   |
10696       |       -2912.89   |       -2911.02   |       -1.86962   |   10:41:35   |   00:18:14   |
10697       |       -2912.89   |       -2911.02   |       -1.86962   |   10:41:43   |   00:18:10   |
10698       |       -2912.89   |       -2911.02   |       -1.86962   |   10:41:51   |   00:18:07   |
10699       |        -2915.9   |       -2914.01   |       -1.89717   |   10:41:59   |   00:18:03   |


Iter        |      Posterior   |     Likelihood   |          Prior   |    elapsed   |        ETA   |
----------------------------------------------------------------------------------------------------
10700       |       -2918.43   |        -2918.2   |       -0.23481   |   10:42:07   |   00:18:00   |
10701       |       -2917.98   |       -2919.08   |        1.10112   |   10:43:40   |   00:17:59   |
10702       |       -2913.21   |       -2914.39   |        1.18502   |   10:43:48   |   00:17:55   |
10703       |       -2911.02   |       -2912.37   |        1.34921   |   10:43:56   |   00:17:52   |
10704       |       -2911.57   |       -2913.12   |        1.55346   |   10:44:04   |   00:17:48   |
10705       |       -2910.78   |       -2912.25   |        1.47613   |   10:44:12   |   00:17:45   |
10706       |       -2910.83   |       -2910.76   |     -0.0653505   |   10:45:46   |   00:17:44   |
10707       |       -2910.83   |       -2910.76   |     -0.0653505   |   10:45:54   |   00:17:40   |
10708       |       -2911.33   |       -2911.24   |     -0.0868518   |   10:46:02   |   00:17:37   |
10709       |       -2912.58   |       -2914.75   |        2.17031   |   10:46:10   |   00:17:33   |
10710       |       -2913.92   |       -2916.08   |        2.15691   |   10:46:18   |   00:17:30   |
10711       |       -2913.01   |       -2915.18   |        2.16645   |   10:47:51   |   00:17:28   |
10712       |       -2914.08   |       -2915.44   |        1.36019   |   10:47:59   |   00:17:25   |
10713       |          -2914   |       -2917.34   |        3.33611   |   10:48:07   |   00:17:21   |
10714       |       -2915.88   |       -2919.14   |        3.26298   |   10:48:16   |   00:17:18   |
10715       |       -2915.22   |       -2918.49   |        3.27348   |   10:48:24   |   00:17:14   |
10716       |       -2914.32   |       -2915.31   |       0.995234   |   10:49:57   |   00:17:13   |
10717       |       -2913.35   |       -2914.35   |        1.00146   |   10:50:05   |   00:17:09   |
10718       |       -2916.51   |       -2917.59   |        1.08067   |   10:50:13   |   00:17:06   |
10719       |       -2919.44   |       -2920.47   |         1.0312   |   10:50:21   |   00:17:02   |


Iter        |      Posterior   |     Likelihood   |          Prior   |    elapsed   |        ETA   |
----------------------------------------------------------------------------------------------------
10720       |       -2915.13   |       -2916.22   |        1.08549   |   10:50:29   |   00:16:59   |
10721       |       -2914.15   |       -2916.14   |        1.99029   |   10:52:02   |   00:16:58   |
10722       |       -2913.07   |       -2915.08   |         2.0154   |   10:52:11   |   00:16:54   |
10723       |       -2914.48   |       -2916.48   |        2.00166   |   10:52:19   |   00:16:51   |
10724       |       -2915.51   |       -2917.53   |        2.02032   |   10:52:27   |   00:16:47   |
10725       |       -2914.54   |       -2918.08   |        3.53986   |   10:52:35   |   00:16:43   |
10726       |       -2913.65   |       -2917.19   |        3.53639   |   10:54:08   |   00:16:42   |
10727       |       -2915.24   |       -2918.74   |         3.5008   |   10:54:16   |   00:16:39   |
10728       |       -2915.21   |       -2919.07   |        3.85965   |   10:54:24   |   00:16:35   |
10729       |       -2915.26   |       -2919.12   |        3.86789   |   10:54:32   |   00:16:31   |
10730       |       -2915.74   |        -2919.6   |         3.8582   |   10:54:40   |   00:16:28   |
10731       |       -2918.31   |       -2922.14   |        3.82993   |   10:56:13   |   00:16:26   |
10732       |       -2919.42   |       -2924.86   |        5.44139   |   10:56:21   |   00:16:23   |
10733       |       -2918.28   |        -2923.8   |        5.52148   |   10:56:29   |   00:16:19   |
10734       |       -2916.24   |       -2921.75   |        5.50367   |   10:56:37   |   00:16:16   |
10735       |       -2918.15   |       -2923.96   |        5.80157   |   10:56:45   |   00:16:12   |
10736       |       -2918.82   |       -2925.52   |        6.69872   |   10:58:17   |   00:16:11   |
10737       |       -2918.79   |       -2925.51   |        6.71483   |   10:58:25   |   00:16:07   |
10738       |       -2917.57   |       -2924.29   |         6.7213   |   10:58:33   |   00:16:04   |
10739       |       -2918.83   |       -2925.56   |        6.73485   |   10:58:41   |   00:16:00   |


Iter        |      Posterior   |     Likelihood   |          Prior   |    elapsed   |        ETA   |
----------------------------------------------------------------------------------------------------
10740       |       -2919.72   |       -2926.45   |        6.72947   |   10:58:50   |   00:15:56   |
10741       |       -2919.72   |       -2926.45   |        6.72947   |   11:00:22   |   00:15:55   |
10742       |       -2919.72   |       -2926.45   |        6.72947   |   11:00:31   |   00:15:51   |
10743       |       -2919.72   |       -2926.45   |        6.72947   |   11:00:39   |   00:15:48   |
10744       |       -2919.72   |       -2926.45   |        6.72947   |   11:00:47   |   00:15:44   |
10745       |       -2919.73   |       -2926.37   |        6.63806   |   11:00:55   |   00:15:41   |
10746       |       -2919.15   |       -2925.77   |         6.6274   |   11:02:28   |   00:15:39   |
10747       |       -2918.43   |       -2925.08   |        6.64484   |   11:02:36   |   00:15:35   |
10748       |       -2918.55   |       -2925.19   |        6.64462   |   11:02:44   |   00:15:32   |
10749       |       -2918.48   |       -2925.13   |        6.64493   |   11:02:52   |   00:15:28   |
10750       |        -2921.4   |       -2928.18   |        6.77948   |   11:03:00   |   00:15:25   |
10751       |       -2919.82   |       -2926.84   |        7.02594   |   11:04:33   |   00:15:23   |
10752       |       -2920.23   |       -2926.63   |        6.40125   |   11:04:41   |   00:15:19   |
10753       |       -2918.33   |       -2923.83   |        5.50453   |   11:04:49   |   00:15:16   |
10754       |       -2918.33   |       -2923.83   |        5.50453   |   11:04:57   |   00:15:12   |
10755       |       -2919.05   |        -2923.5   |        4.45095   |   11:05:05   |   00:15:09   |
10756       |       -2919.09   |       -2923.47   |        4.38102   |   11:06:38   |   00:15:07   |
10757       |       -2915.82   |       -2919.44   |        3.61828   |   11:06:46   |   00:15:03   |
10758       |       -2915.82   |       -2919.44   |        3.61828   |   11:06:54   |   00:15:00   |
10759       |        -2916.1   |       -2918.98   |        2.87687   |   11:07:03   |   00:14:56   |


Iter        |      Posterior   |     Likelihood   |          Prior   |    elapsed   |        ETA   |
----------------------------------------------------------------------------------------------------
10760       |       -2917.49   |       -2922.44   |        4.94585   |   11:07:11   |   00:14:52   |
10761       |       -2915.38   |       -2919.41   |        4.02415   |   11:08:44   |   00:14:51   |
10762       |       -2913.58   |       -2917.64   |        4.05681   |   11:08:52   |   00:14:47   |
10763       |       -2913.63   |        -2917.7   |        4.06787   |   11:09:00   |   00:14:43   |
10764       |       -2914.73   |       -2918.78   |        4.04404   |   11:09:08   |   00:14:40   |
10765       |        -2915.8   |       -2919.76   |        3.95419   |   11:09:16   |   00:14:36   |
10766       |       -2914.97   |       -2918.93   |        3.95535   |   11:10:49   |   00:14:34   |
10767       |       -2914.68   |       -2918.62   |        3.93932   |   11:10:57   |   00:14:31   |
10768       |       -2916.62   |       -2920.06   |        3.44361   |   11:11:05   |   00:14:27   |
10769       |       -2915.09   |       -2918.62   |        3.53355   |   11:11:13   |   00:14:23   |
10770       |       -2916.49   |       -2919.98   |        3.49686   |   11:11:21   |   00:14:20   |
10771       |       -2912.89   |        -2916.4   |        3.51784   |   11:12:54   |   00:14:18   |
10772       |       -2913.39   |       -2916.91   |        3.51692   |   11:13:02   |   00:14:14   |
10773       |       -2919.91   |       -2924.45   |          4.537   |   11:13:10   |   00:14:11   |
10774       |       -2915.11   |        -2919.7   |        4.58685   |   11:13:18   |   00:14:07   |
10775       |       -2915.52   |       -2920.14   |        4.62487   |   11:13:26   |   00:14:03   |
10776       |       -2912.19   |       -2915.32   |        3.13641   |   11:14:59   |   00:14:01   |
10777       |        -2918.8   |       -2922.35   |        3.55079   |   11:15:07   |   00:13:58   |
10778       |       -2913.76   |       -2917.22   |        3.45603   |   11:15:15   |   00:13:54   |
10779       |        -2913.2   |       -2916.03   |        2.82912   |   11:15:23   |   00:13:50   |


Iter        |      Posterior   |     Likelihood   |          Prior   |    elapsed   |        ETA   |
----------------------------------------------------------------------------------------------------
10780       |       -2917.09   |       -2919.85   |        2.76169   |   11:15:31   |   00:13:47   |
10781       |       -2914.97   |       -2917.76   |        2.78219   |   11:17:04   |   00:13:45   |
10782       |       -2914.17   |       -2916.98   |        2.80615   |   11:17:12   |   00:13:41   |
10783       |       -2912.17   |          -2915   |        2.82542   |   11:17:20   |   00:13:37   |
10784       |       -2912.35   |       -2915.18   |        2.82423   |   11:17:29   |   00:13:34   |
10785       |       -2914.11   |       -2916.64   |        2.53091   |   11:17:37   |   00:13:30   |
10786       |       -2912.73   |       -2915.82   |        3.08819   |   11:19:10   |   00:13:28   |
10787       |       -2911.94   |       -2913.81   |         1.8723   |   11:19:18   |   00:13:24   |
10788       |       -2913.47   |       -2913.99   |       0.521156   |   11:19:26   |   00:13:21   |
10789       |       -2912.34   |       -2912.78   |       0.441238   |   11:19:34   |   00:13:17   |
10790       |       -2912.08   |       -2912.52   |        0.44716   |   11:19:42   |   00:13:13   |
10791       |       -2914.34   |       -2914.89   |       0.549864   |   11:21:15   |   00:13:11   |
10792       |       -2913.04   |       -2913.55   |       0.516061   |   11:21:23   |   00:13:07   |
10793       |       -2912.39   |       -2912.92   |       0.532412   |   11:21:31   |   00:13:04   |
10794       |       -2912.59   |       -2913.13   |       0.533953   |   11:21:39   |   00:13:00   |
10795       |       -2912.27   |       -2912.73   |       0.469031   |   11:21:47   |   00:12:56   |
10796       |        -2912.7   |       -2914.33   |        1.63202   |   11:23:19   |   00:12:54   |
10797       |       -2913.95   |       -2916.14   |        2.19154   |   11:23:27   |   00:12:50   |
10798       |       -2914.11   |       -2914.92   |       0.803865   |   11:23:36   |   00:12:47   |
10799       |       -2913.33   |       -2914.31   |       0.982362   |   11:23:44   |   00:12:43   |


Iter        |      Posterior   |     Likelihood   |          Prior   |    elapsed   |        ETA   |
----------------------------------------------------------------------------------------------------
10800       |       -2912.28   |       -2913.29   |        1.00421   |   11:23:52   |   00:12:39   |
10801       |       -2912.55   |        -2914.6   |        2.05163   |   11:25:25   |   00:12:37   |
10802       |       -2915.98   |       -2918.03   |        2.05216   |   11:25:32   |   00:12:33   |
10803       |       -2913.31   |       -2915.47   |        2.16026   |   11:25:41   |   00:12:30   |
10804       |       -2911.31   |       -2913.37   |        2.05265   |   11:25:49   |   00:12:26   |
10805       |       -2911.32   |       -2913.37   |        2.05265   |   11:25:57   |   00:12:22   |
10806       |       -2911.32   |       -2913.37   |        2.05265   |   11:27:30   |   00:12:20   |
10807       |       -2913.67   |       -2915.16   |        1.49042   |   11:27:38   |   00:12:16   |
10808       |       -2913.07   |       -2914.56   |        1.48981   |   11:27:46   |   00:12:13   |
10809       |       -2911.99   |       -2913.49   |        1.49851   |   11:27:54   |   00:12:09   |
10810       |        -2912.2   |        -2913.7   |        1.50102   |   11:28:02   |   00:12:05   |
10811       |        -2912.2   |        -2913.7   |        1.50102   |   11:29:35   |   00:12:03   |
10812       |        -2912.2   |        -2913.7   |        1.50102   |   11:29:43   |   00:11:59   |
10813       |       -2912.44   |       -2913.94   |        1.50035   |   11:29:51   |   00:11:55   |
10814       |       -2913.02   |       -2914.52   |        1.49314   |   11:30:00   |   00:11:52   |
10815       |       -2912.68   |       -2913.08   |       0.399481   |   11:30:08   |   00:11:48   |
10816       |        -2911.9   |       -2912.13   |       0.229996   |   11:31:40   |   00:11:45   |
10817       |       -2913.74   |       -2916.23   |        2.48096   |   11:31:48   |   00:11:42   |
10818       |       -2916.79   |       -2917.14   |        0.35269   |   11:31:56   |   00:11:38   |
10819       |       -2914.59   |       -2914.95   |       0.369151   |   11:32:05   |   00:11:34   |


Iter        |      Posterior   |     Likelihood   |          Prior   |    elapsed   |        ETA   |
----------------------------------------------------------------------------------------------------
10820       |       -2912.95   |       -2913.35   |       0.401262   |   11:32:13   |   00:11:30   |
10821       |       -2913.96   |       -2914.33   |       0.376977   |   11:33:45   |   00:11:28   |
10822       |       -2915.25   |       -2915.75   |       0.498077   |   11:33:53   |   00:11:24   |
10823       |       -2915.19   |       -2917.02   |        1.82621   |   11:34:01   |   00:11:20   |
10824       |       -2913.38   |       -2915.22   |        1.84743   |   11:34:10   |   00:11:17   |
10825       |       -2914.85   |       -2916.84   |        1.98469   |   11:34:18   |   00:11:13   |
10826       |       -2914.51   |        -2916.5   |        1.99007   |   11:35:51   |   00:11:11   |
10827       |        -2913.7   |       -2914.42   |       0.720585   |   11:35:59   |   00:11:07   |
10828       |       -2913.08   |       -2913.98   |       0.897809   |   11:36:07   |   00:11:03   |
10829       |       -2911.65   |        -2912.4   |       0.751696   |   11:36:15   |   00:10:59   |
10830       |       -2912.66   |       -2913.39   |       0.726088   |   11:36:23   |   00:10:55   |
10831       |       -2913.02   |       -2912.36   |      -0.660901   |   11:37:56   |   00:10:53   |
10832       |       -2915.65   |       -2914.73   |      -0.921843   |   11:38:03   |   00:10:49   |
10833       |       -2915.44   |       -2914.64   |      -0.797461   |   11:38:11   |   00:10:45   |
10834       |       -2912.66   |       -2911.94   |      -0.726805   |   11:38:20   |   00:10:41   |
10835       |       -2912.83   |        -2912.1   |      -0.729413   |   11:38:28   |   00:10:38   |
10836       |       -2913.32   |       -2912.58   |      -0.735839   |   11:40:00   |   00:10:35   |
10837       |       -2913.79   |       -2913.04   |       -0.74895   |   11:40:08   |   00:10:31   |
10838       |       -2913.54   |       -2912.79   |      -0.747446   |   11:40:16   |   00:10:28   |
10839       |       -2914.17   |       -2914.41   |       0.235481   |   11:40:24   |   00:10:24   |


Iter        |      Posterior   |     Likelihood   |          Prior   |    elapsed   |        ETA   |
----------------------------------------------------------------------------------------------------
10840       |       -2912.91   |       -2913.23   |       0.319798   |   11:40:32   |   00:10:20   |
10841       |       -2913.61   |       -2913.78   |       0.164674   |   11:42:04   |   00:10:17   |
10842       |        -2913.8   |       -2913.99   |       0.187854   |   11:42:12   |   00:10:13   |
10843       |        -2914.6   |       -2914.78   |       0.178498   |   11:42:20   |   00:10:10   |
10844       |       -2913.13   |       -2913.34   |       0.207144   |   11:42:28   |   00:10:06   |
10845       |       -2912.09   |       -2912.31   |       0.224929   |   11:42:36   |   00:10:02   |
10846       |       -2916.16   |       -2916.32   |       0.166546   |   11:44:08   |   00:09:59   |
10847       |       -2914.87   |       -2915.05   |       0.178255   |   11:44:17   |   00:09:56   |
10848       |       -2915.18   |       -2912.39   |       -2.78818   |   11:44:24   |   00:09:52   |
10849       |        -2913.7   |       -2910.91   |       -2.78402   |   11:44:33   |   00:09:48   |
10850       |       -2912.89   |       -2910.97   |       -1.91888   |   11:44:41   |   00:09:44   |
10851       |       -2913.27   |       -2911.34   |       -1.92537   |   11:46:13   |   00:09:41   |
10852       |        -2914.6   |       -2912.66   |       -1.94177   |   11:46:21   |   00:09:37   |
10853       |       -2917.47   |       -2915.44   |       -2.03169   |   11:46:29   |   00:09:34   |
10854       |       -2917.35   |       -2918.36   |        1.00408   |   11:46:37   |   00:09:30   |
10855       |       -2916.66   |       -2917.67   |        1.00893   |   11:46:46   |   00:09:26   |
10856       |       -2915.48   |        -2916.5   |        1.01977   |   11:48:18   |   00:09:23   |
10857       |        -2915.9   |       -2917.12   |         1.2198   |   11:48:26   |   00:09:19   |
10858       |        -2918.5   |       -2919.69   |        1.19146   |   11:48:34   |   00:09:15   |
10859       |       -2918.51   |        -2919.7   |        1.19178   |   11:48:42   |   00:09:12   |


Iter        |      Posterior   |     Likelihood   |          Prior   |    elapsed   |        ETA   |
----------------------------------------------------------------------------------------------------
10860       |       -2921.46   |       -2922.52   |        1.05653   |   11:48:50   |   00:09:08   |
10861       |       -2916.96   |       -2918.07   |        1.10822   |   11:50:22   |   00:09:05   |
10862       |       -2913.83   |       -2915.04   |        1.20601   |   11:50:30   |   00:09:01   |
10863       |       -2916.56   |        -2918.7   |        2.13621   |   11:50:38   |   00:08:57   |
10864       |       -2914.72   |        -2916.9   |        2.17927   |   11:50:47   |   00:08:53   |
10865       |       -2913.46   |       -2915.64   |        2.17559   |   11:50:55   |   00:08:49   |
10866       |       -2914.99   |       -2917.13   |        2.14671   |   11:52:27   |   00:08:47   |
10867       |       -2916.49   |        -2917.9   |        1.40837   |   11:52:35   |   00:08:43   |
10868       |       -2919.04   |       -2920.47   |        1.42844   |   11:52:44   |   00:08:39   |
10869       |       -2915.29   |        -2917.6   |        2.30842   |   11:52:52   |   00:08:35   |
10870       |       -2915.48   |       -2916.59   |        1.11173   |   11:53:00   |   00:08:31   |
10871       |       -2914.07   |       -2916.51   |        2.44297   |   11:54:31   |   00:08:28   |
10872       |       -2913.14   |       -2915.45   |        2.31004   |   11:54:40   |   00:08:24   |
10873       |       -2914.69   |       -2916.51   |        1.82383   |   11:54:48   |   00:08:20   |
10874       |       -2913.52   |       -2915.53   |        2.01609   |   11:54:56   |   00:08:17   |
10875       |       -2916.58   |       -2917.89   |        1.31146   |   11:55:04   |   00:08:13   |
10876       |       -2916.86   |       -2918.16   |        1.30196   |   11:56:36   |   00:08:10   |
10877       |       -2917.97   |       -2919.17   |         1.2082   |   11:56:44   |   00:08:06   |
10878       |       -2913.55   |       -2914.56   |        1.00499   |   11:56:52   |   00:08:02   |
10879       |       -2912.99   |       -2914.01   |        1.01595   |   11:57:00   |   00:07:58   |


Iter        |      Posterior   |     Likelihood   |          Prior   |    elapsed   |        ETA   |
----------------------------------------------------------------------------------------------------
10880       |          -2913   |       -2913.96   |       0.954208   |   11:57:09   |   00:07:54   |
10881       |       -2914.14   |       -2915.14   |       0.999978   |   11:58:42   |   00:07:51   |
10882       |       -2914.47   |       -2915.46   |       0.991219   |   11:58:50   |   00:07:47   |
10883       |       -2913.04   |       -2914.12   |        1.08453   |   11:58:58   |   00:07:43   |
10884       |       -2912.95   |       -2914.04   |        1.09003   |   11:59:06   |   00:07:39   |
10885       |       -2912.72   |       -2914.01   |        1.28951   |   11:59:14   |   00:07:35   |
10886       |       -2916.22   |       -2919.61   |        3.38646   |   12:00:46   |   00:07:32   |
10887       |       -2914.88   |       -2917.59   |        2.71385   |   12:00:54   |   00:07:28   |
10888       |       -2915.88   |       -2919.08   |        3.19748   |   12:01:02   |   00:07:25   |
10889       |       -2916.02   |       -2919.09   |        3.07122   |   12:01:10   |   00:07:21   |
10890       |       -2915.55   |       -2918.71   |        3.16067   |   12:01:18   |   00:07:17   |
10891       |       -2916.96   |       -2918.37   |        1.41253   |   12:02:51   |   00:07:14   |
10892       |       -2914.19   |       -2915.29   |        1.10081   |   12:02:59   |   00:07:10   |
10893       |       -2913.85   |       -2914.95   |        1.10551   |   12:03:07   |   00:07:06   |
10894       |       -2915.22   |       -2915.06   |       -0.16434   |   12:03:15   |   00:07:02   |
10895       |       -2914.35   |        -2914.2   |      -0.157784   |   12:03:23   |   00:06:58   |
10896       |       -2915.73   |        -2916.5   |       0.772753   |   12:04:55   |   00:06:55   |
10897       |       -2911.94   |       -2913.86   |        1.92781   |   12:05:04   |   00:06:51   |
10898       |       -2910.53   |       -2913.32   |        2.79642   |   12:05:12   |   00:06:47   |
10899       |       -2910.05   |       -2912.86   |        2.80933   |   12:05:20   |   00:06:43   |


Iter        |      Posterior   |     Likelihood   |          Prior   |    elapsed   |        ETA   |
----------------------------------------------------------------------------------------------------
10900       |       -2909.93   |       -2912.74   |        2.80941   |   12:05:28   |   00:06:39   |
10901       |       -2910.25   |       -2912.99   |         2.7358   |   12:06:59   |   00:06:36   |
10902       |       -2911.41   |       -2914.14   |        2.72941   |   12:07:07   |   00:06:32   |
10903       |       -2911.96   |       -2911.32   |      -0.641926   |   12:07:15   |   00:06:28   |
10904       |       -2915.18   |       -2912.63   |       -2.54278   |   12:07:23   |   00:06:24   |
10905       |       -2913.26   |       -2912.27   |      -0.990414   |   12:07:31   |   00:06:20   |
10906       |       -2916.07   |       -2915.07   |      -0.997272   |   12:09:04   |   00:06:17   |
10907       |       -2916.27   |       -2918.97   |        2.69628   |   12:09:12   |   00:06:13   |
10908       |       -2917.16   |        -2916.6   |      -0.561071   |   12:09:20   |   00:06:09   |
10909       |       -2913.09   |       -2912.55   |      -0.540557   |   12:09:28   |   00:06:05   |
10910       |       -2914.44   |        -2912.5   |       -1.94261   |   12:09:36   |   00:06:01   |
10911       |       -2914.93   |       -2912.62   |       -2.30838   |   12:11:09   |   00:05:57   |
10912       |       -2919.14   |       -2916.79   |       -2.34849   |   12:11:17   |   00:05:53   |
10913       |       -2911.43   |       -2911.01   |      -0.420299   |   12:11:25   |   00:05:49   |
10914       |       -2916.78   |       -2914.63   |       -2.15083   |   12:11:33   |   00:05:45   |
10915       |       -2919.55   |       -2920.38   |       0.826657   |   12:11:42   |   00:05:41   |
10916       |       -2914.49   |       -2915.55   |        1.05956   |   12:13:14   |   00:05:38   |
10917       |       -2915.57   |       -2916.66   |        1.08771   |   12:13:22   |   00:05:34   |
10918       |       -2918.47   |       -2917.26   |       -1.21433   |   12:13:31   |   00:05:30   |
10919       |       -2913.73   |       -2912.55   |        -1.1797   |   12:13:39   |   00:05:26   |


Iter        |      Posterior   |     Likelihood   |          Prior   |    elapsed   |        ETA   |
----------------------------------------------------------------------------------------------------
10920       |       -2913.41   |       -2912.07   |       -1.33773   |   12:13:47   |   00:05:22   |
10921       |       -2914.36   |       -2913.02   |       -1.33344   |   12:15:19   |   00:05:19   |
10922       |       -2915.17   |       -2913.83   |       -1.33711   |   12:15:28   |   00:05:15   |
10923       |       -2914.12   |       -2912.78   |       -1.34824   |   12:15:36   |   00:05:11   |
10924       |       -2911.56   |       -2910.24   |       -1.32712   |   12:15:44   |   00:05:07   |
10925       |       -2912.78   |       -2912.23   |      -0.554246   |   12:15:52   |   00:05:03   |
10926       |       -2912.38   |       -2910.74   |       -1.64696   |   12:17:25   |   00:04:59   |
10927       |       -2913.91   |       -2912.43   |          -1.48   |   12:17:33   |   00:04:55   |
10928       |       -2913.02   |       -2912.43   |       -0.59083   |   12:17:41   |   00:04:51   |
10929       |       -2912.73   |       -2912.04   |      -0.690861   |   12:17:49   |   00:04:47   |
10930       |       -2913.88   |       -2912.17   |       -1.70869   |   12:17:58   |   00:04:43   |
10931       |       -2915.07   |       -2913.34   |       -1.72796   |   12:19:30   |   00:04:40   |
10932       |       -2912.42   |       -2911.37   |       -1.04639   |   12:19:38   |   00:04:36   |
10933       |       -2914.52   |       -2915.39   |       0.869827   |   12:19:46   |   00:04:32   |
10934       |       -2916.05   |        -2916.9   |       0.856054   |   12:19:54   |   00:04:27   |
10935       |       -2916.18   |       -2917.05   |       0.875542   |   12:20:02   |   00:04:23   |
10936       |       -2916.24   |       -2915.53   |      -0.707859   |   12:21:34   |   00:04:20   |
10937       |       -2915.58   |       -2914.99   |      -0.586718   |   12:21:42   |   00:04:16   |
10938       |       -2915.96   |       -2918.47   |        2.51026   |   12:21:50   |   00:04:12   |
10939       |       -2915.89   |       -2917.54   |        1.65441   |   12:21:59   |   00:04:08   |


Iter        |      Posterior   |     Likelihood   |          Prior   |    elapsed   |        ETA   |
----------------------------------------------------------------------------------------------------
10940       |       -2915.65   |       -2915.44   |      -0.209026   |   12:22:07   |   00:04:04   |
10941       |       -2917.88   |       -2917.45   |      -0.429725   |   12:23:39   |   00:04:00   |
10942       |       -2915.44   |       -2914.01   |       -1.43104   |   12:23:48   |   00:03:56   |
10943       |       -2917.94   |       -2916.46   |       -1.48006   |   12:23:56   |   00:03:52   |
10944       |       -2915.04   |       -2913.62   |       -1.42366   |   12:24:04   |   00:03:48   |
10945       |       -2913.78   |       -2912.45   |       -1.33592   |   12:24:12   |   00:03:44   |
10946       |       -2915.46   |       -2914.24   |       -1.21877   |   12:25:45   |   00:03:40   |
10947       |       -2915.42   |       -2914.24   |       -1.18276   |   12:25:53   |   00:03:36   |
10948       |        -2914.9   |       -2913.69   |       -1.20959   |   12:26:01   |   00:03:32   |
10949       |       -2916.13   |       -2918.16   |        2.02742   |   12:26:09   |   00:03:28   |
10950       |       -2917.38   |       -2919.21   |        1.83575   |   12:26:17   |   00:03:24   |
10951       |       -2917.36   |        -2919.2   |        1.84126   |   12:27:49   |   00:03:20   |
10952       |       -2917.36   |        -2919.2   |        1.84126   |   12:27:58   |   00:03:16   |
10953       |       -2915.37   |       -2916.81   |        1.44198   |   12:28:06   |   00:03:12   |
10954       |       -2912.41   |       -2913.84   |        1.42897   |   12:28:14   |   00:03:08   |
10955       |       -2915.69   |       -2916.98   |        1.28724   |   12:28:22   |   00:03:04   |
10956       |       -2915.17   |       -2916.48   |         1.3072   |   12:29:54   |   00:03:00   |
10957       |       -2915.86   |        -2917.4   |        1.53624   |   12:30:02   |   00:02:56   |
10958       |       -2915.86   |        -2917.4   |        1.53624   |   12:30:10   |   00:02:52   |
10959       |       -2914.32   |       -2915.85   |        1.53433   |   12:30:18   |   00:02:48   |


Iter        |      Posterior   |     Likelihood   |          Prior   |    elapsed   |        ETA   |
----------------------------------------------------------------------------------------------------
10960       |       -2916.07   |       -2917.57   |        1.50146   |   12:30:26   |   00:02:44   |
10961       |       -2915.57   |          -2917   |        1.42199   |   12:31:58   |   00:02:40   |
10962       |       -2916.17   |        -2917.6   |        1.42764   |   12:32:06   |   00:02:36   |
10963       |       -2915.14   |       -2916.69   |        1.55157   |   12:32:14   |   00:02:32   |
10964       |       -2916.01   |       -2917.56   |        1.55004   |   12:32:22   |   00:02:28   |
10965       |       -2919.59   |       -2918.62   |      -0.962625   |   12:32:30   |   00:02:24   |
10966       |       -2919.52   |       -2918.56   |      -0.962093   |   12:34:01   |   00:02:20   |
10967       |        -2918.7   |       -2917.72   |      -0.978392   |   12:34:09   |   00:02:16   |
10968       |       -2918.34   |        -2917.1   |       -1.23201   |   12:34:18   |   00:02:12   |
10969       |       -2918.51   |       -2917.27   |        -1.2353   |   12:34:26   |   00:02:07   |
10970       |       -2916.78   |       -2915.49   |       -1.28601   |   12:34:34   |   00:02:03   |
10971       |       -2915.86   |       -2914.59   |       -1.27301   |   12:36:06   |   00:01:59   |
10972       |       -2917.17   |        -2915.9   |        -1.2676   |   12:36:14   |   00:01:55   |
10973       |       -2917.05   |        -2915.8   |       -1.24887   |   12:36:22   |   00:01:51   |
10974       |       -2915.97   |       -2914.58   |       -1.38867   |   12:36:30   |   00:01:47   |
10975       |       -2915.63   |       -2914.24   |       -1.39185   |   12:36:38   |   00:01:43   |
10976       |       -2919.32   |       -2917.91   |       -1.41311   |   12:38:11   |   00:01:39   |
10977       |       -2915.71   |       -2914.27   |       -1.43784   |   12:38:19   |   00:01:35   |
10978       |       -2914.22   |       -2912.82   |       -1.39675   |   12:38:27   |   00:01:31   |
10979       |       -2913.87   |       -2911.57   |       -2.29157   |   12:38:35   |   00:01:27   |


Iter        |      Posterior   |     Likelihood   |          Prior   |    elapsed   |        ETA   |
----------------------------------------------------------------------------------------------------
10980       |       -2918.49   |       -2914.16   |       -4.32697   |   12:38:43   |   00:01:22   |
10981       |       -2919.15   |       -2914.52   |       -4.62792   |   12:40:16   |   00:01:18   |
10982       |       -2918.81   |        -2917.4   |       -1.40662   |   12:40:24   |   00:01:14   |
10983       |       -2918.18   |       -2914.74   |        -3.4444   |   12:40:32   |   00:01:10   |
10984       |       -2913.46   |       -2914.18   |       0.722938   |   12:40:40   |   00:01:06   |
10985       |       -2913.59   |       -2912.17   |       -1.42073   |   12:40:48   |   00:01:02   |
10986       |       -2918.44   |       -2916.73   |       -1.71876   |   12:42:21   |   00:00:58   |
10987       |       -2913.84   |        -2912.6   |       -1.24066   |   12:42:29   |   00:00:54   |
10988       |       -2912.09   |       -2910.64   |       -1.45418   |   12:42:37   |   00:00:49   |
10989       |       -2912.46   |       -2910.48   |       -1.97548   |   12:42:46   |   00:00:45   |
10990       |       -2912.46   |       -2910.48   |       -1.97548   |   12:42:54   |   00:00:41   |
10991       |       -2913.25   |       -2911.27   |        -1.9891   |   12:44:26   |   00:00:37   |
10992       |       -2912.16   |       -2910.18   |       -1.97655   |   12:44:34   |   00:00:33   |
10993       |       -2913.37   |       -2911.39   |       -1.97705   |   12:44:42   |   00:00:29   |
10994       |       -2913.26   |       -2911.36   |       -1.90135   |   12:44:50   |   00:00:25   |
10995       |       -2911.56   |       -2911.47   |     -0.0825412   |   12:44:58   |   00:00:20   |
10996       |       -2911.39   |       -2910.55   |      -0.846452   |   12:46:31   |   00:00:16   |
10997       |       -2913.16   |       -2911.81   |       -1.35229   |   12:46:39   |   00:00:12   |
10998       |       -2912.62   |       -2911.27   |       -1.34727   |   12:46:47   |   00:00:08   |
10999       |       -2914.77   |       -2914.46   |       -0.30815   |   12:46:55   |   00:00:04   |


Iter        |      Posterior   |     Likelihood   |          Prior   |    elapsed   |        ETA   |
----------------------------------------------------------------------------------------------------
11000       |       -2914.43   |       -2915.03   |       0.604535   |   12:47:03   |   00:00:00   |

                  Name                  | Param              |  Weight  |  Tried   | Accepted | Acc. Ratio| Parameters
===============================================================================================================================
Scaling                                  gamma                    2.0000      22090      10317      0.4670 lambda = 1.9267
Scaling                                  delta                    2.0000      21991      11448      0.5206 lambda = 1.6799
Scaling                                  rho                      2.0000      22014      11332      0.5148 lambda = 3.2003
Scaling                                  eta                      2.0000      21882      11036      0.5043 lambda = 2.1209
BetaSimplex                              relative_clado           3.0000      32888      13668      0.4156 alpha = 14.0491
ElementSwapSimplex                       relative_clado           1.0000      11190        745      0.0666 
Scaling                                  turnover                 1.0000      11028       3929      0.3563 lambda = 0.0954
UpDownScaling                            total_speciation         1.0000      10917       4544      0.4162 lambda = 0.3995

